pair_id,root_id,success_id,failure_id,arousal_success,arousal_failure,difference_success_minus_failure
p_1,t3_2ro9ux,t1_cnhplrm,t1_cnhqcwz,0.3919696969696969,0.40529761904761896,-0.01332792207792205
p_2,t3_2ro0ti,t1_cnhuxye,t1_cnhowj2,0.3961,0.4253023255813954,-0.029202325581395405
p_3,t3_2rnr30,t1_cni3o83,t1_cnhlmdo,0.504069105691057,0.5330706806282722,-0.029001574937215224
p_5,t3_2rnfn0,t1_cnigfd9,t1_cnhjtqq,0.46224772727272745,0.48445483870967726,-0.02220711143694981
p_6,t3_2rmy6e,t1_cnhc8a5,t1_cnhmkxc,0.41531168831168847,0.4340690376569037,-0.018757349345215224
p_7,t3_2rmy6e,t1_cnhjqws,t1_cnhmkxc,0.43839858490566047,0.4340690376569037,0.004329547248756782
p_11,t3_2rkzen,t1_cngw4hp,t1_cnhjlf9,0.4083666666666667,0.4462222222222223,-0.03785555555555559
p_12,t3_2rkjr3,t1_cngqb7p,t1_cnhhz9u,0.42319140625,0.3852959183673468,0.037895487882653234
p_13,t3_2rk7my,t1_cngooa8,t1_cngpiso,0.5666486486486487,0.5479821428571429,0.01866650579150586
p_14,t3_2rk7my,t1_cngoaq7,t1_cngoke7,0.5268571428571429,0.48742857142857154,0.03942857142857137
p_15,t3_2rgs7o,t1_cngkdic,t1_cnfu7mt,0.49976543209876534,0.4768809523809524,0.022884479717812933
p_18,t3_2rd7mg,t1_cnetiqi,t1_cnfbr75,0.4898990384615385,0.45241082802547755,0.03748821043606093
p_19,t3_2rd7mg,t1_cnethg8,t1_cnevo8r,0.4048928571428572,0.5036500000000002,-0.09875714285714293
p_20,t3_2rcsdh,t1_cneonwb,t1_cnerq8q,0.47476595744680844,0.44074725274725257,0.03401870469955587
p_21,t3_2rcsdh,t1_cnepre9,t1_cneta9f,0.42131538461538465,0.45770535714285715,-0.0363899725274725
p_22,t3_2rcsdh,t1_cnerrix,t1_cnerq8q,0.45358653846153857,0.44074725274725257,0.012839285714285997
p_24,t3_2rcpqy,t1_cnen833,t1_cneniy0,0.4515294117647058,0.37675000000000003,0.07477941176470576
p_25,t3_2rc3p3,t1_cnelqn6,t1_cnejze0,0.49020168067226905,0.4425402298850574,0.04766145078721162
p_26,t3_2rawgb,t1_cneyhn7,t1_cnerfm7,0.4785974842767296,0.44196415094339636,0.03663333333333324
p_28,t3_2r7f0g,t1_cnd8t6p,t1_cnd4xb4,0.5099833333333331,0.506037037037037,0.00394629629629617
p_29,t3_2r6fw9,t1_cnczhfc,t1_cncxwgs,0.3884893617021277,0.4142125,-0.02572313829787226
p_30,t3_2r6a86,t1_cncxf4c,t1_cncxj5i,0.5093251366120216,0.4784859154929577,0.030839221119063898
p_31,t3_2r6a86,t1_cncz7ep,t1_cnd1czm,0.5197871794871796,0.5015650224215247,0.018222157065654887
p_32,t3_2r6a86,t1_cncx9n7,t1_cnd9u6t,0.5385,0.5485434782608697,-0.01004347826086971
p_33,t3_2r5o9o,t1_cncqcjt,t1_cncwesf,0.40467741935483853,0.4111481481481482,-0.006470728793309677
p_34,t3_2r5o9o,t1_cncp4k9,t1_cncvoxh,0.4488749999999999,0.3838064516129033,0.06506854838709664
p_35,t3_2r5o9o,t1_cncqhhb,t1_cncpluh,0.42052941176470576,0.42012195121951224,0.0004074605451935276
p_36,t3_2r4u3k,t1_cncry40,t1_cncnikt,0.42741836734693883,0.4479685039370078,-0.02055013659006899
p_37,t3_2r4b8f,t1_cnch3ur,t1_cnchpr4,0.4544939516129029,0.4442400000000002,0.010253951612902712
p_38,t3_2r3fa4,t1_cnc4l6o,t1_cnc6h09,0.4539537037037039,0.45562068965517244,-0.0016669859514685248
p_39,t3_2r39y4,t1_cnc2apj,t1_cnc69pi,0.49336440677966087,0.4681842105263158,0.025180196253345055
p_41,t3_2r1qfw,t1_cnd3gva,t1_cnbpxtc,0.46844736842105267,0.4728684210526317,-0.004421052631579048
p_42,t3_2r1omi,t1_cnblplo,t1_cnblyk8,0.43183333333333335,0.45308000000000015,-0.021246666666666802
p_43,t3_2r1omi,t1_cnby5pl,t1_cnbl7tt,0.48835555555555576,0.5150909090909092,-0.02673535353535339
p_44,t3_2r17g1,t1_cnbjfmc,t1_cnbjh0e,0.48398529411764707,0.4751571428571429,0.00882815126050418
p_45,t3_2r0eyf,t1_cncjlq6,t1_cnb8f1r,0.4729880952380951,0.43490476190476185,0.03808333333333325
p_47,t3_2r07cv,t1_cnb5yjj,t1_cnbl2z0,0.4667727272727273,0.5072830188679246,-0.04051029159519731
p_50,t3_2qzudy,t1_cnb75td,t1_cnb72w5,0.443766129032258,0.4133392857142857,0.030426843317972296
p_51,t3_2qy21w,t1_cnaozch,t1_cnaxt0m,0.4397272727272728,0.509095238095238,-0.06936796536796525
p_52,t3_2qvzyh,t1_cna6cd3,t1_cna4m9p,0.4750666666666667,0.44939285714285715,0.025673809523809543
p_54,t3_2qu6fg,t1_cn9rm4s,t1_cn9jqcy,0.5303881578947367,0.5203205128205128,0.010067645074223863
p_55,t3_2qtorn,t1_cn9ejzb,t1_cn9ezot,0.5072696629213483,0.48166406250000005,0.025605600421348296
p_56,t3_2qslmz,t1_cn96gyu,t1_cn96797,0.4866804281345565,0.4961783625730998,-0.009497934438543298
p_57,t3_2qrlmm,t1_cn8uzj9,t1_cna3vcn,0.397537037037037,0.4485222222222222,-0.05098518518518519
p_58,t3_2qrlmm,t1_cn8va27,t1_cna3vcn,0.4745114285714286,0.4485222222222222,0.025989206349206373
p_59,t3_2qrbaf,t1_cn9b6ar,t1_cnajqzu,0.4368452380952383,0.4347371794871793,0.0021080586080589603
p_60,t3_2qr8gn,t1_cn8tm9p,t1_cn8zxwa,0.4665000000000002,0.441875,0.024625000000000175
p_61,t3_2qr8gn,t1_cn9b5po,t1_cn8tfsm,0.4644999999999999,0.46399230769230754,0.0005076923076923756
p_62,t3_2qqxoy,t1_cn8oez8,t1_cn8o8sq,0.4669878048780487,0.4812941176470588,-0.014306312769010121
p_63,t3_2qqa7z,t1_cn8hti0,t1_cn8hi2i,0.4711557971014491,0.49718124999999985,-0.02602545289855074
p_64,t3_2qnzap,t1_cn7zx81,t1_cn7wwbo,0.5014505494505496,0.47657142857142853,0.02487912087912103
p_65,t3_2qnzap,t1_cn7x1ic,t1_cn7zlhv,0.5062727272727273,0.47040909090909083,0.035863636363636486
p_66,t3_2qnu4z,t1_cn7xcvt,t1_cn8idg6,0.4681470588235297,0.4656700000000002,0.002477058823529499
p_67,t3_2qnu4z,t1_cn7wrhe,t1_cn8idg6,0.45696249999999994,0.4656700000000002,-0.008707500000000257
p_68,t3_2qncj3,t1_cn7tqy5,t1_cn7wgim,0.4859690265486727,0.47630254777070075,0.009666478777971943
p_73,t3_2qia6o,t1_cn7l5g4,t1_cn6ogzo,0.5017927927927927,0.45251898734177226,0.04927380545102039
p_72,t3_2qia6o,t1_cn6rxow,t1_cn6ot0g,0.46181510416666643,0.44071179039301295,0.021103313773653487
p_74,t3_2qgpie,t1_cn620d0,t1_cn5z7c0,0.44331587837837844,0.4728888888888887,-0.029573010510510256
p_77,t3_2qc1rl,t1_cn5sqpz,t1_cn50cq3,0.4948043478260871,0.4730650000000001,0.021739347826086997
p_80,t3_2qaf6l,t1_cn4h6d8,t1_cn4ba9v,0.4591294642857144,0.4403350515463918,0.018794412739322586
p_81,t3_2q9fkx,t1_cn46e20,t1_cn4ebjb,0.40838586956521755,0.40925200000000006,-0.0008661304347825083
p_83,t3_2q6x54,t1_cn3lhe7,t1_cn3f94v,0.4535795454545454,0.4363095238095238,0.01727002164502156
p_84,t3_2q6k6o,t1_cn3clj6,t1_cn3c0uh,0.5284596774193548,0.5153006756756756,0.013159001743679233
p_85,t3_2q6816,t1_cn3a5px,t1_cn38xe9,0.4028910256410255,0.47907462686567165,-0.07618360122464612
p_86,t3_2q6816,t1_cn3875x,t1_cn3b495,0.3850909090909091,0.429051724137931,-0.04396081504702193
p_90,t3_2q388d,t1_cn2e530,t1_cn2pyft,0.5511636363636364,0.5222906976744186,0.02887293868921781
p_91,t3_2q388d,t1_cn2eaqu,t1_cn2pyft,0.553234375,0.5222906976744186,0.030943677325581342
p_92,t3_2q388d,t1_cn2re9b,t1_cn2pyft,0.4983073394495413,0.5222906976744186,-0.023983358224877294
p_93,t3_2q388d,t1_cn2e6rz,t1_cn2j7o1,0.48769565217391314,0.5662380952380952,-0.07854244306418207
p_94,t3_2q2cxc,t1_cn28of2,t1_cn2g775,0.4611720430107528,0.47614052287581704,-0.014968479865064221
p_96,t3_2q0dpm,t1_cn1ti5g,t1_cn1p49g,0.44655405405405413,0.45530612244897956,-0.008752068394925427
p_101,t3_2pxqz4,t1_cn13ybe,t1_cn0y99z,0.5180689655172415,0.452092105263158,0.06597686025408345
p_98,t3_2pxqz4,t1_cn11dcw,t1_cn0y99z,0.4769193548387097,0.452092105263158,0.024827249575551658
p_99,t3_2pxqz4,t1_cn0znyb,t1_cn0y99z,0.47250819672131167,0.452092105263158,0.02041609145815365
p_100,t3_2pxqz4,t1_cn11u7e,t1_cn12dq3,0.4634953271028037,0.4811612903225807,-0.01766596321977698
p_103,t3_2pww37,t1_cn0q1m7,t1_cn0vhkj,0.4824122807017545,0.50105,-0.01863771929824548
p_105,t3_2pt2b2,t1_cmztgqz,t1_cmzvst5,0.4681854838709678,0.47893125000000014,-0.01074576612903233
p_106,t3_2pt2b2,t1_cmzx0i4,t1_cmzv05o,0.4650800000000001,0.48309374999999993,-0.01801374999999983
p_107,t3_2ps2mr,t1_cmzhxux,t1_cmzyju1,0.46206666666666685,0.46923696682464466,-0.007170300157977816
p_108,t3_2pqfx4,t1_cmzmqbt,t1_cmz3fhx,0.46067307692307696,0.4668124999999999,-0.006139423076922945
p_109,t3_2ppxgu,t1_cmz3fxo,t1_cmz3hz0,0.45081140350877186,0.4509824561403508,-0.00017105263157896067
p_110,t3_2pp7pp,t1_cmyupjh,t1_cmyxcrc,0.45594029850746254,0.4493567362428846,0.006583562264577958
p_112,t3_2pnm9s,t1_cmytc0t,t1_cmycunf,0.4551974789915968,0.5262377049180329,-0.0710402259264361
p_114,t3_2pm08t,t1_cmxwzlp,t1_cmxwyti,0.43959810126582266,0.4247450980392155,0.014853003226607153
p_116,t3_2pjmrj,t1_cmxddb6,t1_cmxj3jh,0.45302124645892355,0.4833888888888888,-0.030367642429965258
p_117,t3_2pjbkm,t1_cmx7wpk,t1_cmx81vs,0.45821078431372547,0.42938613861386127,0.028824645699864204
p_119,t3_2pjbkm,t1_cmx86kb,t1_cmx81vs,0.45977705627705623,0.42938613861386127,0.03039091766319496
p_118,t3_2pjbkm,t1_cmx7tet,t1_cmx7r0l,0.46380597014925357,0.42689393939393944,0.03691203075531413
p_120,t3_2pimzj,t1_cmx2c61,t1_cmy635r,0.4661857142857143,0.43916513761467885,0.027020576671035468
p_122,t3_2phwfa,t1_cmwy98c,t1_cmwvzit,0.5267016129032258,0.4964230769230768,0.030278535980149013
p_123,t3_2pfatz,t1_cmw8af0,t1_cmw5dme,0.43419841269841275,0.4106935483870967,0.023504864311316043
p_124,t3_2pf19b,t1_cmw30ng,t1_cmw5vwc,0.4928418803418801,0.45267156862745095,0.04017031171442914
p_125,t3_2pb90y,t1_cmw6nes,t1_cmv8x0x,0.44046,0.4422499999999999,-0.0017899999999999028
p_126,t3_2pata1,t1_cmuzv8n,t1_cmuzku3,0.4826406250000001,0.45206329113924054,0.03057733386075956
p_128,t3_2pata1,t1_cmv1bja,t1_cmuzw1v,0.48132222222222204,0.4443389830508475,0.03698323917137453
p_129,t3_2pata1,t1_cmv1kvh,t1_cmuzw1v,0.5222307692307694,0.4443389830508475,0.07789178617992187
p_130,t3_2paiy7,t1_cmuuepa,t1_cmuuubv,0.5328181818181819,0.5410357142857143,-0.008217532467532429
p_132,t3_2pa8qe,t1_cmvck77,t1_cmuygdo,0.47128169014084514,0.4693289473684211,0.001952742772424021
p_134,t3_2p8w9e,t1_cmuem3l,t1_cmuesb3,0.4595606060606061,0.49700925925925926,-0.03744865319865315
p_135,t3_2p8d3m,t1_cmub3xl,t1_cmuaujo,0.52625,0.4693478260869565,0.056902173913043474
p_140,t3_2p3d0h,t1_cmsyikr,t1_cmt2dzd,0.440975,0.43881249999999994,0.002162500000000067
p_141,t3_2p3d0h,t1_cmszlym,t1_cmszanf,0.5008482142857144,0.48639495798319327,0.01445325630252109
p_144,t3_2p11bw,t1_cmsf46p,t1_cmsib92,0.49704054054054064,0.5023783783783784,-0.0053378378378377556
p_145,t3_2p0xu8,t1_cmsgy2p,t1_cmsbh89,0.4742070312500002,0.48825641025641037,-0.014049379006410179
p_148,t3_2ox2nh,t1_cmrepwp,t1_cms5gvq,0.432504854368932,0.4320197368421056,0.0004851175268263952
p_149,t3_2ox2nh,t1_cmrgr22,t1_cms5gvq,0.4349714285714285,0.4320197368421056,0.002951691729322914
p_151,t3_2ouj9f,t1_cmqnl31,t1_cmqrfg1,0.4270163043478263,0.47182075471698126,-0.04480445036915498
p_153,t3_2ottrr,t1_cmqmfx7,t1_cmqnqbl,0.4916390728476821,0.4572976190476189,0.034341453800063204
p_155,t3_2osnqc,t1_cmqhv5l,t1_cmresyd,0.45645786516853953,0.43849999999999995,0.01795786516853959
p_157,t3_2orfda,t1_cmpt6sy,t1_cmpxkl7,0.5280491228070174,0.4622528089887641,0.06579631381825335
p_158,t3_2opfa2,t1_cmpp5ft,t1_cmpbzl7,0.4586388888888889,0.46431818181818185,-0.005679292929292978
p_159,t3_2opfa2,t1_cmpb0pv,t1_cmpbzl7,0.4814761904761905,0.46431818181818185,0.01715800865800865
p_162,t3_2ook4i,t1_cmp3ql5,t1_cmp6pe7,0.501446564885496,0.49791379310344824,0.00353277178204775
p_163,t3_2ook4i,t1_cmp3sav,t1_cmp6pe7,0.415953947368421,0.49791379310344824,-0.08195984573502724
p_164,t3_2oo3qw,t1_cmp0nen,t1_cmoz1u8,0.48950615384615426,0.472927807486631,0.016578346359523266
p_165,t3_2onx4o,t1_cmpcp85,t1_cmowl2j,0.47997368421052633,0.4797407407407406,0.0002329434697857513
p_166,t3_2olm34,t1_cmogsmw,t1_cmobov1,0.4694473684210525,0.464766129032258,0.0046812393887945
p_167,t3_2okzs7,t1_cmo88eb,t1_cmo4r1b,0.4590662251655631,0.5034305555555556,-0.04436433038999249
p_168,t3_2okzs7,t1_cmobl8p,t1_cmo50pz,0.4723139534883724,0.4465539906103286,0.02575996287804383
p_170,t3_2okad4,t1_cmo23yr,t1_cmo8tg2,0.42262149532710275,0.45503968253968247,-0.03241818721257972
p_171,t3_2okad4,t1_cmo8ojn,t1_cmoaise,0.4297499999999999,0.4627321428571427,-0.03298214285714279
p_172,t3_2oj6fq,t1_cmnogog,t1_cmnorxs,0.4740220994475139,0.4570151515151515,0.017006947932362404
p_173,t3_2oihml,t1_cmnhr07,t1_cmnhhi8,0.4507796610169492,0.4793617021276596,-0.028582041110710388
p_176,t3_2od6s9,t1_cmm80hm,t1_cmm6iu4,0.6093500000000002,0.5304333333333334,0.07891666666666675
p_177,t3_2o6paa,t1_cmkar1d,t1_cmk90wu,0.4168597122302158,0.45595333333333327,-0.03909362110311748
p_178,t3_2o66aa,t1_cmktxrs,t1_cmkb48q,0.4612822085889571,0.4172916666666666,0.04399054192229046
p_179,t3_2o3imb,t1_cmjfisw,t1_cmjf4wj,0.5064666666666666,0.517175,-0.01070833333333343
p_180,t3_2o2kga,t1_cmj4gzw,t1_cmj4j7t,0.4221449275362319,0.4538380952380952,-0.03169316770186331
p_182,t3_2o0cgz,t1_cmijvd2,t1_cmj6omn,0.43223170731707317,0.47069318181818187,-0.038461474501108706
p_184,t3_2nzz4f,t1_cmig3tq,t1_cmigugj,0.4923262711864406,0.511504347826087,-0.01917807663964638
p_185,t3_2nzz4f,t1_cmig8jp,t1_cmigugj,0.5037972972972974,0.511504347826087,-0.007707050528789616
p_188,t3_2nycpk,t1_cmi2cok,t1_cmi07y5,0.5015348837209302,0.45047142857142863,0.05106345514950161
p_189,t3_2nycpk,t1_cmi0pj8,t1_cmi1upk,0.4527740384615385,0.45844758064516156,-0.005673542183623037
p_192,t3_2nvoj9,t1_cmhbmic,t1_cmhh0hd,0.44502499999999995,0.42746875,0.01755624999999994
p_194,t3_2nurqb,t1_cmhj4k1,t1_cmh25d1,0.4839856115107913,0.48280232558139546,0.0011832859293958164
p_197,t3_2ns94k,t1_cmge1ce,t1_cmgdr4w,0.496425,0.476,0.020425000000000026
p_201,t3_2nn1t8,t1_cmf6dis,t1_cmf9lck,0.538891304347826,0.5003294117647058,0.03856189258312015
p_203,t3_2nlqpd,t1_cmep4vb,t1_cmescql,0.40954545454545455,0.4379891304347826,-0.028443675889328057
p_204,t3_2njpov,t1_cme8uee,t1_cme7zu7,0.4927681159420291,0.5320625000000001,-0.03929438405797103
p_207,t3_2nhvh5,t1_cme6tfj,t1_cme00q3,0.5298968253968254,0.5498435754189945,-0.01994675002216917
p_208,t3_2nfgyu,t1_cmd8966,t1_cmdakad,0.4614435483870968,0.5181250000000001,-0.05668145161290328
p_210,t3_2nfgyu,t1_cmdtb2g,t1_cmdla4k,0.4551697154471544,0.4531973684210527,0.0019723470261017173
p_211,t3_2neyur,t1_cmd1tqr,t1_cmd1oh5,0.47902027027027033,0.5253353658536586,-0.046315095583388255
p_212,t3_2nejw6,t1_cmcw398,t1_cmcx4w0,0.4033819444444444,0.403375,6.944444444434428e-06
p_213,t3_2ndhkz,t1_cmd8rka,t1_cmco92x,0.4636195652173914,0.466546153846154,-0.0029265886287626053
p_214,t3_2nccrb,t1_cmcdwlz,t1_cmcd35f,0.45393181818181816,0.4298796296296296,0.024052188552188547
p_215,t3_2nbz5b,t1_cmca2tl,t1_cmcmvds,0.502175925925926,0.4508320610687021,0.051343864857223864
p_218,t3_2nbeuf,t1_cmcfhk8,t1_cmc4eif,0.44974324324324344,0.46436206896551724,-0.014618825722273798
p_217,t3_2nbeuf,t1_cmcdl7k,t1_cmcs0t1,0.4936212121212121,0.41484375,0.07877746212121212
p_222,t3_2n8psp,t1_cmbkvaw,t1_cmbempi,0.4442370689655171,0.4647574257425744,-0.02052035677705727
p_224,t3_2n8psp,t1_cmbnpay,t1_cmbzbs2,0.4575481481481479,0.475576512455516,-0.018028364307368094
p_225,t3_2n8psp,t1_cmc2p7e,t1_cmbi6o3,0.44391503267973836,0.5045918367346939,-0.06067680405495551
p_226,t3_2n6s5w,t1_cmav500,t1_cmax5qt,0.4624473684210525,0.4488939393939392,0.013553429027113317
p_227,t3_2n4aay,t1_cmac7sf,t1_cma6qfq,0.4913125,0.47355405405405415,0.017758445945945833
p_229,t3_2n2wu5,t1_cm9u4m0,t1_cm9uau6,0.4428636363636363,0.45485555555555535,-0.011991919191919054
p_230,t3_2mzkhr,t1_cm931kl,t1_cm92k7o,0.4373539325842697,0.46915217391304354,-0.031798241328773846
p_232,t3_2mw3l4,t1_cm83s8f,t1_cm875yc,0.4714729729729729,0.5229666666666668,-0.05149369369369389
p_234,t3_2mv3n4,t1_cm83yv8,t1_cm805jt,0.4920450310559009,0.4783398692810459,0.013705161774855035
p_236,t3_2mr590,t1_cm6tqwt,t1_cm6umtg,0.4814324324324324,0.5473,-0.06586756756756762
p_237,t3_2mqzo8,t1_cm6skkb,t1_cm6usez,0.4562016129032256,0.4563478260869565,-0.0001462131837309255
p_238,t3_2mqujn,t1_cm7jdj2,t1_cm6wgd3,0.4971764705882353,0.48710273972602763,0.010073730862207642
p_239,t3_2mq7ib,t1_cm6ltar,t1_cm6oe3f,0.42057500000000003,0.4488958333333333,-0.028320833333333295
p_240,t3_2mptvb,t1_cm6m7jr,t1_cm6q0wq,0.47796518987341763,0.4676743772241994,0.010290812649218217
p_241,t3_2mo4fl,t1_cm613kx,t1_cm5zuuo,0.48143846153846154,0.474046875,0.007391586538461559
p_242,t3_2mnthx,t1_cm5xikh,t1_cm660yf,0.46019718309859153,0.49064090909090924,-0.030443725992317705
p_245,t3_2mnthx,t1_cm627rv,t1_cm660yf,0.46080000000000004,0.49064090909090924,-0.029840909090909196
p_246,t3_2mnpdh,t1_cm6nlky,t1_cm65r7g,0.5202375000000001,0.4308173652694612,0.08942013473053895
p_248,t3_2mm2dl,t1_cm5j6hr,t1_cm5iqtr,0.48964830508474577,0.5479999999999999,-0.05835169491525416
p_247,t3_2mm2dl,t1_cm5ikfo,t1_cm5imes,0.5100086206896551,0.47822222222222205,0.031786398467433086
p_249,t3_2mlvww,t1_cm5gv0j,t1_cm5fmvt,0.43321428571428583,0.4615689655172414,-0.028354679802955585
p_250,t3_2mikc0,t1_cm4o1vc,t1_cm4l9f4,0.4485664556962021,0.44659259259259243,0.0019738631036096965
p_251,t3_2mfr85,t1_cm3vvc3,t1_cm3xij2,0.47606874999999993,0.45017213114754095,0.025896618852458975
p_252,t3_2mfr85,t1_cm3wzw1,t1_cm3s6tg,0.432280575539568,0.5104313725490196,-0.0781507970094516
p_255,t3_2mczo6,t1_cm330i1,t1_cm36hij,0.4368599999999999,0.44083333333333335,-0.00397333333333344
p_257,t3_2m9le3,t1_cm2e6er,t1_cm31flt,0.4431908396946563,0.4519352941176474,-0.0087444544229911
p_258,t3_2m9le3,t1_cm2g5du,t1_cm31flt,0.4778417085427136,0.4519352941176474,0.025906414425066193
p_259,t3_2m9ifg,t1_cm26bmh,t1_cm2cio0,0.41564285714285715,0.41689285714285723,-0.0012500000000000844
p_260,t3_2m5248,t1_cm11puj,t1_cm1w5lh,0.3665735294117647,0.4064375,-0.03986397058823532
p_261,t3_2m34jb,t1_cm0licf,t1_cm0sbmk,0.44996253602305486,0.5019923954372624,-0.05202985941420751
p_262,t3_2lzrmg,t1_clzo5rz,t1_clzn6zp,0.49005223880597026,0.4705609756097562,0.01949126319621408
p_263,t3_2lzrmg,t1_clzq2xu,t1_clzow1h,0.44356842105263145,0.4817894736842107,-0.038221052631579266
p_264,t3_2lzhcj,t1_clzk61h,t1_clzmzlv,0.3969444444444444,0.4501363636363635,-0.053191919191919124
p_265,t3_2lxha7,t1_clz4fjz,t1_clz6u94,0.4746297468354428,0.4886346153846154,-0.0140048685491726
p_266,t3_2lxha7,t1_clz6dii,t1_clz2zlh,0.4716256157635473,0.45729268292682934,0.014332932836717938
p_267,t3_2lxha7,t1_clz6jmw,t1_clz6u94,0.48271875000000014,0.4886346153846154,-0.005915865384615249
p_268,t3_2lwzlt,t1_clyyqcm,t1_clyz82q,0.4640603448275862,0.4342928571428572,0.029767487684728977
p_269,t3_2lwzlt,t1_clz3eem,t1_clyzhrn,0.46213532110091793,0.4181780821917809,0.04395723890913705
p_270,t3_2lwv67,t1_clywrsu,t1_clywnxb,0.4647037037037037,0.46881249999999985,-0.00410879629629618
p_272,t3_2lvdpt,t1_clykbog,t1_clyi7eq,0.5235461538461538,0.5439183673469385,-0.020372213500784775
p_274,t3_2lvano,t1_clyh39w,t1_clyhfb1,0.389948275862069,0.40186363636363637,-0.011915360501567385
p_275,t3_2luhkp,t1_clyejs2,t1_clyfg14,0.4640526315789472,0.5100208333333334,-0.04596820175438615
p_277,t3_2ls0mt,t1_clxsuzu,t1_clxs28i,0.4865806451612901,0.5175547945205482,-0.030974149359258074
p_278,t3_2lrnbm,t1_clxhtmt,t1_clxl2fj,0.4516014492753623,0.42972727272727274,0.02187417654808954
p_279,t3_2lqmp9,t1_clxaoqd,t1_clxmady,0.5300777777777778,0.5004318181818181,0.029645959595959614
p_283,t3_2lorq2,t1_clwr4fw,t1_clwvc1q,0.5396043165467627,0.4800509554140126,0.05955336113275006
p_286,t3_2lo786,t1_clwsiei,t1_clwl8yv,0.45319565217391306,0.4515531914893619,0.0016424606845511502
p_287,t3_2lo786,t1_clwrur8,t1_clwvtrz,0.4683387096774193,0.48686046511627906,-0.018521755438859755
p_289,t3_2llfy2,t1_clvxvqf,t1_clvyf5z,0.4605384615384615,0.43782352941176467,0.02271493212669684
p_288,t3_2llfy2,t1_clvxvbb,t1_clvyf5z,0.4553529411764706,0.43782352941176467,0.01752941176470596
p_290,t3_2ljn6y,t1_clvf7hk,t1_clvgued,0.4494736842105264,0.5494705882352942,-0.09999690402476774
p_291,t3_2ljn6y,t1_clvf3sn,t1_clvg96j,0.4714188034188036,0.4584701492537313,0.012948654165072293
p_293,t3_2lhzxl,t1_cluxxzr,t1_cluy5d5,0.494265625,0.4331413043478261,0.06112432065217388
p_294,t3_2lhzxl,t1_cluy594,t1_cluzvgm,0.470120253164557,0.4893854166666667,-0.01926516350210966
p_296,t3_2le6r2,t1_cltxkan,t1_cltxdco,0.49119411764705867,0.48946938775510207,0.0017247298919566
p_298,t3_2ldsgu,t1_cltyfh2,t1_cltt3fn,0.46196875000000015,0.4680833333333333,-0.006114583333333146
p_302,t3_2l9paa,t1_clspte1,t1_clsvj5h,0.4747733333333335,0.5071212121212121,-0.03234787878787859
p_303,t3_2l6x4s,t1_cls2ahn,t1_cls2eiw,0.5536666666666666,0.4695166666666665,0.08415000000000011
p_305,t3_2l6s0m,t1_cls56tt,t1_cls5hqx,0.43606164383561635,0.45463862928348897,-0.018576985447872618
p_306,t3_2l3xj1,t1_clrpq69,t1_clrfe8c,0.5167608695652173,0.48478947368421066,0.031971395881006615
p_307,t3_2kypt8,t1_clpvnyi,t1_clpvnbz,0.41186666666666666,0.43931521739130436,-0.0274485507246377
p_308,t3_2kypt8,t1_clpwjwi,t1_clpzajn,0.41953086419753094,0.4477777777777777,-0.02824691358024678
p_309,t3_2kx0t8,t1_clphwg9,t1_clpl2cj,0.529109375,0.5008541666666667,0.02825520833333328
p_311,t3_2kuu7n,t1_clp4w50,t1_cloyjd8,0.49200694444444426,0.47733458646616533,0.014672357978278927
p_310,t3_2kuu7n,t1_clp4b7x,t1_clp3n3x,0.5068664596273291,0.4891355140186917,0.017730945608637416
p_313,t3_2kqfel,t1_clnulai,t1_clntjxy,0.5074428571428573,0.4539545454545454,0.05348831168831192
p_314,t3_2kqfel,t1_clnttl9,t1_clomsf7,0.43532278481012654,0.43316019417475726,0.002162590635369277
p_315,t3_2kose9,t1_clnb50a,t1_clnb6hg,0.45092436974789896,0.4249333333333331,0.02599103641456585
p_316,t3_2ko5tx,t1_cln523m,t1_cln4fit,0.40268749999999986,0.4122833333333333,-0.009595833333333414
p_318,t3_2kkqbm,t1_clmbeod,t1_clm9hyb,0.460901098901099,0.46400974025974023,-0.003108641358641251
p_319,t3_2kko3q,t1_clm9cj5,t1_clmew0k,0.5073850574712644,0.4944054054054055,0.012979652065858882
p_322,t3_2kko3q,t1_clmb52s,t1_clm9cuo,0.4686950354609929,0.4568670411985019,0.011827994262490982
p_324,t3_2kk7pc,t1_clm4luc,t1_clm2hsa,0.5738092783505157,0.5785957446808511,-0.004786466330335415
p_325,t3_2kgrtb,t1_cll64ro,t1_cll7z9y,0.43774999999999975,0.435186274509804,0.002563725490195734
p_326,t3_2kgrtb,t1_cll6vkk,t1_cll7z9y,0.4609622641509433,0.435186274509804,0.025775989641139307
p_328,t3_2kdqq8,t1_clkkhs8,t1_clktv9z,0.463922018348624,0.5046363636363637,-0.04071434528773965
p_330,t3_2kcnzq,t1_clk2ygk,t1_clk0kv6,0.50435,0.5012837837837839,0.0030662162162160556
p_331,t3_2kacra,t1_cljftmb,t1_cljqwum,0.4789210526315788,0.5086018518518519,-0.029680799220273113
p_332,t3_2ka7la,t1_cljglg2,t1_cljepyl,0.6077714285714285,0.5094772727272726,0.0982941558441559
p_333,t3_2k7hdx,t1_clirc4j,t1_clio0tt,0.4116590909090909,0.4740875,-0.062428409090909076
p_334,t3_2k6r90,t1_clih2os,t1_clih4bd,0.4603021276595746,0.44599431818181845,0.014307809477756173
p_335,t3_2k6r90,t1_clij0jm,t1_clih4bd,0.45379475308641964,0.44599431818181845,0.0078004349046011945
p_336,t3_2k6r90,t1_cliklzw,t1_cligqv5,0.4434130434782608,0.4301084905660377,0.0133045529122231
p_337,t3_2k6r90,t1_clifxg1,t1_cligjkm,0.37770491803278694,0.3752631578947369,0.002441760138050031
p_338,t3_2k6gif,t1_clicob1,t1_clifs1j,0.5575970149253732,0.5141390977443611,0.04345791718101211
p_339,t3_2k4hym,t1_clhtpwj,t1_clhv3j1,0.47694936708860763,0.4552073170731708,0.02174205001543683
p_340,t3_2k49mm,t1_clhusz2,t1_clhupbu,0.4645728155339807,0.4872105263157895,-0.022637710781808762
p_341,t3_2k3k0f,t1_clhk37s,t1_clhkbr9,0.49932499999999985,0.458111111111111,0.04121388888888883
p_342,t3_2k3k0f,t1_clhqb2i,t1_clhkbr9,0.43549999999999994,0.458111111111111,-0.022611111111111082
p_343,t3_2k38kl,t1_clhr282,t1_clhhr4x,0.5033222222222221,0.37729166666666675,0.12603055555555537
p_344,t3_2k36w0,t1_clhgvwv,t1_cli2kib,0.4476136363636364,0.44175555555555557,0.005858080808080812
p_345,t3_2k36w0,t1_cli8oco,t1_clhjrth,0.4170883027522938,0.4520038167938931,-0.034915514041599316
p_346,t3_2k2szz,t1_clhdjlr,t1_clhg601,0.5212647058823529,0.4524375,0.06882720588235286
p_347,t3_2k1utj,t1_clh4smk,t1_clh4kow,0.48378846153846145,0.531225,-0.0474365384615385
p_348,t3_2k1utj,t1_clh4t7a,t1_clhgd1b,0.45823943661971817,0.533826923076923,-0.07558748645720487
p_349,t3_2k1utj,t1_clhb9mi,t1_clh4kow,0.4544565217391304,0.531225,-0.07676847826086952
p_351,t3_2k1puo,t1_clh63i4,t1_clh5f05,0.5446824324324325,0.534711111111111,0.009971321321321502
p_352,t3_2k1puo,t1_clh65uf,t1_clhvr2d,0.46116526610644265,0.5061085271317831,-0.044943261025340464
p_353,t3_2k1puo,t1_clh65j4,t1_clhvr2d,0.4501829268292683,0.5061085271317831,-0.05592560030251481
p_354,t3_2k1puo,t1_cli979e,t1_clhkzsx,0.4571949152542373,0.45003260869565226,0.007162306558585019
p_355,t3_2k19cr,t1_clgz4c8,t1_clh5opp,0.4893928571428571,0.4212380952380953,0.06815476190476177
p_357,t3_2k19cr,t1_clgz8mq,t1_clh4fvz,0.4687680412371132,0.4761272727272727,-0.00735923149015949
p_358,t3_2k17kl,t1_clhphu8,t1_clgytu5,,0.448078125,
p_359,t3_2k16fy,t1_clh464b,t1_clh7dae,0.4632241379310344,0.45419791666666653,0.009026221264367862
p_360,t3_2k0t4m,t1_clh2kiw,t1_cliiz93,0.4535631578947367,0.504560606060606,-0.05099744816586932
p_362,t3_2k08pw,t1_clgrnar,t1_clgppqb,0.48194010416666666,0.5092800000000001,-0.027339895833333405
p_367,t3_2jvv3h,t1_clfmf4m,t1_clfkc2t,0.4543571428571429,0.45594186046511637,-0.0015847176079734626
p_368,t3_2jug85,t1_clf92x6,t1_clfbqwz,0.4531615384615385,0.4657631578947367,-0.012601619433198208
p_369,t3_2jug85,t1_clf7frm,t1_clffyeo,0.45244202898550717,0.422952830188679,0.029489198796828153
p_370,t3_2ju07o,t1_clf6o33,t1_clf2f0m,0.5032714285714288,0.44307831325301217,0.060193115318416646
p_371,t3_2jtpcj,t1_clf007u,t1_clf0si6,0.4548812949640286,0.4500555555555556,0.004825739408473029
p_372,t3_2jr2px,t1_clec1be,t1_clefsfa,0.45881914893617004,0.46072388059701497,-0.0019047316608449272
p_373,t3_2jpazx,t1_cldtopl,t1_cldtw4w,0.5177113402061857,0.4497216494845359,0.06798969072164979
p_374,t3_2jp9x4,t1_cldt2z1,t1_cldu76n,0.4529347826086956,0.42420754716981135,0.028727235438884224
p_375,t3_2jp9x4,t1_clekeze,t1_clegi91,0.46855445544554475,0.4211847826086956,0.047369672836849175
p_378,t3_2jk5tw,t1_clciqy4,t1_clcualb,0.44875287356321847,0.41410606060606064,0.034646812957157824
p_380,t3_2jk4dx,t1_clcyeh9,t1_clcuzkf,0.47135144927536227,0.42675,0.04460144927536225
p_382,t3_2jgtvo,t1_clbpx86,t1_clbm2rj,0.48724999999999996,0.4846000000000001,0.0026499999999998747
p_383,t3_2jd1e2,t1_clal24g,t1_clanf9e,0.47839108910891115,0.44843333333333335,0.0299577557755778
p_384,t3_2jd1e2,t1_clarvlb,t1_clanf9e,0.4638926701570678,0.44843333333333335,0.01545933682373446
p_385,t3_2jd1e2,t1_claktmk,t1_clanf9e,0.43757462686567156,0.44843333333333335,-0.010858706467661794
p_387,t3_2jaz9o,t1_claaior,t1_cla6j13,0.44401190476190483,0.44858333333333333,-0.004571428571428504
p_388,t3_2jalt8,t1_clawz3s,t1_cla00dw,0.43020270270270283,0.44013636363636366,-0.009933660933660826
p_389,t3_2jalrh,t1_cl9xfk4,t1_cl9zbqs,0.48529670329670327,0.479695652173913,0.005601051122790246
p_390,t3_2jaiv1,t1_cl9wvir,t1_cl9x4n6,0.4898682170542638,0.4758823529411766,0.01398586411308722
p_391,t3_2j7xhu,t1_cl97sqh,t1_cl96t4g,0.5173249999999999,0.4657333333333334,0.051591666666666536
p_394,t3_2j7gwy,t1_cl96wx9,t1_cl9fm82,0.44598275862068976,0.4373312499999999,0.008651508620689863
p_395,t3_2j7gwy,t1_cl9cn39,t1_cl9dn9l,0.43884090909090906,0.4290874999999999,0.00975340909090916
p_396,t3_2j7d65,t1_cl91nh6,t1_cl91k1d,0.4483879310344828,0.4224814814814814,0.02590644955300142
p_398,t3_2j6t16,t1_cl92lzn,t1_cl97wok,0.5338562499999997,0.5114818840579711,0.022374365942028573
p_400,t3_2j5jvu,t1_cl9bkpg,t1_cl8o6tc,0.4299350180505414,0.4760461538461539,-0.04611113579561249
p_403,t3_2j3b5u,t1_cl80w0h,t1_cl8gnj4,0.5025851063829787,0.4702916666666667,0.03229343971631199
p_407,t3_2j3b5u,t1_cl8dhjd,t1_cl85v1i,0.48184536082474244,0.47455789473684207,0.007287466087900374
p_406,t3_2j3b5u,t1_cl89ycu,t1_cl85v1i,0.4577295081967215,0.47455789473684207,-0.016828386540120588
p_408,t3_2j3aav,t1_cl840b4,t1_cl849y1,0.47416923076923084,0.5205,-0.04633076923076912
p_409,t3_2j28la,t1_cl7q1dy,t1_cl858g0,0.42270754716981135,0.45859259259259266,-0.035885045422781314
p_410,t3_2j28la,t1_cl7p4at,t1_cl83vyl,0.4657928571428571,0.555858490566038,-0.09006563342318086
p_411,t3_2j28la,t1_cl7ri4n,t1_cl858g0,0.4351320754716982,0.45859259259259266,-0.023460517120894475
p_412,t3_2j28la,t1_cl81bji,t1_cl858g0,0.44977150537634436,0.45859259259259266,-0.008821087216248302
p_413,t3_2j196u,t1_cl7nh5y,t1_cl7qbkn,0.5297298136645959,0.5474401197604789,-0.017710306095882977
p_415,t3_2izt1m,t1_cl7icjq,t1_cl7elqy,0.5095301724137932,0.5094649122807019,6.526013309127165e-05
p_416,t3_2izt1m,t1_cl7sekd,t1_cl75zb3,0.5040965909090912,0.49361881188118806,0.010477779027903145
p_418,t3_2izjkk,t1_cl6xo3s,t1_cl74g9q,0.4199296874999999,0.43739285714285714,-0.017463169642857213
p_419,t3_2izjkk,t1_cl6ygkg,t1_cl6xy7n,0.4632635869565214,0.47558116883116913,-0.01231758187464771
p_420,t3_2izeqi,t1_cl6wpkg,t1_cl6w17t,0.48749375000000034,0.5043426966292135,-0.016848946629213157
p_422,t3_2ixmih,t1_cl6muq9,t1_cl6mipr,0.47850273224043677,0.5196808510638297,-0.041178118823392895
p_423,t3_2ixmih,t1_cl6ozsr,t1_cl6o7jv,0.5106016042780748,0.5155578947368421,-0.004956290458767332
p_427,t3_2ixatz,t1_cl8dw9u,t1_cl6g9da,0.4791851851851851,0.4372875939849627,0.041897591200222406
p_425,t3_2ixatz,t1_cl6fauf,t1_cl6z31r,0.47919620253164563,0.5216470588235296,-0.04245085629188394
p_426,t3_2ixatz,t1_cl6iqft,t1_cl6gf5b,0.5468970588235295,0.55109375,-0.0041966911764705905
p_428,t3_2iwzsp,t1_cl6ay84,t1_cl6c988,0.4764749999999999,0.48498717948717956,-0.008512179487179639
p_429,t3_2iwzsp,t1_cl6bhfy,t1_cl6c988,0.46769736842105264,0.48498717948717956,-0.017289811066126926
p_430,t3_2iwveo,t1_cl6b8u3,t1_cl69lxd,0.45546373056994804,0.41771,0.03775373056994802
p_431,t3_2iwveo,t1_cl800qa,t1_cl69lxd,0.41641942148760336,0.41771,-0.0012905785123966673
p_432,t3_2ivx0l,t1_cl67lqu,t1_cl67bty,0.47816363636363635,0.48311764705882365,-0.004954010695187305
p_434,t3_2iv4za,t1_cl5slm3,t1_cl5s53p,0.48140909090909095,0.44287179487179484,0.03853729603729611
p_435,t3_2iuaxc,t1_cl5nwpb,t1_cl5jk46,0.5611,0.4916136363636365,0.06948636363636357
p_437,t3_2isiv7,t1_cl525xl,t1_cl549xt,0.44271874999999994,0.46787999999999996,-0.025161250000000024
p_439,t3_2irrk7,t1_cl4wjj0,t1_cl4u4v3,0.45675555555555575,0.4006216216216216,0.05613393393393412
p_438,t3_2irrk7,t1_cl4wdvv,t1_cl52znp,0.46233441558441557,0.4056695652173912,0.056664850367024344
p_440,t3_2irrk7,t1_cl4y7m2,t1_cl58m5a,0.4323089887640452,0.41062288135593217,0.021686107408113053
p_441,t3_2ir1vh,t1_cl4nafc,t1_cl4pno4,0.4544277108433734,0.4186702127659575,0.035757498077415906
p_443,t3_2iovvi,t1_cl43i7i,t1_cl42uon,0.47136666666666666,0.47751041666666655,-0.006143749999999892
p_444,t3_2inzpj,t1_cl3wpb9,t1_cl3udkv,0.4493101851851852,0.4912954545454545,-0.041985269360269306
p_445,t3_2ina28,t1_cl3s9jc,t1_cl3neuz,0.4104545454545454,0.476576923076923,-0.0661223776223776
p_449,t3_2il3zi,t1_cl3rzx9,t1_cl3bvmc,0.532037037037037,0.5049766666666664,0.027060370370370568
p_450,t3_2ikw3y,t1_cl371yt,t1_cl333zm,0.5168636363636363,0.4505444444444444,0.06631919191919189
p_451,t3_2iht9m,t1_cl2lqsw,t1_cl2gvmp,0.4754539473684211,0.5301969696969695,-0.054743022328548385
p_452,t3_2igw1u,t1_cl25sfq,t1_cl22odo,0.4542706270627062,0.4369774774774775,0.017293149585228706
p_453,t3_2idrbt,t1_cl1a71q,t1_cl1ab8j,0.47487603305785125,0.5027424242424243,-0.02786639118457307
p_454,t3_2idrbt,t1_cl1duod,t1_cl1dfkj,0.506008620689655,0.4555860215053763,0.050422599184278716
p_455,t3_2icu72,t1_cl11doa,t1_cl1s0iw,0.3779431818181818,0.4226199999999999,-0.04467681818181807
p_456,t3_2ia71k,t1_cl0aa4e,t1_cl09ezh,0.4639891304347825,0.4614552238805969,0.0025339065541856165
p_457,t3_2ia687,t1_cl09frn,t1_cl0qx79,0.46751554404145074,0.4658858695652174,0.001629674476233356
p_460,t3_2i87x9,t1_ckzt3jo,t1_ckzrx1b,0.4335571428571428,0.43862962962962965,-0.0050724867724868394
p_461,t3_2i7mpy,t1_ckzo815,t1_ckzptel,0.44547530864197543,0.4212083333333332,0.024266975308642247
p_464,t3_2i74db,t1_ckzhoas,t1_ckzmg42,0.4454431818181819,0.4196699999999999,0.025773181818182
p_466,t3_2i74db,t1_ckzk199,t1_ckzh5vf,0.40672115384615376,0.4313928571428572,-0.02467170329670343
p_465,t3_2i74db,t1_ckzhr6u,t1_ckzmg42,0.46233132530120463,0.4196699999999999,0.042661325301204756
p_467,t3_2i74db,t1_ckzp8g2,t1_ckzhplg,0.4234827586206896,0.37422093023255815,0.04926182838813148
p_468,t3_2i74db,t1_cl0olzx,t1_ckzivxw,0.4352840909090909,0.3800984848484849,0.05518560606060602
p_469,t3_2i6wcg,t1_ckzjivu,t1_ckzqgtr,0.4998921568627451,0.5205952380952382,-0.020703081232493148
p_470,t3_2i6sq2,t1_ckzd013,t1_ckzmvnc,0.46283333333333343,0.43202500000000005,0.030808333333333382
p_472,t3_2i53gm,t1_ckyxxzr,t1_ckzkrjm,0.41888888888888887,0.4251489361702128,-0.006260047281323955
p_474,t3_2i53gm,t1_ckyxdye,t1_ckyz4tk,0.4314423076923077,0.4738026315789475,-0.042360323886639795
p_473,t3_2i53gm,t1_ckz0h04,t1_ckzj5lk,0.4379194915254238,0.4258506493506492,0.012068842174774608
p_475,t3_2i4ujn,t1_ckz1of3,t1_ckyu5rm,0.4556594202898549,0.48656250000000006,-0.030903079710145165
p_476,t3_2i48ap,t1_ckyt6o8,t1_ckyqbf3,0.4624177215189875,0.44086875000000003,0.021548971518987492
p_477,t3_2i1d99,t1_ckxyj6k,t1_cky3jbs,0.48189583333333347,0.49447727272727265,-0.012581439393939187
p_479,t3_2i0v1l,t1_ckxu8a4,t1_cky4z54,0.46508609271523177,0.48846402877697825,-0.023377936061746485
p_480,t3_2i0v1l,t1_ckxvp3i,t1_cky4z54,0.4458839285714285,0.48846402877697825,-0.042580100205549754
p_481,t3_2i0v1l,t1_ckxu3sn,t1_cky4z54,0.4226363636363636,0.48846402877697825,-0.06582766514061467
p_483,t3_2i0v1l,t1_ckxu3jp,t1_cky4z54,0.4575405405405406,0.48846402877697825,-0.030923488236437646
p_482,t3_2i0v1l,t1_cky0241,t1_ckyf89q,0.4541272727272727,0.48465931372549015,-0.030532040998217436
p_484,t3_2hzyl1,t1_cky1hsp,t1_ckxtqoy,0.4423090909090911,0.4373863636363637,0.004922727272727412
p_485,t3_2hxjbt,t1_ckx3oiu,t1_ckwx420,0.427047794117647,0.4173048780487804,0.00974291606886657
p_486,t3_2hxjbt,t1_ckx4axr,t1_ckwx420,0.4390819672131149,0.4173048780487804,0.021777089164334462
p_488,t3_2hwulu,t1_ckwq1jd,t1_ckwq945,0.3868,0.4908472222222222,-0.10404722222222224
p_490,t3_2htrl3,t1_ckw2y0n,t1_ckvy6x4,0.4274070796460175,0.4574250000000001,-0.030017920353982597
p_491,t3_2htk52,t1_ckvvxkp,t1_ckvx0ev,0.4122816901408452,0.4395111111111112,-0.027229420970265983
p_492,t3_2htk52,t1_ckvxkvc,t1_ckvx0ev,0.38548387096774195,0.4395111111111112,-0.05402724014336924
p_493,t3_2hr75i,t1_ckv9zqs,t1_ckv9rr3,0.45490384615384616,0.4677619047619047,-0.012858058608058553
p_496,t3_2hpa2d,t1_ckuqod3,t1_ckuzhiu,0.41307758620689655,0.4495416666666666,-0.036464080459770065
p_498,t3_2ho91q,t1_ckvcw78,t1_ckuhjc3,0.46815384615384603,0.51125,-0.04309615384615395
p_499,t3_2hiuav,t1_ckt28ag,t1_ckt2g63,0.4430425531914893,0.46812686567164197,-0.025084312480152693
p_500,t3_2hfggr,t1_cks62en,t1_cks5dxq,0.4160080645161291,0.4282750000000002,-0.012266935483871089
p_501,t3_2hevmr,t1_cks71oj,t1_cks21ow,0.4692685512367493,0.43933544303797434,0.029933108198774983
p_503,t3_2hcsbm,t1_ckrirh7,t1_ckrgs3i,0.5502203389830509,0.5048903508771931,0.045329988105857755
p_504,t3_2hcsbm,t1_ckrm2w9,t1_ckrhha6,0.5661363636363635,0.49414736842105283,0.07198899521531071
p_505,t3_2hcri1,t1_ckrh2wh,t1_ckrggw4,0.48090361445783114,0.4277222222222222,0.053181392235608915
p_506,t3_2hcri1,t1_ckrjgy3,t1_ckrggw4,0.4344017857142858,0.4277222222222222,0.006679563492063556
p_508,t3_2h86d3,t1_ckqarz7,t1_ckqhhuu,0.45179651162790685,0.4535199004975125,-0.0017233888696056576
p_509,t3_2h86d3,t1_ckqafe5,t1_ckqce1l,0.44079518072289164,0.4281470588235294,0.012648121899362263
p_511,t3_2h4eyz,t1_ckpc76o,t1_ckp9n1i,0.4114736842105263,0.4755,-0.06402631578947365
p_513,t3_2h0jzj,t1_ckohl81,t1_ckodwsx,0.46840237467018475,0.4228861386138614,0.04551623605632338
p_514,t3_2h0jzj,t1_ckoe0hf,t1_ckodwsx,0.4537918918918919,0.4228861386138614,0.030905753278030523
p_516,t3_2gzzdj,t1_cko4w0c,t1_cko704v,0.4338023255813952,0.4153559322033898,0.01844639337800541
p_519,t3_2gydya,t1_cknrbir,t1_cknn53g,0.4790897435897436,0.4871467391304348,-0.008056995540691225
p_520,t3_2gydya,t1_ckoa0em,t1_ckoa7jr,0.48116528925619845,0.45763157894736856,0.02353371030882989
p_522,t3_2gutfw,t1_ckmqhcy,t1_ckmsmic,0.42826829268292677,0.46463580246913583,-0.03636750978620906
p_523,t3_2gutfw,t1_ckmsso5,t1_ckmp2m8,0.4113777777777778,0.42327848101265825,-0.011900703234880461
p_524,t3_2gutfw,t1_ckmpz17,t1_ckn0chh,0.41626966292134826,0.37726,0.039009662921348276
p_525,t3_2gsjt4,t1_ckm3eez,t1_ckm57gi,0.5101136363636364,0.45115584415584403,0.05895779220779235
p_526,t3_2gsjkx,t1_ckm3upz,t1_ckm3me9,0.5726543209876545,0.47345652173913033,0.09919779924852412
p_527,t3_2gscl8,t1_ckm3j6s,t1_ckm1x6y,0.44421774193548386,0.4305459770114943,0.013671764923989582
p_529,t3_2gpy69,t1_cklkgsr,t1_cklrd7q,0.4600357142857144,0.46020454545454553,-0.00016883116883115168
p_532,t3_2gmkz2,t1_ckkm4uh,t1_ckkl832,0.48368,0.4563157894736841,0.02736421052631588
p_534,t3_2glozx,t1_ckkahw7,t1_ckkcrue,0.47024137931034493,0.48663500000000004,-0.01639362068965511
p_535,t3_2glozx,t1_ckkb7k5,t1_ckkcgtt,0.41531481481481475,0.5133809523809523,-0.09806613756613752
p_536,t3_2gliyk,t1_ckk9blv,t1_ckk9cif,0.48966071428571406,0.44809243697478973,0.04156827731092433
p_537,t3_2gliyk,t1_ckkaypu,t1_ckkhubk,0.5344043062200956,0.48442857142857154,0.04997573479152406
p_538,t3_2gkv97,t1_ckk5d7b,t1_ckk2eje,0.44902000000000003,0.4591999999999999,-0.010179999999999856
p_541,t3_2ghosx,t1_ckj7oyl,t1_ckj8bt9,0.4758838383838387,0.47186764705882345,0.004016191325015239
p_542,t3_2ggq4d,t1_ckiyftg,t1_ckiyjmb,0.4620067567567566,0.49882,-0.036813243243243365
p_543,t3_2ggppl,t1_ckixuwj,t1_ckixo4m,0.44697159090909094,0.4428888888888889,0.004082702020202056
p_545,t3_2ggppl,t1_ckiyv6o,t1_ckiz87f,0.4534464285714284,0.4614177215189874,-0.007971292947558994
p_547,t3_2ggeie,t1_ckj0ypi,t1_ckiurpd,0.45744980694980697,0.4980533536585361,-0.04060354670872912
p_548,t3_2gf3at,t1_ckjbl54,t1_ckioyq4,0.5267403846153846,0.49133783783783774,0.035402546777546895
p_551,t3_2gdd35,t1_cki0iqm,t1_cki80vu,0.47075806451612906,0.47934313725490196,-0.008585072738772903
p_554,t3_2g83sk,t1_ckgpxl1,t1_ckgjkvd,0.5712083333333333,0.518032258064516,0.05317607526881729
p_555,t3_2g6mpl,t1_ckg55ez,t1_ckg4zgn,0.4421052631578948,0.5290277777777778,-0.08692251461988298
p_556,t3_2g4ifu,t1_ckfqk9u,t1_ckfshmt,0.4343736263736264,0.4079497041420121,0.026423922231614327
p_559,t3_2g2vzd,t1_ckf6qtu,t1_ckf4pc7,0.46129850746268664,0.40751315789473685,0.05378534956794978
p_561,t3_2g2dg1,t1_ckf6526,t1_ckg1de7,0.49156856187290965,0.46609933774834456,0.025469224124565093
p_562,t3_2g1ea5,t1_ckeqq3q,t1_ckesi7g,0.4399126506024094,0.4515503597122302,-0.01163770910982076
p_564,t3_2g1ea5,t1_ckersg9,t1_cket437,0.43018367346938785,0.422460606060606,0.00772306740878187
p_565,t3_2g1ea5,t1_cket8bk,t1_cket39p,0.40698076923076915,0.41277586206896555,-0.005795092838196403
p_566,t3_2g0wmr,t1_ckenwa6,t1_ckemqjl,0.46094764397905785,0.46067957746478894,0.0002680665142689165
p_569,t3_2fwq1i,t1_ckdlfbp,t1_ckdpk3y,0.4631935483870967,0.48211403508771933,-0.01892048670062263
p_570,t3_2fwmff,t1_ckdlodj,t1_ckdfg3r,0.4940863636363637,0.45407738095238104,0.040008982683982675
p_572,t3_2fuvyn,t1_ckd2th4,t1_ckd051u,0.4714786096256685,0.49137037037037035,-0.019891760744701836
p_573,t3_2fu5da,t1_ckcwa0l,t1_ckd7g94,0.4398999999999999,0.46043333333333325,-0.020533333333333348
p_575,t3_2fu5da,t1_ckd2dqa,t1_ckd7g94,0.4395208333333332,0.46043333333333325,-0.020912500000000056
p_576,t3_2fu5da,t1_ckdjfgl,t1_cke4u4s,0.4665517241379309,0.45346323529411764,0.01308848884381325
p_577,t3_2fty9r,t1_ckd78uk,t1_ckcsyfa,0.468763157894737,0.4992499999999999,-0.030486842105262923
p_579,t3_2fr87u,t1_ckcche8,t1_ckbz0d4,0.4611931818181818,0.44340625000000006,0.01778693181818175
p_581,t3_2fo07m,t1_ckb6wte,t1_ckbi4rn,0.5248532110091744,0.4455000000000001,0.07935321100917425
p_582,t3_2fo07m,t1_ckb4dmq,t1_ckbi4rn,0.46587500000000004,0.4455000000000001,0.02037499999999992
p_586,t3_2fkhgs,t1_cka4baq,t1_ckagd1v,0.43722033898305085,0.3900901639344263,0.047130175048624545
p_587,t3_2fkhgs,t1_cka71xp,t1_ckahr81,0.42559550561797754,0.4469145077720207,-0.021319002154043143
p_588,t3_2fkhgs,t1_ckabepp,t1_ckab7k5,0.4140042016806722,0.44839795918367337,-0.034393757503001166
p_589,t3_2fjsjb,t1_ck9wx7u,t1_cka49p5,0.41621428571428576,0.4636487603305785,-0.04743447461629274
p_590,t3_2fh3qu,t1_ck99mwb,t1_ck94xpk,0.498901098901099,0.5474444444444443,-0.04854334554334527
p_592,t3_2fgshm,t1_ck9f5l1,t1_ck98ujh,0.4560263157894736,0.4656282051282051,-0.009601889338731462
p_593,t3_2fgrxm,t1_ck91zkd,t1_ck91m7r,0.5028703703703704,0.53882,-0.035949629629629554
p_595,t3_2fg916,t1_ck8x3ob,t1_ck8wogg,0.4500609756097561,0.4416101694915255,0.008450806118230625
p_597,t3_2fduqy,t1_ck8t6he,t1_ck8px65,0.48083512544802864,0.44661666666666655,0.03421845878136209
p_598,t3_2fduqy,t1_ck8agrx,t1_ck94f1t,0.44596927374301687,0.5394764705882356,-0.09350719684521869
p_602,t3_2fdmwl,t1_ck8hcxb,t1_ck8aoqa,0.42893283582089553,0.4236169354838708,0.005315900337024726
p_603,t3_2fdmwl,t1_ck8rib6,t1_ck8aoqa,0.4416223021582734,0.4236169354838708,0.018005366674402612
p_605,t3_2fd87u,t1_ck83yle,t1_ck84612,0.4686340579710144,0.4642083333333335,0.004425724637680872
p_606,t3_2fd87u,t1_ck859ka,t1_ck843v2,0.5557457627118643,0.5198518518518518,0.03589391086001248
p_607,t3_2fbbv9,t1_ck84tkw,t1_ck88yhl,0.479356,0.4481400000000001,0.03121599999999991
p_611,t3_2f78ys,t1_ck6mvg6,t1_ck6wzql,0.4250436893203885,0.4284610389610389,-0.00341734964065038
p_616,t3_2f3w7f,t1_ck60pkf,t1_ck68kw6,0.4585524475524476,0.46668661971830994,-0.008134172165862319
p_617,t3_2f3fma,t1_ck5uh5i,t1_ck5jj2i,0.4532537878787877,0.43897321428571445,0.01428057359307322
p_618,t3_2f2p8u,t1_ck5cmsy,t1_ck5f41j,0.48991999999999997,0.523111111111111,-0.033191111111111005
p_620,t3_2f1tka,t1_ck54mdm,t1_ck53prd,0.48014682539682557,0.5117413793103448,-0.03159455391351923
p_623,t3_2f0a4a,t1_ck5qg13,t1_ck4vnzo,0.43656043956043955,0.4502037037037037,-0.013643264143264167
p_626,t3_2erf2t,t1_ck2ljcj,t1_ck2gk4u,0.40703658536585385,0.463659420289855,-0.056622834924001164
p_628,t3_2eqf4w,t1_ck2dhsc,t1_ck22nty,0.46599057971014496,0.48745486111111114,-0.02146428140096618
p_635,t3_2emkns,t1_ck1194m,t1_ck13p6l,0.47054545454545454,0.4923750000000002,-0.02182954545454563
p_634,t3_2emkns,t1_ck0zrjm,t1_ck13p6l,0.4874477611940298,0.4923750000000002,-0.0049272388059703465
p_632,t3_2emkns,t1_ck12zme,t1_ck13upr,0.4979117647058824,0.4963896103896103,0.0015221543162720619
p_637,t3_2emdo8,t1_ck0wlix,t1_ck0ugt9,0.5008132530120482,0.5001666666666669,0.0006465863453812837
p_639,t3_2ehl9h,t1_cjzpkr3,t1_cjzk8g5,0.5375121951219513,0.44204651162790704,0.09546568349404422
p_641,t3_2eez7x,t1_cjzf2j8,t1_cjzgw4v,0.4619771241830067,0.44469172932330814,0.017285394859698544
p_642,t3_2eeedl,t1_cjyrp0h,t1_cjyos4x,0.394942857142857,0.4749,-0.079957142857143
p_643,t3_2eeedl,t1_cjyo1c4,t1_cjyz90m,0.4523191489361701,0.4215777777777779,0.030741371158392206
p_644,t3_2eeedl,t1_cjyny2g,t1_cjyos4x,0.40639534883720924,0.4749,-0.06850465116279075
p_645,t3_2eeedl,t1_cjypfnn,t1_cjyy8zl,0.50721875,0.4600937500000001,0.04712499999999997
p_647,t3_2edzcv,t1_cjyy0v9,t1_cjysuzd,0.4889021479713604,0.4547112068965516,0.0341909410748088
p_648,t3_2ebw2y,t1_cjy2hvj,t1_cjy4ceu,0.5694651162790699,0.5852051282051282,-0.01574001192605823
p_649,t3_2ebkiy,t1_cjxxcwt,t1_cjy5nhm,0.4539078947368422,0.4095192307692308,0.044388663967611375
p_650,t3_2ebj49,t1_cjxyzxn,t1_cjxzs8p,0.41636486486486485,0.4268461538461538,-0.010481288981288972
p_651,t3_2eahyl,t1_cjxnpf1,t1_cjxqeut,0.42565384615384616,0.39681451612903224,0.028839330024813925
p_652,t3_2eahyl,t1_cjxo529,t1_cjxtave,0.4131046511627907,0.4245671641791046,-0.011462513016313902
p_654,t3_2e9s6m,t1_cjxf8x8,t1_cjxl9tb,0.47152272727272726,0.4797364864864864,-0.008213759213759164
p_655,t3_2e9rt1,t1_cjxgilw,t1_cjxfkcw,0.47177500000000006,0.4421355932203391,0.02963940677966098
p_656,t3_2e9q8o,t1_cjxdy6w,t1_cjxkoca,0.4402686915887852,0.42701572327044035,0.013252968318344827
p_657,t3_2e98b1,t1_cjxb5sz,t1_cjxexte,0.42238571428571436,0.4053571428571428,0.01702857142857156
p_659,t3_2e98b1,t1_cjxanmm,t1_cjx9qkg,0.44743820224719105,0.40831428571428574,0.03912391653290531
p_660,t3_2e8yse,t1_cjx89ru,t1_cjxdz78,0.493141975308642,0.48446153846153867,0.008680436847103346
p_661,t3_2e8yse,t1_cjx7g3z,t1_cjxdz78,0.4884242424242426,0.48446153846153867,0.0039627039627039284
p_662,t3_2e8ach,t1_cjxi71v,t1_cjx17o5,0.4499645669291338,0.4959767441860467,-0.04601217725691292
p_663,t3_2e6v25,t1_cjxa35m,t1_cjx2bzp,0.4805071942446042,0.46569298245614027,0.014814211788463927
p_667,t3_2e4crb,t1_cjvy9v7,t1_cjwlak3,0.5108395348837209,0.5104329896907217,0.0004065451929992081
p_668,t3_2e4crb,t1_cjxll0p,t1_cjw5uck,0.4739362416107383,0.45350000000000007,0.020436241610738204
p_669,t3_2e4b5f,t1_cjvxnfz,t1_cjwigez,0.4842402597402598,0.5435357142857142,-0.05929545454545443
p_670,t3_2e439b,t1_cjw2n76,t1_cjvvbcf,0.42226041666666664,0.4431951219512197,-0.020934705284553046
p_672,t3_2e3t22,t1_cjvs6w2,t1_cjvzvc8,0.5258076923076924,0.4693795180722892,0.056428174235403195
p_674,t3_2e3f98,t1_cjvox9d,t1_cjvp856,0.4652162162162162,0.5235,-0.05828378378378374
p_676,t3_2e2rb6,t1_cjvi6ow,t1_cjvzfop,0.40187704918032796,0.4524919354838712,-0.050614886303543216
p_677,t3_2e2rb6,t1_cjx8ys6,t1_cjvin9n,0.41390625,0.4228425925925927,-0.008936342592592739
p_678,t3_2e2jug,t1_cjvwam2,t1_cjvvj7z,0.4420169082125604,0.4738229665071771,-0.03180605829461669
p_679,t3_2e2jug,t1_cjvuw76,t1_cjvoyh6,0.45607214765100684,0.4625192307692305,-0.006447083118223673
p_680,t3_2e1fah,t1_cjv53s3,t1_cjv5s7v,0.4503730158730159,0.446109375,0.00426364087301595
p_681,t3_2e1fah,t1_cjv86o4,t1_cjvncqn,0.45267099567099556,0.4729301801801802,-0.020259184509184625
p_682,t3_2e1fah,t1_cjvi92b,t1_cjv5s7v,0.46129032258064506,0.446109375,0.015180947580645088
p_683,t3_2dzrhq,t1_cjunv4h,t1_cjunnw5,0.4986349206349207,0.5428378378378379,-0.04420291720291719
p_684,t3_2dzrhq,t1_cjv2nbp,t1_cjunbkn,0.481733870967742,0.57615,-0.09441612903225804
p_685,t3_2dzrhq,t1_cjuplp1,t1_cjunss7,0.4852021276595743,0.5379829545454545,-0.052780826885880205
p_686,t3_2dzqgj,t1_cjurtqh,t1_cjv9hrw,0.4082096774193549,0.46515254237288134,-0.05694286495352646
p_688,t3_2dzqgj,t1_cjv7aa2,t1_cjv9hrw,0.4451463414634146,0.46515254237288134,-0.020006200909466754
p_687,t3_2dzqgj,t1_cjun4m4,t1_cjuorfi,0.4683055555555556,0.4784015748031497,-0.010096019247594124
p_690,t3_2dy3mw,t1_cju8xei,t1_cjuc7t4,0.514406976744186,0.49652717391304374,0.017879802831142266
p_692,t3_2dxa7k,t1_cjtzqak,t1_cju9ahc,0.4921199999999999,0.4570076923076923,0.03511230769230761
p_695,t3_2dw5ig,t1_cjtn82k,t1_cjtn850,0.44075,0.4587500000000001,-0.018000000000000127
p_696,t3_2dvguy,t1_cjtqfdm,t1_cjty2p2,0.46520720720720726,0.5285294117647059,-0.06332220455749865
p_697,t3_2dtng7,t1_cjsz593,t1_cjt08iq,0.44771359223300977,0.423765625,0.023947967233009793
p_699,t3_2dtng7,t1_cjt0gp1,t1_cjt08iq,0.4465260416666667,0.423765625,0.022760416666666727
p_701,t3_2dsh9z,t1_cjsm7s0,t1_cjsp93m,0.44348,0.4846298701298702,-0.0411498701298702
p_702,t3_2dsh9z,t1_cjso3hu,t1_cjsprfv,0.44197000000000003,0.46177160493827146,-0.019801604938271433
p_706,t3_2drox8,t1_cjsefiu,t1_cjshzfo,0.4714389140271497,0.45702649006622514,0.01441242396092457
p_707,t3_2dqwmd,t1_cjs75j7,t1_cjtbaaf,0.44301149425287367,0.4611022727272727,-0.01809077847439905
p_710,t3_2dqiwg,t1_cjs3gzc,t1_cjs43w0,0.49364705882352944,0.4687500000000001,0.024897058823529328
p_713,t3_2dnntx,t1_cjrb5qh,t1_cjr97o9,0.43050568181818183,0.41076785714285713,0.0197378246753247
p_714,t3_2dn3f8,t1_cjr9dnd,t1_cjrqm60,0.4657674418604651,0.46755194805194794,-0.0017845061914828486
p_717,t3_2dn11e,t1_cjrjl9x,t1_cjr71xy,0.47102688172043,0.48457,-0.013543118279569999
p_715,t3_2dn11e,t1_cjr2n9b,t1_cjr6whw,0.44968750000000013,0.4419009900990099,0.007786509900990224
p_718,t3_2dlheo,t1_cjqnd51,t1_cjqtrub,0.4153787878787878,0.40992857142857153,0.005450216450216261
p_725,t3_2dhno3,t1_cjpkrey,t1_cjpktss,0.48431249999999987,0.5095454545454545,-0.025232954545454656
p_726,t3_2dhno3,t1_cjpl1mi,t1_cjpl00t,0.4953846153846155,0.4975238095238095,-0.0021391941391940006
p_729,t3_2dgu6l,t1_cjpdy8k,t1_cjpe59d,0.43888352272727293,0.4428023255813953,-0.003918802854122383
p_727,t3_2dgu6l,t1_cjpdn9v,t1_cjpklzu,0.4613888888888888,0.4474661016949152,0.013922787193973607
p_730,t3_2dgqx2,t1_cjpbloq,t1_cjpbk3l,0.544,0.4904347826086957,0.05356521739130432
p_732,t3_2dg6ti,t1_cjp6klt,t1_cjp63yk,0.5091506024096386,0.4789836065573771,0.030166995852261513
p_733,t3_2dg4c1,t1_cjpx7h2,t1_cjpio9w,0.47243561643835635,0.47106875000000015,0.0013668664383562068
p_734,t3_2dfvv8,t1_cjp4zw9,t1_cjps9sv,0.527953237410072,0.5311750000000001,-0.0032217625899280122
p_735,t3_2dfees,t1_cjoyyhb,t1_cjoyhsi,0.4119310344827585,0.43514772727272727,-0.023216692789968796
p_736,t3_2df7cg,t1_cjp0py1,t1_cjp0eg0,0.4348727272727273,0.46325,-0.028377272727272695
p_738,t3_2ddrqc,t1_cjos8fl,t1_cjoj8pn,0.5378684210526314,0.4825434782608696,0.055324942791761866
p_739,t3_2ddrqc,t1_cjoqu2v,t1_cjok2vp,0.5270579710144928,0.4842073170731707,0.04285065394132209
p_744,t3_2d9qj2,t1_cjnklzx,t1_cjnknol,0.4395653153153155,0.44903181818181853,-0.009466502866503024
p_748,t3_2d80rd,t1_cjn0zyz,t1_cjn0l56,0.4775257352941176,0.46084426229508213,0.016681472999035496
p_749,t3_2d80rd,t1_cjmzj1k,t1_cjn0l56,0.41955769230769235,0.46084426229508213,-0.041286569987389776
p_751,t3_2d70dq,t1_cjmpn2y,t1_cjmqlfg,0.45336607142857144,0.5662391304347827,-0.11287305900621125
p_752,t3_2d70dq,t1_cjmpqr5,t1_cjmq3hk,0.4659032258064515,0.45768965517241383,0.008213570634037659
p_754,t3_2d4iry,t1_cjm06yw,t1_cjlzkdu,0.44129651162790684,0.5014148936170213,-0.060118381989114456
p_753,t3_2d4iry,t1_cjm03nb,t1_cjm7yyk,0.48409259259259263,0.4754430894308945,0.008649503161698102
p_755,t3_2d45vn,t1_cjlwas2,t1_cjmfdmh,0.44985483870967735,0.4592083333333334,-0.009353494623656033
p_756,t3_2d45gd,t1_cjlw24h,t1_cjm4puq,0.3994583333333333,0.4169918032786885,-0.017533469945355207
p_757,t3_2d45gd,t1_cjlvwcv,t1_cjm05zn,0.4602531645569619,0.4346015625,0.02565160205696193
p_758,t3_2d3v5a,t1_cjlwcf0,t1_cjm3zmu,0.4365,0.450705882352941,-0.014205882352941013
p_759,t3_2d2as3,t1_cjlfahj,t1_cjlf2q0,0.42474264705882364,0.4524868421052632,-0.027744195046439546
p_760,t3_2czuse,t1_cjkv8v3,t1_cjkt5uj,0.44040540540540557,0.4431590909090909,-0.0027536855036853214
p_761,t3_2cziel,t1_cjkkwxr,t1_cjkpo0a,0.5106590909090909,0.5674833333333333,-0.056824242424242444
p_762,t3_2czhb2,t1_cjkm7nm,t1_cjkm0r4,0.4704807692307692,0.44197916666666676,0.028501602564102446
p_763,t3_2cz5rq,t1_cjkk570,t1_cjkjx53,0.4573333333333334,0.44347857142857133,0.013854761904762092
p_766,t3_2cwals,t1_cjjmt5t,t1_cjjmrg7,0.4323150684931506,0.4564374999999999,-0.024122431506849284
p_767,t3_2cuup8,t1_cjj91pc,t1_cjj8z52,0.4760925925925927,0.4705326086956521,0.005559983896940568
p_769,t3_2cuup8,t1_cjj95ae,t1_cjj95r7,0.4437897196261681,0.4327613636363638,0.011028355989804284
p_768,t3_2cuup8,t1_cjj8vwc,t1_cjj93qh,0.4212608695652174,0.4105833333333333,0.01067753623188411
p_770,t3_2ctoax,t1_cjl2zn4,t1_cjiw921,0.4018849206349206,0.503025974025974,-0.10114105339105345
p_773,t3_2cpj4p,t1_cjhqqcp,t1_cjhqbq0,0.45923417721518983,0.4530845070422535,0.006149670172936328
p_774,t3_2cpj4p,t1_cjhreeh,t1_cjhqbq0,0.4489253731343284,0.4530845070422535,-0.0041591339079251055
p_775,t3_2cotfm,t1_cjhpm9j,t1_cjhkm9q,0.4383630952380952,0.4771846153846154,-0.03882152014652018
p_778,t3_2cm5jd,t1_cjh0bre,t1_cjguy6j,0.4644683153013913,0.43877393617021265,0.02569437913117867
p_779,t3_2cm3oh,t1_cjgsk1z,t1_cjgv6jc,0.5188750000000002,0.5800571428571428,-0.06118214285714263
p_780,t3_2clk6c,t1_cjgn3ba,t1_cjgqd1y,0.4117142857142856,0.4480649350649351,-0.03635064935064952
p_781,t3_2ck2yw,t1_cjga8kb,t1_cjgci5s,0.45551515151515154,0.46259000000000006,-0.007074848484848517
p_783,t3_2cjh91,t1_cjg6chd,t1_cjg4iir,0.4380761904761905,0.46095336787564795,-0.022877177399457438
p_784,t3_2cixjs,t1_cjfyd92,t1_cjfxj4o,0.4599166666666666,0.49642857142857144,-0.036511904761904856
p_786,t3_2cimfd,t1_cjfuup7,t1_cjftym1,0.486879746835443,0.4855266666666666,0.0013530801687763883
p_787,t3_2cimfd,t1_cjfxnwo,t1_cjftym1,0.51505,0.4855266666666666,0.0295233333333334
p_789,t3_2chy2d,t1_cjfpbub,t1_cjfnmjy,0.4744181818181817,0.4675,0.006918181818181657
p_792,t3_2ch2je,t1_cjfeou6,t1_cjff0g8,0.5219633027522934,0.5006807511737088,0.021282551578584608
p_794,t3_2cflx0,t1_cjfajp7,t1_cjfm8m1,0.4892407407407406,0.5096183673469389,-0.020377626606198296
p_796,t3_2cfco7,t1_cjf04a9,t1_cjexi6m,0.43598369565217376,0.473125,-0.037141304347826254
p_799,t3_2cayvr,t1_cjdvbhe,t1_cjdu0ta,0.40210526315789485,0.42302325581395345,-0.020917992656058593
p_801,t3_2c8rcd,t1_cjd7pz3,t1_cjd6lze,0.4390958333333331,0.4667088036117383,-0.027612970278405202
p_802,t3_2c8fea,t1_cjcyect,t1_cjd2c3b,0.5604250000000002,0.5063095238095239,0.0541154761904763
p_803,t3_2c7yah,t1_cjd2kql,t1_cjcxj9f,0.4757848101265823,0.4922474226804124,-0.01646261255383008
p_805,t3_2c5zac,t1_cjc9611,t1_cjc924m,0.49815277777777783,0.4077083333333334,0.09044444444444444
p_806,t3_2c5zac,t1_cjctvr0,t1_cjcbahh,0.4743518518518519,0.5060166666666664,-0.031664814814814535
p_807,t3_2c5p5y,t1_cjcho3h,t1_cjc7uan,0.4240303030303031,0.46008333333333346,-0.036053030303030364
p_808,t3_2c5p5y,t1_cjcd7nc,t1_cjccm8m,0.48593181818181813,0.4050952380952382,0.08083658008657996
p_810,t3_2c3fc3,t1_cjbjw5y,t1_cjbjkju,0.4052115384615384,0.4630285714285714,-0.057817032967033
p_813,t3_2c1mga,t1_cjb2jw5,t1_cjc4wg5,0.46371270718232055,0.4625597938144328,0.0011529133678877534
p_815,t3_2c0frm,t1_cjb1qx6,t1_cjause4,0.4147898550724637,0.48859615384615385,-0.07380629877369016
p_816,t3_2c0frm,t1_cjb1sid,t1_cjb85xf,0.46904135338345865,0.45489705882352954,0.014144294559929105
p_818,t3_2bys5g,t1_cja9ddx,t1_cja81tm,0.48375781249999994,0.44371276595744674,0.0400450465425532
p_820,t3_2byn0m,t1_cja7f9f,t1_cjabwg5,0.4460568181818182,0.4135937499999999,0.032463068181818266
p_821,t3_2btxhq,t1_cj8vmab,t1_cj8xbmk,0.4752162162162162,0.46351428571428577,0.011701930501930413
p_822,t3_2bt248,t1_cj8mfi7,t1_cj8m3h7,0.41661764705882354,0.48124056603773585,-0.06462291897891231
p_823,t3_2bt248,t1_cj8m0lg,t1_cj8mwsz,0.4548783783783783,0.4335324675324675,0.02134591084591081
p_824,t3_2bsdbd,t1_cj8tbiu,t1_cj8hvl7,0.4561474820143885,0.4732598039215689,-0.017112321907180428
p_826,t3_2brzwb,t1_cj8hzbv,t1_cj8gj0l,0.43850000000000006,0.4264117647058823,0.012088235294117733
p_827,t3_2brzmq,t1_cj8bm67,t1_cj8cjmm,0.5463857142857143,0.43919135802469134,0.10719435626102292
p_828,t3_2brzmq,t1_cj8ba9r,t1_cj8b7ms,0.4679333333333334,0.47666666666666674,-0.008733333333333315
p_829,t3_2bqtzl,t1_cj80j9s,t1_cj810fl,0.5392705882352942,0.5013724832214762,0.03789810501381796
p_832,t3_2boeux,t1_cj7b6r1,t1_cj7b5jv,0.45919480519480516,0.46924000000000005,-0.01004519480519489
p_833,t3_2boeux,t1_cj7bl1t,t1_cj7igwx,0.41692142857142855,0.48039473684210526,-0.06347330827067671
p_834,t3_2boe3r,t1_cj7c5d5,t1_cj7cbq5,0.4842650602409638,0.5368660714285716,-0.052601011187607793
p_836,t3_2bo3al,t1_cj7h31j,t1_cj7dkvq,0.507595238095238,0.43938135593220334,0.06821388216303464
p_837,t3_2bnfju,t1_cj716f4,t1_cj718af,0.5429236111111111,0.5438653846153845,-0.0009417735042733799
p_838,t3_2bnfju,t1_cj71qqf,t1_cj717cb,0.5198787878787877,0.5378809523809522,-0.01800216450216452
p_840,t3_2bmc2p,t1_cj6s9ct,t1_cj6qflr,0.6026551724137932,0.5580322580645162,0.04462291434927701
p_841,t3_2bmble,t1_cj6qs8o,t1_cj6v78p,0.47748062015503884,0.4688308823529413,0.008649737802097546
p_844,t3_2bkf5u,t1_cj684og,t1_cj6d292,0.5207499999999999,0.4614374999999999,0.059312500000000046
p_846,t3_2bk0qs,t1_cj63kvq,t1_cj63fve,0.5538214285714287,0.5149210526315791,0.03890037593984963
p_849,t3_2bk0qs,t1_cj64yf0,t1_cj63fve,0.5528409090909091,0.5149210526315791,0.03791985645933005
p_847,t3_2bk0qs,t1_cj66iuo,t1_cj6420b,0.4787057613168724,0.5401666666666666,-0.06146090534979415
p_850,t3_2bk0qs,t1_cj65d7h,t1_cj66gvl,0.5696283783783783,0.461,0.1086283783783783
p_852,t3_2bh5ak,t1_cj5b5uh,t1_cj5jak2,0.40968000000000004,0.4383529411764706,-0.028672941176470568
p_854,t3_2bf94q,t1_cj4sh2e,t1_cj4qy6o,0.478846153846154,0.4427307692307693,0.03611538461538466
p_855,t3_2bev6f,t1_cj4mn6v,t1_cj4o0am,0.46197058823529413,0.43135714285714294,0.030613445378151194
p_857,t3_2bdmlg,t1_cj4r6pc,t1_cj4uv2h,0.5205533333333334,0.42751999999999996,0.09303333333333347
p_858,t3_2bdgci,t1_cj49439,t1_cj49ckx,0.47815841584158386,0.46479885057471265,0.01335956526687121
p_859,t3_2bd0wa,t1_cj442sl,t1_cj43vgx,0.5228141025641023,0.5262058823529412,-0.0033917797888388668
p_861,t3_2bbyzd,t1_cj3zuoq,t1_cj3tx1c,0.5111341463414633,0.47827536231884055,0.03285878402262271
p_863,t3_2bbbrd,t1_cj3qs8q,t1_cj3ln9x,0.4626271186440678,0.5176097560975609,-0.05498263745349308
p_864,t3_2bbbrd,t1_cj3mpby,t1_cj3ln9x,0.5019666666666667,0.5176097560975609,-0.015643089430894208
p_865,t3_2bb58m,t1_cj3lcvm,t1_cj3jor5,0.48300000000000004,0.4169333333333333,0.06606666666666672
p_868,t3_2bag31,t1_cj3e0bt,t1_cj3f08t,0.4514321428571428,0.43064935064935067,0.02078279220779211
p_869,t3_2ba5xo,t1_cj3aqld,t1_cj3bm6j,0.45810000000000006,0.45260000000000006,0.005500000000000005
p_873,t3_2b6skg,t1_cj2glpl,t1_cj2cg6m,0.4459565217391304,0.4304294117647059,0.015527109974424524
p_876,t3_2b3pi0,t1_cj1uavk,t1_cj1m2xo,0.47594999999999993,0.4731951219512196,0.0027548780487803293
p_877,t3_2b3lad,t1_cj1iybx,t1_cj1jqxa,0.6111212121212122,0.48748275862068946,0.12363845350052272
p_879,t3_2b2yjr,t1_cj1hktf,t1_cj1b4e2,0.45481308411214955,0.47081428571428563,-0.016001201602136084
p_881,t3_2b1rwv,t1_cj15lfe,t1_cj10jtx,0.430776595744681,0.46213571428571415,-0.031359118541033126
p_882,t3_2b1rab,t1_cj0ycid,t1_cj0zinx,0.4075433070866139,0.46301533742331286,-0.05547203033669895
p_883,t3_2az65z,t1_cj0805c,t1_cj0g6d8,0.5003541666666668,0.41035820895522385,0.08999595771144292
p_884,t3_2az65z,t1_cj0afqo,t1_cj07su5,0.45784374999999994,0.5019466666666665,-0.0441029166666666
p_887,t3_2ayhxt,t1_cj01q09,t1_cj05jan,0.4610629032258066,0.41497247706422014,0.046090426161586484
p_888,t3_2ayhnp,t1_cj0eawe,t1_cj0dm90,0.44281,0.4619310344827587,-0.019121034482758703
p_889,t3_2ay3kf,t1_cizxi5e,t1_cj0f52z,0.4185692307692308,0.4255185185185186,-0.006949287749287769
p_892,t3_2axbu7,t1_cizphk8,t1_cizp4id,0.47664919354838703,0.4686195652173914,0.00802962833099563
p_894,t3_2ax1is,t1_cizxbqp,t1_cizm2oq,0.42352688172043007,0.450326923076923,-0.026800041356492943
p_896,t3_2avwd8,t1_cizdu3g,t1_cizbvza,0.41494444444444445,0.4295568181818182,-0.01461237373737373
p_898,t3_2av5cs,t1_ciz2pkz,t1_ciz33sn,0.4721666666666666,0.5050735294117648,-0.03290686274509813
p_899,t3_2av5cs,t1_cizd4ad,t1_ciz33th,0.4299590163934425,0.4514815950920246,-0.02152257869858215
p_900,t3_2av5cs,t1_ciz37g5,t1_cizbl7q,0.44722321428571454,0.45346560846560846,-0.0062423941798939175
p_901,t3_2av4l0,t1_ciz5qhg,t1_ciz3zz1,0.4516501416430595,0.4454066901408452,0.006243451502214281
p_902,t3_2av4l0,t1_ciz4rvg,t1_cizdobh,0.4651614583333332,0.4550945945945948,0.01006686373873844
p_903,t3_2auttr,t1_ciyyxji,t1_ciyz918,0.4473017241379309,0.4772105263157894,-0.029908802177858518
p_904,t3_2auttr,t1_ciz267w,t1_cizcakn,0.4418916666666667,0.4260172413793104,0.015874425287356275
p_905,t3_2auttr,t1_ciz01zx,t1_ciyz5z2,0.46653125000000006,0.37833333333333335,0.08819791666666671
p_907,t3_2autm6,t1_ciyzdgj,t1_ciyzc4o,0.4745,0.4339137931034483,0.04058620689655168
p_908,t3_2au1li,t1_ciytem3,t1_ciytn6n,0.45087924528301887,0.41563013698630147,0.0352491082967174
p_909,t3_2atya5,t1_ciyu2jf,t1_ciza7xp,0.502953125,0.4442311320754716,0.0587219929245284
p_910,t3_2atya5,t1_ciytbvr,t1_ciyug3x,0.4531812500000001,0.4686935483870969,-0.015512298387096835
p_911,t3_2atkq9,t1_ciyvkn0,t1_ciysfit,0.48383618233618236,0.47622945205479433,0.00760673028138803
p_912,t3_2atkq9,t1_ciyvfhd,t1_ciz0aqa,0.47641525423728814,0.46514583333333337,0.011269420903954774
p_914,t3_2aprj3,t1_cixk3ln,t1_cixjumt,0.5052,0.46944117647058836,0.03575882352941162
p_915,t3_2apfnp,t1_cixj7ex,t1_cixm7i4,0.4748809523809523,0.4168679245283019,0.05801302785265039
p_916,t3_2aotoi,t1_cixcw5d,t1_cixbgnz,0.4603007812499998,0.48748830409356725,-0.027187522843567458
p_917,t3_2ao6r9,t1_cix76va,t1_cix3fsy,0.45384146341463405,0.4738301886792454,-0.019988725264611373
p_918,t3_2ao6r9,t1_cix7iph,t1_cix8b7l,0.45127199999999984,0.4775329670329669,-0.026260967032967042
p_919,t3_2ao0uk,t1_cix3ypn,t1_cix3ejo,0.37542857142857144,0.47703773584905657,-0.10160916442048512
p_920,t3_2ao0uk,t1_cix237u,t1_cix3ejo,0.5618653846153845,0.47703773584905657,0.08482764876632792
p_921,t3_2ancgk,t1_cizbef2,t1_ciwwlp0,0.415074074074074,0.4798194444444445,-0.06474537037037054
p_922,t3_2am3iw,t1_ciwjxse,t1_ciwj1us,0.48173529411764693,0.4733235294117648,0.008411764705882119
p_923,t3_2am3iw,t1_ciwjejz,t1_ciwtkzm,0.4808259493670886,0.4433749999999999,0.037450949367088704
p_924,t3_2aksc1,t1_ciwatzs,t1_ciwai0k,0.4777263513513514,0.4901036585365853,-0.012377307185233888
p_925,t3_2aklm2,t1_ciwffud,t1_ciwbxu9,0.49478125000000034,0.5385740740740741,-0.043792824074073755
p_926,t3_2akhk0,t1_ciw2gow,t1_ciw2nfc,0.5278617021276595,0.5108893129770994,0.016972389150560097
p_927,t3_2ajnzj,t1_ciwqij6,t1_ciwemsm,0.4125172413793104,0.5093666666666666,-0.09684942528735624
p_928,t3_2aj9r3,t1_ciwcbuo,t1_civud7i,0.46341221374045816,0.4493653846153847,0.014046829125073435
p_931,t3_2aj1mk,t1_civssxr,t1_civm58k,0.4597190082644629,0.4967965779467682,-0.0370775696823053
p_930,t3_2aj1mk,t1_civrhnv,t1_civrvjf,0.46297580645161296,0.4676714285714285,-0.004695622119815557
p_933,t3_2ah2al,t1_civd1ci,t1_civ856q,0.4777121212121213,0.44433884297520665,0.03337327823691466
p_935,t3_2afgwo,t1_ciujkwd,t1_ciuknh0,0.4021647727272727,0.4025769230769231,-0.00041215034965041975
p_937,t3_2afeix,t1_civ4udg,t1_ciui2wk,0.4307765957446808,0.478962962962963,-0.04818636721828218
p_936,t3_2afeix,t1_ciuiq4g,t1_civ1g4o,0.4416016260162599,0.47451515151515145,-0.03291352549889154
p_940,t3_2a9tub,t1_cisxezp,t1_cisyu2q,0.4822777777777776,0.4930445544554455,-0.0107667766776679
p_942,t3_2a9dnv,t1_cit209o,t1_cissjh9,0.46098684210526314,0.42300000000000004,0.0379868421052631
p_943,t3_2a9dnv,t1_cisrycq,t1_cisrkq6,0.4166716417910447,0.4267727272727273,-0.010101085481682592
p_945,t3_2a7l9t,t1_cisdojk,t1_cisar6g,0.4335979729729731,0.42523507462686555,0.008362898346107539
p_946,t3_2a7f52,t1_cisdl2d,t1_cisbb3e,0.4506844660194175,0.460875,-0.010190533980582506
p_947,t3_2a7f52,t1_cisbwf3,t1_cisf85e,0.49300294117647037,0.47343236714975845,0.019570574026711918
p_948,t3_2a7f52,t1_cisazcd,t1_cisbb3e,0.4895176470588237,0.460875,0.028642647058823745
p_950,t3_2a71ap,t1_cis8nhw,t1_cis9yiw,0.42615648854961846,0.4487117647058822,-0.022555276156263737
p_951,t3_2a6vk3,t1_cis5k8v,t1_cisibct,0.47770769230769233,0.43598076923076934,0.041726923076922995
p_952,t3_2a6vk3,t1_cis6qmv,t1_cisibct,0.4547771739130435,0.43598076923076934,0.01879640468227417
p_954,t3_2a5fi8,t1_ciro19q,t1_cirnern,0.5286302521008404,0.5002118644067797,0.028418387694060687
p_955,t3_2a54d2,t1_cirmdvw,t1_cirrtjb,0.41540999999999995,0.45314556962025304,-0.037735569620253095
p_957,t3_2a3mhz,t1_cirdfug,t1_cirn0uk,0.45815384615384624,0.4646689189189188,-0.0065150727650725715
p_959,t3_2a2ccx,t1_ciqt2gd,t1_ciqstk4,0.5009789473684211,0.4634127906976744,0.0375661566707467
p_958,t3_2a2ccx,t1_ciqt1fb,t1_ciqt0ds,0.4576415094339622,0.44991525423728823,0.00772625519667397
p_960,t3_2a299i,t1_ciqsytr,t1_ciqs72a,0.44869631901840473,0.4873472222222222,-0.03865090320381748
p_961,t3_2a299i,t1_ciqsl3r,t1_ciqt0e3,0.46341379310344827,0.46639583333333334,-0.0029820402298850746
p_963,t3_2a1jkp,t1_ciqmtf7,t1_ciqlutb,0.48172596153846153,0.453412162162162,0.02831379937629952
p_964,t3_2a1jkp,t1_ciqrmpo,t1_ciqn0ib,0.5262808219178082,0.47806818181818184,0.04821264009962639
p_966,t3_2a197z,t1_ciqil5b,t1_ciqobmw,0.4584632352941176,0.4296195652173912,0.02884367007672639
p_967,t3_2a197z,t1_ciqihn1,t1_ciqobmw,0.4525703125,0.4296195652173912,0.02295074728260882
p_968,t3_29zmtz,t1_ciq2ol0,t1_ciq3149,0.4447037037037038,0.4744431818181816,-0.029739478114477802
p_969,t3_29wdwj,t1_cip54i9,t1_cip4gi2,0.473935064935065,0.4471708333333332,0.026764231601731803
p_970,t3_29vb8t,t1_cioupvy,t1_cip1yki,0.45273170731707313,0.5089230769230769,-0.056191369606003794
p_971,t3_29uigy,t1_cioolhq,t1_ciopo2e,0.47042857142857153,0.5353275862068966,-0.06489901477832505
p_972,t3_29twg4,t1_ciohbmn,t1_ciofrjv,0.4644066666666667,0.4549239130434781,0.009482753623188567
p_973,t3_29thke,t1_cioct3t,t1_ciofixu,0.44745238095238093,0.5087297297297297,-0.061277348777348806
p_974,t3_29thke,t1_ciod9j6,t1_ciof299,0.4602897727272726,0.49347945205479454,-0.033189679327521926
p_975,t3_29thke,t1_ciod9wn,t1_ciof299,0.4455523809523811,0.49347945205479454,-0.047927071102413454
p_976,t3_29t2lw,t1_cio8k31,t1_ciorv42,0.47153846153846146,0.47098540145985396,0.0005530600786075035
p_978,t3_29sw94,t1_cioket0,t1_ciolk7r,0.5100333333333334,0.49270370370370375,0.017329629629629695
p_979,t3_29s43k,t1_cinyd5x,t1_cinyyyn,0.4750217391304348,0.4637291666666667,0.01129257246376808
p_981,t3_29q8ct,t1_cinh7w0,t1_cing94q,0.43714285714285706,0.44220588235294106,-0.0050630252100840045
p_983,t3_29pjwk,t1_cinfrtq,t1_cin94yc,0.4322527472527473,0.4226774193548387,0.009575327897908603
p_984,t3_29oi1n,t1_cimz15m,t1_cimy8x8,0.4929690265486725,0.5200925925925928,-0.0271235660439203
p_985,t3_29o2de,t1_cimtmrk,t1_cin0747,0.3919468085106382,0.42724336283185826,-0.035296554321220086
p_988,t3_29nx6g,t1_cimrrzy,t1_cimrry5,0.489092105263158,0.5141666666666667,-0.025074561403508666
p_990,t3_29n4wo,t1_cio9nnh,t1_cimnztj,0.4583626220362622,0.4430312499999999,0.015331372036262336
p_992,t3_29mv5t,t1_cimhn69,t1_cimm4sj,0.4682758620689656,0.4789673913043478,-0.010691529235382191
p_993,t3_29kyod,t1_cily6cd,t1_cilx8xd,0.4558534482758621,0.46308088235294115,-0.007227434077079042
p_994,t3_29koa9,t1_ciluvuu,t1_cim8wkw,0.5281266666666669,0.522631386861314,0.005495279805352804
p_996,t3_29koa9,t1_cim0cmu,t1_cim8wkw,0.5021571164510161,0.522631386861314,-0.020474270410297923
p_997,t3_29koa9,t1_cilvgjv,t1_cim8wkw,0.48397701149425315,0.522631386861314,-0.0386543753670609
p_998,t3_29koa9,t1_cilvqev,t1_cilxj9y,0.5157516556291389,0.5080783582089555,0.007673297420183411
p_999,t3_29gpjt,t1_cilbryz,t1_cikqtwr,0.48470481927710835,0.4720987654320989,0.012606053845009457
p_1000,t3_29fpzd,t1_cikhu2y,t1_cikh4e8,0.5016986301369863,0.5180192307692308,-0.016320600632244497
p_1001,t3_29fb1d,t1_cikeni2,t1_cikla8t,0.4211224489795917,0.45991935483870955,-0.038796905859117825
p_1002,t3_29ex1p,t1_cik9jgg,t1_ciko7yy,0.47387906976744193,0.3972195121951219,0.07665955757232001
p_1003,t3_29elqv,t1_cik5t8y,t1_cik747j,0.47690131578947365,0.4672571428571428,0.00964417293233083
p_1005,t3_29dde1,t1_cijuats,t1_cijzw8d,0.4772105263157896,0.49928313253012047,-0.02207260621433088
p_1008,t3_29cqd5,t1_cijp4yk,t1_cijvb22,0.4833881578947367,0.5070000000000001,-0.023611842105263403
p_1009,t3_29c3ml,t1_cikuj8t,t1_cijh4ci,0.503593220338983,0.4758286713286712,0.027764549010311834
p_1010,t3_299mpb,t1_ciiv880,t1_cijf48t,0.4180044642857142,0.4501139240506329,-0.03210945976491869
p_1012,t3_299m1u,t1_cij2hf7,t1_ciirgle,0.4201038961038962,0.4428750000000001,-0.022771103896103873
p_1011,t3_299m1u,t1_cij1roi,t1_ciisuex,0.3946724137931034,0.3876818181818182,0.006990595611285233
p_1015,t3_298jbk,t1_ciircqo,t1_ciijbdz,0.5412088607594935,0.4895232558139533,0.0516856049455402
p_1016,t3_295zr6,t1_cihud2v,t1_cihuma6,0.45857241379310343,0.44402709359605913,0.014545320197044298
p_1018,t3_293ei6,t1_cih7ua8,t1_cih1isj,0.464362676056338,0.48244594594594586,-0.018083269889607845
p_1020,t3_292154,t1_cignun4,t1_cigrv7m,0.44691025641025645,0.45538888888888884,-0.008478632478632397
p_1022,t3_28xzqn,t1_cig26mw,t1_cifrcsx,0.4941363636363636,0.5361851851851852,-0.04204882154882161
p_1023,t3_28xbw7,t1_cifjy3z,t1_cifovj7,0.48407377049180345,0.45845454545454545,0.025619225037257998
p_1024,t3_28xbw7,t1_cig1fzx,t1_cifl87i,0.4490512820512822,0.4611439393939394,-0.012092657342657187
p_1025,t3_28wpvg,t1_cif8zbc,t1_cif9t6k,0.4804914383561643,0.4590697674418605,0.021421670914303803
p_1026,t3_28wp3q,t1_cif8e82,t1_cif88e5,0.5134117647058825,0.47078787878787876,0.0426238859180037
p_1027,t3_28vthp,t1_cieyolc,t1_cif42z9,0.3884428571428571,0.43806410256410244,-0.04962124542124535
p_1028,t3_28sivx,t1_cie0w6q,t1_cie3rwm,0.5784464285714287,0.47516901408450696,0.10327741448692174
p_1029,t3_28sivx,t1_cie32oy,t1_cie6c67,0.5100526315789474,0.4832978723404257,0.02675475923852172
p_1030,t3_28sivx,t1_cie3t4x,t1_ciexvov,0.46440624999999996,0.5734756097560975,-0.1090693597560975
p_1031,t3_28rftj,t1_cidpqyo,t1_cidq2o7,0.4517459677419353,0.45420312499999993,-0.002457157258064613
p_1033,t3_28l9bo,t1_cicbcrc,t1_cicnduy,0.46044,0.4489864864864864,0.011453513513513591
p_1034,t3_28kmxf,t1_cibufhn,t1_cic57nm,0.46485990338164274,0.4787826086956522,-0.013922705314009465
p_1036,t3_28k1k9,t1_cic5k0x,t1_cibo1r9,0.44205555555555565,0.45750934579439256,-0.015453790238836917
p_1037,t3_28jnxp,t1_cibl8h0,t1_cibmdqw,0.47893795620437973,0.5184558823529413,-0.03951792614856153
p_1039,t3_28io13,t1_cibbreq,t1_cic1705,0.4224361702127659,0.46682926829268284,-0.044393098079916926
p_1040,t3_28io13,t1_cibhh0f,t1_cibq1ek,0.4468237410071944,0.46195,-0.015126258992805619
p_1042,t3_28io13,t1_cibcinr,t1_cic1705,0.4280416666666666,0.46682926829268284,-0.038787601626016244
p_1044,t3_28hqnq,t1_cib224e,t1_cib40ah,0.4801341463414635,0.4463888888888889,0.03374525745257462
p_1045,t3_28c0xt,t1_ciasocp,t1_cia500d,0.44608415841584165,0.4424999999999999,0.003584158415841754
p_1046,t3_28butd,t1_ci9glxs,t1_ci9f4fm,0.50125,0.4778645833333335,0.023385416666666492
p_1047,t3_28b5n6,t1_ci9a3vl,t1_ci99ope,0.4536228070175437,0.48572000000000004,-0.032097192982456335
p_1052,t3_28a5fu,t1_ci9bqem,t1_ci8yety,0.5314261363636363,0.5551777777777778,-0.023751641414141433
p_1053,t3_28a4rk,t1_ci8xy5w,t1_ci90bbf,0.4727826086956523,0.4599955752212391,0.012787033474413234
p_1055,t3_2881g3,t1_ci8embi,t1_ci8bs9b,0.5254761904761905,0.5396206896551724,-0.014144499178981862
p_1056,t3_287z9c,t1_ci8aubw,t1_ci8apra,0.42311538461538456,0.44704901960784327,-0.023933634992458708
p_1057,t3_287z9c,t1_ci8d0ed,t1_ci8apra,0.444780701754386,0.44704901960784327,-0.002268317853457269
p_1058,t3_287cab,t1_ci86zv4,t1_ci87ifw,0.45294025157232704,0.4490151515151516,0.003925100057175446
p_1059,t3_2870cx,t1_ci81vqj,t1_ci8137l,0.4722828282828282,0.4557037037037037,0.01657912457912447
p_1060,t3_286wmt,t1_ci81k1d,t1_ci80xo1,0.398175,0.413735294117647,-0.015560294117646978
p_1061,t3_286wmt,t1_ci817z2,t1_ci8clpg,0.44503921568627447,0.4416269841269842,0.0034122315592902686
p_1062,t3_2848jg,t1_ci7igy9,t1_ci7f6gw,0.4841933962264151,0.47802678571428586,0.006166610512129245
p_1064,t3_282r7k,t1_ci758gf,t1_ci6xs0m,0.504577777777778,0.4577826086956522,0.04679516908212583
p_1065,t3_282lgu,t1_ci6xcds,t1_ci6wglw,0.48,0.4289166666666668,0.0510833333333332
p_1068,t3_281bde,t1_ci6f2vp,t1_ci73217,0.5242870370370369,0.49016666666666664,0.0341203703703703
p_1069,t3_2803o3,t1_ci69ena,t1_ci63g5z,0.45807105263157905,0.4654193548387096,-0.007348302207130564
p_1070,t3_2803o3,t1_ci63w8c,t1_ci63kpj,0.4316212121212121,0.4433389830508475,-0.01171777092963544
p_1071,t3_27ywun,t1_ci5q8xy,t1_ci5rb2e,0.5030714285714286,0.4837921348314607,0.019279293739967895
p_1072,t3_27yn4n,t1_ci5p6hk,t1_ci5nwbp,0.49150581395348836,0.5031999999999999,-0.011694186046511512
p_1073,t3_27wog4,t1_ci54b7y,t1_ci54sne,0.450625,0.4980869565217393,-0.04746195652173929
p_1074,t3_27w5po,t1_ci4zmff,t1_ci4ziae,0.4849834437086093,0.44258333333333333,0.04240011037527597
p_1075,t3_27w4g2,t1_ci52xge,t1_ci500mh,0.5019545454545454,0.48078888888888865,0.021165656565656776
p_1076,t3_27tb09,t1_ci498s2,t1_ci45ypy,0.4898289473684211,0.51821875,-0.028389802631578864
p_1077,t3_27r91j,t1_ci3qcct,t1_ci3r4y5,0.4430975609756097,0.4658166666666666,-0.022719105691056896
p_1078,t3_27r91j,t1_ci469aj,t1_ci3lbw6,0.4490586206896551,0.4150535714285715,0.03400504926108355
p_1080,t3_27r91j,t1_ci3v5tq,t1_ci3lbw6,0.35584848484848486,0.4150535714285715,-0.05920508658008666
p_1079,t3_27r91j,t1_ci3s6fn,t1_ci4g5dm,0.4527564102564102,0.4829624999999999,-0.03020608974358968
p_1081,t3_27qqap,t1_ci3mz0v,t1_ci3fwt5,0.4436453488372093,0.48444696969696976,-0.04080162085976047
p_1082,t3_27polk,t1_ci34zl5,t1_ci34y3o,0.4596549295774648,0.4597372262773723,-8.229669990750255e-05
p_1083,t3_27poi8,t1_ci35etu,t1_ci36j29,0.49720909090909093,0.4354999999999999,0.06170909090909105
p_1084,t3_27p2fu,t1_ci302xh,t1_ci2zv2i,0.484864,0.47165957446808526,0.013204425531914754
p_1085,t3_27nxly,t1_ci2o2dq,t1_ci2ox33,0.43309900990099004,0.4298257575757575,0.003273252325232512
p_1087,t3_27mbdo,t1_ci2lk26,t1_ci271f9,0.4092,0.4145588235294118,-0.005358823529411805
p_1088,t3_27m0gw,t1_ci29ixa,t1_ci2e7bo,0.5034122137404583,0.48945833333333333,0.013953880407124974
p_1089,t3_27ltja,t1_ci22bw3,t1_ci221eg,0.4588894230769232,0.49560526315789477,-0.03671584008097156
p_1090,t3_27lpkf,t1_ci21sv8,t1_ci22b62,0.4653405172413793,0.5039625850340139,-0.03862206779263461
p_1091,t3_27lmyu,t1_ci25ehz,t1_ci292ni,0.45405691056910574,0.43331818181818166,0.020738728750924085
p_1092,t3_27l0kn,t1_ci22hoe,t1_ci1usgp,0.4640337078651687,0.4300543478260869,0.03397936003908175
p_1094,t3_27jl8c,t1_ci1fdd3,t1_ci1q6ug,0.42450000000000004,0.4810399999999999,-0.05653999999999987
p_1095,t3_27jl8c,t1_ci1g3eq,t1_ci1o724,0.4412027027027028,0.4397428571428571,0.001459845559845685
p_1096,t3_27jl8c,t1_ci1ybru,t1_ci1ghse,0.5238541666666666,0.4822820512820515,0.04157211538461514
p_1097,t3_27hht5,t1_ci0v62f,t1_ci0xj1h,0.4172719298245614,0.40653846153846157,0.010733468286099834
p_1098,t3_27hht5,t1_ci0v0t9,t1_ci0xj1h,0.4341590909090909,0.40653846153846157,0.027620629370629313
p_1099,t3_27hf7o,t1_ci1a4gk,t1_ci1l4fi,0.4675282051282051,0.4282444444444445,0.039283760683760605
p_1101,t3_27gnxb,t1_ci0ta3o,t1_ci0mgmp,0.40502205882352943,0.4201590909090908,-0.015137032085561386
p_1103,t3_27ea43,t1_chzyi0v,t1_chzyvc9,0.4495925925925925,0.4447134146341462,0.004879177958446279
p_1104,t3_27ea43,t1_chzydy2,t1_chzyi89,0.42311764705882354,0.4924,-0.06928235294117646
p_1105,t3_27ea43,t1_ci00m2q,t1_chzyvc9,0.4684708994708994,0.4447134146341462,0.023757484836753218
p_1106,t3_27ea43,t1_ci00sgm,t1_ci005dx,0.4898965517241377,0.45514600550964224,0.03475054621449547
p_1107,t3_27dypa,t1_ci0bdgm,t1_ci07fb6,0.48247192982456133,0.49833333333333374,-0.01586140350877241
p_1108,t3_27divm,t1_chzwhlt,t1_chzuja4,0.3915200000000001,0.39633333333333337,-0.004813333333333281
p_1109,t3_27cn8y,t1_chzj6p6,t1_chziyko,0.44949242424242425,0.48971698113207557,-0.04022455688965132
p_1111,t3_27atxw,t1_chz6xha,t1_chz1u36,0.4810202702702701,0.49232432432432416,-0.011304054054054047
p_1112,t3_27arev,t1_chzar7e,t1_chyzift,0.42593678160919546,0.42051388888888896,0.005422892720306494
p_1113,t3_27aea6,t1_chywdcb,t1_chywfdl,0.4456208333333331,0.41706896551724126,0.028551867816091814
p_1114,t3_27aa6m,t1_chyw1lz,t1_chyuott,0.46056132075471684,0.4145925925925926,0.04596872816212422
p_1116,t3_278w0f,t1_chynby5,t1_chyjibx,0.48234848484848486,0.4758269230769231,0.006521561771561768
p_1118,t3_277y4m,t1_chydgtq,t1_chywat7,0.45327358490566033,0.40638297872340423,0.0468906061822561
p_1119,t3_277y4m,t1_chydb1h,t1_chyw4kk,0.5384,0.5036896551724138,0.03471034482758617
p_1120,t3_277x8k,t1_chyttqk,t1_chy9d0r,0.48855813953488386,0.45790972222222215,0.030648417312661713
p_1121,t3_276tlp,t1_chy7sh3,t1_chy0rmg,0.4342883333333335,0.4597142857142858,-0.0254259523809523
p_1124,t3_274620,t1_chxaxd7,t1_chx8gds,0.4764795918367347,0.4669210526315789,0.009558539205155814
p_1126,t3_273kmd,t1_chxd1h9,t1_chxj63m,0.47928280542986423,0.49435416666666665,-0.015071361236802416
p_1127,t3_273kmd,t1_chx2u1h,t1_chxabgz,0.47343785310734465,0.4989434782608693,-0.02550562515352467
p_1129,t3_271kgs,t1_chwkzvw,t1_chwjkzk,0.4524863636363635,0.4696639344262296,-0.017177570789866092
p_1130,t3_270lsq,t1_chwcze1,t1_chw9d8q,0.42140740740740745,0.4621769230769231,-0.040769515669515644
p_1131,t3_26zspu,t1_chw19hq,t1_chw183d,0.46081967213114755,0.4366562499999999,0.024163422131147638
p_1134,t3_26zc51,t1_chwc4g5,t1_chvxpww,0.45065909090909095,0.4110810810810812,0.03957800982800974
p_1136,t3_26yks9,t1_chvwhll,t1_chvq9oq,0.4640405405405405,0.40605,0.05799054054054048
p_1137,t3_26wd6r,t1_chv5dr8,t1_chv4tni,0.47166,0.46239999999999987,0.009260000000000157
p_1139,t3_26vy78,t1_chv29xs,t1_chv09i1,0.40517647058823536,0.4620862068965517,-0.05690973630831636
p_1140,t3_26uqns,t1_chuofxc,t1_chur6nz,0.5192156862745099,0.4785818181818183,0.040633868092691594
p_1141,t3_26ua0u,t1_chujiwj,t1_chujocf,0.4907522935779819,0.48167054263565895,0.009081750942322941
p_1142,t3_26u9dw,t1_chuufxu,t1_chukxnl,0.5196944444444445,0.381525,0.13816944444444446
p_1143,t3_26sh4n,t1_chu3p5h,t1_chu15ia,0.4340693641618496,0.44769791666666675,-0.013628552504817149
p_1146,t3_26rdo4,t1_chtuhl8,t1_chtxxpb,0.47505172413793095,0.4436086956521738,0.03144302848575714
p_1147,t3_26rdo4,t1_chu67p6,t1_chtrpps,0.49192592592592593,0.4709130434782609,0.021012882447665027
p_1148,t3_26q635,t1_chtgusq,t1_chtf56s,0.4805,0.48917857142857135,-0.008678571428571369
p_1149,t3_26p8jo,t1_cht981c,t1_chtj2ux,0.45788938053097344,0.46711363636363656,-0.00922425583266312
p_1150,t3_26p8jo,t1_cht9qr7,t1_chts9np,0.4469696969696969,0.4903602941176469,-0.043390597147950016
p_1152,t3_26oalr,t1_chsxcva,t1_chsx48j,0.4331103896103896,0.43287654320987656,0.00023384640051304917
p_1153,t3_26nxhn,t1_chsvwxu,t1_chsv0n8,0.4762723880597015,0.43206896551724117,0.04420342254246035
p_1154,t3_26nryd,t1_chsrqt8,t1_chsrvxo,0.4545794701986756,0.4192121212121212,0.035367348986554414
p_1155,t3_26nhjw,t1_cht4pkp,t1_chsu79i,0.45410683760683757,0.41837096774193544,0.035735869864902126
p_1156,t3_26nayb,t1_chssa9d,t1_chsv92t,0.4729704861111112,0.4839818548387098,-0.011011368727598614
p_1157,t3_26klj1,t1_chs03g4,t1_chryx19,0.4742663043478261,0.4758626373626373,-0.0015963330148112131
p_1158,t3_26klj1,t1_chs24pt,t1_chrz6c7,0.47308169934640515,0.4889200000000001,-0.015838300653594928
p_1160,t3_26hzf8,t1_chr8s7x,t1_chrles3,0.4328627450980393,0.487125,-0.05426225490196068
p_1161,t3_26hwea,t1_chrabe3,t1_chr8ld6,0.48257446808510646,0.5220795454545455,-0.039505077369439034
p_1162,t3_26gh41,t1_chrb2s3,t1_chrbbrp,0.5376380597014925,0.5332439024390244,0.004394157262468057
p_1163,t3_26dl3h,t1_chqfdzg,t1_chqb2dv,0.44171428571428567,0.4808815789473685,-0.03916729323308282
p_1164,t3_26d2uo,t1_chpypl8,t1_chpy5h4,0.5267241379310346,0.45681481481481495,0.06990932311621961
p_1166,t3_26chd9,t1_chprxii,t1_chpqlc3,0.47537096774193527,0.4751101694915254,0.00026079825040986604
p_1165,t3_26chd9,t1_chpu05i,t1_chpunzb,0.4559404761904762,0.4536058823529414,0.0023345938375347597
p_1168,t3_26b7qy,t1_chpe7k0,t1_chpfdw6,0.46354761904761893,0.4820360824742268,-0.01848846342660787
p_1167,t3_26b7qy,t1_chpl60e,t1_chpgldh,0.46353636363636364,0.4587760416666668,0.004760321969696835
p_1169,t3_26b1l1,t1_chphzs8,t1_chpj8nd,0.48186206896551725,0.395952380952381,0.08590968801313625
p_1170,t3_26b1l1,t1_chpkxvq,t1_chpr7to,0.44033068783068774,0.4452179487179488,-0.004887260887261047
p_1171,t3_26axzi,t1_chpfpjf,t1_chpch30,0.48797222222222225,0.4800750000000002,0.007897222222222056
p_1173,t3_26avz4,t1_chpvoyz,t1_chpdbyq,0.42689610389610405,0.39946226415094355,0.027433839745160504
p_1172,t3_26avz4,t1_chpk0aq,t1_chpkmh2,0.4336448275862067,0.4186176470588236,0.01502718052738311
p_1175,t3_266yvm,t1_cho98qb,t1_cho9whe,0.4576421800947866,0.47317688679245284,-0.015534706697666267
p_1176,t3_264xi6,t1_chnu7dr,t1_chntgnu,0.4844210526315788,0.44909375,0.035327302631578794
p_1177,t3_264iek,t1_chnlkj6,t1_chnpgap,0.4549915254237286,0.48605714285714285,-0.03106561743341424
p_1178,t3_26478q,t1_chnuzwc,t1_chni6ea,0.47043678160919544,0.4325803571428569,0.03785642446633852
p_1180,t3_26388i,t1_chn9wjm,t1_chn949h,0.5660433070866143,0.5196708074534162,0.046372499633198117
p_1179,t3_26388i,t1_chn995p,t1_chnvien,0.48577777777777786,0.5819705882352942,-0.09619281045751638
p_1182,t3_25xo3j,t1_chm80yd,t1_chlvz4j,0.4974285714285713,0.4682161016949153,0.029212469733655988
p_1183,t3_25xl5s,t1_chm54oj,t1_chlqmz0,0.46236504424778757,0.45187755102040816,0.010487493227379407
p_1184,t3_25x7qp,t1_chlltit,t1_chlyib1,0.4638472222222222,0.4790625000000001,-0.015215277777777925
p_1185,t3_25vncd,t1_chldip6,t1_chl5c1u,0.403821052631579,0.4290862068965517,-0.025265154264972667
p_1187,t3_25ttah,t1_chknoam,t1_chknr46,0.44651785714285713,0.43763636363636366,0.008881493506493476
p_1188,t3_25tb6s,t1_chkkbgt,t1_chkmpg8,0.5216769911504425,0.545671875,-0.023994883849557502
p_1189,t3_25tb6s,t1_chkkdg1,t1_chknu20,0.47895238095238096,0.513375,-0.03442261904761906
p_1190,t3_25suor,t1_chkfvbm,t1_chkg3m5,0.4758382352941175,0.5298787878787878,-0.05404055258467033
p_1193,t3_25scj1,t1_chkzgwk,t1_chkmkdy,0.47715625000000006,0.42853571428571424,0.04862053571428582
p_1194,t3_25r1ji,t1_chjyik3,t1_chk8w7b,0.5155392156862746,0.4666822429906543,0.04885697269562028
p_1195,t3_25po6v,t1_chjkkx8,t1_chjubyn,0.4842403846153846,0.4538552631578949,0.030385121457489728
p_1196,t3_25po6v,t1_chk8sqa,t1_chjubyn,0.483199346405229,0.4538552631578949,0.02934408324733412
p_1197,t3_25pnxw,t1_chjirvh,t1_chjpfx2,0.4992173913043478,0.5199888888888888,-0.020771497584541054
p_1198,t3_25pnxw,t1_chjjtas,t1_chjj0yp,0.4276515151515151,0.526046875,-0.09839535984848491
p_1199,t3_25oyan,t1_chjdqy8,t1_chjem5p,0.43378278688524624,0.44880799999999965,-0.01502521311475341
p_1200,t3_25nvz4,t1_chj0cy6,t1_chj0i1f,0.46391666666666675,0.456595744680851,0.007320921985815743
p_1201,t3_25n272,t1_chiubth,t1_chitirm,0.465965909090909,0.477734375,-0.011768465909090975
p_1202,t3_25n272,t1_chiu5hs,t1_chiulpy,0.49337730061349705,0.47744318181818174,0.01593411879531531
p_1205,t3_25lg8m,t1_chigspr,t1_chiogt6,0.49859183673469387,0.4418265306122449,0.056765306122448955
p_1206,t3_25l0uy,t1_chi8i2g,t1_chi832d,0.5186043165467628,0.4862916666666668,0.03231264988009597
p_1207,t3_25l0uy,t1_chi7njk,t1_chi7tu1,0.5341033333333335,0.4734599999999999,0.060643333333333604
p_1211,t3_25itrj,t1_chhmwgg,t1_chi69ds,0.4759000000000001,0.5010999999999999,-0.025199999999999778
p_1212,t3_25im4s,t1_chhkumz,t1_chhjyki,0.4637898550724639,0.4796129032258063,-0.0158230481533424
p_1213,t3_25ha18,t1_chh8ifw,t1_chheuzj,0.4709157303370787,0.4292016129032258,0.04171411743385289
p_1214,t3_25ha18,t1_chh6qmk,t1_chhe1dy,0.4876089743589743,0.44063829787234043,0.04697067648663389
p_1216,t3_25gqr3,t1_chh26by,t1_chhh81o,0.431695652173913,0.43716049382716055,-0.005464841653247565
p_1217,t3_25gqr3,t1_chh8rrt,t1_chhh81o,0.4511695501730102,0.43716049382716055,0.014009056345849646
p_1218,t3_25fjdx,t1_chgsfko,t1_chgwtsq,0.40796907216494843,0.4579699999999999,-0.050000927835051445
p_1219,t3_25emz1,t1_chgg0g9,t1_chgig4z,0.47894767441860475,0.46530000000000005,0.013647674418604705
p_1220,t3_25emz1,t1_chgg5ng,t1_chgir2d,0.47559426229508184,0.5071136363636363,-0.03151937406855443
p_1221,t3_25e9jx,t1_chggnry,t1_chge47o,0.48088855421686766,0.491472972972973,-0.01058441875610533
p_1223,t3_25dxbd,t1_chg9dqe,t1_chg8ogo,0.5044166666666666,0.49923437499999995,0.005182291666666672
p_1227,t3_255hmb,t1_chdweq6,t1_chemebp,0.4896124999999997,0.48689166666666667,0.002720833333333006
p_1229,t3_254zub,t1_chdvkgy,t1_chdwf9h,0.47928313253012045,0.4766702127659574,0.0026129197641630575
p_1231,t3_254y08,t1_cheumim,t1_chds6fo,0.47676785714285713,0.44358333333333344,0.03318452380952369
p_1233,t3_25397z,t1_chda336,t1_chdw4w9,0.4801000000000002,0.47204716981132055,0.008052830188679638
p_1237,t3_251sp2,t1_chcu4b5,t1_chctls6,0.4404857142857142,0.4957021276595745,-0.055216413373860296
p_1238,t3_251sp2,t1_chct90x,t1_chctls6,0.46985714285714286,0.4957021276595745,-0.025844984802431636
p_1239,t3_24y1ch,t1_chbuciq,t1_chbrxsr,0.4585283018867924,0.49089999999999995,-0.03237169811320756
p_1240,t3_24xvdh,t1_chc0kbp,t1_chbz1m4,0.4533035714285714,0.4406506024096386,0.012652969018932814
p_1241,t3_24xu2q,t1_chbubti,t1_chbry7z,0.38829285714285705,0.3992954545454546,-0.01100259740259757
p_1242,t3_24xu2q,t1_chc4ef4,t1_chbry7z,0.4695472972972974,0.3992954545454546,0.07025184275184276
p_1244,t3_24w4ny,t1_chb93ff,t1_chb9gll,0.4455489510489512,0.4664358974358975,-0.02088694638694627
p_1245,t3_24w2l9,t1_chb9cc8,t1_chb90uk,0.48756722689075654,0.4352093023255812,0.05235792456517535
p_1246,t3_24v6pp,t1_chbpbt5,t1_chb0vnk,0.4743116883116884,0.4478103448275862,0.026501343484102213
p_1247,t3_24v4li,t1_chb1bwz,t1_chb0q8j,0.42050000000000004,0.40685483870967754,0.013645161290322505
p_1249,t3_24v147,t1_chbavh7,t1_chbf3nm,0.44401797945205457,0.45482291666666685,-0.010804937214612287
p_1251,t3_24u1tt,t1_chatgr3,t1_chap2b6,0.4551011235955054,0.44169642857142855,0.013404695024076874
p_1252,t3_24svid,t1_chabtmq,t1_chabwh6,0.5649357142857142,0.46669565217391307,0.09824006211180114
p_1255,t3_24se6g,t1_cha8lpp,t1_cha7yte,0.45186144578313236,0.44248275862068975,0.009378687162442612
p_1256,t3_24sb0f,t1_cha6mi6,t1_cha8ryw,0.4887314814814814,0.4629249999999999,0.025806481481481458
p_1257,t3_24qqog,t1_ch9zipy,t1_ch9sfw0,0.522409090909091,0.5723157894736842,-0.04990669856459318
p_1258,t3_24pgmg,t1_ch9fo96,t1_ch9x7xg,0.45827586206896553,0.4544144736842104,0.003861388384755138
p_1261,t3_24mdbl,t1_ch8og6w,t1_ch8j52p,0.47920930232558145,0.4961849315068491,-0.01697562918126766
p_1262,t3_24m6ig,t1_ch8nkas,t1_ch8kf1q,0.481921875,0.4340081967213114,0.04791367827868859
p_1264,t3_24j7qu,t1_ch7qjkg,t1_ch7uy3e,0.4951029411764707,0.4838937499999999,0.01120919117647079
p_1265,t3_24io3e,t1_ch7na38,t1_ch7ieyl,0.45985087719298245,0.5409591836734694,-0.08110830648048695
p_1266,t3_24io3e,t1_ch7pz3m,t1_ch7ieyl,0.5386693548387096,0.5409591836734694,-0.0022898288347598106
p_1267,t3_24hwd5,t1_ch7gi99,t1_ch7affk,0.48405405405405394,0.4959615384615384,-0.011907484407484459
p_1268,t3_24h3zr,t1_ch72c4s,t1_ch72cof,0.4862058823529412,0.48891999999999997,-0.002714117647058756
p_1269,t3_24g8ii,t1_ch71nlc,t1_ch6tmiv,0.44938848920863317,0.4838387096774194,-0.03445022046878621
p_1270,t3_24g4hq,t1_ch7257w,t1_ch6va5a,0.4662558139534884,0.44008695652173907,0.02616885743174935
p_1278,t3_24c5qv,t1_ch5oa5w,t1_ch5ogse,0.5515710059171597,0.48274218750000003,0.06882881841715965
p_1279,t3_24c5qv,t1_ch5ow4l,t1_ch5ogse,0.5005939393939398,0.48274218750000003,0.017851751893939782
p_1280,t3_24c1q3,t1_ch5uakf,t1_ch60ays,0.44927647058823533,0.52695,-0.0776735294117647
p_1281,t3_24c1q3,t1_ch61d0c,t1_ch5ursh,0.4407184466019419,0.43156441717791394,0.009154029424027987
p_1282,t3_24c1q3,t1_ch5uoui,t1_ch5ugkf,0.472442857142857,0.5210185185185185,-0.04857566137566155
p_1283,t3_24c1q3,t1_ch5zt5k,t1_ch5p4qj,0.48586184210526323,0.4713863636363637,0.014475478468899516
p_1284,t3_24bx3p,t1_ch5nu6w,t1_ch5ot5q,0.4980616438356164,0.5340405405405405,-0.0359788967049241
p_1285,t3_24bof3,t1_ch5k7ny,t1_ch5m04n,0.49094999999999983,0.47783333333333333,0.013116666666666499
p_1286,t3_24bof3,t1_ch5k4dl,t1_ch5phng,0.47582673267326736,0.48851764705882345,-0.012690914385556085
p_1287,t3_24b8ko,t1_ch5ozwp,t1_ch66f4q,0.4804238095238093,0.4616699507389164,0.018753858784892885
p_1288,t3_249sxa,t1_ch53so7,t1_ch4zs42,0.3927058823529413,0.46711538461538465,-0.07440950226244336
p_1289,t3_249l1k,t1_ch4xsez,t1_ch57rrn,0.39679545454545456,0.387675,0.00912045454545457
p_1290,t3_248s83,t1_ch4snfe,t1_ch4qx6q,0.4210591397849463,0.4714523809523809,-0.0503932411674346
p_1291,t3_248bcr,t1_ch4oftd,t1_ch51bt3,0.4432644736842105,0.5100802752293578,-0.06681580154514732
p_1295,t3_24509o,t1_ch3osvi,t1_ch3yyjg,0.4954725000000002,0.5030298913043478,-0.007557391304347627
p_1296,t3_244kp1,t1_ch3jo95,t1_ch3iw1o,0.4987589285714285,0.5097916666666665,-0.011032738095238026
p_1297,t3_244bft,t1_ch3gjc7,t1_ch3m2j3,0.40017499999999995,0.4332073170731707,-0.033032317073170725
p_1301,t3_23yke6,t1_ch1tbc6,t1_ch22rmp,0.4295138888888889,0.42408000000000007,0.005433888888888849
p_1302,t3_23yke6,t1_ch21i1v,t1_ch21o13,0.3878076923076922,0.39108865248226965,-0.003280960174577463
p_1305,t3_23yke6,t1_ch29mf9,t1_ch1y1ws,0.3955320512820513,0.3258333333333334,0.0696987179487179
p_1303,t3_23yke6,t1_ch1xh6r,t1_ch20pf2,0.3975,0.3455714285714285,0.051928571428571546
p_1304,t3_23yke6,t1_ch1vy27,t1_ch22rmp,0.497711111111111,0.42408000000000007,0.07363111111111093
p_1308,t3_23xw5n,t1_ch20pmq,t1_ch1orox,0.509438596491228,0.4949642857142858,0.014474310776942223
p_1311,t3_23xekl,t1_ch1ihvg,t1_ch1ih9d,0.46766871165644175,0.4649666666666667,0.0027020449897750543
p_1310,t3_23xekl,t1_ch1lcbj,t1_ch1tafi,0.4462218309859155,0.4540131578947369,-0.007791326908821394
p_1312,t3_23wvv9,t1_ch1cxo2,t1_ch1d10a,0.5101973684210526,0.4804391891891892,0.029758179231863358
p_1315,t3_23wvv9,t1_ch1d1et,t1_ch1czsx,0.5100735294117648,0.5522666666666667,-0.042193137254901925
p_1314,t3_23wvv9,t1_ch1dgtk,t1_ch1czsx,0.5504857142857142,0.5522666666666667,-0.0017809523809524386
p_1313,t3_23wvv9,t1_ch1cuwx,t1_ch1d10a,0.536241935483871,0.4804391891891892,0.05580274629468179
p_1316,t3_23wvv9,t1_ch1dvsg,t1_ch1d10a,0.5152327586206896,0.4804391891891892,0.034793569431500415
p_1317,t3_23vw8b,t1_ch130xw,t1_ch12knl,0.5707653061224492,0.50128,0.0694853061224493
p_1318,t3_23vw8b,t1_ch13k3n,t1_ch12knl,0.5749791666666667,0.50128,0.07369916666666676
p_1319,t3_23vw8b,t1_ch149yl,t1_ch13pcr,0.5256861702127661,0.5423437499999999,-0.01665757978723381
p_1320,t3_23vvzm,t1_ch1f49t,t1_ch12o3l,0.42943124999999993,0.43365909090909105,-0.004227840909091118
p_1322,t3_23ou3x,t1_cgz6lk9,t1_cgz4coy,0.5028050847457626,0.47096153846153843,0.031843546284224145
p_1324,t3_23mgec,t1_cgygajp,t1_cgyvk0r,0.3957333333333335,0.4649285714285716,-0.06919523809523809
p_1326,t3_23lqtl,t1_cgybkki,t1_cgy8g3b,0.4219809160305342,0.4348650793650793,-0.012884163334545062
p_1327,t3_23lqtl,t1_cgy90vi,t1_cgyg9t2,0.41901851851851846,0.4403857142857143,-0.021367195767195868
p_1328,t3_23litg,t1_cgy73k6,t1_cgyu73z,0.4653286516853936,0.44258965517241367,0.022738996512979948
p_1329,t3_23kv7b,t1_cgxzsco,t1_cgy6k1w,0.4888375,0.45122727272727264,0.03761022727272734
p_1330,t3_23kv7b,t1_cgy0cn3,t1_cgy04hq,0.4349701492537314,0.4210277777777777,0.013942371475953674
p_1331,t3_23kv7b,t1_cgy2g6p,t1_cgy5vy7,0.38328124999999996,0.44468518518518524,-0.06140393518518528
p_1332,t3_23kv7b,t1_cgy0c2d,t1_cgy551n,0.4479818181818181,0.4396153846153846,0.008366433566433518
p_1333,t3_23kv7b,t1_cgy6gid,t1_cgyrejw,0.4916034482758621,0.4546551724137931,0.036948275862069
p_1334,t3_23kit3,t1_cgxz084,t1_cgxx7gu,0.45204242424242425,0.46495967741935496,-0.01291725317693071
p_1335,t3_23k2q0,t1_cgxw1t2,t1_cgxturs,0.46049333333333353,0.4738636363636365,-0.013370303030302955
p_1336,t3_23jz53,t1_cgxr95k,t1_cgxqswm,0.4433565891472869,0.42720312499999996,0.01615346414728691
p_1337,t3_23jmyp,t1_cgxs8kb,t1_cgxn99f,0.47408241758241726,0.5162666666666668,-0.0421842490842495
p_1338,t3_23ijp4,t1_cgxcr0l,t1_cgxdbde,0.44324352331606215,0.42315359477124187,0.02008992854482028
p_1341,t3_23c5x0,t1_cgvl8vi,t1_cgvm637,0.5036544715447154,0.4600933333333334,0.04356113821138202
p_1342,t3_239u21,t1_cguzcxq,t1_cgv142h,0.46189024390243905,0.46021428571428574,0.0016759581881533037
p_1343,t3_238wk7,t1_cgumv5c,t1_cgvmt4w,0.49246766169154216,0.4757954545454544,0.016672207146087747
p_1344,t3_238afg,t1_cguflf3,t1_cgufoko,0.6199183673469386,0.48102941176470587,0.13888895558223274
p_1345,t3_2375b2,t1_cgu92dz,t1_cgu3uvw,0.45957714285714296,0.42713970588235284,0.032437436974790124
p_1346,t3_2371el,t1_cguakwg,t1_cgu6rya,0.4242686567164178,0.4513532110091743,-0.027084554292756524
p_1347,t3_2360o1,t1_cgtz3wv,t1_cgtwa3q,0.48774019607843155,0.5233333333333333,-0.03559313725490176
p_1348,t3_2360o1,t1_cgu0cre,t1_cgtsaaa,0.4253134715025908,0.46734274193548375,-0.04202927043289295
p_1353,t3_22z33y,t1_cgrsuna,t1_cgs2mn3,0.48290909090909095,0.4284285714285714,0.054480519480519574
p_1354,t3_22z33y,t1_cgrugp5,t1_cgs6ju7,0.486655172413793,0.5410781250000001,-0.05442295258620705
p_1355,t3_22y28i,t1_cgriyct,t1_cgrjo9h,0.5534655172413793,0.5145238095238095,0.03894170771756977
p_1358,t3_22xij5,t1_cgrqv9h,t1_cgrcwvc,0.46389716312056745,0.4524263157894737,0.01147084733109377
p_1356,t3_22xij5,t1_cgrcz5o,t1_cgrcq5k,0.47678448275862056,0.45968604651162775,0.01709843624699281
p_1359,t3_22wdaq,t1_cgr4744,t1_cgr1g25,0.485388888888889,0.4274905660377358,0.057898322851153206
p_1361,t3_22uku3,t1_cgqjbhc,t1_cgqivn8,0.43209615384615385,0.5022102803738315,-0.07011412652767768
p_1362,t3_22uku3,t1_cgqlrwl,t1_cgqjogl,0.45649469964664335,0.46580344827586206,-0.00930874862921871
p_1364,t3_22uku3,t1_cgqquh7,t1_cgqjogl,0.48616504854368936,0.46580344827586206,0.020361600267827296
p_1363,t3_22uku3,t1_cgqkdik,t1_cgqivn8,0.47561764705882364,0.5022102803738315,-0.026592633315007885
p_1365,t3_22ujpc,t1_cgqjh6c,t1_cgqk4rp,0.528030612244898,0.5102142857142857,0.01781632653061227
p_1367,t3_22s6od,t1_cgpvjq6,t1_cgpumps,0.4569613402061857,0.5388469387755103,-0.08188559856932459
p_1368,t3_22s540,t1_cgpw23e,t1_cgq0y5h,0.4733948126801157,0.5073003246753244,-0.03390551199520869
p_1369,t3_22ro8l,t1_cgpubok,t1_cgpq38y,0.4878706467661694,0.49841911764705893,-0.010548470880889504
p_1373,t3_22rciz,t1_cgppvl3,t1_cgps3lm,0.4600390624999999,0.41587209302325584,0.044166969476744034
p_1375,t3_22p8vc,t1_cgp1ivx,t1_cgp2qt7,0.43075000000000013,0.4288378378378377,0.0019121621621624452
p_1376,t3_22p8vc,t1_cgph660,t1_cgp2qt7,0.45384984025559116,0.4288378378378377,0.025012002417753476
p_1378,t3_22oxbh,t1_cgpbtta,t1_cgp8xyo,0.5838636363636364,0.523787356321839,0.060076280041797325
p_1381,t3_22kmvs,t1_cgnqvsu,t1_cgns9dq,0.42069166666666674,0.44745132743362825,-0.026759660766961513
p_1382,t3_22kmvs,t1_cgnr65q,t1_cgnr89a,0.42872916666666666,0.4575408163265308,-0.028811649659864158
p_1383,t3_22kmvs,t1_cgnqzqt,t1_cgns9dq,0.44759375000000007,0.44745132743362825,0.00014242256637181372
p_1385,t3_22jhn2,t1_cgneze9,t1_cgnl46h,0.5140468749999998,0.49078512396694224,0.023261751033057554
p_1387,t3_22f1kj,t1_cgm6jha,t1_cgs195e,0.4895000000000001,0.4657666666666668,0.02373333333333333
p_1388,t3_22f1kj,t1_cgm7mon,t1_cgmavew,0.4659327586206897,0.5191818181818182,-0.053249059561128465
p_1389,t3_22f1kj,t1_cgm6vi2,t1_cgm6jxw,0.44932246376811613,0.4297166666666666,0.01960579710144955
p_1392,t3_22akzj,t1_cgl8lo1,t1_cgkxjgo,0.4504518348623853,0.46204255319148946,-0.011590718329104133
p_1394,t3_22aivj,t1_cglicrz,t1_cgl0x83,0.5038125,0.3944677419354839,0.1093447580645161
p_1395,t3_22aivj,t1_cgljc74,t1_cgl10xq,0.44203921568627463,0.47779999999999995,-0.03576078431372531
p_1396,t3_22a5ni,t1_cgktqwp,t1_cgkttdk,0.49162222222222235,0.47955263157894745,0.012069590643274897
p_1397,t3_22a3qs,t1_cgkvrr0,t1_cgkykbh,0.445275229357798,0.4206399999999999,0.024635229357798105
p_1398,t3_22a3qs,t1_cgl1hm0,t1_cgkykbh,0.4268709677419355,0.4206399999999999,0.0062309677419356
p_1399,t3_22a3qs,t1_cgl1h03,t1_cgkykbh,0.46168888888888887,0.4206399999999999,0.04104888888888897
p_1400,t3_22a37m,t1_cgksfxc,t1_cgkymem,0.4710471698113208,0.4564642857142857,0.014582884097035065
p_1401,t3_228zyi,t1_cgkk4t4,t1_cgklgw6,0.40985000000000005,0.45916666666666667,-0.04931666666666662
p_1402,t3_228zup,t1_cgkizxk,t1_cgklh2w,0.44299166666666684,0.4662386363636363,-0.02324696969696949
p_1403,t3_227jtk,t1_cgkj9t2,t1_cgk3y74,0.4578692307692307,0.4523481012658228,0.0055211295034078844
p_1404,t3_2274kr,t1_cgk4b3c,t1_cgk2ayk,0.4408471428571428,0.48787969924812036,-0.04703255639097753
p_1406,t3_226qii,t1_cgjxbij,t1_cgjwndb,0.4698061224489796,0.4309857142857141,0.03882040816326554
p_1408,t3_225n20,t1_cgjsq8n,t1_cgjxoyj,0.4672575757575758,0.4522958579881657,0.014961717769410132
p_1409,t3_225n20,t1_cgjse9y,t1_cgjto4c,0.43935714285714284,0.48552777777777784,-0.046170634920635
p_1411,t3_2235f3,t1_cgj1syh,t1_cgj12cs,0.5783906249999999,0.4715694444444445,0.10682118055555545
p_1413,t3_222civ,t1_cgiu51l,t1_cgiukpc,0.483175799086758,0.44464625850340145,0.03852954058335656
p_1414,t3_222civ,t1_cgj0qyo,t1_cgir9ho,0.45991428571428566,0.4599375,-2.3214285714334704e-05
p_1416,t3_2225gv,t1_cgimlkk,t1_cgio20w,0.4953191489361703,0.44899999999999995,0.04631914893617034
p_1417,t3_221bir,t1_cgif7kr,t1_cgixpf6,0.5605677966101694,0.5398194444444444,0.020748352165725015
p_1418,t3_220tb9,t1_cgi94sd,t1_cgic9mq,0.3998278688524589,0.4366314102564102,-0.03680354140395131
p_1422,t3_21ufiz,t1_cghj1f0,t1_cggsmnl,0.5379242424242424,0.46911363636363634,0.06881060606060607
p_1423,t3_21tk7p,t1_cgggqyw,t1_cgghrhl,0.5185862068965517,0.4313932038834951,0.08719300301305655
p_1425,t3_21tdqe,t1_cggbp4k,t1_cggl2kk,0.44419565217391294,0.5047972972972974,-0.06060164512338445
p_1426,t3_21syfg,t1_cgg7z22,t1_cgg8cok,0.5338108108108108,0.49480909090909087,0.03900171990171997
p_1428,t3_21ssfi,t1_cgg6xv3,t1_cggf9u8,0.4905208333333333,0.4704999999999999,0.020020833333333377
p_1436,t3_21pkk6,t1_cgfbywq,t1_cgfbp9c,0.45432182320441994,0.4867153846153847,-0.03239356141096478
p_1437,t3_21okwn,t1_cgf2798,t1_cgf5s9n,0.48572440944881895,0.47270270270270254,0.013021706746116413
p_1438,t3_21lleu,t1_cgec0uu,t1_cgebs0x,0.39304580152671753,0.4278556338028168,-0.034809832276099295
p_1439,t3_21l4k2,t1_cge4eyu,t1_cge6hi9,0.436327868852459,0.48058695652173905,-0.04425908766928005
p_1441,t3_21id1m,t1_cgdf3o7,t1_cgdlgwq,0.5060568181818181,0.4566785714285714,0.04937824675324676
p_1447,t3_21eskl,t1_cgcdlrz,t1_cgccad9,0.4940781250000001,0.4525468750000002,0.04153124999999991
p_1449,t3_21dzb8,t1_cgc6vmk,t1_cgcdz22,0.4225384615384616,0.4059264705882354,0.016611990950226196
p_1450,t3_21ceh3,t1_cgbp7v2,t1_cgbpnct,0.427709090909091,0.45775757575757575,-0.03004848484848477
p_1451,t3_21c4g5,t1_cgbm0ol,t1_cgbmkir,0.44852000000000036,0.4950592105263157,-0.04653921052631532
p_1454,t3_21bodq,t1_cgbktwy,t1_cgboulw,0.4452828571428569,0.4320882352941176,0.013194621848739319
p_1455,t3_21aaav,t1_cgb4hag,t1_cgb7k83,0.49357999999999996,0.4641515151515152,0.02942848484848476
p_1456,t3_219ie7,t1_cgawtkk,t1_cgaywpa,0.48791071428571453,0.42740151515151514,0.06050919913419939
p_1457,t3_219ie7,t1_cgay26g,t1_cgaxh04,0.48097349823321583,0.45143000000000005,0.02954349823321578
p_1459,t3_219hll,t1_cgb9i7f,t1_cgawgmy,0.4574285714285716,0.4365,0.020928571428571574
p_1461,t3_218cj0,t1_cgb7957,t1_cgakc8p,0.4909444444444444,0.547705882352941,-0.05676143790849664
p_1460,t3_218cj0,t1_cgb4zyw,t1_cgalms8,0.47130813953488365,0.47940579710144926,-0.008097657566565608
p_1462,t3_218cay,t1_cganctm,t1_cgb5b16,0.49633391003460203,0.47925000000000023,0.0170839100346018
p_1464,t3_217z08,t1_cgamd0q,t1_cgam4in,0.4830368852459014,0.47145151515151534,0.011585370094386038
p_1466,t3_216l8g,t1_cga5u8e,t1_cgaj501,0.5099357142857143,0.5202666666666667,-0.010330952380952385
p_1468,t3_216l8g,t1_cgadifw,t1_cgamd1h,0.5274624505928853,0.49006349206349203,0.03739895852939329
p_1469,t3_216l8g,t1_cga5vm9,t1_cgad30r,0.49324657534246563,0.47412499999999996,0.01912157534246567
p_1470,t3_216c3c,t1_cgaclvt,t1_cgb76ib,0.5081587301587301,0.448,0.060158730158730134
p_1471,t3_2156ec,t1_cg9t3jm,t1_cg9v9lh,0.49502040816326537,0.4834756097560975,0.011544798407167878
p_1472,t3_2156ec,t1_cg9sith,t1_cg9v9lh,0.4533870967741936,0.4834756097560975,-0.030088512981903903
p_1473,t3_213mm2,t1_cg9agr0,t1_cg9bbci,0.42305384615384617,0.4557783505154639,-0.03272450436161772
p_1474,t3_2130o9,t1_cg973lr,t1_cg99h0r,0.44420532915360506,0.47653146853146866,-0.032326139377863605
p_1475,t3_2108o3,t1_cg8g5m0,t1_cg8vacp,0.45111217948717963,0.4525166666666666,-0.0014044871794869906
p_1477,t3_2108o3,t1_cg8pfcj,t1_cg8em1w,0.43975,0.47301262626262647,-0.03326262626262649
p_1476,t3_2108o3,t1_cg8g18c,t1_cg8gp2o,0.4151648936170213,0.4966511627906977,-0.0814862691736764
p_1478,t3_2100tm,t1_cg8bjor,t1_cg8bpfd,0.4362777777777778,0.48526923076923084,-0.04899145299145302
p_1479,t3_2100tm,t1_cg8bkva,t1_cg8cadv,0.45546815286624187,0.4672289719626166,-0.01176081909637472
p_1480,t3_21006g,t1_cg8ektc,t1_cg8c67y,0.48861313868613127,0.43681875000000003,0.05179438868613123
p_1481,t3_21006g,t1_cg8d5l7,t1_cg8jki4,0.4135961538461539,0.42221153846153836,-0.00861538461538447
p_1482,t3_21006g,t1_cg8k5af,t1_cg8jacm,0.4467281250000002,0.44249740259740244,0.004230722402597753
p_1483,t3_20y74d,t1_cg7uqnx,t1_cg7xgcc,0.47439285714285717,0.5083730158730161,-0.033980158730158916
p_1484,t3_20xnem,t1_cg7p4ea,t1_cg872iu,0.5276176470588235,0.5061048387096774,0.02151280834914615
p_1485,t3_20xnem,t1_cg7py0i,t1_cg872iu,0.47674603174603153,0.5061048387096774,-0.029358806963645845
p_1486,t3_20w0tt,t1_cg7p8xg,t1_cg7r3mc,0.46558695652173904,0.43998484848484853,0.025602108036890503
p_1487,t3_20vzfs,t1_cg7cbh1,t1_cg7cj2w,0.4505833333333332,0.4604659090909091,-0.009882575757575895
p_1488,t3_20v70n,t1_cg725lz,t1_cg73vfe,0.4619999999999998,0.4621842105263158,-0.00018421052631600876
p_1489,t3_20smoi,t1_cg6kjc3,t1_cg6ejad,0.4709750000000001,0.4918521126760563,-0.020877112676056186
p_1495,t3_20ofb2,t1_cg5pkgq,t1_cg5ixhz,0.5249897959183671,0.6177169811320755,-0.09272718521370837
p_1499,t3_20nrcb,t1_cg543t2,t1_cg552uu,0.5078533333333335,0.46979000000000015,0.03806333333333334
p_1502,t3_20mxh2,t1_cg5cj8f,t1_cg5k6xt,0.4740206896551725,0.5043247422680412,-0.030304052612868726
p_1504,t3_20mjdj,t1_cg682ww,t1_cg4t0cc,0.4896893203883496,0.4642384615384616,0.025450858849888014
p_1503,t3_20mjdj,t1_cg4pg7g,t1_cg4t0cc,0.510015625,0.4642384615384616,0.04577716346153837
p_1505,t3_20madh,t1_cg4ndzh,t1_cg4rj03,0.43270197044334957,0.44503816793893125,-0.01233619749558168
p_1508,t3_20krmr,t1_cg48d5v,t1_cg4a1y8,0.43222222222222234,0.464,-0.03177777777777768
p_1509,t3_20k8w4,t1_cg4aii2,t1_cg48eux,0.45334444444444477,0.4603888888888889,-0.007044444444444131
p_1510,t3_20k2rr,t1_cg419ms,t1_cg412ex,0.4905144927536231,0.4656534653465345,0.024861027407088565
p_1511,t3_20jx3a,t1_cg3ylll,t1_cg3zhj7,0.46626724137931025,0.47578472222222207,-0.009517480842911819
p_1512,t3_20iv9v,t1_cg3ns2w,t1_cg44wwu,0.46615217391304353,0.4372789473684211,0.028873226544622432
p_1513,t3_20iv9v,t1_cg3y5m7,t1_cg44wwu,0.49240625,0.4372789473684211,0.05512730263157889
p_1515,t3_20i4lp,t1_cg3uys9,t1_cg3hmbl,0.46045000000000025,0.4379833333333333,0.022466666666666968
p_1516,t3_20i4lp,t1_cg48c3a,t1_cg3j6v8,0.49460638297872334,0.4986969696969697,-0.0040905867182463584
p_1517,t3_20i32o,t1_cg3g5qn,t1_cg3h1s6,0.4792048192771085,0.4965328947368422,-0.017328075459733694
p_1518,t3_20hoh2,t1_cg3e8tj,t1_cg3e1q3,0.4586300000000001,0.5140182926829268,-0.055388292682926665
p_1519,t3_20h3n2,t1_cg35tve,t1_cg35vpg,0.45657407407407424,0.5176136363636363,-0.06103956228956209
p_1520,t3_20gyw4,t1_cg3bvu3,t1_cg3fsc7,0.40545454545454546,0.4775434782608695,-0.07208893280632406
p_1521,t3_20gyw4,t1_cg3fs5u,t1_cg3fsc7,0.4414901960784315,0.4775434782608695,-0.03605328218243803
p_1523,t3_20evic,t1_cg2s2cg,t1_cg2kgg6,0.44754166666666667,0.4189791666666666,0.028562500000000046
p_1524,t3_20er8m,t1_cg2kh0h,t1_cg349wx,0.4776190476190476,0.45162280701754365,0.02599624060150396
p_1526,t3_20er8m,t1_cg2pphh,t1_cg349wx,0.45188461538461533,0.45162280701754365,0.00026180836707168087
p_1529,t3_20ccdh,t1_cg1yrvx,t1_cg21j64,0.4543583333333333,0.5357613636363635,-0.0814030303030302
p_1530,t3_20c7cz,t1_cg1yw0u,t1_cg1tdlz,0.40039655172413796,0.4259090909090909,-0.025512539184952943
p_1531,t3_20bjzj,t1_cg1npcb,t1_cg1np4p,0.44512500000000005,0.4603243243243244,-0.01519932432432436
p_1532,t3_20bc4h,t1_cg1kcaj,t1_cg1q9b0,0.44409451219512225,0.4674041095890411,-0.023309597393918857
p_1533,t3_20bc4h,t1_cg1k60u,t1_cg1m2xr,0.49661904761904774,0.49387777777777775,0.0027412698412699887
p_1536,t3_208uz9,t1_cg0x68o,t1_cg0vcfi,0.4534870129870131,0.48020312500000006,-0.02671611201298696
p_1538,t3_208uz9,t1_cg10g34,t1_cg0vx6c,0.5151428571428571,0.4658928571428573,0.04924999999999985
p_1539,t3_20771y,t1_cg0g3o7,t1_cg0kgnu,0.4126724137931035,0.42633870967741927,-0.013666295884315782
p_1541,t3_2067hy,t1_cg07wrp,t1_cg0fxc1,0.43859770114942537,0.4614181818181818,-0.022820480668756415
p_1542,t3_2067hy,t1_cg0du69,t1_cg0fxc1,0.44397014925373135,0.4614181818181818,-0.017448032564450433
p_1543,t3_205wgp,t1_cg034et,t1_cg0lm1r,0.42391304347826086,0.46940909090909094,-0.04549604743083008
p_1545,t3_2055ga,t1_cg005x6,t1_cfzyi1j,0.49619767441860485,0.5455754716981132,-0.049377797279508306
p_1546,t3_20552o,t1_cfzv2ca,t1_cfzutd1,0.46383333333333326,0.47062142857142847,-0.006788095238095204
p_1547,t3_202dsz,t1_cfz5omt,t1_cfz8mj9,0.46385849056603756,0.5388479853479853,-0.07498949478194772
p_1548,t3_1zyxf5,t1_cfykpyh,t1_cfy8x1q,0.5169507042253522,0.48016463414634136,0.0367860700790108
p_1549,t3_1zwn1x,t1_cfxnbo6,t1_cfxnnsj,0.41416363636363623,0.390639534883721,0.023524101479915238
p_1550,t3_1zw7ln,t1_cfxj320,t1_cfxj5az,0.46856250000000005,0.4172333333333332,0.05132916666666687
p_1551,t3_1zuvxw,t1_cfxe20o,t1_cfxmqh6,0.4497736842105264,0.46546875000000004,-0.01569506578947366
p_1552,t3_1zu61l,t1_cfwzylm,t1_cfx0hao,0.4353827160493826,0.3988333333333334,0.03654938271604924
p_1553,t3_1ztvka,t1_cfwxsqx,t1_cfwws2r,0.49527616279069775,0.45611627906976737,0.03915988372093038
p_1555,t3_1zs621,t1_cfwvfc8,t1_cfwgped,0.42697754749568234,0.4149905660377358,0.011986981457946522
p_1557,t3_1zradb,t1_cfwcpec,t1_cfwls65,0.45192295081967215,0.43487545787545784,0.017047492944214315
p_1558,t3_1zmsp5,t1_cfv2q6b,t1_cfv12db,0.45494531250000003,0.4855343137254902,-0.030589001225490187
p_1561,t3_1zj8xe,t1_cfuhnxj,t1_cfu7ye4,0.42764285714285716,0.4199333333333332,0.007709523809523944
p_1563,t3_1zixnc,t1_cfu2ihk,t1_cfufvm6,0.4173526315789472,0.43196956521739155,-0.014616933638444352
p_1564,t3_1zixnc,t1_cfufgl4,t1_cfu8t82,0.44283458646616564,0.4435065789473685,-0.0006719924812028655
p_1565,t3_1zga9j,t1_cfth378,t1_cfthktn,0.47355468750000007,0.4783958333333334,-0.004841145833333338
p_1566,t3_1zfi9r,t1_cft7656,t1_cft6dvp,0.48843706293706296,0.5027109375000001,-0.014273874562937106
p_1567,t3_1zdgxp,t1_cfspefn,t1_cfsoeq2,0.4586088709677419,0.4681086956521739,-0.009499824684432001
p_1568,t3_1zav5a,t1_cfs128g,t1_cfs8we4,0.4273571428571427,0.47028571428571453,-0.042928571428571816
p_1569,t3_1zav5a,t1_cfs14jd,t1_cfs27v4,0.4025540540540539,0.42938709677419357,-0.026833042720139644
p_1570,t3_1z9uki,t1_cfrtm9j,t1_cfrtrpp,0.47248913043478263,0.45183870967741935,0.020650420757363286
p_1571,t3_1z9nj1,t1_cfrvhp5,t1_cfrt1zr,0.4135857142857143,0.43798684210526306,-0.024401127819548785
p_1572,t3_1z9nj1,t1_cfs2slp,t1_cfrt1zr,0.4249875,0.43798684210526306,-0.012999342105263045
p_1575,t3_1z4j07,t1_cfqjgtm,t1_cfqfpgt,0.4849363636363636,0.463421568627451,0.021514795008912624
p_1576,t3_1z3vej,t1_cfq9l33,t1_cfq9m7b,0.4653222222222222,0.48795161290322575,-0.02262939068100356
p_1577,t3_1z2m65,t1_cfpz5ni,t1_cfqe6na,0.4572123287671236,0.4934107142857141,-0.0361983855185905
p_1579,t3_1z1x25,t1_cfps3jr,t1_cfprwz1,0.4648545081967214,0.47898245614035106,-0.014127947943629648
p_1581,t3_1z0efm,t1_cfpdtdk,t1_cfpdbjr,0.4960764462809917,0.4403506493506494,0.0557257969303423
p_1582,t3_1yzk2r,t1_cfpix2k,t1_cfpb5e7,0.4863876050420172,0.4677569444444445,0.018630660597572735
p_1584,t3_1ytd1y,t1_cfnl117,t1_cfnl2nq,0.4765384615384615,0.46732727272727276,0.009211188811188764
p_1585,t3_1yst0y,t1_cfngu5x,t1_cfngwn5,0.44791562500000026,0.4317722772277229,0.016143347772277383
p_1586,t3_1ysjvs,t1_cfndapb,t1_cfnjy06,0.4956923076923075,0.43227173913043476,0.06342056856187273
p_1587,t3_1ysjvs,t1_cfnejdg,t1_cfndbpn,0.4688526785714287,0.4495116279069766,0.01934105066445213
p_1588,t3_1yqbtv,t1_cfmvaww,t1_cfn3a9g,0.42529047619047616,0.42837313432835833,-0.003082658137882166
p_1589,t3_1yqbtv,t1_cfmvnmb,t1_cfnjhfp,0.4480508474576271,0.462563829787234,-0.014512982329606905
p_1590,t3_1ypfdt,t1_cfmn9ya,t1_cfmkj9p,0.4775744680851063,0.5113,-0.03372553191489369
p_1593,t3_1ylhiw,t1_cflpdf1,t1_cflrlgg,0.4742227979274611,0.44078723404255316,0.033435563884907926
p_1594,t3_1yksrs,t1_cfln3uw,t1_cflsynk,0.4619062499999999,0.4843181818181818,-0.022411931818181907
p_1595,t3_1yk2nn,t1_cfmigm1,t1_cfl7jgs,0.4401566820276499,0.5000697674418605,-0.05991308541421059
p_1597,t3_1yj9yz,t1_cfkzuuw,t1_cfl3zb3,0.5070208333333334,0.48260416666666667,0.024416666666666698
p_1598,t3_1yhd8w,t1_cfkunw0,t1_cfl04qs,0.4836237623762377,0.466923076923077,0.016700685453160724
p_1599,t3_1yg8sx,t1_cfkaxla,t1_cfk8844,0.44873076923076916,0.47154761904761894,-0.022816849816849782
p_1600,t3_1yg2jo,t1_cfk66s1,t1_cfk729g,0.5200375000000002,0.4491944444444445,0.07084305555555565
p_1601,t3_1yf0hw,t1_cfk3gzm,t1_cfk3g6w,0.4388114186851213,0.4388114186851213,0.0
p_1602,t3_1ycqp3,t1_cfjcixz,t1_cfjex0e,0.46940625,0.4752275449101797,-0.005821294910179686
p_1603,t3_1yccg0,t1_cfj7tna,t1_cfj836t,0.5205297029702971,0.5098461538461536,0.010683549124143488
p_1604,t3_1yc8z3,t1_cfj8dok,t1_cfj6ut7,0.49736475409836056,0.5046171875,-0.007252433401639391
p_1607,t3_1y93n4,t1_cfilbka,t1_cfiga5n,0.4986716417910448,0.5294482758620689,-0.0307766340710241
p_1609,t3_1y8e6p,t1_cfidj9k,t1_cfi8wne,0.3989222222222225,0.417434065934066,-0.0185118437118435
p_1610,t3_1y7dly,t1_cfi0whe,t1_cfi99ou,0.48341129032258073,0.4453754863813229,0.03803580394125783
p_1611,t3_1y6r6n,t1_cfhuqmy,t1_cfhzeok,0.43057547169811333,0.4443557692307692,-0.01378029753265586
p_1613,t3_1y5kpj,t1_cfhngrl,t1_cfhmv6r,0.5121304347826087,0.5802962962962963,-0.06816586151368764
p_1614,t3_1y5jpe,t1_cfhjc63,t1_cfhoyvh,0.5496724137931036,0.5156142857142857,0.03405812807881792
p_1615,t3_1y3vw7,t1_cfh6xl3,t1_cfhb3ig,0.49097637795275584,0.471313725490196,0.019662652462559826
p_1616,t3_1y0z80,t1_cfgezmv,t1_cfgd9sg,0.5313861386138614,0.53021,0.001176138613861455
p_1617,t3_1y0z80,t1_cfgebtx,t1_cfge83v,0.5522714285714284,0.5107222222222221,0.041549206349206336
p_1618,t3_1y0z80,t1_cfgff5w,t1_cfgdo8i,0.5339166666666668,0.47651999999999994,0.05739666666666687
p_1619,t3_1y0z80,t1_cfggmp9,t1_cfggdeg,0.469448717948718,0.45391304347826084,0.015535674470457173
p_1620,t3_1y0vu9,t1_cfgiaw0,t1_cfgl96g,0.4774193548387097,0.48630303030303024,-0.008883675464320562
p_1621,t3_1y0q8w,t1_cfrq7cf,t1_cfgq10w,0.4755321336760927,0.4356422764227639,0.03988985725332883
p_1622,t3_1xzpi7,t1_cfg2dzw,t1_cfg3is1,0.4230499999999998,0.4319285714285716,-0.008878571428571791
p_1623,t3_1xzf7d,t1_cfg00me,t1_cffz5zm,0.4980517241379311,0.5081538461538461,-0.010102122015914983
p_1624,t3_1xzeag,t1_cffzwu5,t1_cffzfv6,0.45459398496240616,0.42761797752808994,0.026976007434316218
p_1625,t3_1xzdek,t1_cfg1zzx,t1_cfg0i1g,0.4671291666666668,0.41895652173913034,0.04817264492753648
p_1626,t3_1xz6rw,t1_cffz8em,t1_cffxz9z,0.4641708333333333,0.4938474576271186,-0.029676624293785314
p_1628,t3_1xx4hd,t1_cffpbcp,t1_cffe6q8,0.43126585365853654,0.4327109375,-0.0014450838414634681
p_1631,t3_1xvch2,t1_cff03ce,t1_cfeznzr,0.46146052631578943,0.4319363636363639,0.029524162679425536
p_1632,t3_1xus3u,t1_cff4s1l,t1_cff7gyo,0.5025749999999999,0.44070161290322585,0.061873387096774035
p_1633,t3_1xtu9a,t1_cfelt93,t1_cfek1hq,0.43341558441558437,0.4770859375,-0.043670353084415636
p_1635,t3_1xt7na,t1_cfekvit,t1_cfehcuc,0.48695535714285715,0.4890735294117647,-0.0021181722689075366
p_1636,t3_1xrsup,t1_cfe9wcm,t1_cfecpir,0.4623928571428572,0.4786249999999999,-0.016232142857142695
p_1639,t3_1xqnjx,t1_cfdvt9y,t1_cfdt5y3,0.47605228758169943,0.4510198412698414,0.025032446311858025
p_1640,t3_1xqnjx,t1_cfdsxp9,t1_cfdvwqp,0.4212652582159625,0.42284750000000004,-0.0015822417840375413
p_1641,t3_1xqn05,t1_cfdr670,t1_cfdzhku,0.44261413043478254,0.45606060606060606,-0.013446475625823517
p_1647,t3_1xpli3,t1_cfdj416,t1_cfdz0is,0.4826059782608695,0.4670792682926829,0.015526709968186558
p_1648,t3_1xp9br,t1_cfddlr2,t1_cfdd9ab,0.49751086956521734,0.425220720720721,0.07229014884449636
p_1649,t3_1xowzb,t1_cfdatgs,t1_cfdbx3c,0.4797412790697676,0.49050751879699256,-0.010766239727224958
p_1650,t3_1xowzb,t1_cfdbhsi,t1_cfdbx3c,0.4663489361702127,0.49050751879699256,-0.024158582626779834
p_1651,t3_1xofrl,t1_cfd7mvo,t1_cfd6avv,0.4598548387096774,0.41615555555555556,0.04369928315412186
p_1652,t3_1xny71,t1_cfd4qsf,t1_cfd1p8s,0.47287500000000016,0.5049220779220778,-0.032047077922077616
p_1653,t3_1xne0t,t1_cfcwnyo,t1_cfcwuj0,0.46290434782608697,0.46145454545454556,0.0014498023715414088
p_1654,t3_1xml8r,t1_cfcpq87,t1_cfcvgy3,0.44946059113300507,0.4752741935483869,-0.02581360241538183
p_1658,t3_1xj5t3,t1_cfbzgs9,t1_cfbsvrz,0.42788800000000016,0.46722916666666653,-0.03934116666666637
p_1659,t3_1xj58k,t1_cfbw65l,t1_cfc1y4k,0.49451136363636367,0.44081914893617014,0.05369221470019353
p_1660,t3_1xj1ga,t1_cfbsq9j,t1_cfbsdxa,0.441142857142857,0.43441397849462376,0.0067288786482332386
p_1661,t3_1xijwf,t1_cfbyqtw,t1_cfbs8fr,0.41740104166666664,0.4578025210084035,-0.04040147934173688
p_1662,t3_1xijwf,t1_cfbrxxo,t1_cfbs8fr,0.38696739130434776,0.4578025210084035,-0.07083512970405575
p_1663,t3_1xi9t0,t1_cfbm43v,t1_cfbl44s,0.5094685714285712,0.45528488372093023,0.054183687707640926
p_1664,t3_1xhrpt,t1_cfbkr47,t1_cfby4iv,0.4687811993517016,0.4407192982456141,0.028061901106087472
p_1665,t3_1xhjo8,t1_cfbg2kr,t1_cfbe6yx,0.447309917355372,0.5448272727272726,-0.0975173553719006
p_1666,t3_1xhgv0,t1_cfbkzhu,t1_cfbpidx,0.43144505494505486,0.4451968503937005,-0.013751795448645632
p_1668,t3_1xgop4,t1_cfb7zmh,t1_cfblib6,0.3972941176470588,0.464125,-0.06683088235294121
p_1670,t3_1xg9o8,t1_cfb5szp,t1_cfb8m1v,0.4950539906103288,0.4818944444444445,0.013159546165884273
p_1671,t3_1xg9o8,t1_cfb7rha,t1_cfb8rco,0.49781372549019587,0.4987193548387095,-0.0009056293485136258
p_1672,t3_1xg07x,t1_cfb0ntv,t1_cfb1y56,0.4232272727272728,0.42491935483870963,-0.0016920821114368434
p_1673,t3_1xg07x,t1_cfb029j,t1_cfb1y56,0.49814583333333334,0.42491935483870963,0.07322647849462371
p_1674,t3_1xfxzz,t1_cfbqyq7,t1_cfb38lx,0.42232386363636376,0.4407812500000001,-0.018457386363636363
p_1675,t3_1xecbw,t1_cfapwte,t1_cfavmea,0.555388888888889,0.428245283018868,0.12714360587002105
p_1676,t3_1xauzj,t1_cf9ryoi,t1_cf9rnej,0.47264552238805985,0.46961538461538466,0.00303013777267519
p_1677,t3_1x9drc,t1_cf9aorl,t1_cf9drsg,0.4889455252918291,0.4878449612403099,0.0011005640515192039
p_1678,t3_1x8fy5,t1_cf9c8ws,t1_cf9598e,0.46471562499999985,0.4774102564102563,-0.012694631410256452
p_1679,t3_1x7uoa,t1_cf8wl9o,t1_cf8z5i2,0.501390756302521,0.46583620689655164,0.035554549405969305
p_1681,t3_1x5wrj,t1_cf8fe6i,t1_cf8h4zs,0.4374098360655738,0.4867416666666666,-0.04933183060109275
p_1682,t3_1x5gri,t1_cf8ak7n,t1_cf8c7ra,0.4634823008849557,0.45102941176470596,0.012452889120249722
p_1683,t3_1x4fll,t1_cf88dvu,t1_cf80gm0,0.4484411764705882,0.46402586206896546,-0.01558468559837728
p_1684,t3_1x4e9l,t1_cf8c6ja,t1_cf813g9,0.4989210526315791,0.4247142857142858,0.07420676691729328
p_1685,t3_1x44be,t1_cf7y65l,t1_cffje6e,0.4430900900900901,0.452984496124031,-0.009894406033940928
p_1686,t3_1x44be,t1_cf8ii0u,t1_cf7ynno,0.4533395061728394,0.4727287234042554,-0.01938921723141601
p_1687,t3_1x3quk,t1_cf81vtd,t1_cf811b2,0.4368571428571432,0.4649864864864864,-0.028129343629343162
p_1688,t3_1x3quk,t1_cf82a08,t1_cf7xofq,0.4638147208121827,0.48047826086956524,-0.01666354005738252
p_1689,t3_1x3jm2,t1_cf7t9mu,t1_cf7w0x1,0.4206734693877553,0.4303514851485148,-0.009678015760759495
p_1690,t3_1x3jm2,t1_cf7rvkt,t1_cf7xop4,0.42962820512820526,0.41995,0.009678205128205275
p_1691,t3_1x3jm2,t1_cf7tzua,t1_cf7v802,0.4335986842105262,0.42818705035971233,0.005411633850813891
p_1693,t3_1wxy0c,t1_cf6nwss,t1_cf6opjq,0.46196759259259257,0.4266386138613861,0.035328978731206495
p_1694,t3_1wxy0c,t1_cf6r60y,t1_cf6opjq,0.48906318681318683,0.4266386138613861,0.06242457295180076
p_1695,t3_1wwoop,t1_cf63aas,t1_cf61b67,0.458984375,0.449421052631579,0.009563322368421001
p_1696,t3_1wwoop,t1_cf61gbe,t1_cf642jh,0.4225405405405405,0.4955520833333333,-0.07301154279279276
p_1697,t3_1wvyf1,t1_cf5vcsr,t1_cf6onl2,0.44784883720930224,0.46981944444444435,-0.021970607235142103
p_1699,t3_1wvths,t1_cf614t8,t1_cf5ugx7,0.42684210526315786,0.4250887096774193,0.0017533955857385597
p_1698,t3_1wvths,t1_cf5v50x,t1_cf5viuj,0.47432608695652173,0.43979411764705884,0.034531969309462895
p_1700,t3_1wvouv,t1_cf5t6kg,t1_cf5ydyu,0.4715245901639343,0.44083333333333335,0.03069125683060092
p_1702,t3_1wvhao,t1_cf5t1xp,t1_cf63h51,,0.4251710526315789,
p_1703,t3_1wu9bx,t1_cf5ghfv,t1_cf5gzn8,0.47093421052631573,0.40757865168539337,0.06335555884092237
p_1704,t3_1wtvq6,t1_cf5knmg,t1_cf5ocok,0.44935897435897443,0.4764918032786886,-0.02713282891971419
p_1705,t3_1wteqq,t1_cf5rh0q,t1_cf57as7,0.5193833333333333,0.4812666666666667,0.03811666666666663
p_1706,t3_1wt8h7,t1_cf55ppi,t1_cf559e0,0.48092499999999994,0.5137555555555553,-0.03283055555555536
p_1707,t3_1wsalo,t1_cf54lvq,t1_cf570gn,0.4045692307692307,0.38975000000000004,0.01481923076923064
p_1708,t3_1wqdpz,t1_cf4fnk7,t1_cf4fg38,0.46907488986784135,0.502987804878049,-0.0339129150102076
p_1709,t3_1wnvdn,t1_cf3s4a2,t1_cf3rvjd,0.5277291666666668,0.474951219512195,0.052777947154471816
p_1710,t3_1wmoca,t1_cf3hjc2,t1_cf3fxbx,0.4422352941176471,0.44873611111111117,-0.006500816993464054
p_1714,t3_1wjggc,t1_cf2k4m9,t1_cf2zudy,0.5224861111111111,0.50974,0.012746111111111125
p_1719,t3_1we5ye,t1_cf181nq,t1_cf1drrq,0.4436897435897434,0.47163636363636363,-0.02794662004662024
p_1721,t3_1we3gg,t1_cf15n2w,t1_cf1b9fg,0.4858526570048311,0.4896235955056179,-0.0037709385007868024
p_1722,t3_1we3gg,t1_cf1aqki,t1_cf1mnjk,0.5085357142857144,0.472231182795699,0.036304531490015446
p_1723,t3_1we3gg,t1_cf14k7c,t1_cf1b9fg,0.49010759493670886,0.4896235955056179,0.00048399943109095345
p_1727,t3_1w99ax,t1_cf08bgj,t1_cezuuhe,0.4579374999999999,0.5279166666666666,-0.0699791666666667
p_1728,t3_1w91jl,t1_cezwkl3,t1_cezzr6g,0.436296052631579,0.4710982142857142,-0.03480216165413519
p_1729,t3_1w84rh,t1_cezjynx,t1_cezjtaz,0.49642647058823514,0.4038666666666667,0.09255980392156843
p_1731,t3_1w6uhl,t1_cezbyuy,t1_cez8odp,0.4786899999999997,0.45034000000000013,0.028349999999999598
p_1730,t3_1w6uhl,t1_cezbjga,t1_cez8r6m,0.459232142857143,0.4573174603174604,0.0019146825396825773
p_1732,t3_1w6uhl,t1_cezwgtv,t1_cezh5ah,0.47441221374045806,0.4772038216560508,-0.002791607915592742
p_1733,t3_1w6uhl,t1_cezy174,t1_cezwt7d,0.44109313725490196,0.4648243243243245,-0.023731187069422566
p_1734,t3_1w3r7a,t1_ceyfj6f,t1_ceyiqk4,0.40210185185185193,0.4443412698412699,-0.04223941798941799
p_1735,t3_1vz63d,t1_cex6xzs,t1_cexiref,0.489695,0.437729357798165,0.05196564220183497
p_1738,t3_1vqwtw,t1_ceuzj2d,t1_ceuycyu,0.4741964285714285,0.47869444444444453,-0.004498015873016015
p_1739,t3_1vq2nf,t1_ceupm5x,t1_ceup6x1,0.5713378378378376,0.5280357142857143,0.04330212355212337
p_1740,t3_1vpp6t,t1_ceus11w,t1_ceuld78,0.47584558823529416,0.4575096153846155,0.018335972850678672
p_1742,t3_1voenh,t1_ceubelw,t1_ceu9m4y,0.5003486055776892,0.5045265486725665,-0.00417794309487729
p_1743,t3_1vm911,t1_cetnn1i,t1_cettz33,0.4352500000000001,0.49561290322580637,-0.060362903225806286
p_1746,t3_1vitnu,t1_cesojok,t1_cet1d7h,0.41323181818181803,0.4161394557823127,-0.0029076376004946725
p_1747,t3_1vil9h,t1_cesmz2f,t1_cesm93p,0.43902631578947365,0.42050000000000004,0.018526315789473613
p_1748,t3_1vil80,t1_cet0nf1,t1_cesmfhu,0.4150855855855855,0.42454137931034497,-0.009455793724759465
p_1750,t3_1vhh7b,t1_cesb8l8,t1_ceso4j1,0.491953125,0.497562962962963,-0.0056098379629629935
p_1753,t3_1vg6qn,t1_cerydvt,t1_ces7sw3,0.4569100000000001,0.49252857142857126,-0.035618571428571166
p_1754,t3_1vg6qn,t1_ces7xdz,t1_ces4z4x,0.4877878787878788,0.43957317073170726,0.04821470805617156
p_1755,t3_1vfoko,t1_cersgwa,t1_cery1u3,0.4799365079365079,0.4818200000000001,-0.0018834920634921981
p_1756,t3_1veiwz,t1_cergs7r,t1_ceruu7h,0.43225333333333327,0.4306224489795917,0.0016308843537415907
p_1758,t3_1vc1ju,t1_ceqsvrq,t1_ceqsm8p,0.45102272727272735,0.49597560975609756,-0.044952882483370205
p_1759,t3_1vbtut,t1_ceqq9p8,t1_ceqwdz5,0.3838857142857144,0.33939705882352944,0.044488655462184945
p_1762,t3_1v97rw,t1_cepz02o,t1_ceq85nw,0.4610494505494504,0.5258200000000001,-0.06477054945054966
p_1763,t3_1v8xv5,t1_cepyw13,t1_cepvurr,0.5474918032786886,0.49735217391304354,0.05013962936564509
p_1764,t3_1v8vbr,t1_ceq1g3n,t1_cepzl4s,0.4552844827586207,0.491,-0.03571551724137928
p_1765,t3_1v8hly,t1_ceps6kq,t1_cepr262,0.467431603773585,0.5120731707317072,-0.044641566958122214
p_1767,t3_1v6x7z,t1_cepcqsx,t1_cepbgx3,0.4682063492063492,0.4756910569105693,-0.007484707704220106
p_1768,t3_1v6x7z,t1_cepbbkb,t1_ceplff5,0.5030634920634919,0.4788826086956522,0.02418088336783969
p_1771,t3_1v6sc1,t1_cep8u6j,t1_cep920e,0.4469420289855074,0.4262148437500002,0.020727185235507206
p_1772,t3_1v6sc1,t1_cepbi6t,t1_cep9kye,0.4877017543859649,0.4617241379310346,0.025977616454930297
p_1773,t3_1v5dnm,t1_ceovabh,t1_ceovlgt,0.4860980392156861,0.49340298507462677,-0.007304945858940648
p_1774,t3_1v5dnm,t1_ceovl5u,t1_ceov0pa,0.44175431034482765,0.4457236842105263,-0.003969373865698678
p_1775,t3_1v44vp,t1_ceoj2ew,t1_ceonfda,0.5376348314606739,0.5325256410256409,0.005109190435032995
p_1776,t3_1v44ig,t1_ceonb1b,t1_ceoluxq,0.470656976744186,0.47496739130434784,-0.004310414560161846
p_1777,t3_1v37km,t1_ceof5q0,t1_ceoakgs,0.47809510869565214,0.5268716216216216,-0.04877651292596946
p_1778,t3_1v2buu,t1_ceo3y9o,t1_ceo0vsq,0.4312767857142856,0.4441794871794872,-0.01290270146520156
p_1783,t3_1uw88g,t1_cemazwn,t1_cem9vxq,0.5367941176470588,0.5206222222222221,0.016171895424836658
p_1784,t3_1uw88g,t1_cema7rn,t1_cematy2,0.5284249999999998,0.4719226804123712,0.056502319587628635
p_1785,t3_1uu8f1,t1_celpb6x,t1_celpnop,0.4874107142857143,0.5103333333333333,-0.022922619047618997
p_1787,t3_1uss24,t1_celd4ge,t1_cem21t7,0.47494791666666664,0.5081724137931034,-0.03322449712643677
p_1788,t3_1us404,t1_celnjcf,t1_cel68zm,0.471858938547486,0.48192857142857143,-0.010069632881085422
p_1789,t3_1us3bu,t1_cel70ih,t1_celagxd,0.4505833333333332,0.4398088235294119,0.010774509803921306
p_1790,t3_1urrut,t1_cel88d0,t1_cel1jwe,0.43590875912408744,0.49595999999999996,-0.060051240875912515
p_1791,t3_1up36i,t1_cel5ryl,t1_cekasft,0.4225370370370368,0.48082608695652185,-0.058289049919485025
p_1794,t3_1un1uh,t1_cejsnxi,t1_cejqr72,0.4498918918918918,0.45281481481481484,-0.0029229229229230103
p_1795,t3_1umi67,t1_cejoc7z,t1_cejtg9p,0.41996511627906974,0.464421052631579,-0.04445593635250927
p_1796,t3_1um2og,t1_cejgnup,t1_cejgczp,0.4678680000000002,0.45755,0.01031800000000016
p_1797,t3_1uldzf,t1_cejbhlx,t1_cejot4k,0.47256250000000016,0.44428017241379314,0.028282327586207023
p_1800,t3_1uhnsm,t1_cei7518,t1_cei83kz,0.4189808612440194,0.4434661016949152,-0.024485240450895784
p_1801,t3_1uhj8f,t1_cei563f,t1_ceim6kr,0.4201864406779662,0.41169540229885043,0.008491038379115745
p_1802,t3_1uhj8f,t1_cei5r73,t1_ceiav39,0.4357846715328468,0.47256589147286826,-0.03678121994002148
p_1803,t3_1ugfg7,t1_cehxooj,t1_cehv3x9,0.4514861111111112,0.4440772727272729,0.007408838383838323
p_1804,t3_1ueg7f,t1_ceh8q6y,t1_ceh8am3,0.458155462184874,0.47094886363636346,-0.012793401451489439
p_1806,t3_1udzn5,t1_ceh4p0r,t1_ceh6366,0.47761800000000004,0.464603448275862,0.013014551724138068
p_1808,t3_1udzn5,t1_cehcarm,t1_cehc82y,0.46054,0.4688947368421054,-0.008354736842105415
p_1811,t3_1udlql,t1_ceh07bk,t1_cegzp5m,0.46064444444444436,0.42439682539682544,0.03624761904761892
p_1812,t3_1ud8fv,t1_cehjb3t,t1_ceh3glw,0.4347395833333334,0.43637500000000007,-0.001635416666666667
p_1814,t3_1uctm7,t1_cegr7bn,t1_cegy5dc,0.5513604651162791,0.5260625,0.02529796511627913
p_1815,t3_1ucj9u,t1_cegoldf,t1_cegt2yd,0.47165079365079376,0.46499315068493147,0.006657642965862298
p_1816,t3_1ucgh6,t1_cegogz6,t1_cegohag,0.467264705882353,0.4533837209302325,0.013880984952120534
p_1817,t3_1ucgh6,t1_cegqw1u,t1_cegohag,0.4585512820512821,0.4533837209302325,0.005167561121049602
p_1818,t3_1uamtt,t1_cegcjhm,t1_cegb3ri,0.46123295454545465,0.4934107142857143,-0.03217775974025966
p_1821,t3_1u8yzo,t1_cefohe0,t1_cefnobg,0.46690686274509796,0.5340862068965517,-0.06717934415145377
p_1824,t3_1u8om4,t1_cefkzid,t1_cefl804,0.4932727272727272,0.4729788135593219,0.020293913713405276
p_1825,t3_1u8iv1,t1_cefj6lm,t1_cefr8n0,0.44256310679611655,0.48728632478632466,-0.04472321799020812
p_1827,t3_1u87uu,t1_cefgarg,t1_cefn2kn,0.42985567010309267,0.5338287671232878,-0.10397309702019508
p_1828,t3_1u7llg,t1_cefbw53,t1_cefb5g9,0.49441250000000014,0.4973362068965518,-0.0029237068965516366
p_1830,t3_1u4wxq,t1_ceenpjt,t1_ceekcir,0.49003225806451606,0.4956976744186047,-0.005665416354088626
p_1829,t3_1u4wxq,t1_ceeovmf,t1_ceem22l,0.47267672413793105,0.48130487804878047,-0.008628153910849423
p_1831,t3_1u4fqn,t1_ceefsm0,t1_ceejtd2,0.47184545454545446,0.4519611111111111,0.019884343434343366
p_1835,t3_1u28be,t1_cedssel,t1_cedt1r4,0.41894915254237286,0.42161333333333345,-0.002664180790960591
p_1836,t3_1u0pt2,t1_cedkwy5,t1_cedqecc,0.45541666666666664,0.43520918367346956,0.02020748299319708
p_1838,t3_1ty0ux,t1_cecozto,t1_cecpcit,0.4542127659574469,0.4621758241758241,-0.007963058218377173
p_1839,t3_1txyfq,t1_ceczo86,t1_cecktf3,0.46140714285714274,0.44704,0.014367142857142745
p_1840,t3_1tx0tf,t1_ceca72e,t1_ceca9ns,0.4687736842105263,0.4371333333333334,0.03164035087719291
p_1841,t3_1twxa7,t1_cec9uo6,t1_cecflca,0.4675248447204968,0.45260096153846135,0.014923883182035469
p_1843,t3_1twegt,t1_cecee3s,t1_cecd78s,0.4436616161616162,0.45554477611940314,-0.011883159957786937
p_1844,t3_1tt75b,t1_cebccgh,t1_cebecvh,0.5063729903536979,0.5070470588235294,-0.0006740684698315347
p_1845,t3_1tt5tb,t1_cebd1og,t1_cebemwn,0.5019615384615386,0.45892957746478885,0.04303196099674972
p_1846,t3_1tt5tb,t1_cebcb60,t1_cebb05i,0.49021428571428577,0.48609677419354835,0.004117511520737416
p_1850,t3_1tqttm,t1_cealwzd,t1_ceakm2y,0.4502557755775577,0.47394720496894416,-0.023691429391386465
p_1851,t3_1tqttm,t1_ceaxcno,t1_ceak6vp,0.46084210526315805,0.451986111111111,0.008855994152047075
p_1853,t3_1tpqhr,t1_ceaod4e,t1_ceaei9g,0.4962543859649122,0.5019460784313726,-0.005691692466460396
p_1855,t3_1to7tw,t1_ce9wkz3,t1_ce9wfe0,0.4444374999999999,0.4629429824561403,-0.01850548245614042
p_1856,t3_1tns6s,t1_ce9xde5,t1_ce9rgf8,0.5185454545454546,0.4562402597402598,0.06230519480519486
p_1857,t3_1tm85z,t1_ce9dgau,t1_ce9co77,0.46306387665198245,0.45418354430379737,0.008880332348185083
p_1858,t3_1tku2p,t1_ce92cm3,t1_ce9099k,0.4589821428571427,0.44042857142857134,0.01855357142857139
p_1860,t3_1tg3nh,t1_ce7sc37,t1_ce7klpg,0.4511465517241379,0.55776,-0.10661344827586211
p_1861,t3_1te39z,t1_ce70eid,t1_ce71ql3,0.42030303030303046,0.4056896551724139,0.014613375130616557
p_1862,t3_1td5fm,t1_ce6qqlt,t1_ce6qwq5,0.4224032258064517,0.485410447761194,-0.06300722195474234
p_1863,t3_1t9y3s,t1_ce5u6t5,t1_ce5u33e,0.4456029411764706,0.4430263157894737,0.002576625386996878
p_1864,t3_1t9irv,t1_ce5qvxa,t1_ce5r69v,0.46986956521739126,0.4509615384615386,0.01890802675585268
p_1866,t3_1t9irv,t1_ce5spfk,t1_ce5r134,0.44140462427745664,0.38579285714285705,0.05561176713459959
p_1867,t3_1t8yrt,t1_ce5k8r6,t1_ce5jxeb,0.49407339449541304,0.4786006289308178,0.015472765564595259
p_1869,t3_1t83kb,t1_ce5bsdz,t1_ce5bvhb,0.467576923076923,0.4803966942148761,-0.012819771137953073
p_1870,t3_1t5izv,t1_ce4jsh6,t1_ce4oagv,0.5055343511450381,0.5235819672131148,-0.0180476160680767
p_1872,t3_1t4p86,t1_ce4jasj,t1_ce4clfo,0.41076875000000007,0.44462500000000005,-0.03385624999999998
p_1873,t3_1t46ur,t1_ce4aypp,t1_ce46qsw,0.49387295081967225,0.47377,0.020102950819672227
p_1877,t3_1t1i45,t1_ce3sops,t1_ce3g5h1,0.5052941176470587,0.4349852941176472,0.07030882352941148
p_1878,t3_1t13mm,t1_ce3c4sb,t1_ce39wwh,0.5055000000000001,0.46510526315789474,0.04039473684210532
p_1879,t3_1t0eax,t1_ce324pp,t1_ce36rhk,0.47967037037037047,0.45615887850467296,0.02351149186569751
p_1880,t3_1sxioi,t1_ce27cna,t1_ce2bmpa,0.48491573033707863,0.4980526315789474,-0.013136901241868781
p_1881,t3_1sxioi,t1_ce27fv0,t1_ce2dpe5,0.5119619565217393,0.5245878378378378,-0.012625881316098542
p_1884,t3_1sv960,t1_ce1x8f8,t1_ce1krmn,0.509703125,0.46595652173913044,0.0437466032608696
p_1885,t3_1sv7nj,t1_ce1m2fp,t1_ce1qbwt,0.41473750000000004,0.4447978723404256,-0.03006037234042558
p_1886,t3_1suyq6,t1_ce1hrcm,t1_ce1i6wn,0.4590103092783504,0.47105124653739594,-0.012040937259045537
p_1887,t3_1suyq6,t1_ce1jnf5,t1_ce1i6wn,0.4298531468531471,0.47105124653739594,-0.04119809968424887
p_1888,t3_1suyq6,t1_ce1j07m,t1_ce1ivme,0.4706867088607595,0.4642833333333332,0.006403375527426258
p_1890,t3_1suq0i,t1_ce1l6xb,t1_ce1frfu,0.44150000000000006,0.466527397260274,-0.02502739726027392
p_1889,t3_1suq0i,t1_ce1gpo7,t1_ce1g21s,0.42872033898305084,0.40686,0.021860338983050842
p_1891,t3_1sunm5,t1_ce1fx1q,t1_ce1fhql,0.45424778761061935,0.4208750000000001,0.03337278761061924
p_1893,t3_1sunm5,t1_ce1epim,t1_ce1fhql,0.46261,0.4208750000000001,0.04173499999999991
p_1892,t3_1sunm5,t1_ce1fxo1,t1_ce1gunr,0.43690871369294615,0.42939380530973453,0.007514908383211616
p_1894,t3_1stysh,t1_ce1a8iy,t1_ce1k607,0.46989600000000004,0.4542978723404256,0.015598127659574412
p_1895,t3_1sslvc,t1_ce0xojx,t1_ce12asq,0.5020482315112541,0.4757757575757577,0.02627247393549642
p_1896,t3_1sqkke,t1_ce09y0e,t1_ce08oy9,0.5074285714285715,0.511787037037037,-0.004358465608465534
p_1897,t3_1sktqj,t1_cdz832l,t1_cdymjwd,0.4495277777777779,0.4690200000000003,-0.01949222222222241
p_1898,t3_1sji3o,t1_cdy85sk,t1_cdyajck,0.5246000000000001,0.4404347826086956,0.08416521739130445
p_1900,t3_1sgr9m,t1_cdxkw1s,t1_cdxgrfu,0.496159090909091,0.4723076923076922,0.023851398601398788
p_1904,t3_1scv1e,t1_cdwaij1,t1_cdw8ydx,0.49458823529411755,0.48934920634920637,0.005239028944911184
p_1905,t3_1sclwf,t1_cdwfawk,t1_cdw643w,0.4300590909090908,0.43616666666666676,-0.006107575757575978
p_1907,t3_1scbek,t1_cdw4ucf,t1_cdw36rb,0.4708357142857142,0.483206896551724,-0.012371182266009806
p_1908,t3_1sbxik,t1_cdvzh4k,t1_cdvyz1u,0.4426956521739129,0.5501000000000001,-0.10740434782608727
p_1909,t3_1saalt,t1_cdw0u51,t1_cdvmn1u,0.4405410958904109,0.4460319148936171,-0.005490819003206193
p_1910,t3_1s94cq,t1_cdv71qo,t1_cdv5luo,0.43925000000000003,0.45594999999999986,-0.016699999999999826
p_1911,t3_1s8zmg,t1_cdwf8t8,t1_cdvi2oo,0.47997931034482766,0.5227232142857142,-0.04274390394088656
p_1912,t3_1s6w43,t1_cduin0o,t1_cduuorr,0.4143699999999999,0.45859,-0.04422000000000009
p_1913,t3_1s60vl,t1_cdufjh4,t1_cdu9qiv,0.5205173611111115,0.4567,0.06381736111111147
p_1916,t3_1s3pxw,t1_cdtmhc2,t1_cdtmrcr,0.455127192982456,0.420925925925926,0.03420126705653004
p_1919,t3_1s3ji2,t1_cdtq1rg,t1_cdtx77n,0.5145128534704372,0.5033978494623654,0.01111500400807175
p_1920,t3_1s344f,t1_cdtj4bf,t1_cdtgb1d,0.46195639534883726,0.4672980132450334,-0.005341617896196138
p_1921,t3_1s30ko,t1_cdtuayw,t1_cdtne36,0.5025393258426967,0.4096048387096774,0.09293448713301927
p_1922,t3_1s1j8s,t1_cdtfxvy,t1_cdt6ohm,0.46824626865671665,0.4493857142857142,0.018860554371002425
p_1923,t3_1rzqrw,t1_cdsphfd,t1_cdsigu7,0.48013333333333325,0.38280303030303037,0.09733030303030288
p_1924,t3_1rzqrw,t1_cdsm89r,t1_cdsmyt1,0.4792298850574712,0.454733695652174,0.024496189405297242
p_1925,t3_1rw7vg,t1_cdrov9y,t1_cdrovjs,0.4699141791044775,0.47035567010309276,-0.0004414909986152349
p_1927,t3_1rvnty,t1_cdre5so,t1_cdrdpkz,0.5376304347826085,0.47808108108108116,0.05954935370152736
p_1926,t3_1rvnty,t1_cdrgglu,t1_cdrgcu5,0.491575221238938,0.516737804878049,-0.025162583639111002
p_1928,t3_1rvjrs,t1_cdrcnts,t1_cdre1mt,0.4590643564356436,0.44575543478260865,0.013308921653034933
p_1929,t3_1rsmsh,t1_cdqij94,t1_cdqx6xw,0.4889736842105263,0.5263952879581153,-0.037421603747589016
p_1930,t3_1rsdfp,t1_cdqfs62,t1_cdqdh7o,0.4893750000000001,0.5118846153846154,-0.022509615384615267
p_1931,t3_1rrios,t1_cdq5t7s,t1_cdq4pdm,0.4733950617283951,0.4519388888888889,0.021456172839506182
p_1932,t3_1rrios,t1_cdq5vt8,t1_cdq58j7,0.4850625000000002,0.48874999999999996,-0.003687499999999788
p_1933,t3_1rqhfc,t1_cdq3h1d,t1_cdq716e,0.4615952380952381,0.47371052631578975,-0.012115288220551634
p_1935,t3_1rlna3,t1_cdokmar,t1_cdoirhb,0.43690476190476196,0.44329999999999997,-0.0063952380952380095
p_1936,t3_1rkrbs,t1_cdoio50,t1_cdoe2j3,0.486935294117647,0.4376785714285714,0.049256722689075605
p_1937,t3_1rj73b,t1_cdnzcb1,t1_cdo2ywx,0.3895789473684211,0.4093333333333333,-0.019754385964912247
p_1939,t3_1rgch2,t1_cdmzb2b,t1_cdn32a2,0.5266567164179106,0.53275,-0.006093283582089382
p_1940,t3_1rgch2,t1_cdmzh7v,t1_cdn0d35,0.52283,0.5200054945054945,0.002824505494505525
p_1941,t3_1rgch2,t1_cdo0n79,t1_cdn1hk3,0.5560725806451613,0.49885227272727284,0.05722030791788846
p_1942,t3_1rfn88,t1_cdmslq3,t1_cdn4bxg,0.44792592592592595,0.4285725806451613,0.019353345280764656
p_1943,t3_1re89d,t1_cdmhfgx,t1_cdmequ6,0.4328923076923077,0.40836734693877547,0.02452496075353222
p_1944,t3_1re89d,t1_cdmem16,t1_cdme68p,0.445213768115942,0.45198529411764704,-0.006771526001705053
p_1945,t3_1re89d,t1_cdmrzwp,t1_cdmh1c4,0.43017254901960805,0.499948275862069,-0.06977572684246097
p_1946,t3_1re7tj,t1_cdmdid4,t1_cdmh6ca,0.4518571428571429,0.46930184331797253,-0.017444700460829632
p_1948,t3_1rddqv,t1_cdm3hlz,t1_cdm3kyd,0.5045887096774195,0.49348076923076944,0.011107940446650089
p_1949,t3_1rb6qj,t1_cdlewyd,t1_cdlyn3j,0.452203125,0.3973976377952756,0.05480548720472439
p_1950,t3_1rb6qj,t1_cdlrdyo,t1_cdlyn3j,0.402014652014652,0.3973976377952756,0.004617014219376381
p_1952,t3_1ra42n,t1_cdl4b7o,t1_cdl5bkn,0.4488619047619048,0.4132152317880793,0.03564667297382551
p_1953,t3_1ra42n,t1_cdl96cr,t1_cdmjkp2,0.4734807692307692,0.44408897243107776,0.02939179679969145
p_1954,t3_1r893j,t1_cdktb2l,t1_cdkklti,0.45534677419354846,0.43303125,0.022315524193548486
p_1955,t3_1r69xi,t1_cdk0ex9,t1_cdk3u15,0.4625909090909091,0.4473368421052633,0.015254066985645798
p_1956,t3_1r69xi,t1_cdk0r67,t1_cdk3u15,0.47664393939393945,0.4473368421052633,0.029307097288676143
p_1960,t3_1qz653,t1_cdhyl9l,t1_cdiiqug,0.436421686746988,0.47211111111111104,-0.035689424364123035
p_1962,t3_1qxn8r,t1_cdhle85,t1_cdhvq6g,0.4507556390977444,0.5022028571428571,-0.05144721804511265
p_1963,t3_1qxn8r,t1_cdhjvcw,t1_cdhvq6g,0.42447500000000005,0.5022028571428571,-0.07772785714285702
p_1964,t3_1qwg8s,t1_cdhe2ys,t1_cdh6ozn,0.4577736842105263,0.4447999999999999,0.01297368421052636
p_1969,t3_1qvm1n,t1_cdgyu8j,t1_cdh0i8x,0.45371678321678305,0.45044230769230775,0.0032744755244752954
p_1970,t3_1qtuy4,t1_cdgib3s,t1_cdgy31a,0.47171935483870986,0.46963758389261745,0.0020817709460924094
p_1972,t3_1qr0id,t1_cdfybue,t1_cdfkykr,0.44910080645161293,0.4807272727272729,-0.03162646627565996
p_1975,t3_1qncnw,t1_cdely5f,t1_cden4p9,0.4824483568075115,0.5151384615384617,-0.03269010473095013
p_1977,t3_1qj48o,t1_cddqbp8,t1_cddn1vo,0.49679347826086956,0.43729761904761916,0.0594958592132504
p_1978,t3_1qj032,t1_cdda585,t1_cddki3r,0.49516319444444457,0.49924436090225577,-0.004081166457811203
p_1981,t3_1qi1dr,t1_cdd6x3m,t1_cdd4306,0.48439473684210527,0.4284480519480519,0.055946684894053356
p_1982,t3_1qhv03,t1_cdczknl,t1_cdcy1h9,0.4168645161290322,0.3990204918032787,0.017844024325753494
p_1983,t3_1qh0lb,t1_cdcowit,t1_cdcp122,0.42316666666666664,0.5065256410256409,-0.08335897435897427
p_1984,t3_1qgtma,t1_cdcurim,t1_cdcq77q,0.4489637681159422,0.4683125,-0.019348731884057835
p_1986,t3_1qfy2y,t1_cdcoftz,t1_cdcikj0,0.45566360294117664,0.4847473684210526,-0.029083765479875956
p_1985,t3_1qfy2y,t1_cdcu71x,t1_cdcgg2f,0.42757692307692313,0.432560606060606,-0.004983682983682847
p_1987,t3_1qfqj6,t1_cdcffak,t1_cdcgve9,0.46285964912280686,0.4936401869158878,-0.03078053779308093
p_1988,t3_1qfo09,t1_cdcc9fw,t1_cdccpys,0.43700961538461525,0.4622019230769231,-0.025192307692307847
p_1989,t3_1qfo09,t1_cdcconr,t1_cdccpys,0.4072368421052632,0.4622019230769231,-0.05496508097165992
p_1991,t3_1qee3b,t1_cdc0hlx,t1_cdc0jw6,0.42920588235294105,0.47762037037037036,-0.048414488017429314
p_1992,t3_1qe6d9,t1_cdbzgva,t1_cdckb1g,0.47304545454545494,0.45187368421052637,0.021171770334928564
p_1993,t3_1qe6d9,t1_cdbwyxj,t1_cdckb1g,0.41885000000000006,0.45187368421052637,-0.033023684210526316
p_1994,t3_1qdzt5,t1_cdbyjvw,t1_cdbwdog,0.43395000000000017,0.4437227722772277,-0.009772772277227504
p_1996,t3_1qdlln,t1_cdc66t9,t1_cdby8z3,0.450029605263158,0.433125,0.016904605263158012
p_1998,t3_1qcw4r,t1_cdblxo9,t1_cdbsnq8,0.48374468085106376,0.5075962732919256,-0.023851592440861824
p_1999,t3_1qbvlh,t1_cdb9b5i,t1_cdbf5rp,0.48561363636363625,0.5320999999999998,-0.04648636363636355
p_2000,t3_1qazk6,t1_cdb0lr2,t1_cdbddq0,0.4672957746478874,0.4260234899328859,0.041272284715001495
p_2002,t3_1q82wf,t1_cda644z,t1_cda826v,0.47246022727272724,0.5039967105263158,-0.03153648325358854
p_2003,t3_1q5w5k,t1_cd9kwdu,t1_cd9kc11,0.48040860215053754,0.4832430555555557,-0.0028344534050181447
p_2004,t3_1q5w5k,t1_cd9l1k7,t1_cd9kc11,0.4895704225352112,0.4832430555555557,0.006327366979655524
p_2005,t3_1q4sao,t1_cd97j4q,t1_cd960cn,0.4700476190476189,0.46713934426229514,0.002908274785323739
p_2007,t3_1q261p,t1_cd8g07m,t1_cd8gyhg,0.46432283464566954,0.41322999999999993,0.051092834645669605
p_2008,t3_1q0s26,t1_cd87o5o,t1_cd81q6y,0.41545895522388065,0.45908333333333295,-0.0436243781094523
p_2009,t3_1q0fp2,t1_cd8calk,t1_cd7yekn,0.48332211538461534,0.447219298245614,0.03610281713900132
p_2010,t3_1q01e8,t1_cd7t14x,t1_cd7zdia,0.45713592233009714,0.4368222222222222,0.02031370010787492
p_2012,t3_1pyt0c,t1_cd9eqz1,t1_cd7z0cm,0.506309523809524,0.48553030303030303,0.020779220779220953
p_2013,t3_1pwwvj,t1_cd6wnyq,t1_cd6y877,0.4667068965517241,0.46024223602484493,0.006464660526879162
p_2017,t3_1pux5t,t1_cd6evv3,t1_cd6cpnj,0.5105588235294121,0.44886754966887404,0.06169127386053802
p_2018,t3_1ptwcr,t1_cd60rgh,t1_cd63zq4,0.43077419354838714,0.5728548387096776,-0.14208064516129043
p_2021,t3_1pt86v,t1_cd5s3dd,t1_cd5rwd6,0.4576,0.44578688524590165,0.011813114754098353
p_2022,t3_1ps084,t1_cd5dy25,t1_cd5f1y4,0.46075806451612905,0.47231249999999997,-0.011554435483870917
p_2023,t3_1prxpn,t1_cd5d4w9,t1_cd5dujp,0.47507,0.45263461538461536,0.022435384615384635
p_2024,t3_1prkvt,t1_cd5q43p,t1_cd5p13p,0.4865000000000003,0.4917018348623852,-0.005201834862384902
p_2025,t3_1prhkh,t1_cd595rw,t1_cd5datb,0.46792241379310356,0.4972777777777781,-0.029355363984674532
p_2026,t3_1pqyv7,t1_cd536p8,t1_cd565uh,0.47886416184971087,0.46444660194174736,0.014417559907963506
p_2030,t3_1pomjr,t1_cd4gee8,t1_cd4in2k,0.4894840425531916,0.42177027027027025,0.06771377228292136
p_2031,t3_1pocaz,t1_cd4bjgk,t1_cd4c2wr,0.436556338028169,0.49985937499999994,-0.06330303697183093
p_2032,t3_1pmhql,t1_cd4a1wc,t1_cd3v545,0.4539563492063491,0.49167241379310345,-0.03771606458675436
p_2033,t3_1pkngi,t1_cd3p5gz,t1_cd43pdi,0.46437903225806443,0.5326320754716981,-0.06825304321363368
p_2035,t3_1pj0co,t1_cd2vnaa,t1_cd32tjh,0.441720744680851,0.5167039473684211,-0.07498320268757008
p_2042,t3_1pdul1,t1_cd2og2j,t1_cd1d692,0.45641938405797106,0.4834643605870023,-0.02704497652903126
p_2044,t3_1pclk6,t1_cd17lfv,t1_cd106w4,0.4687719298245614,0.4474821428571427,0.021289786967418678
p_2046,t3_1pacrh,t1_cd0cttu,t1_cd0ctfp,0.4422380952380951,0.4195657894736843,0.022672305764410816
p_2047,t3_1p7ojf,t1_cczl7sy,t1_ccznfv7,0.515655172413793,0.5240099999999999,-0.00835482758620687
p_2048,t3_1p7bao,t1_cczlh8c,t1_cczir1i,0.4395703703703704,0.46055303030303035,-0.020982659932659964
p_2049,t3_1p6fts,t1_ccz983e,t1_cczb06s,0.5058396226415097,0.4595967741935484,0.04624284844796134
p_2050,t3_1p4x72,t1_ccysbbf,t1_ccysnss,0.5284277108433736,0.5244037037037036,0.004024007139669994
p_2051,t3_1p0cwf,t1_ccxh3kc,t1_ccxfymz,0.43728823529411764,0.4209615384615384,0.016326696832579257
p_2055,t3_1ozb3s,t1_ccx9s2j,t1_ccxbwo9,0.41020408163265293,0.39885384615384617,0.011350235478806758
p_2056,t3_1oz5lq,t1_ccx7aaw,t1_ccxafc2,0.46776785714285724,0.47421774193548366,-0.006449884792626426
p_2057,t3_1oyy6b,t1_ccxhhv9,t1_ccx2xpw,0.39433536585365847,0.4978409090909091,-0.10350554323725064
p_2059,t3_1owes7,t1_ccwccg2,t1_ccwnrv4,0.5154858156028368,0.4908,0.02468581560283678
p_2060,t3_1ow6zk,t1_ccw91og,t1_ccw92p0,0.46547471910112387,0.4919186046511629,-0.026443885550039015
p_2062,t3_1ovrv9,t1_ccw51st,t1_ccw5ptr,0.4684148936170211,0.5002032967032967,-0.03178840308627556
p_2063,t3_1ovrv9,t1_ccw6450,t1_ccw5ptr,0.4644558823529412,0.5002032967032967,-0.035747414350355444
p_2064,t3_1otx5t,t1_ccvntps,t1_ccvkmsp,0.5073388888888889,0.47563349514563075,0.03170539374325815
p_2065,t3_1otp1b,t1_ccvhvrl,t1_ccvi2vt,0.4963009259259258,0.4827008928571428,0.01360003306878299
p_2066,t3_1osr3n,t1_ccvjj1n,t1_ccv833c,0.43929545454545454,0.44152941176470584,-0.0022339572192512924
p_2067,t3_1orrrs,t1_ccvj1c4,t1_ccv4ank,0.46620121951219506,0.45646456692913384,0.009736652583061223
p_2068,t3_1or8lr,t1_ccusett,t1_ccuruyz,0.4001040462427745,0.4125384615384614,-0.012434415295686896
p_2069,t3_1or8lr,t1_ccutak2,t1_ccuruyz,0.4428070866141732,0.4125384615384614,0.030268625075711764
p_2070,t3_1ooyb1,t1_ccu41n1,t1_ccu4kfo,0.4729344978165939,0.49357692307692314,-0.020642425260329222
p_2071,t3_1onshz,t1_cctslvq,t1_ccttjcb,0.5369378378378377,0.4986052631578949,0.03833257467994278
p_2072,t3_1onlj1,t1_ccts88g,t1_cctr8zg,0.4938497652582163,0.4854391304347825,0.008410634823433794
p_2073,t3_1onlj1,t1_ccu8ayh,t1_cctr8zg,0.49489012096774215,0.4854391304347825,0.009450990532959669
p_2074,t3_1on8j3,t1_cctmaun,t1_cctugxw,0.4902459349593497,0.507611510791367,-0.01736557583201731
p_2075,t3_1on0dg,t1_cctkuyk,t1_cctp521,0.4398575418994415,0.4834876543209878,-0.0436301124215463
p_2076,t3_1on0dg,t1_cctncfz,t1_cctq519,0.5753076923076924,0.456421052631579,0.1188866396761134
p_2078,t3_1omnis,t1_ccthnrm,t1_cctnmc9,0.47124999999999995,0.4938101265822787,-0.02256012658227874
p_2079,t3_1okrb7,t1_cct05wy,t1_ccswjh5,0.4496045454545455,0.4393243243243243,0.010280221130221201
p_2080,t3_1ok44s,t1_ccsqf0e,t1_ccsqryz,0.4590600000000001,0.5532685185185185,-0.09420851851851847
p_2081,t3_1oj3p9,t1_ccsggop,t1_ccsf2i1,0.4617420814479637,0.48591156462585045,-0.024169483177886752
p_2082,t3_1oix5b,t1_ccsopjf,t1_ccsdc7b,0.4577903225806453,0.5535833333333333,-0.09579301075268803
p_2083,t3_1ohh43,t1_ccs14vq,t1_ccs087t,0.48288775510204096,0.502032258064516,-0.019144502962475052
p_2084,t3_1ofi5m,t1_ccrjxvz,t1_ccrkq5s,0.43015714285714285,0.4881111111111113,-0.057953968253968424
p_2085,t3_1off27,t1_ccroh74,t1_ccrsxqd,0.46408235294117633,0.43200617283950615,0.03207618010167018
p_2086,t3_1off27,t1_ccrtt7v,t1_ccrndad,0.4640761904761903,0.47597222222222224,-0.011896031746031932
p_2087,t3_1oee4l,t1_ccrfxpy,t1_ccrhx5q,0.4598070175438599,0.48183898305084727,-0.022031965506987383
p_2088,t3_1oe5hc,t1_ccr69ni,t1_ccr52rk,0.47583214285714265,0.4403680555555555,0.03546408730158712
p_2089,t3_1odlvm,t1_ccr09qw,t1_ccr136f,0.5243374999999999,0.5019411764705882,0.022396323529411677
p_2091,t3_1o8avl,t1_ccpruq6,t1_ccpueez,0.49443589743589744,0.4068947368421053,0.08754116059379213
p_2093,t3_1o7aa8,t1_ccqapn6,t1_ccq12oe,0.519945945945946,0.4968130841121496,0.023132861833796425
p_2096,t3_1o5c1a,t1_ccp27y8,t1_ccoz699,0.4577586206896552,0.4113048780487805,0.04645374264087471
p_2097,t3_1o5321,t1_ccp3x7x,t1_ccq3lo4,0.5159340659340658,0.4765000000000001,0.039434065934065676
p_2098,t3_1o3jlp,t1_ccoi13b,t1_ccoyngj,0.5082152777777778,0.49833333333333335,0.009881944444444402
p_2099,t3_1o2tau,t1_ccoc092,t1_ccofru6,0.4695615384615384,0.42698019801980197,0.04258134044173645
p_2100,t3_1o24hh,t1_cco736j,t1_ccoc4gk,0.42421008403361343,0.44875641025641017,-0.024546326222796733
p_2102,t3_1nzucd,t1_ccnrlhj,t1_ccnphhf,0.4732812499999998,0.4821808510638297,-0.008899601063829865
p_2103,t3_1ny6k8,t1_ccn5pat,t1_ccn8dgu,0.44911165048543705,0.47578318584070795,-0.026671535355270892
p_2104,t3_1ny38x,t1_ccn5uqg,t1_ccn4dy5,0.44701842105263156,0.40586407766990296,0.04115434338272861
p_2105,t3_1nwpae,t1_ccmrf9r,t1_ccmt0m5,0.48708571428571434,0.51813,-0.031044285714285635
p_2107,t3_1ntspd,t1_cclyzpy,t1_ccm05d5,0.5428333333333334,0.5017066115702479,0.041126721763085516
p_2109,t3_1ntobs,t1_cclywzr,t1_ccma5pl,0.4615,0.47806250000000006,-0.016562500000000036
p_2111,t3_1nrv36,t1_cclsxnj,t1_cclgi1r,0.4595483870967743,0.4568680981595092,0.0026802889372651295
p_2112,t3_1nqms4,t1_ccl8rf4,t1_ccl7xo5,0.5020247524752476,0.4819395604395605,0.020085192035687094
p_2113,t3_1nqms4,t1_cclbk5y,t1_ccl66vn,0.473008547008547,0.4640540540540541,0.00895449295449291
p_2116,t3_1np3ni,t1_cclh1r6,t1_cckxr1k,0.4353068181818181,0.48887096774193556,-0.05356414956011746
p_2118,t3_1nn68m,t1_cckc1k4,t1_cck59bw,0.43281884057971015,0.4237750000000001,0.009043840579710027
p_2119,t3_1nkqn7,t1_ccjhnln,t1_ccjhz72,0.44737545126353817,0.45075499999999996,-0.0033795487364617904
p_2121,t3_1nj6q6,t1_ccj3wew,t1_ccj20in,0.4864201680672268,0.4374767441860464,0.04894342388118045
p_2122,t3_1nixjm,t1_ccj4a7h,t1_ccj2t1v,0.4281101694915257,0.47423404255319157,-0.046123873061665877
p_2123,t3_1nichn,t1_ccj007d,t1_cciuejb,0.4520683229813663,0.4782941176470588,-0.026225794665692526
p_2124,t3_1nichn,t1_ccizsq8,t1_ccj7g5s,0.5066499999999999,0.4916184210526316,0.01503157894736834
p_2125,t3_1ni9rr,t1_ccj1rba,t1_ccitwf4,0.5001935483870966,0.4749715909090909,0.025221957478005708
p_2126,t3_1ni983,t1_cciz076,t1_cciwjvy,0.47144387755102035,0.44635106382978706,0.025092813721233287
p_2127,t3_1nhxca,t1_ccisqrm,t1_ccirnyo,0.4631272189349111,0.499125,-0.035997781065088885
p_2128,t3_1nhifl,t1_ccinn6v,t1_ccincyk,0.4785151515151515,0.4758500000000001,0.0026651515151513983
p_2130,t3_1ng8mo,t1_ccidw4s,t1_ccidsew,0.46381249999999996,0.43728124999999995,0.026531250000000006
p_2132,t3_1ncxna,t1_cchh67n,t1_cchgksg,0.4647912621359222,0.48664285714285715,-0.021851595006934954
p_2133,t3_1ncq4g,t1_cchg2hg,t1_cchn5ve,0.483251479289941,0.4800803571428571,0.003171122147083927
p_2135,t3_1n8s63,t1_ccge5q7,t1_ccgkhcd,0.4631870503597124,0.44282894736842116,0.02035810299129126
p_2136,t3_1n8542,t1_ccg95kd,t1_ccg99tj,0.4732839999999999,0.47655319148936176,-0.0032691914893618335
p_2137,t3_1n6bmg,t1_ccgdc5o,t1_ccfzlcw,0.5095603448275862,0.521905,-0.012344655172413788
p_2139,t3_1n5lqn,t1_ccfncrg,t1_ccfnbjw,0.50504,0.5311785714285714,-0.026138571428571344
p_2140,t3_1n5lqn,t1_ccfq99c,t1_ccfob65,0.5065802469135804,0.49689999999999995,0.009680246913580437
p_2141,t3_1n5lqn,t1_ccfqxqv,t1_ccfpzon,0.4765158730158731,0.5473292682926829,-0.0708133952768098
p_2142,t3_1n4xai,t1_ccfhgkp,t1_ccfg5if,0.5368725490196078,0.4863658536585366,0.05050669536107122
p_2144,t3_1n3wo2,t1_ccf9dhu,t1_ccf565b,0.45049999999999985,0.4271976744186046,0.023302325581395222
p_2145,t3_1n3wo2,t1_ccfdwg9,t1_ccfhdpo,0.47281067961165035,0.4614941176470588,0.011316561964591576
p_2147,t3_1n3wo2,t1_ccfmxhg,t1_ccffwtl,0.46100000000000013,0.4810532786885245,-0.020053278688524356
p_2146,t3_1n3wo2,t1_ccfmost,t1_ccfdvsg,0.43287499999999995,0.5289137931034482,-0.09603879310344826
p_2149,t3_1n0a5y,t1_cceltkh,t1_cce9tgv,0.44040277777777787,0.4495896226415094,-0.009186844863731558
p_2150,t3_1mxo4i,t1_ccdoxu0,t1_ccdla5i,0.5032080291970801,0.4545181818181819,0.0486898473788982
p_2151,t3_1mxf26,t1_ccdidvp,t1_ccdnuec,0.39364622641509434,0.4282012195121951,-0.03455499309710075
p_2152,t3_1mvpmi,t1_ccd1q5w,t1_ccd6xyi,0.460672131147541,0.45921428571428563,0.0014578454332553892
p_2153,t3_1mv3g3,t1_cccxjd9,t1_cccvmip,0.468258426966292,0.47013636363636374,-0.0018779366700717448
p_2154,t3_1mv3g3,t1_cccwow7,t1_ccd56i2,0.4731270627062707,0.4512739726027396,0.021853090103531092
p_2155,t3_1mv3g3,t1_ccd581r,t1_ccd3k4q,0.46482743362831874,0.4389230769230768,0.025904356705241938
p_2157,t3_1ms5h6,t1_ccc5hfa,t1_cccbr1n,0.46882634730538914,0.4627299035369776,0.006096443768411508
p_2158,t3_1ms5h6,t1_ccc4apy,t1_ccc3e49,0.43489534883720943,0.4535326086956522,-0.01863725985844278
p_2159,t3_1ms5h6,t1_ccc4zc0,t1_ccc6q8t,0.4543571428571429,0.4542625,9.464285714289034e-05
p_2160,t3_1ms5h6,t1_ccc8c0p,t1_ccca28r,0.4512846715328467,0.4893576388888886,-0.03807296735604193
p_2161,t3_1ms5h6,t1_ccc849f,t1_ccc5y0d,0.4330853658536584,0.43181249999999993,0.0012728658536584891
p_2162,t3_1mqh8t,t1_ccbop5x,t1_ccbnoar,0.447381443298969,0.4283484848484848,0.019032958450484194
p_2163,t3_1mqfmi,t1_cccdkog,t1_ccbqtty,0.47029565217391306,0.48940677966101703,-0.019111127487103974
p_2164,t3_1mq464,t1_ccbkgg8,t1_ccbrs5p,0.4581827956989246,0.4886456310679611,-0.03046283536903649
p_2165,t3_1mor68,t1_ccbewh1,t1_ccbhzik,0.4777148760330581,0.5148486842105264,-0.03713380817746831
p_2166,t3_1mkkiu,t1_cca3jqo,t1_ccahv7s,0.48907627118644076,0.5094027777777775,-0.02032650659133678
p_2170,t3_1micrr,t1_cc9iise,t1_cc9i0l2,0.4508958333333331,0.4441000000000001,0.006795833333333001
p_2171,t3_1mhox4,t1_cc9cr45,t1_cc9ewi1,0.45500000000000007,0.46809322033898315,-0.01309322033898308
p_2175,t3_1mcs7s,t1_cc7zre6,t1_cc7zm90,0.4629259259259259,0.43684499999999976,0.026080925925926146
p_2176,t3_1mcs7s,t1_cc80xcj,t1_cc7yshf,0.44185692771084334,0.43662962962962965,0.005227298081213694
p_2177,t3_1mcgyq,t1_cc81pge,t1_cc833kb,0.44406249999999997,0.4981818181818182,-0.054119318181818254
p_2178,t3_1mc6y7,t1_cc7v8d9,t1_cc7wspd,0.44325477707006355,0.4008942307692307,0.04236054630083286
p_2179,t3_1mc6y7,t1_cc7uvd2,t1_cc7vp54,0.4503846153846155,0.4393020833333334,0.011082532051282068
p_2180,t3_1mbqhy,t1_cc7pp5t,t1_cc7odp3,0.4550786516853929,0.46553225806451626,-0.010453606379123348
p_2183,t3_1ma1o7,t1_cc779hk,t1_cc779ih,0.45144495412844055,0.5017343749999998,-0.0502894208715593
p_2184,t3_1m9bf6,t1_cc71e1c,t1_cc71cv0,0.4977924528301888,0.421375,0.0764174528301888
p_2185,t3_1m7r92,t1_cc6nj16,t1_cc6k9ln,0.4543938775510205,0.48600000000000004,-0.031606122448979534
p_2186,t3_1m5nls,t1_cc65afh,t1_cc60rdt,0.45490691489361745,0.46889322916666676,-0.013986314273049305
p_2187,t3_1m5ckr,t1_cc65v0o,t1_cc5yz4a,0.47840384615384624,0.4867067307692308,-0.008302884615384587
p_2188,t3_1m4ncj,t1_cc6f4wf,t1_cc62exc,0.5012500000000001,0.43822727272727263,0.06302272727272745
p_2189,t3_1m4j0f,t1_cc5pidn,t1_cc5prn9,0.5061086956521741,0.5013131868131872,0.004795508838986939
p_2190,t3_1m3uw1,t1_cc5jurv,t1_cc5i9r4,0.4176764705882354,0.45545,-0.037773529411764595
p_2193,t3_1m2ol2,t1_cc586c8,t1_cc583f9,0.4882629310344827,0.48853636363636366,-0.00027343260188095186
p_2192,t3_1m2ol2,t1_cc583n9,t1_cc58qz9,0.46810687022900754,0.43155357142857137,0.036553298800436174
p_2194,t3_1m2c8d,t1_cc53f9v,t1_cc57ndo,0.46926277372262787,0.5282037037037037,-0.05894092998107586
p_2195,t3_1lyzc3,t1_cc4fofp,t1_cc4e0cy,0.4713427672955973,0.45608737864077686,0.015255388654820456
p_2196,t3_1lykde,t1_cc4218e,t1_cc433r7,0.4599504504504504,0.4629213483146067,-0.0029708978641562744
p_2198,t3_1lxn1p,t1_cc3sszy,t1_cc3tpy6,0.45457777777777764,0.44370860927152317,0.010869168506254467
p_2199,t3_1lvnj6,t1_cc37s7x,t1_cc3b2kq,0.4742755102040815,0.47693749999999996,-0.0026619897959184735
p_2200,t3_1lt0gt,t1_cc2od32,t1_cc2gt9x,0.4572837837837835,0.46709420289855064,-0.009810419114767155
p_2201,t3_1ls55r,t1_cc274w7,t1_cc28zrg,0.44541428571428565,0.48178155339805817,-0.03636726768377252
p_2203,t3_1lpmle,t1_cc1kppg,t1_cc1ka02,0.445272030651341,0.45443700787401586,-0.009164977222674842
p_2205,t3_1lpfcx,t1_cc1hmy1,t1_cc1xwz2,0.4783598484848485,0.44387956204379564,0.03448028644105289
p_2206,t3_1lp8a5,t1_cc1fjpt,t1_cc1ftud,0.4707383966244728,0.4926547619047619,-0.021916365280289063
p_2207,t3_1lni37,t1_cc102pd,t1_cc0yjrr,0.4361470588235294,0.384921568627451,0.05122549019607836
p_2208,t3_1ln8b5,t1_cc0x96h,t1_cc0vugf,0.43322000000000005,0.4953208955223879,-0.062100895522387844
p_2212,t3_1lm1eb,t1_cc0l23w,t1_cc0x7m8,0.6134107142857144,0.5383493150684932,0.07506139921722121
p_2213,t3_1lkz0j,t1_cc0ekn0,t1_cc0d09x,0.49151136363636366,0.4583275862068966,0.03318377742946704
p_2214,t3_1lkxku,t1_cc0b6tb,t1_cc0c4yb,0.4769791666666667,0.4753720930232557,0.00160707364341095
p_2215,t3_1lkxku,t1_cc0nc73,t1_cc0gh2n,0.4412533333333331,0.45683000000000007,-0.01557666666666696
p_2218,t3_1lklmg,t1_cc06dl5,t1_cc070hz,0.4741706349206349,0.49976724137931033,-0.025596606458675453
p_2219,t3_1lklmg,t1_cc0gnzl,t1_cc0b8sj,0.42567579908675846,0.45879353233830866,-0.03311773325155021
p_2220,t3_1lj77i,t1_cc00mpq,t1_cbzwwyg,0.4432285714285716,0.43743333333333334,0.005795238095238242
p_2221,t3_1lj1a3,t1_cbzqvmp,t1_cbzslqc,0.48181818181818187,0.464,0.017818181818181844
p_2224,t3_1lhuz4,t1_cbzddsy,t1_cbze9hp,0.46591666666666665,0.4896101694915254,-0.02369350282485877
p_2225,t3_1lfrfd,t1_cbysfpy,t1_cbzh8fi,0.3947906976744186,0.46307142857142863,-0.06828073089701003
p_2226,t3_1lfjlx,t1_cbyrmgo,t1_cbyqak5,0.4902923728813559,0.5216285714285714,-0.03133619854721553
p_2227,t3_1lerv8,t1_cbyiaoi,t1_cbyhq86,0.4225340909090909,0.5773,-0.15476590909090915
p_2230,t3_1ld6h6,t1_cby2a8w,t1_cby1lsh,0.5165168539325843,0.5302719298245615,-0.01375507589197722
p_2232,t3_1lcywy,t1_cbxzp1t,t1_cby301t,0.41022368421052635,0.42708759124087575,-0.0168639070303494
p_2233,t3_1lbwhm,t1_cbxpt3g,t1_cbxs5nk,0.4576298882681564,0.44722771474878437,0.01040217351937206
p_2234,t3_1lbmj6,t1_cbxpw34,t1_cbxodyk,0.4974860681114554,0.5067896551724138,-0.009303587060958407
p_2236,t3_1lacd7,t1_cbx94i4,t1_cbx9e6e,0.44562033195020767,0.5227187500000001,-0.07709841804979245
p_2237,t3_1la7rw,t1_cbxgs50,t1_cbx89uo,0.4848136246786634,0.4457699999999999,0.03904362467866351
p_2238,t3_1l90aj,t1_cbwzd68,t1_cbwzbg8,0.5102800000000001,0.5927083333333334,-0.08242833333333333
p_2241,t3_1l739z,t1_cbwgckn,t1_cbwhg4q,0.4684022988505745,0.45563636363636356,0.012765935214210933
p_2242,t3_1l6so4,t1_cbwanvb,t1_cbwejit,0.5429926470588237,0.5002105263157895,0.04278212074303411
p_2243,t3_1l6jx5,t1_cbwinoh,t1_cbwci89,0.47046052631578966,0.4795697674418605,-0.00910924112607081
p_2244,t3_1l5skj,t1_cbw2q93,t1_cbw5e2q,0.5334663461538462,0.51438,0.0190863461538463
p_2245,t3_1l4zh1,t1_cbvtytr,t1_cbwfrmm,0.43211136363636343,0.49572891566265076,-0.06361755202628733
p_2246,t3_1l4s6s,t1_cbvtme3,t1_cbw349b,0.4412611940298508,0.4224880952380952,0.018773098791755594
p_2247,t3_1l4s6s,t1_cbvtd9h,t1_cbw1t11,0.42124444444444437,0.45701351351351355,-0.03576906906906918
p_2249,t3_1l48mt,t1_cbvuocw,t1_cbvwhwi,0.44466666666666654,0.448234693877551,-0.00356802721088445
p_2252,t3_1l3r2u,t1_cbvi0u6,t1_cbvi11k,0.4690266666666666,0.4458358974358975,0.02319076923076907
p_2253,t3_1l3r2u,t1_cbvjfjr,t1_cbvi11k,0.47627969348659027,0.4458358974358975,0.03044379605069275
p_2251,t3_1l3r2u,t1_cbvieup,t1_cbvi6i2,0.46096304347826106,0.4473357142857142,0.013627329192546833
p_2258,t3_1l39f3,t1_cbvj6st,t1_cbvdl8d,0.4586638655462184,0.4889785714285716,-0.030314705882353188
p_2256,t3_1l39f3,t1_cbvi8i7,t1_cbvetvc,0.5060488721804512,0.4678928571428567,0.038156015037594526
p_2257,t3_1l39f3,t1_cbvdnid,t1_cbvf3rq,0.4706275510204082,0.4877042253521127,-0.01707667433170451
p_2259,t3_1l3115,t1_cbv9wfo,t1_cbva0et,0.4982857142857143,0.5298863636363637,-0.03160064935064938
p_2260,t3_1l2ixq,t1_cbvbxs8,t1_cbv59md,0.4442764705882354,0.46389189189189173,-0.019615421303656344
p_2261,t3_1l09gg,t1_cbuio96,t1_cbugz8z,0.5240384615384618,0.49285454545454543,0.031183916083916352
p_2262,t3_1kzxcm,t1_cbuf9oo,t1_cbuiv91,0.48690333333333313,0.4807408759124087,0.0061624574209244165
p_2265,t3_1kye6l,t1_cbtvo8l,t1_cbtvkil,0.4688549618320611,0.47144303797468373,-0.0025880761426226306
p_2266,t3_1kye6l,t1_cbtwkat,t1_cbtwnnn,0.48537857142857144,0.511028409090909,-0.025649837662337527
p_2268,t3_1kye6l,t1_cbtzwlt,t1_cbtwnnn,0.44673148148148145,0.511028409090909,-0.06429692760942751
p_2267,t3_1kye6l,t1_cbtzgqh,t1_cbtwnnn,0.4635080321285144,0.511028409090909,-0.047520376962394584
p_2269,t3_1kxyyv,t1_cbtru4t,t1_cbtrv0z,0.4803768656716416,0.49533035714285717,-0.014953491471215552
p_2270,t3_1kxyyv,t1_cbtr9p6,t1_cbtrv0z,0.5013676470588235,0.49533035714285717,0.0060372899159663596
p_2271,t3_1kxyyv,t1_cbtu5q5,t1_cbtrrbq,0.45632575757575744,0.4520769230769232,0.004248834498834231
p_2272,t3_1kxyyv,t1_cbu7zd4,t1_cbtrv0z,0.5217045454545456,0.49533035714285717,0.026374188311688418
p_2275,t3_1kwoib,t1_cbtku99,t1_cbtll2e,0.4730227272727273,0.47572727272727283,-0.002704545454545515
p_2274,t3_1kwoib,t1_cbteqkq,t1_cbtlv0w,0.4407328767123288,0.5038369565217391,-0.0631040798094103
p_2276,t3_1kwewh,t1_cbtagyo,t1_cbta7mx,0.4792268041237113,0.46888571428571435,0.010341089837996975
p_2278,t3_1ktrbd,t1_cbsiyod,t1_cbsj55w,0.5105408163265304,0.4820186335403728,0.02852218278615759
p_2280,t3_1ks6p4,t1_cbsevj6,t1_cbs6oi2,0.43721287128712866,0.419457142857143,0.017755728429985684
p_2282,t3_1kqo2m,t1_cbrp5dn,t1_cbrtmtf,0.42947222222222226,0.4634454545454546,-0.03397323232323235
p_2283,t3_1kpmvy,t1_cbril3l,t1_cbrg01p,0.5110533333333331,0.5123742857142861,-0.0013209523809529777
p_2284,t3_1kplpx,t1_cbs1lbf,t1_cbrbl9b,0.484005681818182,0.4757391304347827,0.008266551383399268
p_2285,t3_1kpcy7,t1_cbrbl5x,t1_cbrbcp0,0.5067125984251967,0.4906245674740485,0.01608803095114819
p_2288,t3_1kmwmn,t1_cbqml03,t1_cbqlofq,0.48317381974248913,0.4396492346938774,0.04352458504861173
p_2289,t3_1kmr9u,t1_cbqlmoj,t1_cbqkl2t,0.4305131578947369,0.45407894736842114,-0.023565789473684262
p_2290,t3_1klvsk,t1_cbqdd78,t1_cbqjkwj,0.4570432692307694,0.43798113207547174,0.019062137155297643
p_2291,t3_1klpoz,t1_cbqe15e,t1_cbqay82,0.4911675257731961,0.44798684210526324,0.04318068366793287
p_2295,t3_1kkzei,t1_cbq19sn,t1_cbq4s14,0.4889769230769231,0.48836764705882346,0.0006092760180996248
p_2293,t3_1kkzei,t1_cbq6gfx,t1_cbq019j,0.47382283464566927,0.5198333333333334,-0.0460104986876641
p_2294,t3_1kkzei,t1_cbq17si,t1_cbq019j,0.46022727272727265,0.5198333333333334,-0.05960606060606072
p_2297,t3_1kkvd3,t1_cbpzbps,t1_cbpzant,0.4617322834645671,0.48717450980392163,-0.025442226339354557
p_2298,t3_1kkvd3,t1_cbpzjlg,t1_cbqba5y,0.4732384615384613,0.5128163265306123,-0.03957786499215099
p_2299,t3_1kkl0k,t1_cbpvqsr,t1_cbpwrwm,0.49782727272727273,0.5148046875,-0.01697741477272724
p_2300,t3_1kjxxx,t1_cbpq618,t1_cbprup5,0.4751769230769231,0.42700000000000005,0.04817692307692306
p_2302,t3_1kji31,t1_cbpp0hg,t1_cbpp4cn,0.45534722222222224,0.5366923076923077,-0.08134508547008545
p_2303,t3_1kj8ll,t1_cbpjmas,t1_cbpisrw,0.5035096153846153,0.49263563829787194,0.010873977086743314
p_2304,t3_1kj8ll,t1_cbpl5sq,t1_cbpotjh,0.4613258706467664,0.4790833333333334,-0.017757462686567027
p_2306,t3_1kic79,t1_cbp88fr,t1_cbp8lam,0.4460890410958904,0.4423811475409838,0.0037078935549066383
p_2307,t3_1ki40o,t1_cbp9u33,t1_cbp85kd,0.47627777777777774,0.48268539325842685,-0.006407615480649109
p_2308,t3_1ki1zh,t1_cbp9dea,t1_cbp5nt9,0.4935691056910567,0.48848541666666656,0.005083689024390159
p_2310,t3_1khlm7,t1_cbp1ln5,t1_cbp1ph1,0.47274411764705876,0.47129166666666666,0.0014524509803920949
p_2311,t3_1kgh0u,t1_cboq4u7,t1_cbooh2r,0.43553409090909095,0.4979634146341465,-0.06242932372505555
p_2313,t3_1ke0w4,t1_cbnzi22,t1_cbo6d5s,0.47067213114754114,0.4692857142857145,0.001386416861826667
p_2314,t3_1ke0w4,t1_cbo3zx9,t1_cbo5iau,0.4416624803767662,0.44089901477832466,0.0007634655984415373
p_2316,t3_1kdlwj,t1_cbnxd5h,t1_cbnvo71,0.5520728476821193,0.5889859154929579,-0.036913067810838585
p_2319,t3_1kcd3m,t1_cbnhq6g,t1_cbni0el,0.43622093023255815,0.4599500000000001,-0.023729069767441935
p_2320,t3_1kbzmn,t1_cbng0go,t1_cbnipaa,0.44918749999999985,0.4297304347826086,0.019457065217391267
p_2323,t3_1kag5w,t1_cbn0mxn,t1_cbmzov5,0.4480343137254902,0.4146390977443608,0.03339521598112938
p_2324,t3_1kabrs,t1_cbmzr37,t1_cbn67aw,0.5763510638297873,0.44880000000000014,0.12755106382978715
p_2325,t3_1ka5uj,t1_cbmyev9,t1_cbmxfh8,0.46778301886792445,0.46392372881355953,0.0038592900543649167
p_2327,t3_1k9jlv,t1_cbmxvcd,t1_cbmuvxx,0.48727272727272725,0.41777999999999993,0.06949272727272732
p_2328,t3_1k6xfn,t1_cbm0lyq,t1_cbm3nd0,0.49834545454545454,0.5120135135135134,-0.013668058968058894
p_2329,t3_1k6i9t,t1_cblyg6g,t1_cblyvvv,0.4555325443786981,0.44069266055045864,0.014839883828239475
p_2330,t3_1k5pd2,t1_cbln0wk,t1_cblry91,0.47192574257425735,0.4554013157894737,0.016524426784783663
p_2331,t3_1k5c52,t1_cblj535,t1_cbll85k,0.4501081081081082,0.4615898876404494,-0.011481779532341196
p_2332,t3_1k5c52,t1_cblu6s5,t1_cblltll,0.44725000000000004,0.42944736842105263,0.017802631578947403
p_2333,t3_1k4u9p,t1_cbldzfo,t1_cblfrem,0.47457142857142864,0.4890714285714286,-0.014499999999999957
p_2334,t3_1k3fd5,t1_cbkz187,t1_cblb6qd,0.5121884615384615,0.46725812274368217,0.04493033879477937
p_2335,t3_1k3fd5,t1_cbl0mqo,t1_cbl14ki,0.4850814536340852,0.49811639676113395,-0.013034943127048726
p_2336,t3_1k394r,t1_cbl39x0,t1_cbkxpz4,0.4665084033613445,0.4804473684210528,-0.013938965059708264
p_2337,t3_1k2ucr,t1_cbl0joo,t1_cbl04y4,0.49940601503759413,0.444340909090909,0.05506510594668512
p_2338,t3_1k2m9c,t1_cbku0j5,t1_cbkqfau,0.4528387096774194,0.43924683544303805,0.013591874234381351
p_2339,t3_1k1bz3,t1_cbkdhyg,t1_cbkd9lg,0.47895138888888883,0.49415000000000003,-0.015198611111111204
p_2340,t3_1k12l4,t1_cbk9xjc,t1_cbkfcm9,0.47058620689655173,0.5362125000000001,-0.06562629310344836
p_2341,t3_1k0rar,t1_cbk9gjo,t1_cbk70ve,0.43319841269841264,0.47872368421052636,-0.04552527151211372
p_2343,t3_1k0o35,t1_cbk7t0b,t1_cbk5xan,0.4516538461538462,0.4664999999999999,-0.014846153846153731
p_2346,t3_1jxenp,t1_cbjhhbv,t1_cbjh4y3,0.4714572649572649,0.5112256097560972,-0.03976834479883229
p_2348,t3_1jxb7d,t1_cbj7ksk,t1_cbjiqx2,0.4632857142857142,0.4702807692307692,-0.006995054945055035
p_2349,t3_1jxb7d,t1_cbj8nos,t1_cbjiqx2,0.4419613402061855,0.4702807692307692,-0.02831942902458373
p_2350,t3_1jx75l,t1_cbj6dz7,t1_cbj5su9,0.4506145833333333,0.49288181818181814,-0.042267234848484825
p_2352,t3_1jx75l,t1_cbj9dmd,t1_cbj5t4n,0.48740624999999976,0.48372480620155034,0.003681443798449424
p_2351,t3_1jx75l,t1_cbj8v5p,t1_cbj5t4n,0.47893877551020425,0.48372480620155034,-0.004786030691346088
p_2353,t3_1jx75l,t1_cbjctxf,t1_cbja2vi,0.5038181818181818,0.5379534883720931,-0.03413530655391128
p_2355,t3_1jw0vh,t1_cbj2fl6,t1_cbivzx1,0.5020281690140842,0.4743705357142856,0.02765763329979859
p_2356,t3_1jukj2,t1_cbihbve,t1_cbifo1m,0.45030864197530857,0.45267605633802815,-0.0023674143627195887
p_2357,t3_1juhcd,t1_cbih6kh,t1_cbiftjn,0.4507800000000001,0.4176176470588237,0.03316235294117642
p_2358,t3_1jtizm,t1_cbi5iji,t1_cbi4vwr,0.4363560606060606,0.4614054054054055,-0.025049344799344897
p_2359,t3_1jnzxi,t1_cbgl9y6,t1_cbgko2s,0.46958988764044945,0.4402053571428573,0.029384530497592154
p_2360,t3_1jnzxi,t1_cbgq6ri,t1_cbgmmil,0.4380454545454545,0.41780000000000006,0.020245454545454455
p_2361,t3_1jnzxi,t1_cbgrq6w,t1_cbgqs66,0.4493653846153845,0.42733333333333334,0.022032051282051157
p_2362,t3_1jmadm,t1_cbgfvpm,t1_cbg3jnw,0.37785714285714284,0.4795142857142857,-0.10165714285714289
p_2363,t3_1jm5z2,t1_cbg3zbr,t1_cbg1tau,0.4694315068493152,0.5002073170731709,-0.03077581022385567
p_2365,t3_1jl2l0,t1_cbfrj60,t1_cbfqlt5,0.4695980392156865,0.49850000000000005,-0.028901960784313563
p_2366,t3_1jkp1k,t1_cbfp0g2,t1_cbfoawn,0.48180188679245284,0.48209375,-0.00029186320754714945
p_2367,t3_1jiw0b,t1_cbf6lgo,t1_cbf4sac,0.43195801526717553,0.4544069767441861,-0.022448961477010587
p_2370,t3_1jb0wl,t1_cbcxgu5,t1_cbcy8p6,0.5071096866096868,0.46161290322580656,0.045496783383880246
p_2371,t3_1jaqjx,t1_cbctgfc,t1_cbcsn53,0.45338928571428566,0.46741791044776126,-0.014028624733475603
p_2372,t3_1j9xnf,t1_cbcq5wa,t1_cbcvqxh,0.468795918367347,0.47789227166276327,-0.009096353295416248
p_2373,t3_1j8dv1,t1_cbc52ax,t1_cbcofch,0.4479444444444445,0.4010288461538461,0.04691559829059838
p_2374,t3_1j8dv1,t1_cbc65mq,t1_cbcofch,0.4211166666666666,0.4010288461538461,0.020087820512820487
p_2375,t3_1j8dv1,t1_cbc693d,t1_cbcofch,0.476875,0.4010288461538461,0.0758461538461539
p_2376,t3_1j8dv1,t1_cbc7rzj,t1_cbcofch,0.45580000000000004,0.4010288461538461,0.05477115384615394
p_2377,t3_1j7p6i,t1_cbbxr56,t1_cbby8gg,0.47957142857142865,0.4842839999999999,-0.004712571428571233
p_2378,t3_1j5z5p,t1_cbbgma6,t1_cbbghpi,0.48702688172043007,0.4946052631578947,-0.007578381437464643
p_2379,t3_1j583o,t1_cbba0li,t1_cbbbhg1,0.47849514563106793,0.42625471698113215,0.05224042864993578
p_2381,t3_1j3vw4,t1_cbavu90,t1_cbawlm4,0.4248243243243243,0.4233968253968254,0.001427498927498938
p_2384,t3_1j0ghg,t1_cb9w70x,t1_cba1v9x,0.47747482014388487,0.5137486631016042,-0.03627384295771929
p_2385,t3_1j0ghg,t1_cbag4fl,t1_cba1v9x,0.4958242574257428,0.5137486631016042,-0.017924405675861343
p_2387,t3_1j04ik,t1_cb9skkn,t1_cb9rtf6,0.4939714285714286,0.5472173913043479,-0.05324596273291926
p_2386,t3_1j04ik,t1_cb9ssza,t1_cb9rtf6,0.5223484848484848,0.5472173913043479,-0.024868906455863038
p_2388,t3_1j012y,t1_cb9qkne,t1_cb9wf8r,0.5873571428571429,0.5561093749999999,0.031247767857143005
p_2390,t3_1j00y5,t1_cb9tnv2,t1_cb9rf5x,0.4464260563380281,0.4635555555555555,-0.017129499217527377
p_2393,t3_1iw2um,t1_cb8lac4,t1_cb8mbl8,0.5565624999999998,0.517796875,0.038765624999999804
p_2402,t3_1is4qd,t1_cb7j9ci,t1_cb7wbhu,0.4637619047619047,0.48958235294117636,-0.02582044817927165
p_2403,t3_1iqys7,t1_cb7bor5,t1_cb7844x,0.47525543478260857,0.4187020202020201,0.05655341458058849
p_2404,t3_1iqys7,t1_cb7gfzl,t1_cb7gxgm,0.44559523809523816,0.4379023437500002,0.007692894345237955
p_2405,t3_1ipjv3,t1_cb6tcwm,t1_cb7052e,0.4677702702702703,0.4156833333333333,0.052086936936937
p_2406,t3_1ioyfw,t1_cb6negu,t1_cb6p567,0.39433333333333337,0.433858585858586,-0.03952525252525263
p_2408,t3_1io050,t1_cb6z8bd,t1_cb6d59l,0.5064117647058822,0.476092105263158,0.030319659442724245
p_2409,t3_1io050,t1_cb6te7v,t1_cb6k495,0.4491984126984127,0.47801851851851845,-0.028820105820105746
p_2410,t3_1inwvh,t1_cb6clxk,t1_cb6b3un,0.487654411764706,0.5010375,-0.01338308823529405
p_2412,t3_1in64c,t1_cb6akju,t1_cb64t09,0.4098142857142858,0.39845833333333336,0.011355952380952439
p_2413,t3_1in3mk,t1_cb6bfkt,t1_cb62n6y,0.49643333333333334,0.47001960784313734,0.026413725490195994
p_2415,t3_1iimoi,t1_cb5m28u,t1_cb4v5by,0.5044782608695652,0.46648076923076925,0.0379974916387959
p_2418,t3_1ihnzp,t1_cb4juyf,t1_cb4ukap,0.5245804597701152,0.5605677966101694,-0.035987336840054174
p_2420,t3_1igbwh,t1_cb4649p,t1_cb464hg,0.471445945945946,0.49200000000000005,-0.020554054054054027
p_2421,t3_1ied1a,t1_cb3rv5u,t1_cb3p38u,0.4612943548387097,0.5204396551724139,-0.05914530033370419
p_2424,t3_1ib9o8,t1_cb2tz88,t1_cb33du7,0.4970098039215687,0.4732379032258064,0.023771900695762294
p_2427,t3_1ia9x8,t1_cb2j72l,t1_cb2rlb2,0.4480398230088495,0.3977500000000001,0.05028982300884938
p_2429,t3_1ia3zd,t1_cb2lbid,t1_cb2h5ll,0.4733490566037736,0.4287521739130436,0.04459688269072998
p_2430,t3_1i94l9,t1_cb28ef0,t1_cb26209,0.48168421052631577,0.4864700000000001,-0.004785789473684354
p_2434,t3_1i5tlt,t1_cb1cje7,t1_cb1t7x1,0.4423947368421051,0.49425000000000013,-0.051855263157895015
p_2436,t3_1i4vt4,t1_cb1h533,t1_cb1252u,0.4703560000000001,0.4876914893617021,-0.017335489361701983
p_2435,t3_1i4vt4,t1_cb13nik,t1_cb16bo0,0.43739999999999996,0.4829056603773585,-0.04550566037735854
p_2438,t3_1i2u57,t1_cb0fo0o,t1_cb0gz21,0.5191818181818183,0.4843226600985224,0.03485915808329593
p_2439,t3_1i2u57,t1_cb0fbc9,t1_cb0hvyo,0.49203389830508476,0.500683673469388,-0.008649775164303264
p_2440,t3_1i2oju,t1_cb0dt2p,t1_cb0e4bx,0.4604295302013422,0.4989102564102564,-0.038480726208914184
p_2442,t3_1i11n0,t1_cazz418,t1_cb0464x,0.45270408163265313,0.44400000000000006,0.008704081632653071
p_2443,t3_1i11n0,t1_cazy97z,t1_cb0464x,0.43817857142857136,0.44400000000000006,-0.0058214285714286995
p_2444,t3_1i0zds,t1_cazx780,t1_cazy8n0,0.49341326530612234,0.45654166666666646,0.03687159863945588
p_2445,t3_1i0zds,t1_cb005e0,t1_cb05afm,0.47937037037037045,0.5654545454545455,-0.0860841750841751
p_2446,t3_1i0zds,t1_cb00x7k,t1_cazy1tv,0.4822666666666667,0.4477076023391812,0.034559064327485456
p_2447,t3_1i0zds,t1_cazx7qm,t1_cb0ano0,0.4625340909090908,0.4984767441860465,-0.03594265327695567
p_2448,t3_1i00hp,t1_cazmh6c,t1_cazmud9,0.4753660714285714,0.4725149253731344,0.002851146055437015
p_2449,t3_1hzs2p,t1_cazkd1r,t1_cazpzes,0.47042424242424247,0.49534285714285714,-0.024918614718614673
p_2451,t3_1hz0cv,t1_cazgpfl,t1_cazc5lr,0.44209905660377335,0.47518333333333324,-0.03308427672955988
p_2452,t3_1hxzas,t1_caz1kcn,t1_caz1z09,0.4746229946524066,0.46417465753424664,0.010448337118159956
p_2453,t3_1hxrtn,t1_caz1hv5,t1_cayzct9,0.4634137931034483,0.49827722772277244,-0.03486343461932412
p_2454,t3_1hxjqk,t1_cayxqwq,t1_cazcc7l,0.4402578125,0.43745945945945947,0.0027983530405405466
p_2455,t3_1hxf9i,t1_cayvh0d,t1_caz1x0o,0.41746153846153844,0.4141333333333333,0.0033282051282051417
p_2456,t3_1hw3be,t1_cayi1o3,t1_caykf0u,0.41679310344827586,0.4133281250000001,0.0034649784482757573
p_2460,t3_1htdmd,t1_caxqkk2,t1_caxz72q,0.48617576791808853,0.48873511904761924,-0.002559351129530707
p_2461,t3_1ht05v,t1_caxtz6j,t1_caxzvix,0.47695421686746964,0.5065494505494506,-0.029595233681980915
p_2462,t3_1ht05v,t1_caxvc7y,t1_caxzvix,0.48284500000000014,0.5065494505494506,-0.023704450549450418
p_2463,t3_1hrko3,t1_caxe7v8,t1_cax6nz3,0.4620681818181819,0.5237666666666667,-0.061698484848484836
p_2464,t3_1hrjgc,t1_cax6dff,t1_cax6b4o,0.43225630252100844,0.4341000000000001,-0.0018436974789916571
p_2465,t3_1hraph,t1_cax407i,t1_cax3up7,0.47138931297709913,0.4785121951219513,-0.007122882144852183
p_2467,t3_1hqd66,t1_cax3idc,t1_cawz4oe,0.4555689655172416,0.4979363636363635,-0.042367398119121935
p_2468,t3_1hq0v5,t1_cawqmgo,t1_cawqm34,0.4590206185567012,0.4724679487179486,-0.01344733016124744
p_2469,t3_1hp8cm,t1_cawnmau,t1_cawra52,0.4450595238095237,0.4893671875,-0.04430766369047634
p_2470,t3_1hp8cm,t1_caws05i,t1_cawsaki,0.4810952380952381,0.5241681034482758,-0.043072865353037726
p_2472,t3_1hnrv5,t1_cawg0mo,t1_caw90ul,0.4695512129380051,0.42133928571428597,0.04821192722371914
p_2473,t3_1hnmg0,t1_caw4fwf,t1_caw2pvi,0.4524599999999999,0.48793089430894315,-0.035470894308943235
p_2474,t3_1hnesi,t1_caw5etn,t1_caw1oxb,0.554923076923077,0.47926666666666673,0.07565641025641023
p_2475,t3_1hmzrg,t1_cavwamg,t1_caw3w4j,0.5085000000000001,0.49519594594594585,0.013304054054054215
p_2477,t3_1hmzrg,t1_cavxhoe,t1_cavwx38,0.4202578125,0.48939999999999995,-0.06914218749999995
p_2476,t3_1hmzrg,t1_cavwmqq,t1_cavylue,0.4781238938053098,0.44538025889967664,0.032743634905633145
p_2478,t3_1hm7uw,t1_cavpkpg,t1_cavot1s,0.44265410958904106,0.43651111111111096,0.006142998477930095
p_2479,t3_1hj6bs,t1_cauxv2z,t1_cauydog,0.44267073170731713,0.4788173076923075,-0.03614657598499038
p_2480,t3_1hilol,t1_cav0vb9,t1_cauv0dj,0.5051226415094339,0.4317708333333334,0.07335180817610049
p_2482,t3_1hijgw,t1_cauqk4k,t1_cauqjev,0.5465142857142855,0.5543073394495412,-0.007793053735255739
p_2484,t3_1hhk6u,t1_caueb77,t1_cauj7mz,0.5155064935064935,0.4431111111111111,0.07239538239538235
p_2485,t3_1hhk6u,t1_caui6qo,t1_caukhoj,0.5041481481481481,0.45881343283582093,0.04533471531232719
p_2486,t3_1hhk6u,t1_cauhmlk,t1_cauj7mz,0.42560000000000003,0.4431111111111111,-0.01751111111111109
p_2489,t3_1hc58i,t1_catea2n,t1_casxbel,0.456006818181818,0.4637977528089888,-0.007790934627170787
p_2490,t3_1hc0j1,t1_caszio1,t1_casup0b,0.44034285714285715,0.47278571428571436,-0.03244285714285722
p_2494,t3_1hajcc,t1_casg265,t1_casiv8b,0.42267164179104477,0.4640365853658537,-0.04136494357480891
p_2495,t3_1h9sqe,t1_cas8w59,t1_cas8g4g,0.4397962962962964,0.43472745901639326,0.005068837279903149
p_2496,t3_1h9ldb,t1_cas5ysb,t1_cas7mja,0.4327333333333333,0.44298660714285726,-0.010253273809523955
p_2497,t3_1h9hye,t1_cas4sd4,t1_cas74f3,0.4483898305084746,0.4419829545454548,0.006406875963019809
p_2498,t3_1h9hye,t1_casb6t3,t1_cas9uz8,0.4698266666666668,0.43705381165919277,0.03277285500747401
p_2499,t3_1h9hye,t1_casew9n,t1_cas88m0,0.4644999999999999,0.44603205128205115,0.018467948717948768
p_2500,t3_1h8lmm,t1_cary5pj,t1_carxthq,0.4611068702290075,0.38509375000000007,0.07601312022900741
p_2502,t3_1h6ah2,t1_caredw7,t1_car9nmn,0.45991194968553445,0.43703892215568874,0.022873027529845713
p_2505,t3_1h6ah2,t1_caridnc,t1_car9nmn,0.43866666666666676,0.43703892215568874,0.0016277445109780242
p_2504,t3_1h6ah2,t1_care65c,t1_car9nmn,0.42968025751072997,0.43703892215568874,-0.007358664644958768
p_2503,t3_1h6ah2,t1_card2bl,t1_car9nmn,0.43933904109589045,0.43703892215568874,0.002300118940201712
p_2506,t3_1h63cg,t1_car7qah,t1_care0ds,0.44744736842105287,0.4945769230769231,-0.04712955465587021
p_2508,t3_1h5h5m,t1_car0y9s,t1_cardbx1,0.44888524590163936,0.44260958904109604,0.006275656860543322
p_2509,t3_1h5h5m,t1_car4w5y,t1_car24xz,0.44514601769911494,0.44605194805194803,-0.0009059303528330953
p_2510,t3_1h5bo4,t1_car3t1w,t1_car096v,0.4685928961748634,0.4795522388059701,-0.010959342631106705
p_2511,t3_1h4fc4,t1_caquh1j,t1_car011b,0.47282539682539687,0.44820909090909083,0.024616305916306036
p_2513,t3_1h2wxx,t1_caqbfxa,t1_caqen9z,0.45880530973451333,0.479635593220339,-0.020830283485825662
p_2514,t3_1h13j4,t1_capskux,t1_capsire,0.4883981481481483,0.4176500000000001,0.07074814814814823
p_2516,t3_1h0wi9,t1_capqqek,t1_caq16q7,0.42283108108108114,0.4715166666666667,-0.048685585585585556
p_2517,t3_1h0dvp,t1_caplvg0,t1_caplfrl,0.5540495495495497,0.4867734375000001,0.06727611204954959
p_2518,t3_1h0dvp,t1_capmaqi,t1_caplfrl,0.4920657894736842,0.4867734375000001,0.005292351973684106
p_2519,t3_1h0dvp,t1_capljsr,t1_capm2dv,0.517468085106383,0.5152482014388486,0.002219883667534339
p_2520,t3_1gzgyi,t1_capch39,t1_capcztw,0.48687166666666676,0.4854595959595963,0.0014120707070704452
p_2521,t3_1gzgyi,t1_capd988,t1_capcztw,0.46969379844961234,0.4854595959595963,-0.01576579750998397
p_2522,t3_1gzggd,t1_capcxm0,t1_capga0b,0.4131529411764707,0.3874696969696969,0.025683244206773814
p_2523,t3_1gzggd,t1_capc8wf,t1_capc3ac,0.4514152542372881,0.4174347826086956,0.03398047162859252
p_2526,t3_1gubei,t1_canwrtx,t1_canwwia,0.47383108108108096,0.49372499999999997,-0.019893918918919007
p_2527,t3_1gubei,t1_cao0mq9,t1_cao4o8w,0.49903968253968256,0.49800000000000005,0.0010396825396825071
p_2528,t3_1gubei,t1_cao0kka,t1_cao0vy0,0.47891743119266056,0.5189857142857144,-0.040068283093053825
p_2529,t3_1gtx5u,t1_canrwqs,t1_canrwi1,0.4792702702702702,0.5145945945945946,-0.03532432432432436
p_2530,t3_1gtewi,t1_canwe7h,t1_cannxmk,0.45027083333333323,0.4519886363636363,-0.0017178030303030556
p_2533,t3_1gs77u,t1_canaax8,t1_canbqse,0.4468219178082191,0.43827397260273976,0.008547945205479357
p_2535,t3_1gqrrj,t1_camvlk1,t1_camv6ti,0.45075781249999997,0.48279999999999984,-0.032042187499999875
p_2536,t3_1gqfyr,t1_camsoga,t1_camr1ip,0.5258829113924054,0.5390585106382978,-0.0131755992458924
p_2537,t3_1go76m,t1_cama3zy,t1_cam5u2v,0.5094193548387099,0.4764315789473683,0.03298777589134161
p_2538,t3_1go0nk,t1_cam94e3,t1_cam2sp0,0.4310281954887222,0.42363942307692326,0.007388772411798916
p_2539,t3_1gndd7,t1_calvf4q,t1_caly3r9,0.4164202127659573,0.40929999999999994,0.007120212765957368
p_2542,t3_1gndd7,t1_calw2lu,t1_calzbfi,0.4400809523809525,0.4673378378378379,-0.02725688545688537
p_2543,t3_1gn5gq,t1_caltt0o,t1_cam4fco,0.4605991735537192,0.482728260869565,-0.022129087315845786
p_2544,t3_1gn5gq,t1_caluwrn,t1_cam99y3,0.442956043956044,0.4393734939759036,0.0035825499801404037
p_2546,t3_1gmopb,t1_calpm58,t1_caloeep,0.5078982300884958,0.5927343750000001,-0.08483614491150437
p_2547,t3_1glkkw,t1_caljuen,t1_calho9m,0.4024078947368421,0.45813636363636356,-0.05572846889952149
p_2548,t3_1gkvdj,t1_cal8gbr,t1_calht6p,0.47063607594936685,0.4542454545454548,0.016390621403912065
p_2549,t3_1gkvdj,t1_cal9bjy,t1_cal95oe,0.4356306306306306,0.43901515151515147,-0.0033845208845208474
p_2550,t3_1gk7i3,t1_cal9gz2,t1_cakzxzy,0.4925478723404258,0.5011926605504586,-0.008644788210032839
p_2552,t3_1gjdzq,t1_caks2pc,t1_cakv42m,0.5023809523809525,0.4846944444444445,0.017686507936508
p_2553,t3_1ghuhk,t1_cakst8b,t1_cakfe6t,0.43099532710280375,0.4682301587301587,-0.03723483162735497
p_2554,t3_1ghq26,t1_cakd83v,t1_cakbhef,0.44950694444444433,0.4647847222222222,-0.01527777777777789
p_2556,t3_1gf3p8,t1_cajmk48,t1_cajlq76,0.4666099290780139,0.49491208791208796,-0.028302158834074054
p_2558,t3_1gekcs,t1_cajgr6p,t1_cajgnqh,0.4174230769230769,0.43513636363636365,-0.017713286713286758
p_2559,t3_1gdhz9,t1_cajoefo,t1_caj8zpy,0.4742602040816325,0.43076470588235294,0.04349549819927956
p_2561,t3_1gcmgh,t1_caizgrm,t1_caix4yf,0.5112272727272725,0.5249444444444445,-0.013717171717172016
p_2563,t3_1ga9it,t1_caiavmi,t1_caiacwj,0.48097321428571427,0.4656029411764705,0.01537027310924377
p_2564,t3_1ga5u6,t1_caifnvs,t1_caigbsx,0.4601409090909092,0.5413529411764707,-0.08121203208556149
p_2565,t3_1g98dv,t1_caicko1,t1_cai00w1,0.44008454106280204,0.4585661764705883,-0.018481635407786245
p_2566,t3_1g912k,t1_cahy4j6,t1_cai00qt,0.4965072463768116,0.46984693877551015,0.026660307601301447
p_2567,t3_1g8ye7,t1_caiqwaz,t1_caia71j,0.47433057851239674,0.4650603448275863,0.009270233684810447
p_2568,t3_1g8tam,t1_cahvvfw,t1_cahvh3g,0.44775274725274716,0.4576358695652174,-0.009883122312470238
p_2569,t3_1g8dms,t1_cahqtw0,t1_cahrjrv,0.44409482758620694,0.4068476821192056,0.037247145467001364
p_2570,t3_1g4ij0,t1_cagmwe5,t1_cagn2vw,0.4801309523809523,0.4752279411764707,0.004903011204481611
p_2571,t3_1g4ij0,t1_cagti1b,t1_cagn2vw,0.4557801507537689,0.4752279411764707,-0.01944779042270184
p_2573,t3_1g0zyi,t1_cafq2a4,t1_cafq68p,0.5002321428571429,0.45593661971830973,0.04429552313883317
p_2575,t3_1g0nr4,t1_cafnpu1,t1_cafo41o,0.46651063829787237,0.50765,-0.041139361702127675
p_2576,t3_1g05un,t1_cafhm9s,t1_cafhkpm,0.45610714285714277,0.48273529411764704,-0.026628151260504274
p_2577,t3_1g05un,t1_cafi4wo,t1_cafhkpm,0.47630882352941173,0.48273529411764704,-0.006426470588235311
p_2578,t3_1fze4z,t1_cafajkn,t1_cafb9bx,0.4696808510638298,0.4656376146788988,0.004043236384930982
p_2579,t3_1fzbuj,t1_cafam2z,t1_cafeb2o,0.47076444833625214,0.49350997506234423,-0.02274552672609209
p_2580,t3_1fzbuj,t1_cafpf1y,t1_cafeb2o,0.47140357142857153,0.49350997506234423,-0.022106403633772698
p_2581,t3_1fz6yz,t1_cafa0ej,t1_cafbiew,0.4820714285714285,0.3981944444444444,0.08387698412698408
p_2582,t3_1fvef0,t1_caehkc7,t1_caegj92,0.42394999999999994,0.43229032258064504,-0.008340322580645099
p_2583,t3_1ftvzl,t1_cadqq2m,t1_cadtuox,0.45,0.4798750000000001,-0.029875000000000096
p_2584,t3_1fthzm,t1_cads3uf,t1_cadpyxu,0.4755090361445784,0.45890000000000014,0.01660903614457826
p_2585,t3_1fsg25,t1_cadecc8,t1_cadh9xp,0.48005179282868576,0.4696601562500001,0.010391636578685637
p_2586,t3_1fsg25,t1_cadcq9r,t1_cadfxhh,0.418387323943662,0.45389230769230754,-0.035504983748645524
p_2589,t3_1fqxs6,t1_cacz78q,t1_cad0uj4,0.48656426332288394,0.46281756756756764,0.023746695755316294
p_2590,t3_1fpnku,t1_cacm10c,t1_cacyujo,0.4572995495495496,0.524,-0.06670045045045042
p_2592,t3_1fl90i,t1_cabjfyp,t1_cabh6n4,0.4275912162162164,0.40441532258064516,0.02317589363557121
p_2594,t3_1fkqyp,t1_cab9l3c,t1_cab7rfj,0.43241333333333354,0.469405737704918,-0.036992404371584464
p_2596,t3_1fjzw1,t1_cab14u9,t1_cabbfp2,0.464959798994975,0.49679347826086956,-0.03183367926589453
p_2597,t3_1fjy6l,t1_cabf966,t1_cab0k1n,0.44022122302158256,0.4506301369863014,-0.010408913964718824
p_2598,t3_1fjy6l,t1_cabcutd,t1_cabche6,0.4336311475409836,0.4457254901960783,-0.012094342655094736
p_2599,t3_1fj2qs,t1_caar36f,t1_caas3s0,0.4863137254901961,0.5570833333333335,-0.0707696078431374
p_2600,t3_1fi40v,t1_caahiii,t1_caahjdz,0.4927537313432835,0.4783478260869564,0.014405905256327067
p_2601,t3_1fi40v,t1_caai66k,t1_caahj8x,0.49769306930693075,0.44271518987341796,0.05497787943351279
p_2603,t3_1fh2ge,t1_caa6pnq,t1_caaaphg,0.4911478873239437,0.5172727272727271,-0.026124839948783396
p_2604,t3_1fgwoe,t1_caadxv7,t1_caaa1fu,0.5251999999999999,0.4316973684210527,0.09350263157894717
p_2606,t3_1felg8,t1_ca9jegt,t1_ca9j1g5,0.5950151515151514,0.5121374999999999,0.08287765151515147
p_2607,t3_1fdu9t,t1_ca9jfv7,t1_ca9emjy,0.40305681818181804,0.4427312499999999,-0.039674431818181866
p_2608,t3_1fdqr9,t1_ca9b99t,t1_ca997cz,0.546921052631579,0.46475,0.08217105263157898
p_2609,t3_1fbyld,t1_ca8s1d1,t1_ca92m1w,0.6598947368421054,0.5132894736842105,0.1466052631578949
p_2610,t3_1fakkk,t1_ca8gu3m,t1_ca8gpeh,0.51078125,0.4571818181818182,0.053599431818181775
p_2613,t3_1f9bqn,t1_ca85ryy,t1_ca81ox0,0.4934425287356322,0.5731090225563908,-0.07966649382075863
p_2619,t3_1f3fkz,t1_ca6ix69,t1_ca6j47b,0.4364595070422538,0.4086923076923076,0.027767199349946203
p_2621,t3_1f378x,t1_ca6d9pg,t1_ca6d9s8,0.4355714285714286,0.41464457831325313,0.020926850258175478
p_2624,t3_1f08yy,t1_ca5jdzb,t1_ca5nkp8,0.4507232142857143,0.513686956521739,-0.06296374223602469
p_2625,t3_1f08yy,t1_ca5jcz6,t1_ca5nkp8,,0.513686956521739,
p_2627,t3_1eyhc9,t1_ca511j6,t1_ca514mx,0.4807447916666669,0.41629166666666667,0.06445312500000022
p_2628,t3_1eyhc9,t1_ca54mod,t1_ca514mx,0.45932352941176463,0.41629166666666667,0.04303186274509796
p_2629,t3_1evztt,t1_ca4bru8,t1_ca4e1xc,0.5484333333333334,0.5307321428571429,0.017701190476190565
p_2631,t3_1er14x,t1_ca2wy31,t1_ca2w8zb,0.4857361702127657,0.46990983606557374,0.01582633414719198
p_2632,t3_1er14x,t1_ca2wyds,t1_ca2w8zb,0.4656551724137932,0.46990983606557374,-0.004254663651780566
p_2633,t3_1eqzdv,t1_ca2xas3,t1_ca2vznl,0.35956363636363625,0.41601428571428567,-0.05645064935064942
p_2634,t3_1eqzdv,t1_ca31l47,t1_ca2vznl,0.4717864077669903,0.41601428571428567,0.055772122052704654
p_2636,t3_1eqpep,t1_ca2wutl,t1_ca2vk92,0.42284210526315796,0.45307295373665457,-0.030230848473496608
p_2637,t3_1enop4,t1_ca26n3f,t1_ca24wnz,0.4680598591549296,0.471916030534351,-0.0038561713794214025
p_2640,t3_1ekr96,t1_ca18olx,t1_ca1bmet,0.4580520833333333,0.45282828282828275,0.005223800505050558
p_2642,t3_1ejwsi,t1_ca0z4yj,t1_ca124sd,0.46753959276018076,0.4635310559006213,0.004008536859559431
p_2643,t3_1ejwsi,t1_ca14g2z,t1_ca11uac,0.44825956284153,0.45895070422535206,-0.010691141383822045
p_2649,t3_1eeqwi,t1_c9zk246,t1_c9zlxhm,0.4606320754716981,0.4500301724137932,0.010601903057904927
p_2648,t3_1eeqwi,t1_c9zisf5,t1_c9zjpoy,0.4230925925925927,0.4247843137254901,-0.0016917211328973947
p_2650,t3_1edx91,t1_c9z9hpy,t1_c9zbt49,0.46022959183673484,0.4654545454545455,-0.005224953617810668
p_2651,t3_1edr56,t1_c9z8p9f,t1_c9z9qmk,0.3937727272727272,0.45848387096774207,-0.06471114369501485
p_2652,t3_1edqbg,t1_c9z7ura,t1_c9zayfy,0.4874444444444447,0.46778896103896117,0.01965548340548351
p_2657,t3_1e897d,t1_c9xr4w4,t1_c9xr0vc,0.5154735449735451,0.5058421052631579,0.009631439710387268
p_2659,t3_1e7fgs,t1_c9xm6o9,t1_c9xlvv7,0.4423028846153846,0.4424134615384615,-0.00011057692307692157
p_2661,t3_1e7dc0,t1_c9xteak,t1_c9xkdnr,0.42900000000000005,0.4605499999999998,-0.031549999999999745
p_2663,t3_1e71tp,t1_c9xlk4m,t1_c9xez56,0.47413218390804596,0.4931608695652172,-0.01902868565717125
p_2664,t3_1e5uet,t1_c9x38yb,t1_c9x7ac3,0.44489634146341467,0.4485731707317073,-0.0036768292682926584
p_2666,t3_1e5dod,t1_c9wyrgk,t1_c9wz4h9,0.43655,0.4378532608695652,-0.001303260869565226
p_2667,t3_1e4w3h,t1_c9x0hy8,t1_c9wwhb6,0.4339504504504504,0.4236914893617022,0.010258961088748186
p_2668,t3_1e4v4u,t1_c9wtome,t1_c9ww06i,0.4812978723404256,0.43706944444444445,0.04422842789598114
p_2669,t3_1e4gla,t1_c9wpcpk,t1_c9wqjyf,0.44727966101694916,0.4906268656716417,-0.04334720465469255
p_2671,t3_1e30x9,t1_c9wfnbb,t1_c9wbvj3,0.44187499999999996,0.4798803191489363,-0.038005319148936345
p_2673,t3_1e1yw5,t1_c9wdtql,t1_c9w0hvd,0.46495624999999985,0.5281666666666668,-0.06321041666666694
p_2674,t3_1e0qz1,t1_c9vwslq,t1_c9vruwl,0.45697784810126585,0.45169540229885047,0.005282445802415381
p_2675,t3_1e0ejy,t1_c9vl8aa,t1_c9vp3i5,0.43782920792079216,0.43926704545454576,-0.0014378375337535942
p_2678,t3_1e0dd7,t1_c9vvh9i,t1_c9vmii6,0.4743048780487806,0.478719512195122,-0.004414634146341412
p_2676,t3_1e0dd7,t1_c9vn11c,t1_c9vkmsv,0.48712676056338033,0.4921129032258066,-0.004986142662426252
p_2679,t3_1dzqaz,t1_c9vevvr,t1_c9ves68,0.4612,0.43336170212765934,0.027838297872340656
p_2680,t3_1dyb7o,t1_c9v8bw6,t1_c9v7j0n,0.5027236842105263,0.47131159420289853,0.031412090007627735
p_2681,t3_1dy3sl,t1_c9uym99,t1_c9uxyzk,0.5304745762711867,0.467719298245614,0.06275527802557268
p_2683,t3_1dx9dj,t1_c9ut84g,t1_c9v8b9b,0.45524568965517237,0.4347755102040814,0.020470179451090975
p_2684,t3_1dx9dj,t1_c9uvfc4,t1_c9usq08,0.45670807453416123,0.479963157894737,-0.023255083360575746
p_2685,t3_1duzzk,t1_c9u8l52,t1_c9u8yoe,0.4576159420289861,0.4728455882352942,-0.015229646206308123
p_2688,t3_1drv8o,t1_c9twcr8,t1_c9tdt5r,0.4810249999999999,0.4884310344827585,-0.007406034482758561
p_2690,t3_1dro9y,t1_c9t93tz,t1_c9tb0nm,0.4546868131868132,0.443304347826087,0.01138246536072618
p_2691,t3_1dro9y,t1_c9t95ad,t1_c9tb0nm,0.4705588235294117,0.443304347826087,0.027254475703324677
p_2692,t3_1dro9y,t1_c9tar20,t1_c9tb0nm,0.4939081632653062,0.443304347826087,0.05060381543921916
p_2693,t3_1dr38j,t1_c9t4zgp,t1_c9t15sb,0.450103448275862,0.4695892857142856,-0.01948583743842358
p_2694,t3_1dr38j,t1_c9t6qfq,t1_c9t3tv5,0.41694,0.42287804878048774,-0.005938048780487759
p_2696,t3_1dqocq,t1_c9sxlof,t1_c9t1per,0.4733727272727273,0.4271190476190475,0.04625367965367977
p_2698,t3_1dpa0j,t1_c9si9a1,t1_c9sjq6e,0.4843714285714287,0.44611194029850765,0.03825948827292103
p_2699,t3_1dmdji,t1_c9s8tbs,t1_c9rvfop,0.419478102189781,0.43270634920634915,-0.013228247016568162
p_2702,t3_1djzxv,t1_c9rfg9d,t1_c9r258n,0.4681282051282051,0.4801756756756757,-0.012047470547470629
p_2704,t3_1dj741,t1_c9qwjmm,t1_c9qu7yd,0.4874227941176473,0.4126706349206348,0.07475215919701245
p_2706,t3_1ditdn,t1_c9r0krj,t1_c9qpsh8,0.44433806818181787,0.5363163265306125,-0.09197825834879458
p_2707,t3_1dilyh,t1_c9qq93z,t1_c9qukp7,0.48545220588235294,0.46541269841269833,0.020039507469654605
p_2711,t3_1dfy2a,t1_c9pz92y,t1_c9pzk15,0.4611250000000002,0.4906428571428571,-0.02951785714285693
p_2713,t3_1dfnx1,t1_c9pwrti,t1_c9pydqv,0.4700393258426967,0.4495833333333334,0.020455992509363308
p_2714,t3_1deu6m,t1_c9pm9ei,t1_c9pq3i8,0.48767763157894733,0.5145444444444445,-0.026866812865497136
p_2715,t3_1ddn6p,t1_c9r192d,t1_c9ptde6,0.44295714285714277,0.4479666666666666,-0.005009523809523853
p_2717,t3_1dbeji,t1_c9opv9e,t1_c9oplaa,0.5539519230769229,0.505568493150685,0.0483834299262379
p_2718,t3_1dahpy,t1_c9oi7rq,t1_c9ohbfe,0.48768208092485543,0.5225714285714288,-0.034889347646573365
p_2720,t3_1daaz2,t1_c9om232,t1_c9oicxr,0.47705905511811014,0.46278601694915267,0.014273038168957475
p_2721,t3_1daa73,t1_c9of3p7,t1_c9of537,0.4400659340659339,0.4335116279069767,0.0065543061589571905
p_2722,t3_1da9km,t1_c9ogr0a,t1_c9oels5,0.48493859649122817,0.44705223880597006,0.03788635768525811
p_2723,t3_1d93tu,t1_c9o543i,t1_c9o48f1,0.4319678899082571,0.4661949152542373,-0.03422702534598021
p_2724,t3_1d93tu,t1_c9o9bv4,t1_c9o5bzv,0.4461889632107024,0.4557011494252873,-0.009512186214584883
p_2725,t3_1d7g4o,t1_c9noa5m,t1_c9nwpbl,0.5106315789473684,0.47776215277777795,0.03286942616959049
p_2728,t3_1d4oyg,t1_c9mvjvz,t1_c9n2oa9,0.4889042553191488,0.4881776315789472,0.0007266237402015485
p_2729,t3_1d44p3,t1_c9mq0ns,t1_c9mtvks,0.46614655172413777,0.4597252252252252,0.006421326498912583
p_2731,t3_1d44p3,t1_c9mw0w9,t1_c9mpkz3,0.431358695652174,0.42631818181818176,0.005040513833992233
p_2732,t3_1d44p3,t1_c9n1elj,t1_c9mtvks,0.48225916230366483,0.4597252252252252,0.022533937078439648
p_2733,t3_1d44p3,t1_c9mu8cn,t1_c9mrjf5,0.46825925925925904,0.4020459770114944,0.06621328224776463
p_2734,t3_1d44p3,t1_c9msi95,t1_c9mtvks,0.4743553459119496,0.4597252252252252,0.014630120686724424
p_2738,t3_1d1i55,t1_c9mxv6l,t1_c9lzhfl,0.40948214285714296,0.4538697916666666,-0.04438764880952362
p_2739,t3_1d1i55,t1_c9oegh1,t1_c9lzhfl,0.4128333333333333,0.4538697916666666,-0.0410364583333333
p_2740,t3_1d0elu,t1_c9lsj8v,t1_c9lp7p0,0.47696774193548386,0.4710869565217391,0.00588078541374476
p_2741,t3_1cymw8,t1_c9l9z8j,t1_c9l7omc,0.4746676300578035,0.4478404255319149,0.026827204525888604
p_2743,t3_1cyjeb,t1_c9l6moi,t1_c9l7796,0.49769375000000027,0.4901121495327104,0.007581600467289895
p_2748,t3_1cxteo,t1_c9l5sr6,t1_c9kz9h3,0.4028695652173913,0.4465,-0.043630434782608696
p_2746,t3_1cxteo,t1_c9l0ptr,t1_c9kztp0,0.4664813664596275,0.4629545454545453,0.0035268210050822257
p_2747,t3_1cxteo,t1_c9kzw1u,t1_c9l5bzb,0.43356666666666666,0.43145652173913046,0.002110144927536195
p_2749,t3_1cwsse,t1_c9kr52k,t1_c9kr5qt,0.4595333333333332,0.4652096774193548,-0.005676344086021634
p_2750,t3_1cwsse,t1_c9kqato,t1_c9ks4cr,0.4565544217687074,0.4766979166666667,-0.020143494897959302
p_2751,t3_1cwsse,t1_c9kvex6,t1_c9ks4cr,0.4628193277310924,0.4766979166666667,-0.01387858893557431
p_2752,t3_1cvzbx,t1_c9km9nx,t1_c9khsqw,0.4581018518518518,0.4535714285714285,0.004530423280423301
p_2753,t3_1ctkhw,t1_c9juokl,t1_c9jubz0,0.4659838709677418,0.4489242424242424,0.017059628543499405
p_2754,t3_1cskpb,t1_c9jkqxa,t1_c9jlje5,0.43117241379310345,0.4245555555555556,0.0066168582375478735
p_2755,t3_1crpmd,t1_c9jdeua,t1_c9jkwqp,0.45554761904761903,0.4192857142857144,0.03626190476190466
p_2756,t3_1cq2e6,t1_c9ix0cz,t1_c9ixpvx,0.5912283950617286,0.45993269230769235,0.1312957027540363
p_2760,t3_1cjeto,t1_c9h2lgb,t1_c9h6sc6,0.4609793103448275,0.46046268656716416,0.0005166237776633165
p_2761,t3_1chlts,t1_c9gmbnn,t1_c9gqj74,0.4654588607594936,0.4357466666666666,0.029712194092826993
p_2762,t3_1cgo5k,t1_c9gcsj9,t1_c9gc5rg,0.4857920792079208,0.4906603773584905,-0.0048682981505697165
p_2765,t3_1cfa2w,t1_c9fzmpv,t1_c9g116t,0.49466477272727316,0.5079728813559323,-0.013308108628659165
p_2766,t3_1cdk1m,t1_c9fscps,t1_c9fnhsl,0.45195588235294126,0.4890367647058825,-0.037080882352941213
p_2767,t3_1cc9ma,t1_c9f4mbw,t1_c9f4gvx,0.47895698924731167,0.5383448275862069,-0.05938783833889527
p_2770,t3_1cc8uk,t1_c9fbcfp,t1_c9f55x0,0.5118986486486485,0.49067063492063473,0.021228013728013806
p_2771,t3_1cbyg8,t1_c9f2fbr,t1_c9f2f7z,0.4425392561983473,0.39001123595505616,0.05252802024329112
p_2772,t3_1cbyg8,t1_c9f37yw,t1_c9f2f7z,0.4529419889502763,0.39001123595505616,0.06293075299522016
p_2773,t3_1cbyg8,t1_c9f2oxn,t1_c9f2f7z,0.42723310810810816,0.39001123595505616,0.037221872153052005
p_2774,t3_1c9rnm,t1_c9efq9f,t1_c9enhzn,0.47098,0.5188157894736842,-0.04783578947368422
p_2776,t3_1c9lan,t1_c9eoxbt,t1_c9edlfu,0.4709,0.4944934210526317,-0.023593421052631736
p_2777,t3_1c8ym3,t1_c9e9zzx,t1_c9e9fk0,0.4701374269005846,0.4723631578947369,-0.0022257309941522974
p_2778,t3_1c8ym3,t1_c9e9ga5,t1_c9ea09a,0.4787118644067797,0.4702391304347828,0.008472733971996882
p_2779,t3_1c7z1a,t1_c9dyhme,t1_c9edsm6,0.47859848484848494,0.504840425531915,-0.026241940683430054
p_2782,t3_1c5ps9,t1_c9da3im,t1_c9dg1q3,0.4671884057971015,0.4531999999999998,0.0139884057971017
p_2783,t3_1c3mds,t1_c9cpeax,t1_c9cpssy,0.4872390243902437,0.48907,-0.0018309756097563135
p_2784,t3_1c11cx,t1_c9c5trq,t1_c9c6lsq,0.4936363636363637,0.4567166666666668,0.03691969696969688
p_2785,t3_1byb8b,t1_c9bdajc,t1_c9bdsul,0.4954166666666668,0.5059454545454545,-0.010528787878787693
p_2786,t3_1by7rb,t1_c9b8dbb,t1_c9ba21c,0.49570886075949366,0.39475555555555564,0.10095330520393803
p_2787,t3_1bxkri,t1_c9b3vi9,t1_c9b4eux,0.4956444444444444,0.5091304347826088,-0.013485990338164389
p_2789,t3_1bxgut,t1_c9b118k,t1_c9b0bxi,0.4527083333333333,0.4697882352941177,-0.01707990196078435
p_2788,t3_1bxgut,t1_c9b3hgo,t1_c9b7q7o,0.439971153846154,0.46558333333333346,-0.025612179487179476
p_2790,t3_1bxgut,t1_c9b7tag,t1_c9b7q7o,0.4408978658536587,0.46558333333333346,-0.02468546747967476
p_2791,t3_1bwu2v,t1_c9avcwo,t1_c9auie0,0.4942142857142856,0.5043558052434457,-0.010141519529160092
p_2792,t3_1buffw,t1_c9a7bi9,t1_c9a70o8,0.5037586206896553,0.5091590909090908,-0.005400470219435571
p_2793,t3_1brihl,t1_c9bfojt,t1_c99k4tp,0.43579761904761893,0.484578125,-0.04878050595238109
p_2794,t3_1bp6uw,t1_c98y60i,t1_c994sb5,0.4635588235294118,0.4484080459770114,0.015150777552400407
p_2795,t3_1bodtx,t1_c98jlb4,t1_c98lik7,0.4900699999999999,0.5000867768595041,-0.010016776859504195
p_2796,t3_1bljky,t1_c97sfu3,t1_c97rjrx,0.5468157894736844,0.47903191489361696,0.0677838745800674
p_2798,t3_1bkpef,t1_c97l3q7,t1_c97m0dm,0.5059366197183098,0.5345641025641026,-0.02862748284579275
p_2799,t3_1bkdeq,t1_c97g05g,t1_c97ggko,0.4170568181818181,0.40824000000000005,0.008816818181818065
p_2803,t3_1bjaaz,t1_c977sxm,t1_c979i5l,0.4474252336448599,0.46403070175438604,-0.016605468109526123
p_2804,t3_1bitj0,t1_c971omg,t1_c978xo7,0.4537641509433964,0.4739944903581269,-0.020230339414730514
p_2805,t3_1bggat,t1_c96k0ap,t1_c96jw6l,0.4532867647058825,0.4703240740740739,-0.017037309368191422
p_2806,t3_1bce8x,t1_c95l5od,t1_c95l7sx,0.48362234042553215,0.5072142857142856,-0.02359194528875347
p_2807,t3_1bcaat,t1_c95jx1p,t1_c95k33e,0.48110666666666657,0.48232075471698116,-0.0012140880503145879
p_2808,t3_1bc8lk,t1_c95jtsa,t1_c95k5tq,0.4752582089552238,0.46829921259842544,0.006958996356798364
p_2809,t3_1bc7uw,t1_c95jgdf,t1_c95jk08,0.6164464285714285,0.5128611111111111,0.1035853174603174
p_2810,t3_1b757j,t1_c947mfz,t1_c947z02,0.5116486486486486,0.4961224489795919,0.015526199669056662
p_2811,t3_1b5h4r,t1_c93tvyq,t1_c93sauz,0.4683136531365315,0.4935824742268042,-0.025268821090272675
p_2812,t3_1b532g,t1_c93p2p5,t1_c93uzd4,0.4177499999999999,0.45992592592592596,-0.04217592592592606
p_2813,t3_1b4ngo,t1_c93mgx3,t1_c93juyb,0.4712499999999998,0.4774117647058824,-0.006161764705882644
p_2815,t3_1ayifp,t1_c91z4wm,t1_c91y4yc,0.4467435597189701,0.45513279445727456,-0.00838923473830444
p_2817,t3_1avuk1,t1_c919bkc,t1_c918ch7,0.45510447761194034,0.4908068181818182,-0.035702340569877866
p_2818,t3_1aszfk,t1_c90i0vi,t1_c90i1xg,0.4583169014084506,0.45101530612244867,0.007301595286001938
p_2819,t3_1assos,t1_c90fnc1,t1_c90rkrt,0.4605377358490567,0.4660645161290322,-0.005526780279975496
p_2820,t3_1assos,t1_c90ewks,t1_c90rkrt,0.46132456140350886,0.4660645161290322,-0.004739954725523354
p_2822,t3_1are2i,t1_c902a8w,t1_c901w5o,0.50764039408867,0.47419680851063806,0.033443585578031954
p_2823,t3_1are2i,t1_c9063xi,t1_c901w5o,0.44846306818181836,0.47419680851063806,-0.0257337403288197
p_2827,t3_1am01f,t1_c8yqvyz,t1_c90q7d9,0.44709953703703736,0.46225641025641007,-0.015156873219372702
p_2830,t3_1ajjfw,t1_c8y1lzd,t1_c8xzdi6,0.4692971698113207,0.4621666666666667,0.007130503144653966
p_2831,t3_1ajjfw,t1_c8y2o8t,t1_c8y2jox,0.46097826086956495,0.4594418604651162,0.0015364004044487456
p_2832,t3_1ahaci,t1_c8xhcoi,t1_c8xhwel,0.5068333333333334,0.5207065217391305,-0.013873188405797099
p_2833,t3_1ahaci,t1_c8ycdr7,t1_c8y9ehd,0.5232766990291265,0.5269852071005918,-0.0037085080714652774
p_2834,t3_1adnuj,t1_c8wgwzb,t1_c8wgx6y,0.4628285714285715,0.4304464285714286,0.03238214285714286
p_2835,t3_1adnuj,t1_c8wkxho,t1_c8wgx6y,0.46195588235294105,0.4304464285714286,0.03150945378151243
p_2836,t3_1aah63,t1_c8vkumc,t1_c8w7eb9,0.4550663265306122,0.39496428571428577,0.06010204081632642
p_2837,t3_1a823k,t1_c8uxrzz,t1_c8uxj2q,0.5170885416666665,0.5085284974093262,0.00856004425734036
p_2838,t3_1a74or,t1_c8yb8lh,t1_c8wi3uo,0.46302592592592606,0.47087719298245606,-0.007851267056529998
p_2841,t3_1a1svv,t1_c8tcnlg,t1_c8tbh45,0.484361111111111,0.4667794117647059,0.017581699346405133
p_2842,t3_19x40l,t1_c8s3ojs,t1_c8sam0l,0.45701886792452834,0.44192156862745086,0.015097299297077482
p_2843,t3_19umvm,t1_c8ri6ek,t1_c8rgbi8,0.49070512820512807,0.46027678571428565,0.03042834249084242
p_2845,t3_19n9ak,t1_c8pkzma,t1_c8polhe,0.4546865671641791,0.44663513513513514,0.008051432029043959
p_2846,t3_19huby,t1_c8ojliw,t1_c8oh7z7,0.42785752688172063,0.398644927536232,0.029212599345488643
p_2847,t3_19e3q6,t1_c8n7zld,t1_c8n6yn4,0.47675490196078435,0.461088571428571,0.015666330532213335
p_2850,t3_19avin,t1_c8mdkft,t1_c8mqodh,0.4671530612244898,0.4465365853658537,0.020616475858636074
p_2851,t3_19aahz,t1_c8m9s7p,t1_c8m98ui,0.4769255319148937,0.45119736842105257,0.025728163493841105
p_2853,t3_1960jw,t1_c8te8em,t1_c8lq3vy,0.45949717514124294,0.420632183908046,0.03886499123319692
p_2854,t3_18nf32,t1_c8gjif8,t1_c8glzi2,0.4568802816901407,0.4248783783783783,0.03200190331176245
p_2855,t3_18n2uc,t1_c8g7yj9,t1_c8g7vdb,0.4983958333333332,0.4925526315789474,0.005843201754385796
p_2856,t3_18n2uc,t1_c8gjaly,t1_c8hjbxc,0.45111926605504576,0.4874141414141413,-0.036294875359095535
p_2857,t3_18hfbb,t1_c8euhsu,t1_c8f4pon,0.4509239130434784,0.44888235294117634,0.0020415601023020535
p_2858,t3_18fnmc,t1_c8ehi0y,t1_c8fbyk9,0.45192424242424256,0.44041747572815526,0.0115067666960873
p_2859,t3_18fnmc,t1_c8eztwo,t1_c8efsxa,0.49199166666666655,0.45888481675392656,0.03310684991273999
p_2861,t3_18dj9h,t1_c8go2f3,t1_c8du0qd,0.42327142857142863,0.40078260869565224,0.02248881987577639
p_2862,t3_181jmd,t1_c8b2w35,t1_c8b80s2,0.47034188034188074,0.5222140000000003,-0.05187211965811955
p_2864,t3_353z1x,t1_cr0txe5,t1_cr0sypq,0.5510568181818183,0.3971111111111111,0.1539457070707072
p_2865,t3_35007e,t1_cqzpsh4,t1_cr08now,0.46431818181818174,0.4743238095238096,-0.01000562770562785
p_2868,t3_34uoe6,t1_cqy8iqs,t1_cqydmf0,0.4338771929824562,0.43668333333333337,-0.002806140350877173
p_2869,t3_34uhcs,t1_cqy6f3z,t1_cqy5yg6,0.3859310344827587,0.4893500000000001,-0.10341896551724145
p_2871,t3_34r42c,t1_cqx9tcw,t1_cqxcheq,0.424,0.4890999999999999,-0.06509999999999994
p_2872,t3_34r42c,t1_cqx9isf,t1_cqxhmy0,0.4638365384615385,0.406443396226415,0.057393142235123484
p_2873,t3_34qpil,t1_cqxbpip,t1_cqx6biz,0.4674093567251462,0.43993999999999994,0.027469356725146277
p_2875,t3_34nm86,t1_cqwfwqa,t1_cqwdlqs,0.5065,0.4671978021978021,0.03930219780219785
p_2876,t3_34mjz7,t1_cqw3q36,t1_cqw297k,0.41244375,0.42882000000000003,-0.016376250000000037
p_2877,t3_34mi2s,t1_cqw2pwr,t1_cqw1jmd,0.4493461538461538,0.463642857142857,-0.01429670329670324
p_2880,t3_34f19m,t1_cqumcdt,t1_cqu4xnk,0.5023611111111111,0.5035666666666666,-0.0012055555555554598
p_2881,t3_34ew6y,t1_cqu16sw,t1_cqu66qp,0.39812962962962967,0.42103030303030303,-0.022900673400673366
p_2883,t3_34dp1h,t1_cqtp0m2,t1_cqtpbha,0.4769493243243238,0.4771733870967743,-0.0002240627724505173
p_2885,t3_3458ym,t1_cqrehbr,t1_cqrp6kw,0.4847027027027027,0.55155,-0.06684729729729727
p_2886,t3_344wiz,t1_cqras5q,t1_cqre4xb,0.455443181818182,0.4279583333333334,0.027484848484848612
p_2887,t3_344wiz,t1_cqrc214,t1_cqrdlm0,0.43493137254901953,0.5035740740740741,-0.06864270152505453
p_2889,t3_3421jf,t1_cqqjotj,t1_cqqk365,0.42512499999999986,0.4939571428571427,-0.06883214285714284
p_2890,t3_341ysq,t1_cqqjryw,t1_cqqx1kp,0.43746875,0.4677333333333332,-0.030264583333333206
p_2891,t3_341ysq,t1_cqqk0tn,t1_cqqijqw,0.4333728813559321,0.4623928571428571,-0.029019975786925
p_2892,t3_341rgm,t1_cqr37bi,t1_cqqnhph,0.42559890109890114,0.502075,-0.07647609890109891
p_2893,t3_341qpv,t1_cqqkadf,t1_cqqj5q6,0.4846,0.46086956521739136,0.02373043478260861
p_2896,t3_340hb6,t1_cqq5pcx,t1_cqq45sd,0.44921808510638317,0.44351052631578947,0.005707558790593703
p_2897,t3_33yolt,t1_cqq8ib0,t1_cqpnhfk,0.4368733333333333,0.39365517241379316,0.043218160919540116
p_2898,t3_33y71i,t1_cqpkqw3,t1_cqphhsd,0.46167532467532485,0.4844793388429751,-0.022804014167650266
p_2899,t3_33xvlb,t1_cqpizv2,t1_cqpe1w3,0.5008477011494253,0.4637226562499998,0.03712504489942553
p_2900,t3_33x4zd,t1_cqq3w8x,t1_cqph109,0.497808641975309,0.5322364864864864,-0.03442784451117736
p_2901,t3_33vwxp,t1_cqp9clo,t1_cqp3iwt,0.4250166666666667,0.3945000000000001,0.030516666666666636
p_2902,t3_33vb7v,t1_cqop50f,t1_cqoq78g,0.4293333333333334,0.4609574468085105,-0.031624113475177074
p_2903,t3_33vb7v,t1_cqoqk6x,t1_cqoq78g,0.4524074074074073,0.4609574468085105,-0.00855003940110316
p_2906,t3_33t6ee,t1_cqo6dks,t1_cqocdox,0.5014071428571428,0.4886086956521738,0.012798447204969032
p_2910,t3_33qkee,t1_cqnhkzy,t1_cqnfxbg,0.4245,0.43166129032258066,-0.007161290322580671
p_2911,t3_33odih,t1_cqmwrzp,t1_cqn43qi,0.5033402061855671,0.4906249999999999,0.012715206185567152
p_2912,t3_33odih,t1_cqmx2gy,t1_cqn43qi,0.4887916666666667,0.4906249999999999,-0.0018333333333332424
p_2914,t3_33m1d7,t1_cqmao20,t1_cqmqlk3,0.50003125,0.43493421052631587,0.06509703947368417
p_2915,t3_33ltmy,t1_cqm3qgs,t1_cqm6tlv,0.4505056179775283,0.5217878787878787,-0.07128226081035038
p_2916,t3_33ltmy,t1_cqm5fmo,t1_cqmj35v,0.4204230769230769,0.43896551724137933,-0.018542440318302433
p_2917,t3_33ltmy,t1_cqma7wu,t1_cqmj35v,0.4600624999999998,0.43896551724137933,0.021096982758620486
p_2918,t3_33ltmy,t1_cqm52oz,t1_cqmjkd0,0.4250555555555555,0.4474016393442622,-0.022346083788706672
p_2919,t3_33ltmy,t1_cqmees1,t1_cqmlryg,0.4635218750000001,0.44790184049079734,0.01562003450920274
p_2920,t3_33ltmy,t1_cqmhim7,t1_cqmlryg,0.4631344086021507,0.44790184049079734,0.015232568111353373
p_2921,t3_33ltmy,t1_cqme4zj,t1_cqmjkd0,0.48302427184466,0.4474016393442622,0.03562263250039782
p_2922,t3_33ltmy,t1_cqmf5u4,t1_cqm8bcb,0.5259054054054055,0.4356,0.09030540540540555
p_2923,t3_33ltmy,t1_cqmaxor,t1_cqmj35v,0.4543749999999999,0.43896551724137933,0.015409482758620585
p_2925,t3_33ltmy,t1_cqmgnjb,t1_cqmjkd0,0.433830985915493,0.4474016393442622,-0.013570653428769175
p_2927,t3_33ky08,t1_cqlv92o,t1_cqm0p5u,0.4275500000000001,0.5094666666666667,-0.08191666666666664
p_2928,t3_33jriw,t1_cqlmafs,t1_cqlrxku,0.4657,0.4365992063492063,0.02910079365079371
p_2929,t3_33jriw,t1_cqlrjh2,t1_cqlvlpo,0.46713157894736845,0.5094242424242422,-0.04229266347687377
p_2930,t3_33gagt,t1_cqknwye,t1_cqkneou,0.43018333333333325,0.37833018867924534,0.05185314465408791
p_2935,t3_33fzqf,t1_cqkkas1,t1_cqkomla,0.4840646551724137,0.48709045226130654,-0.0030257970888928343
p_2934,t3_33fzqf,t1_cqkyc6a,t1_cqkomla,0.42528160919540225,0.48709045226130654,-0.061808843065904284
p_2932,t3_33fzqf,t1_cqkmagz,t1_cql6a4m,0.43049999999999994,0.4286428571428571,0.001857142857142835
p_2933,t3_33fzqf,t1_cqksog6,t1_cql5nf4,0.41427884615384614,0.4639583333333334,-0.04967948717948728
p_2936,t3_33fvr1,t1_cql32pv,t1_cqkpqqx,0.44439814814814843,0.5099864864864866,-0.06558833833833816
p_2937,t3_33f4nn,t1_cqkapdq,t1_cqktzi5,0.45163169642857154,0.4691610169491524,-0.01752932052058087
p_2938,t3_33d5wv,t1_cqjs9av,t1_cqjqmmc,0.4666290322580645,0.47817647058823526,-0.011547438330170745
p_2939,t3_33c9pv,t1_cqjn7rh,t1_cqji5jr,0.4712545454545455,0.4837051282051283,-0.012450582750582806
p_2940,t3_33b9np,t1_cqj96fh,t1_cqj9uef,0.44361194029850753,0.47817391304347817,-0.03456197274497064
p_2942,t3_337yvz,t1_cqift17,t1_cqigsgq,0.44658547008547017,0.4766285714285714,-0.03004310134310123
p_2943,t3_337yvz,t1_cqigbq2,t1_cqigknb,0.4456114457831325,0.46779166666666666,-0.022180220883534163
p_2947,t3_335312,t1_cqhqb8z,t1_cqhmvlk,0.4898445723684211,0.4560487804878048,0.03379579188061632
p_2948,t3_334q3e,t1_cqhpv4a,t1_cqhioox,0.48305582524271834,0.4872913669064748,-0.004235541663756448
p_2949,t3_333cqy,t1_cqh6yao,t1_cqh6bst,0.46142898272552785,0.4271473214285716,0.034281661296956256
p_2952,t3_330zv9,t1_cqgjrcd,t1_cqgm5ch,0.3932068965517241,0.4220851063829787,-0.02887820983125461
p_2953,t3_32yo7o,t1_cqghj8r,t1_cqggpsa,0.4515982142857143,0.43930405405405404,0.012294160231660245
p_2955,t3_32x792,t1_cqfgbx0,t1_cqfhboc,0.41973770491803297,0.4244883720930233,-0.004750667174990342
p_2957,t3_32x5bg,t1_cqffwwh,t1_cqfjbx4,0.4128246753246753,0.45978125000000003,-0.046956574675324714
p_2959,t3_32w62j,t1_cqf8h6r,t1_cqf8ttp,0.5114361702127661,0.48392222222222225,0.027513947990543852
p_2960,t3_32tuwr,t1_cqekvu6,t1_cqev05z,0.47719067796610176,0.43503124999999976,0.042159427966102
p_2961,t3_32rqew,t1_cqe1or9,t1_cqedg0y,0.41582352941176465,0.46906140350877196,-0.05323787409700731
p_2962,t3_32qem9,t1_cqdngsq,t1_cqdmrey,0.47986805555555545,0.43991836734693873,0.03994968820861672
p_2963,t3_32nvz9,t1_cqd3dgw,t1_cqdlwp9,0.48633495145631095,0.41986082474226816,0.06647412671404279
p_2964,t3_32mxxb,t1_cqcq0fj,t1_cqcpdn2,0.4021666666666667,0.421679104477612,-0.019512437810945304
p_2966,t3_32ml8o,t1_cqcp8hx,t1_cqcmdxj,0.4877977099236643,0.4514357142857142,0.03636199563795006
p_2967,t3_32ml8o,t1_cqcmvme,t1_cqcmdxj,0.5092613636363635,0.4514357142857142,0.05782564935064932
p_2969,t3_32kaxa,t1_cqc1ps3,t1_cqbztib,0.4679451219512194,0.46370454545454537,0.004240576496674031
p_2970,t3_32jy1s,t1_cqc7xo9,t1_cqc76t8,0.49822802197802163,0.46715625000000005,0.03107177197802158
p_2972,t3_32jy1s,t1_cqc312r,t1_cqc2knn,0.44665625,0.47963636363636364,-0.03298011363636366
p_2973,t3_32hrcu,t1_cqbf680,t1_cqc157c,0.4425714285714285,0.4543734939759038,-0.011802065404475315
p_2974,t3_32hrcu,t1_cqbuas1,t1_cqberet,0.43028947368421033,0.47045918367346934,-0.040169709989259006
p_2975,t3_32hhvc,t1_cqb981l,t1_cqb97nw,0.5051666666666669,0.46580827067669184,0.03935839598997504
p_2977,t3_32heuy,t1_cqbcbkl,t1_cqb8b3a,0.4715,0.47785593220339,-0.006355932203390036
p_2978,t3_32e9dz,t1_cqag1ei,t1_cqaeq9p,0.4533023255813954,0.5179596774193549,-0.06465735183795951
p_2979,t3_32dzr6,t1_cqabzcm,t1_cqavot8,0.4351086956521738,0.4366125,-0.0015038043478262098
p_2980,t3_32dzr6,t1_cqabzdy,t1_cqavot8,0.46021875000000023,0.4366125,0.023606250000000217
p_2981,t3_32cuug,t1_cqa2kcg,t1_cqamp4r,0.4592741935483873,0.4350892857142856,0.024184907834101654
p_2985,t3_32br6b,t1_cq9r1xc,t1_cq9xojx,0.47745428571428566,0.5166458333333332,-0.039191547619047584
p_2987,t3_3295fa,t1_cq95v66,t1_cq97eov,0.49491401273885344,0.5035555555555556,-0.008641542816702208
p_2989,t3_328mdv,t1_cq8wilr,t1_cq8wllc,0.5285491803278688,0.48260416666666667,0.04594501366120213
p_2990,t3_328mdv,t1_cq90btb,t1_cq8xsei,0.48293055555555564,0.4760721649484537,0.006858390607101916
p_2991,t3_328mdv,t1_cq924w9,t1_cq8wmf8,0.516095744680851,0.509822222222222,0.0062735224586289995
p_2992,t3_328mdv,t1_cq962cf,t1_cq909zj,0.5558958333333333,0.5416803278688526,0.014215505464480693
p_2993,t3_328cqj,t1_cq8twul,t1_cq8u7k8,0.4435772727272728,0.4136722222222222,0.0299050505050506
p_2994,t3_328cqj,t1_cq8u123,t1_cq8vtom,0.4457999999999999,0.48350000000000015,-0.03770000000000023
p_2995,t3_328cqj,t1_cq8urjg,t1_cq8uwgb,0.4711478873239437,0.4335428571428573,0.03760503018108641
p_2996,t3_325owi,t1_cq85rgn,t1_cq85o61,0.448945652173913,0.42504807692307706,0.023897575250835967
p_2997,t3_324yj6,t1_cq7zfq6,t1_cq8dhwu,0.4661619047619045,0.50025,-0.03408809523809547
p_2998,t3_3247v7,t1_cq81v9f,t1_cq7q1h2,0.50436328125,0.469422222222222,0.03494105902777794
p_2999,t3_3247v7,t1_cq7rkyr,t1_cq7q1h2,0.5115135135135137,0.469422222222222,0.04209129129129169
p_3001,t3_321v5o,t1_cq7b3vb,t1_cq75mj1,0.43664052287581695,0.46952307692307693,-0.03288255404725998
p_3004,t3_320ncw,t1_cq6vyp0,t1_cq6qa48,0.48774468085106354,0.38632812499999997,0.10141655585106357
p_3005,t3_320ncw,t1_cq6qbjc,t1_cq7attb,0.44061718749999984,0.5041166666666668,-0.06349947916666693
p_3006,t3_320cdd,t1_cq6n5nk,t1_cq6tjhk,0.48241666666666666,0.47865876777251204,0.003757898894154621
p_3007,t3_320ag4,t1_cq6qvbi,t1_cq73ikh,0.4947011834319525,0.46822222222222215,0.026478961209730367
p_3008,t3_31z0jc,t1_cq6cink,t1_cq6dcu3,0.4530625,0.42867307692307693,0.024389423076923045
p_3009,t3_31z0jc,t1_cq6elfk,t1_cq6fijn,0.4669094827586207,0.4668923611111107,1.7121647509998894e-05
p_3010,t3_31y24o,t1_cq6353c,t1_cq69x2n,0.4828418803418805,0.45841981132075466,0.02442206902112587
p_3013,t3_31tru7,t1_cq4z6e3,t1_cq4ypy8,0.43524999999999997,0.4450795454545455,-0.009829545454545507
p_3015,t3_31pc9q,t1_cq3qpv3,t1_cq3pcmq,0.4564022988505748,0.46975000000000006,-0.01334770114942524
p_3016,t3_31p2g2,t1_cq3sydv,t1_cq3oxs7,0.45809834123222726,0.4393153153153152,0.018783025916912055
p_3017,t3_31p0pl,t1_cq3n1ay,t1_cq3nys0,0.4653913043478261,0.4574083333333334,0.00798297101449269
p_3020,t3_31oejp,t1_cq3gtyk,t1_cq3t550,0.5094010989010991,0.4708181818181817,0.03858291708291739
p_3021,t3_31oejp,t1_cq462r7,t1_cq3zns0,0.46097972972972967,0.5571111111111112,-0.09613138138138155
p_3022,t3_31ocvw,t1_cq3fcas,t1_cq3hias,0.4776190476190476,0.5083571428571427,-0.03073809523809512
p_3024,t3_31n763,t1_cq339uk,t1_cq33n1j,0.46469047619047615,0.4691363636363635,-0.004445887445887364
p_3026,t3_31m7ag,t1_cq2w03g,t1_cq2v22k,0.5044166666666666,0.466758064516129,0.03765860215053762
p_3027,t3_31kfkt,t1_cq2ethi,t1_cq38ca1,0.5384875000000001,0.4925925925925927,0.045894907407407426
p_3028,t3_31kfkt,t1_cq2m1cu,t1_cq2q8ub,0.481734806629834,0.46882954545454525,0.01290526117528873
p_3029,t3_31kfkt,t1_cq2iwml,t1_cq2xd07,0.5067133333333335,0.4950769230769231,0.011636410256410379
p_3031,t3_31j4y8,t1_cq2dy2t,t1_cq2seqm,0.4995642201834861,0.4701630434782608,0.029401176705225296
p_3032,t3_31iyzr,t1_cq20phi,t1_cq241hx,0.4655476190476188,,
p_3033,t3_31iyzr,t1_cq2hqkc,t1_cq2ggm1,0.44607575757575757,0.4518487654320987,-0.005773007856341106
p_3034,t3_31extq,t1_cq0xwpm,t1_cq0zj18,0.46439285714285733,0.4472699999999997,0.017122857142857606
p_3036,t3_319lcf,t1_cpzoe1h,t1_cpzou3x,0.48770535714285707,0.4293115942028986,0.05839376293995846
p_3038,t3_317c4q,t1_cpz4dkk,t1_cq08xc2,0.4440598591549296,0.44997752808988756,-0.0059176689349579314
p_3039,t3_316t8m,t1_cpz81dp,t1_cpz1tm8,0.5124117647058822,0.4460699999999999,0.06634176470588232
p_3043,t3_30zgez,t1_cpx91x7,t1_cpx8d30,0.4080394736842104,0.4542627118644067,-0.0462232381801963
p_3046,t3_30uf3s,t1_cpvyas0,t1_cpvxc6j,0.4449000000000001,0.4498275862068966,-0.004927586206896539
p_3047,t3_30rmk0,t1_cpv7mht,t1_cpv6fnx,0.507784090909091,0.54018,-0.03239590909090895
p_3048,t3_30rk8b,t1_cpv5sfc,t1_cpvae5t,0.4986015624999997,0.5234500000000002,-0.024848437500000486
p_3051,t3_30plxu,t1_cpumi9h,t1_cpv3rnn,0.48961392405063286,0.528763440860215,-0.03914951680958212
p_3052,t3_30plxu,t1_cpusr84,t1_cpvc5cu,0.4741666666666667,0.5193043478260869,-0.04513768115942024
p_3053,t3_30piom,t1_cpuvrbx,t1_cpuk6e9,0.47585267857142866,0.47781578947368436,-0.0019631109022557047
p_3054,t3_30piom,t1_cpukcf7,t1_cpuk6e9,0.460125,0.47781578947368436,-0.017690789473684354
p_3055,t3_30oi71,t1_cpudcxf,t1_cpuhqza,0.45350000000000007,0.46716666666666656,-0.013666666666666494
p_3056,t3_30oi71,t1_cpudthh,t1_cpuin82,0.4723096590909091,0.4700337301587301,0.0022759289321789833
p_3057,t3_30oi71,t1_cpufpbf,t1_cpuh9jr,0.4470884353741497,0.40918627450980394,0.03790216086434578
p_3058,t3_30oi71,t1_cpumucv,t1_cpubj6z,0.45726086956521744,0.46164,-0.004379130434782552
p_3059,t3_30nwta,t1_cpu5jus,t1_cpufh76,0.49335,0.4712804878048781,0.022069512195121932
p_3060,t3_30lwfn,t1_cptlz3s,t1_cpu097g,0.4944999999999999,0.38342,0.1110799999999999
p_3061,t3_30kxn3,t1_cptgjwa,t1_cptkn0r,0.44328888888888884,0.41780769230769227,0.025481196581196575
p_3062,t3_30kxn3,t1_cpud2ds,t1_cpuj9yz,0.44224539877300606,0.46369354838709675,-0.021448149614090695
p_3064,t3_30ikr2,t1_cpssgy6,t1_cpstqu7,0.5015076923076924,0.4739094488188978,0.027598243488794638
p_3066,t3_30ijtn,t1_cpsuz6r,t1_cptjxj0,0.449098901098901,0.46291525423728824,-0.01381635313838725
p_3067,t3_30ijtn,t1_cpsvg1e,t1_cpt2lkh,0.4409890109890109,0.4721401869158879,-0.031151175926876995
p_3069,t3_30ieon,t1_cpspikm,t1_cpspmsa,0.47084722222222225,0.45675862068965517,0.01408860153256708
p_3070,t3_30ieon,t1_cpsqhcv,t1_cpsr9x0,0.5219666666666666,0.48329487179487185,0.03867179487179473
p_3071,t3_30ieon,t1_cpsq3bq,t1_cpsptk3,0.4608571428571428,0.4476129032258064,0.013244239631336419
p_3072,t3_30ieon,t1_cpssq8c,t1_cpsr9x0,0.4752413793103447,0.48329487179487185,-0.008053492484527136
p_3073,t3_30ieh0,t1_cpss8ht,t1_cpsq8hn,0.5773333333333334,0.4713,0.10603333333333337
p_3074,t3_30dwuy,t1_cprwysn,t1_cprwrn8,0.4672888086642602,0.4945485436893203,-0.027259735025060072
p_3075,t3_30dwuy,t1_cprim4b,t1_cpris3v,0.4764338235294119,0.5005925925925926,-0.024158769063180707
p_3076,t3_30dwuy,t1_cps4x4a,t1_cprittq,0.5401097560975611,0.5097567567567569,0.030352999340804154
p_3077,t3_30dn4s,t1_cpri1a1,t1_cprghef,0.45980303030303027,0.4652986111111112,-0.005495580808080935
p_3078,t3_30dc3y,t1_cpreini,t1_cprdlqm,0.41402659574468087,0.4465394736842105,-0.032512877939529616
p_3079,t3_30dc3y,t1_cprho0c,t1_cprczq0,0.4633450704225352,0.4503840579710145,0.012961012451520704
p_3080,t3_30bmbr,t1_cpqwrqy,t1_cpqwt64,0.4288214285714285,0.43191666666666667,-0.003095238095238151
p_3081,t3_30bmbr,t1_cpqx53s,t1_cpsdnqv,0.4283461538461538,0.41869642857142864,0.009649725274725185
p_3082,t3_30bmbr,t1_cpr9rhs,t1_cpr0he2,0.43193421052631586,0.4356265060240964,-0.003692295497780551
p_3083,t3_30bmbr,t1_cprfcjr,t1_cpr0he2,0.48391129032258057,0.4356265060240964,0.04828478429848415
p_3084,t3_30bmbr,t1_cpqx6q7,t1_cpr0he2,0.4262619047619046,0.4356265060240964,-0.009364601262191796
p_3085,t3_30bmbr,t1_cpqxz84,t1_cpr0he2,0.4622641509433962,0.4356265060240964,0.026637644919299763
p_3086,t3_30bmbr,t1_cpqwxxi,t1_cpr0he2,0.44568421052631574,0.4356265060240964,0.010057704502219322
p_3087,t3_30addl,t1_cpqlm0n,t1_cpqmxt8,0.42379090909090905,0.4558536585365853,-0.032062749445676275
p_3088,t3_30abxj,t1_cpql1jr,t1_cpqkw2q,0.4998409090909089,0.5073513513513513,-0.0075104422604424514
p_3089,t3_30a5zk,t1_cpqjney,t1_cpqkg7f,0.44254093567251457,0.47509051724137935,-0.03254958156886478
p_3090,t3_309gc1,t1_cpr1ni1,t1_cpqcrp3,0.4517487684729065,0.4442539062499998,0.00749486222290674
p_3091,t3_309bvo,t1_cpqqtlm,t1_cpqbaln,0.4822890625,0.4630421686746988,0.019246893825301203
p_3093,t3_306owt,t1_cppof4n,t1_cpq6ae3,0.5222463768115941,0.4411458333333333,0.08110054347826084
p_3094,t3_306o9o,t1_cpq1gb9,t1_cpqt20q,0.44216363636363637,0.4385666666666666,0.003596969696969765
p_3095,t3_306jm9,t1_cppkm2t,t1_cppkw7s,0.5172272727272728,0.46404819277108433,0.053179079956188424
p_3096,t3_306b19,t1_cppjkxe,t1_cppv03t,0.48907196969696964,0.44998529411764715,0.039086675579322494
p_3097,t3_306b19,t1_cppt43v,t1_cppiyoy,0.4156785714285714,0.4252153846153847,-0.00953681318681332
p_3098,t3_305ejo,t1_cppptb8,t1_cppbmsd,0.4549931506849314,0.43496363636363655,0.02002951432129485
p_3099,t3_304vk8,t1_cpp4467,t1_cpp4mqn,0.4698705357142856,0.4671308724832215,0.0027396632310641156
p_3100,t3_304vk8,t1_cpp57rx,t1_cpp6nth,0.448283783783784,0.46071428571428563,-0.012430501930501658
p_3102,t3_304vk8,t1_cpp5fv2,t1_cppe5uc,0.49844166666666656,0.4456,0.052841666666666565
p_3104,t3_304nx9,t1_cpp3be4,t1_cppcie7,0.4575740740740742,0.4204791666666666,0.03709490740740756
p_3105,t3_302atl,t1_cponldu,t1_cpogvf1,0.4738894736842107,0.44466101694915255,0.02922845673505814
p_3106,t3_302atl,t1_cpom4hm,t1_cpoj5rs,0.44552777777777774,0.4231212121212122,0.02240656565656557
p_3107,t3_301n6h,t1_cpolqex,t1_cpoikva,0.4709910941475827,0.45512738853503204,0.015863705612550683
p_3108,t3_301aim,t1_cpo9ccq,t1_cpoaljq,0.4785423728813558,0.5375576923076923,-0.05901531942633653
p_3109,t3_300pmw,t1_cpo5gbr,t1_cpo0aso,0.49604360465116276,0.5228706896551725,-0.02682708500400971
p_3110,t3_30059g,t1_cpo18q6,t1_cpo1wjy,0.44940070921985814,0.4305408163265307,0.018859892893327457
p_3111,t3_30059g,t1_cpo9jne,t1_cppa1ar,0.42781129032258053,0.45944285714285704,-0.03163156682027651
p_3113,t3_3002wd,t1_cpnx795,t1_cpo9jc4,0.4355833333333335,0.43233333333333346,0.0032500000000000306
p_3115,t3_2zxa1c,t1_cpn5f5x,t1_cpn5ksl,0.4759622641509434,0.4487272727272727,0.027234991423670696
p_3117,t3_2zwjql,t1_cpmyqyw,t1_cpmyrsa,0.4711666666666667,0.48697395833333323,-0.015807291666666556
p_3118,t3_2zpo9g,t1_cpl6qj2,t1_cplbwrd,0.45922413793103456,0.44327500000000003,0.01594913793103453
p_3122,t3_2zpo9g,t1_cpl8ybn,t1_cpl4rwr,0.44965,0.47500854700854706,-0.02535854700854706
p_3123,t3_2zpo9g,t1_cplrjw9,t1_cpl4rwr,0.44717886178861793,0.47500854700854706,-0.027829685219929123
p_3119,t3_2zpo9g,t1_cpl854i,t1_cpl7tlw,0.43792105263157893,0.45594642857142853,-0.018025375939849597
p_3121,t3_2zpo9g,t1_cpl8iis,t1_cplq1xf,0.47313492063492046,0.504405303030303,-0.03127038239538249
p_3124,t3_2zp1g2,t1_cpkyv4o,t1_cpl0p62,0.4500945945945947,0.4967702702702703,-0.0466756756756756
p_3125,t3_2zow2m,t1_cpl22pp,t1_cpkxsis,0.4625206766917292,0.48439501779359406,-0.02187434110186487
p_3126,t3_2znn1r,t1_cpkp3j2,t1_cpkoqed,0.4477920673076923,0.46381714285714265,-0.016025075549450374
p_3127,t3_2zlzlv,t1_cpk8hwi,t1_cpk6a3p,0.44359756097560976,0.45099090909090905,-0.007393348115299292
p_3128,t3_2zlzlv,t1_cpk93ep,t1_cpk6a3p,0.4486450980392157,0.45099090909090905,-0.0023458110516933472
p_3129,t3_2zkscb,t1_cpjt71i,t1_cpjth0r,0.4937142857142857,0.45443421052631566,0.039280075187970054
p_3130,t3_2zke3b,t1_cpjq913,t1_cpktfa4,0.5022499999999999,0.46184848484848473,0.04040151515151513
p_3131,t3_2zj7ra,t1_cpjeo7s,t1_cpjezx4,0.4867872340425531,0.48746153846153834,-0.0006743044189852498
p_3132,t3_2zivuy,t1_cpjd5bs,t1_cpjkvlu,0.5153627450980393,0.45732835820895523,0.05803438688908402
p_3135,t3_2ziiud,t1_cpjgxr8,t1_cpjahut,0.4267254098360657,0.43062280701754374,-0.003897397181478024
p_3138,t3_2zi3o2,t1_cpj9uww,t1_cpj94l8,0.5039005305039784,0.5119780487804879,-0.008077518276509488
p_3139,t3_2zhhcc,t1_cpixs4l,t1_cpiyfa2,0.4710057471264368,0.4739944444444444,-0.002988697318007605
p_3141,t3_2zhhcc,t1_cpj0ejq,t1_cpiyco1,0.48651851851851846,0.4844404761904761,0.002078042328042373
p_3140,t3_2zhhcc,t1_cpizz9m,t1_cpiyxlc,0.49962318840579695,0.5281666666666668,-0.028543478260869837
p_3143,t3_2zhaim,t1_cpix9ia,t1_cpivskg,0.5245928571428573,0.49617692307692296,0.028415934065934345
p_3144,t3_2zgvgy,t1_cpissdd,t1_cpirsph,0.4072692307692308,0.4383888888888889,-0.03111965811965811
p_3145,t3_2zgowg,t1_cpiuav4,t1_cpiq1oq,0.40360937499999994,0.4553636363636364,-0.05175426136363648
p_3146,t3_2zgndx,t1_cpiqn17,t1_cpj5r70,0.4513767123287671,0.43942307692307675,0.011953635405690333
p_3149,t3_2zgan1,t1_cpiqsg0,t1_cpimxfr,0.5166467391304347,0.4788103448275861,0.037836394302848575
p_3150,t3_2zflih,t1_cpih4fg,t1_cpih5fr,0.45362025316455695,0.4466200000000001,0.00700025316455688
p_3152,t3_2zejsa,t1_cpi6gay,t1_cpi6o6i,0.46344444444444455,0.5169328358208953,-0.05348839137645078
p_3154,t3_2zdsjs,t1_cpidnuu,t1_cphz7yi,0.45778676470588237,0.46626851851851847,-0.008481753812636106
p_3155,t3_2zdsjs,t1_cpiftnl,t1_cpi0g46,0.45657692307692305,0.48033832335329324,-0.023761400276370193
p_3156,t3_2zdhff,t1_cphy235,t1_cphw99k,0.47846710526315794,0.47531249999999997,0.0031546052631579724
p_3158,t3_2zaqct,t1_cph7lsp,t1_cph6x3y,0.45165909090909095,0.4652735849056604,-0.013614493996569443
p_3160,t3_2z2msj,t1_cpfd4uy,t1_cpf7g2a,0.4624081632653061,0.47950392156862726,-0.017095758303321162
p_3161,t3_2z2e9y,t1_cpf2whk,t1_cpf8cro,0.45705113636363615,0.4608297872340426,-0.0037786508704064636
p_3162,t3_2z1yoq,t1_cpezn48,t1_cpezlhg,0.49582266009852216,0.49448372093023274,0.0013389391682894214
p_3163,t3_2z1yoq,t1_cpf0qg3,t1_cpezlhg,0.4618318584070797,0.49448372093023274,-0.03265186252315305
p_3164,t3_2z0k1s,t1_cpeslkw,t1_cpeslxz,0.5022031250000003,0.5262499999999999,-0.02404687499999958
p_3167,t3_2ywkr1,t1_cpdxs52,t1_cpdmm80,0.4196130136986301,0.4938387096774193,-0.0742256959787892
p_3168,t3_2ytkfu,t1_cpcu8rh,t1_cpd1eku,0.4408000000000001,0.4695806451612904,-0.028780645161290308
p_3169,t3_2ytkfu,t1_cpctmwq,t1_cpcxopb,0.47629032258064524,0.4206470588235293,0.055643263757115924
p_3170,t3_2yszp3,t1_cpcsn2z,t1_cpcuf7e,0.4928284883720931,0.45120588235294123,0.04162260601915185
p_3171,t3_2yrv0y,t1_cpcgnrg,t1_cpced64,0.46469545454545425,0.43815561224489785,0.026539842300556393
p_3172,t3_2yrv0y,t1_cpcjpjf,t1_cpced64,0.4201747572815534,0.43815561224489785,-0.01798085496334445
p_3174,t3_2yrv0y,t1_cpclzng,t1_cpced64,0.4715189873417722,0.43815561224489785,0.03336337509687437
p_3173,t3_2yrv0y,t1_cpcjvrd,t1_cpcgmdh,0.4754326923076923,0.47071153846153835,0.004721153846153958
p_3175,t3_2yrog1,t1_cpcgl5a,t1_cpch611,0.4879474999999999,0.5314827586206896,-0.04353525862068969
p_3177,t3_2yrgi3,t1_cpcaxrs,t1_cpcbda3,0.46091346153846147,0.49387572254335266,-0.03296226100489119
p_3178,t3_2yp08w,t1_cpblyoq,t1_cpbm3vx,0.46896551724137936,0.48190277777777774,-0.012937260536398376
p_3179,t3_2yowak,t1_cpbktny,t1_cpbk5kw,0.4624545454545456,0.4057352941176471,0.056719251336898535
p_3181,t3_2yo9nm,t1_cpbgpkf,t1_cpbjpt4,0.4638114285714285,0.46364485981308423,0.00016656875834425433
p_3182,t3_2yo9k1,t1_cpbhs8l,t1_cpberxa,0.45914705882352974,0.41790972222222245,0.041237336601307295
p_3184,t3_2ymgjr,t1_cpax7jo,t1_cpax3xp,0.48046103896103876,0.4260614035087718,0.05439963545226695
p_3186,t3_2ylpc2,t1_cparq20,t1_cpbnfyg,0.5056575342465754,0.4542461538461538,0.05141138040042165
p_3187,t3_2ylpc2,t1_cpb3atq,t1_cpb6ctl,0.48115178571428563,0.4524999999999998,0.028651785714285838
p_3188,t3_2ylpc2,t1_cpbibr5,t1_cpas8xx,0.44473958333333313,0.4926538461538461,-0.047914262820512976
p_3190,t3_2yjfmh,t1_cpa36dq,t1_cpa3an8,0.44840449438202257,0.4137368421052632,0.034667652276759386
p_3191,t3_2yiq39,t1_cpa9xce,t1_cpa631o,0.47881506849315064,0.4665603448275862,0.01225472366556446
p_3192,t3_2yf7qq,t1_cp99lvc,t1_cp93f2r,0.44072954545454507,0.4662678571428574,-0.025538311688312332
p_3193,t3_2yd5o8,t1_cp8vpwz,t1_cp958ck,0.4616964705882353,0.4362642857142856,0.025432184873949715
p_3195,t3_2ybbix,t1_cp82nwy,t1_cp82f52,0.5025483870967743,0.4576578947368422,0.04489049235993209
p_3197,t3_2y7emy,t1_cp7dtp8,t1_cp6zfsl,0.4720555555555556,0.447561224489796,0.0244943310657596
p_3198,t3_2y3ey0,t1_cp602x0,t1_cp5xnrf,0.4431810344827587,0.43004166666666666,0.01313936781609204
p_3200,t3_2y2x3h,t1_cp7ahf4,t1_cp5u0ky,0.437139240506329,0.4238757763975156,0.013263464108813405
p_3202,t3_2y1qef,t1_cp5gz36,t1_cp5f7p9,0.45204929577464803,0.44553361344537823,0.006515682329269801
p_3203,t3_2y1qef,t1_cp5grqp,t1_cp5h19u,0.4877565789473684,0.47784722222222215,0.009909356725146257
p_3206,t3_2xucsd,t1_cp3kg1w,t1_cp40o0d,0.463827160493827,0.47870408163265316,-0.01487692113882616
p_3209,t3_2xrgw2,t1_cp37nug,t1_cp2vkvv,0.49881531531531537,0.5045000000000001,-0.005684684684684693
p_3210,t3_2xrgw2,t1_cp37f33,t1_cp2xn1u,0.4568625,0.4554962406015036,0.0013662593984963833
p_3213,t3_2xmiyf,t1_cp1j8w5,t1_cp1iumq,0.481875,0.49236904761904754,-0.010494047619047542
p_3214,t3_2xmiyf,t1_cp1jnin,t1_cp1g0ku,0.43419230769230766,0.4498260869565218,-0.015633779264214165
p_3215,t3_2xlisq,t1_cp1abkg,t1_cp1754z,0.5079482758620689,0.4810705128205127,0.026877763041556202
p_3216,t3_2xl4rw,t1_cp15lwr,t1_cp11sf7,0.45940822784810137,0.505809090909091,-0.04640086306098962
p_3218,t3_2xi4wd,t1_cp0ef5z,t1_cp0slmn,0.45404838709677425,0.4350400000000001,0.01900838709677416
p_3219,t3_2xi4wd,t1_cp0fl3c,t1_cp0bc52,0.4783101265822785,0.4868928571428574,-0.0085827305605789
p_3220,t3_2xi4wd,t1_cp0t5wj,t1_cp0kyaf,0.420375,0.4534102564102565,-0.03303525641025651
p_3222,t3_2xhx6v,t1_cp0bt5j,t1_cp08ljs,0.4434166666666667,0.48077499999999995,-0.03735833333333327
p_3224,t3_2xdq2l,t1_coz8sbl,t1_coz76r3,0.4730977011494254,0.46809649122807023,0.005001209921355165
p_3230,t3_2x8z4g,t1_coxy4hg,t1_coxyxff,0.520625,0.46908095238095243,0.05154404761904757
p_3231,t3_2x8z4g,t1_coy04h5,t1_coy2j1k,0.47061538461538455,0.46772641509433965,0.002888969521044893
p_3232,t3_2x8d5x,t1_coxvk7s,t1_coxt9pp,0.4413734177215192,0.5039454545454546,-0.06257203682393536
p_3233,t3_2x854p,t1_coxwtm2,t1_coy1knj,0.4722899686520378,0.4505673758865249,0.021722592765512916
p_3234,t3_2x854p,t1_coxtndh,t1_coy1knj,0.48935172413793104,0.4505673758865249,0.03878434825140614
p_3235,t3_2x5tun,t1_coxelmy,t1_coxhqfc,0.48655882352941177,0.5173877005347595,-0.0308288770053477
p_3241,t3_2x3mqe,t1_cown511,t1_cox3bqe,0.4769057377049181,0.46315624999999994,0.013749487704918184
p_3244,t3_2wzag2,t1_covh1ws,t1_covh7lg,0.4381071428571428,0.4489838709677419,-0.010876728110599088
p_3245,t3_2wwm6s,t1_cousnad,t1_couzrzu,0.5076341463414636,0.45483467741935496,0.05279946892210868
p_3246,t3_2wwm6s,t1_cov25ri,t1_couwhek,0.4679255952380953,0.4590133333333333,0.00891226190476202
p_3247,t3_2wwm6s,t1_covr47l,t1_covi6v6,0.4586491228070172,0.46610076530612266,-0.00745164249910546
p_3248,t3_2ww2gf,t1_coumecu,t1_coupssh,0.43581506849315077,0.4702341772151901,-0.03441910872203935
p_3249,t3_2ww2gf,t1_coumzr3,t1_coun5bz,0.46661718750000003,0.47446875,-0.007851562499999964
p_3250,t3_2ww2gf,t1_coupfz0,t1_counjd7,0.4729565217391305,0.44713,0.02582652173913047
p_3252,t3_2wtckq,t1_cotyhdv,t1_cotxl7k,0.5201388888888889,0.48199218749999995,0.03814670138888898
p_3253,t3_2wtckq,t1_coty9wt,t1_cotxl7k,0.5102786885245902,0.48199218749999995,0.028286501024590294
p_3251,t3_2wtckq,t1_coty7wj,t1_cotxl7k,0.6179000000000001,0.48199218749999995,0.13590781250000017
p_3256,t3_2wspy2,t1_cots6nh,t1_cotul63,0.5102234042553192,0.5131744186046512,-0.002951014349331982
p_3257,t3_2wspy2,t1_cotrm84,t1_cou6ocd,0.4918428571428572,0.5498823529411765,-0.058039495798319296
p_3258,t3_2wspy2,t1_cotslxs,t1_cotul63,0.4925912698412698,0.5131744186046512,-0.02058314876338141
p_3259,t3_2wspy2,t1_cou8if8,t1_cottxbc,0.5089683544303798,0.5194482758620689,-0.010479921431689077
p_3262,t3_2wl741,t1_cos0ngi,t1_corvz2b,0.5118135135135136,0.5147096774193549,-0.0028961639058413535
p_3263,t3_2wj2qe,t1_corgf7j,t1_corcu44,0.4400271186440678,0.4989888059701492,-0.058961687326081424
p_3265,t3_2wgq7w,t1_coqolb4,t1_coqta6c,0.4796965517241381,0.49392265193370194,-0.01422610020956383
p_3266,t3_2wfe25,t1_coqawpy,t1_coqc7s9,0.45256880733944954,0.4902926829268294,-0.037723875587379885
p_3267,t3_2wf11t,t1_coq7vrq,t1_coq82am,0.47501470588235295,0.4659651162790698,0.00904958960328317
p_3268,t3_2wf11t,t1_corlylz,t1_coq82am,0.4508454545454546,0.4659651162790698,-0.015119661733615175
p_3270,t3_2wcx6l,t1_copog5z,t1_copo9fg,0.5180500000000001,0.4733942307692308,0.044655769230769304
p_3271,t3_2wcx6l,t1_copowc4,t1_copoa4v,0.48020229007633575,0.4731352941176471,0.007066995958688649
p_3272,t3_2wcx6l,t1_copq0ro,t1_copo9fg,0.4277670454545454,0.4733942307692308,-0.0456271853146854
p_3273,t3_2wc5yt,t1_copid03,t1_copia1s,0.46886363636363626,0.4720990099009902,-0.003235373537353925
p_3274,t3_2wb845,t1_copm7s7,t1_copoz9h,0.5222432432432433,0.4760000000000001,0.04624324324324325
p_3275,t3_2w73vi,t1_coo9czm,t1_coo5eto,0.45368442622950805,0.5298235294117647,-0.07613910318225664
p_3276,t3_2w5ycw,t1_conwntb,t1_coo1wjv,0.4524173913043479,0.3643939393939393,0.08802345191040856
p_3279,t3_2w51ti,t1_conqpc0,t1_conu1n5,0.5190357142857144,0.4874500000000002,0.03158571428571416
p_3282,t3_2w4u2j,t1_conpvd6,t1_coo2owl,0.5078749999999999,0.5299302325581396,-0.022055232558139792
p_3283,t3_2w4etw,t1_conlvbr,t1_conk598,0.48044736842105257,0.44477083333333356,0.03567653508771901
p_3284,t3_2w4e2u,t1_conpgz6,t1_conybza,0.506738924050633,0.5043750000000001,0.002363924050632904
p_3285,t3_2w0xan,t1_comot8c,t1_comm43e,0.4585,0.45204629629629617,0.00645370370370385
p_3287,t3_2vzx7m,t1_comdev9,t1_comd7eb,0.44992356687898066,0.46370000000000006,-0.013776433121019394
p_3288,t3_2vxtol,t1_colviyq,t1_com0vy0,0.477008474576271,0.4625909090909093,0.014417565485361716
p_3289,t3_2vxd18,t1_com8usv,t1_colq917,0.47450862068965516,0.5235113636363637,-0.04900274294670859
p_3290,t3_2vxd18,t1_colwsdb,t1_colrkuv,0.4886947368421053,0.49778846153846157,-0.009093724696356276
p_3291,t3_2vwn9m,t1_colkgfu,t1_coljf0b,0.49370325203252047,0.4712126436781609,0.022490608354359565
p_3295,t3_2vtswv,t1_cokxnxq,t1_cokvvwj,0.45822222222222214,0.39047727272727273,0.06774494949494941
p_3299,t3_2vnyz6,t1_cojodl0,t1_cojlnsv,0.4509666666666667,0.44540178571428574,0.005564880952380946
p_3300,t3_2vmfvq,t1_coj80q1,t1_coj81nh,0.5059523809523809,0.5737244897959185,-0.06777210884353757
p_3301,t3_2vks7u,t1_coilce0,t1_coijwtu,0.45271710526315784,0.4881065573770492,-0.035389452113891384
p_3303,t3_2vks7u,t1_coitx3o,t1_coin5gm,0.4989602649006622,0.46863043478260863,0.03032983011805357
p_3304,t3_2vks7u,t1_cojb022,t1_coiskjc,0.47511764705882353,0.4613292682926831,0.013788378766140419
p_3305,t3_2vhhar,t1_cohoh2a,t1_cohtbiq,0.44919117647058826,0.5079459459459459,-0.05875476947535763
p_3307,t3_2vhgab,t1_cohtk17,t1_cohodzj,0.46811111111111114,0.4918243243243244,-0.023713213213213236
p_3308,t3_2vgfjl,t1_cohjcql,t1_cohe4zu,0.5006296296296296,0.4512307692307692,0.049398860398860434
p_3309,t3_2vfdjb,t1_coh87xk,t1_coihv1q,0.4459303797468354,0.463469696969697,-0.01753931722286156
p_3310,t3_2vcz0j,t1_cogkf1c,t1_cogkxsx,0.4636941747572814,0.4630714285714286,0.0006227461858528405
p_3311,t3_2vc9nj,t1_cogd61z,t1_cogex21,0.4686517857142857,0.47059574468085097,-0.0019439589665652957
p_3312,t3_2vb7n1,t1_cog7zan,t1_cojqi77,0.46919620253164546,0.46645073891625627,0.0027454636153891876
p_3313,t3_2vayhb,t1_cog0004,t1_cog18c4,0.4755168539325844,0.4721011235955055,0.003415730337078926
p_3317,t3_2v54ba,t1_coeixh4,t1_coemcyd,0.38101351351351354,0.42102614379084957,-0.040012630277336036
p_3320,t3_2v54ba,t1_coeiwgf,t1_coeno30,0.4786538461538461,0.46374000000000004,0.014913846153846055
p_3321,t3_2v4vs4,t1_coeisbz,t1_coenx4c,0.4623629032258063,0.4848265306122453,-0.022463627386438978
p_3322,t3_2v3dbt,t1_coeuya9,t1_coe54na,0.42936824324324313,0.4295314960629921,-0.00016325281974899353
p_3323,t3_2v3b2v,t1_coe2hj4,t1_coe3kad,0.4891842105263158,0.5086122448979591,-0.01942803437164331
p_3324,t3_2v3b2v,t1_coe3dx6,t1_coe41ib,0.4630618279569891,0.46759027777777784,-0.00452844982078876
p_3326,t3_2uzgtq,t1_coda73s,t1_codi9w9,0.4910750000000001,0.47169354838709665,0.019381451612903444
p_3327,t3_2uyf2j,t1_cocy4sv,t1_cocts31,0.4934425287356323,0.4864999999999998,0.006942528735632503
p_3328,t3_2uyc2l,t1_codgr1k,t1_cod6jiu,0.472507326007326,0.516377245508982,-0.04386991950165603
p_3330,t3_2uudze,t1_cobt14z,t1_cobzyv2,0.47628758169934643,0.509475806451613,-0.033188224752266515
p_3331,t3_2utwnf,t1_cobnk6q,t1_cobujy3,0.6147888888888889,0.49876530612244896,0.11602358276643998
p_3335,t3_2uocbs,t1_coa6e3k,t1_coa6g1k,0.3999621848739495,0.4408719512195123,-0.04090976634556276
p_3339,t3_2unn7n,t1_coa4d4b,t1_co9zgj7,0.4796065573770491,0.4830806451612904,-0.0034740877842412976
p_3341,t3_2unkg9,t1_co9z0gg,t1_coa3lkt,0.46047777777777776,0.46177333333333326,-0.0012955555555554943
p_3342,t3_2unkg9,t1_coadcvv,t1_coaqczi,0.5035874999999999,0.46933582089552234,0.03425167910447752
p_3343,t3_2unhtm,t1_coaivyc,t1_coajh6t,0.46457641196013283,0.4996425120772947,-0.03506610011716188
p_3344,t3_2umw9b,t1_co9t3iu,t1_co9sw89,0.4540624999999999,0.484552380952381,-0.030489880952381088
p_3345,t3_2umw9b,t1_coa4zj9,t1_co9sudq,0.4254864864864865,0.45080327868852443,-0.02531679220203792
p_3346,t3_2ul1df,t1_co9kcnl,t1_co9c0rj,0.4889215686274511,0.4320357142857142,0.05688585434173693
p_3347,t3_2uk6fx,t1_co94y3l,t1_co9o182,0.4550217391304347,0.44883846153846146,0.006183277591973235
p_3348,t3_2uk6fx,t1_co9423q,t1_co98hm4,0.4560803571428571,0.4330987654320988,0.02298159171075831
p_3349,t3_2ujo2u,t1_co9an3h,t1_co98y0r,0.5549677419354838,0.5422028985507248,0.012764843384759028
p_3352,t3_2uj4yv,t1_co9ncgk,t1_co8y43y,0.4725712074303405,0.4583269961977187,0.014244211232621762
p_3353,t3_2uiin1,t1_co8sei3,t1_co8ond6,0.383404255319149,0.4352647058823529,-0.051860450563203875
p_3354,t3_2uid44,t1_co8o0es,t1_co8s8kd,0.4859144736842106,0.4942972972972973,-0.008382823613086732
p_3358,t3_2ug2wi,t1_co82vuw,t1_co834w1,0.4885000000000001,0.40978571428571425,0.07871428571428585
p_3360,t3_2ucr50,t1_co7790p,t1_co77bgv,0.42599462365591395,0.46135714285714285,-0.035362519201228904
p_3362,t3_2ubt5m,t1_co75rce,t1_co70e85,0.4703823529411764,0.46908536585365856,0.0012969870875178535
p_3363,t3_2ubl1z,t1_co6xfgb,t1_co70me4,0.4495389610389611,0.4661130952380951,-0.01657413419913395
p_3364,t3_2ubbe0,t1_co73l5g,t1_co6tosu,0.38953278688524595,0.44528571428571434,-0.05575292740046839
p_3367,t3_2u8qcj,t1_co67jc2,t1_co670vd,0.5123541666666667,0.4935294117647058,0.01882475490196084
p_3368,t3_2u8hi5,t1_co65nrh,t1_co69ood,0.519977011494253,0.4741940559440563,0.045782955550196736
p_3369,t3_2u7z7v,t1_co5yytr,t1_co63mr3,0.4556887755102041,0.5041014492753623,-0.048412673765158176
p_3371,t3_2u7i4q,t1_co62evd,t1_co5xcqu,0.39937692307692296,0.4315363636363638,-0.03215944055944081
p_3374,t3_2u460b,t1_co4yacj,t1_co5wbvc,0.47355882352941175,0.5222627118644069,-0.048703888334995116
p_3376,t3_2u2fpm,t1_co4ivor,t1_co4n7du,0.4589041095890412,0.4902816901408451,-0.031377580551803896
p_3377,t3_2u2fpm,t1_co4qgkz,t1_co4iks0,0.46988709677419366,0.41935416666666675,0.05053293010752691
p_3378,t3_2u1s4k,t1_co4efyx,t1_co5t3kb,0.48425,0.5042755102040818,-0.020025510204081776
p_3379,t3_2tz5od,t1_co3mhs2,t1_co3mqwu,0.42702857142857137,0.46384285714285706,-0.03681428571428569
p_3381,t3_2txwe7,t1_co3hzuu,t1_co3b93t,0.446515625,0.4889407894736844,-0.042425164473684385
p_3384,t3_2tquws,t1_co1i3vy,t1_co1iyez,0.4285825242718448,0.4506228070175437,-0.022040282745698914
p_3385,t3_2tpl0x,t1_co1i4k5,t1_co16br0,0.4520923694779117,0.4572384615384615,-0.005146092060549778
p_3387,t3_2tn8qu,t1_co0jf5s,t1_co11da9,0.48565522875817013,0.4707622549019607,0.014892973856209413
p_3389,t3_2tlyzs,t1_co0mpip,t1_co0gu67,0.43248529411764713,0.43039772727272735,0.002087566844919786
p_3388,t3_2tlyzs,t1_co15kpv,t1_co0httm,0.3933808290155441,0.42027358490566036,-0.02689275589011625
p_3390,t3_2tj4pv,t1_cnzy3ou,t1_cnzjggb,0.45590999999999987,0.4803999999999998,-0.024489999999999956
p_3391,t3_2tiipu,t1_cnzc4fs,t1_cnzca9l,0.4428672566371682,0.4948571428571427,-0.051989886219974524
p_3392,t3_2tf0y4,t1_cnz5c7v,t1_cnz2826,0.5189313725490197,0.4355641025641025,0.08336726998491717
p_3393,t3_2teulf,t1_cnyf7vq,t1_cnyyfu0,0.47268253968253976,0.5028125000000001,-0.030129960317460347
p_3394,t3_2tet25,t1_cnye2j4,t1_cnydh7a,0.5209798387096775,0.4585824742268041,0.06239736448287336
p_3395,t3_2tet25,t1_cnyfwsr,t1_cnygkjb,0.4675641025641025,0.48674305555555564,-0.019178952991453113
p_3397,t3_2tekkp,t1_cnyd3k9,t1_cnzrdgm,0.457695945945946,0.473078125,-0.015382179054054035
p_3398,t3_2td8d4,t1_cny8efd,t1_cny3yi2,0.45869491525423733,0.49950657894736833,-0.040811663693130995
p_3399,t3_2tct9j,t1_cny4adc,t1_cnxvd59,0.4591165048543691,0.4781793103448277,-0.01906280549045858
p_3400,t3_2tct9j,t1_cny4b3k,t1_cnxvd59,0.47504511278195477,0.4781793103448277,-0.00313419756287292
p_3402,t3_2t6ote,t1_cnw8hwh,t1_cnwnwz0,0.4583167938931298,0.478590909090909,-0.02027411519777922
p_3403,t3_2t6ote,t1_cnwehlh,t1_cnw9vyp,0.4683727272727273,0.45733482142857157,0.011037905844155704
p_3404,t3_2t5d0k,t1_cnw2fgz,t1_cnw6d8q,0.5054008264462808,0.47559375,0.029807076446280834
p_3405,t3_2t5d0k,t1_cnw7mj4,t1_cnw9ce5,0.4463771929824563,0.4599024390243902,-0.013525246041933892
p_3406,t3_2t26nx,t1_cnv8j11,t1_cnvag08,0.4518888888888888,0.4742619047619048,-0.02237301587301599
p_3407,t3_2sy7r5,t1_cnu0c1p,t1_cnubeuy,0.4654054054054055,0.4467364864864864,0.018668918918919086
p_3409,t3_2su8e2,t1_cnsz4kn,t1_cnsx5ru,0.5094593023255813,0.47527127659574475,0.03418802572983659
p_3411,t3_2su8e2,t1_cnt1y8t,t1_cntdr6s,0.4893430232558138,0.4461764705882353,0.04316655266757852
p_3412,t3_2su8e2,t1_cnt845z,t1_cnt8tg7,0.48223953488372095,0.4477696078431372,0.03446992704058377
p_3413,t3_2su8e2,t1_cnsxgsn,t1_cntprhw,0.48381578947368414,0.4882857142857141,-0.004469924812029957
p_3414,t3_2su8e2,t1_cnsxse0,t1_cnsz1rt,0.47425210084033603,0.5029892473118278,-0.02873714647149178
p_3415,t3_2su8e2,t1_cnunryh,t1_cnsyy4i,0.47262692307692306,0.45813207547169793,0.014494847605225125
p_3416,t3_2su8e2,t1_cnt3umh,t1_cnsyin0,0.49032000000000003,0.515076923076923,-0.024756923076922954
p_3417,t3_2su8e2,t1_cnte5ku,t1_cnt3fdn,0.46508695652173915,0.462233870967742,0.002853085553997159
p_3419,t3_2su8e2,t1_cntbdmc,t1_cnsyin0,0.45476562499999995,0.515076923076923,-0.06031129807692304
p_3421,t3_2su8e2,t1_cnt9axw,t1_cnt2iz3,0.49626648351648367,0.48954054054054064,0.006725942975943033
p_3422,t3_2su8e2,t1_cnt85u7,t1_cntf8xd,0.4462640449438203,0.4826571428571429,-0.03639309791332257
p_3423,t3_2su8e2,t1_cntdvgn,t1_cnsyin0,0.5115617283950619,0.515076923076923,-0.0035151946818611224
p_3424,t3_2su8e2,t1_cnt1ycn,t1_cnt2h0f,0.4670614035087719,0.456619266055046,0.010442137453725908
p_3425,t3_2su8e2,t1_cnt4b86,t1_cnsyin0,0.5574777777777777,0.515076923076923,0.04240085470085475
p_3426,t3_2su6pz,t1_cnsuxnr,t1_cntesru,0.4534687500000001,0.4818409090909091,-0.02837215909090901
p_3427,t3_2su6pz,t1_cnsv16y,t1_cnt8h1t,0.45581304347826085,0.47153048780487805,-0.015717444326617203
p_3428,t3_2stah2,t1_cnsnfp3,t1_cnso055,0.49986290322580657,0.42438281250000004,0.07548009072580653
p_3429,t3_2sqh6c,t1_cnsh391,t1_cns23nc,0.43805042016806706,0.4555486725663717,-0.01749825239830466
p_3432,t3_2sjck6,t1_cnq11eh,t1_cnq7kou,0.4915080645161291,0.5037204301075269,-0.012212365591397767
p_3433,t3_2siye9,t1_cnpvesh,t1_cnpw7ts,0.4138467741935482,0.5002115384615384,-0.08636476426799022
p_3435,t3_2sf2we,t1_cnp48f2,t1_cnp29jv,0.46606140350877195,0.5273414634146341,-0.061280059905862105
p_3437,t3_2sbnxo,t1_cno05ek,t1_cnnz3ot,0.5036772151898733,0.4678875000000001,0.03578971518987317
p_3438,t3_2sagug,t1_cnnmwvw,t1_cno8oxd,0.44916666666666677,0.4947857142857144,-0.045619047619047615
p_3439,t3_2s8qu4,t1_cnn8scl,t1_cnn8yko,0.44298787878787904,0.4347743902439025,0.008213488543976522
p_3441,t3_2s3ey4,t1_cnlta5w,t1_cnn50va,0.45321000000000006,0.46351923076923074,-0.010309230769230682
p_3442,t3_2s38n0,t1_cnltsuz,t1_cnm8elm,0.46500000000000025,0.4854565217391304,-0.02045652173913015
p_3443,t3_2s311o,t1_cnlr4r5,t1_cnlpavt,0.4525579710144928,0.4022,0.0503579710144928
p_3445,t3_2s0mca,t1_cnlmsyb,t1_cnl4rwb,0.47423499999999996,0.43284552845528446,0.041389471544715506
p_3446,t3_2s04yv,t1_cnl68x9,t1_cnldfng,0.41623364485981323,0.42155000000000004,-0.0053163551401868014
p_3447,t3_2ryflh,t1_cnknvgl,t1_cnknbq4,0.4383695652173913,0.4169999999999999,0.021369565217391362
p_3449,t3_2rtxcw,t1_cnjo1jr,t1_cnj9t8c,0.44342499999999996,0.4858917525773196,-0.04246675257731963
p_3450,t3_2rtxcw,t1_cnjlno1,t1_cnj9t8c,0.48781730769230774,0.4858917525773196,0.0019255551149881533
p_3451,t3_2rspje,t1_cnizgmn,t1_cnj8tea,0.4773809523809524,0.4748951612903226,0.0024857910906297964
p_3452,t3_2rsgv3,t1_cniw4jr,t1_cniu655,0.498557142857143,0.5119193548387097,-0.013362211981566674
p_3454,t3_2rs57a,t1_cnjiwww,t1_cnjrwds,0.460225,0.482010101010101,-0.021785101010101005
p_3455,t3_2rqvf8,t1_cnii75i,t1_cnijhp3,0.4376607142857143,0.38475000000000004,0.052910714285714255
p_3457,t3_3j8yfq,t1_cundk5r,t1_cunbl8g,0.4234513888888889,0.4186287878787881,0.004822601010100791
p_3458,t3_3j8yfq,t1_cunbkbz,t1_cuncrke,0.43096428571428586,0.4203958333333333,0.010568452380952553
p_3461,t3_3j5b7g,t1_cumhf65,t1_cumi9vr,0.46668907563025225,0.49628947368421067,-0.02960039805395842
p_3462,t3_3j4xz5,t1_cumcunp,t1_cun4urq,0.427957627118644,0.4052142857142857,0.022743341404358297
p_3463,t3_3j4xz5,t1_cumbp9z,t1_cun012v,0.3766428571428571,0.423840425531915,-0.047197568389057865
p_3465,t3_3j348p,t1_culv71v,t1_cum06j5,0.4753,0.5273552631578948,-0.05205526315789483
p_3466,t3_3j2zal,t1_cult31h,t1_culspcu,0.37600000000000006,0.4430166666666667,-0.06701666666666667
p_3469,t3_3izsdq,t1_culv1a1,t1_cul3ok3,0.4081351351351352,0.40738181818181823,0.0007533169533169848
p_3472,t3_3iz617,t1_cul2p8q,t1_culbyou,0.46494270833333323,0.47962500000000013,-0.014682291666666902
p_3473,t3_3iynfo,t1_culekhe,t1_cul3cub,0.46064553990610313,0.49127597402597417,-0.03063043411987104
p_3474,t3_3iymmk,t1_cukv841,t1_cukv8bl,0.3867750000000001,0.4859348739495797,-0.09915987394957959
p_3475,t3_3iymd6,t1_cukus68,t1_cuktt0z,0.45349090909090906,0.45881707317073184,-0.005326164079822782
p_3476,t3_3iymd6,t1_cukvhtm,t1_cuktt0z,0.44769306930693054,0.45881707317073184,-0.011124003863801302
p_3479,t3_3ixtu4,t1_cukm93p,t1_cuklqh9,0.46605434782608696,0.46390659340659324,0.0021477544194937193
p_3480,t3_3ixtu4,t1_cukmf21,t1_cukm0pr,0.47762812499999996,0.5133833333333333,-0.035755208333333344
p_3483,t3_3isviu,t1_cujohec,t1_cujcyeh,0.4983522727272726,0.5420454545454546,-0.04369318181818199
p_3484,t3_3isviu,t1_cujddsn,t1_cujfb9o,0.4892688442211054,0.4839583333333331,0.005310510887772291
p_3485,t3_3irqrk,t1_cuk3web,t1_cuje0x7,0.509232876712329,0.46272777777777774,0.04650509893455124
p_3486,t3_3irqrk,t1_cujfvvz,t1_cujmo9h,0.5109562500000001,0.4588749999999999,0.05208125000000019
p_3487,t3_3irh3k,t1_cuj0bdo,t1_cuizlek,0.49681560283687953,0.4546037735849057,0.04221182925197381
p_3488,t3_3iqu4d,t1_cuj1ozx,t1_cuiwucd,0.4458333333333335,0.4870888888888889,-0.04125555555555538
p_3489,t3_3iqty5,t1_cuj86a7,t1_cuj36j4,0.42057051282051294,0.4734714285714287,-0.05290091575091577
p_3490,t3_3iq6j0,t1_cuiy6h8,t1_cuj2qp1,0.45618354430379754,0.4938965517241379,-0.03771300742034034
p_3491,t3_3inybw,t1_cui3v06,t1_cuicq4r,0.46589855072463765,0.47391129032258067,-0.00801273959794302
p_3492,t3_3injsb,t1_cui5ld0,t1_cui565b,0.45020093457943927,0.5336666666666667,-0.08346573208722746
p_3495,t3_3ijsss,t1_cuh6kys,t1_cuhg7b8,0.439532258064516,0.4280727272727272,0.011459530791788797
p_3496,t3_3ijsss,t1_cuh4arm,t1_cuhg7b8,0.4546475409836064,0.4280727272727272,0.026574813710879164
p_3500,t3_3iammm,t1_cues26b,t1_cueuwm5,0.42388059701492536,0.46167676767676785,-0.03779617066184249
p_3501,t3_3iammm,t1_cuete5w,t1_cuerzgs,0.434687969924812,0.44321774193548386,-0.008529772010671843
p_3502,t3_3iammm,t1_cuew3c0,t1_cueu3av,0.49973529411764706,0.4224600000000001,0.07727529411764694
p_3503,t3_3i9n2q,t1_cueircr,t1_cuenxor,0.45786607142857155,0.46772448979591824,-0.009858418367346689
p_3504,t3_3i9n2q,t1_cufiuhn,t1_cueyyfo,0.5061660079051384,0.474091836734694,0.03207417117044442
p_3505,t3_3i8nmh,t1_cue9cr1,t1_cuea24l,0.45229069767441876,0.46349173553719014,-0.01120103786277138
p_3507,t3_3i8834,t1_cue4ikv,t1_cue5fsj,0.46210256410256406,0.4344657534246577,0.027636810677906354
p_3508,t3_3i8834,t1_cue7on2,t1_cue83jy,0.4500825242718446,0.4280350877192983,0.022047436552546262
p_3513,t3_3i7k0u,t1_cue07hc,t1_cudypb4,0.4466556291390729,0.43929310344827593,0.007362525690796984
p_3511,t3_3i7k0u,t1_cue31x0,t1_cue1sot,0.46470289855072466,0.4648688524590164,-0.00016595390829171608
p_3512,t3_3i7k0u,t1_cue0k0p,t1_cue5g6f,0.45541558441558433,0.4548053097345134,0.0006102746810709436
p_3514,t3_3i7k0u,t1_cuee0d9,t1_cudzumt,0.41174074074074085,0.5022205882352941,-0.09047984749455329
p_3516,t3_3i74qy,t1_cudw08r,t1_cudux0k,0.41241176470588214,0.43259090909090914,-0.020179144385026992
p_3517,t3_3i5x6k,t1_cudnqtj,t1_cue4n29,0.4814076923076923,0.5068181818181818,-0.02541048951048952
p_3519,t3_3i5a78,t1_cudjp1z,t1_cudst66,0.5053026315789476,0.5380454545454545,-0.03274282296650688
p_3521,t3_3i3wn7,t1_cud76ln,t1_cud3r2z,0.45784615384615385,0.5026021505376344,-0.044755996691480504
p_3523,t3_3i3vx9,t1_cud2a4g,t1_cud2qth,0.5014736842105263,0.514930894308943,-0.013457210098416716
p_3522,t3_3i3vx9,t1_cud5nsy,t1_cud2qth,0.4921619433198381,0.514930894308943,-0.02276895098910492
p_3524,t3_3i2plj,t1_cucv4aa,t1_cucxjt7,0.5041428571428571,0.4859468085106384,0.018196048632218742
p_3525,t3_3i2plj,t1_cucthi0,t1_cuctx89,0.5110499999999999,0.5221953125000001,-0.01114531250000017
p_3526,t3_3i283w,t1_cud0fa0,t1_cucolyj,0.43058823529411777,0.4369583333333334,-0.0063700980392156215
p_3527,t3_3i0b0w,t1_cuchpgk,t1_cuc59ef,0.4331428571428572,0.4513524590163934,-0.018209601873536208
p_3530,t3_3hsvl2,t1_cuad8r8,t1_cuaqsqb,0.4360358126721762,0.5297460317460316,-0.0937102190738554
p_3531,t3_3hrivr,t1_cua0vt2,t1_cu9xxve,0.4061875,0.3989444444444444,0.0072430555555556
p_3534,t3_3hpq7g,t1_cu9josn,t1_cu9k41i,0.4697279999999998,0.40911224489795917,0.06061575510204065
p_3535,t3_3hpq7g,t1_cu9kipp,t1_cu9x1z9,0.4633695652173912,0.45651724137931043,0.006852323838080765
p_3536,t3_3hosv2,t1_cu9at72,t1_cu9cml6,0.4909527559055118,0.513266304347826,-0.022313548442314257
p_3537,t3_3hoq7p,t1_cu9k2tb,t1_cu9atrb,0.5037275280898875,0.48845833333333327,0.01526919475655425
p_3538,t3_3hmpv3,t1_cu8qdp9,t1_cu8pb7k,0.47923255813953486,0.49412,-0.014887441860465145
p_3539,t3_3hkh5j,t1_cu8ovlu,t1_cu8ovof,0.4797260273972602,0.46028499999999994,0.01944102739726028
p_3541,t3_3hh46c,t1_cu7c27f,t1_cu7c1z2,0.43031060606060617,0.4712696078431373,-0.040959001782531146
p_3543,t3_3hgl6d,t1_cu7ehx8,t1_cu79azc,0.47823529411764715,0.47789887640449424,0.00033641771315290336
p_3542,t3_3hgl6d,t1_cu7d0px,t1_cu7azy6,0.45673275862068946,0.45629012345679004,0.0004426351638994186
p_3544,t3_3hg6gk,t1_cu72vgj,t1_cu7213o,0.4579905660377359,0.46820833333333334,-0.010217767295597424
p_3546,t3_3hfjxc,t1_cu6z830,t1_cu71g18,0.4752121212121212,0.44863571428571414,0.02657640692640706
p_3547,t3_3hfioz,t1_cuc0fou,t1_cu7ifcw,0.44267619047619045,0.4565335968379448,-0.013857406361754365
p_3548,t3_3hel60,t1_cu6qm9g,t1_cu6prd9,0.4792830188679246,0.5239255319148935,-0.044642513046968924
p_3552,t3_3hdp4a,t1_cu6jlng,t1_cu6jn61,0.42239873417721513,0.4591290322580646,-0.03673029808084949
p_3555,t3_3hcpmz,t1_cu6c4si,t1_cu6f8lz,0.4772660891089107,0.4459817351598174,0.03128435394909329
p_3556,t3_3hcfg2,t1_cu65tgy,t1_cu65kqn,0.5011078431372549,0.4943970588235294,0.00671078431372546
p_3557,t3_3hcfg2,t1_cu65sqs,t1_cu65hi9,0.474823076923077,0.5715538461538462,-0.09673076923076918
p_3558,t3_3hcfg2,t1_cu68tq4,t1_cu65vdo,0.5042272727272726,0.47225714285714293,0.031970129870129704
p_3560,t3_3h8y7m,t1_cu5ao33,t1_cu5bjz7,0.3797972972972973,0.37106153846153844,0.008735758835758833
p_3563,t3_3h69kp,t1_cu5o71n,t1_cu4mp4v,0.4337604166666665,0.5205454545454545,-0.08678503787878805
p_3566,t3_3h1dud,t1_cu3e462,t1_cu3dhym,0.5048,0.37099999999999994,0.13380000000000009
p_3568,t3_3h13pq,t1_cu3c98a,t1_cu3bnnc,0.4873333333333334,0.4588576923076923,0.028475641025641096
p_3569,t3_3h0s9a,t1_cu3bh3m,t1_cu383tr,0.4714237288135595,0.527635593220339,-0.056211864406779555
p_3570,t3_3gz2bd,t1_cu2qwnu,t1_cu2zo0y,0.47670000000000007,0.479625,-0.0029249999999999554
p_3571,t3_3gys03,t1_cu2q2lr,t1_cu2pmm6,0.5023851351351353,0.4820454545454545,0.020339680589680775
p_3572,t3_3gw6np,t1_cu252mj,t1_cu20nky,0.4613977272727272,0.46676388888888887,-0.005366161616161658
p_3576,t3_3gri3k,t1_cu0uiw1,t1_cu0sztg,0.4880499999999999,0.49820175438596487,-0.010151754385964995
p_3577,t3_3gri3k,t1_cu0urd0,t1_cu0vpsk,0.4569653465346536,0.5132096774193547,-0.056244330884701155
p_3583,t3_3gp6g1,t1_cu0aq54,t1_cu08mnw,0.5267088607594936,0.4464395604395605,0.08026930031993312
p_3582,t3_3gp6g1,t1_cu09x63,t1_cu08mnw,0.48623188405797096,0.4464395604395605,0.03979232361841045
p_3585,t3_3gnc86,t1_ctzot2x,t1_ctzq8hf,0.4782826086956522,0.4492903225806451,0.028992286115007093
p_3586,t3_3gincm,t1_ctyigsj,t1_ctyhn4v,0.4558203592814372,0.4659017857142858,-0.010081426432848595
p_3587,t3_3gincm,t1_ctyhn4x,t1_ctyinar,0.3718695652173913,0.5111515151515151,-0.13928194993412385
p_3589,t3_3ghl3t,t1_cty7tlm,t1_cty6dyx,0.5470789473684211,0.4679880952380953,0.0790908521303258
p_3590,t3_3ghl3t,t1_cty9isx,t1_cty8sv7,0.48341666666666677,0.4885135135135135,-0.005096846846846748
p_3592,t3_3ggp32,t1_cty0r06,t1_cty0aec,0.4868076923076921,0.5194573170731707,-0.03264962476547856
p_3593,t3_3ggp32,t1_cty35gw,t1_cty0aec,0.49841104294478566,0.5194573170731707,-0.021046274128385
p_3595,t3_3gec73,t1_ctxli3x,t1_ctxhga8,0.46694303797468345,0.47151149425287353,-0.004568456278190081
p_3596,t3_3ge5mc,t1_ctxb1ki,t1_ctxeqe8,0.4578214285714286,0.47370312499999995,-0.015881696428571346
p_3598,t3_3gdtg4,t1_ctylxuf,t1_ctxaqee,0.4719942528735631,0.4690738636363637,0.0029203892371993945
p_3599,t3_3gdndp,t1_ctx5qis,t1_ctx98zl,0.5344722222222222,0.4620333333333333,0.07243888888888894
p_3600,t3_3gdish,t1_ctx6te9,t1_ctx7vni,0.4656833333333333,0.49324999999999997,-0.027566666666666684
p_3601,t3_3gdibt,t1_ctx56mf,t1_ctx4od4,0.506155172413793,0.47742499999999993,0.02873017241379311
p_3602,t3_3gcrbs,t1_ctx0d41,t1_ctx24yu,0.48444444444444446,0.46630555555555564,0.018138888888888816
p_3604,t3_3gbhud,t1_ctwlw6q,t1_ctwmyam,0.5037473684210526,0.46869047619047616,0.03505689223057645
p_3605,t3_3gbhud,t1_ctwlm4k,t1_ctwv3j1,0.5176923076923077,0.4499594594594594,0.06773284823284825
p_3606,t3_3gbhud,t1_ctwml50,t1_ctwlr8k,0.46281553398058256,0.4475588235294118,0.015256710451170774
p_3607,t3_3gbhud,t1_ctwlqf1,t1_ctwlr8k,0.46371052631578946,0.4475588235294118,0.016151702786377675
p_3608,t3_3gb6h1,t1_ctwso7w,t1_ctwnm4g,0.4690587044534412,0.46684110169491516,0.0022176027585260605
p_3609,t3_3gb461,t1_ctwjnpu,t1_ctwkc6d,0.48951818181818174,0.4031833333333333,0.08633484848484846
p_3610,t3_3ga6xh,t1_ctwcf34,t1_ctw9u8c,0.4556176470588235,0.4597083333333332,-0.004090686274509703
p_3612,t3_3ga0yc,t1_ctwa3zr,t1_ctw8bfs,0.49219736842105266,0.44211153846153833,0.05008582995951433
p_3613,t3_3ga0yc,t1_ctwc8h0,t1_ctw824i,0.47250819672131156,0.47102564102564115,0.0014825556956704067
p_3614,t3_3ga0yc,t1_ctwe0ok,t1_ctw8bfs,0.48205725190839693,0.44211153846153833,0.0399457134468586
p_3615,t3_3g9no7,t1_ctw54al,t1_ctw52em,0.39622058823529416,0.47640740740740745,-0.08018681917211329
p_3616,t3_3g93j6,t1_ctw0e9h,t1_ctw6elj,0.42375312499999984,0.45374342105263193,-0.029990296052632093
p_3617,t3_3g8r7o,t1_ctvx3y3,t1_ctwc690,0.4705485436893206,0.49831034482758624,-0.02776180113826565
p_3622,t3_3g646u,t1_ctvb9vl,t1_ctvc59g,0.4567222222222221,0.4752631578947369,-0.018540935672514802
p_3623,t3_3g53av,t1_ctuxpb3,t1_ctvf9tq,0.439505617977528,0.4636415662650606,-0.02413594828753257
p_3624,t3_3g51jj,t1_ctv0l5x,t1_ctvcg39,0.5040450450450451,0.5009318181818181,0.0031132268632270144
p_3625,t3_3g51jj,t1_ctv269f,t1_ctvcg39,0.4618297872340424,0.5009318181818181,-0.0391020309477757
p_3626,t3_3g51jj,t1_ctv3mds,t1_ctv9uzx,0.4543116883116884,0.4330263157894736,0.021285372522214796
p_3630,t3_3g1pcd,t1_ctu19ea,t1_ctu17ql,0.4605671641791044,0.4564180327868853,0.004149131392219119
p_3635,t3_3g1fhs,t1_cttyuge,t1_cttxvho,0.48848275862068957,0.5337301587301587,-0.04524740010946915
p_3633,t3_3g1fhs,t1_ctu95h3,t1_cttxvho,0.49809786476868345,0.5337301587301587,-0.03563229396147527
p_3636,t3_3g1fhs,t1_cttzgzr,t1_cttxvho,0.516641129032258,0.5337301587301587,-0.017089029697900715
p_3632,t3_3g1fhs,t1_cttxzvr,t1_cttxvho,0.5693055555555557,0.5337301587301587,0.03557539682539701
p_3631,t3_3g1fhs,t1_ctty06w,t1_cttxzi1,0.4786971830985916,0.5185147058823529,-0.03981752278376133
p_3637,t3_3g1bgv,t1_cttw7r4,t1_ctu593g,0.43075268817204304,0.48635483870967766,-0.05560215053763462
p_3640,t3_3g02ia,t1_cttuj7v,t1_cttrhlu,0.43476666666666663,0.49859090909090914,-0.0638242424242425
p_3642,t3_3fz5pa,t1_cttcblp,t1_cttc9b6,0.46003318584070807,0.47611538461538433,-0.01608219877467626
p_3644,t3_3fvhvp,t1_ctsbzuq,t1_ctsdw9m,0.47480833333333344,0.39941269841269844,0.075395634920635
p_3645,t3_3fvhjh,t1_ctscnii,t1_ctsbg6s,0.4809523809523809,0.4711724137931034,0.009779967159277536
p_3646,t3_3fvhjh,t1_ctse486,t1_ctsbtva,0.5094556451612903,0.5054336734693878,0.004021971691902437
p_3647,t3_3fvhjh,t1_ctsbifp,t1_ctsvne2,0.5007397959183673,0.5247806122448979,-0.024040816326530656
p_3648,t3_3fvhjh,t1_ctsc6ss,t1_ctsbtva,0.44328846153846163,0.5054336734693878,-0.0621452119309262
p_3649,t3_3fveyg,t1_ctsa8js,t1_cts9pfj,0.464828205128205,0.4956395348837209,-0.030811329755515926
p_3650,t3_3fu1s8,t1_cts3fhv,t1_cts5hav,0.45880303030303027,0.47840697674418614,-0.019603946441155873
p_3651,t3_3fsgbp,t1_ctrisu9,t1_ctshlnm,0.5216293103448276,0.4817798165137616,0.03984949383106601
p_3652,t3_3fs1zm,t1_ctrhh5j,t1_ctrefi0,0.5310408163265306,0.4515084745762713,0.07953234175025925
p_3653,t3_3frc1d,t1_ctr9vhi,t1_ctr7h2r,0.417551724137931,0.48728333333333324,-0.06973160919540222
p_3655,t3_3fql48,t1_ctr20mq,t1_ctr0pwr,0.42706720430107536,0.45492948717948734,-0.02786228287841197
p_3656,t3_3fqb1z,t1_ctqze4g,t1_ctr0cf6,0.461375,0.4751020408163266,-0.013727040816326641
p_3658,t3_3fqb1z,t1_ctr0vi4,t1_ctr0cf6,0.4896018518518517,0.4751020408163266,0.014499811035525056
p_3657,t3_3fqb1z,t1_ctr0caa,t1_ctr0cf6,0.43607692307692314,0.4751020408163266,-0.03902511773940348
p_3659,t3_3fpfyb,t1_ctqrhgh,t1_ctqsan9,0.4360096153846153,0.46749019607843134,-0.03148058069381604
p_3660,t3_3fp3n9,t1_ctqolc7,t1_ctqnhek,0.5026041666666666,0.5106742424242424,-0.00807007575757579
p_3661,t3_3fp2bi,t1_ctqnbaz,t1_ctqt3i2,0.5319285714285713,0.4565245901639345,0.07540398126463682
p_3663,t3_3fnwpa,t1_ctqdqno,t1_ctqbvw6,0.42172580645161295,0.4763035714285713,-0.054577764976958376
p_3664,t3_3fnv5p,t1_ctqbrad,t1_ctqwxiu,0.4459140625000001,0.4344634146341464,0.011450647865853703
p_3665,t3_3fnv5p,t1_ctqn9r7,t1_ctr22l4,0.4420454545454545,0.46064843749999984,-0.018602982954545322
p_3667,t3_3fnpby,t1_ctqb537,t1_ctqb5ui,0.4830357142857142,0.5067943925233644,-0.023758678237650266
p_3666,t3_3fnpby,t1_ctqa65w,t1_ctqb5ui,0.5508770491803279,0.5067943925233644,0.044082656656963426
p_3669,t3_3fnkrz,t1_ctq8t3q,t1_ctq9oiz,0.44164942528735646,0.46427659574468066,-0.02262717045732421
p_3671,t3_3fnkrz,t1_ctqas8t,t1_ctq9ar9,0.4575064102564106,0.4507432432432431,0.0067631670131674815
p_3670,t3_3fnkrz,t1_ctq9o0e,t1_ctq9oiz,0.5078260869565218,0.46427659574468066,0.043549491211841096
p_3672,t3_3fnkrz,t1_ctq9j16,t1_ctqa3ka,0.49551020408163277,0.46542307692307694,0.030087127158555826
p_3675,t3_3fme5v,t1_ctpwnu7,t1_ctpy2fx,0.46333333333333326,0.4852727272727273,-0.021939393939394036
p_3676,t3_3fh6ko,t1_ctoktht,t1_ctoqkfl,0.4135303030303031,0.45653174603174607,-0.043001443001442985
p_3677,t3_3fg061,t1_cto8r5z,t1_cto8tdw,0.45621666666666677,0.4704756097560975,-0.014258943089430709
p_3679,t3_3fg061,t1_cto97vg,t1_cto8tdw,0.4220769230769231,0.4704756097560975,-0.04839868667917435
p_3680,t3_3ffta7,t1_cto7io9,t1_ctoe9av,0.4197096774193549,0.44030985915492954,-0.020600181735574652
p_3681,t3_3ff3g6,t1_cto0i1n,t1_cto1zos,0.4844660194174756,0.45773394495412856,0.026732074463347022
p_3682,t3_3feqzt,t1_ctq3vzp,t1_ctnylzg,0.43139534883720926,0.4407894736842105,-0.00939412484700125
p_3683,t3_3fcrvd,t1_ctnhp4o,t1_cto31ft,0.47814062499999993,0.4937743902439025,-0.015633765243902586
p_3684,t3_3fcrvd,t1_ctns9wz,t1_ctnfqp7,0.47086153846153866,0.5115476190476191,-0.040686080586080475
p_3686,t3_3fcf5e,t1_ctndfg4,t1_ctnry92,0.5095454545454546,0.5390909090909093,-0.029545454545454652
p_3688,t3_3fc3o6,t1_ctnx69r,t1_ctngp5n,0.4375133531157272,0.43920588235294117,-0.0016925292372139689
p_3687,t3_3fc3o6,t1_ctnaow2,t1_ctn9aav,0.42302232142857127,0.3999298245614034,0.023092496867167855
p_3692,t3_3fau90,t1_ctmxjyf,t1_ctmw18p,0.4555454545454544,0.45532999999999985,0.0002154545454545742
p_3693,t3_3fa3pf,t1_ctmq4rm,t1_ctmvo0g,0.47272023809523844,0.4803950000000001,-0.007674761904761684
p_3694,t3_3fa3pf,t1_ctmq6wk,t1_ctmpzx1,0.5070094936708862,0.4801266666666664,0.02688282700421979
p_3695,t3_3f8yj7,t1_ctmfz6p,t1_ctmip5y,0.47220886075949364,0.4621129032258064,0.01009595753368725
p_3696,t3_3f8yj7,t1_ctmi79z,t1_ctmip5y,0.4654604519774012,0.4621129032258064,0.00334754875159482
p_3697,t3_3f8yj7,t1_ctmgbxn,t1_ctmip5y,0.47807142857142854,0.4621129032258064,0.015958525345622143
p_3701,t3_3f6ga9,t1_ctlqooj,t1_ctlqdbh,0.49505555555555564,0.5087045454545455,-0.013648989898989827
p_3703,t3_3f65v8,t1_ctlqq52,t1_ctm1y1p,0.4181063829787234,0.4889285714285712,-0.07082218844984783
p_3704,t3_3f38fh,t1_ctlm7ia,t1_ctkwb7j,0.5029722222222223,0.51635,-0.01337777777777771
p_3705,t3_3f2sbt,t1_ctm98ge,t1_ctkrr8t,0.49958181818181824,0.4759416666666667,0.02364015151515153
p_3708,t3_3f20yi,t1_ctkkr6u,t1_ctkjeol,0.4702229729729729,0.5256326530612244,-0.055409680088251534
p_3709,t3_3f20yi,t1_ctkoehq,t1_ctkokut,0.4829969325153373,0.504827777777778,-0.021830845262440668
p_3712,t3_3f18mt,t1_ctkcw2a,t1_ctkb9dn,0.48288461538461563,0.5149833333333332,-0.0320987179487176
p_3711,t3_3f18mt,t1_ctkc4tg,t1_ctkn5z3,0.45993220338983054,0.48891463414634145,-0.028982430756510913
p_3714,t3_3f16ju,t1_ctkcxak,t1_ctkajc6,0.45858450704225373,0.4769130434782609,-0.01832853643600718
p_3716,t3_3f0uzz,t1_ctkbyhm,t1_ctkdayj,0.4529851301115243,0.433705078125,0.019280051986524327
p_3717,t3_3exng6,t1_ctjf76q,t1_ctjdefn,0.4338305084745763,0.421840909090909,0.011989599383667338
p_3718,t3_3ex1vr,t1_ctj5yub,t1_ctj6pr7,0.453108695652174,0.46071875000000007,-0.0076100543478260785
p_3719,t3_3ewva7,t1_ctj4jx8,t1_ctj8g6w,0.5177166666666668,0.4869271356783921,0.03078953098827475
p_3722,t3_3ewva7,t1_ctj8djb,t1_ctj8g6w,0.5004711538461537,0.4869271356783921,0.013544018167761629
p_3720,t3_3ewva7,t1_ctj5oik,t1_ctjcs9z,0.513375796178344,0.5079204545454545,0.00545534163288941
p_3721,t3_3ewva7,t1_ctj7ibv,t1_ctjcs9z,0.4361964285714285,0.5079204545454545,-0.07172402597402605
p_3723,t3_3ewjnh,t1_ctj1fb4,t1_ctj26kt,0.5127395833333332,0.5345499999999999,-0.02181041666666661
p_3724,t3_3ewjnh,t1_ctj1ye4,t1_ctj1lht,0.5300486111111112,0.4774090909090909,0.05263952020202034
p_3725,t3_3euagb,t1_ctigcut,t1_ctihu3a,0.506318181818182,0.4388214285714286,0.06749675324675342
p_3726,t3_3eu8tm,t1_ctigaob,t1_ctiq52g,0.462483695652174,0.4284666666666668,0.034017028985507236
p_3727,t3_3eu8tm,t1_ctijckt,t1_ctigceq,0.4554661354581675,0.47064942528735626,-0.015183289829188762
p_3728,t3_3etxto,t1_ctid3ea,t1_cticpfj,0.4614313725490195,0.4420083333333334,0.01942303921568611
p_3730,t3_3es79p,t1_cthw2r2,t1_cthwdaq,0.4684861111111107,0.44549999999999995,0.022986111111110763
p_3731,t3_3es79p,t1_cthxdez,t1_cthwn0n,0.47913768115942035,0.4558076923076923,0.023329988851728045
p_3732,t3_3ertta,t1_cti6rd8,t1_ctht1zk,0.43226063829787237,0.4506129032258064,-0.018352264927934014
p_3733,t3_3ertdy,t1_cthr80b,t1_cthr99r,0.39976923076923077,0.4476527777777778,-0.04788354700854702
p_3734,t3_3erhhr,t1_ctiarao,t1_cti58vh,0.5027727272727274,0.4978991596638655,0.004873567608861873
p_3735,t3_3eq514,t1_ctho613,t1_cthcqg3,0.4732352941176471,0.4757244094488191,-0.0024891153311720204
p_3737,t3_3epjfs,t1_cth5t0q,t1_cthcvt3,0.48082758620689653,0.5120777777777779,-0.031250191570881325
p_3739,t3_3enur5,t1_ctgrxoh,t1_ctgz8y0,0.4737868020304569,0.4682055749128923,0.005581227117564647
p_3740,t3_3emsdn,t1_cth30is,t1_ctgqvc3,0.4466009174311925,0.5534042553191488,-0.10680333788795632
p_3742,t3_3elw95,t1_ctg6r9r,t1_ctg9cb8,0.43586363636363634,0.4363301886792453,-0.00046655231560893684
p_3743,t3_3eknr4,t1_ctglikz,t1_ctfyt7d,0.48242528735632173,0.45463235294117643,0.0277929344151453
p_3744,t3_3ekjn3,t1_ctgdi0f,t1_ctg4na1,0.4592983425414366,0.4662411764705881,-0.006942833929151515
p_3751,t3_3ee553,t1_cte3wfh,t1_cte2z0f,0.48917948717948706,0.4266555555555556,0.06252393162393144
p_3752,t3_3ee553,t1_cte5ytw,t1_cte2z0f,0.4703636363636364,0.4266555555555556,0.04370808080808075
p_3754,t3_3ecjmj,t1_ctdn8gf,t1_ctdm7dj,0.4628566433566433,0.47522499999999995,-0.01236835664335667
p_3755,t3_3ecjmj,t1_ctdnq7f,t1_ctdm7dj,0.4486967592592594,0.47522499999999995,-0.02652824074074056
p_3756,t3_3ecjmj,t1_ctdoi4m,t1_ctdm7dj,0.44374705882352933,0.47522499999999995,-0.031477941176470625
p_3753,t3_3ecjmj,t1_ctdmtn2,t1_ctdoo3p,0.4173079268292683,0.43893527508090585,-0.021627348251637535
p_3757,t3_3ec84d,t1_ctdlgzm,t1_ctdj2og,0.44305405405405396,0.4567394366197184,-0.013685382565664428
p_3759,t3_3ebxxu,t1_ctdn0oz,t1_ctdjt1a,0.42125,0.4307142857142856,-0.009464285714285592
p_3761,t3_3ebqsa,t1_ctdwdgw,t1_ctdgbbx,0.47485074626865664,0.5024017857142856,-0.027551039445628978
p_3762,t3_3eb9u6,t1_ctda3bt,t1_ctdi2vm,0.51584375,0.49896875,0.01687500000000003
p_3763,t3_3eb9u6,t1_ctdaich,t1_ctdi2vm,0.4688333333333332,0.49896875,-0.030135416666666803
p_3764,t3_3eai2b,t1_ctdmsz0,t1_ctdas7y,0.4706491228070177,0.4769952830188678,-0.006346160211850083
p_3765,t3_3eai2b,t1_ctdc31l,t1_ctdas7y,0.4614887640449438,0.4769952830188678,-0.015506518973923966
p_3766,t3_3ea4kl,t1_ctczlq4,t1_ctcz6mu,0.40243877551020407,0.37475757575757584,0.027681199752628227
p_3768,t3_3e811o,t1_ctcjrd5,t1_ctcd4vr,0.44540298507462683,0.5193507462686566,-0.07394776119402979
p_3775,t3_3dt3vy,t1_ct8epzw,t1_ct8xeko,0.49555284552845524,0.469897435897436,0.025655409631019255
p_3776,t3_3drmw1,t1_ct7z6k1,t1_ct7zd7f,0.4453749999999999,0.5151923076923077,-0.06981730769230782
p_3777,t3_3dqi0b,t1_ct7ojzo,t1_ct7o4hu,0.42983333333333346,0.4318421052631579,-0.00200877192982446
p_3779,t3_3dnhsi,t1_ct6vf40,t1_ct7n9bz,0.4961702127659575,0.4751029411764706,0.021067271589486902
p_3786,t3_3dkeyo,t1_ct60a1q,t1_ct60gf9,0.4971291666666667,0.447508064516129,0.049621102150537666
p_3787,t3_3dk4k6,t1_ct68k3i,t1_ct5ylmw,0.5182438016528925,0.5364868421052631,-0.018243040452370574
p_3789,t3_3dj5zp,t1_ct5ndqg,t1_ct5pov6,0.46094897959183667,0.43426470588235294,0.02668427370948373
p_3790,t3_3dhxmu,t1_ct59siv,t1_ct5em85,0.4493658536585366,0.3713,0.07806585365853658
p_3791,t3_3dhww4,t1_ct59ny2,t1_ct5c1n1,0.4637558139534884,0.4828365384615385,-0.019080724508050095
p_3792,t3_3dhvig,t1_ct5cmrc,t1_ct5dd1p,0.4658313432835822,0.46040865384615387,0.005422689437428352
p_3793,t3_3dhde9,t1_ct68xez,t1_ct55tgc,0.4437534246575342,0.4534545454545455,-0.009701120797011298
p_3794,t3_3dh1ns,t1_ct5dtcs,t1_ct5eykr,0.4671300578034679,0.46876704545454545,-0.0016369876510775594
p_3795,t3_3dgf6j,t1_ct54lyk,t1_ct5gs7l,0.49852358490566034,0.6307272727272728,-0.13220368782161246
p_3796,t3_3dgf6j,t1_ct5oi70,t1_ct5c1wd,0.5239644670050759,0.44880434782608686,0.07516011917898907
p_3797,t3_3dfjej,t1_ct4p5yg,t1_ct4yewo,0.5119999999999997,0.4425104712041883,0.06948952879581138
p_3800,t3_3df1t2,t1_ct4iy6y,t1_ct4ij06,0.4274477611940298,0.4771190476190475,-0.049671286425017724
p_3801,t3_3det6i,t1_ct4g7xl,t1_ct4gbpx,0.4748629032258064,0.4241595744680851,0.05070332875772127
p_3802,t3_3deose,t1_ct4eh79,t1_ct4g0jb,0.4594835164835165,0.4388257575757576,0.020657758907758894
p_3803,t3_3deose,t1_ct4f9rz,t1_ct4g0jb,0.4492120253164556,0.4388257575757576,0.010386267740698008
p_3804,t3_3deose,t1_ct4fbji,t1_ct5641w,0.4889470198675497,0.465204615384615,0.023742404482934687
p_3805,t3_3deose,t1_ct4ewzd,t1_ct4g0jb,0.45116666666666655,0.4388257575757576,0.012340909090908958
p_3806,t3_3de3uy,t1_ct4agqd,t1_ct494c3,0.4509708333333335,0.4700743243243244,-0.0191034909909909
p_3807,t3_3ddw70,t1_ct47mit,t1_ct4jbe5,0.4896690647482014,0.4663456375838924,0.023323427164308963
p_3808,t3_3ddw70,t1_ct481p1,t1_ct48oqy,0.43207812500000004,0.4534973821989529,-0.02141925719895288
p_3814,t3_3dbole,t1_ct3p6ns,t1_ct478ih,0.4687793103448275,0.4557555555555556,0.013023754789271924
p_3815,t3_3dbm0n,t1_ct3lx2j,t1_ct3ly0v,0.46836046511627905,0.44991509433962246,0.01844537077665659
p_3816,t3_3dbkzb,t1_ct3ojfw,t1_ct3m5s5,0.46851818181818183,0.47600000000000003,-0.007481818181818201
p_3819,t3_3d7ar8,t1_ct2lat5,t1_ct2ki11,0.44291044776119404,0.5096666666666667,-0.06675621890547268
p_3821,t3_3d70nm,t1_ct2ew4r,t1_ct2j33u,0.4408571428571427,0.4938750000000002,-0.05301785714285745
p_3822,t3_3d70nm,t1_ct2dshn,t1_ct2eddg,0.4638548387096775,0.5152037037037038,-0.051348864994026355
p_3824,t3_3d6eeo,t1_ct28lpu,t1_ct2avdj,0.5048041666666665,0.49368085106382986,0.011123315602836636
p_3825,t3_3d5kur,t1_ct1ztbe,t1_ct1zr52,0.4966162790697674,0.5666875,-0.0700712209302326
p_3827,t3_3d4z8m,t1_ct20a6w,t1_ct1t0m5,0.428268907563025,0.4176521739130434,0.010616733649981613
p_3829,t3_3d26wz,t1_ct28b6n,t1_ct16kmz,0.4714218750000001,0.4865714285714287,-0.015149553571428609
p_3830,t3_3d0d6p,t1_ct0o5u1,t1_ct0n6t4,0.4670863309352522,0.4504137931034483,0.01667253783180389
p_3831,t3_3d01ke,t1_ct0juu5,t1_ct0mdna,0.5612857142857143,0.5502027027027029,0.011083011583011393
p_3833,t3_3czjmn,t1_ct0n1h1,t1_ct0p4tx,0.4559158878504673,0.46785499999999997,-0.011939112149532638
p_3834,t3_3cze07,t1_ct0u8p8,t1_ct1w2jq,0.5189782608695652,0.5416428571428572,-0.02266459627329198
p_3836,t3_3cze07,t1_ct10eyn,t1_ct10av3,0.5044888888888888,0.4968157894736843,0.007673099415204443
p_3837,t3_3cz50i,t1_ct0beon,t1_ct0crzd,0.4834893617021276,0.47392857142857153,0.009560790273556052
p_3838,t3_3cyvok,t1_ct09dsg,t1_ct0cry8,0.4577333333333334,0.44973780487804854,0.00799552845528484
p_3840,t3_3cwzdr,t1_cszqsrm,t1_csztuip,0.477755,0.5003186813186813,-0.022563681318681306
p_3841,t3_3cwzdr,t1_cszr0ac,t1_cszzijk,0.49713304721030055,0.46332216494845385,0.0338108822618467
p_3842,t3_3cwzdr,t1_cszsao6,t1_cszzijk,0.4837595628415296,0.46332216494845385,0.02043739789307575
p_3843,t3_3curfb,t1_cszctr2,t1_cszdmwi,0.4861681034482756,0.4964919571045576,-0.010323853656282023
p_3846,t3_3ctbdn,t1_csywwyk,t1_csyw0z6,0.42312244897959195,0.39163461538461536,0.03148783359497659
p_3848,t3_3csry4,t1_csyq5kj,t1_csypjon,0.4455397727272727,0.4656162790697675,-0.020076506342494804
p_3849,t3_3csg70,t1_csyk6pl,t1_csyj9wf,0.48103825136612044,0.4907195945945945,-0.009681343228474082
p_3850,t3_3csg70,t1_csyjkqi,t1_csyt2k1,0.5043203125,0.49176785714285715,0.012552455357142833
p_3852,t3_3cqwqj,t1_csy6eer,t1_csyclib,0.45826136363636344,0.43794210526315797,0.020319258373205473
p_3853,t3_3cpk6q,t1_csxrzz6,t1_csxtt55,0.5195060975609757,0.5880412371134022,-0.06853513955242652
p_3855,t3_3cp5ze,t1_csxym6c,t1_csynpti,0.4720989010989014,0.4582822085889571,0.013816692509944328
p_3856,t3_3cp5ze,t1_csxnidr,t1_csxornz,0.45736764705882355,0.5001097560975609,-0.042742109038737375
p_3859,t3_3cntuq,t1_csxdzvx,t1_csxc29e,0.45612037037037034,0.4813846153846153,-0.025264245014244957
p_3861,t3_3cm04x,t1_csx5p48,t1_csxeu2k,0.45117777777777773,0.5256470588235294,-0.07446928104575162
p_3862,t3_3clrl2,t1_csx7zrc,t1_csx8zq4,0.51545,0.48688095238095236,0.028569047619047605
p_3863,t3_3cjime,t1_csw3vb7,t1_csw3t7x,0.46426029962546794,0.47463551401869153,-0.010375214393223586
p_3865,t3_3chnd1,t1_csvsvf5,t1_csw6ssk,0.4504325842696629,0.4617792207792206,-0.01134663650955775
p_3866,t3_3ch5ru,t1_csvhoip,t1_csvipb5,0.43604285714285707,0.44086725663716825,-0.004824399494311182
p_3867,t3_3cgwcw,t1_csvjbyd,t1_csvi6d6,0.45776093294460624,0.44914049586776866,0.008620437076837573
p_3868,t3_3cgf0e,t1_cswm70o,t1_csvf90l,0.45650746268656706,0.47233333333333344,-0.015825870646766382
p_3869,t3_3cgb39,t1_csvchfw,t1_csva8ip,0.5151249999999999,0.4924712643678161,0.02265373563218387
p_3871,t3_3cexf4,t1_csvberp,t1_csv33hr,0.4806388888888887,0.4664444444444444,0.014194444444444343
p_3872,t3_3cemxp,t1_csuzkq9,t1_csuwsj4,0.4927857142857143,0.4878783783783785,0.00490733590733583
p_3873,t3_3cccrj,t1_csuafa7,t1_csu9eyk,0.4841422764227642,0.44980303030303026,0.034339246119733935
p_3874,t3_3cayqx,t1_cstvm0f,t1_csunb3m,0.4678354430379749,0.46032812500000003,0.007507318037974886
p_3875,t3_3cayqx,t1_cstvlmi,t1_csuqreg,0.48709883720930236,0.5035772727272726,-0.016478435517970236
p_3877,t3_3cavj4,t1_cstv538,t1_cstveu6,0.44517821782178224,0.4604863013698629,-0.015308083548080664
p_3879,t3_3c98q4,t1_csu2svh,t1_cstm5hj,0.5548166666666667,0.4955841121495328,0.05923255451713394
p_3882,t3_3c7i98,t1_cst34iw,t1_cstc95e,0.45718333333333316,0.4879981132075472,-0.03081477987421405
p_3883,t3_3c7i98,t1_cst4n6b,t1_cssyowf,0.4616111111111111,0.5125526315789474,-0.05094152046783629
p_3884,t3_3c7hdt,t1_cssyep4,t1_cssyplh,0.43027906976744185,0.41300000000000003,0.017279069767441813
p_3885,t3_3c7bxx,t1_cssy476,t1_cssz8bw,0.4548947368421053,0.48285555555555554,-0.02796081871345024
p_3886,t3_3c7bxx,t1_cssx724,t1_cssyebj,0.4835000000000001,0.4783454545454545,0.005154545454545578
p_3887,t3_3c7bxx,t1_csswyf9,t1_cssyx4a,0.4419404761904762,0.4672565789473685,-0.025316102756892278
p_3888,t3_3c79ax,t1_cstmdkn,t1_cst2h3f,0.4709940476190476,0.4484599999999999,0.022534047619047703
p_3889,t3_3c4zj4,t1_cssgey0,t1_cssmoek,0.4643611111111109,0.47782051282051274,-0.013459401709401853
p_3892,t3_3c4ur8,t1_csstz3k,t1_cssgupg,0.40669999999999984,0.4503676470588236,-0.043667647058823755
p_3893,t3_3c4cgb,t1_css5ynt,t1_css4koj,0.46106666666666657,0.5025344827586207,-0.0414678160919541
p_3894,t3_3c1zj9,t1_csrkkl3,t1_csrki9f,0.4929033018867925,0.45039285714285704,0.04251044474393545
p_3895,t3_3c17uc,t1_csrdlff,t1_csrifkt,0.44276789168278524,0.44294262295081965,-0.00017473126803441152
p_3897,t3_3bxmo5,t1_csqhtr5,t1_csql6b1,0.4628114754098361,0.466578947368421,-0.0037674719585849004
p_3898,t3_3bxfo6,t1_csqmc1m,t1_csqifhm,0.48519801980197985,0.5475987654320988,-0.06240074563011899
p_3899,t3_3bvjuk,t1_cspw440,t1_csrek47,0.4295782608695652,0.44664492753623186,-0.017066666666666674
p_3901,t3_3bth79,t1_csq2nx8,t1_cspwvty,0.4502129629629629,0.45591525423728824,-0.005702291274325311
p_3902,t3_3bsou9,t1_csp5h2g,t1_cspiswo,0.4635606060606061,0.48053773584905646,-0.01697712978845034
p_3904,t3_3brtn7,t1_csozaec,t1_csoyw8u,0.43532352941176466,0.43438095238095253,0.0009425770308121306
p_3905,t3_3bqwex,t1_csompka,t1_csomtdh,0.4753283582089553,0.5104861111111112,-0.03515775290215589
p_3906,t3_3bqwex,t1_csorp8q,t1_cson8bj,0.4710686274509804,0.5012798165137613,-0.03021118906278092
p_3908,t3_3bo4jt,t1_cso0zon,t1_csnwp3y,0.4765571428571429,0.5202395833333333,-0.04368244047619041
p_3909,t3_3bnf96,t1_csnpy6t,t1_csnprkc,0.5027142857142858,0.5001944444444444,0.002519841269841394
p_3910,t3_3bnan1,t1_csnruno,t1_csnpv63,0.5038787878787879,0.490609756097561,0.013269031781226903
p_3911,t3_3blafk,t1_csn7a18,t1_csndd8w,0.49674157303370786,0.5082960526315791,-0.011554479597871203
p_3913,t3_3bh98p,t1_csmf3ub,t1_csmc3eh,0.4196785714285714,0.5002592592592593,-0.08058068783068789
p_3914,t3_3bgni1,t1_cslzxdh,t1_cslyqv4,0.45358928571428586,0.4592586206896553,-0.005669334975369422
p_3915,t3_3bfy1c,t1_csls1iv,t1_cslt1od,0.39522000000000007,0.5114500000000001,-0.11623
p_3916,t3_3bfsz3,t1_cslqq37,t1_cslrrds,0.46694827586206894,0.4764090909090909,-0.009460815047021953
p_3917,t3_3bfrve,t1_csmj6kc,t1_cslufx2,0.49263235294117663,0.48531481481481475,0.007317538126361878
p_3920,t3_3be88i,t1_cslgmna,t1_cslflrz,0.5704166666666667,0.5123857142857143,0.05803095238095235
p_3923,t3_3bdv00,t1_csld97c,t1_csl9q5t,0.4587865384615384,0.4875102739726029,-0.028723735511064497
p_3924,t3_3bdv00,t1_csltmou,t1_cslb8xi,0.49064000000000013,0.5567272727272727,-0.0660872727272726
p_3925,t3_3bd8kh,t1_csl6slc,t1_csl587l,0.47481666666666666,0.5511333333333334,-0.0763166666666667
p_3926,t3_3bd8kh,t1_csl5ba1,t1_csl587l,0.4609710144927537,0.5511333333333334,-0.09016231884057968
p_3927,t3_3bcp2n,t1_csl43ts,t1_csl3e30,0.5063223684210526,0.5021,0.0042223684210526136
p_3929,t3_3bc4if,t1_cslj62e,t1_cskt9uf,0.4947405660377358,0.4693949999999999,0.02534556603773591
p_3930,t3_3bbxyv,t1_cskwmb5,t1_cskrtjj,0.48734090909090894,0.5022972972972974,-0.014956388206388505
p_3932,t3_3b7rjo,t1_csjnvbr,t1_csjnx6u,0.4681269841269841,0.47311382113821127,-0.004986837011227152
p_3934,t3_3b60s8,t1_csj6vl4,t1_csj6ucq,0.4072925531914895,0.4416025641025641,-0.03431001091107461
p_3935,t3_3b60s8,t1_csj6qcn,t1_csj6ucq,0.4541825396825397,0.4416025641025641,0.012579975579975589
p_3936,t3_3b5udg,t1_csj5cco,t1_csj62ym,0.4395526315789473,0.49234065934065946,-0.05278802776171215
p_3937,t3_3b3s26,t1_csikhqa,t1_csizt4g,0.5090869565217391,0.498865671641791,0.010221284879948056
p_3938,t3_3b3s26,t1_csinn2z,t1_csilwsy,0.47367894736842103,0.49060714285714274,-0.01692819548872171
p_3940,t3_3b3s26,t1_csj8r3h,t1_csjh1er,0.4726833333333334,0.4639836956521738,0.008699637681159611
p_3943,t3_3aweej,t1_csgl5n3,t1_csgl50z,0.5079696969696971,0.4516250000000001,0.05634469696969696
p_3944,t3_3aw1uk,t1_csghmnt,t1_csghmsc,0.4847374999999999,0.4875588235294118,-0.0028213235294119454
p_3945,t3_3avhws,t1_csgfhi0,t1_csh8ors,0.4182808988764046,0.45700625000000006,-0.03872535112359543
p_3947,t3_3atkce,t1_csgbg47,t1_csfw4e2,0.4827954545454545,0.4615785340314134,0.021216920514041115
p_3948,t3_3atkce,t1_csfy1wp,t1_csfynp2,0.4930675675675674,0.43459259259259264,0.05847497497497478
p_3951,t3_3asyzb,t1_csfojsx,t1_csfoidu,0.45200909090909086,0.5022931034482759,-0.050284012539185075
p_3949,t3_3asyzb,t1_csfoiyw,t1_csfp13b,0.5122916666666666,0.4404166666666668,0.0718749999999998
p_3952,t3_3argex,t1_csfb50r,t1_csf9txd,0.4648255813953488,0.4811854838709678,-0.016359902475619026
p_3953,t3_3argex,t1_csf9rhm,t1_csfa4gt,0.41886363636363644,0.40173076923076917,0.01713286713286727
p_3954,t3_3aq0ij,t1_cseyfmf,t1_csf3dvk,0.5269776119402986,0.5517573529411767,-0.024779741000878097
p_3955,t3_3apczi,t1_cseq9zw,t1_csf36xd,0.4931666666666665,0.42575735294117634,0.06740931372549014
p_3956,t3_3anzqm,t1_cseek90,t1_csf57m7,0.4731066481994461,0.48662980769230757,-0.01352315949286148
p_3958,t3_3anfy4,t1_csezvw7,t1_csfvxf5,0.4954095238095235,0.45278472222222227,0.04262480158730125
p_3959,t3_3amks3,t1_cse04e1,t1_cse06yf,0.4368395061728395,0.452735294117647,-0.015895787944807505
p_3960,t3_3amks3,t1_cse088c,t1_csdzw5z,0.44107065217391295,0.4468108108108107,-0.005740158636897752
p_3961,t3_3amjrk,t1_cse2b43,t1_cse2e1a,0.44812893081760996,0.46061728395061713,-0.012488353133007168
p_3963,t3_3ajn0a,t1_csda1xc,t1_csd7usc,0.5421481481481479,0.5247575757575758,0.01739057239057218
p_3964,t3_3ajaa6,t1_csd6bdb,t1_csdib45,0.49328333333333335,0.48892857142857143,0.004354761904761917
p_3965,t3_3aimk2,t1_csd7mip,t1_csd1vz4,0.4356256476683938,0.4646285714285714,-0.0290029237601776
p_3966,t3_3afuie,t1_csc8p2d,t1_cscbdx0,0.5504516129032259,0.48637711864406785,0.06407449425915801
p_3967,t3_3acxa4,t1_csbkvf8,t1_csbgdpk,0.4582574257425746,0.4545322580645161,0.0037251676780585274
p_3968,t3_3aco44,t1_csblx8d,t1_csbjlck,0.46167187499999995,0.45092682926829275,0.010745045731707203
p_3969,t3_3acm0d,t1_csbe584,t1_csbdx0v,0.4608333333333334,0.48202941176470615,-0.021196078431372778
p_3971,t3_3abfdn,t1_csb9hv6,t1_csb2as0,0.47645070422535224,0.4341301369863016,0.042320567239050644
p_3972,t3_3abaqq,t1_csb38zu,t1_csb0t4r,0.4484576719576717,0.46389177489177486,-0.015434102934103133
p_3976,t3_3a8arj,t1_csb25uo,t1_csa740s,0.46204545454545437,0.5007903225806452,-0.03874486803519078
p_3975,t3_3a8arj,t1_csa7uvc,t1_csag2ec,0.5481551724137934,0.5480784313725492,7.674104124422154e-05
p_3977,t3_3a7ys8,t1_csa4ppt,t1_csakjm1,0.4915223880597015,0.49601923076923077,-0.0044968427095292696
p_3978,t3_3a7ys8,t1_csa41uf,t1_csakjm1,0.43431249999999993,0.49601923076923077,-0.06170673076923083
p_3979,t3_3a7ys8,t1_csa7eao,t1_csaftry,0.4075230769230768,0.4250149253731343,-0.017491848450057468
p_3980,t3_3a6yg4,t1_cs9xgqf,t1_csaitas,0.45827083333333335,0.46598484848484867,-0.007714015151515319
p_3981,t3_3a6sfg,t1_cs9tnoi,t1_cs9t2mb,0.4275064935064936,0.3592115384615384,0.0682949550449552
p_3982,t3_3a6sfg,t1_cs9u81l,t1_csa0tu8,0.39031645569620266,0.4106666666666666,-0.020350210970463967
p_3983,t3_3a6sfg,t1_cs9uuka,t1_cs9v38y,0.4366627906976742,0.41451515151515145,0.02214763918252277
p_3985,t3_3a6sfg,t1_cs9ty4c,t1_cs9tcqo,0.4169370860927153,0.45020967741935475,-0.033272591326639456
p_3984,t3_3a6sfg,t1_cs9tqur,t1_csa781a,0.39469402985074636,0.3949615384615384,-0.00026750861079205546
p_3986,t3_3a6sfg,t1_csacapm,t1_cs9wsj6,0.41387500000000005,0.4123589743589744,0.0015160256410256534
p_3987,t3_3a6nix,t1_cs9ymgy,t1_cs9xs4k,0.4925238095238096,0.48176250000000004,0.010761309523809548
p_3988,t3_3a6nix,t1_csa3hjg,t1_cs9xpu5,0.4234117647058822,0.46325495049504956,-0.039843185789167346
p_3989,t3_3a47yn,t1_cs96cyo,t1_cs96mzz,0.49296511627906975,0.4059305555555554,0.08703456072351434
p_3990,t3_3a44py,t1_cs97753,t1_cs95esh,0.4866759999999999,0.442029411764706,0.04464658823529388
p_3991,t3_3a44py,t1_cs94osm,t1_cs95esh,0.45226415094339634,0.442029411764706,0.010234739178690333
p_3992,t3_3a44py,t1_cs95hzu,t1_cs95esh,0.5232272727272728,0.442029411764706,0.08119786096256676
p_3996,t3_3a2kst,t1_cs8otu7,t1_cs8qjhb,0.4844644444444446,0.4701800000000001,0.014284444444444488
p_3997,t3_3a2kps,t1_cs8oy5s,t1_cs8pl4s,0.49270689655172417,0.5257236842105263,-0.033016787658802116
p_3998,t3_3a2kps,t1_cs8w2yw,t1_cs8voy5,0.4456386554621849,0.5749038461538462,-0.12926519069166126
p_3999,t3_3a27yg,t1_cs8nx8v,t1_cs8njw2,0.5072083333333333,0.45742105263157906,0.0497872807017542
p_4000,t3_3a27yg,t1_cs8u90i,t1_cs8z4yz,0.4805600000000001,0.453,0.027560000000000084
p_4001,t3_3a27yg,t1_cs98bq1,t1_cs8lemy,0.46224281150159696,0.46995089285714287,-0.007708081355545904
p_4002,t3_3a1zva,t1_cs8kcyk,t1_cs8k3ho,0.4270073529411765,0.42238461538461536,0.004622737556561118
p_4003,t3_3a1llw,t1_cs8f5f6,t1_cs8grh5,0.4339428571428573,0.49019791666666657,-0.05625505952380927
p_4004,t3_3a1llw,t1_cs8otpf,t1_cs8epuj,0.4588728813559322,0.4945961538461538,-0.035723272490221614
p_4006,t3_39y3l4,t1_cs7hm0x,t1_cs7hrpe,0.4776181818181817,0.5243727272727273,-0.046754545454545604
p_4007,t3_39xc0u,t1_cs7s05a,t1_cs7ksi5,0.45443474576271126,0.4735971074380165,-0.019162361675305217
p_4008,t3_39vjw8,t1_cs6yty8,t1_cs75jk8,0.4676884057971015,0.49282786885245905,-0.025139463055357525
p_4009,t3_39tm84,t1_cs6dg04,t1_cs6p5zn,0.4581035502958579,0.419840579710145,0.03826297058571293
p_4010,t3_39rlhg,t1_cs604vg,t1_cs5u7z4,0.41535576923076933,0.43322023809523796,-0.01786446886446863
p_4011,t3_39rlhg,t1_cs61rw2,t1_cs5u7z4,0.468692878338279,0.43322023809523796,0.03547264024304103
p_4012,t3_39r7s6,t1_cs5qjkd,t1_cs5pexs,0.42927717391304343,0.4533166666666667,-0.02403949275362327
p_4013,t3_39pwzl,t1_cs5e1x6,t1_cs5dyl3,0.44459036144578307,0.44796739130434793,-0.0033770298585648617
p_4015,t3_39o24x,t1_cs51oox,t1_cs53w1p,0.44665333333333335,0.5308888888888889,-0.08423555555555551
p_4019,t3_39o24x,t1_cs519gf,t1_cs53w1p,0.52059375,0.5308888888888889,-0.010295138888888888
p_4018,t3_39o24x,t1_cs51cou,t1_cs51mes,0.5124347826086957,0.507375,0.005059782608695662
p_4020,t3_39mibw,t1_cs4mto6,t1_cs4n3wq,0.45670491803278684,0.4963289473684212,-0.03962402933563436
p_4022,t3_39mgic,t1_cs4lprf,t1_cs6cp67,0.4428695652173913,0.44721874999999994,-0.0043491847826086505
p_4024,t3_39kdu2,t1_cs44pon,t1_cs433uj,0.45347580645161295,0.4128,0.04067580645161295
p_4025,t3_39jwup,t1_cs46pqo,t1_cs4a7ru,0.4813640552995394,0.49377893175074145,-0.01241487645120204
p_4026,t3_39int7,t1_cs3rx5b,t1_cs3s38w,0.4474504132231407,0.4485,-0.0010495867768592904
p_4027,t3_39int7,t1_cs3qpta,t1_cs3s2nm,0.3898823529411764,0.46481578947368424,-0.07493343653250784
p_4028,t3_39gzr7,t1_cs3agsc,t1_cs3ibde,0.4079375000000001,0.43973913043478274,-0.031801630434782624
p_4029,t3_39gecw,t1_cs34hhp,t1_cs34bq6,0.4973965517241378,0.53134,-0.03394344827586221
p_4032,t3_39fdgq,t1_cs2vs00,t1_cs3vhdu,0.4447384615384616,0.44952702702702696,-0.004788565488565377
p_4034,t3_39cnaw,t1_cs2c2cg,t1_cs2ak8s,0.48465476190476164,0.494453125,-0.00979836309523835
p_4037,t3_39an4v,t1_cs1rnz3,t1_cs1qvzv,0.4204893617021277,0.4411666666666667,-0.02067730496453901
p_4038,t3_3973q1,t1_cs0zdjz,t1_cs0x3jw,0.3935542168674699,0.4299285714285714,-0.036374354561101496
p_4040,t3_396i03,t1_cs0u4rr,t1_cs1pfx6,0.5865769230769232,0.5463521126760565,0.04022481040086667
p_4041,t3_396ds4,t1_cs0r30x,t1_cs0rkfk,0.3922407407407406,0.3910612244897959,0.001179516250944701
p_4042,t3_396ds4,t1_cs0pu9z,t1_cs0rkfk,0.41314062500000004,0.3910612244897959,0.022079400510204128
p_4045,t3_394d49,t1_cs0kixk,t1_cs0kzwk,0.4369285714285716,0.4250900000000001,0.011838571428571532
p_4046,t3_393acp,t1_cs0gkne,t1_cs03ftc,0.49800000000000005,0.4853548387096776,0.012645161290322449
p_4047,t3_391syd,t1_crzm90i,t1_crzmejp,0.5052927927927929,0.4466634615384616,0.05862933125433134
p_4050,t3_38x3jr,t1_cryip44,t1_crys2g6,0.4368084112149532,0.4860921052631578,-0.04928369404820465
p_4051,t3_38wxwu,t1_cryi2ij,t1_crygq09,0.5142624999999998,0.47793548387096785,0.036327016129032
p_4052,t3_38wrju,t1_crygoz5,t1_cryxmv8,0.5107321428571429,0.47910869565217384,0.03162344720496901
p_4054,t3_38s7v1,t1_crxxvxw,t1_crxhlos,0.47503243243243237,0.4589108527131783,0.016121579719254098
p_4056,t3_38qcbx,t1_crx7b22,t1_crx75t9,0.5230743243243243,0.45466326530612233,0.06841105901820199
p_4057,t3_38pbd5,t1_crwsbqv,t1_crxjvmc,0.4322088607594935,0.4238571428571428,0.008351717902350675
p_4060,t3_38nv4x,t1_crwj8qj,t1_crwnz8i,0.4911393442622951,0.4599,0.031239344262295132
p_4061,t3_38nv4x,t1_crwoni8,t1_crwub6q,0.46953409090909104,0.48688888888888876,-0.01735479797979772
p_4062,t3_38lqjc,t1_crvzt6q,t1_crvzmx5,0.4761808510638298,0.4914521276595744,-0.01527127659574462
p_4063,t3_38kv3z,t1_crwg43c,t1_crxycdw,0.4563253968253967,0.4119901960784313,0.0443352007469654
p_4064,t3_38ks5m,t1_crvtej9,t1_crvxmr6,0.438831730769231,0.509,-0.07016826923076902
p_4065,t3_38jijq,t1_crvigw7,t1_crvi4ft,0.4813101265822783,0.48350000000000004,-0.002189873417721755
p_4068,t3_38hvec,t1_crv5pod,t1_crva2wu,0.48151197604790424,0.4835,-0.001988023952095741
p_4070,t3_38hvec,t1_crvb81l,t1_crvbp5u,0.6079999999999999,0.5260238095238096,0.08197619047619031
p_4071,t3_38esaa,t1_cruufn4,t1_cruhp7v,0.4243939393939395,0.49971428571428567,-0.07532034632034618
p_4072,t3_38ehc6,t1_crug3c6,t1_cruge8m,0.4962967032967031,0.47368965517241385,0.022607048124289264
p_4073,t3_38ehc6,t1_crufbnb,t1_cruge8m,0.4448425925925927,0.47368965517241385,-0.02884706257982117
p_4074,t3_38b3d9,t1_crtqxff,t1_crtzoqd,0.46009649122807006,0.5105032051282051,-0.05040671390013507
p_4075,t3_38ah82,t1_crtkrsw,t1_crtl6k2,0.4968205128205128,0.4635338983050848,0.033286614515428026
p_4078,t3_3856c4,t1_crsfw83,t1_crsdpxt,0.43067543859649116,0.4262708333333334,0.004404605263157779
p_4079,t3_383qcb,t1_crs0xzi,t1_crs1phn,0.5067741935483872,0.46608974358974353,0.04068444995864362
p_4080,t3_383qcb,t1_crs37s2,t1_crs5obi,0.47151086956521737,0.48205597014925383,-0.01054510058403646
p_4081,t3_382uqn,t1_crrvd7b,t1_crsvp2m,0.48648717948717946,0.42962499999999987,0.05686217948717959
p_4084,t3_382uqn,t1_crsgxg7,t1_crsvp2m,0.46487878787878795,0.42962499999999987,0.03525378787878808
p_4085,t3_381ey6,t1_crrlwhm,t1_crrsigq,0.47089473684210525,0.48678571428571427,-0.01589097744360901
p_4086,t3_381ey6,t1_crrj8n5,t1_crrl2sb,0.4792051282051283,0.4912790697674416,-0.01207394156231334
p_4087,t3_381ey6,t1_crrj6x9,t1_crrsoh1,0.4608842975206612,0.47976666666666673,-0.01888236914600555
p_4088,t3_3814fe,t1_crs7vs7,t1_crrr3vr,0.46379999999999993,0.4139999999999999,0.04980000000000001
p_4089,t3_3814fe,t1_crrqjbh,t1_crrr3vr,0.48268571428571433,0.4139999999999999,0.0686857142857144
p_4090,t3_37ypcc,t1_crqzfaw,t1_crrcx9w,0.46849999999999997,0.4957972972972973,-0.02729729729729735
p_4092,t3_37x4xe,t1_crqnq2r,t1_crqlwke,0.4845806451612904,0.4603909090909091,0.02418973607038133
p_4095,t3_37ug2e,t1_crpxli7,t1_crpxq2o,0.4995086206896552,0.4700222222222223,0.029486398467432895
p_4096,t3_37u8cs,t1_crpxfwt,t1_crq0vt4,0.4696416666666667,0.4510927419354837,0.01854892473118297
p_4098,t3_37te7r,t1_crq15b7,t1_crpr6qy,0.4210357142857142,0.3980535714285714,0.022982142857142784
p_4100,t3_37scpk,t1_crpm7rq,t1_crphi3e,0.4441891891891893,0.41339999999999993,0.03078918918918938
p_4099,t3_37scpk,t1_crpjym2,t1_crpj42q,0.4587629310344828,0.4159196428571428,0.04284328817734001
p_4101,t3_37r5aa,t1_crp4yya,t1_crp52u5,0.43753846153846154,0.4813372093023257,-0.043798747763864165
p_4102,t3_37p0d8,t1_crolmg0,t1_cros9jk,0.4492433628318585,0.4625694444444444,-0.013326081612585916
p_4103,t3_37p0d8,t1_crolte5,t1_cror8od,0.49851976284584987,0.4849029850746268,0.013616777771223054
p_4105,t3_37okwz,t1_crol9eo,t1_crohrkg,0.46754000000000007,0.47285135135135137,-0.005311351351351301
p_4104,t3_37okwz,t1_croli1i,t1_croiuun,0.48083223684210563,0.5023648648648648,-0.021532628022759126
p_4107,t3_37nxjn,t1_crotvnl,t1_crobn4e,0.4725762711864407,0.5449732142857143,-0.07239694309927364
p_4108,t3_37nv7l,t1_crobgcl,t1_croatus,0.4500090909090908,0.5059365079365078,-0.05592741702741699
p_4109,t3_37nv7l,t1_crod5fw,t1_crobejx,0.44450961538461525,0.5014605263157894,-0.05695091093117416
p_4113,t3_37jfl3,t1_crn7z3i,t1_crn9n8h,0.4453310344827587,0.4662712264150942,-0.02094019193233554
p_4114,t3_37jfl3,t1_cro542n,t1_crn9n8h,0.4440411764705883,0.4662712264150942,-0.022230049944505947
p_4115,t3_37jfl3,t1_crn8fep,t1_crnb7qs,0.425515306122449,0.45705263157894754,-0.031537325456498566
p_4116,t3_37j0tw,t1_crnmek9,t1_crn4uka,0.5183514851485148,0.46866384180790954,0.04968764334060527
p_4117,t3_37i8f6,t1_crn97hc,t1_crn6u5k,0.46773791821561345,0.48914141414141427,-0.02140349592580082
p_4119,t3_37i8f6,t1_crnc1m6,t1_crn6u5k,0.4671260869565217,0.48914141414141427,-0.022015327184892575
p_4122,t3_37h70b,t1_crnpv8h,t1_crmnqm8,0.4572155172413794,0.42975,0.027465517241379356
p_4124,t3_37h2pb,t1_crmzdc2,t1_crn24i7,0.4349185185185185,0.4273327205882353,0.007585797930283189
p_4125,t3_37gzdo,t1_crmlb6i,t1_crml5su,0.46094444444444443,0.48492857142857143,-0.023984126984126997
p_4127,t3_37gzdo,t1_crn13m3,t1_crmleve,0.45664492753623187,0.4823723404255318,-0.025727412889299917
p_4126,t3_37gzdo,t1_crmpjd9,t1_crmq520,0.46491379310344827,0.5040689655172413,-0.03915517241379307
p_4128,t3_37gq9y,t1_crmtqyf,t1_crmj7w5,0.48766101694915265,0.4980148514851482,-0.010353834535995532
p_4129,t3_37fpzj,t1_crmgunx,t1_crmev4y,0.43616393442622947,0.4164736842105265,0.019690250215702976
p_4130,t3_37e6il,t1_crlxhoh,t1_crlycu1,0.48230952380952374,0.4905555555555555,-0.008246031746031779
p_4131,t3_37e6il,t1_crmbvpl,t1_crmbrw9,0.47897163120567393,0.4816964285714285,-0.0027247973657545943
p_4132,t3_37c5ei,t1_crmai65,t1_crlk9hq,0.44673237597911236,0.47412321792260725,-0.027390841943494892
p_4133,t3_37b2pr,t1_crlhcyw,t1_crld5qe,0.4242216216216215,0.4449028169014086,-0.020681195279787068
p_4134,t3_37956u,t1_crku1nj,t1_crktasi,0.4437620689655172,0.4163843283582089,0.0273777406073083
p_4136,t3_376s9u,t1_crkaoej,t1_crk67b4,0.44214830508474556,0.5297241379310345,-0.08757583284628889
p_4137,t3_376s9u,t1_crkcdfq,t1_crk61cm,0.4645175438596492,0.44335416666666655,0.02116337719298267
p_4138,t3_375cgq,t1_crjtlue,t1_crkdcxu,0.4801716417910447,0.47194594594594586,0.008225695845098857
p_4139,t3_375cgq,t1_crju8kq,t1_crju0u6,0.46980232558139523,0.4869703703703704,-0.017168044788975156
p_4140,t3_374p4i,t1_crjo7t9,t1_crjoxub,0.5033442622950819,0.4704356435643568,0.03290861873072509
p_4141,t3_373lxk,t1_crjfcxr,t1_crjh3wk,0.44753082191780813,0.47683043478260856,-0.02929961286480043
p_4146,t3_371vcx,t1_crj0j6i,t1_crj1d9h,0.4696279069767442,0.4982380952380952,-0.028610188261350977
p_4147,t3_371t9v,t1_criyct1,t1_criz1vm,0.4843139534883717,0.572155172413793,-0.0878412189254213
p_4148,t3_371jts,t1_crj5qge,t1_crj0124,0.5142878787878787,0.44789361702127656,0.06639426176660218
p_4149,t3_371iek,t1_criw393,t1_criw4gt,0.4724639175257733,0.4379705882352941,0.03449332929047921
p_4151,t3_37131i,t1_crit8xo,t1_crise8t,0.5406195652173913,0.4603366336633664,0.08028293155402488
p_4152,t3_37131i,t1_crizuk3,t1_crise8t,0.5410148936170214,0.4603366336633664,0.08067825995365496
p_4153,t3_370rik,t1_crj6cfx,t1_crj8cj7,0.44266279069767445,0.41822941176470574,0.024433378932968708
p_4154,t3_36wmyv,t1_crhsd0m,t1_crhpets,0.43162500000000004,0.4591800000000001,-0.02755500000000005
p_4155,t3_36utu6,t1_crhapyz,t1_crhjyof,0.47446276595744674,0.4906916666666666,-0.01622890070921984
p_4156,t3_36utu6,t1_crh9yic,t1_crhhhv0,0.44826724137931023,0.48014285714285715,-0.031875615763546916
p_4157,t3_36utu6,t1_crhghlc,t1_crhhhv0,0.4646896551724139,0.48014285714285715,-0.015453201970443253
p_4158,t3_36utu6,t1_crhdevz,t1_crhc46p,0.4398044554455444,0.44413684210526305,-0.0043323866597186345
p_4159,t3_36utu6,t1_crhsu1b,t1_crhjyof,0.4561453488372094,0.4906916666666666,-0.03454631782945716
p_4160,t3_36utu6,t1_crhkv7d,t1_crhubbh,0.46270382165605073,0.4498500000000002,0.012853821656050535
p_4161,t3_36utu6,t1_crhdith,t1_crhc46p,0.4377023809523809,0.44413684210526305,-0.006434461152882154
p_4163,t3_36u3s6,t1_crh9c6f,t1_crh4b3c,0.39909375,0.3840175438596491,0.015076206140350934
p_4164,t3_36tyf9,t1_crh4v0f,t1_crh37pw,0.4530035460992909,0.4580931372549018,-0.0050895911556109175
p_4165,t3_36t890,t1_crgxzpm,t1_crhepb2,0.4279673913043478,0.4646014492753623,-0.03663405797101449
p_4166,t3_36rxl7,t1_crlw8uo,t1_crgw0wb,0.4594210526315789,0.45994531249999987,-0.0005242598684209732
p_4168,t3_36r305,t1_crgcbrk,t1_crgb0m6,0.42634615384615376,0.43164516129032254,-0.0052990074441687796
p_4169,t3_36r305,t1_crgbung,t1_crgk9p9,0.4727931034482758,0.4078469387755103,0.06494616467276548
p_4170,t3_36r305,t1_crgbjl7,t1_crgfecc,0.3842142857142856,0.45169230769230767,-0.06747802197802205
p_4171,t3_36r305,t1_crgf3i9,t1_crgfecc,0.37919811320754726,0.45169230769230767,-0.07249419448476041
p_4172,t3_36r305,t1_crgfk2y,t1_crgfecc,0.3987777777777778,0.45169230769230767,-0.052914529914529884
p_4175,t3_36nz4d,t1_crfsbub,t1_crfkxmv,0.5539310344827585,0.43800000000000006,0.11593103448275843
p_4176,t3_36nz4d,t1_crfn04f,t1_crfnywz,0.49601754385964925,0.517327205882353,-0.02130966202270379
p_4177,t3_36ncax,t1_crfgebl,t1_crffh1u,0.40980303030303034,0.4501666666666667,-0.04036363636363638
p_4180,t3_36iee8,t1_cre9a2g,t1_cretabl,0.45610666666666655,0.4669748062015506,-0.010868139534884025
p_4181,t3_36iee8,t1_crez4hc,t1_cretabl,0.45156148491879333,0.4669748062015506,-0.015413321282757242
p_4182,t3_36htjx,t1_cre64ad,t1_cre4lsx,0.4801509433962264,0.47310119047619037,0.007049752920036012
p_4187,t3_36gp4w,t1_crdult8,t1_cree54y,0.4811874999999999,0.46890322580645155,0.012284274193548328
p_4188,t3_36fnl9,t1_crdkebp,t1_crdk3ku,0.42460465116279084,0.41200000000000014,0.012604651162790692
p_4189,t3_36fllr,t1_cre4905,t1_crdk6ds,0.49030357142857145,0.4434183673469386,0.046885204081632825
p_4190,t3_36eadt,t1_crd7ceh,t1_crdmuo9,0.46071232876712326,0.5172068965517241,-0.05649456778460088
p_4191,t3_36dprt,t1_crd5jwj,t1_crd60jm,0.4589568965517241,0.46795967741935457,-0.009002780867630455
p_4192,t3_36ckmk,t1_crcyaft,t1_crcrx2m,0.46768835616438337,0.47155421686746984,-0.0038658607030864767
p_4193,t3_36cadv,t1_crd31fu,t1_crcyh42,0.5195111111111111,0.528858490566038,-0.009347379454926807
p_4195,t3_36az4a,t1_crccjno,t1_crcd94m,0.4347499999999999,0.5264943820224719,-0.09174438202247198
p_4196,t3_36az4a,t1_crcdumw,t1_crcd94m,0.4666842105263158,0.5264943820224719,-0.059810171496156084
p_4203,t3_366935,t1_crb48sd,t1_crb93o7,0.45341304347826084,0.4587904411764705,-0.005377397698209663
p_4204,t3_366935,t1_crb5ovt,t1_crb4po1,0.4550940860215054,0.48315714285714284,-0.028063056835637423
p_4205,t3_366935,t1_crb3q3x,t1_crb93o7,0.4728885350318472,0.4587904411764705,0.014098093855376692
p_4207,t3_3633hr,t1_cracfoy,t1_craetek,0.5224833333333335,0.4835793650793652,0.0389039682539683
p_4213,t3_362xxo,t1_craazhe,t1_cra7vj8,0.49053409090909095,0.4735,0.01703409090909097
p_4212,t3_362xxo,t1_cra91kz,t1_cra8egz,0.4417528301886793,0.4859308510638298,-0.04417802087515055
p_4208,t3_362xxo,t1_cra9nj2,t1_cra8egz,0.45381547619047624,0.4859308510638298,-0.032115374873353586
p_4209,t3_362xxo,t1_cra9bnt,t1_cra8egz,0.4592542372881355,0.4859308510638298,-0.026676613775694302
p_4214,t3_362xxo,t1_crabevn,t1_cra82mu,0.4006388888888889,0.5311384615384617,-0.1304995726495728
p_4211,t3_362xxo,t1_cra8ccq,t1_cra85vs,0.440452380952381,0.4783467741935483,-0.037894393241167335
p_4215,t3_361st8,t1_cr9wx17,t1_craeuvo,0.5090913978494624,0.5010192307692308,0.008072167080231618
p_4216,t3_361st8,t1_cra0mwx,t1_cra9gv9,0.5005337837837839,0.4863823529411766,0.014151430842607282
p_4217,t3_361st8,t1_craiwvx,t1_cra9gv9,0.4949621212121213,0.4863823529411766,0.008579768270944699
p_4218,t3_361cys,t1_cr9yzkw,t1_cr9y5g8,0.4911766561514198,0.5007,-0.009523343848580224
p_4219,t3_361cys,t1_cr9xgc0,t1_cr9t6qc,0.4764553571428571,0.4620185185185185,0.014436838624338588
p_4220,t3_360lwk,t1_cr9nixj,t1_cr9oak1,0.4408779761904761,0.4414054054054055,-0.0005274292149294313
p_4221,t3_360du5,t1_cr9k2gr,t1_cr9jhq4,0.472071875,0.45652173913043476,0.015550135869565218
p_4222,t3_35zzer,t1_cr9gnue,t1_cr9i6m0,0.4260061728395061,0.43856444444444465,-0.012558271604938553
p_4223,t3_35zi4m,t1_cr9bdwl,t1_cr9fc4y,0.4237654320987654,0.5042333333333333,-0.08046790123456793
p_4224,t3_35zguh,t1_cr9iv5x,t1_cr9h75a,0.4666739130434782,0.48487566137566135,-0.018201748332183132
p_4226,t3_35z1es,t1_cr96tzb,t1_cr9571k,0.4539382716049383,0.44012068965517237,0.013817581949765956
p_4227,t3_35z1es,t1_cr99c3w,t1_cr9d0dl,0.47747814207650296,0.49129720279720257,-0.013819060720699605
p_4228,t3_35y0qf,t1_cr8wgnx,t1_cr8vi2j,0.4358078703703704,0.4597152317880795,-0.023907361417709105
p_4229,t3_35wjd8,t1_cr8v07h,t1_cr8jbs1,0.5235560344827586,0.5389038461538461,-0.015347811671087563
p_4230,t3_35w8v2,t1_cr8f3v2,t1_cr8f9ax,0.47507692307692306,0.43035606060606046,0.0447208624708626
p_4231,t3_35w8v2,t1_cr8irdf,t1_cr8gplq,0.42006521739130437,0.4569659090909091,-0.03690069169960475
p_4233,t3_35toyd,t1_cr7qd1b,t1_cr85c8b,0.44480000000000003,0.47596875,-0.031168749999999967
p_4234,t3_35toyd,t1_cr7oo3y,t1_cr7xf53,0.4783,0.4797906976744185,-0.0014906976744185063
p_4235,t3_35sw2p,t1_cr7kk4p,t1_cr7ne8m,0.4685590551181103,0.48711728395061754,-0.01855822883250724
p_4237,t3_35s5bb,t1_cr7fgpo,t1_cr7juob,0.5367346938775511,0.5301768292682926,0.006557864609258557
p_4240,t3_35ruv5,t1_cr7clfr,t1_cr7cinv,0.5019222222222223,0.47361111111111115,0.02831111111111112
p_4239,t3_35ruv5,t1_cr7bycz,t1_cr7d0y4,0.4875029069767444,0.49332530120481943,-0.005822394228075012
p_4241,t3_35peeu,t1_cr6ssh1,t1_cr7l53q,0.43583953488372085,0.42945355191256834,0.006385982971152504
p_4242,t3_35oag9,t1_cr6dn1m,t1_cr6gxvj,0.4613953488372093,0.44582828282828285,0.015567066008926433
p_4243,t3_35oag9,t1_cr6m2hi,t1_cr6gxvj,0.4929052631578945,0.44582828282828285,0.04707698032961166
p_4244,t3_35mgfp,t1_cr5tt2i,t1_cr68z3e,0.39492990654205623,0.41098148148148145,-0.016051574939425217
p_4245,t3_35mgfp,t1_cr61twj,t1_cr5t999,0.4075689655172415,0.41098684210526326,-0.0034178765880217843
p_4246,t3_35mgfp,t1_cr5rof8,t1_cr68z3e,0.4549848484848486,0.41098148148148145,0.044003367003367155
p_4247,t3_35md5x,t1_cr5qlbl,t1_cr6fywq,0.5011956521739132,0.43464374999999994,0.06655190217391321
p_4249,t3_35k9i9,t1_cr5buw4,t1_cr5km5t,0.47098739495798314,0.42456818181818173,0.04641921313980141
p_4252,t3_35gi8x,t1_cr4ky6p,t1_cr49czs,0.5276309523809525,0.46332692307692314,0.06430402930402934
p_4253,t3_35gi8x,t1_cr4s724,t1_cr49czs,0.4746045454545455,0.46332692307692314,0.011277622377622365
p_4254,t3_35foy9,t1_cr3z6dk,t1_cr4asiu,0.48008994708994707,0.4567325581395351,0.02335738895041195
p_4257,t3_35foy9,t1_cr3z34g,t1_cr46bgq,0.47976315789473684,0.5029241379310346,-0.023160980036297796
p_4258,t3_35foy9,t1_cr45f27,t1_cr4asiu,0.4710932203389832,0.4567325581395351,0.014360662199448093
p_4260,t3_35fjb1,t1_cr49j5s,t1_cr3xa7x,0.48965,0.4062068965517241,0.08344310344827588
p_4262,t3_35bc4b,t1_cr2suj3,t1_cr2s3nt,0.44393564356435633,0.4803623853211008,-0.036426741756744485
p_4263,t3_35bc4b,t1_cr2sadm,t1_cr2soeg,0.4919571428571428,0.4682910447761194,0.023666098081023434
