pair_id,root_id,success_id,failure_id,frac_definite_articles_success,frac_definite_articles_failure,difference_success_minus_failure
p_1,t3_2ro9ux,t1_cnhplrm,t1_cnhqcwz,0.07228915662650602,0.022727272727272728,0.04956188389923329
p_2,t3_2ro0ti,t1_cnhuxye,t1_cnhowj2,0.07462686567164178,0.0297029702970297,0.04492389537461208
p_3,t3_2rnr30,t1_cni3o83,t1_cnhlmdo,0.028662420382165606,0.06387665198237885,-0.035214231600213246
p_5,t3_2rnfn0,t1_cnigfd9,t1_cnhjtqq,0.03980099502487562,0.08716707021791767,-0.04736607519304205
p_6,t3_2rmy6e,t1_cnhc8a5,t1_cnhmkxc,0.027700831024930747,0.0518783542039356,-0.024177523179004852
p_7,t3_2rmy6e,t1_cnhjqws,t1_cnhmkxc,0.022813688212927757,0.0518783542039356,-0.02906466599100784
p_11,t3_2rkzen,t1_cngw4hp,t1_cnhjlf9,0.018867924528301886,0.05405405405405406,-0.035186129525752174
p_12,t3_2rkjr3,t1_cngqb7p,t1_cnhhz9u,0.04451038575667656,0.03875968992248062,0.005750695834195942
p_13,t3_2rk7my,t1_cngooa8,t1_cngpiso,0.0,0.024242424242424242,-0.024242424242424242
p_14,t3_2rk7my,t1_cngoaq7,t1_cngoke7,0.07272727272727272,0.06451612903225806,0.008211143695014661
p_15,t3_2rgs7o,t1_cngkdic,t1_cnfu7mt,0.01990049751243781,0.017699115044247787,0.002201382468190023
p_18,t3_2rd7mg,t1_cnetiqi,t1_cnfbr75,0.026578073089700997,0.060109289617486336,-0.03353121652778534
p_19,t3_2rd7mg,t1_cnethg8,t1_cnevo8r,0.030303030303030304,0.021505376344086023,0.00879765395894428
p_20,t3_2rcsdh,t1_cneonwb,t1_cnerq8q,0.0660377358490566,0.06190476190476191,0.004132973944294696
p_21,t3_2rcsdh,t1_cnepre9,t1_cneta9f,0.013071895424836602,0.05319148936170213,-0.040119593936865525
p_22,t3_2rcsdh,t1_cnerrix,t1_cnerq8q,0.022727272727272728,0.06190476190476191,-0.03917748917748918
p_24,t3_2rcpqy,t1_cnen833,t1_cneniy0,0.05660377358490566,0.07547169811320754,-0.018867924528301883
p_25,t3_2rc3p3,t1_cnelqn6,t1_cnejze0,0.03691275167785235,0.03017241379310345,0.006740337884748902
p_26,t3_2rawgb,t1_cneyhn7,t1_cnerfm7,0.03629976580796253,0.05142083897158322,-0.015121073163620692
p_28,t3_2r7f0g,t1_cnd8t6p,t1_cnd4xb4,0.03827751196172249,0.09395973154362416,-0.05568221958190168
p_29,t3_2r6fw9,t1_cnczhfc,t1_cncxwgs,0.08547008547008547,0.03333333333333333,0.05213675213675214
p_30,t3_2r6a86,t1_cncxf4c,t1_cncxj5i,0.03480278422273782,0.05314009661835749,-0.01833731239561967
p_31,t3_2r6a86,t1_cncz7ep,t1_cnd1czm,0.059447983014861996,0.050933786078098474,0.008514196936763523
p_32,t3_2r6a86,t1_cncx9n7,t1_cnd9u6t,0.05394190871369295,0.06321839080459771,-0.009276482090904759
p_33,t3_2r5o9o,t1_cncqcjt,t1_cncwesf,0.06451612903225806,0.03636363636363636,0.0281524926686217
p_34,t3_2r5o9o,t1_cncp4k9,t1_cncvoxh,0.08247422680412371,0.05714285714285714,0.02533136966126657
p_35,t3_2r5o9o,t1_cncqhhb,t1_cncpluh,0.047337278106508875,0.022222222222222223,0.02511505588428665
p_36,t3_2r4u3k,t1_cncry40,t1_cncnikt,0.009259259259259259,0.02564102564102564,-0.01638176638176638
p_37,t3_2r4b8f,t1_cnch3ur,t1_cnchpr4,0.03459119496855346,0.041044776119402986,-0.006453581150849527
p_38,t3_2r3fa4,t1_cnc4l6o,t1_cnc6h09,0.006493506493506494,0.014084507042253521,-0.0075910005487470275
p_39,t3_2r39y4,t1_cnc2apj,t1_cnc69pi,0.043209876543209874,0.03816793893129771,0.005041937611912163
p_41,t3_2r1qfw,t1_cnd3gva,t1_cnbpxtc,0.012578616352201259,0.05384615384615385,-0.041267537493952594
p_42,t3_2r1omi,t1_cnblplo,t1_cnblyk8,0.020833333333333332,0.07462686567164178,-0.053793532338308456
p_43,t3_2r1omi,t1_cnby5pl,t1_cnbl7tt,0.027649769585253458,0.07142857142857142,-0.04377880184331796
p_44,t3_2r17g1,t1_cnbjfmc,t1_cnbjh0e,0.02702702702702703,0.0,0.02702702702702703
p_45,t3_2r0eyf,t1_cncjlq6,t1_cnb8f1r,0.04395604395604396,0.056,-0.012043956043956042
p_47,t3_2r07cv,t1_cnb5yjj,t1_cnbl2z0,0.043010752688172046,0.072992700729927,-0.029981948041754955
p_50,t3_2qzudy,t1_cnb75td,t1_cnb72w5,0.03205128205128205,0.06451612903225806,-0.032464846980976014
p_51,t3_2qy21w,t1_cnaozch,t1_cnaxt0m,0.014705882352941176,0.034782608695652174,-0.020076726342710998
p_52,t3_2qvzyh,t1_cna6cd3,t1_cna4m9p,0.102803738317757,0.035398230088495575,0.06740550822926143
p_54,t3_2qu6fg,t1_cn9rm4s,t1_cn9jqcy,0.05056179775280899,0.058823529411764705,-0.008261731658955718
p_55,t3_2qtorn,t1_cn9ejzb,t1_cn9ezot,0.03524229074889868,0.05454545454545454,-0.01930316379655586
p_56,t3_2qslmz,t1_cn96gyu,t1_cn96797,0.050672182006204755,0.0535279805352798,-0.0028557985290750473
p_57,t3_2qrlmm,t1_cn8uzj9,t1_cna3vcn,0.017857142857142856,0.043859649122807015,-0.02600250626566416
p_58,t3_2qrlmm,t1_cn8va27,t1_cna3vcn,0.016706443914081145,0.043859649122807015,-0.02715320520872587
p_59,t3_2qrbaf,t1_cn9b6ar,t1_cnajqzu,0.07920792079207921,0.06926406926406926,0.009943851528009945
p_60,t3_2qr8gn,t1_cn8tm9p,t1_cn8zxwa,0.05217391304347826,0.020202020202020204,0.03197189284145806
p_61,t3_2qr8gn,t1_cn9b5po,t1_cn8tfsm,0.053811659192825115,0.0335195530726257,0.020292106120199417
p_62,t3_2qqxoy,t1_cn8oez8,t1_cn8o8sq,0.06542056074766354,0.02608695652173913,0.03933360422592441
p_63,t3_2qqa7z,t1_cn8hti0,t1_cn8hi2i,0.023255813953488372,0.041237113402061855,-0.017981299448573483
p_64,t3_2qnzap,t1_cn7zx81,t1_cn7wwbo,0.061386138613861385,0.049738219895287955,0.01164791871857343
p_65,t3_2qnzap,t1_cn7x1ic,t1_cn7zlhv,0.07171314741035857,0.08695652173913043,-0.015243374328771861
p_66,t3_2qnu4z,t1_cn7xcvt,t1_cn8idg6,0.028846153846153848,0.007462686567164179,0.021383467278989668
p_67,t3_2qnu4z,t1_cn7wrhe,t1_cn8idg6,0.0196078431372549,0.007462686567164179,0.012145156570090722
p_68,t3_2qncj3,t1_cn7tqy5,t1_cn7wgim,0.05226480836236934,0.041884816753926704,0.010379991608442635
p_73,t3_2qia6o,t1_cn7l5g4,t1_cn6ogzo,0.03914590747330961,0.05,-0.010854092526690395
p_72,t3_2qia6o,t1_cn6rxow,t1_cn6ot0g,0.03292181069958848,0.03639846743295019,-0.003476656733361713
p_74,t3_2qgpie,t1_cn620d0,t1_cn5z7c0,0.034976152623211444,0.046875,-0.011898847376788556
p_77,t3_2qc1rl,t1_cn5sqpz,t1_cn50cq3,0.024691358024691357,0.039711191335740074,-0.015019833311048718
p_80,t3_2qaf6l,t1_cn4h6d8,t1_cn4ba9v,0.041044776119402986,0.02631578947368421,0.014728986645718777
p_81,t3_2q9fkx,t1_cn46e20,t1_cn4ebjb,0.07883817427385892,0.05714285714285714,0.021695317131001778
p_83,t3_2q6x54,t1_cn3lhe7,t1_cn3f94v,0.01694915254237288,0.015384615384615385,0.0015645371577574958
p_84,t3_2q6k6o,t1_cn3clj6,t1_cn3c0uh,0.02654867256637168,0.042606516290726815,-0.016057843724355134
p_85,t3_2q6816,t1_cn3a5px,t1_cn38xe9,0.06074766355140187,0.025,0.03574766355140187
p_86,t3_2q6816,t1_cn3875x,t1_cn3b495,0.0,0.011627906976744186,-0.011627906976744186
p_90,t3_2q388d,t1_cn2e530,t1_cn2pyft,0.06289308176100629,0.038834951456310676,0.024058130304695613
p_91,t3_2q388d,t1_cn2eaqu,t1_cn2pyft,0.0,0.038834951456310676,-0.038834951456310676
p_92,t3_2q388d,t1_cn2re9b,t1_cn2pyft,0.04588607594936709,0.038834951456310676,0.007051124493056414
p_93,t3_2q388d,t1_cn2e6rz,t1_cn2j7o1,0.05555555555555555,0.03571428571428571,0.01984126984126984
p_94,t3_2q2cxc,t1_cn28of2,t1_cn2g775,0.07142857142857142,0.03939393939393939,0.032034632034632034
p_96,t3_2q0dpm,t1_cn1ti5g,t1_cn1p49g,0.06367041198501873,0.009433962264150943,0.05423644972086779
p_101,t3_2pxqz4,t1_cn13ybe,t1_cn0y99z,0.050505050505050504,0.0380952380952381,0.012409812409812405
p_98,t3_2pxqz4,t1_cn11dcw,t1_cn0y99z,0.06395348837209303,0.0380952380952381,0.025858250276854927
p_99,t3_2pxqz4,t1_cn0znyb,t1_cn0y99z,0.06369426751592357,0.0380952380952381,0.025599029420685468
p_100,t3_2pxqz4,t1_cn11u7e,t1_cn12dq3,0.04044117647058824,0.08,-0.039558823529411764
p_103,t3_2pww37,t1_cn0q1m7,t1_cn0vhkj,0.058823529411764705,0.014925373134328358,0.043898156277436345
p_105,t3_2pt2b2,t1_cmztgqz,t1_cmzvst5,0.04,0.041916167664670656,-0.0019161676646706552
p_106,t3_2pt2b2,t1_cmzx0i4,t1_cmzv05o,0.050505050505050504,0.017094017094017096,0.03341103341103341
p_107,t3_2ps2mr,t1_cmzhxux,t1_cmzyju1,0.020050125313283207,0.012195121951219513,0.007855003362063694
p_108,t3_2pqfx4,t1_cmzmqbt,t1_cmz3fhx,0.03036876355748373,0.029585798816568046,0.0007829647409156835
p_109,t3_2ppxgu,t1_cmz3fxo,t1_cmz3hz0,0.031161473087818695,0.03428571428571429,-0.003124241197895592
p_110,t3_2pp7pp,t1_cmyupjh,t1_cmyxcrc,0.0469208211143695,0.04163623082542001,0.005284590288949488
p_112,t3_2pnm9s,t1_cmytc0t,t1_cmycunf,0.03125,0.03592814371257485,-0.004678143712574849
p_114,t3_2pm08t,t1_cmxwzlp,t1_cmxwyti,0.036414565826330535,0.0425531914893617,-0.006138625663031166
p_116,t3_2pjmrj,t1_cmxddb6,t1_cmxj3jh,0.06366630076838639,0.05859375,0.005072550768386391
p_117,t3_2pjbkm,t1_cmx7wpk,t1_cmx81vs,0.053231939163498096,0.04633204633204633,0.006899892831451766
p_119,t3_2pjbkm,t1_cmx86kb,t1_cmx81vs,0.03914590747330961,0.04633204633204633,-0.007186138858736722
p_118,t3_2pjbkm,t1_cmx7tet,t1_cmx7r0l,0.018292682926829267,0.017964071856287425,0.0003286110705418427
p_120,t3_2pimzj,t1_cmx2c61,t1_cmy635r,0.010638297872340425,0.024390243902439025,-0.0137519460300986
p_122,t3_2phwfa,t1_cmwy98c,t1_cmwvzit,0.03205128205128205,0.030303030303030304,0.0017482517482517446
p_123,t3_2pfatz,t1_cmw8af0,t1_cmw5dme,0.06282722513089005,0.0673076923076923,-0.004480467176802255
p_124,t3_2pf19b,t1_cmw30ng,t1_cmw5vwc,0.047619047619047616,0.027149321266968326,0.02046972635207929
p_125,t3_2pb90y,t1_cmw6nes,t1_cmv8x0x,0.0784313725490196,0.0392156862745098,0.0392156862745098
p_126,t3_2pata1,t1_cmuzv8n,t1_cmuzku3,0.024630541871921183,0.013157894736842105,0.011472647135079079
p_128,t3_2pata1,t1_cmv1bja,t1_cmuzw1v,0.03271028037383177,0.042735042735042736,-0.010024762361210963
p_129,t3_2pata1,t1_cmv1kvh,t1_cmuzw1v,0.0,0.042735042735042736,-0.042735042735042736
p_130,t3_2paiy7,t1_cmuuepa,t1_cmuuubv,0.05714285714285714,0.06060606060606061,-0.0034632034632034667
p_132,t3_2pa8qe,t1_cmvck77,t1_cmuygdo,0.015789473684210527,0.08653846153846154,-0.07074898785425102
p_134,t3_2p8w9e,t1_cmuem3l,t1_cmuesb3,0.04964539007092199,0.021739130434782608,0.02790625963613938
p_135,t3_2p8d3m,t1_cmub3xl,t1_cmuaujo,0.07142857142857142,0.03875968992248062,0.032668881506090805
p_140,t3_2p3d0h,t1_cmsyikr,t1_cmt2dzd,0.03508771929824561,0.029940119760479042,0.00514759953776657
p_141,t3_2p3d0h,t1_cmszlym,t1_cmszanf,0.011627906976744186,0.03514376996805112,-0.02351586299130693
p_144,t3_2p11bw,t1_cmsf46p,t1_cmsib92,0.12643678160919541,0.06435643564356436,0.062080345965631056
p_145,t3_2p0xu8,t1_cmsgy2p,t1_cmsbh89,0.0471976401179941,0.019417475728155338,0.02778016438983876
p_148,t3_2ox2nh,t1_cmrepwp,t1_cms5gvq,0.06390977443609022,0.029411764705882353,0.03449800973020787
p_149,t3_2ox2nh,t1_cmrgr22,t1_cms5gvq,0.04032258064516129,0.029411764705882353,0.010910815939278937
p_151,t3_2ouj9f,t1_cmqnl31,t1_cmqrfg1,0.02834008097165992,0.03151862464183381,-0.003178543670173891
p_153,t3_2ottrr,t1_cmqmfx7,t1_cmqnqbl,0.0273972602739726,0.04871794871794872,-0.021320688443976117
p_155,t3_2osnqc,t1_cmqhv5l,t1_cmresyd,0.01598173515981735,0.02158273381294964,-0.005600998653132291
p_157,t3_2orfda,t1_cmpt6sy,t1_cmpxkl7,0.021476510067114093,0.036923076923076927,-0.015446566855962834
p_158,t3_2opfa2,t1_cmpp5ft,t1_cmpbzl7,0.024096385542168676,0.014925373134328358,0.009171012407840318
p_159,t3_2opfa2,t1_cmpb0pv,t1_cmpbzl7,0.0,0.014925373134328358,-0.014925373134328358
p_162,t3_2ook4i,t1_cmp3ql5,t1_cmp6pe7,0.044642857142857144,0.031746031746031744,0.0128968253968254
p_163,t3_2ook4i,t1_cmp3sav,t1_cmp6pe7,0.04375,0.031746031746031744,0.012003968253968253
p_164,t3_2oo3qw,t1_cmp0nen,t1_cmoz1u8,0.06300268096514745,0.055900621118012424,0.00710205984713503
p_165,t3_2onx4o,t1_cmpcp85,t1_cmowl2j,0.02830188679245283,0.047337278106508875,-0.019035391314056044
p_166,t3_2olm34,t1_cmogsmw,t1_cmobov1,0.056179775280898875,0.053691275167785234,0.002488500113113641
p_167,t3_2okzs7,t1_cmo88eb,t1_cmo4r1b,0.050505050505050504,0.03614457831325301,0.014360472191797494
p_168,t3_2okzs7,t1_cmobl8p,t1_cmo50pz,0.045563549160671464,0.03985507246376811,0.0057084766969033515
p_170,t3_2okad4,t1_cmo23yr,t1_cmo8tg2,0.05387205387205387,0.03783783783783784,0.01603421603421603
p_171,t3_2okad4,t1_cmo8ojn,t1_cmoaise,0.032362459546925564,0.05263157894736842,-0.020269119400442855
p_172,t3_2oj6fq,t1_cmnogog,t1_cmnorxs,0.037199124726477024,0.023255813953488372,0.013943310772988653
p_173,t3_2oihml,t1_cmnhr07,t1_cmnhhi8,0.05660377358490566,0.040268456375838924,0.016335317209066738
p_176,t3_2od6s9,t1_cmm80hm,t1_cmm6iu4,0.028846153846153848,0.013333333333333334,0.015512820512820514
p_177,t3_2o6paa,t1_cmkar1d,t1_cmk90wu,0.03361344537815126,0.038834951456310676,-0.005221506078159417
p_178,t3_2o66aa,t1_cmktxrs,t1_cmkb48q,0.04589371980676329,0.03225806451612903,0.013635655290634256
p_179,t3_2o3imb,t1_cmjfisw,t1_cmjf4wj,0.07531380753138076,0.02,0.05531380753138075
p_180,t3_2o2kga,t1_cmj4gzw,t1_cmj4j7t,0.05521472392638037,0.09090909090909091,-0.03569436698271054
p_182,t3_2o0cgz,t1_cmijvd2,t1_cmj6omn,0.03,0.046296296296296294,-0.016296296296296295
p_184,t3_2nzz4f,t1_cmig3tq,t1_cmigugj,0.07547169811320754,0.05226480836236934,0.023206889750838205
p_185,t3_2nzz4f,t1_cmig8jp,t1_cmigugj,0.07835820895522388,0.05226480836236934,0.026093400592854546
p_188,t3_2nycpk,t1_cmi2cok,t1_cmi07y5,0.04395604395604396,0.07142857142857142,-0.027472527472527465
p_189,t3_2nycpk,t1_cmi0pj8,t1_cmi1upk,0.026022304832713755,0.016286644951140065,0.00973565988157369
p_192,t3_2nvoj9,t1_cmhbmic,t1_cmhh0hd,0.017857142857142856,0.024793388429752067,-0.006936245572609211
p_194,t3_2nurqb,t1_cmhj4k1,t1_cmh25d1,0.03194103194103194,0.04310344827586207,-0.01116241633483013
p_197,t3_2ns94k,t1_cmge1ce,t1_cmgdr4w,0.01098901098901099,0.017857142857142856,-0.006868131868131866
p_201,t3_2nn1t8,t1_cmf6dis,t1_cmf9lck,0.05188679245283019,0.029535864978902954,0.022350927473927237
p_203,t3_2nlqpd,t1_cmep4vb,t1_cmescql,0.03508771929824561,0.03225806451612903,0.0028296547821165807
p_204,t3_2njpov,t1_cme8uee,t1_cme7zu7,0.08823529411764706,0.07079646017699115,0.017438833940655915
p_207,t3_2nhvh5,t1_cme6tfj,t1_cme00q3,0.07575757575757576,0.024630541871921183,0.05112703388565458
p_208,t3_2nfgyu,t1_cmd8966,t1_cmdakad,0.0335195530726257,0.0,0.0335195530726257
p_210,t3_2nfgyu,t1_cmdtb2g,t1_cmdla4k,0.04026354319180088,0.024,0.01626354319180088
p_211,t3_2neyur,t1_cmd1tqr,t1_cmd1oh5,0.07446808510638298,0.06635071090047394,0.008117374205909036
p_212,t3_2nejw6,t1_cmcw398,t1_cmcx4w0,0.0449438202247191,0.03296703296703297,0.011976787257686132
p_213,t3_2ndhkz,t1_cmd8rka,t1_cmco92x,0.06896551724137931,0.0335195530726257,0.03544596416875361
p_214,t3_2nccrb,t1_cmcdwlz,t1_cmcd35f,0.0,0.022388059701492536,-0.022388059701492536
p_215,t3_2nbz5b,t1_cmca2tl,t1_cmcmvds,0.029411764705882353,0.033003300330033,-0.0035915356241506477
p_218,t3_2nbeuf,t1_cmcfhk8,t1_cmc4eif,0.05434782608695652,0.006896551724137931,0.04745127436281859
p_217,t3_2nbeuf,t1_cmcdl7k,t1_cmcs0t1,0.023529411764705882,0.033707865168539325,-0.010178453403833443
p_222,t3_2n8psp,t1_cmbkvaw,t1_cmbempi,0.02280130293159609,0.02527075812274368,-0.0024694551911475897
p_224,t3_2n8psp,t1_cmbnpay,t1_cmbzbs2,0.01675977653631285,0.013140604467805518,0.0036191720685073304
p_225,t3_2n8psp,t1_cmc2p7e,t1_cmbi6o3,0.03571428571428571,0.029850746268656716,0.0058635394456289965
p_226,t3_2n6s5w,t1_cmav500,t1_cmax5qt,0.05148514851485148,0.042682926829268296,0.008802221685583186
p_227,t3_2n4aay,t1_cmac7sf,t1_cma6qfq,0.02631578947368421,0.011904761904761904,0.014411027568922305
p_229,t3_2n2wu5,t1_cm9u4m0,t1_cm9uau6,0.029850746268656716,0.056074766355140186,-0.02622402008648347
p_230,t3_2mzkhr,t1_cm931kl,t1_cm92k7o,0.04477611940298507,0.05555555555555555,-0.01077943615257048
p_232,t3_2mw3l4,t1_cm83s8f,t1_cm875yc,0.039603960396039604,0.029914529914529916,0.009689430481509689
p_234,t3_2mv3n4,t1_cm83yv8,t1_cm805jt,0.024363233665559248,0.017361111111111112,0.007002122554448136
p_236,t3_2mr590,t1_cm6tqwt,t1_cm6umtg,0.05504587155963303,0.0,0.05504587155963303
p_237,t3_2mqzo8,t1_cm6skkb,t1_cm6usez,0.06043956043956044,0.031746031746031744,0.028693528693528696
p_238,t3_2mqujn,t1_cm7jdj2,t1_cm6wgd3,0.010416666666666666,0.04986149584487535,-0.039444829178208685
p_239,t3_2mq7ib,t1_cm6ltar,t1_cm6oe3f,0.030303030303030304,0.02531645569620253,0.004986574606827773
p_240,t3_2mptvb,t1_cm6m7jr,t1_cm6q0wq,0.017937219730941704,0.025367156208277702,-0.007429936477335999
p_241,t3_2mo4fl,t1_cm613kx,t1_cm5zuuo,0.04395604395604396,0.03571428571428571,0.008241758241758247
p_242,t3_2mnthx,t1_cm5xikh,t1_cm660yf,0.04597701149425287,0.06772908366533864,-0.021752072171085768
p_245,t3_2mnthx,t1_cm627rv,t1_cm660yf,0.037037037037037035,0.06772908366533864,-0.030692046628301606
p_246,t3_2mnpdh,t1_cm6nlky,t1_cm65r7g,0.03365384615384615,0.040268456375838924,-0.006614610221992771
p_248,t3_2mm2dl,t1_cm5j6hr,t1_cm5iqtr,0.04513888888888889,0.015625,0.029513888888888888
p_247,t3_2mm2dl,t1_cm5ikfo,t1_cm5imes,0.03870967741935484,0.02247191011235955,0.01623776730699529
p_249,t3_2mlvww,t1_cm5gv0j,t1_cm5fmvt,0.04878048780487805,0.0,0.04878048780487805
p_250,t3_2mikc0,t1_cm4o1vc,t1_cm4l9f4,0.04504504504504504,0.0,0.04504504504504504
p_251,t3_2mfr85,t1_cm3vvc3,t1_cm3xij2,0.03608247422680412,0.04430379746835443,-0.00822132324155031
p_252,t3_2mfr85,t1_cm3wzw1,t1_cm3s6tg,0.04450261780104712,0.05223880597014925,-0.007736188169102133
p_255,t3_2mczo6,t1_cm330i1,t1_cm36hij,0.014285714285714285,0.013888888888888888,0.00039682539682539715
p_257,t3_2m9le3,t1_cm2e6er,t1_cm31flt,0.03313253012048193,0.048672566371681415,-0.015540036251199485
p_258,t3_2m9le3,t1_cm2g5du,t1_cm31flt,0.030303030303030304,0.048672566371681415,-0.01836953606865111
p_259,t3_2m9ifg,t1_cm26bmh,t1_cm2cio0,0.03076923076923077,0.06896551724137931,-0.03819628647214854
p_260,t3_2m5248,t1_cm11puj,t1_cm1w5lh,0.08163265306122448,0.06060606060606061,0.021026592455163876
p_261,t3_2m34jb,t1_cm0licf,t1_cm0sbmk,0.027932960893854747,0.03076923076923077,-0.002836269875376024
p_262,t3_2lzrmg,t1_clzo5rz,t1_clzn6zp,0.05641025641025641,0.017857142857142856,0.038553113553113555
p_263,t3_2lzrmg,t1_clzq2xu,t1_clzow1h,0.03361344537815126,0.034759358288770054,-0.0011459129106187946
p_264,t3_2lzhcj,t1_clzk61h,t1_clzmzlv,0.031914893617021274,0.017241379310344827,0.014673514306676447
p_265,t3_2lxha7,t1_clz4fjz,t1_clz6u94,0.023752969121140142,0.0125,0.011252969121140141
p_266,t3_2lxha7,t1_clz6dii,t1_clz2zlh,0.030418250950570342,0.03361344537815126,-0.003195194427580917
p_267,t3_2lxha7,t1_clz6jmw,t1_clz6u94,0.04212860310421286,0.0125,0.02962860310421286
p_268,t3_2lwzlt,t1_clyyqcm,t1_clyz82q,0.06369426751592357,0.04040404040404041,0.02329022711188316
p_269,t3_2lwzlt,t1_clz3eem,t1_clyzhrn,0.050505050505050504,0.05102040816326531,-0.0005153576582148031
p_270,t3_2lwv67,t1_clywrsu,t1_clywnxb,0.06666666666666667,0.02962962962962963,0.037037037037037035
p_272,t3_2lvdpt,t1_clykbog,t1_clyi7eq,0.028409090909090908,0.05405405405405406,-0.02564496314496315
p_274,t3_2lvano,t1_clyh39w,t1_clyhfb1,0.05714285714285714,0.022058823529411766,0.03508403361344538
p_275,t3_2luhkp,t1_clyejs2,t1_clyfg14,0.05612244897959184,0.057971014492753624,-0.0018485655131617873
p_277,t3_2ls0mt,t1_clxsuzu,t1_clxs28i,0.07462686567164178,0.0684931506849315,0.006133714986710281
p_278,t3_2lrnbm,t1_clxhtmt,t1_clxl2fj,0.02617801047120419,0.053763440860215055,-0.027585430389010866
p_279,t3_2lqmp9,t1_clxaoqd,t1_clxmady,0.05263157894736842,0.08982035928143713,-0.03718878033406871
p_283,t3_2lorq2,t1_clwr4fw,t1_clwvc1q,0.04271356783919598,0.05392156862745098,-0.011208000788255006
p_286,t3_2lo786,t1_clwsiei,t1_clwl8yv,0.023980815347721823,0.04741379310344827,-0.02343297775572645
p_287,t3_2lo786,t1_clwrur8,t1_clwvtrz,0.0472972972972973,0.017391304347826087,0.029905992949471213
p_289,t3_2llfy2,t1_clvxvqf,t1_clvyf5z,0.0429042904290429,0.014285714285714285,0.02861857614332862
p_288,t3_2llfy2,t1_clvxvbb,t1_clvyf5z,0.02066115702479339,0.014285714285714285,0.006375442739079104
p_290,t3_2ljn6y,t1_clvf7hk,t1_clvgued,0.08053691275167785,0.03636363636363636,0.044173276388041485
p_291,t3_2ljn6y,t1_clvf3sn,t1_clvg96j,0.04417670682730924,0.0335195530726257,0.01065715375468354
p_293,t3_2lhzxl,t1_cluxxzr,t1_cluy5d5,0.047337278106508875,0.05357142857142857,-0.006234150464919694
p_294,t3_2lhzxl,t1_cluy594,t1_cluzvgm,0.0782122905027933,0.05172413793103448,0.026488152571758815
p_296,t3_2le6r2,t1_cltxkan,t1_cltxdco,0.027777777777777776,0.045454545454545456,-0.01767676767676768
p_298,t3_2ldsgu,t1_cltyfh2,t1_cltt3fn,0.019230769230769232,0.01652892561983471,0.0027018436109345206
p_302,t3_2l9paa,t1_clspte1,t1_clsvj5h,0.03414634146341464,0.037037037037037035,-0.0028906955736223983
p_303,t3_2l6x4s,t1_cls2ahn,t1_cls2eiw,0.04838709677419355,0.041666666666666664,0.006720430107526883
p_305,t3_2l6s0m,t1_cls56tt,t1_cls5hqx,0.06149732620320856,0.06030855539971949,0.0011887708034890657
p_306,t3_2l3xj1,t1_clrpq69,t1_clrfe8c,0.025423728813559324,0.05555555555555555,-0.03013182674199623
p_307,t3_2kypt8,t1_clpvnyi,t1_clpvnbz,0.07042253521126761,0.0743801652892562,-0.0039576300779885915
p_308,t3_2kypt8,t1_clpwjwi,t1_clpzajn,0.037037037037037035,0.038461538461538464,-0.0014245014245014287
p_309,t3_2kx0t8,t1_clphwg9,t1_clpl2cj,0.09302325581395349,0.029411764705882353,0.06361149110807113
p_311,t3_2kuu7n,t1_clp4w50,t1_cloyjd8,0.03932584269662921,0.03481012658227848,0.004515716114350733
p_310,t3_2kuu7n,t1_clp4b7x,t1_clp3n3x,0.05194805194805195,0.0390625,0.012885551948051951
p_313,t3_2kqfel,t1_clnulai,t1_clntjxy,0.024096385542168676,0.041379310344827586,-0.01728292480265891
p_314,t3_2kqfel,t1_clnttl9,t1_clomsf7,0.07462686567164178,0.064,0.010626865671641783
p_315,t3_2kose9,t1_clnb50a,t1_clnb6hg,0.03084223013048636,0.04484304932735426,-0.014000819196867898
p_316,t3_2ko5tx,t1_cln523m,t1_cln4fit,0.034482758620689655,0.05714285714285714,-0.022660098522167486
p_318,t3_2kkqbm,t1_clmbeod,t1_clm9hyb,0.04025423728813559,0.023316062176165803,0.016938175111969787
p_319,t3_2kko3q,t1_clm9cj5,t1_clmew0k,0.035,0.06,-0.024999999999999994
p_322,t3_2kko3q,t1_clmb52s,t1_clm9cuo,0.0502283105022831,0.06035889070146819,-0.010130580199185085
p_324,t3_2kk7pc,t1_clm4luc,t1_clm2hsa,0.03940886699507389,0.013986013986013986,0.025422853009059908
p_325,t3_2kgrtb,t1_cll64ro,t1_cll7z9y,0.034013605442176874,0.03139013452914798,0.0026234709130288913
p_326,t3_2kgrtb,t1_cll6vkk,t1_cll7z9y,0.040106951871657755,0.03139013452914798,0.008716817342509772
p_328,t3_2kdqq8,t1_clkkhs8,t1_clktv9z,0.05384615384615385,0.0784313725490196,-0.024585218702865758
p_330,t3_2kcnzq,t1_clk2ygk,t1_clk0kv6,0.019230769230769232,0.04519774011299435,-0.02596697088222512
p_331,t3_2kacra,t1_cljftmb,t1_cljqwum,0.04040404040404041,0.022556390977443608,0.0178476494265968
p_332,t3_2ka7la,t1_cljglg2,t1_cljepyl,0.07142857142857142,0.04294478527607362,0.028483786152497803
p_333,t3_2k7hdx,t1_clirc4j,t1_clio0tt,0.045871559633027525,0.0425531914893617,0.0033183681436658244
p_334,t3_2k6r90,t1_clih2os,t1_clih4bd,0.06759098786828423,0.06666666666666667,0.0009243212016175617
p_335,t3_2k6r90,t1_clij0jm,t1_clih4bd,0.05148005148005148,0.06666666666666667,-0.015186615186615189
p_336,t3_2k6r90,t1_cliklzw,t1_cligqv5,0.02252252252252252,0.03319502074688797,-0.010672498224365445
p_337,t3_2k6r90,t1_clifxg1,t1_cligjkm,0.08823529411764706,0.07692307692307693,0.011312217194570137
p_338,t3_2k6gif,t1_clicob1,t1_clifs1j,0.03896103896103896,0.03903903903903904,-7.80000780000803e-05
p_339,t3_2k4hym,t1_clhtpwj,t1_clhv3j1,0.01818181818181818,0.039473684210526314,-0.021291866028708133
p_340,t3_2k49mm,t1_clhusz2,t1_clhupbu,0.046153846153846156,0.054945054945054944,-0.008791208791208788
p_341,t3_2k3k0f,t1_clhk37s,t1_clhkbr9,0.05952380952380952,0.00819672131147541,0.05132708821233411
p_342,t3_2k3k0f,t1_clhqb2i,t1_clhkbr9,0.024054982817869417,0.00819672131147541,0.01585826150639401
p_343,t3_2k38kl,t1_clhr282,t1_clhhr4x,0.017857142857142856,0.03225806451612903,-0.014400921658986175
p_344,t3_2k36w0,t1_clhgvwv,t1_cli2kib,0.031007751937984496,0.05263157894736842,-0.021623827009383922
p_345,t3_2k36w0,t1_cli8oco,t1_clhjrth,0.03198494825964252,0.028727770177838577,0.003257178081803945
p_346,t3_2k2szz,t1_clhdjlr,t1_clhg601,0.021052631578947368,0.07407407407407407,-0.053021442495126705
p_347,t3_2k1utj,t1_clh4smk,t1_clh4kow,0.03333333333333333,0.01818181818181818,0.015151515151515152
p_348,t3_2k1utj,t1_clh4t7a,t1_clhgd1b,0.028037383177570093,0.0,0.028037383177570093
p_349,t3_2k1utj,t1_clhb9mi,t1_clh4kow,0.023529411764705882,0.01818181818181818,0.005347593582887701
p_351,t3_2k1puo,t1_clh63i4,t1_clh5f05,0.05813953488372093,0.04424778761061947,0.013891747273101461
p_352,t3_2k1puo,t1_clh65uf,t1_clhvr2d,0.02720348204570185,0.03470031545741325,-0.007496833411711399
p_353,t3_2k1puo,t1_clh65j4,t1_clhvr2d,0.026490066225165563,0.03470031545741325,-0.008210249232247686
p_354,t3_2k1puo,t1_cli979e,t1_clhkzsx,0.03153153153153153,0.01680672268907563,0.0147248088424559
p_355,t3_2k19cr,t1_clgz4c8,t1_clh5opp,0.022988505747126436,0.014705882352941176,0.00828262339418526
p_357,t3_2k19cr,t1_clgz8mq,t1_clh4fvz,0.022494887525562373,0.026845637583892617,-0.004350750058330244
p_358,t3_2k17kl,t1_clhphu8,t1_clgytu5,,0.030927835051546393,
p_359,t3_2k16fy,t1_clh464b,t1_clh7dae,0.025974025974025976,0.06299212598425197,-0.03701810001022599
p_360,t3_2k0t4m,t1_clh2kiw,t1_cliiz93,0.05371900826446281,0.05625,-0.00253099173553719
p_362,t3_2k08pw,t1_clgrnar,t1_clgppqb,0.037815126050420166,0.03592814371257485,0.0018869823378453165
p_367,t3_2jvv3h,t1_clfmf4m,t1_clfkc2t,0.05084745762711865,0.03125,0.019597457627118647
p_368,t3_2jug85,t1_clf92x6,t1_clfbqwz,0.0392156862745098,0.03488372093023256,0.004331965344277246
p_369,t3_2jug85,t1_clf7frm,t1_clffyeo,0.02054794520547945,0.016666666666666666,0.0038812785388127845
p_370,t3_2ju07o,t1_clf6o33,t1_clf2f0m,0.05952380952380952,0.030612244897959183,0.028911564625850338
p_371,t3_2jtpcj,t1_clf007u,t1_clf0si6,0.02203856749311295,0.03636363636363636,-0.014325068870523414
p_372,t3_2jr2px,t1_clec1be,t1_clefsfa,0.05394190871369295,0.04639175257731959,0.007550156136373359
p_373,t3_2jpazx,t1_cldtopl,t1_cldtw4w,0.07916666666666666,0.08133971291866028,-0.0021730462519936183
p_374,t3_2jp9x4,t1_cldt2z1,t1_cldu76n,0.033816425120772944,0.034782608695652174,-0.00096618357487923
p_375,t3_2jp9x4,t1_clekeze,t1_clegi91,0.05426356589147287,0.046296296296296294,0.007967269595176574
p_378,t3_2jk5tw,t1_clciqy4,t1_clcualb,0.039832285115303984,0.03896103896103896,0.0008712461542650235
p_380,t3_2jk4dx,t1_clcyeh9,t1_clcuzkf,0.043859649122807015,0.0,0.043859649122807015
p_382,t3_2jgtvo,t1_clbpx86,t1_clbm2rj,0.056074766355140186,0.08108108108108109,-0.0250063147259409
p_383,t3_2jd1e2,t1_clal24g,t1_clanf9e,0.04206500956022945,0.01639344262295082,0.025671566937278626
p_384,t3_2jd1e2,t1_clarvlb,t1_clanf9e,0.018604651162790697,0.01639344262295082,0.002211208539839877
p_385,t3_2jd1e2,t1_claktmk,t1_clanf9e,0.048484848484848485,0.01639344262295082,0.03209140586189767
p_387,t3_2jaz9o,t1_claaior,t1_cla6j13,0.09565217391304348,0.07377049180327869,0.021881682109764794
p_388,t3_2jalt8,t1_clawz3s,t1_cla00dw,0.048507462686567165,0.05789473684210526,-0.009387274155538097
p_389,t3_2jalrh,t1_cl9xfk4,t1_cl9zbqs,0.06796116504854369,0.07142857142857142,-0.0034674063800277377
p_390,t3_2jaiv1,t1_cl9wvir,t1_cl9x4n6,0.0231023102310231,0.014150943396226415,0.008951366834796685
p_391,t3_2j7xhu,t1_cl97sqh,t1_cl96t4g,0.011235955056179775,0.0,0.011235955056179775
p_394,t3_2j7gwy,t1_cl96wx9,t1_cl9fm82,0.030476190476190476,0.03881278538812785,-0.008336594911937376
p_395,t3_2j7gwy,t1_cl9cn39,t1_cl9dn9l,0.01282051282051282,0.03,-0.01717948717948718
p_396,t3_2j7d65,t1_cl91nh6,t1_cl91k1d,0.020134228187919462,0.01694915254237288,0.0031850756455465805
p_398,t3_2j6t16,t1_cl92lzn,t1_cl97wok,0.03977272727272727,0.03488372093023256,0.0048890063424947144
p_400,t3_2j5jvu,t1_cl9bkpg,t1_cl8o6tc,0.01828410689170183,0.0425531914893617,-0.024269084597659873
p_403,t3_2j3b5u,t1_cl80w0h,t1_cl8gnj4,0.04,0.03821656050955414,0.0017834394904458623
p_407,t3_2j3b5u,t1_cl8dhjd,t1_cl85v1i,0.016877637130801686,0.023076923076923078,-0.006199285946121392
p_406,t3_2j3b5u,t1_cl89ycu,t1_cl85v1i,0.03036876355748373,0.023076923076923078,0.007291840480560651
p_408,t3_2j3aav,t1_cl840b4,t1_cl849y1,0.07006369426751592,0.028985507246376812,0.041078187021139106
p_409,t3_2j28la,t1_cl7q1dy,t1_cl858g0,0.02654867256637168,0.015873015873015872,0.010675656693355809
p_410,t3_2j28la,t1_cl7p4at,t1_cl83vyl,0.03067484662576687,0.056910569105691054,-0.026235722479924183
p_411,t3_2j28la,t1_cl7ri4n,t1_cl858g0,0.0622568093385214,0.015873015873015872,0.04638379346550553
p_412,t3_2j28la,t1_cl81bji,t1_cl858g0,0.03355704697986577,0.015873015873015872,0.0176840311068499
p_413,t3_2j196u,t1_cl7nh5y,t1_cl7qbkn,0.03763440860215054,0.023923444976076555,0.013710963626073984
p_415,t3_2izt1m,t1_cl7icjq,t1_cl7elqy,0.060836501901140684,0.047619047619047616,0.013217454282093068
p_416,t3_2izt1m,t1_cl7sekd,t1_cl75zb3,0.07044410413476264,0.07291666666666667,-0.0024725625319040323
p_418,t3_2izjkk,t1_cl6xo3s,t1_cl74g9q,0.05142857142857143,0.03550295857988166,0.01592561284868977
p_419,t3_2izjkk,t1_cl6ygkg,t1_cl6xy7n,0.03271028037383177,0.05102040816326531,-0.018310127789433535
p_420,t3_2izeqi,t1_cl6wpkg,t1_cl6w17t,0.0297029702970297,0.03937007874015748,-0.009667108443127778
p_422,t3_2ixmih,t1_cl6muq9,t1_cl6mipr,0.039473684210526314,0.036231884057971016,0.003241800152555298
p_423,t3_2ixmih,t1_cl6ozsr,t1_cl6o7jv,0.029469548133595286,0.019157088122605363,0.010312460010989923
p_427,t3_2ixatz,t1_cl8dw9u,t1_cl6g9da,0.0,0.03259259259259259,-0.03259259259259259
p_425,t3_2ixatz,t1_cl6fauf,t1_cl6z31r,0.02030456852791878,0.02702702702702703,-0.006722458499108248
p_426,t3_2ixatz,t1_cl6iqft,t1_cl6gf5b,0.011764705882352941,0.02702702702702703,-0.015262321144674088
p_428,t3_2iwzsp,t1_cl6ay84,t1_cl6c988,0.03333333333333333,0.005747126436781609,0.027586206896551724
p_429,t3_2iwzsp,t1_cl6bhfy,t1_cl6c988,0.05102040816326531,0.005747126436781609,0.0452732817264837
p_430,t3_2iwveo,t1_cl6b8u3,t1_cl69lxd,0.05,0.025830258302583026,0.024169741697416976
p_431,t3_2iwveo,t1_cl800qa,t1_cl69lxd,0.042704626334519574,0.025830258302583026,0.016874368031936548
p_432,t3_2ivx0l,t1_cl67lqu,t1_cl67bty,0.041666666666666664,0.009523809523809525,0.03214285714285714
p_434,t3_2iv4za,t1_cl5slm3,t1_cl5s53p,0.10810810810810811,0.07,0.03810810810810811
p_435,t3_2iuaxc,t1_cl5nwpb,t1_cl5jk46,0.052083333333333336,0.019417475728155338,0.032665857605178
p_437,t3_2isiv7,t1_cl525xl,t1_cl549xt,0.058823529411764705,0.05357142857142857,0.005252100840336137
p_439,t3_2irrk7,t1_cl4wjj0,t1_cl4u4v3,0.029315960912052116,0.023668639053254437,0.005647321858797679
p_438,t3_2irrk7,t1_cl4wdvv,t1_cl52znp,0.0387409200968523,0.04046242774566474,-0.0017215076488124384
p_440,t3_2irrk7,t1_cl4y7m2,t1_cl58m5a,0.022792022792022793,0.014084507042253521,0.008707515749769272
p_441,t3_2ir1vh,t1_cl4nafc,t1_cl4pno4,0.016260162601626018,0.03007518796992481,-0.013815025368298792
p_443,t3_2iovvi,t1_cl43i7i,t1_cl42uon,0.015384615384615385,0.017777777777777778,-0.0023931623931623923
p_444,t3_2inzpj,t1_cl3wpb9,t1_cl3udkv,0.024305555555555556,0.06504065040650407,-0.04073509485094852
p_445,t3_2ina28,t1_cl3s9jc,t1_cl3neuz,0.01098901098901099,0.05970149253731343,-0.04871248154830244
p_449,t3_2il3zi,t1_cl3rzx9,t1_cl3bvmc,0.02358490566037736,0.02072538860103627,0.00285951705934109
p_450,t3_2ikw3y,t1_cl371yt,t1_cl333zm,0.09836065573770492,0.0582010582010582,0.04015959753664672
p_451,t3_2iht9m,t1_cl2lqsw,t1_cl2gvmp,0.04294478527607362,0.010869565217391304,0.03207522005868232
p_452,t3_2igw1u,t1_cl25sfq,t1_cl22odo,0.0739247311827957,0.02027027027027027,0.05365446091252543
p_453,t3_2idrbt,t1_cl1a71q,t1_cl1ab8j,0.033807829181494664,0.03550295857988166,-0.0016951293983869936
p_454,t3_2idrbt,t1_cl1duod,t1_cl1dfkj,0.022222222222222223,0.050761421319796954,-0.02853919909757473
p_455,t3_2icu72,t1_cl11doa,t1_cl1s0iw,0.04065040650406504,0.024096385542168676,0.016554020961896364
p_456,t3_2ia71k,t1_cl0aa4e,t1_cl09ezh,0.02459016393442623,0.02857142857142857,-0.0039812646370023415
p_457,t3_2ia687,t1_cl09frn,t1_cl0qx79,0.049145299145299144,0.04186046511627907,0.007284834029020075
p_460,t3_2i87x9,t1_ckzt3jo,t1_ckzrx1b,0.07368421052631578,0.06944444444444445,0.004239766081871335
p_461,t3_2i7mpy,t1_ckzo815,t1_ckzptel,0.014527845036319613,0.0594059405940594,-0.04487809555773979
p_464,t3_2i74db,t1_ckzhoas,t1_ckzmg42,0.025,0.03003003003003003,-0.005030030030030028
p_466,t3_2i74db,t1_ckzk199,t1_ckzh5vf,0.007692307692307693,0.04597701149425287,-0.03828470380194518
p_465,t3_2i74db,t1_ckzhr6u,t1_ckzmg42,0.02727272727272727,0.03003003003003003,-0.0027573027573027584
p_467,t3_2i74db,t1_ckzp8g2,t1_ckzhplg,0.10465116279069768,0.05982905982905983,0.04482210296163785
p_468,t3_2i74db,t1_cl0olzx,t1_ckzivxw,0.05333333333333334,0.007692307692307693,0.045641025641025644
p_469,t3_2i6wcg,t1_ckzjivu,t1_ckzqgtr,0.044270833333333336,0.029045643153526972,0.015225190179806364
p_470,t3_2i6sq2,t1_ckzd013,t1_ckzmvnc,0.05555555555555555,0.0196078431372549,0.03594771241830065
p_472,t3_2i53gm,t1_ckyxxzr,t1_ckzkrjm,0.023529411764705882,0.01,0.013529411764705882
p_474,t3_2i53gm,t1_ckyxdye,t1_ckyz4tk,0.03333333333333333,0.056818181818181816,-0.023484848484848483
p_473,t3_2i53gm,t1_ckz0h04,t1_ckzj5lk,0.03225806451612903,0.0425531914893617,-0.01029512697323267
p_475,t3_2i4ujn,t1_ckz1of3,t1_ckyu5rm,0.043478260869565216,0.06614785992217899,-0.022669599052613773
p_476,t3_2i48ap,t1_ckyt6o8,t1_ckyqbf3,0.03089887640449438,0.022727272727272728,0.008171603677221653
p_477,t3_2i1d99,t1_ckxyj6k,t1_cky3jbs,0.025830258302583026,0.034482758620689655,-0.008652500318106628
p_479,t3_2i0v1l,t1_ckxu8a4,t1_cky4z54,0.014619883040935672,0.055384615384615386,-0.040764732343679715
p_480,t3_2i0v1l,t1_ckxvp3i,t1_cky4z54,0.03225806451612903,0.055384615384615386,-0.023126550868486355
p_481,t3_2i0v1l,t1_ckxu3sn,t1_cky4z54,0.014184397163120567,0.055384615384615386,-0.04120021822149482
p_483,t3_2i0v1l,t1_ckxu3jp,t1_cky4z54,0.03811659192825112,0.055384615384615386,-0.017268023456364266
p_482,t3_2i0v1l,t1_cky0241,t1_ckyf89q,0.005952380952380952,0.02240325865580448,-0.016450877703423527
p_484,t3_2hzyl1,t1_cky1hsp,t1_ckxtqoy,0.06201550387596899,0.06788511749347259,-0.0058696136175035996
p_485,t3_2hxjbt,t1_ckx3oiu,t1_ckwx420,0.029508196721311476,0.06382978723404255,-0.03432159051273107
p_486,t3_2hxjbt,t1_ckx4axr,t1_ckwx420,0.0625,0.06382978723404255,-0.0013297872340425482
p_488,t3_2hwulu,t1_ckwq1jd,t1_ckwq945,0.0,0.050505050505050504,-0.050505050505050504
p_490,t3_2htrl3,t1_ckw2y0n,t1_ckvy6x4,0.026717557251908396,0.024793388429752067,0.0019241688221563295
p_491,t3_2htk52,t1_ckvvxkp,t1_ckvx0ev,0.06701030927835051,0.038461538461538464,0.02854877081681205
p_492,t3_2htk52,t1_ckvxkvc,t1_ckvx0ev,0.08333333333333333,0.038461538461538464,0.044871794871794865
p_493,t3_2hr75i,t1_ckv9zqs,t1_ckv9rr3,0.0,0.01694915254237288,-0.01694915254237288
p_496,t3_2hpa2d,t1_ckuqod3,t1_ckuzhiu,0.02702702702702703,0.03954802259887006,-0.012520995571843031
p_498,t3_2ho91q,t1_ckvcw78,t1_ckuhjc3,0.02197802197802198,0.03409090909090909,-0.012112887112887109
p_499,t3_2hiuav,t1_ckt28ag,t1_ckt2g63,0.023112480739599383,0.04285714285714286,-0.019744662117543475
p_500,t3_2hfggr,t1_cks62en,t1_cks5dxq,0.024875621890547265,0.0228310502283105,0.002044571662236764
p_501,t3_2hevmr,t1_cks71oj,t1_cks21ow,0.04309063893016345,0.048600883652430045,-0.005510244722266598
p_503,t3_2hcsbm,t1_ckrirh7,t1_ckrgs3i,0.044585987261146494,0.031914893617021274,0.01267109364412522
p_504,t3_2hcsbm,t1_ckrm2w9,t1_ckrhha6,0.04938271604938271,0.07391304347826087,-0.02453032742887816
p_505,t3_2hcri1,t1_ckrh2wh,t1_ckrggw4,0.010309278350515464,0.04819277108433735,-0.03788349273382189
p_506,t3_2hcri1,t1_ckrjgy3,t1_ckrggw4,0.006896551724137931,0.04819277108433735,-0.04129621936019942
p_508,t3_2h86d3,t1_ckqarz7,t1_ckqhhuu,0.027149321266968326,0.026365348399246705,0.0007839728677216211
p_509,t3_2h86d3,t1_ckqafe5,t1_ckqce1l,0.05092592592592592,0.012048192771084338,0.03887773315484158
p_511,t3_2h4eyz,t1_ckpc76o,t1_ckp9n1i,0.08771929824561403,0.06779661016949153,0.019922688076122505
p_513,t3_2h0jzj,t1_ckohl81,t1_ckodwsx,0.044513457556935816,0.013452914798206279,0.031060542758729538
p_514,t3_2h0jzj,t1_ckoe0hf,t1_ckodwsx,0.03908045977011494,0.013452914798206279,0.025627544971908663
p_516,t3_2gzzdj,t1_cko4w0c,t1_cko704v,0.02586206896551724,0.04316546762589928,-0.017303398660382042
p_519,t3_2gydya,t1_cknrbir,t1_cknn53g,0.0136986301369863,0.014652014652014652,-0.0009533845150283514
p_520,t3_2gydya,t1_ckoa0em,t1_ckoa7jr,0.016556291390728478,0.0,0.016556291390728478
p_522,t3_2gutfw,t1_ckmqhcy,t1_ckmsmic,0.007518796992481203,0.03755868544600939,-0.030039888453528188
p_523,t3_2gutfw,t1_ckmsso5,t1_ckmp2m8,0.029982363315696647,0.031578947368421054,-0.0015965840527244063
p_524,t3_2gutfw,t1_ckmpz17,t1_ckn0chh,0.01646090534979424,0.1,-0.08353909465020576
p_525,t3_2gsjt4,t1_ckm3eez,t1_ckm57gi,0.11538461538461539,0.11351351351351352,0.0018711018711018712
p_526,t3_2gsjkx,t1_ckm3upz,t1_ckm3me9,0.08866995073891626,0.08870967741935484,-3.9726680438584294e-05
p_527,t3_2gscl8,t1_ckm3j6s,t1_ckm1x6y,0.0392156862745098,0.0546218487394958,-0.015406162464985995
p_529,t3_2gpy69,t1_cklkgsr,t1_cklrd7q,0.03977272727272727,0.04054054054054054,-0.0007678132678132707
p_532,t3_2gmkz2,t1_ckkm4uh,t1_ckkl832,0.01282051282051282,0.00980392156862745,0.0030165912518853692
p_534,t3_2glozx,t1_ckkahw7,t1_ckkcrue,0.0273972602739726,0.023809523809523808,0.003587736464448793
p_535,t3_2glozx,t1_ckkb7k5,t1_ckkcgtt,0.05,0.008,0.042
p_536,t3_2gliyk,t1_ckk9blv,t1_ckk9cif,0.04013377926421405,0.027210884353741496,0.012922894910472552
p_537,t3_2gliyk,t1_ckkaypu,t1_ckkhubk,0.04854368932038835,0.05327868852459016,-0.004734999204201812
p_538,t3_2gkv97,t1_ckk5d7b,t1_ckk2eje,0.04838709677419355,0.05263157894736842,-0.004244482173174871
p_541,t3_2ghosx,t1_ckj7oyl,t1_ckj8bt9,0.026262626262626262,0.056818181818181816,-0.030555555555555555
p_542,t3_2ggq4d,t1_ckiyftg,t1_ckiyjmb,0.023809523809523808,0.045112781954887216,-0.021303258145363407
p_543,t3_2ggppl,t1_ckixuwj,t1_ckixo4m,0.036585365853658534,0.03048780487804878,0.006097560975609755
p_545,t3_2ggppl,t1_ckiyv6o,t1_ckiz87f,0.05154639175257732,0.02617801047120419,0.02536838128137313
p_547,t3_2ggeie,t1_ckj0ypi,t1_ckiurpd,0.05214723926380368,0.029308323563892145,0.022838915699911533
p_548,t3_2gf3at,t1_ckjbl54,t1_ckioyq4,0.007142857142857143,0.03225806451612903,-0.02511520737327189
p_551,t3_2gdd35,t1_cki0iqm,t1_cki80vu,0.05128205128205128,0.03816793893129771,0.01311411235075357
p_554,t3_2g83sk,t1_ckgpxl1,t1_ckgjkvd,0.02912621359223301,0.02666666666666667,0.0024595469255663423
p_555,t3_2g6mpl,t1_ckg55ez,t1_ckg4zgn,0.030303030303030304,0.026737967914438502,0.003565062388591802
p_556,t3_2g4ifu,t1_ckfqk9u,t1_ckfshmt,0.027906976744186046,0.03902439024390244,-0.011117413499716393
p_559,t3_2g2vzd,t1_ckf6qtu,t1_ckf4pc7,0.04487179487179487,0.03896103896103896,0.005910755910755912
p_561,t3_2g2dg1,t1_ckf6526,t1_ckg1de7,0.03155339805825243,0.032520325203252036,-0.0009669271449996089
p_562,t3_2g1ea5,t1_ckeqq3q,t1_ckesi7g,0.06783369803063458,0.03076923076923077,0.037064467261403805
p_564,t3_2g1ea5,t1_ckersg9,t1_cket437,0.030837004405286344,0.047493403693931395,-0.01665639928864505
p_565,t3_2g1ea5,t1_cket8bk,t1_cket39p,0.016666666666666666,0.02702702702702703,-0.010360360360360362
p_566,t3_2g0wmr,t1_ckenwa6,t1_ckemqjl,0.043121149897330596,0.06301369863013699,-0.019892548732806395
p_569,t3_2fwq1i,t1_ckdlfbp,t1_ckdpk3y,0.04,0.06338028169014084,-0.023380281690140843
p_570,t3_2fwmff,t1_ckdlodj,t1_ckdfg3r,0.024734982332155476,0.06349206349206349,-0.038757081159908016
p_572,t3_2fuvyn,t1_ckd2th4,t1_ckd051u,0.023255813953488372,0.020338983050847456,0.0029168309026409156
p_573,t3_2fu5da,t1_ckcwa0l,t1_ckd7g94,0.038461538461538464,0.0136986301369863,0.024762908324552163
p_575,t3_2fu5da,t1_ckd2dqa,t1_ckd7g94,0.06666666666666667,0.0136986301369863,0.052968036529680365
p_576,t3_2fu5da,t1_ckdjfgl,t1_cke4u4s,0.043010752688172046,0.03289473684210526,0.010116015846066785
p_577,t3_2fty9r,t1_ckd78uk,t1_ckcsyfa,0.04,0.05223880597014925,-0.012238805970149251
p_579,t3_2fr87u,t1_ckcche8,t1_ckbz0d4,0.03669724770642202,0.012269938650306749,0.024427309056115273
p_581,t3_2fo07m,t1_ckb6wte,t1_ckbi4rn,0.055793991416309016,0.03202846975088968,0.023765521665419335
p_582,t3_2fo07m,t1_ckb4dmq,t1_ckbi4rn,0.014634146341463415,0.03202846975088968,-0.017394323409426267
p_586,t3_2fkhgs,t1_cka4baq,t1_ckagd1v,0.013793103448275862,0.017857142857142856,-0.004064039408866994
p_587,t3_2fkhgs,t1_cka71xp,t1_ckahr81,0.021929824561403508,0.03278688524590164,-0.010857060684498133
p_588,t3_2fkhgs,t1_ckabepp,t1_ckab7k5,0.028901734104046242,0.034482758620689655,-0.0055810245166434125
p_589,t3_2fjsjb,t1_ck9wx7u,t1_cka49p5,0.06535947712418301,0.05351170568561873,0.011847771438564282
p_590,t3_2fh3qu,t1_ck99mwb,t1_ck94xpk,0.055299539170506916,0.10862619808306709,-0.05332665891256017
p_592,t3_2fgshm,t1_ck9f5l1,t1_ck98ujh,0.026022304832713755,0.011299435028248588,0.014722869804465168
p_593,t3_2fgrxm,t1_ck91zkd,t1_ck91m7r,0.028368794326241134,0.01020408163265306,0.018164712693588075
p_595,t3_2fg916,t1_ck8x3ob,t1_ck8wogg,0.02252252252252252,0.0641025641025641,-0.041580041580041575
p_597,t3_2fduqy,t1_ck8t6he,t1_ck8px65,0.03306878306878307,0.013452914798206279,0.019615868270576788
p_598,t3_2fduqy,t1_ck8agrx,t1_ck94f1t,0.04285714285714286,0.0311284046692607,0.011728738187882157
p_602,t3_2fdmwl,t1_ck8hcxb,t1_ck8aoqa,0.025,0.020338983050847456,0.004661016949152545
p_603,t3_2fdmwl,t1_ck8rib6,t1_ck8aoqa,0.054878048780487805,0.020338983050847456,0.03453906572964035
p_605,t3_2fd87u,t1_ck83yle,t1_ck84612,0.08115183246073299,0.0,0.08115183246073299
p_606,t3_2fd87u,t1_ck859ka,t1_ck843v2,0.08270676691729323,0.053763440860215055,0.028943326057078174
p_607,t3_2fbbv9,t1_ck84tkw,t1_ck88yhl,0.04419889502762431,0.06201550387596899,-0.017816608848344684
p_611,t3_2f78ys,t1_ck6mvg6,t1_ck6wzql,0.05454545454545454,0.027315914489311165,0.027229540056143378
p_616,t3_2f3w7f,t1_ck60pkf,t1_ck68kw6,0.0456989247311828,0.043701799485861184,0.0019971252453216126
p_617,t3_2f3fma,t1_ck5uh5i,t1_ck5jj2i,0.03902439024390244,0.03496503496503497,0.004059355278867471
p_618,t3_2f2p8u,t1_ck5cmsy,t1_ck5f41j,0.01818181818181818,0.013333333333333334,0.004848484848484847
p_620,t3_2f1tka,t1_ck54mdm,t1_ck53prd,0.01904761904761905,0.013513513513513514,0.005534105534105535
p_623,t3_2f0a4a,t1_ck5qg13,t1_ck4vnzo,0.0903954802259887,0.05555555555555555,0.03483992467043315
p_626,t3_2erf2t,t1_ck2ljcj,t1_ck2gk4u,0.030303030303030304,0.011627906976744186,0.018675123326286118
p_628,t3_2eqf4w,t1_ck2dhsc,t1_ck22nty,0.04191263282172373,0.02642559109874826,0.015487041722975468
p_635,t3_2emkns,t1_ck1194m,t1_ck13p6l,0.04938271604938271,0.007380073800738007,0.04200264224864471
p_634,t3_2emkns,t1_ck0zrjm,t1_ck13p6l,0.03260869565217391,0.007380073800738007,0.025228621851435904
p_632,t3_2emkns,t1_ck12zme,t1_ck13upr,0.04,0.01485148514851485,0.02514851485148515
p_637,t3_2emdo8,t1_ck0wlix,t1_ck0ugt9,0.02717391304347826,0.031007751937984496,-0.0038338388945062356
p_639,t3_2ehl9h,t1_cjzpkr3,t1_cjzk8g5,0.05504587155963303,0.018518518518518517,0.03652735304111451
p_641,t3_2eez7x,t1_cjzf2j8,t1_cjzgw4v,0.02763819095477387,0.028125,-0.00048680904522612964
p_642,t3_2eeedl,t1_cjyrp0h,t1_cjyos4x,0.041666666666666664,0.041666666666666664,0.0
p_643,t3_2eeedl,t1_cjyo1c4,t1_cjyz90m,0.059322033898305086,0.03418803418803419,0.025133999710270895
p_644,t3_2eeedl,t1_cjyny2g,t1_cjyos4x,0.037037037037037035,0.041666666666666664,-0.004629629629629629
p_645,t3_2eeedl,t1_cjypfnn,t1_cjyy8zl,0.0,0.02857142857142857,-0.02857142857142857
p_647,t3_2edzcv,t1_cjyy0v9,t1_cjysuzd,0.058767772511848344,0.04059040590405904,0.018177366607789305
p_648,t3_2ebw2y,t1_cjy2hvj,t1_cjy4ceu,0.04672897196261682,0.0,0.04672897196261682
p_649,t3_2ebkiy,t1_cjxxcwt,t1_cjy5nhm,0.03676470588235294,0.07377049180327869,-0.037005785920925745
p_650,t3_2ebj49,t1_cjxyzxn,t1_cjxzs8p,0.04,0.08,-0.04
p_651,t3_2eahyl,t1_cjxnpf1,t1_cjxqeut,0.08771929824561403,0.09550561797752809,-0.007786319731914057
p_652,t3_2eahyl,t1_cjxo529,t1_cjxtave,0.038461538461538464,0.06427015250544663,-0.025808614043908162
p_654,t3_2e9s6m,t1_cjxf8x8,t1_cjxl9tb,0.036101083032490974,0.019417475728155338,0.016683607304335636
p_655,t3_2e9rt1,t1_cjxgilw,t1_cjxfkcw,0.03553299492385787,0.0375,-0.001967005076142128
p_656,t3_2e9q8o,t1_cjxdy6w,t1_cjxkoca,0.03867403314917127,0.038461538461538464,0.00021249468763280543
p_657,t3_2e98b1,t1_cjxb5sz,t1_cjxexte,0.03488372093023256,0.017543859649122806,0.01733986128110975
p_659,t3_2e98b1,t1_cjxanmm,t1_cjx9qkg,0.039603960396039604,0.010416666666666666,0.02918729372937294
p_660,t3_2e8yse,t1_cjx89ru,t1_cjxdz78,0.05787037037037037,0.051515151515151514,0.006355218855218857
p_661,t3_2e8yse,t1_cjx7g3z,t1_cjxdz78,0.0410958904109589,0.051515151515151514,-0.010419261104192612
p_662,t3_2e8ach,t1_cjxi71v,t1_cjx17o5,0.021164021164021163,0.0,0.021164021164021163
p_663,t3_2e6v25,t1_cjxa35m,t1_cjx2bzp,0.041666666666666664,0.02962962962962963,0.012037037037037034
p_667,t3_2e4crb,t1_cjvy9v7,t1_cjwlak3,0.0625,0.06306306306306306,-0.0005630630630630573
p_668,t3_2e4crb,t1_cjxll0p,t1_cjw5uck,0.09278350515463918,0.15476190476190477,-0.06197839960726559
p_669,t3_2e4b5f,t1_cjvxnfz,t1_cjwigez,0.05235602094240838,0.04411764705882353,0.008238373883584844
p_670,t3_2e439b,t1_cjw2n76,t1_cjvvbcf,0.07086614173228346,0.02,0.05086614173228346
p_672,t3_2e3t22,t1_cjvs6w2,t1_cjvzvc8,0.05454545454545454,0.03664921465968586,0.017896239885768682
p_674,t3_2e3f98,t1_cjvox9d,t1_cjvp856,0.0,0.02127659574468085,-0.02127659574468085
p_676,t3_2e2rb6,t1_cjvi6ow,t1_cjvzfop,0.046052631578947366,0.0,0.046052631578947366
p_677,t3_2e2rb6,t1_cjx8ys6,t1_cjvin9n,0.03676470588235294,0.075,-0.038235294117647055
p_678,t3_2e2jug,t1_cjvwam2,t1_cjvvj7z,0.03532008830022075,0.04333868378812199,-0.008018595487901237
p_679,t3_2e2jug,t1_cjvuw76,t1_cjvoyh6,0.0504774897680764,0.04519774011299435,0.005279749655082051
p_680,t3_2e1fah,t1_cjv53s3,t1_cjv5s7v,0.050955414012738856,0.013333333333333334,0.03762208067940552
p_681,t3_2e1fah,t1_cjv86o4,t1_cjvncqn,0.035256410256410256,0.04568527918781726,-0.010428868931407001
p_682,t3_2e1fah,t1_cjvi92b,t1_cjv5s7v,0.013157894736842105,0.013333333333333334,-0.00017543859649122966
p_683,t3_2dzrhq,t1_cjunv4h,t1_cjunnw5,0.0641025641025641,0.05154639175257732,0.01255617234998678
p_684,t3_2dzrhq,t1_cjv2nbp,t1_cjunbkn,0.029239766081871343,0.061224489795918366,-0.03198472371404702
p_685,t3_2dzrhq,t1_cjuplp1,t1_cjunss7,0.02066115702479339,0.049773755656108594,-0.029112598631315205
p_686,t3_2dzqgj,t1_cjurtqh,t1_cjv9hrw,0.04477611940298507,0.04411764705882353,0.0006584723441615398
p_688,t3_2dzqgj,t1_cjv7aa2,t1_cjv9hrw,0.05069124423963134,0.04411764705882353,0.006573597180807807
p_687,t3_2dzqgj,t1_cjun4m4,t1_cjuorfi,0.025477707006369428,0.037267080745341616,-0.011789373738972188
p_690,t3_2dy3mw,t1_cju8xei,t1_cjuc7t4,0.027586206896551724,0.053811659192825115,-0.02622545229627339
p_692,t3_2dxa7k,t1_cjtzqak,t1_cju9ahc,0.0,0.018404907975460124,-0.018404907975460124
p_695,t3_2dw5ig,t1_cjtn82k,t1_cjtn850,0.07317073170731707,0.06299212598425197,0.010178605723065101
p_696,t3_2dvguy,t1_cjtqfdm,t1_cjty2p2,0.04792332268370607,0.03067484662576687,0.017248476057939197
p_697,t3_2dtng7,t1_cjsz593,t1_cjt08iq,0.02909090909090909,0.04929577464788732,-0.02020486555697823
p_699,t3_2dtng7,t1_cjt0gp1,t1_cjt08iq,0.02553191489361702,0.04929577464788732,-0.0237638597542703
p_701,t3_2dsh9z,t1_cjsm7s0,t1_cjsp93m,0.048,0.011764705882352941,0.03623529411764706
p_702,t3_2dsh9z,t1_cjso3hu,t1_cjsprfv,0.035856573705179286,0.024509803921568627,0.011346769783610659
p_706,t3_2drox8,t1_cjsefiu,t1_cjshzfo,0.03665987780040733,0.04960835509138381,-0.012948477290976479
p_707,t3_2dqwmd,t1_cjs75j7,t1_cjtbaaf,0.03007518796992481,0.03773584905660377,-0.007660661086678962
p_710,t3_2dqiwg,t1_cjs3gzc,t1_cjs43w0,0.04,0.05825242718446602,-0.01825242718446602
p_713,t3_2dnntx,t1_cjrb5qh,t1_cjr97o9,0.04975124378109453,0.03773584905660377,0.012015394724490758
p_714,t3_2dn3f8,t1_cjr9dnd,t1_cjrqm60,0.04807692307692308,0.056818181818181816,-0.008741258741258737
p_717,t3_2dn11e,t1_cjrjl9x,t1_cjr71xy,0.020228671943711522,0.04895104895104895,-0.02872237700733743
p_715,t3_2dn11e,t1_cjr2n9b,t1_cjr6whw,0.020477815699658702,0.0398406374501992,-0.0193628217505405
p_718,t3_2dlheo,t1_cjqnd51,t1_cjqtrub,0.07303370786516854,0.07792207792207792,-0.004888370056909383
p_725,t3_2dhno3,t1_cjpkrey,t1_cjpktss,0.09933774834437085,0.01775147928994083,0.08158626905443003
p_726,t3_2dhno3,t1_cjpl1mi,t1_cjpl00t,0.02142857142857143,0.00847457627118644,0.012953995157384988
p_729,t3_2dgu6l,t1_cjpdy8k,t1_cjpe59d,0.03111111111111111,0.04081632653061224,-0.009705215419501131
p_727,t3_2dgu6l,t1_cjpdn9v,t1_cjpklzu,0.03125,0.046511627906976744,-0.015261627906976744
p_730,t3_2dgqx2,t1_cjpbloq,t1_cjpbk3l,0.014492753623188406,0.0,0.014492753623188406
p_732,t3_2dg6ti,t1_cjp6klt,t1_cjp63yk,0.04568527918781726,0.060240963855421686,-0.01455568466760443
p_733,t3_2dg4c1,t1_cjpx7h2,t1_cjpio9w,0.03396603396603397,0.03614457831325301,-0.0021785443472190427
p_734,t3_2dfvv8,t1_cjp4zw9,t1_cjps9sv,0.060117302052785926,0.04054054054054054,0.019576761512245383
p_735,t3_2dfees,t1_cjoyyhb,t1_cjoyhsi,0.020689655172413793,0.006309148264984227,0.014380506907429567
p_736,t3_2df7cg,t1_cjp0py1,t1_cjp0eg0,0.02702702702702703,0.03896103896103896,-0.011934011934011932
p_738,t3_2ddrqc,t1_cjos8fl,t1_cjoj8pn,0.0392156862745098,0.037037037037037035,0.0021786492374727684
p_739,t3_2ddrqc,t1_cjoqu2v,t1_cjok2vp,0.050955414012738856,0.043010752688172046,0.00794466132456681
p_744,t3_2d9qj2,t1_cjnklzx,t1_cjnknol,0.0333889816360601,0.021739130434782608,0.01164985120127749
p_748,t3_2d80rd,t1_cjn0zyz,t1_cjn0l56,0.03361344537815126,0.05442176870748299,-0.020808323329331732
p_749,t3_2d80rd,t1_cjmzj1k,t1_cjn0l56,0.058823529411764705,0.05442176870748299,0.004401760704281714
p_751,t3_2d70dq,t1_cjmpn2y,t1_cjmqlfg,0.05309734513274336,0.04,0.013097345132743361
p_752,t3_2d70dq,t1_cjmpqr5,t1_cjmq3hk,0.04225352112676056,0.014925373134328358,0.027328147992432203
p_754,t3_2d4iry,t1_cjm06yw,t1_cjlzkdu,0.06046511627906977,0.038461538461538464,0.022003577817531303
p_753,t3_2d4iry,t1_cjm03nb,t1_cjm7yyk,0.02564102564102564,0.0427807486631016,-0.01713972302207596
p_755,t3_2d45vn,t1_cjlwas2,t1_cjmfdmh,0.022727272727272728,0.06521739130434782,-0.042490118577075096
p_756,t3_2d45gd,t1_cjlw24h,t1_cjm4puq,0.017857142857142856,0.027777777777777776,-0.00992063492063492
p_757,t3_2d45gd,t1_cjlvwcv,t1_cjm05zn,0.02702702702702703,0.02247191011235955,0.004555116914667479
p_758,t3_2d3v5a,t1_cjlwcf0,t1_cjm3zmu,0.009615384615384616,0.011904761904761904,-0.002289377289377288
p_759,t3_2d2as3,t1_cjlfahj,t1_cjlf2q0,0.0738255033557047,0.03614457831325301,0.03768092504245169
p_760,t3_2czuse,t1_cjkv8v3,t1_cjkt5uj,0.024752475247524754,0.00909090909090909,0.015661566156615663
p_761,t3_2cziel,t1_cjkkwxr,t1_cjkpo0a,0.054455445544554455,0.04807692307692308,0.006378522467631376
p_762,t3_2czhb2,t1_cjkm7nm,t1_cjkm0r4,0.043243243243243246,0.07017543859649122,-0.02693219535324798
p_763,t3_2cz5rq,t1_cjkk570,t1_cjkjx53,0.046948356807511735,0.029850746268656716,0.01709761053885502
p_766,t3_2cwals,t1_cjjmt5t,t1_cjjmrg7,0.014492753623188406,0.0423728813559322,-0.027880127732743794
p_767,t3_2cuup8,t1_cjj91pc,t1_cjj8z52,0.05128205128205128,0.0423728813559322,0.008909169926119079
p_769,t3_2cuup8,t1_cjj95ae,t1_cjj95r7,0.05714285714285714,0.05,0.007142857142857138
p_768,t3_2cuup8,t1_cjj8vwc,t1_cjj93qh,0.03968253968253968,0.03773584905660377,0.0019466906259359082
p_770,t3_2ctoax,t1_cjl2zn4,t1_cjiw921,0.12802768166089964,0.04712041884816754,0.08090726281273211
p_773,t3_2cpj4p,t1_cjhqqcp,t1_cjhqbq0,0.0223463687150838,0.0335195530726257,-0.011173184357541898
p_774,t3_2cpj4p,t1_cjhreeh,t1_cjhqbq0,0.016574585635359115,0.0335195530726257,-0.016944967437266582
p_775,t3_2cotfm,t1_cjhpm9j,t1_cjhkm9q,0.03125,0.03296703296703297,-0.0017170329670329679
p_778,t3_2cm5jd,t1_cjh0bre,t1_cjguy6j,0.11131957473420888,0.034358047016274866,0.07696152771793402
p_779,t3_2cm3oh,t1_cjgsk1z,t1_cjgv6jc,0.047058823529411764,0.056179775280898875,-0.00912095175148711
p_780,t3_2clk6c,t1_cjgn3ba,t1_cjgqd1y,0.03982300884955752,0.005714285714285714,0.03410872313527181
p_781,t3_2ck2yw,t1_cjga8kb,t1_cjgci5s,0.04672897196261682,0.06557377049180328,-0.01884479852918646
p_783,t3_2cjh91,t1_cjg6chd,t1_cjg4iir,0.05240174672489083,0.05215419501133787,0.0002475517135529584
p_784,t3_2cixjs,t1_cjfyd92,t1_cjfxj4o,0.04216867469879518,0.05454545454545454,-0.012376779846659365
p_786,t3_2cimfd,t1_cjfuup7,t1_cjftym1,0.07865168539325842,0.04736842105263158,0.031283264340626844
p_787,t3_2cimfd,t1_cjfxnwo,t1_cjftym1,0.023972602739726026,0.04736842105263158,-0.023395818312905554
p_789,t3_2chy2d,t1_cjfpbub,t1_cjfnmjy,0.07509881422924901,0.0,0.07509881422924901
p_792,t3_2ch2je,t1_cjfeou6,t1_cjff0g8,0.04697986577181208,0.06418219461697723,-0.01720232884516515
p_794,t3_2cflx0,t1_cjfajp7,t1_cjfm8m1,0.10024449877750612,0.058423913043478264,0.04182058573402785
p_796,t3_2cfco7,t1_cjf04a9,t1_cjexi6m,0.036511156186612576,0.03529411764705882,0.0012170385395537525
p_799,t3_2cayvr,t1_cjdvbhe,t1_cjdu0ta,0.026915113871635612,0.031578947368421054,-0.004663833496785442
p_801,t3_2c8rcd,t1_cjd7pz3,t1_cjd6lze,0.04755944931163955,0.03813953488372093,0.009419914427918619
p_802,t3_2c8fea,t1_cjcyect,t1_cjd2c3b,0.03690036900369004,0.06882591093117409,-0.03192554192748405
p_803,t3_2c7yah,t1_cjd2kql,t1_cjcxj9f,0.049596309111880045,0.03375,0.015846309111880043
p_805,t3_2c5zac,t1_cjc9611,t1_cjc924m,0.11,0.11475409836065574,-0.00475409836065574
p_806,t3_2c5zac,t1_cjctvr0,t1_cjcbahh,0.08641975308641975,0.014285714285714285,0.07213403880070546
p_807,t3_2c5p5y,t1_cjcho3h,t1_cjc7uan,0.009433962264150943,0.0449438202247191,-0.03550985796056816
p_808,t3_2c5p5y,t1_cjcd7nc,t1_cjccm8m,0.037037037037037035,0.058823529411764705,-0.02178649237472767
p_810,t3_2c3fc3,t1_cjbjw5y,t1_cjbjkju,0.04225352112676056,0.011904761904761904,0.03034875922199866
p_813,t3_2c1mga,t1_cjb2jw5,t1_cjc4wg5,0.07660455486542443,0.04878048780487805,0.02782406706054638
p_815,t3_2c0frm,t1_cjb1qx6,t1_cjause4,0.04229607250755287,0.024096385542168676,0.018199686965384196
p_816,t3_2c0frm,t1_cjb1sid,t1_cjb85xf,0.04269449715370019,0.03307888040712468,0.00961561674657551
p_818,t3_2bys5g,t1_cja9ddx,t1_cja81tm,0.04395604395604396,0.052054794520547946,-0.008098750564503987
p_820,t3_2byn0m,t1_cja7f9f,t1_cjabwg5,0.07142857142857142,0.0641025641025641,0.007326007326007328
p_821,t3_2btxhq,t1_cj8vmab,t1_cj8xbmk,0.03018867924528302,0.05405405405405406,-0.023865374808771038
p_822,t3_2bt248,t1_cj8mfi7,t1_cj8m3h7,0.020202020202020204,0.039473684210526314,-0.01927166400850611
p_823,t3_2bt248,t1_cj8m0lg,t1_cj8mwsz,0.009708737864077669,0.04807692307692308,-0.03836818521284541
p_824,t3_2bsdbd,t1_cj8tbiu,t1_cj8hvl7,0.041176470588235294,0.05046728971962617,-0.009290819131390876
p_826,t3_2brzwb,t1_cj8hzbv,t1_cj8gj0l,0.06371191135734072,0.028846153846153848,0.034865757511186875
p_827,t3_2brzmq,t1_cj8bm67,t1_cj8cjmm,0.028901734104046242,0.02512562814070352,0.0037761059633427234
p_828,t3_2brzmq,t1_cj8ba9r,t1_cj8b7ms,0.0,0.0125,-0.0125
p_829,t3_2bqtzl,t1_cj80j9s,t1_cj810fl,0.03508771929824561,0.06377551020408163,-0.028687790905836022
p_832,t3_2boeux,t1_cj7b6r1,t1_cj7b5jv,0.046341463414634146,0.02666666666666667,0.019674796747967477
p_833,t3_2boeux,t1_cj7bl1t,t1_cj7igwx,0.06465517241379311,0.0,0.06465517241379311
p_834,t3_2boe3r,t1_cj7c5d5,t1_cj7cbq5,0.03474903474903475,0.03125,0.003499034749034749
p_836,t3_2bo3al,t1_cj7h31j,t1_cj7dkvq,0.08333333333333333,0.043478260869565216,0.03985507246376811
p_837,t3_2bnfju,t1_cj716f4,t1_cj718af,0.025423728813559324,0.016129032258064516,0.009294696555494808
p_838,t3_2bnfju,t1_cj71qqf,t1_cj717cb,0.027559055118110236,0.034482758620689655,-0.006923703502579419
p_840,t3_2bmc2p,t1_cj6s9ct,t1_cj6qflr,0.031914893617021274,0.08235294117647059,-0.05043804755944931
p_841,t3_2bmble,t1_cj6qs8o,t1_cj6v78p,0.03614457831325301,0.04129793510324484,-0.005153356789991827
p_844,t3_2bkf5u,t1_cj684og,t1_cj6d292,0.02564102564102564,0.0,0.02564102564102564
p_846,t3_2bk0qs,t1_cj63kvq,t1_cj63fve,0.014925373134328358,0.03529411764705882,-0.020368744512730463
p_849,t3_2bk0qs,t1_cj64yf0,t1_cj63fve,0.041666666666666664,0.03529411764705882,0.006372549019607841
p_847,t3_2bk0qs,t1_cj66iuo,t1_cj6420b,0.04553415061295972,0.058823529411764705,-0.013289378798804985
p_850,t3_2bk0qs,t1_cj65d7h,t1_cj66gvl,0.04736842105263158,0.056338028169014086,-0.008969607116382505
p_852,t3_2bh5ak,t1_cj5b5uh,t1_cj5jak2,0.0,0.0,0.0
p_854,t3_2bf94q,t1_cj4sh2e,t1_cj4qy6o,0.042105263157894736,0.032679738562091505,0.00942552459580323
p_855,t3_2bev6f,t1_cj4mn6v,t1_cj4o0am,0.031578947368421054,0.02127659574468085,0.010302351623740203
p_857,t3_2bdmlg,t1_cj4r6pc,t1_cj4uv2h,0.048701298701298704,0.013157894736842105,0.0355434039644566
p_858,t3_2bdgci,t1_cj49439,t1_cj49ckx,0.06204379562043796,0.03333333333333333,0.028710462287104624
p_859,t3_2bd0wa,t1_cj442sl,t1_cj43vgx,0.065,0.08333333333333333,-0.018333333333333326
p_861,t3_2bbyzd,t1_cj3zuoq,t1_cj3tx1c,0.04,0.046511627906976744,-0.006511627906976743
p_863,t3_2bbbrd,t1_cj3qs8q,t1_cj3ln9x,0.037037037037037035,0.04504504504504504,-0.008008008008008008
p_864,t3_2bbbrd,t1_cj3mpby,t1_cj3ln9x,0.05333333333333334,0.04504504504504504,0.008288288288288294
p_865,t3_2bb58m,t1_cj3lcvm,t1_cj3jor5,0.046357615894039736,0.0,0.046357615894039736
p_868,t3_2bag31,t1_cj3e0bt,t1_cj3f08t,0.028901734104046242,0.015463917525773196,0.013437816578273046
p_869,t3_2ba5xo,t1_cj3aqld,t1_cj3bm6j,0.09900990099009901,0.08695652173913043,0.012053379250968582
p_873,t3_2b6skg,t1_cj2glpl,t1_cj2cg6m,0.03389830508474576,0.05154639175257732,-0.017648086667831554
p_876,t3_2b3pi0,t1_cj1uavk,t1_cj1m2xo,0.00847457627118644,0.03,-0.02152542372881356
p_877,t3_2b3lad,t1_cj1iybx,t1_cj1jqxa,0.08536585365853659,0.08125,0.004115853658536589
p_879,t3_2b2yjr,t1_cj1hktf,t1_cj1b4e2,0.0321285140562249,0.0389908256880734,-0.0068623116318485
p_881,t3_2b1rwv,t1_cj15lfe,t1_cj10jtx,0.029411764705882353,0.015384615384615385,0.014027149321266967
p_882,t3_2b1rab,t1_cj0ycid,t1_cj0zinx,0.05734767025089606,0.06994818652849741,-0.01260051627760135
p_883,t3_2az65z,t1_cj0805c,t1_cj0g6d8,0.03292181069958848,0.04,-0.007078189300411521
p_884,t3_2az65z,t1_cj0afqo,t1_cj07su5,0.06666666666666667,0.034653465346534656,0.03201320132013201
p_887,t3_2ayhxt,t1_cj01q09,t1_cj05jan,0.043478260869565216,0.04119850187265917,0.0022797589969060436
p_888,t3_2ayhnp,t1_cj0eawe,t1_cj0dm90,0.024,0.0547945205479452,-0.030794520547945202
p_889,t3_2ay3kf,t1_cizxi5e,t1_cj0f52z,0.05161290322580645,0.025210084033613446,0.026402819192193006
p_892,t3_2axbu7,t1_cizphk8,t1_cizp4id,0.02564102564102564,0.0273972602739726,-0.001756234632946961
p_894,t3_2ax1is,t1_cizxbqp,t1_cizm2oq,0.05194805194805195,0.04411764705882353,0.00783040488922842
p_896,t3_2avwd8,t1_cizdu3g,t1_cizbvza,0.015789473684210527,0.034482758620689655,-0.018693284936479128
p_898,t3_2av5cs,t1_ciz2pkz,t1_ciz33sn,0.031446540880503145,0.06097560975609756,-0.029529068875594415
p_899,t3_2av5cs,t1_cizd4ad,t1_ciz33th,0.02186421173762946,0.028639618138424822,-0.006775406400795363
p_900,t3_2av5cs,t1_ciz37g5,t1_cizbl7q,0.02090032154340836,0.02207505518763797,-0.0011747336442296114
p_901,t3_2av4l0,t1_ciz5qhg,t1_ciz3zz1,0.02962085308056872,0.03519061583577713,-0.005569762755208409
p_902,t3_2av4l0,t1_ciz4rvg,t1_cizdobh,0.05263157894736842,0.053811659192825115,-0.0011800802454566967
p_903,t3_2auttr,t1_ciyyxji,t1_ciyz918,0.0539568345323741,0.032467532467532464,0.021489302064841634
p_904,t3_2auttr,t1_ciz267w,t1_cizcakn,0.06470588235294118,0.09090909090909091,-0.02620320855614973
p_905,t3_2auttr,t1_ciz01zx,t1_ciyz5z2,0.06862745098039216,0.0410958904109589,0.02753156056943326
p_907,t3_2autm6,t1_ciyzdgj,t1_ciyzc4o,0.01282051282051282,0.014084507042253521,-0.0012639942217407014
p_908,t3_2au1li,t1_ciytem3,t1_ciytn6n,0.07282913165266107,0.0213903743315508,0.051438757321110265
p_909,t3_2atya5,t1_ciyu2jf,t1_ciza7xp,0.02531645569620253,0.017777777777777778,0.0075386779184247535
p_910,t3_2atya5,t1_ciytbvr,t1_ciyug3x,0.029649595687331536,0.016216216216216217,0.013433379471115319
p_911,t3_2atkq9,t1_ciyvkn0,t1_ciysfit,0.058823529411764705,0.04918032786885246,0.009643201542912247
p_912,t3_2atkq9,t1_ciyvfhd,t1_ciz0aqa,0.032467532467532464,0.03333333333333333,-0.0008658008658008684
p_914,t3_2aprj3,t1_cixk3ln,t1_cixjumt,0.04878048780487805,0.053763440860215055,-0.004982953055337004
p_915,t3_2apfnp,t1_cixj7ex,t1_cixm7i4,0.0,0.01935483870967742,-0.01935483870967742
p_916,t3_2aotoi,t1_cixcw5d,t1_cixbgnz,0.05521472392638037,0.029339853300733496,0.025874870625646872
p_917,t3_2ao6r9,t1_cix76va,t1_cix3fsy,0.05345911949685535,0.037815126050420166,0.015643993446435182
p_918,t3_2ao6r9,t1_cix7iph,t1_cix8b7l,0.03618421052631579,0.02242152466367713,0.013762685862638662
p_919,t3_2ao0uk,t1_cix3ypn,t1_cix3ejo,0.01282051282051282,0.034482758620689655,-0.021662245800176835
p_920,t3_2ao0uk,t1_cix237u,t1_cix3ejo,0.0410958904109589,0.034482758620689655,0.006613131790269247
p_921,t3_2ancgk,t1_cizbef2,t1_ciwwlp0,0.022388059701492536,0.021739130434782608,0.0006489292667099279
p_922,t3_2am3iw,t1_ciwjxse,t1_ciwj1us,0.03968253968253968,0.011235955056179775,0.028446584626359905
p_923,t3_2am3iw,t1_ciwjejz,t1_ciwtkzm,0.06775700934579439,0.04017857142857143,0.027578437917222955
p_924,t3_2aksc1,t1_ciwatzs,t1_ciwai0k,0.05555555555555555,0.037383177570093455,0.018172377985462097
p_925,t3_2aklm2,t1_ciwffud,t1_ciwbxu9,0.029197080291970802,0.03636363636363636,-0.00716655607166556
p_926,t3_2akhk0,t1_ciw2gow,t1_ciw2nfc,0.07407407407407407,0.03492063492063492,0.03915343915343915
p_927,t3_2ajnzj,t1_ciwqij6,t1_ciwemsm,0.030303030303030304,0.024691358024691357,0.005611672278338947
p_928,t3_2aj9r3,t1_ciwcbuo,t1_civud7i,0.03492063492063492,0.01694915254237288,0.01797148237826204
p_931,t3_2aj1mk,t1_civssxr,t1_civm58k,0.05324459234608985,0.05417276720351391,-0.0009281748574240592
p_930,t3_2aj1mk,t1_civrhnv,t1_civrvjf,0.024242424242424242,0.03773584905660377,-0.01349342481417953
p_933,t3_2ah2al,t1_civd1ci,t1_civ856q,0.07082630691399663,0.08198924731182795,-0.01116294039783132
p_935,t3_2afgwo,t1_ciujkwd,t1_ciuknh0,0.0430622009569378,0.015151515151515152,0.02791068580542265
p_937,t3_2afeix,t1_civ4udg,t1_ciui2wk,0.056451612903225805,0.017543859649122806,0.038907753254103
p_936,t3_2afeix,t1_ciuiq4g,t1_civ1g4o,0.02857142857142857,0.02531645569620253,0.0032549728752260393
p_940,t3_2a9tub,t1_cisxezp,t1_cisyu2q,0.0397196261682243,0.02857142857142857,0.011148197596795726
p_942,t3_2a9dnv,t1_cit209o,t1_cissjh9,0.05263157894736842,0.013966480446927373,0.038665098500441045
p_943,t3_2a9dnv,t1_cisrycq,t1_cisrkq6,0.049723756906077346,0.016129032258064516,0.03359472464801283
p_945,t3_2a7l9t,t1_cisdojk,t1_cisar6g,0.045180722891566265,0.07523510971786834,-0.030054386826302078
p_946,t3_2a7f52,t1_cisdl2d,t1_cisbb3e,0.06614785992217899,0.025,0.04114785992217899
p_947,t3_2a7f52,t1_cisbwf3,t1_cisf85e,0.05161290322580645,0.041237113402061855,0.010375789823744597
p_948,t3_2a7f52,t1_cisazcd,t1_cisbb3e,0.10096153846153846,0.025,0.07596153846153847
p_950,t3_2a71ap,t1_cis8nhw,t1_cis9yiw,0.048109965635738834,0.052132701421800945,-0.004022735786062111
p_951,t3_2a6vk3,t1_cis5k8v,t1_cisibct,0.005376344086021506,0.040229885057471264,-0.034853540971449756
p_952,t3_2a6vk3,t1_cis6qmv,t1_cisibct,0.027649769585253458,0.040229885057471264,-0.012580115472217806
p_954,t3_2a5fi8,t1_ciro19q,t1_cirnern,0.06168831168831169,0.0379746835443038,0.02371362814400789
p_955,t3_2a54d2,t1_cirmdvw,t1_cirrtjb,0.02,0.031818181818181815,-0.011818181818181814
p_957,t3_2a3mhz,t1_cirdfug,t1_cirn0uk,0.07327586206896551,0.05,0.023275862068965508
p_959,t3_2a2ccx,t1_ciqt2gd,t1_ciqstk4,0.06578947368421052,0.023809523809523808,0.041979949874686714
p_958,t3_2a2ccx,t1_ciqt1fb,t1_ciqt0ds,0.0,0.022222222222222223,-0.022222222222222223
p_960,t3_2a299i,t1_ciqsytr,t1_ciqs72a,0.019444444444444445,0.06315789473684211,-0.04371345029239766
p_961,t3_2a299i,t1_ciqsl3r,t1_ciqt0e3,0.0410958904109589,0.05537459283387622,-0.014278702422917317
p_963,t3_2a1jkp,t1_ciqmtf7,t1_ciqlutb,0.014234875444839857,0.015,-0.0007651245551601425
p_964,t3_2a1jkp,t1_ciqrmpo,t1_ciqn0ib,0.0,0.00881057268722467,-0.00881057268722467
p_966,t3_2a197z,t1_ciqil5b,t1_ciqobmw,0.024539877300613498,0.05785123966942149,-0.033311362368807995
p_967,t3_2a197z,t1_ciqihn1,t1_ciqobmw,0.0169971671388102,0.05785123966942149,-0.04085407253061129
p_968,t3_29zmtz,t1_ciq2ol0,t1_ciq3149,0.05116959064327485,0.04395604395604396,0.0072135466872308915
p_969,t3_29wdwj,t1_cip54i9,t1_cip4gi2,0.03271028037383177,0.05338078291814947,-0.020670502544317695
p_970,t3_29vb8t,t1_cioupvy,t1_cip1yki,0.029411764705882353,0.037037037037037035,-0.0076252723311546824
p_971,t3_29uigy,t1_cioolhq,t1_ciopo2e,0.0136986301369863,0.009523809523809525,0.004174820613176776
p_972,t3_29twg4,t1_ciohbmn,t1_ciofrjv,0.0449438202247191,0.03361344537815126,0.01133037484656784
p_973,t3_29thke,t1_cioct3t,t1_ciofixu,0.07692307692307693,0.043478260869565216,0.03344481605351171
p_974,t3_29thke,t1_ciod9j6,t1_ciof299,0.03111111111111111,0.05154639175257732,-0.020435280641466207
p_975,t3_29thke,t1_ciod9wn,t1_ciof299,0.046263345195729534,0.05154639175257732,-0.005283046556847783
p_976,t3_29t2lw,t1_cio8k31,t1_ciorv42,0.036585365853658534,0.05929919137466307,-0.022713825521004538
p_978,t3_29sw94,t1_cioket0,t1_ciolk7r,0.06818181818181818,0.1,-0.03181818181818183
p_979,t3_29s43k,t1_cinyd5x,t1_cinyyyn,0.02127659574468085,0.03305785123966942,-0.011781255494988572
p_981,t3_29q8ct,t1_cinh7w0,t1_cing94q,0.018018018018018018,0.02403846153846154,-0.006020443520443522
p_983,t3_29pjwk,t1_cinfrtq,t1_cin94yc,0.07563025210084033,0.0,0.07563025210084033
p_984,t3_29oi1n,t1_cimz15m,t1_cimy8x8,0.04963235294117647,0.07196029776674938,-0.02232794482557291
p_985,t3_29o2de,t1_cimtmrk,t1_cin0747,0.0,0.03558718861209965,-0.03558718861209965
p_988,t3_29nx6g,t1_cimrrzy,t1_cimrry5,0.07017543859649122,0.056338028169014086,0.013837410427477138
p_990,t3_29n4wo,t1_cio9nnh,t1_cimnztj,0.03978622327790974,0.027848101265822784,0.011938122012086955
p_992,t3_29mv5t,t1_cimhn69,t1_cimm4sj,0.024390243902439025,0.02040816326530612,0.003982080637132904
p_993,t3_29kyod,t1_cily6cd,t1_cilx8xd,0.016778523489932886,0.02247191011235955,-0.005693386622426664
p_994,t3_29koa9,t1_ciluvuu,t1_cim8wkw,0.042105263157894736,0.07044198895027624,-0.028336725792381508
p_996,t3_29koa9,t1_cim0cmu,t1_cim8wkw,0.05281941470378301,0.07044198895027624,-0.01762257424649323
p_997,t3_29koa9,t1_cilvgjv,t1_cim8wkw,0.07009345794392523,0.07044198895027624,-0.0003485310063510161
p_998,t3_29koa9,t1_cilvqev,t1_cilxj9y,0.08498583569405099,0.043859649122807015,0.04112618657124398
p_999,t3_29gpjt,t1_cilbryz,t1_cikqtwr,0.018518518518518517,0.023696682464454975,-0.005178163945936457
p_1000,t3_29fpzd,t1_cikhu2y,t1_cikh4e8,0.01818181818181818,0.07352941176470588,-0.055347593582887704
p_1001,t3_29fb1d,t1_cikeni2,t1_cikla8t,0.023255813953488372,0.023668639053254437,-0.00041282509976606555
p_1002,t3_29ex1p,t1_cik9jgg,t1_ciko7yy,0.03893805309734513,0.09433962264150944,-0.05540156954416431
p_1003,t3_29elqv,t1_cik5t8y,t1_cik747j,0.05263157894736842,0.04054054054054054,0.012091038406827875
p_1005,t3_29dde1,t1_cijuats,t1_cijzw8d,0.04580152671755725,0.0963302752293578,-0.05052874851180055
p_1008,t3_29cqd5,t1_cijp4yk,t1_cijvb22,0.04712041884816754,0.047058823529411764,6.159531875577634e-05
p_1009,t3_29c3ml,t1_cikuj8t,t1_cijh4ci,0.07975460122699386,0.04854368932038835,0.031210911906605514
p_1010,t3_299mpb,t1_ciiv880,t1_cijf48t,0.02109704641350211,0.012903225806451613,0.008193820607050496
p_1012,t3_299m1u,t1_cij2hf7,t1_ciirgle,0.02577319587628866,0.048484848484848485,-0.022711652608559826
p_1011,t3_299m1u,t1_cij1roi,t1_ciisuex,0.02531645569620253,0.058333333333333334,-0.033016877637130806
p_1015,t3_298jbk,t1_ciircqo,t1_ciijbdz,0.014084507042253521,0.03216374269005848,-0.018079235647804955
p_1016,t3_295zr6,t1_cihud2v,t1_cihuma6,0.016129032258064516,0.031512605042016806,-0.01538357278395229
p_1018,t3_293ei6,t1_cih7ua8,t1_cih1isj,0.02967359050445104,0.037037037037037035,-0.007363446532585995
p_1020,t3_292154,t1_cignun4,t1_cigrv7m,0.021505376344086023,0.0379746835443038,-0.016469307200217775
p_1022,t3_28xzqn,t1_cig26mw,t1_cifrcsx,0.024154589371980676,0.025,-0.0008454106280193253
p_1023,t3_28xbw7,t1_cifjy3z,t1_cifovj7,0.04430379746835443,0.061855670103092786,-0.017551872634738355
p_1024,t3_28xbw7,t1_cig1fzx,t1_cifl87i,0.06382978723404255,0.0625,0.0013297872340425482
p_1025,t3_28wpvg,t1_cif8zbc,t1_cif9t6k,0.0690505548705302,0.04065040650406504,0.028400148366465164
p_1026,t3_28wp3q,t1_cif8e82,t1_cif88e5,0.0449438202247191,0.034482758620689655,0.010461061604029445
p_1027,t3_28vthp,t1_cieyolc,t1_cif42z9,0.07777777777777778,0.00909090909090909,0.06868686868686869
p_1028,t3_28sivx,t1_cie0w6q,t1_cie3rwm,0.030534351145038167,0.05714285714285714,-0.026608505997818974
p_1029,t3_28sivx,t1_cie32oy,t1_cie6c67,0.05442176870748299,0.0319634703196347,0.02245829838784829
p_1030,t3_28sivx,t1_cie3t4x,t1_ciexvov,0.008403361344537815,0.008928571428571428,-0.0005252100840336133
p_1031,t3_28rftj,t1_cidpqyo,t1_cidq2o7,0.02727272727272727,0.02346041055718475,0.0038123167155425207
p_1033,t3_28l9bo,t1_cicbcrc,t1_cicnduy,0.050724637681159424,0.018518518518518517,0.032206119162640906
p_1034,t3_28kmxf,t1_cibufhn,t1_cic57nm,0.05220883534136546,0.025806451612903226,0.026402383728462233
p_1036,t3_28k1k9,t1_cic5k0x,t1_cibo1r9,0.05630026809651475,0.05333333333333334,0.0029669347631814114
p_1037,t3_28jnxp,t1_cibl8h0,t1_cibmdqw,0.043795620437956206,0.013605442176870748,0.030190178261085457
p_1039,t3_28io13,t1_cibbreq,t1_cic1705,0.025974025974025976,0.015037593984962405,0.01093643198906357
p_1040,t3_28io13,t1_cibhh0f,t1_cibq1ek,0.034482758620689655,0.04411764705882353,-0.009634888438133878
p_1042,t3_28io13,t1_cibcinr,t1_cic1705,0.0410958904109589,0.015037593984962405,0.026058296425996497
p_1044,t3_28hqnq,t1_cib224e,t1_cib40ah,0.06666666666666667,0.078125,-0.011458333333333334
p_1045,t3_28c0xt,t1_ciasocp,t1_cia500d,0.04529616724738676,0.06451612903225806,-0.0192199617848713
p_1046,t3_28butd,t1_ci9glxs,t1_ci9f4fm,0.02142857142857143,0.0423728813559322,-0.020944309927360773
p_1047,t3_28b5n6,t1_ci9a3vl,t1_ci99ope,0.04054054054054054,0.03125,0.009290540540540543
p_1052,t3_28a5fu,t1_ci9bqem,t1_ci8yety,0.009302325581395349,0.0,0.009302325581395349
p_1053,t3_28a4rk,t1_ci8xy5w,t1_ci90bbf,0.033816425120772944,0.021103896103896104,0.01271252901687684
p_1055,t3_2881g3,t1_ci8embi,t1_ci8bs9b,0.1076923076923077,0.06451612903225806,0.043176178660049636
p_1056,t3_287z9c,t1_ci8aubw,t1_ci8apra,0.05466237942122187,0.02654867256637168,0.028113706854850186
p_1057,t3_287z9c,t1_ci8d0ed,t1_ci8apra,0.015384615384615385,0.02654867256637168,-0.011164057181756296
p_1058,t3_287cab,t1_ci86zv4,t1_ci87ifw,0.059322033898305086,0.01282051282051282,0.04650152107779226
p_1059,t3_2870cx,t1_ci81vqj,t1_ci8137l,0.050505050505050504,0.08860759493670886,-0.03810254443165836
p_1060,t3_286wmt,t1_ci81k1d,t1_ci80xo1,0.015873015873015872,0.06060606060606061,-0.044733044733044736
p_1061,t3_286wmt,t1_ci817z2,t1_ci8clpg,0.047244094488188976,0.0472972972972973,-5.32028091083242e-05
p_1062,t3_2848jg,t1_ci7igy9,t1_ci7f6gw,0.060240963855421686,0.046511627906976744,0.013729335948444943
p_1064,t3_282r7k,t1_ci758gf,t1_ci6xs0m,0.030303030303030304,0.0,0.030303030303030304
p_1065,t3_282lgu,t1_ci6xcds,t1_ci6wglw,0.12048192771084337,0.09782608695652174,0.02265584075432163
p_1068,t3_281bde,t1_ci6f2vp,t1_ci73217,0.040697674418604654,0.011363636363636364,0.02933403805496829
p_1069,t3_2803o3,t1_ci69ena,t1_ci63g5z,0.0297951582867784,0.028985507246376812,0.0008096510404015864
p_1070,t3_2803o3,t1_ci63w8c,t1_ci63kpj,0.03409090909090909,0.031746031746031744,0.002344877344877344
p_1071,t3_27ywun,t1_ci5q8xy,t1_ci5rb2e,0.03519061583577713,0.020491803278688523,0.014698812557088606
p_1072,t3_27yn4n,t1_ci5p6hk,t1_ci5nwbp,0.07954545454545454,0.00975609756097561,0.06978935698447894
p_1073,t3_27wog4,t1_ci54b7y,t1_ci54sne,0.04932735426008968,0.0,0.04932735426008968
p_1074,t3_27w5po,t1_ci4zmff,t1_ci4ziae,0.09975062344139651,0.031746031746031744,0.06800459169536477
p_1075,t3_27w4g2,t1_ci52xge,t1_ci500mh,0.0,0.02727272727272727,-0.02727272727272727
p_1076,t3_27tb09,t1_ci498s2,t1_ci45ypy,0.0625,0.011363636363636364,0.05113636363636363
p_1077,t3_27r91j,t1_ci3qcct,t1_ci3r4y5,0.011363636363636364,0.03225806451612903,-0.020894428152492667
p_1078,t3_27r91j,t1_ci469aj,t1_ci3lbw6,0.03048780487804878,0.0481283422459893,-0.017640537367940523
p_1080,t3_27r91j,t1_ci3v5tq,t1_ci3lbw6,0.013888888888888888,0.0481283422459893,-0.034239453357100415
p_1079,t3_27r91j,t1_ci3s6fn,t1_ci4g5dm,0.04419889502762431,0.03260869565217391,0.011590199375450395
p_1081,t3_27qqap,t1_ci3mz0v,t1_ci3fwt5,0.06046511627906977,0.05172413793103448,0.008740978348035285
p_1082,t3_27polk,t1_ci34zl5,t1_ci34y3o,0.04331450094161959,0.03081232492997199,0.012502176011647596
p_1083,t3_27poi8,t1_ci35etu,t1_ci36j29,0.023809523809523808,0.056074766355140186,-0.03226524254561638
p_1084,t3_27p2fu,t1_ci302xh,t1_ci2zv2i,0.04024767801857585,0.0962962962962963,-0.056048618277720445
p_1085,t3_27nxly,t1_ci2o2dq,t1_ci2ox33,0.06048387096774194,0.011299435028248588,0.04918443593949335
p_1087,t3_27mbdo,t1_ci2lk26,t1_ci271f9,0.05952380952380952,0.058823529411764705,0.0007002801120448154
p_1088,t3_27m0gw,t1_ci29ixa,t1_ci2e7bo,0.04559270516717325,0.011299435028248588,0.034293270138924664
p_1089,t3_27ltja,t1_ci22bw3,t1_ci221eg,0.064,0.02,0.044
p_1090,t3_27lpkf,t1_ci21sv8,t1_ci22b62,0.03180212014134275,0.07552083333333333,-0.043718713191990576
p_1091,t3_27lmyu,t1_ci25ehz,t1_ci292ni,0.015444015444015444,0.05405405405405406,-0.038610038610038616
p_1092,t3_27l0kn,t1_ci22hoe,t1_ci1usgp,0.01327433628318584,0.02,-0.00672566371681416
p_1094,t3_27jl8c,t1_ci1fdd3,t1_ci1q6ug,0.09090909090909091,0.0625,0.02840909090909091
p_1095,t3_27jl8c,t1_ci1g3eq,t1_ci1o724,0.06422018348623854,0.04878048780487805,0.015439695681360485
p_1096,t3_27jl8c,t1_ci1ybru,t1_ci1ghse,0.034722222222222224,0.06435643564356436,-0.029634213421342134
p_1097,t3_27hht5,t1_ci0v62f,t1_ci0xj1h,0.07518796992481203,0.02127659574468085,0.05391137418013117
p_1098,t3_27hht5,t1_ci0v0t9,t1_ci0xj1h,0.041237113402061855,0.02127659574468085,0.019960517657381004
p_1099,t3_27hf7o,t1_ci1a4gk,t1_ci1l4fi,0.022540983606557378,0.045454545454545456,-0.022913561847988078
p_1101,t3_27gnxb,t1_ci0ta3o,t1_ci0mgmp,0.08021390374331551,0.043478260869565216,0.03673564287375029
p_1103,t3_27ea43,t1_chzyi0v,t1_chzyvc9,0.014492753623188406,0.0045662100456621,0.009926543577526306
p_1104,t3_27ea43,t1_chzydy2,t1_chzyi89,0.06,0.0379746835443038,0.0220253164556962
p_1105,t3_27ea43,t1_ci00m2q,t1_chzyvc9,0.026052104208416832,0.0045662100456621,0.021485894162754732
p_1106,t3_27ea43,t1_ci00sgm,t1_ci005dx,0.03624733475479744,0.028792912513842746,0.0074544222409546924
p_1107,t3_27dypa,t1_ci0bdgm,t1_ci07fb6,0.04479578392621871,0.03672787979966611,0.008067904126552602
p_1108,t3_27divm,t1_chzwhlt,t1_chzuja4,0.04411764705882353,0.011363636363636364,0.03275401069518717
p_1109,t3_27cn8y,t1_chzj6p6,t1_chziyko,0.027210884353741496,0.042105263157894736,-0.01489437880415324
p_1111,t3_27atxw,t1_chz6xha,t1_chz1u36,0.02005730659025788,0.0410958904109589,-0.02103858382070102
p_1112,t3_27arev,t1_chzar7e,t1_chyzift,0.04739336492890995,0.05,-0.0026066350710900535
p_1113,t3_27aea6,t1_chywdcb,t1_chywfdl,0.04529616724738676,0.0273972602739726,0.01789890697341416
p_1114,t3_27aa6m,t1_chyw1lz,t1_chyuott,0.04637336504161712,0.03535353535353535,0.011019829688081767
p_1116,t3_278w0f,t1_chynby5,t1_chyjibx,0.02666666666666667,0.015384615384615385,0.011282051282051283
p_1118,t3_277y4m,t1_chydgtq,t1_chywat7,0.05343511450381679,0.12727272727272726,-0.07383761276891046
p_1119,t3_277y4m,t1_chydb1h,t1_chyw4kk,0.01639344262295082,0.06666666666666667,-0.05027322404371584
p_1120,t3_277x8k,t1_chyttqk,t1_chy9d0r,0.009433962264150943,0.03773584905660377,-0.02830188679245283
p_1121,t3_276tlp,t1_chy7sh3,t1_chy0rmg,0.05702917771883289,0.031746031746031744,0.025283145972801145
p_1124,t3_274620,t1_chxaxd7,t1_chx8gds,0.04375,0.041666666666666664,0.002083333333333333
p_1126,t3_273kmd,t1_chxd1h9,t1_chxj63m,0.04030710172744722,0.038461538461538464,0.0018455632659087548
p_1127,t3_273kmd,t1_chx2u1h,t1_chxabgz,0.019417475728155338,0.05514705882352941,-0.03572958309537407
p_1129,t3_271kgs,t1_chwkzvw,t1_chwjkzk,0.0603448275862069,0.04067796610169491,0.019666861484511987
p_1130,t3_270lsq,t1_chwcze1,t1_chw9d8q,0.029850746268656716,0.058823529411764705,-0.02897278314310799
p_1131,t3_26zspu,t1_chw19hq,t1_chw183d,0.023952095808383235,0.0449438202247191,-0.020991724416335865
p_1134,t3_26zc51,t1_chwc4g5,t1_chvxpww,0.04524886877828054,0.02926829268292683,0.01598057609535371
p_1136,t3_26yks9,t1_chvwhll,t1_chvq9oq,0.024390243902439025,0.05263157894736842,-0.028241335044929393
p_1137,t3_26wd6r,t1_chv5dr8,t1_chv4tni,0.0472972972972973,0.030434782608695653,0.016862514688601647
p_1139,t3_26vy78,t1_chv29xs,t1_chv09i1,0.08196721311475409,0.0547945205479452,0.02717269256680889
p_1140,t3_26uqns,t1_chuofxc,t1_chur6nz,0.1,0.07236842105263158,0.027631578947368424
p_1141,t3_26ua0u,t1_chujiwj,t1_chujocf,0.0528169014084507,0.04129793510324484,0.011518966305205866
p_1142,t3_26u9dw,t1_chuufxu,t1_chukxnl,0.0,0.0,0.0
p_1143,t3_26sh4n,t1_chu3p5h,t1_chu15ia,0.013953488372093023,0.017391304347826087,-0.003437815975733064
p_1146,t3_26rdo4,t1_chtuhl8,t1_chtxxpb,0.05970149253731343,0.05701754385964912,0.002683948677664312
p_1147,t3_26rdo4,t1_chu67p6,t1_chtrpps,0.08860759493670886,0.05084745762711865,0.037760137309590214
p_1148,t3_26q635,t1_chtgusq,t1_chtf56s,0.0,0.03508771929824561,-0.03508771929824561
p_1149,t3_26p8jo,t1_cht981c,t1_chtj2ux,0.018115942028985508,0.057692307692307696,-0.03957636566332219
p_1150,t3_26p8jo,t1_cht9qr7,t1_chts9np,0.02531645569620253,0.029411764705882353,-0.004095309009679821
p_1152,t3_26oalr,t1_chsxcva,t1_chsx48j,0.02403846153846154,0.04878048780487805,-0.02474202626641651
p_1153,t3_26nxhn,t1_chsvwxu,t1_chsv0n8,0.048,0.0498220640569395,-0.0018220640569395
p_1154,t3_26nryd,t1_chsrqt8,t1_chsrvxo,0.06613756613756613,0.01282051282051282,0.05331705331705332
p_1155,t3_26nhjw,t1_cht4pkp,t1_chsu79i,0.02631578947368421,0.043824701195219126,-0.017508911721534917
p_1156,t3_26nayb,t1_chssa9d,t1_chsv92t,0.0199468085106383,0.02702702702702703,-0.00708021851638873
p_1157,t3_26klj1,t1_chs03g4,t1_chryx19,0.031026252983293555,0.04526748971193416,-0.014241236728640604
p_1158,t3_26klj1,t1_chs24pt,t1_chrz6c7,0.013157894736842105,0.007142857142857143,0.006015037593984962
p_1160,t3_26hzf8,t1_chr8s7x,t1_chrles3,0.038461538461538464,0.046357615894039736,-0.007896077432501272
p_1161,t3_26hwea,t1_chrabe3,t1_chr8ld6,0.008695652173913044,0.019801980198019802,-0.011106328024106759
p_1162,t3_26gh41,t1_chrb2s3,t1_chrbbrp,0.041916167664670656,0.0784313725490196,-0.03651520488434895
p_1163,t3_26dl3h,t1_chqfdzg,t1_chqb2dv,0.05333333333333334,0.01098901098901099,0.042344322344322345
p_1164,t3_26d2uo,t1_chpypl8,t1_chpy5h4,0.05194805194805195,0.09420289855072464,-0.04225484660267269
p_1166,t3_26chd9,t1_chprxii,t1_chpqlc3,0.060810810810810814,0.02564102564102564,0.035169785169785174
p_1165,t3_26chd9,t1_chpu05i,t1_chpunzb,0.04784688995215311,0.04186046511627907,0.005986424835874041
p_1168,t3_26b7qy,t1_chpe7k0,t1_chpfdw6,0.07291666666666667,0.06040268456375839,0.012513982102908279
p_1167,t3_26b7qy,t1_chpl60e,t1_chpgldh,0.05982905982905983,0.07456140350877193,-0.014732343679712094
p_1169,t3_26b1l1,t1_chphzs8,t1_chpj8nd,0.05517241379310345,0.06,-0.00482758620689655
p_1170,t3_26b1l1,t1_chpkxvq,t1_chpr7to,0.025806451612903226,0.03618421052631579,-0.010377758913412565
p_1171,t3_26axzi,t1_chpfpjf,t1_chpch30,0.04597701149425287,0.026119402985074626,0.019857608509178247
p_1173,t3_26avz4,t1_chpvoyz,t1_chpdbyq,0.03420523138832998,0.058823529411764705,-0.024618298023434723
p_1172,t3_26avz4,t1_chpk0aq,t1_chpkmh2,0.021671826625386997,0.024691358024691357,-0.0030195313993043593
p_1175,t3_266yvm,t1_cho98qb,t1_cho9whe,0.037102473498233215,0.023214285714285715,0.0138881877839475
p_1176,t3_264xi6,t1_chnu7dr,t1_chntgnu,0.04819277108433735,0.060085836909871244,-0.011893065825533893
p_1177,t3_264iek,t1_chnlkj6,t1_chnpgap,0.03597122302158273,0.025974025974025976,0.009997197047556756
p_1178,t3_26478q,t1_chnuzwc,t1_chni6ea,0.03211009174311927,0.05668016194331984,-0.02457007020020057
p_1180,t3_26388i,t1_chn9wjm,t1_chn949h,0.046583850931677016,0.06940874035989718,-0.02282488942822016
p_1179,t3_26388i,t1_chn995p,t1_chnvien,0.020833333333333332,0.0,0.020833333333333332
p_1182,t3_25xo3j,t1_chm80yd,t1_chlvz4j,0.04152249134948097,0.022508038585209004,0.019014452764271963
p_1183,t3_25xl5s,t1_chm54oj,t1_chlqmz0,0.03076923076923077,0.008733624454148471,0.0220356063150823
p_1184,t3_25x7qp,t1_chlltit,t1_chlyib1,0.022727272727272728,0.013157894736842105,0.009569377990430623
p_1185,t3_25vncd,t1_chldip6,t1_chl5c1u,0.055762081784386616,0.03389830508474576,0.021863776699640854
p_1187,t3_25ttah,t1_chknoam,t1_chknr46,0.023575638506876228,0.05405405405405406,-0.03047841554717783
p_1188,t3_25tb6s,t1_chkkbgt,t1_chkmpg8,0.047058823529411764,0.046511627906976744,0.0005471956224350205
p_1189,t3_25tb6s,t1_chkkdg1,t1_chknu20,0.08695652173913043,0.04225352112676056,0.04470300061236987
p_1190,t3_25suor,t1_chkfvbm,t1_chkg3m5,0.05734767025089606,0.049019607843137254,0.008328062407758803
p_1193,t3_25scj1,t1_chkzgwk,t1_chkmkdy,0.025806451612903226,0.07462686567164178,-0.04882041405873856
p_1194,t3_25r1ji,t1_chjyik3,t1_chk8w7b,0.02702702702702703,0.05090909090909091,-0.023882063882063882
p_1195,t3_25po6v,t1_chjkkx8,t1_chjubyn,0.07308970099667775,0.05154639175257732,0.02154330924410043
p_1196,t3_25po6v,t1_chk8sqa,t1_chjubyn,0.04009163802978236,0.05154639175257732,-0.011454753722794954
p_1197,t3_25pnxw,t1_chjirvh,t1_chjpfx2,0.010752688172043012,0.061855670103092786,-0.05110298193104977
p_1198,t3_25pnxw,t1_chjjtas,t1_chjj0yp,0.047619047619047616,0.014084507042253521,0.03353454057679409
p_1199,t3_25oyan,t1_chjdqy8,t1_chjem5p,0.03353658536585366,0.04416403785488959,-0.010627452489035932
p_1200,t3_25nvz4,t1_chj0cy6,t1_chj0i1f,0.037037037037037035,0.02608695652173913,0.010950080515297906
p_1201,t3_25n272,t1_chiubth,t1_chitirm,0.03571428571428571,0.0410958904109589,-0.0053816046966731895
p_1202,t3_25n272,t1_chiu5hs,t1_chiulpy,0.05390835579514825,0.038461538461538464,0.015446817333609787
p_1205,t3_25lg8m,t1_chigspr,t1_chiogt6,0.045112781954887216,0.025423728813559324,0.019689053141327892
p_1206,t3_25l0uy,t1_chi8i2g,t1_chi832d,0.04201680672268908,0.015625,0.02639180672268908
p_1207,t3_25l0uy,t1_chi7njk,t1_chi7tu1,0.05099150141643059,0.03125,0.019741501416430593
p_1211,t3_25itrj,t1_chhmwgg,t1_chi69ds,0.036585365853658534,0.009433962264150943,0.027151403589507593
p_1212,t3_25im4s,t1_chhkumz,t1_chhjyki,0.061488673139158574,0.037037037037037035,0.02445163610212154
p_1213,t3_25ha18,t1_chh8ifw,t1_chheuzj,0.060085836909871244,0.1144578313253012,-0.054371994415429954
p_1214,t3_25ha18,t1_chh6qmk,t1_chhe1dy,0.02702702702702703,0.02608695652173913,0.0009400705052878995
p_1216,t3_25gqr3,t1_chh26by,t1_chhh81o,0.02631578947368421,0.047872340425531915,-0.021556550951847706
p_1217,t3_25gqr3,t1_chh8rrt,t1_chhh81o,0.06292749658002736,0.047872340425531915,0.015055156154495444
p_1218,t3_25fjdx,t1_chgsfko,t1_chgwtsq,0.04739336492890995,0.015748031496062992,0.03164533343284696
p_1219,t3_25emz1,t1_chgg0g9,t1_chgig4z,0.05045871559633028,0.03296703296703297,0.01749168262929731
p_1220,t3_25emz1,t1_chgg5ng,t1_chgir2d,0.04375,0.029411764705882353,0.014338235294117645
p_1221,t3_25e9jx,t1_chggnry,t1_chge47o,0.07600950118764846,0.07126948775055679,0.00474001343709167
p_1223,t3_25dxbd,t1_chg9dqe,t1_chg8ogo,0.05405405405405406,0.028455284552845527,0.02559876950120853
p_1227,t3_255hmb,t1_chdweq6,t1_chemebp,0.0,0.02054794520547945,-0.02054794520547945
p_1229,t3_254zub,t1_chdvkgy,t1_chdwf9h,0.02830188679245283,0.043478260869565216,-0.015176374077112385
p_1231,t3_254y08,t1_cheumim,t1_chds6fo,0.018779342723004695,0.015625,0.0031543427230046953
p_1233,t3_25397z,t1_chda336,t1_chdw4w9,0.022222222222222223,0.07534246575342465,-0.05312024353120243
p_1237,t3_251sp2,t1_chcu4b5,t1_chctls6,0.011627906976744186,0.0078125,0.003815406976744186
p_1238,t3_251sp2,t1_chct90x,t1_chctls6,0.023529411764705882,0.0078125,0.015716911764705882
p_1239,t3_24y1ch,t1_chbuciq,t1_chbrxsr,0.03546099290780142,0.028089887640449437,0.007371105267351984
p_1240,t3_24xvdh,t1_chc0kbp,t1_chbz1m4,0.014150943396226415,0.024271844660194174,-0.010120901263967759
p_1241,t3_24xu2q,t1_chbubti,t1_chbry7z,0.09947643979057591,0.03361344537815126,0.06586299441242466
p_1242,t3_24xu2q,t1_chc4ef4,t1_chbry7z,0.06527415143603134,0.03361344537815126,0.03166070605788008
p_1244,t3_24w4ny,t1_chb93ff,t1_chb9gll,0.008955223880597015,0.03367875647668394,-0.024723532596086922
p_1245,t3_24w2l9,t1_chb9cc8,t1_chb90uk,0.028268551236749116,0.025510204081632654,0.0027583471551164626
p_1246,t3_24v6pp,t1_chbpbt5,t1_chb0vnk,0.06358381502890173,0.03816793893129771,0.02541587609760402
p_1247,t3_24v4li,t1_chb1bwz,t1_chb0q8j,0.009259259259259259,0.04054054054054054,-0.031281281281281284
p_1249,t3_24v147,t1_chbavh7,t1_chbf3nm,0.03164556962025317,0.0296875,0.001958069620253168
p_1251,t3_24u1tt,t1_chatgr3,t1_chap2b6,0.02247191011235955,0.022556390977443608,-8.448086508405783e-05
p_1252,t3_24svid,t1_chabtmq,t1_chabwh6,0.03571428571428571,0.04918032786885246,-0.013466042154566746
p_1255,t3_24se6g,t1_cha8lpp,t1_cha7yte,0.03836317135549872,0.037037037037037035,0.0013261343184616872
p_1256,t3_24sb0f,t1_cha6mi6,t1_cha8ryw,0.016260162601626018,0.0,0.016260162601626018
p_1257,t3_24qqog,t1_ch9zipy,t1_ch9sfw0,0.07386363636363637,0.06593406593406594,0.007929570429570432
p_1258,t3_24pgmg,t1_ch9fo96,t1_ch9x7xg,0.032679738562091505,0.04784688995215311,-0.015167151390061605
p_1261,t3_24mdbl,t1_ch8og6w,t1_ch8j52p,0.038834951456310676,0.03807106598984772,0.0007638854664629574
p_1262,t3_24m6ig,t1_ch8nkas,t1_ch8kf1q,0.03260869565217391,0.04046242774566474,-0.007853732093490828
p_1264,t3_24j7qu,t1_ch7qjkg,t1_ch7uy3e,0.03409090909090909,0.04081632653061224,-0.006725417439703153
p_1265,t3_24io3e,t1_ch7na38,t1_ch7ieyl,0.045112781954887216,0.02586206896551724,0.019250712989369975
p_1266,t3_24io3e,t1_ch7pz3m,t1_ch7ieyl,0.050314465408805034,0.02586206896551724,0.024452396443287793
p_1267,t3_24hwd5,t1_ch7gi99,t1_ch7affk,0.034482758620689655,0.08333333333333333,-0.048850574712643674
p_1268,t3_24h3zr,t1_ch72c4s,t1_ch72cof,0.04524886877828054,0.024154589371980676,0.021094279406299866
p_1269,t3_24g8ii,t1_ch71nlc,t1_ch6tmiv,0.025495750708215296,0.021739130434782608,0.0037566202734326884
p_1270,t3_24g4hq,t1_ch7257w,t1_ch6va5a,0.02912621359223301,0.058823529411764705,-0.029697315819531694
p_1278,t3_24c5qv,t1_ch5oa5w,t1_ch5ogse,0.07398568019093078,0.051515151515151514,0.02247052867577927
p_1279,t3_24c5qv,t1_ch5ow4l,t1_ch5ogse,0.07294117647058823,0.051515151515151514,0.021426024955436718
p_1280,t3_24c1q3,t1_ch5uakf,t1_ch60ays,0.04784688995215311,0.01818181818181818,0.02966507177033493
p_1281,t3_24c1q3,t1_ch61d0c,t1_ch5ursh,0.025974025974025976,0.026041666666666668,-6.764069264069208e-05
p_1282,t3_24c1q3,t1_ch5uoui,t1_ch5ugkf,0.011764705882352941,0.031746031746031744,-0.019981325863678803
p_1283,t3_24c1q3,t1_ch5zt5k,t1_ch5p4qj,0.043689320388349516,0.022222222222222223,0.021467098166127293
p_1284,t3_24bx3p,t1_ch5nu6w,t1_ch5ot5q,0.05917159763313609,0.022222222222222223,0.036949375410913865
p_1285,t3_24bof3,t1_ch5k7ny,t1_ch5m04n,0.045454545454545456,0.1044776119402985,-0.05902306648575305
p_1286,t3_24bof3,t1_ch5k4dl,t1_ch5phng,0.0730593607305936,0.04878048780487805,0.024278872925715553
p_1287,t3_24b8ko,t1_ch5ozwp,t1_ch66f4q,0.05168986083499006,0.04285714285714286,0.008832717977847203
p_1288,t3_249sxa,t1_ch53so7,t1_ch4zs42,0.03292181069958848,0.06779661016949153,-0.034874799469903045
p_1289,t3_249l1k,t1_ch4xsez,t1_ch57rrn,0.04,0.04819277108433735,-0.008192771084337351
p_1290,t3_248s83,t1_ch4snfe,t1_ch4qx6q,0.09243697478991597,0.018518518518518517,0.07391845627139745
p_1291,t3_248bcr,t1_ch4oftd,t1_ch51bt3,0.04835390946502058,0.054481546572934976,-0.006127637107914398
p_1295,t3_24509o,t1_ch3osvi,t1_ch3yyjg,0.07337526205450734,0.04666666666666667,0.02670859538784067
p_1296,t3_244kp1,t1_ch3jo95,t1_ch3iw1o,0.043478260869565216,0.03571428571428571,0.007763975155279504
p_1297,t3_244bft,t1_ch3gjc7,t1_ch3m2j3,0.0594059405940594,0.05102040816326531,0.008385532430794096
p_1301,t3_23yke6,t1_ch1tbc6,t1_ch22rmp,0.05333333333333334,0.0,0.05333333333333334
p_1302,t3_23yke6,t1_ch21i1v,t1_ch21o13,0.013888888888888888,0.03598971722365039,-0.0221008283347615
p_1305,t3_23yke6,t1_ch29mf9,t1_ch1y1ws,0.036458333333333336,0.04,-0.003541666666666665
p_1303,t3_23yke6,t1_ch1xh6r,t1_ch20pf2,0.04938271604938271,0.06542056074766354,-0.01603784469828083
p_1304,t3_23yke6,t1_ch1vy27,t1_ch22rmp,0.0,0.0,0.0
p_1308,t3_23xw5n,t1_ch20pmq,t1_ch1orox,0.04918032786885246,0.03260869565217391,0.016571632216678546
p_1311,t3_23xekl,t1_ch1ihvg,t1_ch1ih9d,0.04773869346733668,0.03260869565217391,0.01512999781516277
p_1310,t3_23xekl,t1_ch1lcbj,t1_ch1tafi,0.033950617283950615,0.011904761904761904,0.02204585537918871
p_1312,t3_23wvv9,t1_ch1cxo2,t1_ch1d10a,0.02040816326530612,0.026881720430107527,-0.0064735571648014065
p_1315,t3_23wvv9,t1_ch1d1et,t1_ch1czsx,0.02666666666666667,0.009523809523809525,0.017142857142857144
p_1314,t3_23wvv9,t1_ch1dgtk,t1_ch1czsx,0.020202020202020204,0.009523809523809525,0.010678210678210679
p_1313,t3_23wvv9,t1_ch1cuwx,t1_ch1d10a,0.0136986301369863,0.026881720430107527,-0.013183090293121227
p_1316,t3_23wvv9,t1_ch1dvsg,t1_ch1d10a,0.015503875968992248,0.026881720430107527,-0.01137784446111528
p_1317,t3_23vw8b,t1_ch130xw,t1_ch12knl,0.022727272727272728,0.02459016393442623,-0.0018628912071535011
p_1318,t3_23vw8b,t1_ch13k3n,t1_ch12knl,0.06329113924050633,0.02459016393442623,0.038700975306080104
p_1319,t3_23vw8b,t1_ch149yl,t1_ch13pcr,0.03292181069958848,0.030303030303030304,0.0026187803965581763
p_1320,t3_23vvzm,t1_ch1f49t,t1_ch12o3l,0.0405727923627685,0.02702702702702703,0.01354576533574147
p_1322,t3_23ou3x,t1_cgz6lk9,t1_cgz4coy,0.07514450867052024,0.06896551724137931,0.006178991429140926
p_1324,t3_23mgec,t1_cgygajp,t1_cgyvk0r,0.02962962962962963,0.03333333333333333,-0.003703703703703702
p_1326,t3_23lqtl,t1_cgybkki,t1_cgy8g3b,0.02967359050445104,0.06936416184971098,-0.03969057134525994
p_1327,t3_23lqtl,t1_cgy90vi,t1_cgyg9t2,0.01639344262295082,0.05434782608695652,-0.0379543834640057
p_1328,t3_23litg,t1_cgy73k6,t1_cgyu73z,0.028761061946902654,0.027932960893854747,0.0008281010530479076
p_1329,t3_23kv7b,t1_cgxzsco,t1_cgy6k1w,0.018691588785046728,0.045454545454545456,-0.026762956669498728
p_1330,t3_23kv7b,t1_cgy0cn3,t1_cgy04hq,0.06629834254143646,0.051470588235294115,0.014827754306142346
p_1331,t3_23kv7b,t1_cgy2g6p,t1_cgy5vy7,0.03076923076923077,0.022388059701492536,0.008381171067738235
p_1332,t3_23kv7b,t1_cgy0c2d,t1_cgy551n,0.04964539007092199,0.022988505747126436,0.02665688432379555
p_1333,t3_23kv7b,t1_cgy6gid,t1_cgyrejw,0.011764705882352941,0.014925373134328358,-0.003160667251975417
p_1334,t3_23kit3,t1_cgxz084,t1_cgxx7gu,0.052525252525252523,0.032679738562091505,0.01984551396316102
p_1335,t3_23k2q0,t1_cgxw1t2,t1_cgxturs,0.03296703296703297,0.017094017094017096,0.015873015873015872
p_1336,t3_23jz53,t1_cgxr95k,t1_cgxqswm,0.018808777429467086,0.010416666666666666,0.00839211076280042
p_1337,t3_23jmyp,t1_cgxs8kb,t1_cgxn99f,0.06329113924050633,0.032679738562091505,0.030611400678414828
p_1338,t3_23ijp4,t1_cgxcr0l,t1_cgxdbde,0.02044989775051125,0.04825737265415549,-0.027807474903644245
p_1341,t3_23c5x0,t1_cgvl8vi,t1_cgvm637,0.005847953216374269,0.05202312138728324,-0.04617516817090897
p_1342,t3_239u21,t1_cguzcxq,t1_cgv142h,0.020202020202020204,0.01694915254237288,0.0032528676596473224
p_1343,t3_238wk7,t1_cgumv5c,t1_cgvmt4w,0.04086021505376344,0.04794520547945205,-0.007084990425688609
p_1344,t3_238afg,t1_cguflf3,t1_cgufoko,0.0990990990990991,0.027777777777777776,0.07132132132132132
p_1345,t3_2375b2,t1_cgu92dz,t1_cgu3uvw,0.07991360691144708,0.059782608695652176,0.020130998215794907
p_1346,t3_2371el,t1_cguakwg,t1_cgu6rya,0.005847953216374269,0.0072992700729927005,-0.0014513168566184318
p_1347,t3_2360o1,t1_cgtz3wv,t1_cgtwa3q,0.0391304347826087,0.04597701149425287,-0.006846576711644174
p_1348,t3_2360o1,t1_cgu0cre,t1_cgtsaaa,0.05702647657841141,0.034055727554179564,0.022970749024231844
p_1353,t3_22z33y,t1_cgrsuna,t1_cgs2mn3,0.0196078431372549,0.02531645569620253,-0.0057086125589476296
p_1354,t3_22z33y,t1_cgrugp5,t1_cgs6ju7,0.030927835051546393,0.02702702702702703,0.0039008080245193644
p_1355,t3_22y28i,t1_cgriyct,t1_cgrjo9h,0.012048192771084338,0.012658227848101266,-0.0006100350770169276
p_1358,t3_22xij5,t1_cgrqv9h,t1_cgrcwvc,0.04011461318051576,0.043478260869565216,-0.0033636476890494538
p_1356,t3_22xij5,t1_cgrcz5o,t1_cgrcq5k,0.023333333333333334,0.04504504504504504,-0.02171171171171171
p_1359,t3_22wdaq,t1_cgr4744,t1_cgr1g25,0.05442176870748299,0.05847953216374269,-0.004057763456259696
p_1361,t3_22uku3,t1_cgqjbhc,t1_cgqivn8,0.046153846153846156,0.04180064308681672,0.0043532030670294375
p_1362,t3_22uku3,t1_cgqlrwl,t1_cgqjogl,0.05471956224350205,0.036619718309859155,0.018099843933642897
p_1364,t3_22uku3,t1_cgqquh7,t1_cgqjogl,0.040145985401459854,0.036619718309859155,0.003526267091600699
p_1363,t3_22uku3,t1_cgqkdik,t1_cgqivn8,0.03686635944700461,0.04180064308681672,-0.004934283639812111
p_1365,t3_22ujpc,t1_cgqjh6c,t1_cgqk4rp,0.041666666666666664,0.039473684210526314,0.0021929824561403508
p_1367,t3_22s6od,t1_cgpvjq6,t1_cgpumps,0.032667876588021776,0.015873015873015872,0.016794860715005903
p_1368,t3_22s540,t1_cgpw23e,t1_cgq0y5h,0.08060747663551401,0.06043956043956044,0.020167916195953574
p_1369,t3_22ro8l,t1_cgpubok,t1_cgpq38y,0.058315334773218146,0.02727272727272727,0.031042607500490874
p_1373,t3_22rciz,t1_cgppvl3,t1_cgps3lm,0.03355704697986577,0.022727272727272728,0.010829774252593044
p_1375,t3_22p8vc,t1_cgp1ivx,t1_cgp2qt7,0.023076923076923078,0.0345821325648415,-0.011505209487918423
p_1376,t3_22p8vc,t1_cgph660,t1_cgp2qt7,0.04814814814814815,0.0345821325648415,0.013566015583306647
p_1378,t3_22oxbh,t1_cgpbtta,t1_cgp8xyo,0.03314917127071823,0.027522935779816515,0.005626235490901715
p_1381,t3_22kmvs,t1_cgnqvsu,t1_cgns9dq,0.07386363636363637,0.05714285714285714,0.016720779220779226
p_1382,t3_22kmvs,t1_cgnr65q,t1_cgnr89a,0.07947019867549669,0.05309734513274336,0.02637285354275333
p_1383,t3_22kmvs,t1_cgnqzqt,t1_cgns9dq,0.0625,0.05714285714285714,0.005357142857142859
p_1385,t3_22jhn2,t1_cgneze9,t1_cgnl46h,0.09876543209876543,0.055970149253731345,0.04279528284503408
p_1387,t3_22f1kj,t1_cgm6jha,t1_cgs195e,0.034482758620689655,0.019417475728155338,0.015065282892534317
p_1388,t3_22f1kj,t1_cgm7mon,t1_cgmavew,0.04341926729986431,0.044585987261146494,-0.0011667199612821824
p_1389,t3_22f1kj,t1_cgm6vi2,t1_cgm6jxw,0.051698670605613,0.043333333333333335,0.008365337272279665
p_1392,t3_22akzj,t1_cgl8lo1,t1_cgkxjgo,0.03333333333333333,0.07692307692307693,-0.043589743589743594
p_1394,t3_22aivj,t1_cglicrz,t1_cgl0x83,0.09090909090909091,0.011764705882352941,0.07914438502673797
p_1395,t3_22aivj,t1_cgljc74,t1_cgl10xq,0.04878048780487805,0.07352941176470588,-0.024748923959827834
p_1396,t3_22a5ni,t1_cgktqwp,t1_cgkttdk,0.0707070707070707,0.08,-0.009292929292929297
p_1397,t3_22a3qs,t1_cgkvrr0,t1_cgkykbh,0.0353356890459364,0.02531645569620253,0.010019233349733866
p_1398,t3_22a3qs,t1_cgl1hm0,t1_cgkykbh,0.015748031496062992,0.02531645569620253,-0.00956842420013954
p_1399,t3_22a3qs,t1_cgl1h03,t1_cgkykbh,0.037037037037037035,0.02531645569620253,0.011720581340834504
p_1400,t3_22a37m,t1_cgksfxc,t1_cgkymem,0.05426356589147287,0.02040816326530612,0.03385540262616675
p_1401,t3_228zyi,t1_cgkk4t4,t1_cgklgw6,0.05454545454545454,0.07692307692307693,-0.022377622377622385
p_1402,t3_228zup,t1_cgkizxk,t1_cgklh2w,0.05421686746987952,0.044642857142857144,0.009574010327022375
p_1403,t3_227jtk,t1_cgkj9t2,t1_cgk3y74,0.04195804195804196,0.027624309392265192,0.014333732565776768
p_1404,t3_2274kr,t1_cgk4b3c,t1_cgk2ayk,0.04100946372239748,0.012944983818770227,0.028064479903627253
p_1406,t3_226qii,t1_cgjxbij,t1_cgjwndb,0.02142857142857143,0.01818181818181818,0.003246753246753248
p_1408,t3_225n20,t1_cgjsq8n,t1_cgjxoyj,0.018072289156626505,0.023474178403755867,-0.005401889247129362
p_1409,t3_225n20,t1_cgjse9y,t1_cgjto4c,0.03524229074889868,0.024630541871921183,0.010611748876977498
p_1411,t3_2235f3,t1_cgj1syh,t1_cgj12cs,0.0410958904109589,0.027777777777777776,0.013318112633181126
p_1413,t3_222civ,t1_cgiu51l,t1_cgiukpc,0.061837455830388695,0.07703281027104136,-0.015195354440652668
p_1414,t3_222civ,t1_cgj0qyo,t1_cgir9ho,0.07142857142857142,0.0821917808219178,-0.010763209393346379
p_1416,t3_2225gv,t1_cgimlkk,t1_cgio20w,0.007407407407407408,0.022222222222222223,-0.014814814814814815
p_1417,t3_221bir,t1_cgif7kr,t1_cgixpf6,0.031007751937984496,0.028037383177570093,0.0029703687604144026
p_1418,t3_220tb9,t1_cgi94sd,t1_cgic9mq,0.03642384105960265,0.05200945626477541,-0.015585615205172765
p_1422,t3_21ufiz,t1_cghj1f0,t1_cggsmnl,0.010638297872340425,0.0392156862745098,-0.028577388402169376
p_1423,t3_21tk7p,t1_cgggqyw,t1_cgghrhl,0.015873015873015872,0.047619047619047616,-0.031746031746031744
p_1425,t3_21tdqe,t1_cggbp4k,t1_cggl2kk,0.15,0.061855670103092786,0.08814432989690721
p_1426,t3_21syfg,t1_cgg7z22,t1_cgg8cok,0.05555555555555555,0.03333333333333333,0.02222222222222222
p_1428,t3_21ssfi,t1_cgg6xv3,t1_cggf9u8,0.040160642570281124,0.056910569105691054,-0.01674992653540993
p_1436,t3_21pkk6,t1_cgfbywq,t1_cgfbp9c,0.0437636761487965,0.0379746835443038,0.005788992604492699
p_1437,t3_21okwn,t1_cgf2798,t1_cgf5s9n,0.052805280528052806,0.046511627906976744,0.006293652621076062
p_1438,t3_21lleu,t1_cgec0uu,t1_cgebs0x,0.03260869565217391,0.02601156069364162,0.006597134958532293
p_1439,t3_21l4k2,t1_cge4eyu,t1_cge6hi9,0.03205128205128205,0.03508771929824561,-0.0030364372469635637
p_1441,t3_21id1m,t1_cgdf3o7,t1_cgdlgwq,0.05128205128205128,0.03508771929824561,0.016194331983805668
p_1447,t3_21eskl,t1_cgcdlrz,t1_cgccad9,0.0,0.03597122302158273,-0.03597122302158273
p_1449,t3_21dzb8,t1_cgc6vmk,t1_cgcdz22,0.07142857142857142,0.07692307692307693,-0.005494505494505503
p_1450,t3_21ceh3,t1_cgbp7v2,t1_cgbpnct,0.013793103448275862,0.025,-0.01120689655172414
p_1451,t3_21c4g5,t1_cgbm0ol,t1_cgbmkir,0.028523489932885907,0.026881720430107527,0.0016417695027783792
p_1454,t3_21bodq,t1_cgbktwy,t1_cgboulw,0.029345372460496615,0.02185792349726776,0.007487448963228855
p_1455,t3_21aaav,t1_cgb4hag,t1_cgb7k83,0.03875968992248062,0.022727272727272728,0.01603241719520789
p_1456,t3_219ie7,t1_cgawtkk,t1_cgaywpa,0.020588235294117647,0.04819277108433735,-0.027604535790219705
p_1457,t3_219ie7,t1_cgay26g,t1_cgaxh04,0.0448,0.02564102564102564,0.01915897435897436
p_1459,t3_219hll,t1_cgb9i7f,t1_cgawgmy,0.03361344537815126,0.047619047619047616,-0.014005602240896357
p_1461,t3_218cj0,t1_cgb7957,t1_cgakc8p,0.011363636363636364,0.03056768558951965,-0.019204049225883285
p_1460,t3_218cj0,t1_cgb4zyw,t1_cgalms8,0.06222222222222222,0.012903225806451613,0.04931899641577061
p_1462,t3_218cay,t1_cganctm,t1_cgb5b16,0.027180067950169876,0.038202247191011236,-0.01102217924084136
p_1464,t3_217z08,t1_cgamd0q,t1_cgam4in,0.039473684210526314,0.037037037037037035,0.0024366471734892786
p_1466,t3_216l8g,t1_cga5u8e,t1_cgaj501,0.0111731843575419,0.014492753623188406,-0.003319569265646506
p_1468,t3_216l8g,t1_cgadifw,t1_cgamd1h,0.0327613104524181,0.0058823529411764705,0.026878957511241627
p_1469,t3_216l8g,t1_cga5vm9,t1_cgad30r,0.022099447513812154,0.04477611940298507,-0.022676671889172918
p_1470,t3_216c3c,t1_cgaclvt,t1_cgb76ib,0.026490066225165563,0.027522935779816515,-0.0010328695546509524
p_1471,t3_2156ec,t1_cg9t3jm,t1_cg9v9lh,0.07936507936507936,0.05084745762711865,0.028517621737960713
p_1472,t3_2156ec,t1_cg9sith,t1_cg9v9lh,0.04697986577181208,0.05084745762711865,-0.0038675918553065652
p_1473,t3_213mm2,t1_cg9agr0,t1_cg9bbci,0.049723756906077346,0.08444444444444445,-0.0347206875383671
p_1474,t3_2130o9,t1_cg973lr,t1_cg99h0r,0.03488372093023256,0.039755351681957186,-0.004871630751724629
p_1475,t3_2108o3,t1_cg8g5m0,t1_cg8vacp,0.03159340659340659,0.03619047619047619,-0.004597069597069597
p_1477,t3_2108o3,t1_cg8pfcj,t1_cg8em1w,0.04895104895104895,0.07198443579766536,-0.023033386846616412
p_1476,t3_2108o3,t1_cg8g18c,t1_cg8gp2o,0.015209125475285171,0.026785714285714284,-0.011576588810429113
p_1478,t3_2100tm,t1_cg8bjor,t1_cg8bpfd,0.047058823529411764,0.019417475728155338,0.027641347801256426
p_1479,t3_2100tm,t1_cg8bkva,t1_cg8cadv,0.041116005873715125,0.02066115702479339,0.020454848848921736
p_1480,t3_21006g,t1_cg8ektc,t1_cg8c67y,0.026246719160104987,0.03579952267303103,-0.00955280351292604
p_1481,t3_21006g,t1_cg8d5l7,t1_cg8jki4,0.022222222222222223,0.029850746268656716,-0.007628524046434493
p_1482,t3_21006g,t1_cg8k5af,t1_cg8jacm,0.025974025974025976,0.03346456692913386,-0.0074905409551078855
p_1483,t3_20y74d,t1_cg7uqnx,t1_cg7xgcc,0.0684931506849315,0.07792207792207792,-0.009428927237146417
p_1484,t3_20xnem,t1_cg7p4ea,t1_cg872iu,0.03985507246376811,0.04487179487179487,-0.0050167224080267594
p_1485,t3_20xnem,t1_cg7py0i,t1_cg872iu,0.04790419161676647,0.04487179487179487,0.003032396744971598
p_1486,t3_20w0tt,t1_cg7p8xg,t1_cg7r3mc,0.02553191489361702,0.031484257871064465,-0.005952342977447445
p_1487,t3_20vzfs,t1_cg7cbh1,t1_cg7cj2w,0.030927835051546393,0.010416666666666666,0.02051116838487973
p_1488,t3_20v70n,t1_cg725lz,t1_cg73vfe,0.025210084033613446,0.03896103896103896,-0.013750954927425514
p_1489,t3_20smoi,t1_cg6kjc3,t1_cg6ejad,0.07272727272727272,0.050761421319796954,0.02196585140747577
p_1495,t3_20ofb2,t1_cg5pkgq,t1_cg5ixhz,0.03225806451612903,0.017094017094017096,0.015164047422111936
p_1499,t3_20nrcb,t1_cg543t2,t1_cg552uu,0.03468208092485549,0.04504504504504504,-0.010362964120189555
p_1502,t3_20mxh2,t1_cg5cj8f,t1_cg5k6xt,0.06303724928366762,0.05084745762711865,0.012189791656548973
p_1504,t3_20mjdj,t1_cg682ww,t1_cg4t0cc,0.046875,0.021739130434782608,0.025135869565217392
p_1503,t3_20mjdj,t1_cg4pg7g,t1_cg4t0cc,0.040268456375838924,0.021739130434782608,0.018529325941056315
p_1505,t3_20madh,t1_cg4ndzh,t1_cg4rj03,0.0712979890310786,0.05521472392638037,0.016083265104698236
p_1508,t3_20krmr,t1_cg48d5v,t1_cg4a1y8,0.05491329479768786,0.04,0.01491329479768786
p_1509,t3_20k8w4,t1_cg4aii2,t1_cg48eux,0.04938271604938271,0.04838709677419355,0.0009956192751891663
p_1510,t3_20k2rr,t1_cg419ms,t1_cg412ex,0.017241379310344827,0.051181102362204724,-0.033939723051859896
p_1511,t3_20jx3a,t1_cg3ylll,t1_cg3zhj7,0.03067484662576687,0.030864197530864196,-0.0001893509050973248
p_1512,t3_20iv9v,t1_cg3ns2w,t1_cg44wwu,0.046875,0.0514018691588785,-0.0045268691588785034
p_1513,t3_20iv9v,t1_cg3y5m7,t1_cg44wwu,0.047337278106508875,0.0514018691588785,-0.004064591052369629
p_1515,t3_20i4lp,t1_cg3uys9,t1_cg3hmbl,0.04693140794223827,0.0,0.04693140794223827
p_1516,t3_20i4lp,t1_cg48c3a,t1_cg3j6v8,0.027522935779816515,0.047619047619047616,-0.0200961118392311
p_1517,t3_20i32o,t1_cg3g5qn,t1_cg3h1s6,0.03271028037383177,0.03684210526315789,-0.004131824889326119
p_1518,t3_20hoh2,t1_cg3e8tj,t1_cg3e1q3,0.12056737588652482,0.05652173913043478,0.06404563675609004
p_1519,t3_20h3n2,t1_cg35tve,t1_cg35vpg,0.030534351145038167,0.028846153846153848,0.001688197298884319
p_1520,t3_20gyw4,t1_cg3bvu3,t1_cg3fsc7,0.05555555555555555,0.017241379310344827,0.038314176245210725
p_1521,t3_20gyw4,t1_cg3fs5u,t1_cg3fsc7,0.04285714285714286,0.017241379310344827,0.02561576354679803
p_1523,t3_20evic,t1_cg2s2cg,t1_cg2kgg6,0.032520325203252036,0.017699115044247787,0.014821210159004249
p_1524,t3_20er8m,t1_cg2kh0h,t1_cg349wx,0.0,0.053691275167785234,-0.053691275167785234
p_1526,t3_20er8m,t1_cg2pphh,t1_cg349wx,0.008928571428571428,0.053691275167785234,-0.0447627037392138
p_1529,t3_20ccdh,t1_cg1yrvx,t1_cg21j64,0.06338028169014084,0.03636363636363636,0.027016645326504482
p_1530,t3_20c7cz,t1_cg1yw0u,t1_cg1tdlz,0.028169014084507043,0.006097560975609756,0.022071453108897285
p_1531,t3_20bjzj,t1_cg1npcb,t1_cg1np4p,0.049079754601226995,0.04044117647058824,0.008638578130638758
p_1532,t3_20bc4h,t1_cg1kcaj,t1_cg1q9b0,0.034482758620689655,0.01928374655647383,0.015199012064215825
p_1533,t3_20bc4h,t1_cg1k60u,t1_cg1m2xr,0.023255813953488372,0.010416666666666666,0.012839147286821706
p_1536,t3_208uz9,t1_cg0x68o,t1_cg0vcfi,0.035175879396984924,0.03333333333333333,0.0018425460636515914
p_1538,t3_208uz9,t1_cg10g34,t1_cg0vx6c,0.03571428571428571,0.1504424778761062,-0.1147281921618205
p_1539,t3_20771y,t1_cg0g3o7,t1_cg0kgnu,0.09523809523809523,0.017543859649122806,0.07769423558897243
p_1541,t3_2067hy,t1_cg07wrp,t1_cg0fxc1,0.037914691943127965,0.006896551724137931,0.031018140218990034
p_1542,t3_2067hy,t1_cg0du69,t1_cg0fxc1,0.0189873417721519,0.006896551724137931,0.012090790048013968
p_1543,t3_205wgp,t1_cg034et,t1_cg0lm1r,0.056338028169014086,0.06481481481481481,-0.008476786645800725
p_1545,t3_2055ga,t1_cg005x6,t1_cfzyi1j,0.07913669064748201,0.058823529411764705,0.020313161235717303
p_1546,t3_20552o,t1_cfzv2ca,t1_cfzutd1,0.03954802259887006,0.026041666666666668,0.013506355932203392
p_1547,t3_202dsz,t1_cfz5omt,t1_cfz8mj9,0.060836501901140684,0.0343796711509716,0.026456830750169087
p_1548,t3_1zyxf5,t1_cfykpyh,t1_cfy8x1q,0.04,0.046153846153846156,-0.006153846153846156
p_1549,t3_1zwn1x,t1_cfxnbo6,t1_cfxnnsj,0.04964539007092199,0.0,0.04964539007092199
p_1550,t3_1zw7ln,t1_cfxj320,t1_cfxj5az,0.03125,0.0,0.03125
p_1551,t3_1zuvxw,t1_cfxe20o,t1_cfxmqh6,0.0163265306122449,0.03296703296703297,-0.01664050235478807
p_1552,t3_1zu61l,t1_cfwzylm,t1_cfx0hao,0.04608294930875576,0.044642857142857144,0.0014400921658986182
p_1553,t3_1ztvka,t1_cfwxsqx,t1_cfwws2r,0.0446927374301676,0.030612244897959183,0.014080492532208416
p_1555,t3_1zs621,t1_cfwvfc8,t1_cfwgped,0.03896103896103896,0.05813953488372093,-0.01917849592268197
p_1557,t3_1zradb,t1_cfwcpec,t1_cfwls65,0.04328358208955224,0.057003257328990226,-0.013719675239437984
p_1558,t3_1zmsp5,t1_cfv2q6b,t1_cfv12db,0.021739130434782608,0.02575107296137339,-0.004011942526590782
p_1561,t3_1zj8xe,t1_cfuhnxj,t1_cfu7ye4,0.023952095808383235,0.03418803418803419,-0.010235938379650956
p_1563,t3_1zixnc,t1_cfu2ihk,t1_cfufvm6,0.0392156862745098,0.058823529411764705,-0.0196078431372549
p_1564,t3_1zixnc,t1_cfufgl4,t1_cfu8t82,0.029508196721311476,0.018633540372670808,0.010874656348640668
p_1565,t3_1zga9j,t1_cfth378,t1_cfthktn,0.06842105263157895,0.04285714285714286,0.025563909774436094
p_1566,t3_1zfi9r,t1_cft7656,t1_cft6dvp,0.046875,0.07894736842105263,-0.03207236842105263
p_1567,t3_1zdgxp,t1_cfspefn,t1_cfsoeq2,0.0299625468164794,0.036036036036036036,-0.006073489219556635
p_1568,t3_1zav5a,t1_cfs128g,t1_cfs8we4,0.05099150141643059,0.0300187617260788,0.020972739690351794
p_1569,t3_1zav5a,t1_cfs14jd,t1_cfs27v4,0.027777777777777776,0.036585365853658534,-0.008807588075880758
p_1570,t3_1z9uki,t1_cfrtm9j,t1_cfrtrpp,0.11711711711711711,0.041666666666666664,0.07545045045045046
p_1571,t3_1z9nj1,t1_cfrvhp5,t1_cfrt1zr,0.05194805194805195,0.0,0.05194805194805195
p_1572,t3_1z9nj1,t1_cfs2slp,t1_cfrt1zr,0.006430868167202572,0.0,0.006430868167202572
p_1575,t3_1z4j07,t1_cfqjgtm,t1_cfqfpgt,0.04580152671755725,0.061068702290076333,-0.015267175572519082
p_1576,t3_1z3vej,t1_cfq9l33,t1_cfq9m7b,0.03529411764705882,0.06153846153846154,-0.02624434389140272
p_1577,t3_1z2m65,t1_cfpz5ni,t1_cfqe6na,0.047872340425531915,0.019867549668874173,0.02800479075665774
p_1579,t3_1z1x25,t1_cfps3jr,t1_cfprwz1,0.030882352941176472,0.04460966542750929,-0.01372731248633282
p_1581,t3_1z0efm,t1_cfpdtdk,t1_cfpdbjr,0.06085526315789474,0.045454545454545456,0.015400717703349283
p_1582,t3_1yzk2r,t1_cfpix2k,t1_cfpb5e7,0.039968652037617555,0.044538706256627786,-0.004570054219010231
p_1584,t3_1ytd1y,t1_cfnl117,t1_cfnl2nq,0.07643312101910828,0.031746031746031744,0.04468708927307653
p_1585,t3_1yst0y,t1_cfngu5x,t1_cfngwn5,0.052132701421800945,0.024896265560165973,0.02723643586163497
p_1586,t3_1ysjvs,t1_cfndapb,t1_cfnjy06,0.039473684210526314,0.025423728813559324,0.01404995539696699
p_1587,t3_1ysjvs,t1_cfnejdg,t1_cfndbpn,0.0436241610738255,0.07317073170731707,-0.029546570633491566
p_1588,t3_1yqbtv,t1_cfmvaww,t1_cfn3a9g,0.03761755485893417,0.06329113924050633,-0.025673584381572162
p_1589,t3_1yqbtv,t1_cfmvnmb,t1_cfnjhfp,0.08333333333333333,0.042735042735042736,0.04059829059829059
p_1590,t3_1ypfdt,t1_cfmn9ya,t1_cfmkj9p,0.007518796992481203,0.05921052631578947,-0.05169172932330827
p_1593,t3_1ylhiw,t1_cflpdf1,t1_cflrlgg,0.0613107822410148,0.00819672131147541,0.05311406092953939
p_1594,t3_1yksrs,t1_cfln3uw,t1_cflsynk,0.03676470588235294,0.04395604395604396,-0.007191338073691017
p_1595,t3_1yk2nn,t1_cfmigm1,t1_cfl7jgs,0.041025641025641026,0.049019607843137254,-0.007993966817496229
p_1597,t3_1yj9yz,t1_cfkzuuw,t1_cfl3zb3,0.05263157894736842,0.037037037037037035,0.015594541910331383
p_1598,t3_1yhd8w,t1_cfkunw0,t1_cfl04qs,0.04864864864864865,0.05303030303030303,-0.00438165438165438
p_1599,t3_1yg8sx,t1_cfkaxla,t1_cfk8844,0.044444444444444446,0.021052631578947368,0.023391812865497078
p_1600,t3_1yg2jo,t1_cfk66s1,t1_cfk729g,0.04,0.02040816326530612,0.01959183673469388
p_1601,t3_1yf0hw,t1_cfk3gzm,t1_cfk3g6w,0.06821282401091405,0.06821282401091405,0.0
p_1602,t3_1ycqp3,t1_cfjcixz,t1_cfjex0e,0.04132231404958678,0.057208237986270026,-0.015885923936683248
p_1603,t3_1yccg0,t1_cfj7tna,t1_cfj836t,0.05138339920948617,0.042735042735042736,0.008648356474443432
p_1604,t3_1yc8z3,t1_cfj8dok,t1_cfj6ut7,0.051194539249146756,0.024539877300613498,0.02665466194853326
p_1607,t3_1y93n4,t1_cfilbka,t1_cfiga5n,0.0502283105022831,0.07317073170731707,-0.022942421205033967
p_1609,t3_1y8e6p,t1_cfidj9k,t1_cfi8wne,0.0387243735763098,0.03056768558951965,0.008156687986790149
p_1610,t3_1y7dly,t1_cfi0whe,t1_cfi99ou,0.0658682634730539,0.061461794019933555,0.004406469453120343
p_1611,t3_1y6r6n,t1_cfhuqmy,t1_cfhzeok,0.03125,0.025056947608200455,0.006193052391799545
p_1613,t3_1y5kpj,t1_cfhngrl,t1_cfhmv6r,0.042735042735042736,0.05223880597014925,-0.009503763235106516
p_1614,t3_1y5jpe,t1_cfhjc63,t1_cfhoyvh,0.05357142857142857,0.034482758620689655,0.019088669950738914
p_1615,t3_1y3vw7,t1_cfh6xl3,t1_cfhb3ig,0.03488372093023256,0.043859649122807015,-0.008975928192574457
p_1616,t3_1y0z80,t1_cfgezmv,t1_cfgd9sg,0.029661016949152543,0.019230769230769232,0.010430247718383311
p_1617,t3_1y0z80,t1_cfgebtx,t1_cfge83v,0.041884816753926704,0.03508771929824561,0.006797097455681092
p_1618,t3_1y0z80,t1_cfgff5w,t1_cfgdo8i,0.04081632653061224,0.05172413793103448,-0.01090781140042224
p_1619,t3_1y0z80,t1_cfggmp9,t1_cfggdeg,0.037383177570093455,0.05660377358490566,-0.019220596014812207
p_1620,t3_1y0vu9,t1_cfgiaw0,t1_cfgl96g,0.03571428571428571,0.03508771929824561,0.0006265664160401002
p_1621,t3_1y0q8w,t1_cfrq7cf,t1_cfgq10w,0.07422680412371134,0.03241491085899514,0.0418118932647162
p_1622,t3_1xzpi7,t1_cfg2dzw,t1_cfg3is1,0.02358490566037736,0.028,-0.00441509433962264
p_1623,t3_1xzf7d,t1_cfg00me,t1_cffz5zm,0.02181818181818182,0.02127659574468085,0.0005415860735009694
p_1624,t3_1xzeag,t1_cffzwu5,t1_cffzfv6,0.0273972602739726,0.03862660944206009,-0.011229349168087488
p_1625,t3_1xzdek,t1_cfg1zzx,t1_cfg0i1g,0.028328611898016998,0.0546875,-0.026358888101983002
p_1626,t3_1xz6rw,t1_cffz8em,t1_cffxz9z,0.05128205128205128,0.050359712230215826,0.0009223390518354538
p_1628,t3_1xx4hd,t1_cffpbcp,t1_cffe6q8,0.04821802935010482,0.02768166089965398,0.020536368450450843
p_1631,t3_1xvch2,t1_cff03ce,t1_cfeznzr,0.058997050147492625,0.08945686900958466,-0.030459818862092036
p_1632,t3_1xus3u,t1_cff4s1l,t1_cff7gyo,0.021791767554479417,0.0196078431372549,0.0021839244172245156
p_1633,t3_1xtu9a,t1_cfelt93,t1_cfek1hq,0.020512820512820513,0.0,0.020512820512820513
p_1635,t3_1xt7na,t1_cfekvit,t1_cfehcuc,0.03875968992248062,0.05747126436781609,-0.01871157444533547
p_1636,t3_1xrsup,t1_cfe9wcm,t1_cfecpir,0.012461059190031152,0.0,0.012461059190031152
p_1639,t3_1xqnjx,t1_cfdvt9y,t1_cfdt5y3,0.01366120218579235,0.021621621621621623,-0.007960419435829274
p_1640,t3_1xqnjx,t1_cfdsxp9,t1_cfdvwqp,0.02054794520547945,0.046511627906976744,-0.025963682701497293
p_1641,t3_1xqn05,t1_cfdr670,t1_cfdzhku,0.06280193236714976,0.07526881720430108,-0.012466884837151318
p_1647,t3_1xpli3,t1_cfdj416,t1_cfdz0is,0.02748414376321353,0.03896103896103896,-0.01147689519782543
p_1648,t3_1xp9br,t1_cfddlr2,t1_cfdd9ab,0.02643171806167401,0.019455252918287938,0.0069764651433860715
p_1649,t3_1xowzb,t1_cfdatgs,t1_cfdbx3c,0.018691588785046728,0.05245901639344262,-0.03376742760839589
p_1650,t3_1xowzb,t1_cfdbhsi,t1_cfdbx3c,0.034013605442176874,0.05245901639344262,-0.01844541095126575
p_1651,t3_1xofrl,t1_cfd7mvo,t1_cfd6avv,0.08860759493670886,0.02631578947368421,0.06229180546302465
p_1652,t3_1xny71,t1_cfd4qsf,t1_cfd1p8s,0.05794392523364486,0.03664921465968586,0.021294710573959
p_1653,t3_1xne0t,t1_cfcwnyo,t1_cfcwuj0,0.04262295081967213,0.02702702702702703,0.0155959237926451
p_1654,t3_1xml8r,t1_cfcpq87,t1_cfcvgy3,0.036968576709796676,0.03879310344827586,-0.0018245267384791874
p_1658,t3_1xj5t3,t1_cfbzgs9,t1_cfbsvrz,0.05864197530864197,0.0371900826446281,0.021451892664013872
p_1659,t3_1xj58k,t1_cfbw65l,t1_cfc1y4k,0.023696682464454975,0.056074766355140186,-0.03237808389068521
p_1660,t3_1xj1ga,t1_cfbsq9j,t1_cfbsdxa,0.03461538461538462,0.02834008097165992,0.006275303643724698
p_1661,t3_1xijwf,t1_cfbyqtw,t1_cfbs8fr,0.07575757575757576,0.034375,0.04138257575757576
p_1662,t3_1xijwf,t1_cfbrxxo,t1_cfbs8fr,0.07207207207207207,0.034375,0.03769707207207207
p_1663,t3_1xi9t0,t1_cfbm43v,t1_cfbl44s,0.05176470588235294,0.03404255319148936,0.01772215269086358
p_1664,t3_1xhrpt,t1_cfbkr47,t1_cfby4iv,0.06563039723661486,0.03439153439153439,0.03123886284508047
p_1665,t3_1xhjo8,t1_cfbg2kr,t1_cfbe6yx,0.056856187290969896,0.06201550387596899,-0.005159316584999095
p_1666,t3_1xhgv0,t1_cfbkzhu,t1_cfbpidx,0.022123893805309734,0.06699346405228758,-0.044869570246977845
p_1668,t3_1xgop4,t1_cfb7zmh,t1_cfblib6,0.024691358024691357,0.009259259259259259,0.015432098765432098
p_1670,t3_1xg9o8,t1_cfb5szp,t1_cfb8m1v,0.04127579737335835,0.01652892561983471,0.024746871753523636
p_1671,t3_1xg9o8,t1_cfb7rha,t1_cfb8rco,0.02531645569620253,0.05289672544080604,-0.027580269744603512
p_1672,t3_1xg07x,t1_cfb0ntv,t1_cfb1y56,0.06565656565656566,0.04195804195804196,0.023698523698523703
p_1673,t3_1xg07x,t1_cfb029j,t1_cfb1y56,0.05421686746987952,0.04195804195804196,0.01225882551183756
p_1674,t3_1xfxzz,t1_cfbqyq7,t1_cfb38lx,0.024291497975708502,0.03125,-0.006958502024291498
p_1675,t3_1xecbw,t1_cfapwte,t1_cfavmea,0.05263157894736842,0.03278688524590164,0.019844693701466777
p_1676,t3_1xauzj,t1_cf9ryoi,t1_cf9rnej,0.006430868167202572,0.028985507246376812,-0.022554639079174238
p_1677,t3_1x9drc,t1_cf9aorl,t1_cf9drsg,0.024216524216524215,0.019943019943019943,0.004273504273504272
p_1678,t3_1x8fy5,t1_cf9c8ws,t1_cf9598e,0.0389908256880734,0.0,0.0389908256880734
p_1679,t3_1x7uoa,t1_cf8wl9o,t1_cf8z5i2,0.07407407407407407,0.05806451612903226,0.01600955794504181
p_1681,t3_1x5wrj,t1_cf8fe6i,t1_cf8h4zs,0.030120481927710843,0.025210084033613446,0.004910397894097397
p_1682,t3_1x5gri,t1_cf8ak7n,t1_cf8c7ra,0.04020979020979021,0.0449438202247191,-0.004734030014928892
p_1683,t3_1x4fll,t1_cf88dvu,t1_cf80gm0,0.05454545454545454,0.03125,0.023295454545454543
p_1684,t3_1x4e9l,t1_cf8c6ja,t1_cf813g9,0.043795620437956206,0.07563025210084033,-0.031834631662884125
p_1685,t3_1x44be,t1_cf7y65l,t1_cffje6e,0.03594771241830065,0.006825938566552901,0.02912177385174775
p_1686,t3_1x44be,t1_cf8ii0u,t1_cf7ynno,0.018604651162790697,0.004219409282700422,0.014385241880090275
p_1687,t3_1x3quk,t1_cf81vtd,t1_cf811b2,0.03870967741935484,0.03211009174311927,0.006599585676235573
p_1688,t3_1x3quk,t1_cf82a08,t1_cf7xofq,0.04065040650406504,0.045871559633027525,-0.005221153128962486
p_1689,t3_1x3jm2,t1_cf7t9mu,t1_cf7w0x1,0.06367041198501873,0.0311284046692607,0.03254200731575803
p_1690,t3_1x3jm2,t1_cf7rvkt,t1_cf7xop4,0.03125,0.058823529411764705,-0.027573529411764705
p_1691,t3_1x3jm2,t1_cf7tzua,t1_cf7v802,0.061224489795918366,0.038860103626943004,0.02236438616897536
p_1693,t3_1wxy0c,t1_cf6nwss,t1_cf6opjq,0.028169014084507043,0.021551724137931036,0.006617289946576007
p_1694,t3_1wxy0c,t1_cf6r60y,t1_cf6opjq,0.035545023696682464,0.021551724137931036,0.013993299558751428
p_1695,t3_1wwoop,t1_cf63aas,t1_cf61b67,0.03,0.03571428571428571,-0.005714285714285713
p_1696,t3_1wwoop,t1_cf61gbe,t1_cf642jh,0.02702702702702703,0.038834951456310676,-0.011807924429283648
p_1697,t3_1wvyf1,t1_cf5vcsr,t1_cf6onl2,0.047619047619047616,0.13333333333333333,-0.08571428571428572
p_1699,t3_1wvths,t1_cf614t8,t1_cf5ugx7,0.026706231454005934,0.04642857142857143,-0.019722339974565496
p_1698,t3_1wvths,t1_cf5v50x,t1_cf5viuj,0.019230769230769232,0.011764705882352941,0.007466063348416291
p_1700,t3_1wvouv,t1_cf5t6kg,t1_cf5ydyu,0.035398230088495575,0.024390243902439025,0.01100798618605655
p_1702,t3_1wvhao,t1_cf5t1xp,t1_cf63h51,,0.054455445544554455,
p_1703,t3_1wu9bx,t1_cf5ghfv,t1_cf5gzn8,0.04878048780487805,0.044897959183673466,0.003882528621204584
p_1704,t3_1wtvq6,t1_cf5knmg,t1_cf5ocok,0.034482758620689655,0.035,-0.0005172413793103486
p_1705,t3_1wteqq,t1_cf5rh0q,t1_cf57as7,0.07575757575757576,0.05714285714285714,0.01861471861471862
p_1706,t3_1wt8h7,t1_cf55ppi,t1_cf559e0,0.020833333333333332,0.04504504504504504,-0.02421171171171171
p_1707,t3_1wsalo,t1_cf54lvq,t1_cf570gn,0.0440251572327044,0.05172413793103448,-0.007698980698330082
p_1708,t3_1wqdpz,t1_cf4fnk7,t1_cf4fg38,0.041666666666666664,0.061224489795918366,-0.0195578231292517
p_1709,t3_1wnvdn,t1_cf3s4a2,t1_cf3rvjd,0.04391891891891892,0.08737864077669903,-0.04345972185778011
p_1710,t3_1wmoca,t1_cf3hjc2,t1_cf3fxbx,0.03225806451612903,0.02857142857142857,0.003686635944700461
p_1714,t3_1wjggc,t1_cf2k4m9,t1_cf2zudy,0.0423728813559322,0.02654867256637168,0.01582420878956052
p_1719,t3_1we5ye,t1_cf181nq,t1_cf1drrq,0.04670912951167728,0.03950617283950617,0.007202956672171107
p_1721,t3_1we3gg,t1_cf15n2w,t1_cf1b9fg,0.05182341650671785,0.021834061135371178,0.029989355371346674
p_1722,t3_1we3gg,t1_cf1aqki,t1_cf1mnjk,0.04411764705882353,0.01384083044982699,0.030276816608996542
p_1723,t3_1we3gg,t1_cf14k7c,t1_cf1b9fg,0.041666666666666664,0.021834061135371178,0.019832605531295486
p_1727,t3_1w99ax,t1_cf08bgj,t1_cezuuhe,0.05759162303664921,0.015625,0.04196662303664921
p_1728,t3_1w91jl,t1_cezwkl3,t1_cezzr6g,0.051597051597051594,0.0755813953488372,-0.02398434375178561
p_1729,t3_1w84rh,t1_cezjynx,t1_cezjtaz,0.06315789473684211,0.05333333333333334,0.00982456140350877
p_1731,t3_1w6uhl,t1_cezbyuy,t1_cez8odp,0.040983606557377046,0.026905829596412557,0.014077776960964489
p_1730,t3_1w6uhl,t1_cezbjga,t1_cez8r6m,0.024154589371980676,0.027777777777777776,-0.0036231884057971
p_1732,t3_1w6uhl,t1_cezwgtv,t1_cezh5ah,0.021917808219178082,0.03428571428571429,-0.012367906066536205
p_1733,t3_1w6uhl,t1_cezy174,t1_cezwt7d,0.038181818181818185,0.0703125,-0.032130681818181815
p_1734,t3_1w3r7a,t1_ceyfj6f,t1_ceyiqk4,0.058823529411764705,0.019867549668874173,0.03895597974289053
p_1735,t3_1vz63d,t1_cex6xzs,t1_cexiref,0.05017921146953405,0.05621301775147929,-0.006033806281945241
p_1738,t3_1vqwtw,t1_ceuzj2d,t1_ceuycyu,0.04477611940298507,0.041666666666666664,0.0031094527363184077
p_1739,t3_1vq2nf,t1_ceupm5x,t1_ceup6x1,0.10185185185185185,0.06060606060606061,0.04124579124579124
p_1740,t3_1vpp6t,t1_ceus11w,t1_ceuld78,0.03783783783783784,0.04918032786885246,-0.011342490031014618
p_1742,t3_1voenh,t1_ceubelw,t1_ceu9m4y,0.028358208955223882,0.05517241379310345,-0.026814204837879566
p_1743,t3_1vm911,t1_cetnn1i,t1_cettz33,0.0625,0.027777777777777776,0.034722222222222224
p_1746,t3_1vitnu,t1_cesojok,t1_cet1d7h,0.02074688796680498,0.05970149253731343,-0.03895460457050845
p_1747,t3_1vil9h,t1_cesmz2f,t1_cesm93p,0.05371900826446281,0.05504587155963303,-0.0013268632951702192
p_1748,t3_1vil80,t1_cet0nf1,t1_cesmfhu,0.04421768707482993,0.04011461318051576,0.00410307389431417
p_1750,t3_1vhh7b,t1_cesb8l8,t1_ceso4j1,0.048879837067209775,0.06451612903225806,-0.015636291965048288
p_1753,t3_1vg6qn,t1_cerydvt,t1_ces7sw3,0.050387596899224806,0.033707865168539325,0.01667973173068548
p_1754,t3_1vg6qn,t1_ces7xdz,t1_ces4z4x,0.010101010101010102,0.01652892561983471,-0.006427915518824609
p_1755,t3_1vfoko,t1_cersgwa,t1_cery1u3,0.05747126436781609,0.027522935779816515,0.029948328587999576
p_1756,t3_1veiwz,t1_cergs7r,t1_ceruu7h,0.03940886699507389,0.04132231404958678,-0.001913447054512886
p_1758,t3_1vc1ju,t1_ceqsvrq,t1_ceqsm8p,0.020356234096692113,0.004761904761904762,0.015594329334787351
p_1759,t3_1vbtut,t1_ceqq9p8,t1_ceqwdz5,0.06635071090047394,0.1111111111111111,-0.044760400210637166
p_1762,t3_1v97rw,t1_cepz02o,t1_ceq85nw,0.04838709677419355,0.0423728813559322,0.0060142154182613455
p_1763,t3_1v8xv5,t1_cepyw13,t1_cepvurr,0.04804804804804805,0.024390243902439025,0.023657804145609022
p_1764,t3_1v8vbr,t1_ceq1g3n,t1_cepzl4s,0.026755852842809364,0.09375,-0.06699414715719064
p_1765,t3_1v8hly,t1_ceps6kq,t1_cepr262,0.03225806451612903,0.009569377990430622,0.022688686525698408
p_1767,t3_1v6x7z,t1_cepcqsx,t1_cepbgx3,0.05416666666666667,0.03754266211604096,0.01662400455062571
p_1768,t3_1v6x7z,t1_cepbbkb,t1_ceplff5,0.0472972972972973,0.032490974729241874,0.014806322568055426
p_1771,t3_1v6sc1,t1_cep8u6j,t1_cep920e,0.006493506493506494,0.060897435897435896,-0.0544039294039294
p_1772,t3_1v6sc1,t1_cepbi6t,t1_cep9kye,0.02962962962962963,0.058823529411764705,-0.029193899782135074
p_1773,t3_1v5dnm,t1_ceovabh,t1_ceovlgt,0.05263157894736842,0.027777777777777776,0.024853801169590642
p_1774,t3_1v5dnm,t1_ceovl5u,t1_ceov0pa,0.05067567567567568,0.044642857142857144,0.006032818532818535
p_1775,t3_1v44vp,t1_ceoj2ew,t1_ceonfda,0.029166666666666667,0.043478260869565216,-0.014311594202898549
p_1776,t3_1v44ig,t1_ceonb1b,t1_ceoluxq,0.0845771144278607,0.04081632653061224,0.04376078789724846
p_1777,t3_1v37km,t1_ceof5q0,t1_ceoakgs,0.029239766081871343,0.055710306406685235,-0.026470540324813892
p_1778,t3_1v2buu,t1_ceo3y9o,t1_ceo0vsq,0.04498269896193772,0.025974025974025976,0.019008672987911743
p_1783,t3_1uw88g,t1_cemazwn,t1_cem9vxq,0.07650273224043716,0.07216494845360824,0.004337783786828919
p_1784,t3_1uw88g,t1_cema7rn,t1_cematy2,0.058823529411764705,0.07083333333333333,-0.012009803921568626
p_1785,t3_1uu8f1,t1_celpb6x,t1_celpnop,0.014705882352941176,0.04477611940298507,-0.030070237050043896
p_1787,t3_1uss24,t1_celd4ge,t1_cem21t7,0.04642857142857143,0.025974025974025976,0.020454545454545454
p_1788,t3_1us404,t1_celnjcf,t1_cel68zm,0.038605230386052306,0.02976190476190476,0.008843325624147545
p_1789,t3_1us3bu,t1_cel70ih,t1_celagxd,0.043478260869565216,0.04093567251461988,0.0025425883549453354
p_1790,t3_1urrut,t1_cel88d0,t1_cel1jwe,0.0,0.0,0.0
p_1791,t3_1up36i,t1_cel5ryl,t1_cekasft,0.09154929577464789,0.01818181818181818,0.07336747759282972
p_1794,t3_1un1uh,t1_cejsnxi,t1_cejqr72,0.05952380952380952,0.014285714285714285,0.04523809523809524
p_1795,t3_1umi67,t1_cejoc7z,t1_cejtg9p,0.045871559633027525,0.05454545454545454,-0.008673894912427017
p_1796,t3_1um2og,t1_cejgnup,t1_cejgczp,0.0676056338028169,0.03636363636363636,0.031241997439180533
p_1797,t3_1uldzf,t1_cejbhlx,t1_cejot4k,0.016,0.0599250936329588,-0.0439250936329588
p_1800,t3_1uhnsm,t1_cei7518,t1_cei83kz,0.04878048780487805,0.02702702702702703,0.021753460777851022
p_1801,t3_1uhj8f,t1_cei563f,t1_ceim6kr,0.03597122302158273,0.02092050209205021,0.015050720929532524
p_1802,t3_1uhj8f,t1_cei5r73,t1_ceiav39,0.03812316715542522,0.027989821882951654,0.010133345272473566
p_1803,t3_1ugfg7,t1_cehxooj,t1_cehv3x9,0.024955436720142603,0.028455284552845527,-0.0034998478327029243
p_1804,t3_1ueg7f,t1_ceh8q6y,t1_ceh8am3,0.030874785591766724,0.024509803921568627,0.006364981670198097
p_1806,t3_1udzn5,t1_ceh4p0r,t1_ceh6366,0.050974512743628186,0.030864197530864196,0.02011031521276399
p_1808,t3_1udzn5,t1_cehcarm,t1_cehc82y,0.029411764705882353,0.03125,-0.0018382352941176475
p_1811,t3_1udlql,t1_ceh07bk,t1_cegzp5m,0.04065040650406504,0.06097560975609756,-0.02032520325203252
p_1812,t3_1ud8fv,t1_cehjb3t,t1_ceh3glw,0.09375,0.05853658536585366,0.03521341463414634
p_1814,t3_1uctm7,t1_cegr7bn,t1_cegy5dc,0.031496062992125984,0.01694915254237288,0.014546910449753103
p_1815,t3_1ucj9u,t1_cegoldf,t1_cegt2yd,0.043478260869565216,0.04945054945054945,-0.005972288580984232
p_1816,t3_1ucgh6,t1_cegogz6,t1_cegohag,0.03333333333333333,0.019704433497536946,0.013628899835796387
p_1817,t3_1ucgh6,t1_cegqw1u,t1_cegohag,0.043010752688172046,0.019704433497536946,0.0233063191906351
p_1818,t3_1uamtt,t1_cegcjhm,t1_cegb3ri,0.050761421319796954,0.005319148936170213,0.04544227238362674
p_1821,t3_1u8yzo,t1_cefohe0,t1_cefnobg,0.0163265306122449,0.07936507936507936,-0.06303854875283446
p_1824,t3_1u8om4,t1_cefkzid,t1_cefl804,0.047619047619047616,0.010676156583629894,0.03694289103541772
p_1825,t3_1u8iv1,t1_cefj6lm,t1_cefr8n0,0.03546099290780142,0.03237410071942446,0.0030868921883769607
p_1827,t3_1u87uu,t1_cefgarg,t1_cefn2kn,0.061068702290076333,0.017045454545454544,0.04402324774462179
p_1828,t3_1u7llg,t1_cefbw53,t1_cefb5g9,0.017699115044247787,0.027586206896551724,-0.009887091852303936
p_1830,t3_1u4wxq,t1_ceenpjt,t1_ceekcir,0.06329113924050633,0.040983606557377046,0.022307532683129287
p_1829,t3_1u4wxq,t1_ceeovmf,t1_ceem22l,0.056338028169014086,0.0319634703196347,0.024374557849379384
p_1831,t3_1u4fqn,t1_ceefsm0,t1_ceejtd2,0.030303030303030304,0.022727272727272728,0.007575757575757576
p_1835,t3_1u28be,t1_cedssel,t1_cedt1r4,0.03424657534246575,0.06282722513089005,-0.028580649788424298
p_1836,t3_1u0pt2,t1_cedkwy5,t1_cedqecc,0.020833333333333332,0.017937219730941704,0.0028961136023916284
p_1838,t3_1ty0ux,t1_cecozto,t1_cecpcit,0.03508771929824561,0.023923444976076555,0.011164274322169057
p_1839,t3_1txyfq,t1_ceczo86,t1_cecktf3,0.03856749311294766,0.03731343283582089,0.0012540602771267673
p_1840,t3_1tx0tf,t1_ceca72e,t1_ceca9ns,0.020242914979757085,0.0,0.020242914979757085
p_1841,t3_1twxa7,t1_cec9uo6,t1_cecflca,0.04071246819338423,0.027149321266968326,0.0135631469264159
p_1843,t3_1twegt,t1_cecee3s,t1_cecd78s,0.11764705882352941,0.10759493670886076,0.010052122114668646
p_1844,t3_1tt75b,t1_cebccgh,t1_cebecvh,0.06002475247524752,0.046875,0.013149752475247523
p_1845,t3_1tt5tb,t1_cebd1og,t1_cebemwn,0.008403361344537815,0.023952095808383235,-0.01554873446384542
p_1846,t3_1tt5tb,t1_cebcb60,t1_cebb05i,0.031578947368421054,0.0410958904109589,-0.009516943042537848
p_1850,t3_1tqttm,t1_cealwzd,t1_ceakm2y,0.03856382978723404,0.03821656050955414,0.0003472692776799041
p_1851,t3_1tqttm,t1_ceaxcno,t1_ceak6vp,0.04878048780487805,0.04054054054054054,0.008239947264337508
p_1853,t3_1tpqhr,t1_ceaod4e,t1_ceaei9g,0.05084745762711865,0.06072874493927125,-0.009881287312152605
p_1855,t3_1to7tw,t1_ce9wkz3,t1_ce9wfe0,0.04868913857677903,0.039711191335740074,0.008977947241038953
p_1856,t3_1tns6s,t1_ce9xde5,t1_ce9rgf8,0.02,0.023529411764705882,-0.0035294117647058816
p_1857,t3_1tm85z,t1_ce9dgau,t1_ce9co77,0.023255813953488372,0.026041666666666668,-0.002785852713178296
p_1858,t3_1tku2p,t1_ce92cm3,t1_ce9099k,0.05825242718446602,0.05303030303030303,0.0052221241541629895
p_1860,t3_1tg3nh,t1_ce7sc37,t1_ce7klpg,0.046052631578947366,0.014285714285714285,0.03176691729323308
p_1861,t3_1te39z,t1_ce70eid,t1_ce71ql3,0.07575757575757576,0.07142857142857142,0.004329004329004335
p_1862,t3_1td5fm,t1_ce6qqlt,t1_ce6qwq5,0.057971014492753624,0.047619047619047616,0.010351966873706007
p_1863,t3_1t9y3s,t1_ce5u6t5,t1_ce5u33e,0.04419889502762431,0.020202020202020204,0.023996874825604104
p_1864,t3_1t9irv,t1_ce5qvxa,t1_ce5r69v,0.02888086642599278,0.049689440993788817,-0.020808574567796036
p_1866,t3_1t9irv,t1_ce5spfk,t1_ce5r134,0.05040322580645161,0.04519774011299435,0.00520548569345726
p_1867,t3_1t8yrt,t1_ce5k8r6,t1_ce5jxeb,0.03345724907063197,0.04591836734693878,-0.012461118276306811
p_1869,t3_1t83kb,t1_ce5bsdz,t1_ce5bvhb,0.0387192851824274,0.021806853582554516,0.016912431599872883
p_1870,t3_1t5izv,t1_ce4jsh6,t1_ce4oagv,0.04790419161676647,0.06790123456790123,-0.01999704295113476
p_1872,t3_1t4p86,t1_ce4jasj,t1_ce4clfo,0.025380710659898477,0.0,0.025380710659898477
p_1873,t3_1t46ur,t1_ce4aypp,t1_ce46qsw,0.059880239520958084,0.04580152671755725,0.014078712803400832
p_1877,t3_1t1i45,t1_ce3sops,t1_ce3g5h1,0.022222222222222223,0.027624309392265192,-0.005402087170042969
p_1878,t3_1t13mm,t1_ce3c4sb,t1_ce39wwh,0.06382978723404255,0.046296296296296294,0.017533490937746254
p_1879,t3_1t0eax,t1_ce324pp,t1_ce36rhk,0.022222222222222223,0.04529616724738676,-0.02307394502516454
p_1880,t3_1sxioi,t1_ce27cna,t1_ce2bmpa,0.04017857142857143,0.047058823529411764,-0.0068802521008403325
p_1881,t3_1sxioi,t1_ce27fv0,t1_ce2dpe5,0.030303030303030304,0.03414634146341464,-0.003843311160384333
p_1884,t3_1sv960,t1_ce1x8f8,t1_ce1krmn,0.033210332103321034,0.06060606060606061,-0.027395728502739573
p_1885,t3_1sv7nj,t1_ce1m2fp,t1_ce1qbwt,0.06306306306306306,0.05042016806722689,0.012642894995836165
p_1886,t3_1suyq6,t1_ce1hrcm,t1_ce1i6wn,0.06691449814126393,0.046511627906976744,0.02040287023428719
p_1887,t3_1suyq6,t1_ce1jnf5,t1_ce1i6wn,0.04748603351955307,0.046511627906976744,0.0009744056125763276
p_1888,t3_1suyq6,t1_ce1j07m,t1_ce1ivme,0.03125,0.012422360248447204,0.018827639751552796
p_1890,t3_1suq0i,t1_ce1l6xb,t1_ce1frfu,0.033112582781456956,0.03804347826086957,-0.004930895479412611
p_1889,t3_1suq0i,t1_ce1gpo7,t1_ce1g21s,0.038461538461538464,0.03773584905660377,0.0007256894049346915
p_1891,t3_1sunm5,t1_ce1fx1q,t1_ce1fhql,0.03754266211604096,0.015151515151515152,0.022391146964525807
p_1893,t3_1sunm5,t1_ce1epim,t1_ce1fhql,0.031746031746031744,0.015151515151515152,0.016594516594516592
p_1892,t3_1sunm5,t1_ce1fxo1,t1_ce1gunr,0.043478260869565216,0.04195804195804196,0.0015202189115232564
p_1894,t3_1stysh,t1_ce1a8iy,t1_ce1k607,0.04838709677419355,0.04,0.008387096774193546
p_1895,t3_1sslvc,t1_ce0xojx,t1_ce12asq,0.07237635705669482,0.08801955990220049,-0.015643202845505674
p_1896,t3_1sqkke,t1_ce09y0e,t1_ce08oy9,0.10743801652892562,0.045454545454545456,0.06198347107438017
p_1897,t3_1sktqj,t1_cdz832l,t1_cdymjwd,0.02626970227670753,0.02627511591962906,-5.413642921527767e-06
p_1898,t3_1sji3o,t1_cdy85sk,t1_cdyajck,0.078125,0.03636363636363636,0.04176136363636364
p_1900,t3_1sgr9m,t1_cdxkw1s,t1_cdxgrfu,0.05263157894736842,0.057692307692307696,-0.005060728744939277
p_1904,t3_1scv1e,t1_cdwaij1,t1_cdw8ydx,0.00980392156862745,0.012269938650306749,-0.002466017081679298
p_1905,t3_1sclwf,t1_cdwfawk,t1_cdw643w,0.04153354632587859,0.0136986301369863,0.027834916188892292
p_1907,t3_1scbek,t1_cdw4ucf,t1_cdw36rb,0.05555555555555555,0.03529411764705882,0.02026143790849673
p_1908,t3_1sbxik,t1_cdvzh4k,t1_cdvyz1u,0.035398230088495575,0.04225352112676056,-0.006855291038264988
p_1909,t3_1saalt,t1_cdw0u51,t1_cdvmn1u,0.04608294930875576,0.032,0.014082949308755761
p_1910,t3_1s94cq,t1_cdv71qo,t1_cdv5luo,0.019801980198019802,0.030612244897959183,-0.01081026469993938
p_1911,t3_1s8zmg,t1_cdwf8t8,t1_cdvi2oo,0.064343163538874,0.05673758865248227,0.007605574886391728
p_1912,t3_1s6w43,t1_cduin0o,t1_cduuorr,0.021897810218978103,0.044444444444444446,-0.022546634225466343
p_1913,t3_1s60vl,t1_cdufjh4,t1_cdu9qiv,0.021148036253776436,0.015503875968992248,0.005644160284784188
p_1916,t3_1s3pxw,t1_cdtmhc2,t1_cdtmrcr,0.030303030303030304,0.03208556149732621,-0.0017825311942959027
p_1919,t3_1s3ji2,t1_cdtq1rg,t1_cdtx77n,0.04079696394686907,0.037209302325581395,0.003587661621287673
p_1920,t3_1s344f,t1_cdtj4bf,t1_cdtgb1d,0.03211009174311927,0.03333333333333333,-0.001223241590214065
p_1921,t3_1s30ko,t1_cdtuayw,t1_cdtne36,0.011111111111111112,0.06431535269709543,-0.053204241585984316
p_1922,t3_1s1j8s,t1_cdtfxvy,t1_cdt6ohm,0.054878048780487805,0.03825136612021858,0.016626682660269225
p_1923,t3_1rzqrw,t1_cdsphfd,t1_cdsigu7,0.05714285714285714,0.04054054054054054,0.0166023166023166
p_1924,t3_1rzqrw,t1_cdsm89r,t1_cdsmyt1,0.043478260869565216,0.04713804713804714,-0.0036597862684819224
p_1925,t3_1rw7vg,t1_cdrov9y,t1_cdrovjs,0.038834951456310676,0.049586776859504134,-0.010751825403193457
p_1927,t3_1rvnty,t1_cdre5so,t1_cdrdpkz,0.02553191489361702,0.018691588785046728,0.006840326108570292
p_1926,t3_1rvnty,t1_cdrgglu,t1_cdrgcu5,0.05419580419580419,0.030303030303030304,0.02389277389277389
p_1928,t3_1rvjrs,t1_cdrcnts,t1_cdre1mt,0.05405405405405406,0.03169014084507042,0.022363913208983635
p_1929,t3_1rsmsh,t1_cdqij94,t1_cdqx6xw,0.06596306068601583,0.056485355648535567,0.009477705037480265
p_1930,t3_1rsdfp,t1_cdqfs62,t1_cdqdh7o,0.047619047619047616,0.047619047619047616,0.0
p_1931,t3_1rrios,t1_cdq5t7s,t1_cdq4pdm,0.016908212560386472,0.017241379310344827,-0.00033316674995835516
p_1932,t3_1rrios,t1_cdq5vt8,t1_cdq58j7,0.059670781893004114,0.007874015748031496,0.05179676614497262
p_1933,t3_1rqhfc,t1_cdq3h1d,t1_cdq716e,0.066,0.043010752688172046,0.022989247311827957
p_1935,t3_1rlna3,t1_cdokmar,t1_cdoirhb,0.008620689655172414,0.0,0.008620689655172414
p_1936,t3_1rkrbs,t1_cdoio50,t1_cdoe2j3,0.024830699774266364,0.036036036036036036,-0.011205336261769672
p_1937,t3_1rj73b,t1_cdnzcb1,t1_cdo2ywx,0.05504587155963303,0.04477611940298507,0.010269752156647959
p_1939,t3_1rgch2,t1_cdmzb2b,t1_cdn32a2,0.05084745762711865,0.033112582781456956,0.01773487484566169
p_1940,t3_1rgch2,t1_cdmzh7v,t1_cdn0d35,0.03305785123966942,0.04526748971193416,-0.012209638472264736
p_1941,t3_1rgch2,t1_cdo0n79,t1_cdn1hk3,0.07947019867549669,0.03560830860534125,0.043861890070155445
p_1942,t3_1rfn88,t1_cdmslq3,t1_cdn4bxg,0.041666666666666664,0.035211267605633804,0.00645539906103286
p_1943,t3_1re89d,t1_cdmhfgx,t1_cdmequ6,0.02702702702702703,0.03759398496240601,-0.010566957935378984
p_1944,t3_1re89d,t1_cdmem16,t1_cdme68p,0.04046242774566474,0.03618421052631579,0.0042782172193489496
p_1945,t3_1re89d,t1_cdmrzwp,t1_cdmh1c4,0.03582554517133956,0.04782608695652174,-0.01200054178518218
p_1946,t3_1re7tj,t1_cdmdid4,t1_cdmh6ca,0.09090909090909091,0.02631578947368421,0.0645933014354067
p_1948,t3_1rddqv,t1_cdm3hlz,t1_cdm3kyd,0.023952095808383235,0.041176470588235294,-0.01722437477985206
p_1949,t3_1rb6qj,t1_cdlewyd,t1_cdlyn3j,0.013157894736842105,0.0670926517571885,-0.05393475702034639
p_1950,t3_1rb6qj,t1_cdlrdyo,t1_cdlyn3j,0.019756838905775075,0.0670926517571885,-0.04733581285141342
p_1952,t3_1ra42n,t1_cdl4b7o,t1_cdl5bkn,0.00423728813559322,0.03125,-0.02701271186440678
p_1953,t3_1ra42n,t1_cdl96cr,t1_cdmjkp2,0.0365296803652968,0.014941302027748132,0.021588378337548668
p_1954,t3_1r893j,t1_cdktb2l,t1_cdkklti,0.06622516556291391,0.018691588785046728,0.04753357677786718
p_1955,t3_1r69xi,t1_cdk0ex9,t1_cdk3u15,0.04046242774566474,0.01904761904761905,0.02141480869804569
p_1956,t3_1r69xi,t1_cdk0r67,t1_cdk3u15,0.02710843373493976,0.01904761904761905,0.00806081468732071
p_1960,t3_1qz653,t1_cdhyl9l,t1_cdiiqug,0.05251141552511415,0.026217228464419477,0.026294187060694675
p_1962,t3_1qxn8r,t1_cdhle85,t1_cdhvq6g,0.05244755244755245,0.045563549160671464,0.006884003286880984
p_1963,t3_1qxn8r,t1_cdhjvcw,t1_cdhvq6g,0.03460207612456748,0.045563549160671464,-0.010961473036103987
p_1964,t3_1qwg8s,t1_cdhe2ys,t1_cdh6ozn,0.044,0.02097902097902098,0.023020979020979018
p_1969,t3_1qvm1n,t1_cdgyu8j,t1_cdh0i8x,0.021505376344086023,0.013392857142857142,0.008112519201228881
p_1970,t3_1qtuy4,t1_cdgib3s,t1_cdgy31a,0.02295918367346939,0.04132231404958678,-0.01836313037611739
p_1972,t3_1qr0id,t1_cdfybue,t1_cdfkykr,0.07516339869281045,0.07537688442211055,-0.0002134857293000919
p_1975,t3_1qncnw,t1_cdely5f,t1_cden4p9,0.03762376237623762,0.023529411764705882,0.01409435061153174
p_1977,t3_1qj48o,t1_cddqbp8,t1_cddn1vo,0.03816793893129771,0.03139013452914798,0.006777804402149729
p_1978,t3_1qj032,t1_cdda585,t1_cddki3r,0.057057057057057055,0.07880434782608696,-0.021747290769029905
p_1981,t3_1qi1dr,t1_cdd6x3m,t1_cdd4306,0.046511627906976744,0.03614457831325301,0.010367049593723733
p_1982,t3_1qhv03,t1_cdczknl,t1_cdcy1h9,0.049479166666666664,0.02097902097902098,0.028500145687645684
p_1983,t3_1qh0lb,t1_cdcowit,t1_cdcp122,0.012987012987012988,0.018691588785046728,-0.00570457579803374
p_1984,t3_1qgtma,t1_cdcurim,t1_cdcq77q,0.022988505747126436,0.03636363636363636,-0.013375130616509925
p_1986,t3_1qfy2y,t1_cdcoftz,t1_cdcikj0,0.05572755417956656,0.024390243902439025,0.031337310277127536
p_1985,t3_1qfy2y,t1_cdcu71x,t1_cdcgg2f,0.04878048780487805,0.07738095238095238,-0.028600464576074333
p_1987,t3_1qfqj6,t1_cdcffak,t1_cdcgve9,0.056179775280898875,0.03225806451612903,0.023921710764769843
p_1988,t3_1qfo09,t1_cdcc9fw,t1_cdccpys,0.0706713780918728,0.047619047619047616,0.023052330472825178
p_1989,t3_1qfo09,t1_cdcconr,t1_cdccpys,0.030612244897959183,0.047619047619047616,-0.017006802721088433
p_1991,t3_1qee3b,t1_cdc0hlx,t1_cdc0jw6,0.026041666666666668,0.031746031746031744,-0.0057043650793650764
p_1992,t3_1qe6d9,t1_cdbzgva,t1_cdckb1g,0.04096385542168675,0.024761904761904763,0.016201950659781986
p_1993,t3_1qe6d9,t1_cdbwyxj,t1_cdckb1g,0.045454545454545456,0.024761904761904763,0.020692640692640693
p_1994,t3_1qdzt5,t1_cdbyjvw,t1_cdbwdog,0.04197530864197531,0.030181086519114688,0.011794222122860621
p_1996,t3_1qdlln,t1_cdc66t9,t1_cdby8z3,0.05675675675675676,0.014705882352941176,0.04205087440381558
p_1998,t3_1qcw4r,t1_cdblxo9,t1_cdbsnq8,0.01680672268907563,0.042105263157894736,-0.025298540468819106
p_1999,t3_1qbvlh,t1_cdb9b5i,t1_cdbf5rp,0.03414634146341464,0.0547945205479452,-0.020648179084530566
p_2000,t3_1qazk6,t1_cdb0lr2,t1_cdbddq0,0.02452316076294278,0.04225352112676056,-0.017730360363817782
p_2002,t3_1q82wf,t1_cda644z,t1_cda826v,0.084,0.0591016548463357,0.024898345153664306
p_2003,t3_1q5w5k,t1_cd9kwdu,t1_cd9kc11,0.03065134099616858,0.028169014084507043,0.002482326911661538
p_2004,t3_1q5w5k,t1_cd9l1k7,t1_cd9kc11,0.052941176470588235,0.028169014084507043,0.02477216238608119
p_2005,t3_1q4sao,t1_cd97j4q,t1_cd960cn,0.02926829268292683,0.06521739130434782,-0.035949098621421
p_2007,t3_1q261p,t1_cd8g07m,t1_cd8gyhg,0.07990314769975787,0.017361111111111112,0.06254203658864677
p_2008,t3_1q0s26,t1_cd87o5o,t1_cd81q6y,0.030726256983240222,0.01646090534979424,0.014265351633445982
p_2009,t3_1q0fp2,t1_cd8calk,t1_cd7yekn,0.012195121951219513,0.04430379746835443,-0.03210867551713492
p_2010,t3_1q01e8,t1_cd7t14x,t1_cd7zdia,0.026119402985074626,0.04838709677419355,-0.02226769378911892
p_2012,t3_1pyt0c,t1_cd9eqz1,t1_cd7z0cm,0.016304347826086956,0.04225352112676056,-0.025949173300673607
p_2013,t3_1pwwvj,t1_cd6wnyq,t1_cd6y877,0.06451612903225806,0.043037974683544304,0.02147815434871376
p_2017,t3_1pux5t,t1_cd6evv3,t1_cd6cpnj,0.035211267605633804,0.049868766404199474,-0.01465749879856567
p_2018,t3_1ptwcr,t1_cd60rgh,t1_cd63zq4,0.03614457831325301,0.09090909090909091,-0.0547645125958379
p_2021,t3_1pt86v,t1_cd5s3dd,t1_cd5rwd6,0.022099447513812154,0.06395348837209303,-0.04185404085828087
p_2022,t3_1ps084,t1_cd5dy25,t1_cd5f1y4,0.029850746268656716,0.034482758620689655,-0.004632012352032939
p_2023,t3_1prxpn,t1_cd5d4w9,t1_cd5dujp,0.07142857142857142,0.015384615384615385,0.05604395604395604
p_2024,t3_1prkvt,t1_cd5q43p,t1_cd5p13p,0.05730994152046784,0.05714285714285714,0.00016708437761069755
p_2025,t3_1prhkh,t1_cd595rw,t1_cd5datb,0.021739130434782608,0.06666666666666667,-0.04492753623188406
p_2026,t3_1pqyv7,t1_cd536p8,t1_cd565uh,0.07159353348729793,0.053811659192825115,0.01778187429447281
p_2030,t3_1pomjr,t1_cd4gee8,t1_cd4in2k,0.07086614173228346,0.09090909090909091,-0.020042949176807448
p_2031,t3_1pocaz,t1_cd4bjgk,t1_cd4c2wr,0.042682926829268296,0.0,0.042682926829268296
p_2032,t3_1pmhql,t1_cd4a1wc,t1_cd3v545,0.06930693069306931,0.0821917808219178,-0.01288485012884849
p_2033,t3_1pkngi,t1_cd3p5gz,t1_cd43pdi,0.04294478527607362,0.023809523809523808,0.019135261466549813
p_2035,t3_1pj0co,t1_cd2vnaa,t1_cd32tjh,0.012958963282937365,0.049773755656108594,-0.03681479237317123
p_2042,t3_1pdul1,t1_cd2og2j,t1_cd1d692,0.037509377344336084,0.029093931837073983,0.008415445507262101
p_2044,t3_1pclk6,t1_cd17lfv,t1_cd106w4,0.06557377049180328,0.0625,0.003073770491803282
p_2046,t3_1pacrh,t1_cd0cttu,t1_cd0ctfp,0.0380952380952381,0.010416666666666666,0.027678571428571434
p_2047,t3_1p7ojf,t1_cczl7sy,t1_ccznfv7,0.0873015873015873,0.046875,0.0404265873015873
p_2048,t3_1p7bao,t1_cczlh8c,t1_cczir1i,0.09880239520958084,0.08465608465608465,0.014146310553496189
p_2049,t3_1p6fts,t1_ccz983e,t1_cczb06s,0.038834951456310676,0.06521739130434782,-0.026382439848037148
p_2050,t3_1p4x72,t1_ccysbbf,t1_ccysnss,0.025510204081632654,0.057065217391304345,-0.03155501330967169
p_2051,t3_1p0cwf,t1_ccxh3kc,t1_ccxfymz,0.043010752688172046,0.015384615384615385,0.02762613730355666
p_2055,t3_1ozb3s,t1_ccx9s2j,t1_ccxbwo9,0.027972027972027972,0.017857142857142856,0.010114885114885116
p_2056,t3_1oz5lq,t1_ccx7aaw,t1_ccxafc2,0.05263157894736842,0.051094890510948905,0.001536688436419513
p_2057,t3_1oyy6b,t1_ccxhhv9,t1_ccx2xpw,0.043668122270742356,0.06329113924050633,-0.019623016969763978
p_2059,t3_1owes7,t1_ccwccg2,t1_ccwnrv4,0.04986149584487535,0.03875968992248062,0.01110180592239473
p_2060,t3_1ow6zk,t1_ccw91og,t1_ccw92p0,0.06813186813186813,0.06306306306306306,0.005068805068805068
p_2062,t3_1ovrv9,t1_ccw51st,t1_ccw5ptr,0.015267175572519083,0.032846715328467155,-0.017579539755948073
p_2063,t3_1ovrv9,t1_ccw6450,t1_ccw5ptr,0.05504587155963303,0.032846715328467155,0.022199156231165876
p_2064,t3_1otx5t,t1_ccvntps,t1_ccvkmsp,0.053811659192825115,0.03954802259887006,0.014263636593955055
p_2065,t3_1otp1b,t1_ccvhvrl,t1_ccvi2vt,0.052830188679245285,0.0486322188449848,0.004197969834260483
p_2066,t3_1osr3n,t1_ccvjj1n,t1_ccv833c,0.031746031746031744,0.03731343283582089,-0.005567401089789148
p_2067,t3_1orrrs,t1_ccvj1c4,t1_ccv4ank,0.052256532066508314,0.03560830860534125,0.016648223461167067
p_2068,t3_1or8lr,t1_ccusett,t1_ccuruyz,0.04081632653061224,0.0,0.04081632653061224
p_2069,t3_1or8lr,t1_ccutak2,t1_ccuruyz,0.043478260869565216,0.0,0.043478260869565216
p_2070,t3_1ooyb1,t1_ccu41n1,t1_ccu4kfo,0.018115942028985508,0.02040816326530612,-0.002292221236320613
p_2071,t3_1onshz,t1_cctslvq,t1_ccttjcb,0.053613053613053616,0.028169014084507043,0.025444039528546573
p_2072,t3_1onlj1,t1_ccts88g,t1_cctr8zg,0.03197158081705151,0.0661764705882353,-0.034204889771183786
p_2073,t3_1onlj1,t1_ccu8ayh,t1_cctr8zg,0.07013574660633484,0.0661764705882353,0.003959276018099547
p_2074,t3_1on8j3,t1_cctmaun,t1_cctugxw,0.04056437389770723,0.038834951456310676,0.0017294224413965525
p_2075,t3_1on0dg,t1_cctkuyk,t1_cctp521,0.02459016393442623,0.04390243902439024,-0.019312275089964012
p_2076,t3_1on0dg,t1_cctncfz,t1_cctq519,0.05714285714285714,0.0392156862745098,0.017927170868347338
p_2078,t3_1omnis,t1_ccthnrm,t1_cctnmc9,0.031746031746031744,0.02781136638452237,0.003934665361509375
p_2079,t3_1okrb7,t1_cct05wy,t1_ccswjh5,0.0777027027027027,0.027472527472527472,0.05023017523017523
p_2080,t3_1ok44s,t1_ccsqf0e,t1_ccsqryz,0.017543859649122806,0.008064516129032258,0.009479343520090548
p_2081,t3_1oj3p9,t1_ccsggop,t1_ccsf2i1,0.018018018018018018,0.04956268221574344,-0.03154466419772542
p_2082,t3_1oix5b,t1_ccsopjf,t1_ccsdc7b,0.02857142857142857,0.07547169811320754,-0.04690026954177898
p_2083,t3_1ohh43,t1_ccs14vq,t1_ccs087t,0.05357142857142857,0.055401662049861494,-0.0018302334784329258
p_2084,t3_1ofi5m,t1_ccrjxvz,t1_ccrkq5s,0.10465116279069768,0.05102040816326531,0.05363075462743237
p_2085,t3_1off27,t1_ccroh74,t1_ccrsxqd,0.06870229007633588,0.0492845786963434,0.01941771137999248
p_2086,t3_1off27,t1_ccrtt7v,t1_ccrndad,0.028469750889679714,0.025974025974025976,0.002495724915653738
p_2087,t3_1oee4l,t1_ccrfxpy,t1_ccrhx5q,0.01593625498007968,0.01812688821752266,-0.0021906332374429793
p_2088,t3_1oe5hc,t1_ccr69ni,t1_ccr52rk,0.04093567251461988,0.015228426395939087,0.025707246118680794
p_2089,t3_1odlvm,t1_ccr09qw,t1_ccr136f,0.015037593984962405,0.03468208092485549,-0.019644486939893083
p_2091,t3_1o8avl,t1_ccpruq6,t1_ccpueez,0.03333333333333333,0.03636363636363636,-0.003030303030303029
p_2093,t3_1o7aa8,t1_ccqapn6,t1_ccq12oe,0.017857142857142856,0.01646090534979424,0.001396237507348616
p_2096,t3_1o5c1a,t1_ccp27y8,t1_ccoz699,0.058823529411764705,0.013157894736842105,0.0456656346749226
p_2097,t3_1o5321,t1_ccp3x7x,t1_ccq3lo4,0.027450980392156862,0.02,0.007450980392156862
p_2098,t3_1o3jlp,t1_ccoi13b,t1_ccoyngj,0.06432748538011696,0.04878048780487805,0.015546997575238905
p_2099,t3_1o2tau,t1_ccoc092,t1_ccofru6,0.041935483870967745,0.01606425702811245,0.025871226842855297
p_2100,t3_1o24hh,t1_cco736j,t1_ccoc4gk,0.0673076923076923,0.046875,0.020432692307692304
p_2102,t3_1nzucd,t1_ccnrlhj,t1_ccnphhf,0.02346041055718475,0.014925373134328358,0.008535037422856393
p_2103,t3_1ny6k8,t1_ccn5pat,t1_ccn8dgu,0.04678362573099415,0.011538461538461539,0.03524516419253261
p_2104,t3_1ny38x,t1_ccn5uqg,t1_ccn4dy5,0.05,0.01020408163265306,0.039795918367346944
p_2105,t3_1nwpae,t1_ccmrf9r,t1_ccmt0m5,0.05945945945945946,0.06611570247933884,-0.006656243019879382
p_2107,t3_1ntspd,t1_cclyzpy,t1_ccm05d5,0.07228915662650602,0.0547112462006079,0.017577910425898118
p_2109,t3_1ntobs,t1_cclywzr,t1_ccma5pl,0.02702702702702703,0.03488372093023256,-0.007856693903205529
p_2111,t3_1nrv36,t1_cclsxnj,t1_cclgi1r,0.012690355329949238,0.040106951871657755,-0.027416596541708516
p_2112,t3_1nqms4,t1_ccl8rf4,t1_ccl7xo5,0.04392523364485981,0.05069124423963134,-0.0067660105947715266
p_2113,t3_1nqms4,t1_cclbk5y,t1_ccl66vn,0.06289308176100629,0.030612244897959183,0.032280836863047106
p_2116,t3_1np3ni,t1_cclh1r6,t1_cckxr1k,0.038461538461538464,0.05084745762711865,-0.012385919165580184
p_2118,t3_1nn68m,t1_cckc1k4,t1_cck59bw,0.05747126436781609,0.07017543859649122,-0.012704174228675133
p_2119,t3_1nkqn7,t1_ccjhnln,t1_ccjhz72,0.06275579809004093,0.04296875,0.019787048090040935
p_2121,t3_1nj6q6,t1_ccj3wew,t1_ccj20in,0.04292527821939587,0.04081632653061224,0.002108951688783625
p_2122,t3_1nixjm,t1_ccj4a7h,t1_ccj2t1v,0.05043859649122807,0.023255813953488372,0.027182782537739696
p_2123,t3_1nichn,t1_ccj007d,t1_cciuejb,0.04607046070460705,0.05673758865248227,-0.010667127947875221
p_2124,t3_1nichn,t1_ccizsq8,t1_ccj7g5s,0.06432748538011696,0.019801980198019802,0.04452550518209715
p_2125,t3_1ni9rr,t1_ccj1rba,t1_ccitwf4,0.0410958904109589,0.05365853658536585,-0.012562646174406951
p_2126,t3_1ni983,t1_cciz076,t1_cciwjvy,0.03691275167785235,0.01694915254237288,0.01996359913547947
p_2127,t3_1nhxca,t1_ccisqrm,t1_ccirnyo,0.0759493670886076,0.0705596107055961,0.005389756383011493
p_2128,t3_1nhifl,t1_ccinn6v,t1_ccincyk,0.0410958904109589,0.025157232704402517,0.015938657706556385
p_2130,t3_1ng8mo,t1_ccidw4s,t1_ccidsew,0.05194805194805195,0.07142857142857142,-0.019480519480519473
p_2132,t3_1ncxna,t1_cchh67n,t1_cchgksg,0.029661016949152543,0.03937007874015748,-0.009709061791004937
p_2133,t3_1ncq4g,t1_cchg2hg,t1_cchn5ve,0.039627039627039624,0.005917159763313609,0.03370987986372601
p_2135,t3_1n8s63,t1_ccge5q7,t1_ccgkhcd,0.03715170278637771,0.06713780918727916,-0.02998610640090145
p_2136,t3_1n8542,t1_ccg95kd,t1_ccg99tj,0.055384615384615386,0.05106382978723404,0.004320785597381346
p_2137,t3_1n6bmg,t1_ccgdc5o,t1_ccfzlcw,0.032520325203252036,0.022950819672131147,0.00956950553112089
p_2139,t3_1n5lqn,t1_ccfncrg,t1_ccfnbjw,0.029900332225913623,0.04891304347826087,-0.01901271125234725
p_2140,t3_1n5lqn,t1_ccfq99c,t1_ccfob65,0.04,0.02976190476190476,0.01023809523809524
p_2141,t3_1n5lqn,t1_ccfqxqv,t1_ccfpzon,0.03875968992248062,0.01098901098901099,0.027770678933469628
p_2142,t3_1n4xai,t1_ccfhgkp,t1_ccfg5if,0.0738255033557047,0.05102040816326531,0.022805095192439395
p_2144,t3_1n3wo2,t1_ccf9dhu,t1_ccf565b,0.046511627906976744,0.03418803418803419,0.012323593718942552
p_2145,t3_1n3wo2,t1_ccfdwg9,t1_ccfhdpo,0.03875968992248062,0.04807692307692308,-0.00931723315444246
p_2147,t3_1n3wo2,t1_ccfmxhg,t1_ccffwtl,0.04191176470588235,0.04451038575667656,-0.0025986210507942115
p_2146,t3_1n3wo2,t1_ccfmost,t1_ccfdvsg,0.017543859649122806,0.0070921985815602835,0.010451661067562523
p_2149,t3_1n0a5y,t1_cceltkh,t1_cce9tgv,0.039603960396039604,0.033707865168539325,0.0058960952275002795
p_2150,t3_1mxo4i,t1_ccdoxu0,t1_ccdla5i,0.025280898876404494,0.01935483870967742,0.0059260601667270735
p_2151,t3_1mxf26,t1_ccdidvp,t1_ccdnuec,0.02242152466367713,0.024630541871921183,-0.0022090172082440546
p_2152,t3_1mvpmi,t1_ccd1q5w,t1_ccd6xyi,0.04477611940298507,0.0,0.04477611940298507
p_2153,t3_1mv3g3,t1_cccxjd9,t1_cccvmip,0.06329113924050633,0.04938271604938271,0.01390842319112362
p_2154,t3_1mv3g3,t1_cccwow7,t1_ccd56i2,0.050974512743628186,0.03550295857988166,0.015471554163746529
p_2155,t3_1mv3g3,t1_ccd581r,t1_ccd3k4q,0.022641509433962263,0.02857142857142857,-0.005929919137466308
p_2157,t3_1ms5h6,t1_ccc5hfa,t1_cccbr1n,0.050505050505050504,0.0461133069828722,0.004391743522178304
p_2158,t3_1ms5h6,t1_ccc4apy,t1_ccc3e49,0.07272727272727272,0.06611570247933884,0.006611570247933879
p_2159,t3_1ms5h6,t1_ccc4zc0,t1_ccc6q8t,0.0821917808219178,0.045454545454545456,0.03673723536737235
p_2160,t3_1ms5h6,t1_ccc8c0p,t1_ccca28r,0.050793650793650794,0.026392961876832845,0.024400688916817948
p_2161,t3_1ms5h6,t1_ccc849f,t1_ccc5y0d,0.04597701149425287,0.02531645569620253,0.02066055579805034
p_2162,t3_1mqh8t,t1_ccbop5x,t1_ccbnoar,0.037209302325581395,0.07228915662650602,-0.035079854300924626
p_2163,t3_1mqfmi,t1_cccdkog,t1_ccbqtty,0.04070796460176991,0.040123456790123455,0.0005845078116464564
p_2164,t3_1mq464,t1_ccbkgg8,t1_ccbrs5p,0.03282275711159737,0.03225806451612903,0.0005646925954683399
p_2165,t3_1mor68,t1_ccbewh1,t1_ccbhzik,0.04020100502512563,0.026525198938992044,0.013675806086133585
p_2166,t3_1mkkiu,t1_cca3jqo,t1_ccahv7s,0.006756756756756757,0.044642857142857144,-0.03788610038610039
p_2170,t3_1micrr,t1_cc9iise,t1_cc9i0l2,0.04604051565377532,0.020833333333333332,0.02520718232044199
p_2171,t3_1mhox4,t1_cc9cr45,t1_cc9ewi1,0.045454545454545456,0.031746031746031744,0.013708513708513712
p_2175,t3_1mcs7s,t1_cc7zre6,t1_cc7zm90,0.0468384074941452,0.036637931034482756,0.010200476459662447
p_2176,t3_1mcs7s,t1_cc80xcj,t1_cc7yshf,0.04225352112676056,0.05625,-0.013996478873239439
p_2177,t3_1mcgyq,t1_cc81pge,t1_cc833kb,0.0625,0.08,-0.0175
p_2178,t3_1mc6y7,t1_cc7v8d9,t1_cc7wspd,0.043731778425655975,0.04201680672268908,0.0017149717029668957
p_2179,t3_1mc6y7,t1_cc7uvd2,t1_cc7vp54,0.07246376811594203,0.03333333333333333,0.0391304347826087
p_2180,t3_1mbqhy,t1_cc7pp5t,t1_cc7odp3,0.05296610169491525,0.02631578947368421,0.026650312221231043
p_2183,t3_1ma1o7,t1_cc779hk,t1_cc779ih,0.050724637681159424,0.05263157894736842,-0.0019069412662089946
p_2184,t3_1m9bf6,t1_cc71e1c,t1_cc71cv0,0.027777777777777776,0.03389830508474576,-0.006120527306967986
p_2185,t3_1m7r92,t1_cc6nj16,t1_cc6k9ln,0.0183206106870229,0.05776173285198556,-0.039441122164962664
p_2186,t3_1m5nls,t1_cc65afh,t1_cc60rdt,0.04756511891279728,0.04583333333333333,0.0017317855794639486
p_2187,t3_1m5ckr,t1_cc65v0o,t1_cc5yz4a,0.034210526315789476,0.014545454545454545,0.01966507177033493
p_2188,t3_1m4ncj,t1_cc6f4wf,t1_cc62exc,0.041666666666666664,0.00909090909090909,0.03257575757575758
p_2189,t3_1m4j0f,t1_cc5pidn,t1_cc5prn9,0.043795620437956206,0.030737704918032786,0.01305791551992342
p_2190,t3_1m3uw1,t1_cc5jurv,t1_cc5i9r4,0.029045643153526972,0.018518518518518517,0.010527124635008454
p_2193,t3_1m2ol2,t1_cc586c8,t1_cc583f9,0.006872852233676976,0.03361344537815126,-0.026740593144474283
p_2192,t3_1m2ol2,t1_cc583n9,t1_cc58qz9,0.020338983050847456,0.05511811023622047,-0.034779127185373016
p_2194,t3_1m2c8d,t1_cc53f9v,t1_cc57ndo,0.04398826979472141,0.047619047619047616,-0.003630777824326206
p_2195,t3_1lyzc3,t1_cc4fofp,t1_cc4e0cy,0.02743142144638404,0.0707395498392283,-0.04330812839284426
p_2196,t3_1lykde,t1_cc4218e,t1_cc433r7,0.04230769230769231,0.05627705627705628,-0.01396936396936397
p_2198,t3_1lxn1p,t1_cc3sszy,t1_cc3tpy6,0.05515587529976019,0.054285714285714284,0.0008701610140459046
p_2199,t3_1lvnj6,t1_cc37s7x,t1_cc3b2kq,0.08108108108108109,0.08,0.001081081081081084
p_2200,t3_1lt0gt,t1_cc2od32,t1_cc2gt9x,0.05405405405405406,0.056657223796033995,-0.0026031697419799382
p_2201,t3_1ls55r,t1_cc274w7,t1_cc28zrg,0.03088803088803089,0.03319502074688797,-0.002306989858857078
p_2203,t3_1lpmle,t1_cc1kppg,t1_cc1ka02,0.040229885057471264,0.056338028169014086,-0.016108143111542822
p_2205,t3_1lpfcx,t1_cc1hmy1,t1_cc1xwz2,0.018726591760299626,0.05588235294117647,-0.03715576118087685
p_2206,t3_1lp8a5,t1_cc1fjpt,t1_cc1ftud,0.04201680672268908,0.05309734513274336,-0.011080538410054283
p_2207,t3_1lni37,t1_cc102pd,t1_cc0yjrr,0.0196078431372549,0.028169014084507043,-0.008561170947252141
p_2208,t3_1ln8b5,t1_cc0x96h,t1_cc0vugf,0.015384615384615385,0.04285714285714286,-0.027472527472527472
p_2212,t3_1lm1eb,t1_cc0l23w,t1_cc0x7m8,0.029850746268656716,0.029585798816568046,0.00026494745208867007
p_2213,t3_1lkz0j,t1_cc0ekn0,t1_cc0d09x,0.049019607843137254,0.0,0.049019607843137254
p_2214,t3_1lkxku,t1_cc0b6tb,t1_cc0c4yb,0.025252525252525252,0.08108108108108109,-0.05582855582855584
p_2215,t3_1lkxku,t1_cc0nc73,t1_cc0gh2n,0.05327868852459016,0.02,0.033278688524590164
p_2218,t3_1lklmg,t1_cc06dl5,t1_cc070hz,0.04,0.06153846153846154,-0.02153846153846154
p_2219,t3_1lklmg,t1_cc0gnzl,t1_cc0b8sj,0.05762081784386617,0.036016949152542374,0.021603868691323795
p_2220,t3_1lj77i,t1_cc00mpq,t1_cbzwwyg,0.05333333333333334,0.058823529411764705,-0.005490196078431368
p_2221,t3_1lj1a3,t1_cbzqvmp,t1_cbzslqc,0.09090909090909091,0.039473684210526314,0.0514354066985646
p_2224,t3_1lhuz4,t1_cbzddsy,t1_cbze9hp,0.04878048780487805,0.06201550387596899,-0.013235016071090941
p_2225,t3_1lfrfd,t1_cbysfpy,t1_cbzh8fi,0.009900990099009901,0.0,0.009900990099009901
p_2226,t3_1lfjlx,t1_cbyrmgo,t1_cbyqak5,0.016339869281045753,0.00980392156862745,0.006535947712418302
p_2227,t3_1lerv8,t1_cbyiaoi,t1_cbyhq86,0.009433962264150943,0.05084745762711865,-0.041413495362967706
p_2230,t3_1ld6h6,t1_cby2a8w,t1_cby1lsh,0.0625,0.04,0.0225
p_2232,t3_1lcywy,t1_cbxzp1t,t1_cby301t,0.03571428571428571,0.04516129032258064,-0.00944700460829493
p_2233,t3_1lbwhm,t1_cbxpt3g,t1_cbxs5nk,0.03553921568627451,0.056055363321799306,-0.020516147635524798
p_2234,t3_1lbmj6,t1_cbxpw34,t1_cbxodyk,0.043909348441926344,0.0325,0.011409348441926342
p_2236,t3_1lacd7,t1_cbx94i4,t1_cbx9e6e,0.0432,0.011764705882352941,0.03143529411764706
p_2237,t3_1la7rw,t1_cbxgs50,t1_cbx89uo,0.04801670146137787,0.0539568345323741,-0.00594013307099623
p_2238,t3_1l90aj,t1_cbwzd68,t1_cbwzbg8,0.031746031746031744,0.05,-0.01825396825396826
p_2241,t3_1l739z,t1_cbwgckn,t1_cbwhg4q,0.08100558659217877,0.043478260869565216,0.03752732572261355
p_2242,t3_1l6so4,t1_cbwanvb,t1_cbwejit,0.07228915662650602,0.03278688524590164,0.03950227138060438
p_2243,t3_1l6jx5,t1_cbwinoh,t1_cbwci89,0.04883227176220807,0.02666666666666667,0.022165605095541403
p_2244,t3_1l5skj,t1_cbw2q93,t1_cbw5e2q,0.05511811023622047,0.07806691449814127,-0.022948804261920794
p_2245,t3_1l4zh1,t1_cbvtytr,t1_cbwfrmm,0.027923211169284468,0.026595744680851064,0.0013274664884334042
p_2246,t3_1l4s6s,t1_cbvtme3,t1_cbw349b,0.05142857142857143,0.018867924528301886,0.03256064690026954
p_2247,t3_1l4s6s,t1_cbvtd9h,t1_cbw1t11,0.03508771929824561,0.04819277108433735,-0.01310505178609174
p_2249,t3_1l48mt,t1_cbvuocw,t1_cbvwhwi,0.03278688524590164,0.048,-0.01521311475409836
p_2252,t3_1l3r2u,t1_cbvi0u6,t1_cbvi11k,0.041884816753926704,0.0262582056892779,0.015626611064648806
p_2253,t3_1l3r2u,t1_cbvjfjr,t1_cbvi11k,0.03404255319148936,0.0262582056892779,0.007784347502211464
p_2251,t3_1l3r2u,t1_cbvieup,t1_cbvi6i2,0.03278688524590164,0.02956989247311828,0.00321699277278336
p_2258,t3_1l39f3,t1_cbvj6st,t1_cbvdl8d,0.0220125786163522,0.06930693069306931,-0.04729435207671712
p_2256,t3_1l39f3,t1_cbvi8i7,t1_cbvetvc,0.030211480362537766,0.038002171552660155,-0.007790691190122389
p_2257,t3_1l39f3,t1_cbvdnid,t1_cbvf3rq,0.00819672131147541,0.043478260869565216,-0.035281539558089804
p_2259,t3_1l3115,t1_cbv9wfo,t1_cbva0et,0.039473684210526314,0.0,0.039473684210526314
p_2260,t3_1l2ixq,t1_cbvbxs8,t1_cbv59md,0.02336448598130841,0.022598870056497175,0.0007656159248112353
p_2261,t3_1l09gg,t1_cbuio96,t1_cbugz8z,0.025889967637540454,0.0390625,-0.013172532362459546
p_2262,t3_1kzxcm,t1_cbuf9oo,t1_cbuiv91,0.04915912031047866,0.051630434782608696,-0.0024713144721300387
p_2265,t3_1kye6l,t1_cbtvo8l,t1_cbtvkil,0.017341040462427744,0.014925373134328358,0.002415667328099386
p_2266,t3_1kye6l,t1_cbtwkat,t1_cbtwnnn,0.014326647564469915,0.004975124378109453,0.009351523186360462
p_2268,t3_1kye6l,t1_cbtzwlt,t1_cbtwnnn,0.023076923076923078,0.004975124378109453,0.018101798698813627
p_2267,t3_1kye6l,t1_cbtzgqh,t1_cbtwnnn,0.01584786053882726,0.004975124378109453,0.010872736160717806
p_2269,t3_1kxyyv,t1_cbtru4t,t1_cbtrv0z,0.03680981595092025,0.06293706293706294,-0.026127246986142695
p_2270,t3_1kxyyv,t1_cbtr9p6,t1_cbtrv0z,0.020618556701030927,0.06293706293706294,-0.04231850623603202
p_2271,t3_1kxyyv,t1_cbtu5q5,t1_cbtrrbq,0.031609195402298854,0.05555555555555555,-0.0239463601532567
p_2272,t3_1kxyyv,t1_cbu7zd4,t1_cbtrv0z,0.06172839506172839,0.06293706293706294,-0.0012086678753345514
p_2275,t3_1kwoib,t1_cbtku99,t1_cbtll2e,0.024390243902439025,0.007462686567164179,0.016927557335274845
p_2274,t3_1kwoib,t1_cbteqkq,t1_cbtlv0w,0.024752475247524754,0.018018018018018018,0.006734457229506736
p_2276,t3_1kwewh,t1_cbtagyo,t1_cbta7mx,0.07317073170731707,0.024390243902439025,0.048780487804878044
p_2278,t3_1ktrbd,t1_cbsiyod,t1_cbsj55w,0.031496062992125984,0.03865979381443299,-0.007163730822307007
p_2280,t3_1ks6p4,t1_cbsevj6,t1_cbs6oi2,0.05909090909090909,0.06043956043956044,-0.0013486513486513502
p_2282,t3_1kqo2m,t1_cbrp5dn,t1_cbrtmtf,0.033707865168539325,0.05228758169934641,-0.018579716530807082
p_2283,t3_1kpmvy,t1_cbril3l,t1_cbrg01p,0.03559127439724455,0.02553191489361702,0.010059359503627529
p_2284,t3_1kplpx,t1_cbs1lbf,t1_cbrbl9b,0.03398058252427184,0.06862745098039216,-0.03464686845612032
p_2285,t3_1kpcy7,t1_cbrbl5x,t1_cbrbcp0,0.052690582959641255,0.05485232067510549,-0.0021617377154642334
p_2288,t3_1kmwmn,t1_cbqml03,t1_cbqlofq,0.06108202443280977,0.036896877956480605,0.024185146476329168
p_2289,t3_1kmr9u,t1_cbqlmoj,t1_cbqkl2t,0.023255813953488372,0.05357142857142857,-0.030315614617940197
p_2290,t3_1klvsk,t1_cbqdd78,t1_cbqjkwj,0.05150214592274678,0.06896551724137931,-0.01746337131863253
p_2291,t3_1klpoz,t1_cbqe15e,t1_cbqay82,0.06153846153846154,0.07734806629834254,-0.015809604759880996
p_2295,t3_1kkzei,t1_cbq19sn,t1_cbq4s14,0.03597122302158273,0.04081632653061224,-0.004845103509029509
p_2293,t3_1kkzei,t1_cbq6gfx,t1_cbq019j,0.029900332225913623,0.05555555555555555,-0.02565522332964193
p_2294,t3_1kkzei,t1_cbq17si,t1_cbq019j,0.017699115044247787,0.05555555555555555,-0.037856440511307765
p_2297,t3_1kkvd3,t1_cbpzbps,t1_cbpzant,0.06948640483383686,0.0514018691588785,0.01808453567495836
p_2298,t3_1kkvd3,t1_cbpzjlg,t1_cbqba5y,0.0407149950347567,0.06,-0.019285004965243296
p_2299,t3_1kkl0k,t1_cbpvqsr,t1_cbpwrwm,0.06,0.0457516339869281,0.014248366013071896
p_2300,t3_1kjxxx,t1_cbpq618,t1_cbprup5,0.034482758620689655,0.0326530612244898,0.0018296973961998558
p_2302,t3_1kji31,t1_cbpp0hg,t1_cbpp4cn,0.014545454545454545,0.0,0.014545454545454545
p_2303,t3_1kj8ll,t1_cbpjmas,t1_cbpisrw,0.02457757296466974,0.013245033112582781,0.011332539852086957
p_2304,t3_1kj8ll,t1_cbpl5sq,t1_cbpotjh,0.025996533795493933,0.02564102564102564,0.00035550815446829323
p_2306,t3_1kic79,t1_cbp88fr,t1_cbp8lam,0.017857142857142856,0.041666666666666664,-0.023809523809523808
p_2307,t3_1ki40o,t1_cbp9u33,t1_cbp85kd,0.018867924528301886,0.072,-0.05313207547169811
p_2308,t3_1ki1zh,t1_cbp9dea,t1_cbp5nt9,0.030497592295345103,0.048513302034428794,-0.01801570973908369
p_2310,t3_1khlm7,t1_cbp1ln5,t1_cbp1ph1,0.047961630695443645,0.06923076923076923,-0.02126913853532559
p_2311,t3_1kgh0u,t1_cboq4u7,t1_cbooh2r,0.10909090909090909,0.022222222222222223,0.08686868686868686
p_2313,t3_1ke0w4,t1_cbnzi22,t1_cbo6d5s,0.033003300330033,0.03137254901960784,0.0016307513104251575
p_2314,t3_1ke0w4,t1_cbo3zx9,t1_cbo5iau,0.024373730534867976,0.03848620910840282,-0.014112478573534846
p_2316,t3_1kdlwj,t1_cbnxd5h,t1_cbnvo71,0.0316622691292876,0.036585365853658534,-0.004923096724370933
p_2319,t3_1kcd3m,t1_cbnhq6g,t1_cbni0el,0.024,0.044444444444444446,-0.020444444444444446
p_2320,t3_1kbzmn,t1_cbng0go,t1_cbnipaa,0.03169014084507042,0.04983388704318937,-0.018143746198118947
p_2323,t3_1kag5w,t1_cbn0mxn,t1_cbmzov5,0.03488372093023256,0.043333333333333335,-0.008449612403100777
p_2324,t3_1kabrs,t1_cbmzr37,t1_cbn67aw,0.0380952380952381,0.041666666666666664,-0.0035714285714285657
p_2325,t3_1ka5uj,t1_cbmyev9,t1_cbmxfh8,0.043859649122807015,0.052830188679245285,-0.00897053955643827
p_2327,t3_1k9jlv,t1_cbmxvcd,t1_cbmuvxx,0.03314917127071823,0.03225806451612903,0.0008911067545891993
p_2328,t3_1k6xfn,t1_cbm0lyq,t1_cbm3nd0,0.05343511450381679,0.05,0.00343511450381679
p_2329,t3_1k6i9t,t1_cblyg6g,t1_cblyvvv,0.02557544757033248,0.06993006993006994,-0.04435462235973746
p_2330,t3_1k5pd2,t1_cbln0wk,t1_cblry91,0.019455252918287938,0.08042895442359249,-0.06097370150530455
p_2331,t3_1k5c52,t1_cblj535,t1_cbll85k,0.05319148936170213,0.05752212389380531,-0.004330634532103181
p_2332,t3_1k5c52,t1_cblu6s5,t1_cblltll,0.06204379562043796,0.022222222222222223,0.03982157339821574
p_2333,t3_1k4u9p,t1_cbldzfo,t1_cblfrem,0.03773584905660377,0.06,-0.022264150943396226
p_2334,t3_1k3fd5,t1_cbkz187,t1_cblb6qd,0.017341040462427744,0.03968253968253968,-0.022341499220111936
p_2335,t3_1k3fd5,t1_cbl0mqo,t1_cbl14ki,0.04446546830652791,0.037065637065637064,0.0073998312408908445
p_2336,t3_1k394r,t1_cbl39x0,t1_cbkxpz4,0.06529209621993128,0.0784313725490196,-0.013139276329088331
p_2337,t3_1k2ucr,t1_cbl0joo,t1_cbl04y4,0.025889967637540454,0.023668639053254437,0.002221328584286017
p_2338,t3_1k2m9c,t1_cbku0j5,t1_cbkqfau,0.00784313725490196,0.032432432432432434,-0.024589295177530474
p_2339,t3_1k1bz3,t1_cbkdhyg,t1_cbkd9lg,0.05339805825242718,0.06172839506172839,-0.00833033680930121
p_2340,t3_1k12l4,t1_cbk9xjc,t1_cbkfcm9,0.06382978723404255,0.037383177570093455,0.026446609663949093
p_2341,t3_1k0rar,t1_cbk9gjo,t1_cbk70ve,0.02040816326530612,0.009523809523809525,0.010884353741496596
p_2343,t3_1k0o35,t1_cbk7t0b,t1_cbk5xan,0.014285714285714285,0.03125,-0.016964285714285716
p_2346,t3_1jxenp,t1_cbjhhbv,t1_cbjh4y3,0.048327137546468404,0.0970464135021097,-0.048719275955641295
p_2348,t3_1jxb7d,t1_cbj7ksk,t1_cbjiqx2,0.056179775280898875,0.040372670807453416,0.01580710447344546
p_2349,t3_1jxb7d,t1_cbj8nos,t1_cbjiqx2,0.05410821643286573,0.040372670807453416,0.013735545625412314
p_2350,t3_1jx75l,t1_cbj6dz7,t1_cbj5su9,0.056074766355140186,0.013245033112582781,0.042829733242557406
p_2352,t3_1jx75l,t1_cbj9dmd,t1_cbj5t4n,0.024175824175824177,0.033783783783783786,-0.009607959607959609
p_2351,t3_1jx75l,t1_cbj8v5p,t1_cbj5t4n,0.030165912518853696,0.033783783783783786,-0.00361787126493009
p_2353,t3_1jx75l,t1_cbjctxf,t1_cbja2vi,0.015748031496062992,0.0,0.015748031496062992
p_2355,t3_1jw0vh,t1_cbj2fl6,t1_cbivzx1,0.07184466019417475,0.04275092936802974,0.02909373082614501
p_2356,t3_1jukj2,t1_cbihbve,t1_cbifo1m,0.014778325123152709,0.05806451612903226,-0.04328619100587955
p_2357,t3_1juhcd,t1_cbih6kh,t1_cbiftjn,0.04310344827586207,0.05,-0.006896551724137931
p_2358,t3_1jtizm,t1_cbi5iji,t1_cbi4vwr,0.03870967741935484,0.04854368932038835,-0.009834011901033508
p_2359,t3_1jnzxi,t1_cbgl9y6,t1_cbgko2s,0.04128440366972477,0.032679738562091505,0.008604665107633268
p_2360,t3_1jnzxi,t1_cbgq6ri,t1_cbgmmil,0.03571428571428571,0.05454545454545454,-0.01883116883116883
p_2361,t3_1jnzxi,t1_cbgrq6w,t1_cbgqs66,0.0625,0.0,0.0625
p_2362,t3_1jmadm,t1_cbgfvpm,t1_cbg3jnw,0.06349206349206349,0.07058823529411765,-0.0070961718020541575
p_2363,t3_1jm5z2,t1_cbg3zbr,t1_cbg1tau,0.026737967914438502,0.05116279069767442,-0.024424822783235916
p_2365,t3_1jl2l0,t1_cbfrj60,t1_cbfqlt5,0.023715415019762844,0.06432748538011696,-0.04061207036035411
p_2366,t3_1jkp1k,t1_cbfp0g2,t1_cbfoawn,0.044444444444444446,0.05454545454545454,-0.010101010101010097
p_2367,t3_1jiw0b,t1_cbf6lgo,t1_cbf4sac,0.026865671641791045,0.009259259259259259,0.017606412382531786
p_2370,t3_1jb0wl,t1_cbcxgu5,t1_cbcy8p6,0.04465334900117509,0.0903954802259887,-0.04574213122481361
p_2371,t3_1jaqjx,t1_cbctgfc,t1_cbcsn53,0.022292993630573247,0.0641025641025641,-0.04180957047199085
p_2372,t3_1j9xnf,t1_cbcq5wa,t1_cbcvqxh,0.044444444444444446,0.046798029556650245,-0.0023535851122057985
p_2373,t3_1j8dv1,t1_cbc52ax,t1_cbcofch,0.031578947368421054,0.04838709677419355,-0.016808149405772493
p_2374,t3_1j8dv1,t1_cbc65mq,t1_cbcofch,0.0125,0.04838709677419355,-0.03588709677419355
p_2375,t3_1j8dv1,t1_cbc693d,t1_cbcofch,0.017857142857142856,0.04838709677419355,-0.03052995391705069
p_2376,t3_1j8dv1,t1_cbc7rzj,t1_cbcofch,0.06896551724137931,0.04838709677419355,0.020578420467185762
p_2377,t3_1j7p6i,t1_cbbxr56,t1_cbby8gg,0.03669724770642202,0.04416403785488959,-0.0074667901484675725
p_2378,t3_1j5z5p,t1_cbbgma6,t1_cbbghpi,0.034934497816593885,0.04081632653061224,-0.005881828714018357
p_2379,t3_1j583o,t1_cbba0li,t1_cbbbhg1,0.042735042735042736,0.02054794520547945,0.022187097529563285
p_2381,t3_1j3vw4,t1_cbavu90,t1_cbawlm4,0.08080808080808081,0.029411764705882353,0.05139631610219846
p_2384,t3_1j0ghg,t1_cb9w70x,t1_cba1v9x,0.07142857142857142,0.0613107822410148,0.010117789187556625
p_2385,t3_1j0ghg,t1_cbag4fl,t1_cba1v9x,0.06016597510373444,0.0613107822410148,-0.0011448071372803584
p_2387,t3_1j04ik,t1_cb9skkn,t1_cb9rtf6,0.03614457831325301,0.06086956521739131,-0.024724986904138296
p_2386,t3_1j04ik,t1_cb9ssza,t1_cb9rtf6,0.0,0.06086956521739131,-0.06086956521739131
p_2388,t3_1j012y,t1_cb9qkne,t1_cb9wf8r,0.027906976744186046,0.013157894736842105,0.014749082007343942
p_2390,t3_1j00y5,t1_cb9tnv2,t1_cb9rf5x,0.07153284671532846,0.06164383561643835,0.009889011098890108
p_2393,t3_1iw2um,t1_cb8lac4,t1_cb8mbl8,0.0875,0.06741573033707865,0.020084269662921345
p_2402,t3_1is4qd,t1_cb7j9ci,t1_cb7wbhu,0.030864197530864196,0.025510204081632654,0.005353993449231542
p_2403,t3_1iqys7,t1_cb7bor5,t1_cb7844x,0.05172413793103448,0.03070175438596491,0.02102238354506957
p_2404,t3_1iqys7,t1_cb7gfzl,t1_cb7gxgm,0.0273972602739726,0.02197802197802198,0.0054192382959506215
p_2405,t3_1ipjv3,t1_cb6tcwm,t1_cb7052e,0.03278688524590164,0.07246376811594203,-0.03967688287004039
p_2406,t3_1ioyfw,t1_cb6negu,t1_cb6p567,0.046875,0.02112676056338028,0.02574823943661972
p_2408,t3_1io050,t1_cb6z8bd,t1_cb6d59l,0.04887218045112782,0.06542056074766354,-0.016548380296535728
p_2409,t3_1io050,t1_cb6te7v,t1_cb6k495,0.017341040462427744,0.057971014492753624,-0.04062997403032588
p_2410,t3_1inwvh,t1_cb6clxk,t1_cb6b3un,0.028795811518324606,0.046296296296296294,-0.017500484777971687
p_2412,t3_1in64c,t1_cb6akju,t1_cb64t09,0.03257328990228013,0.018018018018018018,0.014555271884262113
p_2413,t3_1in3mk,t1_cb6bfkt,t1_cb62n6y,0.04603580562659847,0.05384615384615385,-0.0078103482195553825
p_2415,t3_1iimoi,t1_cb5m28u,t1_cb4v5by,0.04,0.07142857142857142,-0.031428571428571424
p_2418,t3_1ihnzp,t1_cb4juyf,t1_cb4ukap,0.02510460251046025,0.05027932960893855,-0.0251747270984783
p_2420,t3_1igbwh,t1_cb4649p,t1_cb464hg,0.02247191011235955,0.0,0.02247191011235955
p_2421,t3_1ied1a,t1_cb3rv5u,t1_cb3p38u,0.040229885057471264,0.023668639053254437,0.016561246004216826
p_2424,t3_1ib9o8,t1_cb2tz88,t1_cb33du7,0.07195571955719557,0.09243697478991597,-0.020481255232720402
p_2427,t3_1ia9x8,t1_cb2j72l,t1_cb2rlb2,0.033444816053511704,0.00909090909090909,0.024353906962602614
p_2429,t3_1ia3zd,t1_cb2lbid,t1_cb2h5ll,0.05185185185185185,0.028112449799196786,0.023739402052655064
p_2430,t3_1i94l9,t1_cb28ef0,t1_cb26209,0.037037037037037035,0.064,-0.026962962962962966
p_2434,t3_1i5tlt,t1_cb1cje7,t1_cb1t7x1,0.028368794326241134,0.06493506493506493,-0.036566270608823795
p_2436,t3_1i4vt4,t1_cb1h533,t1_cb1252u,0.039285714285714285,0.0916030534351145,-0.05231733914940022
p_2435,t3_1i4vt4,t1_cb13nik,t1_cb16bo0,0.09523809523809523,0.03289473684210526,0.06234335839598997
p_2438,t3_1i2u57,t1_cb0fo0o,t1_cb0gz21,0.050505050505050504,0.03497942386831276,0.015525626636737747
p_2439,t3_1i2u57,t1_cb0fbc9,t1_cb0hvyo,0.038869257950530034,0.029045643153526972,0.009823614797003062
p_2440,t3_1i2oju,t1_cb0dt2p,t1_cb0e4bx,0.03896103896103896,0.045454545454545456,-0.006493506493506496
p_2442,t3_1i11n0,t1_cazz418,t1_cb0464x,0.06293706293706294,0.0821917808219178,-0.01925471788485486
p_2443,t3_1i11n0,t1_cazy97z,t1_cb0464x,0.09420289855072464,0.0821917808219178,0.012011117728806836
p_2444,t3_1i0zds,t1_cazx780,t1_cazy8n0,0.041353383458646614,0.02710843373493976,0.014244949723706855
p_2445,t3_1i0zds,t1_cb005e0,t1_cb05afm,0.014925373134328358,0.0,0.014925373134328358
p_2446,t3_1i0zds,t1_cb00x7k,t1_cazy1tv,0.038461538461538464,0.04218362282878412,-0.003722084367245658
p_2447,t3_1i0zds,t1_cazx7qm,t1_cb0ano0,0.02452316076294278,0.008771929824561403,0.015751230938381378
p_2448,t3_1i00hp,t1_cazmh6c,t1_cazmud9,0.06944444444444445,0.0430622009569378,0.026382243487506646
p_2449,t3_1hzs2p,t1_cazkd1r,t1_cazpzes,0.02127659574468085,0.03409090909090909,-0.012814313346228238
p_2451,t3_1hz0cv,t1_cazgpfl,t1_cazc5lr,0.04,0.030303030303030304,0.009696969696969697
p_2452,t3_1hxzas,t1_caz1kcn,t1_caz1z09,0.04719101123595506,0.022222222222222223,0.024968789013732836
p_2453,t3_1hxrtn,t1_caz1hv5,t1_cayzct9,0.050595238095238096,0.02564102564102564,0.024954212454212456
p_2454,t3_1hxjqk,t1_cayxqwq,t1_cazcc7l,0.0189873417721519,0.0449438202247191,-0.0259564784525672
p_2455,t3_1hxf9i,t1_cayvh0d,t1_caz1x0o,0.024793388429752067,0.017543859649122806,0.007249528780629261
p_2456,t3_1hw3be,t1_cayi1o3,t1_caykf0u,0.027586206896551724,0.0449438202247191,-0.017357613328167376
p_2460,t3_1htdmd,t1_caxqkk2,t1_caxz72q,0.030136986301369864,0.07100591715976332,-0.04086893085839345
p_2461,t3_1ht05v,t1_caxtz6j,t1_caxzvix,0.031023784901758014,0.02962962962962963,0.0013941552721283834
p_2462,t3_1ht05v,t1_caxvc7y,t1_caxzvix,0.04924242424242424,0.02962962962962963,0.01961279461279461
p_2463,t3_1hrko3,t1_caxe7v8,t1_cax6nz3,0.056925996204933584,0.036619718309859155,0.02030627789507443
p_2464,t3_1hrjgc,t1_cax6dff,t1_cax6b4o,0.02120141342756184,0.039603960396039604,-0.018402546968477766
p_2465,t3_1hraph,t1_cax407i,t1_cax3up7,0.040880503144654086,0.05789473684210526,-0.017014233697451177
p_2467,t3_1hqd66,t1_cax3idc,t1_cawz4oe,0.03424657534246575,0.06521739130434782,-0.030970815961882073
p_2468,t3_1hq0v5,t1_cawqmgo,t1_cawqm34,0.00909090909090909,0.005847953216374269,0.003242955874534822
p_2469,t3_1hp8cm,t1_cawnmau,t1_cawra52,0.03333333333333333,0.03076923076923077,0.002564102564102562
p_2470,t3_1hp8cm,t1_caws05i,t1_cawsaki,0.03880597014925373,0.03680981595092025,0.0019961541983334816
p_2472,t3_1hnrv5,t1_cawg0mo,t1_caw90ul,0.09190371991247265,0.08972267536704731,0.002181044545425337
p_2473,t3_1hnmg0,t1_caw4fwf,t1_caw2pvi,0.025559105431309903,0.024054982817869417,0.001504122613440486
p_2474,t3_1hnesi,t1_caw5etn,t1_caw1oxb,0.041666666666666664,0.05194805194805195,-0.010281385281385287
p_2475,t3_1hmzrg,t1_cavwamg,t1_caw3w4j,0.012048192771084338,0.04945054945054945,-0.03740235667946511
p_2477,t3_1hmzrg,t1_cavxhoe,t1_cavwx38,0.018292682926829267,0.043243243243243246,-0.02495056031641398
p_2476,t3_1hmzrg,t1_cavwmqq,t1_cavylue,0.08214285714285714,0.05889570552147239,0.02324715162138475
p_2478,t3_1hm7uw,t1_cavpkpg,t1_cavot1s,0.03305785123966942,0.009615384615384616,0.023442466624284806
p_2479,t3_1hj6bs,t1_cauxv2z,t1_cauydog,0.009174311926605505,0.0,0.009174311926605505
p_2480,t3_1hilol,t1_cav0vb9,t1_cauv0dj,0.05084745762711865,0.03076923076923077,0.020078226857887876
p_2482,t3_1hijgw,t1_cauqk4k,t1_cauqjev,0.08040201005025126,0.10181818181818182,-0.021416171767930564
p_2484,t3_1hhk6u,t1_caueb77,t1_cauj7mz,0.03125,0.04819277108433735,-0.016942771084337352
p_2485,t3_1hhk6u,t1_caui6qo,t1_caukhoj,0.0364963503649635,0.0379746835443038,-0.001478333179340298
p_2486,t3_1hhk6u,t1_cauhmlk,t1_cauj7mz,0.05194805194805195,0.04819277108433735,0.0037552808637145996
p_2489,t3_1hc58i,t1_catea2n,t1_casxbel,0.045454545454545456,0.045454545454545456,0.0
p_2490,t3_1hc0j1,t1_caszio1,t1_casup0b,0.027777777777777776,0.030927835051546393,-0.0031500572737686167
p_2494,t3_1hajcc,t1_casg265,t1_casiv8b,0.060897435897435896,0.021505376344086023,0.03939205955334987
p_2495,t3_1h9sqe,t1_cas8w59,t1_cas8g4g,0.04207920792079208,0.0358814352574103,0.006197772663381784
p_2496,t3_1h9ldb,t1_cas5ysb,t1_cas7mja,0.04065040650406504,0.04225352112676056,-0.0016031146226955229
p_2497,t3_1h9hye,t1_cas4sd4,t1_cas74f3,0.05925925925925926,0.022727272727272728,0.036531986531986534
p_2498,t3_1h9hye,t1_casb6t3,t1_cas9uz8,0.04487179487179487,0.030612244897959183,0.014259549973835689
p_2499,t3_1h9hye,t1_casew9n,t1_cas88m0,0.045112781954887216,0.047058823529411764,-0.0019460415745245485
p_2500,t3_1h8lmm,t1_cary5pj,t1_carxthq,0.04309063893016345,0.0125,0.030590638930163446
p_2502,t3_1h6ah2,t1_caredw7,t1_car9nmn,0.04156479217603912,0.04295942720763723,-0.0013946350315981113
p_2505,t3_1h6ah2,t1_caridnc,t1_car9nmn,0.02834008097165992,0.04295942720763723,-0.014619346235977309
p_2504,t3_1h6ah2,t1_care65c,t1_car9nmn,0.03484320557491289,0.04295942720763723,-0.008116221632724338
p_2503,t3_1h6ah2,t1_card2bl,t1_car9nmn,0.032520325203252036,0.04295942720763723,-0.010439102004385192
p_2506,t3_1h63cg,t1_car7qah,t1_care0ds,0.030434782608695653,0.06989247311827956,-0.039457690509583906
p_2508,t3_1h5h5m,t1_car0y9s,t1_cardbx1,0.024539877300613498,0.0481283422459893,-0.023588464945375805
p_2509,t3_1h5h5m,t1_car4w5y,t1_car24xz,0.022813688212927757,0.03571428571428571,-0.012900597501357955
p_2510,t3_1h5bo4,t1_car3t1w,t1_car096v,0.05593607305936073,0.06395348837209303,-0.008017415312732298
p_2511,t3_1h4fc4,t1_caquh1j,t1_car011b,0.07250755287009064,0.040268456375838924,0.03223909649425172
p_2513,t3_1h2wxx,t1_caqbfxa,t1_caqen9z,0.03272727272727273,0.04310344827586207,-0.010376175548589342
p_2514,t3_1h13j4,t1_capskux,t1_capsire,0.0661764705882353,0.08928571428571429,-0.023109243697478993
p_2516,t3_1h0wi9,t1_capqqek,t1_caq16q7,0.005208333333333333,0.06172839506172839,-0.056520061728395056
p_2517,t3_1h0dvp,t1_caplvg0,t1_caplfrl,0.03793103448275862,0.03333333333333333,0.004597701149425287
p_2518,t3_1h0dvp,t1_capmaqi,t1_caplfrl,0.011363636363636364,0.03333333333333333,-0.02196969696969697
p_2519,t3_1h0dvp,t1_capljsr,t1_capm2dv,0.045454545454545456,0.029895366218236172,0.015559179236309284
p_2520,t3_1gzgyi,t1_capch39,t1_capcztw,0.033287101248266296,0.0073937153419593345,0.02589338590630696
p_2521,t3_1gzgyi,t1_capd988,t1_capcztw,0.03260869565217391,0.0073937153419593345,0.025214980310214578
p_2522,t3_1gzggd,t1_capcxm0,t1_capga0b,0.05263157894736842,0.012658227848101266,0.039973351099267154
p_2523,t3_1gzggd,t1_capc8wf,t1_capc3ac,0.022058823529411766,0.014285714285714285,0.007773109243697481
p_2526,t3_1gubei,t1_canwrtx,t1_canwwia,0.04591836734693878,0.041666666666666664,0.0042517006802721136
p_2527,t3_1gubei,t1_cao0mq9,t1_cao4o8w,0.013605442176870748,0.05172413793103448,-0.03811869575416373
p_2528,t3_1gubei,t1_cao0kka,t1_cao0vy0,0.012048192771084338,0.0,0.012048192771084338
p_2529,t3_1gtx5u,t1_canrwqs,t1_canrwi1,0.05555555555555555,0.041237113402061855,0.014318442153493698
p_2530,t3_1gtewi,t1_canwe7h,t1_cannxmk,0.0457516339869281,0.06542056074766354,-0.019668926760735443
p_2533,t3_1gs77u,t1_canaax8,t1_canbqse,0.053475935828877004,0.02717391304347826,0.026302022785398744
p_2535,t3_1gqrrj,t1_camvlk1,t1_camv6ti,0.04891304347826087,0.0297029702970297,0.01921007318123117
p_2536,t3_1gqfyr,t1_camsoga,t1_camr1ip,0.08314087759815242,0.09615384615384616,-0.01301296855569374
p_2537,t3_1go76m,t1_cama3zy,t1_cam5u2v,0.039045553145336226,0.04954954954954955,-0.010503996404213324
p_2538,t3_1go0nk,t1_cam94e3,t1_cam2sp0,0.04608294930875576,0.0390625,0.007020449308755762
p_2539,t3_1gndd7,t1_calvf4q,t1_caly3r9,0.045871559633027525,0.05,-0.004128440366972477
p_2542,t3_1gndd7,t1_calw2lu,t1_calzbfi,0.04,0.03296703296703297,0.007032967032967033
p_2543,t3_1gn5gq,t1_caltt0o,t1_cam4fco,0.026706231454005934,0.009302325581395349,0.017403905872610585
p_2544,t3_1gn5gq,t1_caluwrn,t1_cam99y3,0.037383177570093455,0.020202020202020204,0.01718115736807325
p_2546,t3_1gmopb,t1_calpm58,t1_caloeep,0.04678362573099415,0.04395604395604396,0.00282758177495019
p_2547,t3_1glkkw,t1_caljuen,t1_calho9m,0.02127659574468085,0.0759493670886076,-0.05467277134392674
p_2548,t3_1gkvdj,t1_cal8gbr,t1_calht6p,0.04046242774566474,0.04136690647482014,-0.000904478729155403
p_2549,t3_1gkvdj,t1_cal9bjy,t1_cal95oe,0.07886435331230283,0.0958904109589041,-0.01702605764660127
p_2550,t3_1gk7i3,t1_cal9gz2,t1_cakzxzy,0.04263565891472868,0.0636042402826855,-0.020968581367956825
p_2552,t3_1gjdzq,t1_caks2pc,t1_cakv42m,0.05893909626719057,0.02531645569620253,0.033622640570988044
p_2553,t3_1ghuhk,t1_cakst8b,t1_cakfe6t,0.0683453237410072,0.03067484662576687,0.037670477115240325
p_2554,t3_1ghq26,t1_cakd83v,t1_cakbhef,0.023121387283236993,0.0,0.023121387283236993
p_2556,t3_1gf3p8,t1_cajmk48,t1_cajlq76,0.03939393939393939,0.05,-0.010606060606060612
p_2558,t3_1gekcs,t1_cajgr6p,t1_cajgnqh,0.05,0.0,0.05
p_2559,t3_1gdhz9,t1_cajoefo,t1_caj8zpy,0.014218009478672985,0.05555555555555555,-0.041337546076882566
p_2561,t3_1gcmgh,t1_caizgrm,t1_caix4yf,0.04918032786885246,0.03787878787878788,0.011301539990064578
p_2563,t3_1ga9it,t1_caiavmi,t1_caiacwj,0.05434782608695652,0.07537688442211055,-0.021029058335154026
p_2564,t3_1ga5u6,t1_caifnvs,t1_caigbsx,0.04316546762589928,0.0375,0.005665467625899284
p_2565,t3_1g98dv,t1_caicko1,t1_cai00w1,0.08260105448154657,0.06220095693779904,0.020400097543747532
p_2566,t3_1g912k,t1_cahy4j6,t1_cai00qt,0.014150943396226415,0.04,-0.025849056603773585
p_2567,t3_1g8ye7,t1_caiqwaz,t1_caia71j,0.06040268456375839,0.036231884057971016,0.024170800505787376
p_2568,t3_1g8tam,t1_cahvvfw,t1_cahvh3g,0.046218487394957986,0.1004566210045662,-0.05423813360960822
p_2569,t3_1g8dms,t1_cahqtw0,t1_cahrjrv,0.03512014787430684,0.04975124378109453,-0.01463109590678769
p_2570,t3_1g4ij0,t1_cagmwe5,t1_cagn2vw,0.01834862385321101,0.047337278106508875,-0.028988654253297864
p_2571,t3_1g4ij0,t1_cagti1b,t1_cagn2vw,0.036677454153182305,0.047337278106508875,-0.01065982395332657
p_2573,t3_1g0zyi,t1_cafq2a4,t1_cafq68p,0.02197802197802198,0.04871060171919771,-0.026732579741175728
p_2575,t3_1g0nr4,t1_cafnpu1,t1_cafo41o,0.024,0.02857142857142857,-0.00457142857142857
p_2576,t3_1g05un,t1_cafhm9s,t1_cafhkpm,0.014598540145985401,0.012345679012345678,0.0022528611336397227
p_2577,t3_1g05un,t1_cafi4wo,t1_cafhkpm,0.02531645569620253,0.012345679012345678,0.012970776683856853
p_2578,t3_1fze4z,t1_cafajkn,t1_cafb9bx,0.043137254901960784,0.02413793103448276,0.018999323867478025
p_2579,t3_1fzbuj,t1_cafam2z,t1_cafeb2o,0.0593990216631726,0.046908315565031986,0.012490706098140618
p_2580,t3_1fzbuj,t1_cafpf1y,t1_cafeb2o,0.09226190476190477,0.046908315565031986,0.04535358919687278
p_2581,t3_1fz6yz,t1_cafa0ej,t1_cafbiew,0.01680672268907563,0.0390625,-0.02225577731092437
p_2582,t3_1fvef0,t1_caehkc7,t1_caegj92,0.0273972602739726,0.037267080745341616,-0.009869820471369015
p_2583,t3_1ftvzl,t1_cadqq2m,t1_cadtuox,0.05,0.09259259259259259,-0.042592592592592585
p_2584,t3_1fthzm,t1_cads3uf,t1_cadpyxu,0.07109004739336493,0.03349282296650718,0.03759722442685775
p_2585,t3_1fsg25,t1_cadecc8,t1_cadh9xp,0.04081632653061224,0.039886039886039885,0.0009302866445723562
p_2586,t3_1fsg25,t1_cadcq9r,t1_cadfxhh,0.03296703296703297,0.037037037037037035,-0.004070004070004067
p_2589,t3_1fqxs6,t1_cacz78q,t1_cad0uj4,0.02695035460992908,0.05263157894736842,-0.02568122433743934
p_2590,t3_1fpnku,t1_cacm10c,t1_cacyujo,0.028225806451612902,0.0,0.028225806451612902
p_2592,t3_1fl90i,t1_cabjfyp,t1_cabh6n4,0.064,0.0231023102310231,0.0408976897689769
p_2594,t3_1fkqyp,t1_cab9l3c,t1_cab7rfj,0.02236951118475559,0.03550295857988166,-0.013133447395126067
p_2596,t3_1fjzw1,t1_cab14u9,t1_cabbfp2,0.036093418259023353,0.029315960912052116,0.006777457346971237
p_2597,t3_1fjy6l,t1_cabf966,t1_cab0k1n,0.053445850914205346,0.026455026455026454,0.026990824459178893
p_2598,t3_1fjy6l,t1_cabcutd,t1_cabche6,0.02158273381294964,0.07758620689655173,-0.05600347308360208
p_2599,t3_1fj2qs,t1_caar36f,t1_caas3s0,0.039735099337748346,0.007751937984496124,0.03198316135325222
p_2600,t3_1fi40v,t1_caahiii,t1_caahjdz,0.028142589118198873,0.018404907975460124,0.00973768114273875
p_2601,t3_1fi40v,t1_caai66k,t1_caahj8x,0.0299625468164794,0.02564102564102564,0.004321521175453761
p_2603,t3_1fh2ge,t1_caa6pnq,t1_caaaphg,0.0650887573964497,0.046632124352331605,0.018456633044118098
p_2604,t3_1fgwoe,t1_caadxv7,t1_caaa1fu,0.0,0.043010752688172046,-0.043010752688172046
p_2606,t3_1felg8,t1_ca9jegt,t1_ca9j1g5,0.015873015873015872,0.020202020202020204,-0.004329004329004332
p_2607,t3_1fdu9t,t1_ca9jfv7,t1_ca9emjy,0.018018018018018018,0.04245283018867924,-0.024434812170661225
p_2608,t3_1fdqr9,t1_ca9b99t,t1_ca997cz,0.05357142857142857,0.0546875,-0.0011160714285714315
p_2609,t3_1fbyld,t1_ca8s1d1,t1_ca92m1w,0.03225806451612903,0.08,-0.04774193548387097
p_2610,t3_1fakkk,t1_ca8gu3m,t1_ca8gpeh,0.04195804195804196,0.022099447513812154,0.019858594444229806
p_2613,t3_1f9bqn,t1_ca85ryy,t1_ca81ox0,0.06422018348623854,0.03954802259887006,0.024672160887368476
p_2619,t3_1f3fkz,t1_ca6ix69,t1_ca6j47b,0.04194857916102842,0.056179775280898875,-0.014231196119870455
p_2621,t3_1f378x,t1_ca6d9pg,t1_ca6d9s8,0.006756756756756757,0.03139013452914798,-0.024633377772391225
p_2624,t3_1f08yy,t1_ca5jdzb,t1_ca5nkp8,0.0738255033557047,0.051118210862619806,0.022707292493084896
p_2625,t3_1f08yy,t1_ca5jcz6,t1_ca5nkp8,,0.051118210862619806,
p_2627,t3_1eyhc9,t1_ca511j6,t1_ca514mx,0.02608695652173913,0.0392156862745098,-0.013128729752770674
p_2628,t3_1eyhc9,t1_ca54mod,t1_ca514mx,0.06040268456375839,0.0392156862745098,0.02118699828924859
p_2629,t3_1evztt,t1_ca4bru8,t1_ca4e1xc,0.03296703296703297,0.05154639175257732,-0.01857935878554435
p_2631,t3_1er14x,t1_ca2wy31,t1_ca2w8zb,0.054003724394785846,0.02040816326530612,0.03359556112947973
p_2632,t3_1er14x,t1_ca2wyds,t1_ca2w8zb,0.04899135446685879,0.02040816326530612,0.028583191201552668
p_2633,t3_1eqzdv,t1_ca2xas3,t1_ca2vznl,0.022388059701492536,0.022988505747126436,-0.0006004460456339004
p_2634,t3_1eqzdv,t1_ca31l47,t1_ca2vznl,0.04310344827586207,0.022988505747126436,0.020114942528735635
p_2636,t3_1eqpep,t1_ca2wutl,t1_ca2vk92,0.06968641114982578,0.044412607449856735,0.025273803699969045
p_2637,t3_1enop4,t1_ca26n3f,t1_ca24wnz,0.05630026809651475,0.05056179775280899,0.005738470343705761
p_2640,t3_1ekr96,t1_ca18olx,t1_ca1bmet,0.05555555555555555,0.05555555555555555,0.0
p_2642,t3_1ejwsi,t1_ca0z4yj,t1_ca124sd,0.036101083032490974,0.05694760820045558,-0.020846525167964605
p_2643,t3_1ejwsi,t1_ca14g2z,t1_ca11uac,0.04943820224719101,0.08333333333333333,-0.03389513108614232
p_2649,t3_1eeqwi,t1_c9zk246,t1_c9zlxhm,0.05223880597014925,0.0391566265060241,0.013082179464125154
p_2648,t3_1eeqwi,t1_c9zisf5,t1_c9zjpoy,0.049689440993788817,0.05442176870748299,-0.004732327713694175
p_2650,t3_1edx91,t1_c9z9hpy,t1_c9zbt49,0.024,0.044444444444444446,-0.020444444444444446
p_2651,t3_1edr56,t1_c9z8p9f,t1_c9z9qmk,0.06666666666666667,0.05357142857142857,0.013095238095238097
p_2652,t3_1edqbg,t1_c9z7ura,t1_c9zayfy,0.039473684210526314,0.03768115942028986,0.0017925247902364563
p_2657,t3_1e897d,t1_c9xr4w4,t1_c9xr0vc,0.055299539170506916,0.017857142857142856,0.03744239631336406
p_2659,t3_1e7fgs,t1_c9xm6o9,t1_c9xlvv7,0.033210332103321034,0.04065040650406504,-0.007440074400744005
p_2661,t3_1e7dc0,t1_c9xteak,t1_c9xkdnr,0.01282051282051282,0.030973451327433628,-0.018152938506920808
p_2663,t3_1e71tp,t1_c9xlk4m,t1_c9xez56,0.058091286307053944,0.05755395683453238,0.0005373294725215666
p_2664,t3_1e5uet,t1_c9x38yb,t1_c9x7ac3,0.0375,0.03664921465968586,0.0008507853403141377
p_2666,t3_1e5dod,t1_c9wyrgk,t1_c9wz4h9,0.03508771929824561,0.032407407407407406,0.0026803118908382065
p_2667,t3_1e4w3h,t1_c9x0hy8,t1_c9wwhb6,0.020202020202020204,0.02631578947368421,-0.006113769271664005
p_2668,t3_1e4v4u,t1_c9wtome,t1_c9ww06i,0.04807692307692308,0.0,0.04807692307692308
p_2669,t3_1e4gla,t1_c9wpcpk,t1_c9wqjyf,0.03529411764705882,0.03857566765578635,-0.0032815500087275268
p_2671,t3_1e30x9,t1_c9wfnbb,t1_c9wbvj3,0.045454545454545456,0.03125,0.014204545454545456
p_2673,t3_1e1yw5,t1_c9wdtql,t1_c9w0hvd,0.030456852791878174,0.0,0.030456852791878174
p_2674,t3_1e0qz1,t1_c9vwslq,t1_c9vruwl,0.019559902200488997,0.023809523809523808,-0.004249621609034811
p_2675,t3_1e0ejy,t1_c9vl8aa,t1_c9vp3i5,0.04208416833667335,0.04,0.0020841683366733463
p_2678,t3_1e0dd7,t1_c9vvh9i,t1_c9vmii6,0.035398230088495575,0.07834101382488479,-0.04294278373638921
p_2676,t3_1e0dd7,t1_c9vn11c,t1_c9vkmsv,0.052083333333333336,0.08496732026143791,-0.032883986928104576
p_2679,t3_1dzqaz,t1_c9vevvr,t1_c9ves68,0.049019607843137254,0.0847457627118644,-0.03572615486872715
p_2680,t3_1dyb7o,t1_c9v8bw6,t1_c9v7j0n,0.07692307692307693,0.04945054945054945,0.02747252747252748
p_2681,t3_1dy3sl,t1_c9uym99,t1_c9uxyzk,0.038834951456310676,0.02857142857142857,0.010263522884882106
p_2683,t3_1dx9dj,t1_c9ut84g,t1_c9v8b9b,0.03125,0.031413612565445025,-0.00016361256544502462
p_2684,t3_1dx9dj,t1_c9uvfc4,t1_c9usq08,0.03769140164899882,0.039525691699604744,-0.0018342900506059245
p_2685,t3_1duzzk,t1_c9u8l52,t1_c9u8yoe,0.04744525547445255,0.0625,-0.015054744525547448
p_2688,t3_1drv8o,t1_c9twcr8,t1_c9tdt5r,0.04285714285714286,0.04093567251461988,0.0019214703425229768
p_2690,t3_1dro9y,t1_c9t93tz,t1_c9tb0nm,0.02,0.02,0.0
p_2691,t3_1dro9y,t1_c9t95ad,t1_c9tb0nm,0.024291497975708502,0.02,0.004291497975708502
p_2692,t3_1dro9y,t1_c9tar20,t1_c9tb0nm,0.0125,0.02,-0.0075
p_2693,t3_1dr38j,t1_c9t4zgp,t1_c9t15sb,0.016666666666666666,0.047619047619047616,-0.03095238095238095
p_2694,t3_1dr38j,t1_c9t6qfq,t1_c9t3tv5,0.03,0.06315789473684211,-0.03315789473684211
p_2696,t3_1dqocq,t1_c9sxlof,t1_c9t1per,0.11610486891385768,0.009523809523809525,0.10658105939004817
p_2698,t3_1dpa0j,t1_c9si9a1,t1_c9sjq6e,0.046831955922865015,0.03289473684210526,0.013937219080759754
p_2699,t3_1dmdji,t1_c9s8tbs,t1_c9rvfop,0.05730659025787966,0.034013605442176874,0.023292984815702786
p_2702,t3_1djzxv,t1_c9rfg9d,t1_c9r258n,0.017094017094017096,0.01098901098901099,0.006105006105006106
p_2704,t3_1dj741,t1_c9qwjmm,t1_c9qu7yd,0.036211699164345405,0.0395738203957382,-0.0033621212313927964
p_2706,t3_1ditdn,t1_c9r0krj,t1_c9qpsh8,0.049079754601226995,0.021739130434782608,0.027340624166444387
p_2707,t3_1dilyh,t1_c9qq93z,t1_c9qukp7,0.056910569105691054,0.011834319526627219,0.04507624957906384
p_2711,t3_1dfy2a,t1_c9pz92y,t1_c9pzk15,0.050314465408805034,0.018867924528301886,0.03144654088050315
p_2713,t3_1dfnx1,t1_c9pwrti,t1_c9pydqv,0.016129032258064516,0.02702702702702703,-0.010897994768962513
p_2714,t3_1deu6m,t1_c9pm9ei,t1_c9pq3i8,0.03626943005181347,0.008928571428571428,0.02734085862324204
p_2715,t3_1ddn6p,t1_c9r192d,t1_c9ptde6,0.04081632653061224,0.05357142857142857,-0.012755102040816327
p_2717,t3_1dbeji,t1_c9opv9e,t1_c9oplaa,0.04504504504504504,0.04516129032258064,-0.0001162452775355996
p_2718,t3_1dahpy,t1_c9oi7rq,t1_c9ohbfe,0.026470588235294117,0.045871559633027525,-0.019400971397733408
p_2720,t3_1daaz2,t1_c9om232,t1_c9oicxr,0.030523255813953487,0.054104477611940295,-0.023581221797986808
p_2721,t3_1daa73,t1_c9of3p7,t1_c9of537,0.03940886699507389,0.050505050505050504,-0.011096183509976612
p_2722,t3_1da9km,t1_c9ogr0a,t1_c9oels5,0.0425531914893617,0.03015075376884422,0.012402437720517481
p_2723,t3_1d93tu,t1_c9o543i,t1_c9o48f1,0.056338028169014086,0.02564102564102564,0.030697002527988446
p_2724,t3_1d93tu,t1_c9o9bv4,t1_c9o5bzv,0.04223433242506812,0.056818181818181816,-0.014583849393113697
p_2725,t3_1d7g4o,t1_c9noa5m,t1_c9nwpbl,0.029154518950437316,0.03672316384180791,-0.007568644891370595
p_2728,t3_1d4oyg,t1_c9mvjvz,t1_c9n2oa9,0.04424778761061947,0.041237113402061855,0.0030106742085576135
p_2729,t3_1d44p3,t1_c9mq0ns,t1_c9mtvks,0.013177159590043924,0.025179856115107913,-0.012002696525063989
p_2731,t3_1d44p3,t1_c9mw0w9,t1_c9mpkz3,0.029723991507430998,0.015384615384615385,0.014339376122815613
p_2732,t3_1d44p3,t1_c9n1elj,t1_c9mtvks,0.014767932489451477,0.025179856115107913,-0.010411923625656436
p_2733,t3_1d44p3,t1_c9mu8cn,t1_c9mrjf5,0.023255813953488372,0.019801980198019802,0.0034538337554685695
p_2734,t3_1d44p3,t1_c9msi95,t1_c9mtvks,0.015113350125944584,0.025179856115107913,-0.01006650598916333
p_2738,t3_1d1i55,t1_c9mxv6l,t1_c9lzhfl,0.06578947368421052,0.03375527426160337,0.03203419942260715
p_2739,t3_1d1i55,t1_c9oegh1,t1_c9lzhfl,0.04,0.03375527426160337,0.006244725738396628
p_2740,t3_1d0elu,t1_c9lsj8v,t1_c9lp7p0,0.03436426116838488,0.039603960396039604,-0.005239699227654722
p_2741,t3_1cymw8,t1_c9l9z8j,t1_c9l7omc,0.034482758620689655,0.016,0.018482758620689654
p_2743,t3_1cyjeb,t1_c9l6moi,t1_c9l7796,0.05472636815920398,0.019933554817275746,0.034792813341928235
p_2748,t3_1cxteo,t1_c9l5sr6,t1_c9kz9h3,0.029850746268656716,0.08536585365853659,-0.05551510738987987
p_2746,t3_1cxteo,t1_c9l0ptr,t1_c9kztp0,0.05291005291005291,0.05063291139240506,0.0022771415176478446
p_2747,t3_1cxteo,t1_c9kzw1u,t1_c9l5bzb,0.04938271604938271,0.05,-0.0006172839506172895
p_2749,t3_1cwsse,t1_c9kr52k,t1_c9kr5qt,0.046875,0.08695652173913043,-0.04008152173913043
p_2750,t3_1cwsse,t1_c9kqato,t1_c9ks4cr,0.03823529411764706,0.04424778761061947,-0.006012493492972407
p_2751,t3_1cwsse,t1_c9kvex6,t1_c9ks4cr,0.030821917808219176,0.04424778761061947,-0.013425869802400292
p_2752,t3_1cvzbx,t1_c9km9nx,t1_c9khsqw,0.05555555555555555,0.041666666666666664,0.013888888888888888
p_2753,t3_1ctkhw,t1_c9juokl,t1_c9jubz0,0.07655502392344497,0.034482758620689655,0.04207226530275532
p_2754,t3_1cskpb,t1_c9jkqxa,t1_c9jlje5,0.039473684210526314,0.07692307692307693,-0.037449392712550614
p_2755,t3_1crpmd,t1_c9jdeua,t1_c9jkwqp,0.0,0.040983606557377046,-0.040983606557377046
p_2756,t3_1cq2e6,t1_c9ix0cz,t1_c9ixpvx,0.034934497816593885,0.006802721088435374,0.02813177672815851
p_2760,t3_1cjeto,t1_c9h2lgb,t1_c9h6sc6,0.021604938271604937,0.046242774566473986,-0.02463783629486905
p_2761,t3_1chlts,t1_c9gmbnn,t1_c9gqj74,0.04411764705882353,0.042682926829268296,0.0014347202295552364
p_2762,t3_1cgo5k,t1_c9gcsj9,t1_c9gc5rg,0.026515151515151516,0.025,0.0015151515151515145
p_2765,t3_1cfa2w,t1_c9fzmpv,t1_c9g116t,0.017027863777089782,0.045813586097946286,-0.028785722320856504
p_2766,t3_1cdk1m,t1_c9fscps,t1_c9fnhsl,0.020512820512820513,0.024930747922437674,-0.004417927409617162
p_2767,t3_1cc9ma,t1_c9f4mbw,t1_c9f4gvx,0.05128205128205128,0.05405405405405406,-0.0027720027720027768
p_2770,t3_1cc8uk,t1_c9fbcfp,t1_c9f55x0,0.054455445544554455,0.021806853582554516,0.03264859196199994
p_2771,t3_1cbyg8,t1_c9f2fbr,t1_c9f2f7z,0.028192371475953566,0.06030150753768844,-0.03210913606173488
p_2772,t3_1cbyg8,t1_c9f37yw,t1_c9f2f7z,0.030156815440289506,0.06030150753768844,-0.030144692097398933
p_2773,t3_1cbyg8,t1_c9f2oxn,t1_c9f2f7z,0.0641025641025641,0.06030150753768844,0.0038010565648756572
p_2774,t3_1c9rnm,t1_c9efq9f,t1_c9enhzn,0.045871559633027525,0.017241379310344827,0.028630180322682698
p_2776,t3_1c9lan,t1_c9eoxbt,t1_c9edlfu,0.041666666666666664,0.06077348066298342,-0.01910681399631676
p_2777,t3_1c8ym3,t1_c9e9zzx,t1_c9e9fk0,0.044444444444444446,0.019157088122605363,0.025287356321839084
p_2778,t3_1c8ym3,t1_c9e9ga5,t1_c9ea09a,0.03125,0.041666666666666664,-0.010416666666666664
p_2779,t3_1c7z1a,t1_c9dyhme,t1_c9edsm6,0.03355704697986577,0.0211864406779661,0.012370606301899671
p_2782,t3_1c5ps9,t1_c9da3im,t1_c9dg1q3,0.026881720430107527,0.017241379310344827,0.0096403411197627
p_2783,t3_1c3mds,t1_c9cpeax,t1_c9cpssy,0.01882845188284519,0.022508038585209004,-0.003679586702363815
p_2784,t3_1c11cx,t1_c9c5trq,t1_c9c6lsq,0.07579462102689487,0.02452316076294278,0.05127146026395209
p_2785,t3_1byb8b,t1_c9bdajc,t1_c9bdsul,0.028846153846153848,0.04895104895104895,-0.020104895104895104
p_2786,t3_1by7rb,t1_c9b8dbb,t1_c9ba21c,0.04608294930875576,0.125,-0.07891705069124424
p_2787,t3_1bxkri,t1_c9b3vi9,t1_c9b4eux,0.0967741935483871,0.02,0.07677419354838709
p_2789,t3_1bxgut,t1_c9b118k,t1_c9b0bxi,0.03125,0.031746031746031744,-0.0004960317460317443
p_2788,t3_1bxgut,t1_c9b3hgo,t1_c9b7q7o,0.03836930455635491,0.022935779816513763,0.01543352473984115
p_2790,t3_1bxgut,t1_c9b7tag,t1_c9b7q7o,0.04727272727272727,0.022935779816513763,0.02433694745621351
p_2791,t3_1bwu2v,t1_c9avcwo,t1_c9auie0,0.010869565217391304,0.05076923076923077,-0.039899665551839464
p_2792,t3_1buffw,t1_c9a7bi9,t1_c9a70o8,0.045662100456621,0.017857142857142856,0.027804957599478146
p_2793,t3_1brihl,t1_c9bfojt,t1_c99k4tp,0.037037037037037035,0.036585365853658534,0.0004516711833785006
p_2794,t3_1bp6uw,t1_c98y60i,t1_c994sb5,0.0684931506849315,0.041474654377880185,0.027018496307051318
p_2795,t3_1bodtx,t1_c98jlb4,t1_c98lik7,0.03418803418803419,0.016722408026755852,0.01746562616127834
p_2796,t3_1bljky,t1_c97sfu3,t1_c97rjrx,0.04310344827586207,0.024,0.01910344827586207
p_2798,t3_1bkpef,t1_c97l3q7,t1_c97m0dm,0.05,0.05747126436781609,-0.007471264367816088
p_2799,t3_1bkdeq,t1_c97g05g,t1_c97ggko,0.035398230088495575,0.02608695652173913,0.009311273566756446
p_2803,t3_1bjaaz,t1_c977sxm,t1_c979i5l,0.02102803738317757,0.02875399361022364,-0.007725956227046072
p_2804,t3_1bitj0,t1_c971omg,t1_c978xo7,0.03170731707317073,0.03919491525423729,-0.007487598181066556
p_2805,t3_1bggat,t1_c96k0ap,t1_c96jw6l,0.0783132530120482,0.025423728813559324,0.05288952419848887
p_2806,t3_1bce8x,t1_c95l5od,t1_c95l7sx,0.027559055118110236,0.05714285714285714,-0.029583802024746905
p_2807,t3_1bcaat,t1_c95jx1p,t1_c95k33e,0.016853932584269662,0.020134228187919462,-0.0032802956036497993
p_2808,t3_1bc8lk,t1_c95jtsa,t1_c95k5tq,0.042352941176470586,0.01950162513542795,0.022851316041042635
p_2809,t3_1bc7uw,t1_c95jgdf,t1_c95jk08,0.07446808510638298,0.036585365853658534,0.03788271925272444
p_2810,t3_1b757j,t1_c947mfz,t1_c947z02,0.02531645569620253,0.01694915254237288,0.00836730315382965
p_2811,t3_1b5h4r,t1_c93tvyq,t1_c93sauz,0.027656477438136828,0.039568345323741004,-0.011911867885604176
p_2812,t3_1b532g,t1_c93p2p5,t1_c93uzd4,0.030303030303030304,0.05555555555555555,-0.02525252525252525
p_2813,t3_1b4ngo,t1_c93mgx3,t1_c93juyb,0.031496062992125984,0.010752688172043012,0.020743374820082972
p_2815,t3_1ayifp,t1_c91z4wm,t1_c91y4yc,0.031818181818181815,0.01871657754010695,0.013101604278074865
p_2817,t3_1avuk1,t1_c919bkc,t1_c918ch7,0.025974025974025976,0.06481481481481481,-0.038840788840788835
p_2818,t3_1aszfk,t1_c90i0vi,t1_c90i1xg,0.041666666666666664,0.032846715328467155,0.00881995133819951
p_2819,t3_1assos,t1_c90fnc1,t1_c90rkrt,0.01282051282051282,0.022222222222222223,-0.009401709401709403
p_2820,t3_1assos,t1_c90ewks,t1_c90rkrt,0.035830618892508145,0.022222222222222223,0.013608396670285922
p_2822,t3_1are2i,t1_c902a8w,t1_c901w5o,0.04525862068965517,0.05855855855855856,-0.013299937868903385
p_2823,t3_1are2i,t1_c9063xi,t1_c901w5o,0.06082725060827251,0.05855855855855856,0.002268692049713951
p_2827,t3_1am01f,t1_c8yqvyz,t1_c90q7d9,0.05922551252847381,0.07479224376731301,-0.015566731238839206
p_2830,t3_1ajjfw,t1_c8y1lzd,t1_c8xzdi6,0.022508038585209004,0.0,0.022508038585209004
p_2831,t3_1ajjfw,t1_c8y2o8t,t1_c8y2jox,0.03735632183908046,0.02197802197802198,0.015378299861058483
p_2832,t3_1ahaci,t1_c8xhcoi,t1_c8xhwel,0.0449438202247191,0.04950495049504951,-0.004561130270330407
p_2833,t3_1ahaci,t1_c8ycdr7,t1_c8y9ehd,0.060085836909871244,0.034013605442176874,0.02607223146769437
p_2834,t3_1adnuj,t1_c8wgwzb,t1_c8wgx6y,0.03428571428571429,0.04361370716510903,-0.009327992879394745
p_2835,t3_1adnuj,t1_c8wkxho,t1_c8wgx6y,0.028268551236749116,0.04361370716510903,-0.015345155928359916
p_2836,t3_1aah63,t1_c8vkumc,t1_c8w7eb9,0.020161290322580645,0.034482758620689655,-0.01432146829810901
p_2837,t3_1a823k,t1_c8uxrzz,t1_c8uxj2q,0.03065134099616858,0.017543859649122806,0.013107481347045775
p_2838,t3_1a74or,t1_c8yb8lh,t1_c8wi3uo,0.014577259475218658,0.030303030303030304,-0.015725770827811646
p_2841,t3_1a1svv,t1_c8tcnlg,t1_c8tbh45,0.037037037037037035,0.08139534883720931,-0.04435831180017227
p_2842,t3_19x40l,t1_c8s3ojs,t1_c8sam0l,0.0975609756097561,0.025423728813559324,0.07213724679619678
p_2843,t3_19umvm,t1_c8ri6ek,t1_c8rgbi8,0.04716981132075472,0.06622516556291391,-0.019055354242159192
p_2845,t3_19n9ak,t1_c8pkzma,t1_c8polhe,0.03529411764705882,0.031578947368421054,0.0037151702786377694
p_2846,t3_19huby,t1_c8ojliw,t1_c8oh7z7,0.033126293995859216,0.03414634146341464,-0.001020047467555421
p_2847,t3_19e3q6,t1_c8n7zld,t1_c8n6yn4,0.02113821138211382,0.021032504780114723,0.00010570660199909696
p_2850,t3_19avin,t1_c8mdkft,t1_c8mqodh,0.046153846153846156,0.03869047619047619,0.007463369963369965
p_2851,t3_19aahz,t1_c8m9s7p,t1_c8m98ui,0.021505376344086023,0.05194805194805195,-0.030442675603965928
p_2853,t3_1960jw,t1_c8te8em,t1_c8lq3vy,0.041666666666666664,0.041025641025641026,0.0006410256410256387
p_2854,t3_18nf32,t1_c8gjif8,t1_c8glzi2,0.0106951871657754,0.02030456852791878,-0.00960938136214338
p_2855,t3_18n2uc,t1_c8g7yj9,t1_c8g7vdb,0.0390625,0.03636363636363636,0.002698863636363638
p_2856,t3_18n2uc,t1_c8gjaly,t1_c8hjbxc,0.03914590747330961,0.029661016949152543,0.009484890524157064
p_2857,t3_18hfbb,t1_c8euhsu,t1_c8f4pon,0.07317073170731707,0.030927835051546393,0.042242896655770676
p_2858,t3_18fnmc,t1_c8ehi0y,t1_c8fbyk9,0.031055900621118012,0.0036363636363636364,0.027419536984754377
p_2859,t3_18fnmc,t1_c8eztwo,t1_c8efsxa,0.013422818791946308,0.01646090534979424,-0.0030380865578479316
p_2861,t3_18dj9h,t1_c8go2f3,t1_c8du0qd,0.0,0.02040816326530612,-0.02040816326530612
p_2862,t3_181jmd,t1_c8b2w35,t1_c8b80s2,0.03138373751783167,0.03815580286168521,-0.006772065343853544
p_2864,t3_353z1x,t1_cr0txe5,t1_cr0sypq,0.0603448275862069,0.012345679012345678,0.04799914857386122
p_2865,t3_35007e,t1_cqzpsh4,t1_cr08now,0.041935483870967745,0.06666666666666667,-0.02473118279569892
p_2868,t3_34uoe6,t1_cqy8iqs,t1_cqydmf0,0.041666666666666664,0.02631578947368421,0.015350877192982455
p_2869,t3_34uhcs,t1_cqy6f3z,t1_cqy5yg6,0.0136986301369863,0.05102040816326531,-0.03732177802627901
p_2871,t3_34r42c,t1_cqx9tcw,t1_cqxcheq,0.04411764705882353,0.043478260869565216,0.0006393861892583161
p_2872,t3_34r42c,t1_cqx9isf,t1_cqxhmy0,0.015267175572519083,0.031496062992125984,-0.016228887419606902
p_2873,t3_34qpil,t1_cqxbpip,t1_cqx6biz,0.02112676056338028,0.04964539007092199,-0.028518629507541707
p_2875,t3_34nm86,t1_cqwfwqa,t1_cqwdlqs,0.02100840336134454,0.05737704918032787,-0.03636864581898333
p_2876,t3_34mjz7,t1_cqw3q36,t1_cqw297k,0.019417475728155338,0.04477611940298507,-0.025358643674829734
p_2877,t3_34mi2s,t1_cqw2pwr,t1_cqw1jmd,0.0365296803652968,0.03940886699507389,-0.0028791866297770904
p_2880,t3_34f19m,t1_cqumcdt,t1_cqu4xnk,0.06382978723404255,0.03787878787878788,0.02595099935525467
p_2881,t3_34ew6y,t1_cqu16sw,t1_cqu66qp,0.010638297872340425,0.04854368932038835,-0.03790539144804792
p_2883,t3_34dp1h,t1_cqtp0m2,t1_cqtpbha,0.046134663341645885,0.044072948328267476,0.002061715013378408
p_2885,t3_3458ym,t1_cqrehbr,t1_cqrp6kw,0.04040404040404041,0.013157894736842105,0.027246145667198303
p_2886,t3_344wiz,t1_cqras5q,t1_cqre4xb,0.021367521367521368,0.05714285714285714,-0.03577533577533577
p_2887,t3_344wiz,t1_cqrc214,t1_cqrdlm0,0.05042016806722689,0.0,0.05042016806722689
p_2889,t3_3421jf,t1_cqqjotj,t1_cqqk365,0.07174887892376682,0.03409090909090909,0.03765796983285773
p_2890,t3_341ysq,t1_cqqjryw,t1_cqqx1kp,0.034013605442176874,0.041666666666666664,-0.0076530612244897905
p_2891,t3_341ysq,t1_cqqk0tn,t1_cqqijqw,0.09032258064516129,0.042105263157894736,0.04821731748726655
p_2892,t3_341rgm,t1_cqr37bi,t1_cqqnhph,0.0125,0.047619047619047616,-0.03511904761904762
p_2893,t3_341qpv,t1_cqqkadf,t1_cqqj5q6,0.05555555555555555,0.008849557522123894,0.04670599803343166
p_2896,t3_340hb6,t1_cqq5pcx,t1_cqq45sd,0.016,0.010830324909747292,0.005169675090252708
p_2897,t3_33yolt,t1_cqq8ib0,t1_cqpnhfk,0.029069767441860465,0.034482758620689655,-0.00541299117882919
p_2898,t3_33y71i,t1_cqpkqw3,t1_cqphhsd,0.010416666666666666,0.014814814814814815,-0.004398148148148149
p_2899,t3_33xvlb,t1_cqpizv2,t1_cqpe1w3,0.04608294930875576,0.04929577464788732,-0.0032128253391315587
p_2900,t3_33x4zd,t1_cqq3w8x,t1_cqph109,0.07679465776293823,0.034653465346534656,0.04214119241640357
p_2901,t3_33vwxp,t1_cqp9clo,t1_cqp3iwt,0.008849557522123894,0.03389830508474576,-0.02504874756262187
p_2902,t3_33vb7v,t1_cqop50f,t1_cqoq78g,0.04216867469879518,0.008264462809917356,0.03390421188887782
p_2903,t3_33vb7v,t1_cqoqk6x,t1_cqoq78g,0.04411764705882353,0.008264462809917356,0.03585318424890618
p_2906,t3_33t6ee,t1_cqo6dks,t1_cqocdox,0.052083333333333336,0.05785123966942149,-0.0057679063360881536
p_2910,t3_33qkee,t1_cqnhkzy,t1_cqnfxbg,0.011235955056179775,0.056338028169014086,-0.04510207311283431
p_2911,t3_33odih,t1_cqmwrzp,t1_cqn43qi,0.028169014084507043,0.03418803418803419,-0.006019020103527149
p_2912,t3_33odih,t1_cqmx2gy,t1_cqn43qi,0.03418803418803419,0.03418803418803419,0.0
p_2914,t3_33m1d7,t1_cqmao20,t1_cqmqlk3,0.057971014492753624,0.029411764705882353,0.02855924978687127
p_2915,t3_33ltmy,t1_cqm3qgs,t1_cqm6tlv,0.04330708661417323,0.054945054945054944,-0.011637968330881716
p_2916,t3_33ltmy,t1_cqm5fmo,t1_cqmj35v,0.021739130434782608,0.030303030303030304,-0.008563899868247696
p_2917,t3_33ltmy,t1_cqma7wu,t1_cqmj35v,0.04100946372239748,0.030303030303030304,0.010706433419367174
p_2918,t3_33ltmy,t1_cqm52oz,t1_cqmjkd0,0.0625,0.04580152671755725,0.016698473282442748
p_2919,t3_33ltmy,t1_cqmees1,t1_cqmlryg,0.0427807486631016,0.047619047619047616,-0.004838298955946015
p_2920,t3_33ltmy,t1_cqmhim7,t1_cqmlryg,0.021645021645021644,0.047619047619047616,-0.025974025974025972
p_2921,t3_33ltmy,t1_cqme4zj,t1_cqmjkd0,0.05128205128205128,0.04580152671755725,0.005480524564494028
p_2922,t3_33ltmy,t1_cqmf5u4,t1_cqm8bcb,0.04838709677419355,0.02040816326530612,0.027978933508887426
p_2923,t3_33ltmy,t1_cqmaxor,t1_cqmj35v,0.04221635883905013,0.030303030303030304,0.011913328536019827
p_2925,t3_33ltmy,t1_cqmgnjb,t1_cqmjkd0,0.04216867469879518,0.04580152671755725,-0.003632852018762074
p_2927,t3_33ky08,t1_cqlv92o,t1_cqm0p5u,0.11764705882352941,0.03076923076923077,0.08687782805429864
p_2928,t3_33jriw,t1_cqlmafs,t1_cqlrxku,0.07142857142857142,0.037900874635568516,0.03352769679300291
p_2929,t3_33jriw,t1_cqlrjh2,t1_cqlvlpo,0.02654867256637168,0.03488372093023256,-0.008335048363860877
p_2930,t3_33gagt,t1_cqknwye,t1_cqkneou,0.0410958904109589,0.022857142857142857,0.018238747553816045
p_2935,t3_33fzqf,t1_cqkkas1,t1_cqkomla,0.03802281368821293,0.04660194174757282,-0.00857912805935989
p_2934,t3_33fzqf,t1_cqkyc6a,t1_cqkomla,0.07327586206896551,0.04660194174757282,0.026673920321392694
p_2932,t3_33fzqf,t1_cqkmagz,t1_cql6a4m,0.052980132450331126,0.04938271604938271,0.0035974164009484125
p_2933,t3_33fzqf,t1_cqksog6,t1_cql5nf4,0.03529411764705882,0.0196078431372549,0.01568627450980392
p_2936,t3_33fvr1,t1_cql32pv,t1_cqkpqqx,0.03571428571428571,0.10493827160493827,-0.06922398589065255
p_2937,t3_33f4nn,t1_cqkapdq,t1_cqktzi5,0.03270223752151463,0.0189873417721519,0.013714895749362733
p_2938,t3_33d5wv,t1_cqjs9av,t1_cqjqmmc,0.038461538461538464,0.0,0.038461538461538464
p_2939,t3_33c9pv,t1_cqjn7rh,t1_cqji5jr,0.05263157894736842,0.0,0.05263157894736842
p_2940,t3_33b9np,t1_cqj96fh,t1_cqj9uef,0.040229885057471264,0.04878048780487805,-0.008550602747406787
p_2942,t3_337yvz,t1_cqift17,t1_cqigsgq,0.011538461538461539,0.06315789473684211,-0.05161943319838057
p_2943,t3_337yvz,t1_cqigbq2,t1_cqigknb,0.01832460732984293,0.04580152671755725,-0.02747691938771432
p_2947,t3_335312,t1_cqhqb8z,t1_cqhmvlk,0.043941411451398134,0.047979797979797977,-0.004038386528399843
p_2948,t3_334q3e,t1_cqhpv4a,t1_cqhioox,0.0471311475409836,0.0220125786163522,0.025118568924631404
p_2949,t3_333cqy,t1_cqh6yao,t1_cqh6bst,0.0332541567695962,0.054878048780487805,-0.021623892010891606
p_2952,t3_330zv9,t1_cqgjrcd,t1_cqgm5ch,0.05333333333333334,0.016666666666666666,0.03666666666666667
p_2953,t3_32yo7o,t1_cqghj8r,t1_cqggpsa,0.023166023166023165,0.029585798816568046,-0.006419775650544881
p_2955,t3_32x792,t1_cqfgbx0,t1_cqfhboc,0.007462686567164179,0.031578947368421054,-0.024116260801256874
p_2957,t3_32x5bg,t1_cqffwwh,t1_cqfjbx4,0.045454545454545456,0.04,0.005454545454545455
p_2959,t3_32w62j,t1_cqf8h6r,t1_cqf8ttp,0.04838709677419355,0.125,-0.07661290322580645
p_2960,t3_32tuwr,t1_cqekvu6,t1_cqev05z,0.007067137809187279,0.030303030303030304,-0.023235892493843023
p_2961,t3_32rqew,t1_cqe1or9,t1_cqedg0y,0.013157894736842105,0.013986013986013986,-0.0008281192491718815
p_2962,t3_32qem9,t1_cqdngsq,t1_cqdmrey,0.020942408376963352,0.08870967741935484,-0.0677672690423915
p_2963,t3_32nvz9,t1_cqd3dgw,t1_cqdlwp9,0.025179856115107913,0.028925619834710745,-0.0037457637196028314
p_2964,t3_32mxxb,t1_cqcq0fj,t1_cqcpdn2,0.06779661016949153,0.06930693069306931,-0.0015103205235777878
p_2966,t3_32ml8o,t1_cqcp8hx,t1_cqcmdxj,0.05804749340369393,0.03535353535353535,0.02269395805015858
p_2967,t3_32ml8o,t1_cqcmvme,t1_cqcmdxj,0.056451612903225805,0.03535353535353535,0.021098077549690453
p_2969,t3_32kaxa,t1_cqc1ps3,t1_cqbztib,0.024630541871921183,0.046052631578947366,-0.021422089707026182
p_2970,t3_32jy1s,t1_cqc7xo9,t1_cqc76t8,0.11858974358974358,0.06140350877192982,0.057186234817813764
p_2972,t3_32jy1s,t1_cqc312r,t1_cqc2knn,0.1056338028169014,0.0967741935483871,0.008859609268514312
p_2973,t3_32hrcu,t1_cqbf680,t1_cqc157c,0.0196078431372549,0.046413502109704644,-0.026805658972449742
p_2974,t3_32hrcu,t1_cqbuas1,t1_cqberet,0.045871559633027525,0.008547008547008548,0.03732455108601898
p_2975,t3_32hhvc,t1_cqb981l,t1_cqb97nw,0.015625,0.06389776357827476,-0.04827276357827476
p_2977,t3_32heuy,t1_cqbcbkl,t1_cqb8b3a,0.07446808510638298,0.02702702702702703,0.04744105807935595
p_2978,t3_32e9dz,t1_cqag1ei,t1_cqaeq9p,0.08,0.058823529411764705,0.021176470588235297
p_2979,t3_32dzr6,t1_cqabzcm,t1_cqavot8,0.03804347826086957,0.07079646017699115,-0.03275298191612158
p_2980,t3_32dzr6,t1_cqabzdy,t1_cqavot8,0.029940119760479042,0.07079646017699115,-0.04085634041651211
p_2981,t3_32cuug,t1_cqa2kcg,t1_cqamp4r,0.03642987249544627,0.03414634146341464,0.0022835310320316327
p_2985,t3_32br6b,t1_cq9r1xc,t1_cq9xojx,0.03294117647058824,0.03412073490813648,-0.0011795584375482449
p_2987,t3_3295fa,t1_cq95v66,t1_cq97eov,0.06019261637239166,0.059665871121718374,0.0005267452506732828
p_2989,t3_328mdv,t1_cq8wilr,t1_cq8wllc,0.07386363636363637,0.02857142857142857,0.0452922077922078
p_2990,t3_328mdv,t1_cq90btb,t1_cq8xsei,0.06085526315789474,0.06589147286821706,-0.005036209710322322
p_2991,t3_328mdv,t1_cq924w9,t1_cq8wmf8,0.052132701421800945,0.034653465346534656,0.01747923607526629
p_2992,t3_328mdv,t1_cq962cf,t1_cq909zj,0.02142857142857143,0.05649717514124294,-0.03506860371267151
p_2993,t3_328cqj,t1_cq8twul,t1_cq8u7k8,0.032520325203252036,0.037037037037037035,-0.004516711833784999
p_2994,t3_328cqj,t1_cq8u123,t1_cq8vtom,0.017142857142857144,0.039473684210526314,-0.02233082706766917
p_2995,t3_328cqj,t1_cq8urjg,t1_cq8uwgb,0.037940379403794036,0.03488372093023256,0.0030566584735614785
p_2996,t3_325owi,t1_cq85rgn,t1_cq85o61,0.02702702702702703,0.0,0.02702702702702703
p_2997,t3_324yj6,t1_cq7zfq6,t1_cq8dhwu,0.03838771593090211,0.04142011834319527,-0.0030324024122931614
p_2998,t3_3247v7,t1_cq81v9f,t1_cq7q1h2,0.0436105476673428,0.018796992481203006,0.024813555186139792
p_2999,t3_3247v7,t1_cq7rkyr,t1_cq7q1h2,0.0,0.018796992481203006,-0.018796992481203006
p_3001,t3_321v5o,t1_cq7b3vb,t1_cq75mj1,0.0653950953678474,0.09395973154362416,-0.02856463617577676
p_3004,t3_320ncw,t1_cq6vyp0,t1_cq6qa48,0.04035874439461883,0.058823529411764705,-0.018464785017145872
p_3005,t3_320ncw,t1_cq6qbjc,t1_cq7attb,0.041379310344827586,0.023952095808383235,0.01742721453644435
p_3006,t3_320cdd,t1_cq6n5nk,t1_cq6tjhk,0.06153846153846154,0.027184466019417475,0.03435399551904407
p_3007,t3_320ag4,t1_cq6qvbi,t1_cq73ikh,0.028132992327365727,0.036036036036036036,-0.007903043708670308
p_3008,t3_31z0jc,t1_cq6cink,t1_cq6dcu3,0.05027932960893855,0.0,0.05027932960893855
p_3009,t3_31z0jc,t1_cq6elfk,t1_cq6fijn,0.05405405405405406,0.037783375314861464,0.016270678739192593
p_3010,t3_31y24o,t1_cq6353c,t1_cq69x2n,0.025559105431309903,0.011363636363636364,0.01419546906767354
p_3013,t3_31tru7,t1_cq4z6e3,t1_cq4ypy8,0.02247191011235955,0.059322033898305086,-0.036850123785945536
p_3015,t3_31pc9q,t1_cq3qpv3,t1_cq3pcmq,0.047619047619047616,0.010638297872340425,0.03698074974670719
p_3016,t3_31p2g2,t1_cq3sydv,t1_cq3oxs7,0.02529182879377432,0.06382978723404255,-0.03853795844026823
p_3017,t3_31p0pl,t1_cq3n1ay,t1_cq3nys0,0.033707865168539325,0.046511627906976744,-0.012803762738437419
p_3020,t3_31oejp,t1_cq3gtyk,t1_cq3t550,0.05172413793103448,0.015384615384615385,0.0363395225464191
p_3021,t3_31oejp,t1_cq462r7,t1_cq3zns0,0.011235955056179775,0.04819277108433735,-0.03695681602815758
p_3022,t3_31ocvw,t1_cq3fcas,t1_cq3hias,0.037037037037037035,0.023809523809523808,0.013227513227513227
p_3024,t3_31n763,t1_cq339uk,t1_cq33n1j,0.03571428571428571,0.06569343065693431,-0.029979144942648597
p_3026,t3_31m7ag,t1_cq2w03g,t1_cq2v22k,0.030864197530864196,0.041666666666666664,-0.010802469135802469
p_3027,t3_31kfkt,t1_cq2ethi,t1_cq38ca1,0.020833333333333332,0.01639344262295082,0.004439890710382512
p_3028,t3_31kfkt,t1_cq2m1cu,t1_cq2q8ub,0.0321285140562249,0.03556485355648536,-0.0034363395002604616
p_3029,t3_31kfkt,t1_cq2iwml,t1_cq2xd07,0.04242424242424243,0.03076923076923077,0.011655011655011656
p_3031,t3_31j4y8,t1_cq2dy2t,t1_cq2seqm,0.03305785123966942,0.075,-0.041942148760330575
p_3032,t3_31iyzr,t1_cq20phi,t1_cq241hx,0.030627871362940276,,
p_3033,t3_31iyzr,t1_cq2hqkc,t1_cq2ggm1,0.05032467532467533,0.04772727272727273,0.0025974025974025983
p_3034,t3_31extq,t1_cq0xwpm,t1_cq0zj18,0.046052631578947366,0.02556390977443609,0.020488721804511275
p_3036,t3_319lcf,t1_cpzoe1h,t1_cpzou3x,0.0364963503649635,0.02,0.0164963503649635
p_3038,t3_317c4q,t1_cpz4dkk,t1_cq08xc2,0.07733333333333334,0.124,-0.04666666666666666
p_3039,t3_316t8m,t1_cpz81dp,t1_cpz1tm8,0.06896551724137931,0.05785123966942149,0.01111427757195782
p_3043,t3_30zgez,t1_cpx91x7,t1_cpx8d30,0.06481481481481481,0.059782608695652176,0.0050322061191626355
p_3046,t3_30uf3s,t1_cpvyas0,t1_cpvxc6j,0.020761245674740483,0.028985507246376812,-0.008224261571636329
p_3047,t3_30rmk0,t1_cpv7mht,t1_cpv6fnx,0.034782608695652174,0.0,0.034782608695652174
p_3048,t3_30rk8b,t1_cpv5sfc,t1_cpvae5t,0.02564102564102564,0.03614457831325301,-0.01050355267222737
p_3051,t3_30plxu,t1_cpumi9h,t1_cpv3rnn,0.03580562659846547,0.013953488372093023,0.02185213822637245
p_3052,t3_30plxu,t1_cpusr84,t1_cpvc5cu,0.027777777777777776,0.0,0.027777777777777776
p_3053,t3_30piom,t1_cpuvrbx,t1_cpuk6e9,0.021505376344086023,0.03424657534246575,-0.012741198998379728
p_3054,t3_30piom,t1_cpukcf7,t1_cpuk6e9,0.05747126436781609,0.03424657534246575,0.02322468902535034
p_3055,t3_30oi71,t1_cpudcxf,t1_cpuhqza,0.0738255033557047,0.017391304347826087,0.05643419900787862
p_3056,t3_30oi71,t1_cpudthh,t1_cpuin82,0.04739336492890995,0.01893939393939394,0.02845397098951601
p_3057,t3_30oi71,t1_cpufpbf,t1_cpuh9jr,0.03694581280788178,0.0641025641025641,-0.02715675129468232
p_3058,t3_30oi71,t1_cpumucv,t1_cpubj6z,0.04580152671755725,0.07547169811320754,-0.029670171395650292
p_3059,t3_30nwta,t1_cpu5jus,t1_cpufh76,0.06382978723404255,0.04,0.023829787234042547
p_3060,t3_30lwfn,t1_cptlz3s,t1_cpu097g,0.058823529411764705,0.14705882352941177,-0.08823529411764706
p_3061,t3_30kxn3,t1_cptgjwa,t1_cptkn0r,0.053811659192825115,0.1111111111111111,-0.05729945191828599
p_3062,t3_30kxn3,t1_cpud2ds,t1_cpuj9yz,0.07106598984771574,0.058823529411764705,0.012242460435951036
p_3064,t3_30ikr2,t1_cpssgy6,t1_cpstqu7,0.0,0.016025641025641024,-0.016025641025641024
p_3066,t3_30ijtn,t1_cpsuz6r,t1_cptjxj0,0.04035874439461883,0.03680981595092025,0.0035489284436985846
p_3067,t3_30ijtn,t1_cpsvg1e,t1_cpt2lkh,0.050761421319796954,0.04365079365079365,0.0071106276690033055
p_3069,t3_30ieon,t1_cpspikm,t1_cpspmsa,0.043010752688172046,0.02857142857142857,0.014439324116743476
p_3070,t3_30ieon,t1_cpsqhcv,t1_cpsr9x0,0.02531645569620253,0.024390243902439025,0.000926211793763506
p_3071,t3_30ieon,t1_cpsq3bq,t1_cpsptk3,0.046875,0.030100334448160536,0.016774665551839464
p_3072,t3_30ieon,t1_cpssq8c,t1_cpsr9x0,0.0547945205479452,0.024390243902439025,0.030404276645506177
p_3073,t3_30ieh0,t1_cpss8ht,t1_cpsq8hn,0.0,0.0684931506849315,-0.0684931506849315
p_3074,t3_30dwuy,t1_cprwysn,t1_cprwrn8,0.03201024327784891,0.04892367906066536,-0.016913435782816448
p_3075,t3_30dwuy,t1_cprim4b,t1_cpris3v,0.047619047619047616,0.06896551724137931,-0.021346469622331693
p_3076,t3_30dwuy,t1_cps4x4a,t1_cprittq,0.0761904761904762,0.08641975308641975,-0.010229276895943551
p_3077,t3_30dn4s,t1_cpri1a1,t1_cprghef,0.06422018348623854,0.02030456852791878,0.043915614958319756
p_3078,t3_30dc3y,t1_cpreini,t1_cprdlqm,0.03474903474903475,0.045454545454545456,-0.010705510705510707
p_3079,t3_30dc3y,t1_cprho0c,t1_cprczq0,0.04891304347826087,0.0898876404494382,-0.04097459697117733
p_3080,t3_30bmbr,t1_cpqwrqy,t1_cpqwt64,0.0189873417721519,0.031007751937984496,-0.012020410165832596
p_3081,t3_30bmbr,t1_cpqx53s,t1_cpsdnqv,0.032520325203252036,0.03278688524590164,-0.0002665600426496051
p_3082,t3_30bmbr,t1_cpr9rhs,t1_cpr0he2,0.02857142857142857,0.02564102564102564,0.0029304029304029304
p_3083,t3_30bmbr,t1_cprfcjr,t1_cpr0he2,0.038461538461538464,0.02564102564102564,0.012820512820512824
p_3084,t3_30bmbr,t1_cpqx6q7,t1_cpr0he2,0.007246376811594203,0.02564102564102564,-0.018394648829431436
p_3085,t3_30bmbr,t1_cpqxz84,t1_cpr0he2,0.015384615384615385,0.02564102564102564,-0.010256410256410255
p_3086,t3_30bmbr,t1_cpqwxxi,t1_cpr0he2,0.022058823529411766,0.02564102564102564,-0.003582202111613874
p_3087,t3_30addl,t1_cpqlm0n,t1_cpqmxt8,0.04861111111111111,0.05263157894736842,-0.004020467836257306
p_3088,t3_30abxj,t1_cpql1jr,t1_cpqkw2q,0.05521472392638037,0.028846153846153848,0.02636857008022652
p_3089,t3_30a5zk,t1_cpqjney,t1_cpqkg7f,0.025423728813559324,0.021341463414634148,0.004082265398925176
p_3090,t3_309gc1,t1_cpr1ni1,t1_cpqcrp3,0.06428571428571428,0.07122507122507123,-0.006939356939356947
p_3091,t3_309bvo,t1_cpqqtlm,t1_cpqbaln,0.03723404255319149,0.034229828850855744,0.0030042137023357438
p_3093,t3_306owt,t1_cppof4n,t1_cpq6ae3,0.0,0.009174311926605505,-0.009174311926605505
p_3094,t3_306o9o,t1_cpq1gb9,t1_cpqt20q,0.1044776119402985,0.02631578947368421,0.0781618224666143
p_3095,t3_306jm9,t1_cppkm2t,t1_cppkw7s,0.03076923076923077,0.04,-0.00923076923076923
p_3096,t3_306b19,t1_cppjkxe,t1_cppv03t,0.06116207951070336,0.06386861313868614,-0.002706533627982774
p_3097,t3_306b19,t1_cppt43v,t1_cppiyoy,0.02531645569620253,0.03821656050955414,-0.012900104813351607
p_3098,t3_305ejo,t1_cppptb8,t1_cppbmsd,0.022598870056497175,0.033783783783783786,-0.01118491372728661
p_3099,t3_304vk8,t1_cpp4467,t1_cpp4mqn,0.02877697841726619,0.03783783783783784,-0.009060859420571651
p_3100,t3_304vk8,t1_cpp57rx,t1_cpp6nth,0.03424657534246575,0.037815126050420166,-0.003568550707954414
p_3102,t3_304vk8,t1_cpp5fv2,t1_cppe5uc,0.034482758620689655,0.0297029702970297,0.004779788323659953
p_3104,t3_304nx9,t1_cpp3be4,t1_cppcie7,0.03333333333333333,0.022857142857142857,0.010476190476190476
p_3105,t3_302atl,t1_cponldu,t1_cpogvf1,0.021052631578947368,0.050724637681159424,-0.029672006102212056
p_3106,t3_302atl,t1_cpom4hm,t1_cpoj5rs,0.011627906976744186,0.010752688172043012,0.0008752188047011743
p_3107,t3_301n6h,t1_cpolqex,t1_cpoikva,0.03495145631067961,0.028277634961439587,0.006673821349240026
p_3108,t3_301aim,t1_cpo9ccq,t1_cpoaljq,0.02702702702702703,0.013157894736842105,0.013869132290184924
p_3109,t3_300pmw,t1_cpo5gbr,t1_cpo0aso,0.0325,0.04516129032258064,-0.012661290322580641
p_3110,t3_30059g,t1_cpo18q6,t1_cpo1wjy,0.03591160220994475,0.051470588235294115,-0.015558986025349365
p_3111,t3_30059g,t1_cpo9jne,t1_cppa1ar,0.024285714285714285,0.04838709677419355,-0.02410138248847926
p_3113,t3_3002wd,t1_cpnx795,t1_cpo9jc4,0.06191950464396285,0.08823529411764706,-0.026315789473684216
p_3115,t3_2zxa1c,t1_cpn5f5x,t1_cpn5ksl,0.045454545454545456,0.039603960396039604,0.005850585058505851
p_3117,t3_2zwjql,t1_cpmyqyw,t1_cpmyrsa,0.035555555555555556,0.023474178403755867,0.012081377151799688
p_3118,t3_2zpo9g,t1_cpl6qj2,t1_cplbwrd,0.025906735751295335,0.03,-0.004093264248704664
p_3122,t3_2zpo9g,t1_cpl8ybn,t1_cpl4rwr,0.018867924528301886,0.06228373702422145,-0.04341581249591957
p_3123,t3_2zpo9g,t1_cplrjw9,t1_cpl4rwr,0.057926829268292686,0.06228373702422145,-0.004356907755928764
p_3119,t3_2zpo9g,t1_cpl854i,t1_cpl7tlw,0.0502092050209205,0.04225352112676056,0.007955683894159939
p_3121,t3_2zpo9g,t1_cpl8iis,t1_cplq1xf,0.038817005545286505,0.05211726384364821,-0.013300258298361706
p_3124,t3_2zp1g2,t1_cpkyv4o,t1_cpl0p62,0.03614457831325301,0.08139534883720931,-0.0452507705239563
p_3125,t3_2zow2m,t1_cpl22pp,t1_cpkxsis,0.029609690444145357,0.03480589022757698,-0.00519619978343162
p_3126,t3_2znn1r,t1_cpkp3j2,t1_cpkoqed,0.02040816326530612,0.011990407673860911,0.00841775559144521
p_3127,t3_2zlzlv,t1_cpk8hwi,t1_cpk6a3p,0.055,0.038461538461538464,0.016538461538461537
p_3128,t3_2zlzlv,t1_cpk93ep,t1_cpk6a3p,0.041158536585365856,0.038461538461538464,0.002696998123827392
p_3129,t3_2zkscb,t1_cpjt71i,t1_cpjth0r,0.07272727272727272,0.033707865168539325,0.0390194075587334
p_3130,t3_2zke3b,t1_cpjq913,t1_cpktfa4,0.02830188679245283,0.020689655172413793,0.007612231620039038
p_3131,t3_2zj7ra,t1_cpjeo7s,t1_cpjezx4,0.037209302325581395,0.03404255319148936,0.0031667491340920326
p_3132,t3_2zivuy,t1_cpjd5bs,t1_cpjkvlu,0.05343511450381679,0.03225806451612903,0.02117704998768776
p_3135,t3_2ziiud,t1_cpjgxr8,t1_cpjahut,0.04332129963898917,0.02976190476190476,0.013559394877084407
p_3138,t3_2zi3o2,t1_cpj9uww,t1_cpj94l8,0.05652173913043478,0.06315789473684211,-0.006636155606407325
p_3139,t3_2zhhcc,t1_cpixs4l,t1_cpiyfa2,0.018518518518518517,0.018779342723004695,-0.00026082420448617777
p_3141,t3_2zhhcc,t1_cpj0ejq,t1_cpiyco1,0.04926108374384237,0.0425531914893617,0.006707892254480666
p_3140,t3_2zhhcc,t1_cpizz9m,t1_cpiyxlc,0.03314917127071823,0.02158273381294964,0.01156643745776859
p_3143,t3_2zhaim,t1_cpix9ia,t1_cpivskg,0.005208333333333333,0.023255813953488372,-0.01804748062015504
p_3144,t3_2zgvgy,t1_cpissdd,t1_cpirsph,0.057692307692307696,0.03773584905660377,0.019956458635703923
p_3145,t3_2zgowg,t1_cpiuav4,t1_cpiq1oq,0.04516129032258064,0.09210526315789473,-0.04694397283531409
p_3146,t3_2zgndx,t1_cpiqn17,t1_cpj5r70,0.06422018348623854,0.008064516129032258,0.05615566735720628
p_3149,t3_2zgan1,t1_cpiqsg0,t1_cpimxfr,0.05078125,0.03314917127071823,0.01763207872928177
p_3150,t3_2zflih,t1_cpih4fg,t1_cpih5fr,0.04568527918781726,0.0,0.04568527918781726
p_3152,t3_2zejsa,t1_cpi6gay,t1_cpi6o6i,0.0,0.014084507042253521,-0.014084507042253521
p_3154,t3_2zdsjs,t1_cpidnuu,t1_cphz7yi,0.05759162303664921,0.02564102564102564,0.03195059739562357
p_3155,t3_2zdsjs,t1_cpiftnl,t1_cpi0g46,0.056439942112879886,0.06318082788671024,-0.006740885773830356
p_3156,t3_2zdhff,t1_cphy235,t1_cphw99k,0.05263157894736842,0.0379746835443038,0.01465689540306462
p_3158,t3_2zaqct,t1_cph7lsp,t1_cph6x3y,0.029556650246305417,0.13380281690140844,-0.10424616665510303
p_3160,t3_2z2msj,t1_cpfd4uy,t1_cpf7g2a,0.04838709677419355,0.027156549520766772,0.021230547253426775
p_3161,t3_2z2e9y,t1_cpf2whk,t1_cpf8cro,0.04522613065326633,0.009615384615384616,0.03561074603788172
p_3162,t3_2z1yoq,t1_cpezn48,t1_cpezlhg,0.0645879732739421,0.080078125,-0.015490151726057902
p_3163,t3_2z1yoq,t1_cpf0qg3,t1_cpezlhg,0.04609929078014184,0.080078125,-0.03397883421985816
p_3164,t3_2z0k1s,t1_cpeslkw,t1_cpeslxz,0.042042042042042045,0.07766990291262135,-0.03562786087057931
p_3167,t3_2ywkr1,t1_cpdxs52,t1_cpdmm80,0.02857142857142857,0.05263157894736842,-0.024060150375939848
p_3168,t3_2ytkfu,t1_cpcu8rh,t1_cpd1eku,0.05405405405405406,0.0,0.05405405405405406
p_3169,t3_2ytkfu,t1_cpctmwq,t1_cpcxopb,0.03896103896103896,0.030120481927710843,0.008840557033328117
p_3170,t3_2yszp3,t1_cpcsn2z,t1_cpcuf7e,0.04702970297029703,0.035398230088495575,0.011631472881801455
p_3171,t3_2yrv0y,t1_cpcgnrg,t1_cpced64,0.06393442622950819,0.0273224043715847,0.03661202185792349
p_3172,t3_2yrv0y,t1_cpcjpjf,t1_cpced64,0.022641509433962263,0.0273224043715847,-0.004680894937622436
p_3174,t3_2yrv0y,t1_cpclzng,t1_cpced64,0.07142857142857142,0.0273224043715847,0.04410616705698672
p_3173,t3_2yrv0y,t1_cpcjvrd,t1_cpcgmdh,0.027972027972027972,0.029850746268656716,-0.0018787182966287438
p_3175,t3_2yrog1,t1_cpcgl5a,t1_cpch611,0.05694760820045558,0.06896551724137931,-0.01201790904092373
p_3177,t3_2yrgi3,t1_cpcaxrs,t1_cpcbda3,0.03875968992248062,0.028846153846153848,0.009913536076326772
p_3178,t3_2yp08w,t1_cpblyoq,t1_cpbm3vx,0.028985507246376812,0.028037383177570093,0.0009481240688067188
p_3179,t3_2yowak,t1_cpbktny,t1_cpbk5kw,0.034722222222222224,0.018867924528301886,0.015854297693920338
p_3181,t3_2yo9nm,t1_cpbgpkf,t1_cpbjpt4,0.05581395348837209,0.031413612565445025,0.024400340922927068
p_3182,t3_2yo9k1,t1_cpbhs8l,t1_cpberxa,0.04441453566621804,0.04830917874396135,-0.003894643077743315
p_3184,t3_2ymgjr,t1_cpax7jo,t1_cpax3xp,0.03296703296703297,0.03968253968253968,-0.0067155067155067125
p_3186,t3_2ylpc2,t1_cparq20,t1_cpbnfyg,0.04149377593360996,0.045454545454545456,-0.003960769520935499
p_3187,t3_2ylpc2,t1_cpb3atq,t1_cpb6ctl,0.0411522633744856,0.0410958904109589,5.637296352669491e-05
p_3188,t3_2ylpc2,t1_cpbibr5,t1_cpas8xx,0.046153846153846156,0.014184397163120567,0.03196944899072559
p_3190,t3_2yjfmh,t1_cpa36dq,t1_cpa3an8,0.049773755656108594,0.07142857142857142,-0.02165481577246283
p_3191,t3_2yiq39,t1_cpa9xce,t1_cpa631o,0.028037383177570093,0.0625,-0.0344626168224299
p_3192,t3_2yf7qq,t1_cp99lvc,t1_cp93f2r,0.04119850187265917,0.027649769585253458,0.013548732287405715
p_3193,t3_2yd5o8,t1_cp8vpwz,t1_cp958ck,0.04038630377524144,0.07772020725388601,-0.03733390347864457
p_3195,t3_2ybbix,t1_cp82nwy,t1_cp82f52,0.05069124423963134,0.038461538461538464,0.012229705778092875
p_3197,t3_2y7emy,t1_cp7dtp8,t1_cp6zfsl,0.02976190476190476,0.023809523809523808,0.005952380952380952
p_3198,t3_2y3ey0,t1_cp602x0,t1_cp5xnrf,0.05172413793103448,0.010869565217391304,0.04085457271364318
p_3200,t3_2y2x3h,t1_cp7ahf4,t1_cp5u0ky,0.055,0.024630541871921183,0.030369458128078817
p_3202,t3_2y1qef,t1_cp5gz36,t1_cp5f7p9,0.055900621118012424,0.052805280528052806,0.003095340589959618
p_3203,t3_2y1qef,t1_cp5grqp,t1_cp5h19u,0.07731958762886598,0.055248618784530384,0.022070968844335598
p_3206,t3_2xucsd,t1_cp3kg1w,t1_cp40o0d,0.017964071856287425,0.047619047619047616,-0.029654975762760192
p_3209,t3_2xrgw2,t1_cp37nug,t1_cp2vkvv,0.054945054945054944,0.02857142857142857,0.026373626373626374
p_3210,t3_2xrgw2,t1_cp37f33,t1_cp2xn1u,0.03260869565217391,0.03459119496855346,-0.0019824993163795462
p_3213,t3_2xmiyf,t1_cp1j8w5,t1_cp1iumq,0.05238095238095238,0.02097902097902098,0.0314019314019314
p_3214,t3_2xmiyf,t1_cp1jnin,t1_cp1g0ku,0.0,0.017857142857142856,-0.017857142857142856
p_3215,t3_2xlisq,t1_cp1abkg,t1_cp1754z,0.05333333333333334,0.017777777777777778,0.03555555555555556
p_3216,t3_2xl4rw,t1_cp15lwr,t1_cp11sf7,0.04644808743169399,0.05737704918032787,-0.010928961748633878
p_3218,t3_2xi4wd,t1_cp0ef5z,t1_cp0slmn,0.047619047619047616,0.013888888888888888,0.03373015873015873
p_3219,t3_2xi4wd,t1_cp0fl3c,t1_cp0bc52,0.041237113402061855,0.03153153153153153,0.009705581870530326
p_3220,t3_2xi4wd,t1_cp0t5wj,t1_cp0kyaf,0.010638297872340425,0.026156941649899398,-0.015518643777558972
p_3222,t3_2xhx6v,t1_cp0bt5j,t1_cp08ljs,0.038461538461538464,0.02857142857142857,0.009890109890109893
p_3224,t3_2xdq2l,t1_coz8sbl,t1_coz76r3,0.04054054054054054,0.06504065040650407,-0.02450010986596353
p_3230,t3_2x8z4g,t1_coxy4hg,t1_coxyxff,0.0,0.008368200836820083,-0.008368200836820083
p_3231,t3_2x8z4g,t1_coy04h5,t1_coy2j1k,0.016666666666666666,0.014084507042253521,0.002582159624413145
p_3232,t3_2x8d5x,t1_coxvk7s,t1_coxt9pp,0.029556650246305417,0.0234375,0.006119150246305417
p_3233,t3_2x854p,t1_coxwtm2,t1_coy1knj,0.05224787363304982,0.04714640198511166,0.005101471647938158
p_3234,t3_2x854p,t1_coxtndh,t1_coy1knj,0.03160270880361174,0.04714640198511166,-0.015543693181499924
p_3235,t3_2x5tun,t1_coxelmy,t1_coxhqfc,0.056179775280898875,0.07010309278350516,-0.01392331750260628
p_3241,t3_2x3mqe,t1_cown511,t1_cox3bqe,0.038922155688622756,0.041237113402061855,-0.002314957713439099
p_3244,t3_2wzag2,t1_covh1ws,t1_covh7lg,0.03664921465968586,0.011494252873563218,0.025154961786122643
p_3245,t3_2wwm6s,t1_cousnad,t1_couzrzu,0.053824362606232294,0.048414023372287146,0.005410339233945148
p_3246,t3_2wwm6s,t1_cov25ri,t1_couwhek,0.030660377358490566,0.07222222222222222,-0.04156184486373165
p_3247,t3_2wwm6s,t1_covr47l,t1_covi6v6,0.043897216274089934,0.03444676409185804,0.009450452182231894
p_3248,t3_2ww2gf,t1_coumecu,t1_coupssh,0.030456852791878174,0.022988505747126436,0.007468347044751737
p_3249,t3_2ww2gf,t1_coumzr3,t1_coun5bz,0.03614457831325301,0.0,0.03614457831325301
p_3250,t3_2ww2gf,t1_coupfz0,t1_counjd7,0.04504504504504504,0.009174311926605505,0.03587073311843954
p_3252,t3_2wtckq,t1_cotyhdv,t1_cotxl7k,0.06521739130434782,0.022727272727272728,0.042490118577075096
p_3253,t3_2wtckq,t1_coty9wt,t1_cotxl7k,0.07947019867549669,0.022727272727272728,0.056742925948223964
p_3251,t3_2wtckq,t1_coty7wj,t1_cotxl7k,0.09523809523809523,0.022727272727272728,0.0725108225108225
p_3256,t3_2wspy2,t1_cots6nh,t1_cotul63,0.030726256983240222,0.045454545454545456,-0.014728288471305234
p_3257,t3_2wspy2,t1_cotrm84,t1_cou6ocd,0.057803468208092484,0.037037037037037035,0.02076643117105545
p_3258,t3_2wspy2,t1_cotslxs,t1_cotul63,0.03389830508474576,0.045454545454545456,-0.011556240369799693
p_3259,t3_2wspy2,t1_cou8if8,t1_cottxbc,0.05319148936170213,0.08176100628930817,-0.028569516927606044
p_3262,t3_2wl741,t1_cos0ngi,t1_corvz2b,0.041916167664670656,0.045454545454545456,-0.0035383777898748
p_3263,t3_2wj2qe,t1_corgf7j,t1_corcu44,0.022857142857142857,0.04093567251461988,-0.018078529657477024
p_3265,t3_2wgq7w,t1_coqolb4,t1_coqta6c,0.037037037037037035,0.04048582995951417,-0.0034487929224771355
p_3266,t3_2wfe25,t1_coqawpy,t1_coqc7s9,0.047619047619047616,0.026785714285714284,0.020833333333333332
p_3267,t3_2wf11t,t1_coq7vrq,t1_coq82am,0.03,0.037037037037037035,-0.007037037037037036
p_3268,t3_2wf11t,t1_corlylz,t1_coq82am,0.018018018018018018,0.037037037037037035,-0.019019019019019017
p_3270,t3_2wcx6l,t1_copog5z,t1_copo9fg,0.027522935779816515,0.056910569105691054,-0.02938763332587454
p_3271,t3_2wcx6l,t1_copowc4,t1_copoa4v,0.029498525073746312,0.03896103896103896,-0.009462513887292648
p_3272,t3_2wcx6l,t1_copq0ro,t1_copo9fg,0.028708133971291867,0.056910569105691054,-0.028202435134399188
p_3273,t3_2wc5yt,t1_copid03,t1_copia1s,0.04857142857142857,0.0196078431372549,0.02896358543417367
p_3274,t3_2wb845,t1_copm7s7,t1_copoz9h,0.025,0.05263157894736842,-0.027631578947368417
p_3275,t3_2w73vi,t1_coo9czm,t1_coo5eto,0.05179282868525897,0.0,0.05179282868525897
p_3276,t3_2w5ycw,t1_conwntb,t1_coo1wjv,0.03690036900369004,0.05555555555555555,-0.018655186551865516
p_3279,t3_2w51ti,t1_conqpc0,t1_conu1n5,0.025236593059936908,0.0502092050209205,-0.024972611960983594
p_3282,t3_2w4u2j,t1_conpvd6,t1_coo2owl,0.0603448275862069,0.027522935779816515,0.032821891806390384
p_3283,t3_2w4etw,t1_conlvbr,t1_conk598,0.02247191011235955,0.04435483870967742,-0.02188292859731787
p_3284,t3_2w4e2u,t1_conpgz6,t1_conybza,0.02540106951871658,0.07255520504731862,-0.04715413552860204
p_3285,t3_2w0xan,t1_comot8c,t1_comm43e,0.019230769230769232,0.046153846153846156,-0.026923076923076925
p_3287,t3_2vzx7m,t1_comdev9,t1_comd7eb,0.043478260869565216,0.04608294930875576,-0.002604688439190546
p_3288,t3_2vxtol,t1_colviyq,t1_com0vy0,0.07719298245614035,0.0316622691292876,0.045530713326852754
p_3289,t3_2vxd18,t1_com8usv,t1_colq917,0.042042042042042045,0.01694915254237288,0.025092889499669164
p_3290,t3_2vxd18,t1_colwsdb,t1_colrkuv,0.06451612903225806,0.020833333333333332,0.043682795698924734
p_3291,t3_2vwn9m,t1_colkgfu,t1_coljf0b,0.023255813953488372,0.018018018018018018,0.005237795935470354
p_3295,t3_2vtswv,t1_cokxnxq,t1_cokvvwj,0.06329113924050633,0.07692307692307693,-0.013631937682570594
p_3299,t3_2vnyz6,t1_cojodl0,t1_cojlnsv,0.07692307692307693,0.05333333333333334,0.02358974358974359
p_3300,t3_2vmfvq,t1_coj80q1,t1_coj81nh,0.16,0.05042016806722689,0.10957983193277311
p_3301,t3_2vks7u,t1_coilce0,t1_coijwtu,0.021917808219178082,0.06870229007633588,-0.0467844818571578
p_3303,t3_2vks7u,t1_coitx3o,t1_coin5gm,0.03197674418604651,0.01904761904761905,0.012929125138427464
p_3304,t3_2vks7u,t1_cojb022,t1_coiskjc,0.012987012987012988,0.05555555555555555,-0.04256854256854256
p_3305,t3_2vhhar,t1_cohoh2a,t1_cohtbiq,0.07920792079207921,0.03017241379310345,0.049035506998975756
p_3307,t3_2vhgab,t1_cohtk17,t1_cohodzj,0.08379888268156424,0.04081632653061224,0.042982556150952
p_3308,t3_2vgfjl,t1_cohjcql,t1_cohe4zu,0.013157894736842105,0.034782608695652174,-0.02162471395881007
p_3309,t3_2vfdjb,t1_coh87xk,t1_coihv1q,0.05945945945945946,0.0,0.05945945945945946
p_3310,t3_2vcz0j,t1_cogkf1c,t1_cogkxsx,0.030837004405286344,0.033003300330033,-0.0021662959247466564
p_3311,t3_2vc9nj,t1_cogd61z,t1_cogex21,0.06474820143884892,0.0330188679245283,0.03172933351432062
p_3312,t3_2vb7n1,t1_cog7zan,t1_cojqi77,0.04591836734693878,0.04553415061295972,0.0003842167339790578
p_3313,t3_2vayhb,t1_cog0004,t1_cog18c4,0.09053497942386832,0.06866952789699571,0.02186545152687261
p_3317,t3_2v54ba,t1_coeixh4,t1_coemcyd,0.05641025641025641,0.052109181141439205,0.004301075268817206
p_3320,t3_2v54ba,t1_coeiwgf,t1_coeno30,0.0,0.078125,-0.078125
p_3321,t3_2v4vs4,t1_coeisbz,t1_coenx4c,0.06993006993006994,0.0916030534351145,-0.02167298350504457
p_3322,t3_2v3dbt,t1_coeuya9,t1_coe54na,0.0639386189258312,0.05592105263157895,0.008017566294252258
p_3323,t3_2v3b2v,t1_coe2hj4,t1_coe3kad,0.010869565217391304,0.015748031496062992,-0.004878466278671688
p_3324,t3_2v3b2v,t1_coe3dx6,t1_coe41ib,0.05928853754940711,0.0759493670886076,-0.016660829539200485
p_3326,t3_2uzgtq,t1_coda73s,t1_codi9w9,0.0223463687150838,0.06097560975609756,-0.03862924104101376
p_3327,t3_2uyf2j,t1_cocy4sv,t1_cocts31,0.038461538461538464,0.0196078431372549,0.018853695324283562
p_3328,t3_2uyc2l,t1_codgr1k,t1_cod6jiu,0.037868162692847124,0.023094688221709007,0.014773474471138116
p_3330,t3_2uudze,t1_cobt14z,t1_cobzyv2,0.038910505836575876,0.025396825396825397,0.01351368043975048
p_3331,t3_2utwnf,t1_cobnk6q,t1_cobujy3,0.08256880733944955,0.031496062992125984,0.05107274434732356
p_3335,t3_2uocbs,t1_coa6e3k,t1_coa6g1k,0.07236842105263158,0.08040201005025126,-0.008033588997619676
p_3339,t3_2unn7n,t1_coa4d4b,t1_co9zgj7,0.01910828025477707,0.0410958904109589,-0.021987610156181833
p_3341,t3_2unkg9,t1_co9z0gg,t1_coa3lkt,0.050505050505050504,0.06,-0.009494949494949494
p_3342,t3_2unkg9,t1_coadcvv,t1_coaqczi,0.04040404040404041,0.037037037037037035,0.0033670033670033725
p_3343,t3_2unhtm,t1_coaivyc,t1_coajh6t,0.06111111111111111,0.021238938053097345,0.039872173058013764
p_3344,t3_2umw9b,t1_co9t3iu,t1_co9sw89,0.0,0.032490974729241874,-0.032490974729241874
p_3345,t3_2umw9b,t1_coa4zj9,t1_co9sudq,0.038461538461538464,0.012269938650306749,0.026191599811231717
p_3346,t3_2ul1df,t1_co9kcnl,t1_co9c0rj,0.008928571428571428,0.01,-0.0010714285714285721
p_3347,t3_2uk6fx,t1_co94y3l,t1_co9o182,0.025830258302583026,0.061855670103092786,-0.03602541180050976
p_3348,t3_2uk6fx,t1_co9423q,t1_co98hm4,0.013245033112582781,0.02127659574468085,-0.008031562632098069
p_3349,t3_2ujo2u,t1_co9an3h,t1_co98y0r,0.036585365853658534,0.07142857142857142,-0.03484320557491289
p_3352,t3_2uj4yv,t1_co9ncgk,t1_co8y43y,0.031292517006802724,0.041401273885350316,-0.010108756878547592
p_3353,t3_2uiin1,t1_co8sei3,t1_co8ond6,0.04040404040404041,0.011904761904761904,0.028499278499278503
p_3354,t3_2uid44,t1_co8o0es,t1_co8s8kd,0.010471204188481676,0.041666666666666664,-0.03119546247818499
p_3358,t3_2ug2wi,t1_co82vuw,t1_co834w1,0.03389830508474576,0.0,0.03389830508474576
p_3360,t3_2ucr50,t1_co7790p,t1_co77bgv,0.028169014084507043,0.016666666666666666,0.011502347417840376
p_3362,t3_2ubt5m,t1_co75rce,t1_co70e85,0.06593406593406594,0.046296296296296294,0.019637769637769642
p_3363,t3_2ubl1z,t1_co6xfgb,t1_co70me4,0.07017543859649122,0.05416666666666667,0.016008771929824556
p_3364,t3_2ubbe0,t1_co73l5g,t1_co6tosu,0.0440251572327044,0.125,-0.08097484276729561
p_3367,t3_2u8qcj,t1_co67jc2,t1_co670vd,0.012195121951219513,0.004098360655737705,0.008096761295481807
p_3368,t3_2u8hi5,t1_co65nrh,t1_co69ood,0.047619047619047616,0.05164992826398852,-0.004030880644940907
p_3369,t3_2u7z7v,t1_co5yytr,t1_co63mr3,0.06086956521739131,0.08095238095238096,-0.02008281573498965
p_3371,t3_2u7i4q,t1_co62evd,t1_co5xcqu,0.052083333333333336,0.05387205387205387,-0.001788720538720534
p_3374,t3_2u460b,t1_co4yacj,t1_co5wbvc,0.029239766081871343,0.007751937984496124,0.02148782809737522
p_3376,t3_2u2fpm,t1_co4ivor,t1_co4n7du,0.03825136612021858,0.05389221556886228,-0.015640849448643697
p_3377,t3_2u2fpm,t1_co4qgkz,t1_co4iks0,0.07936507936507936,0.0,0.07936507936507936
p_3378,t3_2u1s4k,t1_co4efyx,t1_co5t3kb,0.056179775280898875,0.06086956521739131,-0.004689789936492432
p_3379,t3_2tz5od,t1_co3mhs2,t1_co3mqwu,0.047058823529411764,0.05263157894736842,-0.005572755417956654
p_3381,t3_2txwe7,t1_co3hzuu,t1_co3b93t,0.0821917808219178,0.045454545454545456,0.03673723536737235
p_3384,t3_2tquws,t1_co1i3vy,t1_co1iyez,0.032520325203252036,0.0064516129032258064,0.02606871230002623
p_3385,t3_2tpl0x,t1_co1i4k5,t1_co16br0,0.03153153153153153,0.02476780185758514,0.006763729673946388
p_3387,t3_2tn8qu,t1_co0jf5s,t1_co11da9,0.05285118219749652,0.03802281368821293,0.014828368509283596
p_3389,t3_2tlyzs,t1_co0mpip,t1_co0gu67,0.03508771929824561,0.039603960396039604,-0.004516241097793992
p_3388,t3_2tlyzs,t1_co15kpv,t1_co0httm,0.03051643192488263,0.036231884057971016,-0.005715452133088387
p_3390,t3_2tj4pv,t1_cnzy3ou,t1_cnzjggb,0.09333333333333334,0.06,0.03333333333333334
p_3391,t3_2tiipu,t1_cnzc4fs,t1_cnzca9l,0.04513888888888889,0.07450980392156863,-0.02937091503267974
p_3392,t3_2tf0y4,t1_cnz5c7v,t1_cnz2826,0.05384615384615385,0.045454545454545456,0.008391608391608393
p_3393,t3_2teulf,t1_cnyf7vq,t1_cnyyfu0,0.03206997084548105,0.09230769230769231,-0.06023772146221126
p_3394,t3_2tet25,t1_cnye2j4,t1_cnydh7a,0.06567164179104477,0.08045977011494253,-0.014788128323897753
p_3395,t3_2tet25,t1_cnyfwsr,t1_cnygkjb,0.0712401055408971,0.06540447504302926,0.005835630497867839
p_3397,t3_2tekkp,t1_cnyd3k9,t1_cnzrdgm,0.025906735751295335,0.046296296296296294,-0.02038956054500096
p_3398,t3_2td8d4,t1_cny8efd,t1_cny3yi2,0.05970149253731343,0.07643312101910828,-0.016731628481794845
p_3399,t3_2tct9j,t1_cny4adc,t1_cnxvd59,0.025,0.0755287009063444,-0.050528700906344405
p_3400,t3_2tct9j,t1_cny4b3k,t1_cnxvd59,0.07803468208092486,0.0755287009063444,0.0025059811745804517
p_3402,t3_2t6ote,t1_cnw8hwh,t1_cnwnwz0,0.04838709677419355,0.05060240963855422,-0.0022153128643606704
p_3403,t3_2t6ote,t1_cnwehlh,t1_cnw9vyp,0.06440677966101695,0.039568345323741004,0.024838434337275943
p_3404,t3_2t5d0k,t1_cnw2fgz,t1_cnw6d8q,0.034653465346534656,0.043795620437956206,-0.00914215509142155
p_3405,t3_2t5d0k,t1_cnw7mj4,t1_cnw9ce5,0.035211267605633804,0.0,0.035211267605633804
p_3406,t3_2t26nx,t1_cnv8j11,t1_cnvag08,0.021739130434782608,0.017699115044247787,0.004040015390534821
p_3407,t3_2sy7r5,t1_cnu0c1p,t1_cnubeuy,0.05962059620596206,0.03902439024390244,0.02059620596205962
p_3409,t3_2su8e2,t1_cnsz4kn,t1_cnsx5ru,0.004424778761061947,0.015503875968992248,-0.011079097207930301
p_3411,t3_2su8e2,t1_cnt1y8t,t1_cntdr6s,0.0045045045045045045,0.018633540372670808,-0.014129035868166304
p_3412,t3_2su8e2,t1_cnt845z,t1_cnt8tg7,0.025590551181102362,0.017857142857142856,0.007733408323959506
p_3413,t3_2su8e2,t1_cnsxgsn,t1_cntprhw,0.0091324200913242,0.011834319526627219,-0.0027018994353030183
p_3414,t3_2su8e2,t1_cnsxse0,t1_cnsz1rt,0.023178807947019868,0.02564102564102564,-0.002462217694005772
p_3415,t3_2su8e2,t1_cnunryh,t1_cnsyy4i,0.01483679525222552,0.03461538461538462,-0.0197785893631591
p_3416,t3_2su8e2,t1_cnt3umh,t1_cnsyin0,0.005952380952380952,0.061855670103092786,-0.055903289150711834
p_3417,t3_2su8e2,t1_cnte5ku,t1_cnt3fdn,0.015544041450777202,0.012658227848101266,0.002885813602675936
p_3419,t3_2su8e2,t1_cntbdmc,t1_cnsyin0,0.0196078431372549,0.061855670103092786,-0.042247826965837884
p_3421,t3_2su8e2,t1_cnt9axw,t1_cnt2iz3,0.015250544662309368,0.0125,0.0027505446623093677
p_3422,t3_2su8e2,t1_cnt85u7,t1_cntf8xd,0.04716981132075472,0.005952380952380952,0.04121743036837377
p_3423,t3_2su8e2,t1_cntdvgn,t1_cnsyin0,0.022988505747126436,0.061855670103092786,-0.03886716435596635
p_3424,t3_2su8e2,t1_cnt1ycn,t1_cnt2h0f,0.024054982817869417,0.007220216606498195,0.01683476621137122
p_3425,t3_2su8e2,t1_cnt4b86,t1_cnsyin0,0.020202020202020204,0.061855670103092786,-0.04165364990107258
p_3426,t3_2su6pz,t1_cnsuxnr,t1_cntesru,0.04819277108433735,0.04054054054054054,0.007652230543796809
p_3427,t3_2su6pz,t1_cnsv16y,t1_cnt8h1t,0.058365758754863814,0.0881057268722467,-0.029739968117382887
p_3428,t3_2stah2,t1_cnsnfp3,t1_cnso055,0.037037037037037035,0.03067484662576687,0.006362190411270164
p_3429,t3_2sqh6c,t1_cnsh391,t1_cns23nc,0.04778156996587031,0.03333333333333333,0.014448236632536977
p_3432,t3_2sjck6,t1_cnq11eh,t1_cnq7kou,0.0469208211143695,0.0398406374501992,0.007080183664170299
p_3433,t3_2siye9,t1_cnpvesh,t1_cnpw7ts,0.05161290322580645,0.0847457627118644,-0.03313285948605795
p_3435,t3_2sf2we,t1_cnp48f2,t1_cnp29jv,0.014084507042253521,0.010638297872340425,0.003446209169913096
p_3437,t3_2sbnxo,t1_cno05ek,t1_cnnz3ot,0.044715447154471545,0.028037383177570093,0.016678063976901452
p_3438,t3_2sagug,t1_cnnmwvw,t1_cno8oxd,0.05,0.05319148936170213,-0.0031914893617021253
p_3439,t3_2s8qu4,t1_cnn8scl,t1_cnn8yko,0.03968253968253968,0.03827751196172249,0.0014050277208171938
p_3441,t3_2s3ey4,t1_cnlta5w,t1_cnn50va,0.04065040650406504,0.03076923076923077,0.009881175734834269
p_3442,t3_2s38n0,t1_cnltsuz,t1_cnm8elm,0.05670103092783505,0.06422018348623854,-0.007519152558403484
p_3443,t3_2s311o,t1_cnlr4r5,t1_cnlpavt,0.020100502512562814,0.022988505747126436,-0.002888003234563622
p_3445,t3_2s0mca,t1_cnlmsyb,t1_cnl4rwb,0.047244094488188976,0.08430232558139535,-0.03705823109320637
p_3446,t3_2s04yv,t1_cnl68x9,t1_cnldfng,0.03343465045592705,0.013888888888888888,0.01954576156703816
p_3447,t3_2ryflh,t1_cnknvgl,t1_cnknbq4,0.009615384615384616,0.012121212121212121,-0.0025058275058275053
p_3449,t3_2rtxcw,t1_cnjo1jr,t1_cnj9t8c,0.03389830508474576,0.05,-0.01610169491525424
p_3450,t3_2rtxcw,t1_cnjlno1,t1_cnj9t8c,0.06338028169014084,0.05,0.013380281690140841
p_3451,t3_2rspje,t1_cnizgmn,t1_cnj8tea,0.05454545454545454,0.01775147928994083,0.036793975255513714
p_3452,t3_2rsgv3,t1_cniw4jr,t1_cniu655,0.047058823529411764,0.044444444444444446,0.002614379084967318
p_3454,t3_2rs57a,t1_cnjiwww,t1_cnjrwds,0.05172413793103448,0.04524886877828054,0.00647526915275394
p_3455,t3_2rqvf8,t1_cnii75i,t1_cnijhp3,0.05084745762711865,0.047619047619047616,0.003228410008071031
p_3457,t3_3j8yfq,t1_cundk5r,t1_cunbl8g,0.05434782608695652,0.03678929765886288,0.01755852842809364
p_3458,t3_3j8yfq,t1_cunbkbz,t1_cuncrke,0.03816793893129771,0.05042016806722689,-0.012252229135929181
p_3461,t3_3j5b7g,t1_cumhf65,t1_cumi9vr,0.03754266211604096,0.04035874439461883,-0.0028160822785778736
p_3462,t3_3j4xz5,t1_cumcunp,t1_cun4urq,0.0,0.04040404040404041,-0.04040404040404041
p_3463,t3_3j4xz5,t1_cumbp9z,t1_cun012v,0.04597701149425287,0.03361344537815126,0.012363566116101614
p_3465,t3_3j348p,t1_culv71v,t1_cum06j5,0.0392156862745098,0.02564102564102564,0.013574660633484163
p_3466,t3_3j2zal,t1_cult31h,t1_culspcu,0.03804347826086957,0.025157232704402517,0.01288624555646705
p_3469,t3_3izsdq,t1_culv1a1,t1_cul3ok3,0.01834862385321101,0.03278688524590164,-0.01443826139269063
p_3472,t3_3iz617,t1_cul2p8q,t1_culbyou,0.030973451327433628,0.024930747922437674,0.006042703404995953
p_3473,t3_3iynfo,t1_culekhe,t1_cul3cub,0.04551539491298527,0.02976190476190476,0.01575349015108051
p_3474,t3_3iymmk,t1_cukv841,t1_cukv8bl,0.045871559633027525,0.03189792663476874,0.013973632998258788
p_3475,t3_3iymd6,t1_cukus68,t1_cuktt0z,0.041401273885350316,0.025,0.016401273885350315
p_3476,t3_3iymd6,t1_cukvhtm,t1_cuktt0z,0.028225806451612902,0.025,0.003225806451612901
p_3479,t3_3ixtu4,t1_cukm93p,t1_cuklqh9,0.04395604395604396,0.0213903743315508,0.02256566962449316
p_3480,t3_3ixtu4,t1_cukmf21,t1_cukm0pr,0.020338983050847456,0.04285714285714286,-0.0225181598062954
p_3483,t3_3isviu,t1_cujohec,t1_cujcyeh,0.07339449541284404,0.0967741935483871,-0.023379698135543053
p_3484,t3_3isviu,t1_cujddsn,t1_cujfb9o,0.04194260485651214,0.04697986577181208,-0.005037260915299942
p_3485,t3_3irqrk,t1_cuk3web,t1_cuje0x7,0.06976744186046512,0.043689320388349516,0.0260781214721156
p_3486,t3_3irqrk,t1_cujfvvz,t1_cujmo9h,0.06132075471698113,0.03827751196172249,0.023043242755258646
p_3487,t3_3irh3k,t1_cuj0bdo,t1_cuizlek,0.016556291390728478,0.05309734513274336,-0.036541053742014884
p_3488,t3_3iqu4d,t1_cuj1ozx,t1_cuiwucd,0.0408997955010225,0.017391304347826087,0.02350849115319641
p_3489,t3_3iqty5,t1_cuj86a7,t1_cuj36j4,0.03404255319148936,0.019801980198019802,0.01424057299346956
p_3490,t3_3iq6j0,t1_cuiy6h8,t1_cuj2qp1,0.010362694300518135,0.027932960893854747,-0.01757026659333661
p_3491,t3_3inybw,t1_cui3v06,t1_cuicq4r,0.02127659574468085,0.03896103896103896,-0.01768444321635811
p_3492,t3_3injsb,t1_cui5ld0,t1_cui565b,0.008438818565400843,0.058823529411764705,-0.05038471084636386
p_3495,t3_3ijsss,t1_cuh6kys,t1_cuhg7b8,0.05952380952380952,0.02962962962962963,0.02989417989417989
p_3496,t3_3ijsss,t1_cuh4arm,t1_cuhg7b8,0.023728813559322035,0.02962962962962963,-0.005900816070307596
p_3500,t3_3iammm,t1_cues26b,t1_cueuwm5,0.06962025316455696,0.06093189964157706,0.008688353522979898
p_3501,t3_3iammm,t1_cuete5w,t1_cuerzgs,0.0457516339869281,0.022727272727272728,0.023024361259655374
p_3502,t3_3iammm,t1_cuew3c0,t1_cueu3av,0.06,0.046296296296296294,0.013703703703703704
p_3503,t3_3i9n2q,t1_cueircr,t1_cuenxor,0.031413612565445025,0.04149377593360996,-0.010080163368164932
p_3504,t3_3i9n2q,t1_cufiuhn,t1_cueyyfo,0.02,0.04221635883905013,-0.02221635883905013
p_3505,t3_3i8nmh,t1_cue9cr1,t1_cuea24l,0.05555555555555555,0.010380622837370242,0.04517493271818531
p_3507,t3_3i8834,t1_cue4ikv,t1_cue5fsj,0.044444444444444446,0.05583756345177665,-0.011393119007332204
p_3508,t3_3i8834,t1_cue7on2,t1_cue83jy,0.03292181069958848,0.04482758620689655,-0.011905775507308071
p_3513,t3_3i7k0u,t1_cue07hc,t1_cudypb4,0.02702702702702703,0.06293706293706294,-0.035910035910035915
p_3511,t3_3i7k0u,t1_cue31x0,t1_cue1sot,0.03857566765578635,0.007633587786259542,0.03094207986952681
p_3512,t3_3i7k0u,t1_cue0k0p,t1_cue5g6f,0.0625,0.03194888178913738,0.03055111821086262
p_3514,t3_3i7k0u,t1_cuee0d9,t1_cudzumt,0.02962962962962963,0.03409090909090909,-0.004461279461279458
p_3516,t3_3i74qy,t1_cudw08r,t1_cudux0k,0.06153846153846154,0.05357142857142857,0.007967032967032973
p_3517,t3_3i5x6k,t1_cudnqtj,t1_cue4n29,0.022950819672131147,0.07407407407407407,-0.05112325440194292
p_3519,t3_3i5a78,t1_cudjp1z,t1_cudst66,0.05048543689320388,0.03296703296703297,0.017518403926170913
p_3521,t3_3i3wn7,t1_cud76ln,t1_cud3r2z,0.052941176470588235,0.03968253968253968,0.013258636788048554
p_3523,t3_3i3vx9,t1_cud2a4g,t1_cud2qth,0.057692307692307696,0.03832752613240418,0.019364781559903517
p_3522,t3_3i3vx9,t1_cud5nsy,t1_cud2qth,0.03864734299516908,0.03832752613240418,0.00031981686276490173
p_3524,t3_3i2plj,t1_cucv4aa,t1_cucxjt7,0.0228310502283105,0.03937007874015748,-0.01653902851184698
p_3525,t3_3i2plj,t1_cucthi0,t1_cuctx89,0.023529411764705882,0.03821656050955414,-0.014687148744848257
p_3526,t3_3i283w,t1_cud0fa0,t1_cucolyj,0.0425531914893617,0.022727272727272728,0.019825918762088973
p_3527,t3_3i0b0w,t1_cuchpgk,t1_cuc59ef,0.030303030303030304,0.02531645569620253,0.004986574606827773
p_3530,t3_3hsvl2,t1_cuad8r8,t1_cuaqsqb,0.02724177071509648,0.05384615384615385,-0.02660438313105737
p_3531,t3_3hrivr,t1_cua0vt2,t1_cu9xxve,0.05217391304347826,0.06,-0.00782608695652174
p_3534,t3_3hpq7g,t1_cu9josn,t1_cu9k41i,0.047619047619047616,0.08,-0.032380952380952385
p_3535,t3_3hpq7g,t1_cu9kipp,t1_cu9x1z9,0.06285714285714286,0.04329004329004329,0.019567099567099573
p_3536,t3_3hosv2,t1_cu9at72,t1_cu9cml6,0.032846715328467155,0.0228310502283105,0.010015665100156654
p_3537,t3_3hoq7p,t1_cu9k2tb,t1_cu9atrb,0.0465587044534413,0.04950495049504951,-0.0029462460416082095
p_3538,t3_3hmpv3,t1_cu8qdp9,t1_cu8pb7k,0.04721030042918455,0.06306306306306306,-0.015852762633878505
p_3539,t3_3hkh5j,t1_cu8ovlu,t1_cu8ovof,0.03954802259887006,0.022222222222222223,0.017325800376647837
p_3541,t3_3hh46c,t1_cu7c27f,t1_cu7c1z2,0.04918032786885246,0.018726591760299626,0.030453736108552832
p_3543,t3_3hgl6d,t1_cu7ehx8,t1_cu79azc,0.020942408376963352,0.037037037037037035,-0.016094628660073683
p_3542,t3_3hgl6d,t1_cu7d0px,t1_cu7azy6,0.006944444444444444,0.0594059405940594,-0.052461496149614956
p_3544,t3_3hg6gk,t1_cu72vgj,t1_cu7213o,0.03007518796992481,0.021739130434782608,0.008336057535142202
p_3546,t3_3hfjxc,t1_cu6z830,t1_cu71g18,0.02247191011235955,0.09937888198757763,-0.07690697187521808
p_3547,t3_3hfioz,t1_cuc0fou,t1_cu7ifcw,0.04888888888888889,0.04371584699453552,0.005173041894353372
p_3548,t3_3hel60,t1_cu6qm9g,t1_cu6prd9,0.056910569105691054,0.0297029702970297,0.027207598808661353
p_3552,t3_3hdp4a,t1_cu6jlng,t1_cu6jn61,0.06557377049180328,0.07792207792207792,-0.012348307430274638
p_3555,t3_3hcpmz,t1_cu6c4si,t1_cu6f8lz,0.04130052724077329,0.03484320557491289,0.006457321665860397
p_3556,t3_3hcfg2,t1_cu65tgy,t1_cu65kqn,0.05384615384615385,0.06896551724137931,-0.01511936339522546
p_3557,t3_3hcfg2,t1_cu65sqs,t1_cu65hi9,0.0425531914893617,0.024390243902439025,0.018162947586922676
p_3558,t3_3hcfg2,t1_cu68tq4,t1_cu65vdo,0.025,0.0603448275862069,-0.0353448275862069
p_3560,t3_3h8y7m,t1_cu5ao33,t1_cu5bjz7,0.047058823529411764,0.015544041450777202,0.03151478207863456
p_3563,t3_3h69kp,t1_cu5o71n,t1_cu4mp4v,0.008064516129032258,0.01639344262295082,-0.008328926493918563
p_3566,t3_3h1dud,t1_cu3e462,t1_cu3dhym,0.0,0.04081632653061224,-0.04081632653061224
p_3568,t3_3h13pq,t1_cu3c98a,t1_cu3bnnc,0.04048582995951417,0.009771986970684038,0.030713842988830134
p_3569,t3_3h0s9a,t1_cu3bh3m,t1_cu383tr,0.06040268456375839,0.028169014084507043,0.03223367047925135
p_3570,t3_3gz2bd,t1_cu2qwnu,t1_cu2zo0y,0.06666666666666667,0.0425531914893617,0.024113475177304965
p_3571,t3_3gys03,t1_cu2q2lr,t1_cu2pmm6,0.05058365758754864,0.04984423676012461,0.0007394208274240296
p_3572,t3_3gw6np,t1_cu252mj,t1_cu20nky,0.035398230088495575,0.0449438202247191,-0.009545590136223525
p_3576,t3_3gri3k,t1_cu0uiw1,t1_cu0sztg,0.029545454545454545,0.025210084033613446,0.004335370511841099
p_3577,t3_3gri3k,t1_cu0urd0,t1_cu0vpsk,0.04,0.026041666666666668,0.013958333333333333
p_3583,t3_3gp6g1,t1_cu0aq54,t1_cu08mnw,0.061068702290076333,0.10222222222222223,-0.041153519932145895
p_3582,t3_3gp6g1,t1_cu09x63,t1_cu08mnw,0.07624633431085044,0.10222222222222223,-0.025975887911371787
p_3585,t3_3gnc86,t1_ctzot2x,t1_ctzq8hf,0.07792207792207792,0.033707865168539325,0.044214212753538595
p_3586,t3_3gincm,t1_ctyigsj,t1_ctyhn4v,0.04,0.022556390977443608,0.017443609022556393
p_3587,t3_3gincm,t1_ctyhn4x,t1_ctyinar,0.03225806451612903,0.06329113924050633,-0.031033074724377302
p_3589,t3_3ghl3t,t1_cty7tlm,t1_cty6dyx,0.056818181818181816,0.03875968992248062,0.018058491895701197
p_3590,t3_3ghl3t,t1_cty9isx,t1_cty8sv7,0.025906735751295335,0.049019607843137254,-0.02311287209184192
p_3592,t3_3ggp32,t1_cty0r06,t1_cty0aec,0.07218683651804671,0.04602510460251046,0.026161731915536245
p_3593,t3_3ggp32,t1_cty35gw,t1_cty0aec,0.0895638629283489,0.04602510460251046,0.04353875832583844
p_3595,t3_3gec73,t1_ctxli3x,t1_ctxhga8,0.06306306306306306,0.048,0.015063063063063056
p_3596,t3_3ge5mc,t1_ctxb1ki,t1_ctxeqe8,0.036231884057971016,0.04819277108433735,-0.011960887026366336
p_3598,t3_3gdtg4,t1_ctylxuf,t1_ctxaqee,0.07128309572301425,0.040983606557377046,0.030299489165637204
p_3599,t3_3gdndp,t1_ctx5qis,t1_ctx98zl,0.011560693641618497,0.019230769230769232,-0.007670075589150735
p_3600,t3_3gdish,t1_ctx6te9,t1_ctx7vni,0.026143790849673203,0.03571428571428571,-0.009570494864612509
p_3601,t3_3gdibt,t1_ctx56mf,t1_ctx4od4,0.06299212598425197,0.046012269938650305,0.016979856045601663
p_3602,t3_3gcrbs,t1_ctx0d41,t1_ctx24yu,0.06796116504854369,0.05172413793103448,0.016237027117509205
p_3604,t3_3gbhud,t1_ctwlw6q,t1_ctwmyam,0.027777777777777776,0.013888888888888888,0.013888888888888888
p_3605,t3_3gbhud,t1_ctwlm4k,t1_ctwv3j1,0.028985507246376812,0.020202020202020204,0.008783487044356608
p_3606,t3_3gbhud,t1_ctwml50,t1_ctwlr8k,0.02681992337164751,0.034482758620689655,-0.007662835249042144
p_3607,t3_3gbhud,t1_ctwlqf1,t1_ctwlr8k,0.0625,0.034482758620689655,0.028017241379310345
p_3608,t3_3gb6h1,t1_ctwso7w,t1_ctwnm4g,0.055984555984555984,0.04133858267716536,0.014645973307390626
p_3609,t3_3gb461,t1_ctwjnpu,t1_ctwkc6d,0.032520325203252036,0.06329113924050633,-0.030770814037254297
p_3610,t3_3ga6xh,t1_ctwcf34,t1_ctw9u8c,0.03208556149732621,0.017857142857142856,0.01422841864018335
p_3612,t3_3ga0yc,t1_ctwa3zr,t1_ctw8bfs,0.06862745098039216,0.03910614525139665,0.029521305728995514
p_3613,t3_3ga0yc,t1_ctwc8h0,t1_ctw824i,0.053763440860215055,0.03571428571428571,0.018049155145929342
p_3614,t3_3ga0yc,t1_ctwe0ok,t1_ctw8bfs,0.03571428571428571,0.03910614525139665,-0.003391859537110936
p_3615,t3_3g9no7,t1_ctw54al,t1_ctw52em,0.07317073170731707,0.08450704225352113,-0.011336310546204056
p_3616,t3_3g93j6,t1_ctw0e9h,t1_ctw6elj,0.028132992327365727,0.03676470588235294,-0.008631713554987215
p_3617,t3_3g8r7o,t1_ctvx3y3,t1_ctwc690,0.05508474576271186,0.044585987261146494,0.01049875850156537
p_3622,t3_3g646u,t1_ctvb9vl,t1_ctvc59g,0.06315789473684211,0.03289473684210526,0.030263157894736846
p_3623,t3_3g53av,t1_ctuxpb3,t1_ctvf9tq,0.04205607476635514,0.011764705882352941,0.030291368884002197
p_3624,t3_3g51jj,t1_ctv0l5x,t1_ctvcg39,0.04778156996587031,0.03409090909090909,0.013690660874961222
p_3625,t3_3g51jj,t1_ctv269f,t1_ctvcg39,0.06690140845070422,0.03409090909090909,0.03281049935979513
p_3626,t3_3g51jj,t1_ctv3mds,t1_ctv9uzx,0.045662100456621,0.041884816753926704,0.003777283702694298
p_3630,t3_3g1pcd,t1_ctu19ea,t1_ctu17ql,0.010752688172043012,0.006535947712418301,0.004216740459624711
p_3635,t3_3g1fhs,t1_cttyuge,t1_cttxvho,0.019230769230769232,0.018292682926829267,0.0009380863039399646
p_3633,t3_3g1fhs,t1_ctu95h3,t1_cttxvho,0.06363636363636363,0.018292682926829267,0.04534368070953436
p_3636,t3_3g1fhs,t1_cttzgzr,t1_cttxvho,0.055944055944055944,0.018292682926829267,0.03765137301722668
p_3632,t3_3g1fhs,t1_cttxzvr,t1_cttxvho,0.06097560975609756,0.018292682926829267,0.04268292682926829
p_3631,t3_3g1fhs,t1_ctty06w,t1_cttxzi1,0.047619047619047616,0.031746031746031744,0.015873015873015872
p_3637,t3_3g1bgv,t1_cttw7r4,t1_ctu593g,0.06,0.01524390243902439,0.04475609756097561
p_3640,t3_3g02ia,t1_cttuj7v,t1_cttrhlu,0.05194805194805195,0.022222222222222223,0.02972582972582973
p_3642,t3_3fz5pa,t1_cttcblp,t1_cttc9b6,0.03986710963455149,0.016722408026755852,0.02314470160779564
p_3644,t3_3fvhvp,t1_ctsbzuq,t1_ctsdw9m,0.04,0.03741496598639456,0.002585034013605443
p_3645,t3_3fvhjh,t1_ctscnii,t1_ctsbg6s,0.038461538461538464,0.031746031746031744,0.006715506715506719
p_3646,t3_3fvhjh,t1_ctse486,t1_ctsbtva,0.05917159763313609,0.023255813953488372,0.03591578367964772
p_3647,t3_3fvhjh,t1_ctsbifp,t1_ctsvne2,0.03056768558951965,0.04405286343612335,-0.013485177846603701
p_3648,t3_3fvhjh,t1_ctsc6ss,t1_ctsbtva,0.024734982332155476,0.023255813953488372,0.001479168378667104
p_3649,t3_3fveyg,t1_ctsa8js,t1_cts9pfj,0.07661290322580645,0.07468879668049792,0.0019241065453085293
p_3650,t3_3fu1s8,t1_cts3fhv,t1_cts5hav,0.03496503496503497,0.04603580562659847,-0.011070770661563499
p_3651,t3_3fsgbp,t1_ctrisu9,t1_ctshlnm,0.04419889502762431,0.031141868512110725,0.013057026515513583
p_3652,t3_3fs1zm,t1_ctrhh5j,t1_ctrefi0,0.11627906976744186,0.02127659574468085,0.095002474022761
p_3653,t3_3frc1d,t1_ctr9vhi,t1_ctr7h2r,0.04225352112676056,0.031914893617021274,0.010338627509739289
p_3655,t3_3fql48,t1_ctr20mq,t1_ctr0pwr,0.05904059040590406,0.0427807486631016,0.016259841742802456
p_3656,t3_3fqb1z,t1_ctqze4g,t1_ctr0cf6,0.02727272727272727,0.05223880597014925,-0.02496607869742198
p_3658,t3_3fqb1z,t1_ctr0vi4,t1_ctr0cf6,0.037267080745341616,0.05223880597014925,-0.014971725224807636
p_3657,t3_3fqb1z,t1_ctr0caa,t1_ctr0cf6,0.047619047619047616,0.05223880597014925,-0.0046197583511016355
p_3659,t3_3fpfyb,t1_ctqrhgh,t1_ctqsan9,0.03816793893129771,0.06299212598425197,-0.024824187052954257
p_3660,t3_3fp3n9,t1_ctqolc7,t1_ctqnhek,0.05128205128205128,0.03428571428571429,0.016996336996336993
p_3661,t3_3fp2bi,t1_ctqnbaz,t1_ctqt3i2,0.09523809523809523,0.013605442176870748,0.08163265306122448
p_3663,t3_3fnwpa,t1_ctqdqno,t1_ctqbvw6,0.027777777777777776,0.03125,-0.0034722222222222238
p_3664,t3_3fnv5p,t1_ctqbrad,t1_ctqwxiu,0.0440251572327044,0.021739130434782608,0.02228602679792179
p_3665,t3_3fnv5p,t1_ctqn9r7,t1_ctr22l4,0.04056795131845842,0.041237113402061855,-0.0006691620836034376
p_3667,t3_3fnpby,t1_ctqb537,t1_ctqb5ui,0.08529411764705883,0.05639097744360902,0.028903140203449806
p_3666,t3_3fnpby,t1_ctqa65w,t1_ctqb5ui,0.053691275167785234,0.05639097744360902,-0.0026997022758237857
p_3669,t3_3fnkrz,t1_ctq8t3q,t1_ctq9oiz,0.049773755656108594,0.07281553398058252,-0.023041778324473926
p_3671,t3_3fnkrz,t1_ctqas8t,t1_ctq9ar9,0.04252400548696845,0.04986149584487535,-0.007337490357906901
p_3670,t3_3fnkrz,t1_ctq9o0e,t1_ctq9oiz,0.013513513513513514,0.07281553398058252,-0.059302020467069005
p_3672,t3_3fnkrz,t1_ctq9j16,t1_ctqa3ka,0.056,0.07692307692307693,-0.020923076923076926
p_3675,t3_3fme5v,t1_ctpwnu7,t1_ctpy2fx,0.03076923076923077,0.04580152671755725,-0.015032295948326481
p_3676,t3_3fh6ko,t1_ctoktht,t1_ctoqkfl,0.07792207792207792,0.03125,0.04667207792207792
p_3677,t3_3fg061,t1_cto8r5z,t1_cto8tdw,0.013157894736842105,0.010752688172043012,0.002405206564799093
p_3679,t3_3fg061,t1_cto97vg,t1_cto8tdw,0.022598870056497175,0.010752688172043012,0.011846181884454163
p_3680,t3_3ffta7,t1_cto7io9,t1_ctoe9av,0.08791208791208792,0.09803921568627451,-0.01012712777418659
p_3681,t3_3ff3g6,t1_cto0i1n,t1_cto1zos,0.06691449814126393,0.05016722408026756,0.016747274060996374
p_3682,t3_3feqzt,t1_ctq3vzp,t1_ctnylzg,0.06,0.03333333333333333,0.026666666666666665
p_3683,t3_3fcrvd,t1_ctnhp4o,t1_cto31ft,0.01818181818181818,0.044444444444444446,-0.026262626262626265
p_3684,t3_3fcrvd,t1_ctns9wz,t1_ctnfqp7,0.013157894736842105,0.0392156862745098,-0.0260577915376677
p_3686,t3_3fcf5e,t1_ctndfg4,t1_ctnry92,0.017857142857142856,0.0641025641025641,-0.04624542124542124
p_3688,t3_3fc3o6,t1_ctnx69r,t1_ctngp5n,0.025284450063211124,0.041666666666666664,-0.01638221660345554
p_3687,t3_3fc3o6,t1_ctnaow2,t1_ctn9aav,0.046875,0.016260162601626018,0.030614837398373982
p_3692,t3_3fau90,t1_ctmxjyf,t1_ctmw18p,0.020100502512562814,0.02857142857142857,-0.008470926058865756
p_3693,t3_3fa3pf,t1_ctmq4rm,t1_ctmvo0g,0.029940119760479042,0.010309278350515464,0.01963084140996358
p_3694,t3_3fa3pf,t1_ctmq6wk,t1_ctmpzx1,0.030612244897959183,0.017964071856287425,0.012648173041671758
p_3695,t3_3f8yj7,t1_ctmfz6p,t1_ctmip5y,0.05102040816326531,0.03896103896103896,0.012059369202226347
p_3696,t3_3f8yj7,t1_ctmi79z,t1_ctmip5y,0.06263982102908278,0.03896103896103896,0.023678782068043816
p_3697,t3_3f8yj7,t1_ctmgbxn,t1_ctmip5y,0.024193548387096774,0.03896103896103896,-0.014767490573942187
p_3701,t3_3f6ga9,t1_ctlqooj,t1_ctlqdbh,0.06,0.05555555555555555,0.004444444444444445
p_3703,t3_3f65v8,t1_ctlqq52,t1_ctm1y1p,0.06818181818181818,0.06905370843989769,-0.0008718902580795163
p_3704,t3_3f38fh,t1_ctlm7ia,t1_ctkwb7j,0.04195804195804196,0.05027932960893855,-0.00832128765089659
p_3705,t3_3f2sbt,t1_ctm98ge,t1_ctkrr8t,0.11042944785276074,0.06948640483383686,0.040943043018923875
p_3708,t3_3f20yi,t1_ctkkr6u,t1_ctkjeol,0.034482758620689655,0.06153846153846154,-0.027055702917771887
p_3709,t3_3f20yi,t1_ctkoehq,t1_ctkokut,0.05250596658711217,0.05025125628140704,0.002254710305705135
p_3712,t3_3f18mt,t1_ctkcw2a,t1_ctkb9dn,0.087527352297593,0.08108108108108109,0.006446271216511909
p_3711,t3_3f18mt,t1_ctkc4tg,t1_ctkn5z3,0.05921052631578947,0.056818181818181816,0.002392344497607654
p_3714,t3_3f16ju,t1_ctkcxak,t1_ctkajc6,0.03664921465968586,0.050314465408805034,-0.013665250749119173
p_3716,t3_3f0uzz,t1_ctkbyhm,t1_ctkdayj,0.02903225806451613,0.04071661237785016,-0.01168435431333403
p_3717,t3_3exng6,t1_ctjf76q,t1_ctjdefn,0.037037037037037035,0.02,0.017037037037037035
p_3718,t3_3ex1vr,t1_ctj5yub,t1_ctj6pr7,0.07894736842105263,0.008620689655172414,0.07032667876588021
p_3719,t3_3ewva7,t1_ctj4jx8,t1_ctj8g6w,0.06467661691542288,0.05660377358490566,0.008072843330517221
p_3722,t3_3ewva7,t1_ctj8djb,t1_ctj8g6w,0.06987951807228916,0.05660377358490566,0.0132757444873835
p_3720,t3_3ewva7,t1_ctj5oik,t1_ctjcs9z,0.04207920792079208,0.017699115044247787,0.024380092876544295
p_3721,t3_3ewva7,t1_ctj7ibv,t1_ctjcs9z,0.07692307692307693,0.017699115044247787,0.05922396187882914
p_3723,t3_3ewjnh,t1_ctj1fb4,t1_ctj26kt,0.0916030534351145,0.06140350877192982,0.030199544663184683
p_3724,t3_3ewjnh,t1_ctj1ye4,t1_ctj1lht,0.04371584699453552,0.05084745762711865,-0.007131610632583128
p_3725,t3_3euagb,t1_ctigcut,t1_ctihu3a,0.013157894736842105,0.014084507042253521,-0.0009266123054114169
p_3726,t3_3eu8tm,t1_ctigaob,t1_ctiq52g,0.0371900826446281,0.03558718861209965,0.0016028940325284527
p_3727,t3_3eu8tm,t1_ctijckt,t1_ctigceq,0.018633540372670808,0.04680851063829787,-0.028174970265627063
p_3728,t3_3etxto,t1_ctid3ea,t1_cticpfj,0.06440677966101695,0.047337278106508875,0.017069501554508072
p_3730,t3_3es79p,t1_cthw2r2,t1_cthwdaq,0.03081232492997199,0.04619565217391304,-0.01538332724394105
p_3731,t3_3es79p,t1_cthxdez,t1_cthwn0n,0.020080321285140562,0.025906735751295335,-0.005826414466154773
p_3732,t3_3ertta,t1_cti6rd8,t1_ctht1zk,0.056,0.0,0.056
p_3733,t3_3ertdy,t1_cthr80b,t1_cthr99r,0.03508771929824561,0.0273972602739726,0.007690459024273011
p_3734,t3_3erhhr,t1_ctiarao,t1_cti58vh,0.06790123456790123,0.04918032786885246,0.018720906699048773
p_3735,t3_3eq514,t1_ctho613,t1_cthcqg3,0.046511627906976744,0.027950310559006212,0.01856131734797053
p_3737,t3_3epjfs,t1_cth5t0q,t1_cthcvt3,0.041666666666666664,0.06796116504854369,-0.026294498381877023
p_3739,t3_3enur5,t1_ctgrxoh,t1_ctgz8y0,0.05308056872037915,0.046610169491525424,0.006470399228853722
p_3740,t3_3emsdn,t1_cth30is,t1_ctgqvc3,0.027888446215139442,0.04201680672268908,-0.014128360507549637
p_3742,t3_3elw95,t1_ctg6r9r,t1_ctg9cb8,0.0528169014084507,0.03508771929824561,0.01772918211020509
p_3743,t3_3eknr4,t1_ctglikz,t1_ctfyt7d,0.03827751196172249,0.05,-0.011722488038277516
p_3744,t3_3ekjn3,t1_ctgdi0f,t1_ctg4na1,0.04090909090909091,0.0598669623059867,-0.018957871396895788
p_3751,t3_3ee553,t1_cte3wfh,t1_cte2z0f,0.04807692307692308,0.03636363636363636,0.011713286713286718
p_3752,t3_3ee553,t1_cte5ytw,t1_cte2z0f,0.008620689655172414,0.03636363636363636,-0.027742946708463948
p_3754,t3_3ecjmj,t1_ctdn8gf,t1_ctdm7dj,0.035443037974683546,0.050724637681159424,-0.015281599706475878
p_3755,t3_3ecjmj,t1_ctdnq7f,t1_ctdm7dj,0.029556650246305417,0.050724637681159424,-0.021167987434854006
p_3756,t3_3ecjmj,t1_ctdoi4m,t1_ctdm7dj,0.039603960396039604,0.050724637681159424,-0.011120677285119819
p_3753,t3_3ecjmj,t1_ctdmtn2,t1_ctdoo3p,0.038901601830663615,0.030612244897959183,0.008289356932704432
p_3757,t3_3ec84d,t1_ctdlgzm,t1_ctdj2og,0.0718954248366013,0.03954802259887006,0.03234740223773124
p_3759,t3_3ebxxu,t1_ctdn0oz,t1_ctdjt1a,0.03614457831325301,0.03125,0.0048945783132530105
p_3761,t3_3ebqsa,t1_ctdwdgw,t1_ctdgbbx,0.0058823529411764705,0.006944444444444444,-0.0010620915032679736
p_3762,t3_3eb9u6,t1_ctda3bt,t1_ctdi2vm,0.0,0.013513513513513514,-0.013513513513513514
p_3763,t3_3eb9u6,t1_ctdaich,t1_ctdi2vm,0.02577319587628866,0.013513513513513514,0.012259682362775144
p_3764,t3_3eai2b,t1_ctdmsz0,t1_ctdas7y,0.03734439834024896,0.050980392156862744,-0.013635993816613783
p_3765,t3_3eai2b,t1_ctdc31l,t1_ctdas7y,0.0391304347826087,0.050980392156862744,-0.011849957374254046
p_3766,t3_3ea4kl,t1_ctczlq4,t1_ctcz6mu,0.08181818181818182,0.13114754098360656,-0.049329359165424747
p_3768,t3_3e811o,t1_ctcjrd5,t1_ctcd4vr,0.03636363636363636,0.006060606060606061,0.0303030303030303
p_3775,t3_3dt3vy,t1_ct8epzw,t1_ct8xeko,0.04713804713804714,0.05113636363636364,-0.003998316498316501
p_3776,t3_3drmw1,t1_ct7z6k1,t1_ct7zd7f,0.04597701149425287,0.01694915254237288,0.02902785895187999
p_3777,t3_3dqi0b,t1_ct7ojzo,t1_ct7o4hu,0.06493506493506493,0.06315789473684211,0.0017771701982228216
p_3779,t3_3dnhsi,t1_ct6vf40,t1_ct7n9bz,0.04918032786885246,0.024691358024691357,0.0244889698441611
p_3786,t3_3dkeyo,t1_ct60a1q,t1_ct60gf9,0.0625,0.10588235294117647,-0.04338235294117647
p_3787,t3_3dk4k6,t1_ct68k3i,t1_ct5ylmw,0.04519774011299435,0.02727272727272727,0.01792501284026708
p_3789,t3_3dj5zp,t1_ct5ndqg,t1_ct5pov6,0.06182795698924731,0.02617801047120419,0.035649946518043124
p_3790,t3_3dhxmu,t1_ct59siv,t1_ct5em85,0.10576923076923077,0.02,0.08576923076923076
p_3791,t3_3dhww4,t1_ct59ny2,t1_ct5c1n1,0.0196078431372549,0.020134228187919462,-0.0005263850506645601
p_3792,t3_3dhvig,t1_ct5cmrc,t1_ct5dd1p,0.024943310657596373,0.020202020202020204,0.004741290455576169
p_3793,t3_3dhde9,t1_ct68xez,t1_ct55tgc,0.027906976744186046,0.03333333333333333,-0.005426356589147287
p_3794,t3_3dh1ns,t1_ct5dtcs,t1_ct5eykr,0.0603448275862069,0.055299539170506916,0.005045288415699983
p_3795,t3_3dgf6j,t1_ct54lyk,t1_ct5gs7l,0.03194888178913738,0.015748031496062992,0.016200850293074387
p_3796,t3_3dgf6j,t1_ct5oi70,t1_ct5c1wd,0.02321083172147002,0.05172413793103448,-0.02851330620956446
p_3797,t3_3dfjej,t1_ct4p5yg,t1_ct4yewo,0.05759162303664921,0.053830227743271224,0.0037613952933779893
p_3800,t3_3df1t2,t1_ct4iy6y,t1_ct4ij06,0.06040268456375839,0.0,0.06040268456375839
p_3801,t3_3det6i,t1_ct4g7xl,t1_ct4gbpx,0.033112582781456956,0.03305785123966942,5.473154178753381e-05
p_3802,t3_3deose,t1_ct4eh79,t1_ct4g0jb,0.050761421319796954,0.05555555555555555,-0.004794134235758599
p_3803,t3_3deose,t1_ct4f9rz,t1_ct4g0jb,0.05357142857142857,0.05555555555555555,-0.001984126984126984
p_3804,t3_3deose,t1_ct4fbji,t1_ct5641w,0.03291139240506329,0.03916768665850673,-0.006256294253443435
p_3805,t3_3deose,t1_ct4ewzd,t1_ct4g0jb,0.05058365758754864,0.05555555555555555,-0.004971897968006914
p_3806,t3_3de3uy,t1_ct4agqd,t1_ct494c3,0.0711864406779661,0.09239130434782608,-0.021204863669859977
p_3807,t3_3ddw70,t1_ct47mit,t1_ct4jbe5,0.02894736842105263,0.027624309392265192,0.0013230590287874391
p_3808,t3_3ddw70,t1_ct481p1,t1_ct48oqy,0.026755852842809364,0.041584158415841586,-0.014828305573032222
p_3814,t3_3dbole,t1_ct3p6ns,t1_ct478ih,0.06233062330623306,0.047244094488188976,0.015086528818044086
p_3815,t3_3dbm0n,t1_ct3lx2j,t1_ct3ly0v,0.035175879396984924,0.06474820143884892,-0.029572322041863996
p_3816,t3_3dbkzb,t1_ct3ojfw,t1_ct3m5s5,0.06201550387596899,0.03260869565217391,0.02940680822379508
p_3819,t3_3d7ar8,t1_ct2lat5,t1_ct2ki11,0.026143790849673203,0.07272727272727272,-0.04658348187759952
p_3821,t3_3d70nm,t1_ct2ew4r,t1_ct2j33u,0.01834862385321101,0.023622047244094488,-0.005273423390883478
p_3822,t3_3d70nm,t1_ct2dshn,t1_ct2eddg,0.0,0.018867924528301886,-0.018867924528301886
p_3824,t3_3d6eeo,t1_ct28lpu,t1_ct2avdj,0.014705882352941176,0.03896103896103896,-0.024255156608097784
p_3825,t3_3d5kur,t1_ct1ztbe,t1_ct1zr52,0.02857142857142857,0.01098901098901099,0.017582417582417582
p_3827,t3_3d4z8m,t1_ct20a6w,t1_ct1t0m5,0.0456140350877193,0.09803921568627451,-0.05242518059855521
p_3829,t3_3d26wz,t1_ct28b6n,t1_ct16kmz,0.030927835051546393,0.08695652173913043,-0.05602868668758404
p_3830,t3_3d0d6p,t1_ct0o5u1,t1_ct0n6t4,0.06160458452722063,0.04285714285714286,0.018747441670077775
p_3831,t3_3d01ke,t1_ct0juu5,t1_ct0mdna,0.0,0.03529411764705882,-0.03529411764705882
p_3833,t3_3czjmn,t1_ct0n1h1,t1_ct0p4tx,0.041237113402061855,0.04710144927536232,-0.005864335873300465
p_3834,t3_3cze07,t1_ct0u8p8,t1_ct1w2jq,0.047244094488188976,0.00974025974025974,0.03750383474792923
p_3836,t3_3cze07,t1_ct10eyn,t1_ct10av3,0.024793388429752067,0.0759493670886076,-0.05115597865885553
p_3837,t3_3cz50i,t1_ct0beon,t1_ct0crzd,0.04201680672268908,0.040697674418604654,0.001319132304084425
p_3838,t3_3cyvok,t1_ct09dsg,t1_ct0cry8,0.0673076923076923,0.042105263157894736,0.02520242914979757
p_3840,t3_3cwzdr,t1_cszqsrm,t1_csztuip,0.03787878787878788,0.05670103092783505,-0.01882224304904717
p_3841,t3_3cwzdr,t1_cszr0ac,t1_cszzijk,0.05149501661129568,0.047058823529411764,0.004436193081883914
p_3842,t3_3cwzdr,t1_cszsao6,t1_cszzijk,0.07969639468690702,0.047058823529411764,0.03263757115749526
p_3843,t3_3curfb,t1_cszctr2,t1_cszdmwi,0.05782312925170068,0.03406813627254509,0.023754992979155592
p_3846,t3_3ctbdn,t1_csywwyk,t1_csyw0z6,0.0425531914893617,0.02631578947368421,0.016237402015677492
p_3848,t3_3csry4,t1_csyq5kj,t1_csypjon,0.05555555555555555,0.0326530612244898,0.022902494331065754
p_3849,t3_3csg70,t1_csyk6pl,t1_csyj9wf,0.06060606060606061,0.05278592375366569,0.007820136852394917
p_3850,t3_3csg70,t1_csyjkqi,t1_csyt2k1,0.041916167664670656,0.028169014084507043,0.013747153580163613
p_3852,t3_3cqwqj,t1_csy6eer,t1_csyclib,0.02586206896551724,0.030973451327433628,-0.005111382361916387
p_3853,t3_3cpk6q,t1_csxrzz6,t1_csxtt55,0.015789473684210527,0.030303030303030304,-0.014513556618819777
p_3855,t3_3cp5ze,t1_csxym6c,t1_csynpti,0.03791982665222102,0.03694581280788178,0.0009740138443392402
p_3856,t3_3cp5ze,t1_csxnidr,t1_csxornz,0.0,0.04807692307692308,-0.04807692307692308
p_3859,t3_3cntuq,t1_csxdzvx,t1_csxc29e,0.05263157894736842,0.04777070063694268,0.00486087831042574
p_3861,t3_3cm04x,t1_csx5p48,t1_csxeu2k,0.009523809523809525,0.030927835051546393,-0.021404025527736868
p_3862,t3_3clrl2,t1_csx7zrc,t1_csx8zq4,0.043209876543209874,0.0297029702970297,0.013506906246180173
p_3863,t3_3cjime,t1_csw3vb7,t1_csw3t7x,0.034482758620689655,0.04090909090909091,-0.006426332288401254
p_3865,t3_3chnd1,t1_csvsvf5,t1_csw6ssk,0.038135593220338986,0.03587443946188341,0.002261153758455578
p_3866,t3_3ch5ru,t1_csvhoip,t1_csvipb5,0.03592814371257485,0.07516339869281045,-0.039235254980235605
p_3867,t3_3cgwcw,t1_csvjbyd,t1_csvi6d6,0.029239766081871343,0.024475524475524476,0.0047642416063468675
p_3868,t3_3cgf0e,t1_cswm70o,t1_csvf90l,0.05387205387205387,0.015384615384615385,0.038487438487438484
p_3869,t3_3cgb39,t1_csvchfw,t1_csva8ip,0.056818181818181816,0.07272727272727272,-0.015909090909090907
p_3871,t3_3cexf4,t1_csvberp,t1_csv33hr,0.04639175257731959,0.038461538461538464,0.007930214115781126
p_3872,t3_3cemxp,t1_csuzkq9,t1_csuwsj4,0.028037383177570093,0.03773584905660377,-0.009698465879033679
p_3873,t3_3cccrj,t1_csuafa7,t1_csu9eyk,0.029801324503311258,0.047058823529411764,-0.017257499026100506
p_3874,t3_3cayqx,t1_cstvm0f,t1_csunb3m,0.016736401673640166,0.08368200836820083,-0.06694560669456066
p_3875,t3_3cayqx,t1_cstvlmi,t1_csuqreg,0.07106598984771574,0.031007751937984496,0.040058237909731245
p_3877,t3_3cavj4,t1_cstv538,t1_cstveu6,0.06761565836298933,0.06753246753246753,8.319083052180098e-05
p_3879,t3_3c98q4,t1_csu2svh,t1_cstm5hj,0.04411764705882353,0.03765690376569038,0.006460743293133155
p_3882,t3_3c7i98,t1_cst34iw,t1_cstc95e,0.028333333333333332,0.03156384505021521,-0.003230511716881875
p_3883,t3_3c7i98,t1_cst4n6b,t1_cssyowf,0.023529411764705882,0.008064516129032258,0.015464895635673624
p_3884,t3_3c7hdt,t1_cssyep4,t1_cssyplh,0.01020408163265306,0.006666666666666667,0.0035374149659863933
p_3885,t3_3c7bxx,t1_cssy476,t1_cssz8bw,0.045548654244306416,0.05733944954128441,-0.01179079529697799
p_3886,t3_3c7bxx,t1_cssx724,t1_cssyebj,0.02962962962962963,0.027210884353741496,0.002418745275888135
p_3887,t3_3c7bxx,t1_csswyf9,t1_cssyx4a,0.0547112462006079,0.07142857142857142,-0.01671732522796352
p_3888,t3_3c79ax,t1_cstmdkn,t1_cst2h3f,0.09230769230769231,0.05303030303030303,0.03927738927738928
p_3889,t3_3c4zj4,t1_cssgey0,t1_cssmoek,0.025252525252525252,0.030303030303030304,-0.005050505050505052
p_3892,t3_3c4ur8,t1_csstz3k,t1_cssgupg,0.009433962264150943,0.03164556962025317,-0.022211607356102225
p_3893,t3_3c4cgb,t1_css5ynt,t1_css4koj,0.0392156862745098,0.030303030303030304,0.0089126559714795
p_3894,t3_3c1zj9,t1_csrkkl3,t1_csrki9f,0.05628517823639775,0.0481283422459893,0.008156835990408444
p_3895,t3_3c17uc,t1_csrdlff,t1_csrifkt,0.04192546583850932,0.04437869822485207,-0.002453232386342749
p_3897,t3_3bxmo5,t1_csqhtr5,t1_csql6b1,0.06666666666666667,0.072992700729927,-0.006326034063260336
p_3898,t3_3bxfo6,t1_csqmc1m,t1_csqifhm,0.045627376425855515,0.05829596412556054,-0.012668587699705025
p_3899,t3_3bvjuk,t1_cspw440,t1_csrek47,0.052980132450331126,0.046296296296296294,0.006683836154034832
p_3901,t3_3bth79,t1_csq2nx8,t1_cspwvty,0.02112676056338028,0.0189873417721519,0.002139418791228382
p_3902,t3_3bsou9,t1_csp5h2g,t1_cspiswo,0.03614457831325301,0.0,0.03614457831325301
p_3904,t3_3brtn7,t1_csozaec,t1_csoyw8u,0.10638297872340426,0.06,0.04638297872340426
p_3905,t3_3bqwex,t1_csompka,t1_csomtdh,0.018292682926829267,0.05128205128205128,-0.03298936835522201
p_3906,t3_3bqwex,t1_csorp8q,t1_cson8bj,0.03676470588235294,0.04946996466431095,-0.01270525878195801
p_3908,t3_3bo4jt,t1_cso0zon,t1_csnwp3y,0.02727272727272727,0.07142857142857142,-0.04415584415584416
p_3909,t3_3bnf96,t1_csnpy6t,t1_csnprkc,0.0875,0.06,0.027499999999999997
p_3910,t3_3bnan1,t1_csnruno,t1_csnpv63,0.018691588785046728,0.037383177570093455,-0.018691588785046728
p_3911,t3_3blafk,t1_csn7a18,t1_csndd8w,0.024691358024691357,0.04326923076923077,-0.01857787274453941
p_3913,t3_3bh98p,t1_csmf3ub,t1_csmc3eh,0.06779661016949153,0.05084745762711865,0.016949152542372878
p_3914,t3_3bgni1,t1_cslzxdh,t1_cslyqv4,0.036231884057971016,0.06097560975609756,-0.024743725698126544
p_3915,t3_3bfy1c,t1_csls1iv,t1_cslt1od,0.013333333333333334,0.018867924528301886,-0.005534591194968552
p_3916,t3_3bfsz3,t1_cslqq37,t1_cslrrds,0.043859649122807015,0.02608695652173913,0.017772692601067886
p_3917,t3_3bfrve,t1_csmj6kc,t1_cslufx2,0.02909090909090909,0.011627906976744186,0.017463002114164905
p_3920,t3_3be88i,t1_cslgmna,t1_cslflrz,0.0,0.018867924528301886,-0.018867924528301886
p_3923,t3_3bdv00,t1_csld97c,t1_csl9q5t,0.0395738203957382,0.04804804804804805,-0.008474227652309846
p_3924,t3_3bdv00,t1_csltmou,t1_cslb8xi,0.048582995951417005,0.017543859649122806,0.0310391363022942
p_3925,t3_3bd8kh,t1_csl6slc,t1_csl587l,0.013513513513513514,0.034482758620689655,-0.02096924510717614
p_3926,t3_3bd8kh,t1_csl5ba1,t1_csl587l,0.035,0.034482758620689655,0.0005172413793103486
p_3927,t3_3bcp2n,t1_csl43ts,t1_csl3e30,0.03823529411764706,0.04712041884816754,-0.008885124730520479
p_3929,t3_3bc4if,t1_cslj62e,t1_cskt9uf,0.03389830508474576,0.0423728813559322,-0.008474576271186439
p_3930,t3_3bbxyv,t1_cskwmb5,t1_cskrtjj,0.031914893617021274,0.042735042735042736,-0.010820149118021462
p_3932,t3_3b7rjo,t1_csjnvbr,t1_csjnx6u,0.037037037037037035,0.01597444089456869,0.021062596142468346
p_3934,t3_3b60s8,t1_csj6vl4,t1_csj6ucq,0.043478260869565216,0.07368421052631578,-0.030205949656750566
p_3935,t3_3b60s8,t1_csj6qcn,t1_csj6ucq,0.05139186295503212,0.07368421052631578,-0.022292347571283663
p_3936,t3_3b5udg,t1_csj5cco,t1_csj62ym,0.034722222222222224,0.016483516483516484,0.01823870573870574
p_3937,t3_3b3s26,t1_csikhqa,t1_csizt4g,0.032388663967611336,0.06493506493506493,-0.03254640096745359
p_3938,t3_3b3s26,t1_csinn2z,t1_csilwsy,0.056818181818181816,0.055,0.001818181818181816
p_3940,t3_3b3s26,t1_csj8r3h,t1_csjh1er,0.041666666666666664,0.0625,-0.020833333333333336
p_3943,t3_3aweej,t1_csgl5n3,t1_csgl50z,0.028846153846153848,0.08098591549295775,-0.0521397616468039
p_3944,t3_3aw1uk,t1_csghmnt,t1_csghmsc,0.04,0.04081632653061224,-0.0008163265306122408
p_3945,t3_3avhws,t1_csgfhi0,t1_csh8ors,0.030042918454935622,0.0707070707070707,-0.040664152252135086
p_3947,t3_3atkce,t1_csgbg47,t1_csfw4e2,0.03800475059382423,0.045174537987679675,-0.007169787393855445
p_3948,t3_3atkce,t1_csfy1wp,t1_csfynp2,0.019230769230769232,0.05405405405405406,-0.034823284823284825
p_3951,t3_3asyzb,t1_csfojsx,t1_csfoidu,0.050359712230215826,0.0625,-0.012140287769784174
p_3949,t3_3asyzb,t1_csfoiyw,t1_csfp13b,0.0,0.045454545454545456,-0.045454545454545456
p_3952,t3_3argex,t1_csfb50r,t1_csf9txd,0.02608695652173913,0.026490066225165563,-0.0004031097034264339
p_3953,t3_3argex,t1_csf9rhm,t1_csfa4gt,0.02666666666666667,0.043478260869565216,-0.016811594202898548
p_3954,t3_3aq0ij,t1_cseyfmf,t1_csf3dvk,0.05913978494623656,0.08641975308641975,-0.027279968140183186
p_3955,t3_3apczi,t1_cseq9zw,t1_csf36xd,0.04585152838427948,0.03899721448467967,0.006854313899599812
p_3956,t3_3anzqm,t1_cseek90,t1_csf57m7,0.05011389521640091,0.05387931034482758,-0.003765415128426673
p_3958,t3_3anfy4,t1_csezvw7,t1_csfvxf5,0.07224334600760456,0.04354136429608128,0.02870198171152328
p_3959,t3_3amks3,t1_cse04e1,t1_cse06yf,0.06043956043956044,0.07368421052631578,-0.013244650086755343
p_3960,t3_3amks3,t1_cse088c,t1_csdzw5z,0.015151515151515152,0.0759493670886076,-0.060797851937092445
p_3961,t3_3amjrk,t1_cse2b43,t1_cse2e1a,0.05194805194805195,0.017699115044247787,0.034248936903804164
p_3963,t3_3ajn0a,t1_csda1xc,t1_csd7usc,0.02142857142857143,0.05263157894736842,-0.03120300751879699
p_3964,t3_3ajaa6,t1_csd6bdb,t1_csdib45,0.04,0.0,0.04
p_3965,t3_3aimk2,t1_csd7mip,t1_csd1vz4,0.043897216274089934,0.02613240418118467,0.017764812092905265
p_3966,t3_3afuie,t1_csc8p2d,t1_cscbdx0,0.025974025974025976,0.07051282051282051,-0.044538794538794536
p_3967,t3_3acxa4,t1_csbkvf8,t1_csbgdpk,0.03638151425762045,0.027522935779816515,0.008858578477803934
p_3968,t3_3aco44,t1_csblx8d,t1_csbjlck,0.046153846153846156,0.02040816326530612,0.025745682888540036
p_3969,t3_3acm0d,t1_csbe584,t1_csbdx0v,0.043478260869565216,0.02040816326530612,0.023070097604259095
p_3971,t3_3abfdn,t1_csb9hv6,t1_csb2as0,0.0457516339869281,0.06040268456375839,-0.01465105057683029
p_3972,t3_3abaqq,t1_csb38zu,t1_csb0t4r,0.04,0.025252525252525252,0.014747474747474749
p_3976,t3_3a8arj,t1_csb25uo,t1_csa740s,0.07079646017699115,0.023255813953488372,0.04754064622350278
p_3975,t3_3a8arj,t1_csa7uvc,t1_csag2ec,0.03167420814479638,0.014084507042253521,0.017589701102542855
p_3977,t3_3a7ys8,t1_csa4ppt,t1_csakjm1,0.01092896174863388,0.0,0.01092896174863388
p_3978,t3_3a7ys8,t1_csa41uf,t1_csakjm1,0.024390243902439025,0.0,0.024390243902439025
p_3979,t3_3a7ys8,t1_csa7eao,t1_csaftry,0.015432098765432098,0.018404907975460124,-0.002972809210028026
p_3980,t3_3a6yg4,t1_cs9xgqf,t1_csaitas,0.04225352112676056,0.030303030303030304,0.011950490823730259
p_3981,t3_3a6sfg,t1_cs9tnoi,t1_cs9t2mb,0.017543859649122806,0.04838709677419355,-0.03084323712507074
p_3982,t3_3a6sfg,t1_cs9u81l,t1_csa0tu8,0.059113300492610835,0.08,-0.020886699507389167
p_3983,t3_3a6sfg,t1_cs9uuka,t1_cs9v38y,0.02912621359223301,0.012345679012345678,0.016780534579887332
p_3985,t3_3a6sfg,t1_cs9ty4c,t1_cs9tcqo,0.04046242774566474,0.013888888888888888,0.026573538856775852
p_3984,t3_3a6sfg,t1_cs9tqur,t1_csa781a,0.09523809523809523,0.05714285714285714,0.03809523809523809
p_3986,t3_3a6sfg,t1_csacapm,t1_cs9wsj6,0.019801980198019802,0.07446808510638298,-0.05466610490836317
p_3987,t3_3a6nix,t1_cs9ymgy,t1_cs9xs4k,0.0,0.04081632653061224,-0.04081632653061224
p_3988,t3_3a6nix,t1_csa3hjg,t1_cs9xpu5,0.03278688524590164,0.03512014787430684,-0.0023332626284051985
p_3989,t3_3a47yn,t1_cs96cyo,t1_cs96mzz,0.05,0.04395604395604396,0.006043956043956043
p_3990,t3_3a44py,t1_cs97753,t1_cs95esh,0.056338028169014086,0.026402640264026403,0.029935387904987683
p_3991,t3_3a44py,t1_cs94osm,t1_cs95esh,0.03597122302158273,0.026402640264026403,0.00956858275755633
p_3992,t3_3a44py,t1_cs95hzu,t1_cs95esh,0.05925925925925926,0.026402640264026403,0.03285661899523286
p_3996,t3_3a2kst,t1_cs8otu7,t1_cs8qjhb,0.0490506329113924,0.03690036900369004,0.012150263907702366
p_3997,t3_3a2kps,t1_cs8oy5s,t1_cs8pl4s,0.022988505747126436,0.02,0.002988505747126436
p_3998,t3_3a2kps,t1_cs8w2yw,t1_cs8voy5,0.028368794326241134,0.04054054054054054,-0.012171746214299409
p_3999,t3_3a27yg,t1_cs8nx8v,t1_cs8njw2,0.09467455621301775,0.02027027027027027,0.07440428594274748
p_4000,t3_3a27yg,t1_cs8u90i,t1_cs8z4yz,0.03496503496503497,0.056451612903225805,-0.021486577938190837
p_4001,t3_3a27yg,t1_cs98bq1,t1_cs8lemy,0.03558718861209965,0.040892193308550186,-0.005305004696450538
p_4002,t3_3a1zva,t1_cs8kcyk,t1_cs8k3ho,0.06716417910447761,0.031914893617021274,0.03524928548745634
p_4003,t3_3a1llw,t1_cs8f5f6,t1_cs8grh5,0.0625,0.04741379310344827,0.015086206896551727
p_4004,t3_3a1llw,t1_cs8otpf,t1_cs8epuj,0.06172839506172839,0.03409090909090909,0.027637485970819303
p_4006,t3_39y3l4,t1_cs7hm0x,t1_cs7hrpe,0.015873015873015872,0.007407407407407408,0.008465608465608464
p_4007,t3_39xc0u,t1_cs7s05a,t1_cs7ksi5,0.05121107266435986,0.043782837127845885,0.007428235536513977
p_4008,t3_39vjw8,t1_cs6yty8,t1_cs75jk8,0.02112676056338028,0.04075235109717868,-0.0196255905337984
p_4009,t3_39tm84,t1_cs6dg04,t1_cs6p5zn,0.0345679012345679,0.03389830508474576,0.0006695961498221353
p_4010,t3_39rlhg,t1_cs604vg,t1_cs5u7z4,0.075,0.025252525252525252,0.04974747474747475
p_4011,t3_39rlhg,t1_cs61rw2,t1_cs5u7z4,0.02699530516431925,0.025252525252525252,0.0017427799117939978
p_4012,t3_39r7s6,t1_cs5qjkd,t1_cs5pexs,0.06772908366533864,0.046052631578947366,0.021676452086391275
p_4013,t3_39pwzl,t1_cs5e1x6,t1_cs5dyl3,0.05531914893617021,0.023809523809523808,0.0315096251266464
p_4015,t3_39o24x,t1_cs51oox,t1_cs53w1p,0.057291666666666664,0.09,-0.03270833333333333
p_4019,t3_39o24x,t1_cs519gf,t1_cs53w1p,0.09243697478991597,0.09,0.0024369747899159744
p_4018,t3_39o24x,t1_cs51cou,t1_cs51mes,0.1044776119402985,0.05084745762711865,0.053630154313179856
p_4020,t3_39mibw,t1_cs4mto6,t1_cs4n3wq,0.023952095808383235,0.00847457627118644,0.015477519537196794
p_4022,t3_39mgic,t1_cs4lprf,t1_cs6cp67,0.05454545454545454,0.009345794392523364,0.04519966015293118
p_4024,t3_39kdu2,t1_cs44pon,t1_cs433uj,0.03488372093023256,0.05555555555555555,-0.020671834625322995
p_4025,t3_39jwup,t1_cs46pqo,t1_cs4a7ru,0.038024971623155504,0.02857142857142857,0.009453543051726934
p_4026,t3_39int7,t1_cs3rx5b,t1_cs3s38w,0.04745762711864407,0.05249343832020997,-0.005035811201565904
p_4027,t3_39int7,t1_cs3qpta,t1_cs3s2nm,0.02631578947368421,0.0625,-0.03618421052631579
p_4028,t3_39gzr7,t1_cs3agsc,t1_cs3ibde,0.05859375,0.018867924528301886,0.03972582547169812
p_4029,t3_39gecw,t1_cs34hhp,t1_cs34bq6,0.047619047619047616,0.03278688524590164,0.014832162373145975
p_4032,t3_39fdgq,t1_cs2vs00,t1_cs3vhdu,0.02564102564102564,0.042105263157894736,-0.016464237516869096
p_4034,t3_39cnaw,t1_cs2c2cg,t1_cs2ak8s,0.06060606060606061,0.02564102564102564,0.03496503496503497
p_4037,t3_39an4v,t1_cs1rnz3,t1_cs1qvzv,0.02702702702702703,0.04597701149425287,-0.018949984467225844
p_4038,t3_3973q1,t1_cs0zdjz,t1_cs0x3jw,0.08888888888888889,0.06060606060606061,0.028282828282828285
p_4040,t3_396i03,t1_cs0u4rr,t1_cs1pfx6,0.05339805825242718,0.10606060606060606,-0.05266254780817888
p_4041,t3_396ds4,t1_cs0r30x,t1_cs0rkfk,0.12121212121212122,0.16379310344827586,-0.04258098223615464
p_4042,t3_396ds4,t1_cs0pu9z,t1_cs0rkfk,0.04568527918781726,0.16379310344827586,-0.1181078242604586
p_4045,t3_394d49,t1_cs0kixk,t1_cs0kzwk,0.029069767441860465,0.008928571428571428,0.020141196013289037
p_4046,t3_393acp,t1_cs0gkne,t1_cs03ftc,0.07017543859649122,0.06206896551724138,0.008106473079249846
p_4047,t3_391syd,t1_crzm90i,t1_crzmejp,0.04744525547445255,0.03821656050955414,0.009228694964898414
p_4050,t3_38x3jr,t1_cryip44,t1_crys2g6,0.07692307692307693,0.014925373134328358,0.06199770378874857
p_4051,t3_38wxwu,t1_cryi2ij,t1_crygq09,0.00684931506849315,0.02,-0.01315068493150685
p_4052,t3_38wrju,t1_crygoz5,t1_cryxmv8,0.015384615384615385,0.05084745762711865,-0.03546284224250326
p_4054,t3_38s7v1,t1_crxxvxw,t1_crxhlos,0.05228758169934641,0.05322128851540616,-0.0009337068160597539
p_4056,t3_38qcbx,t1_crx7b22,t1_crx75t9,0.051643192488262914,0.037037037037037035,0.014606155451225879
p_4057,t3_38pbd5,t1_crwsbqv,t1_crxjvmc,0.05045871559633028,0.04938271604938271,0.0010759995469475647
p_4060,t3_38nv4x,t1_crwj8qj,t1_crwnz8i,0.014184397163120567,0.02666666666666667,-0.012482269503546101
p_4061,t3_38nv4x,t1_crwoni8,t1_crwub6q,0.04100227790432802,0.04938271604938271,-0.008380438145054694
p_4062,t3_38lqjc,t1_crvzt6q,t1_crvzmx5,0.09523809523809523,0.04363636363636364,0.05160173160173159
p_4063,t3_38kv3z,t1_crwg43c,t1_crxycdw,0.039735099337748346,0.0642570281124498,-0.024521928774701447
p_4064,t3_38ks5m,t1_crvtej9,t1_crvxmr6,0.03225806451612903,0.033444816053511704,-0.0011867515373826729
p_4065,t3_38jijq,t1_crvigw7,t1_crvi4ft,0.04129793510324484,0.03508771929824561,0.006210215804999225
p_4068,t3_38hvec,t1_crv5pod,t1_crva2wu,0.050761421319796954,0.03260869565217391,0.01815272566762304
p_4070,t3_38hvec,t1_crvb81l,t1_crvbp5u,0.038461538461538464,0.07547169811320754,-0.03701015965166908
p_4071,t3_38esaa,t1_cruufn4,t1_cruhp7v,0.06593406593406594,0.014285714285714285,0.05164835164835165
p_4072,t3_38ehc6,t1_crug3c6,t1_cruge8m,0.02262443438914027,0.012345679012345678,0.010278755376794593
p_4073,t3_38ehc6,t1_crufbnb,t1_cruge8m,0.025,0.012345679012345678,0.012654320987654323
p_4074,t3_38b3d9,t1_crtqxff,t1_crtzoqd,0.015384615384615385,0.021645021645021644,-0.006260406260406259
p_4075,t3_38ah82,t1_crtkrsw,t1_crtl6k2,0.04957264957264957,0.014598540145985401,0.034974109426664166
p_4078,t3_3856c4,t1_crsfw83,t1_crsdpxt,0.05555555555555555,0.07792207792207792,-0.022366522366522368
p_4079,t3_383qcb,t1_crs0xzi,t1_crs1phn,0.04411764705882353,0.03968253968253968,0.004435107376283852
p_4080,t3_383qcb,t1_crs37s2,t1_crs5obi,0.07758620689655173,0.010752688172043012,0.06683351872450871
p_4081,t3_382uqn,t1_crrvd7b,t1_crsvp2m,0.07692307692307693,0.03225806451612903,0.044665012406947896
p_4084,t3_382uqn,t1_crsgxg7,t1_crsvp2m,0.03418803418803419,0.03225806451612903,0.0019299696719051601
p_4085,t3_381ey6,t1_crrlwhm,t1_crrsigq,0.04535637149028078,0.01694915254237288,0.0284072189479079
p_4086,t3_381ey6,t1_crrj8n5,t1_crrl2sb,0.0423728813559322,0.008064516129032258,0.034308365226899944
p_4087,t3_381ey6,t1_crrj6x9,t1_crrsoh1,0.026246719160104987,0.0,0.026246719160104987
p_4088,t3_3814fe,t1_crs7vs7,t1_crrr3vr,0.0196078431372549,0.04054054054054054,-0.02093269740328564
p_4089,t3_3814fe,t1_crrqjbh,t1_crrr3vr,0.03614457831325301,0.04054054054054054,-0.004395962227287532
p_4090,t3_37ypcc,t1_crqzfaw,t1_crrcx9w,0.0410958904109589,0.06796116504854369,-0.026865274637584785
p_4092,t3_37x4xe,t1_crqnq2r,t1_crqlwke,0.023529411764705882,0.08181818181818182,-0.058288770053475936
p_4095,t3_37ug2e,t1_crpxli7,t1_crpxq2o,0.04081632653061224,0.034482758620689655,0.006333567909922587
p_4096,t3_37u8cs,t1_crpxfwt,t1_crq0vt4,0.0684931506849315,0.02903225806451613,0.03946089262041537
p_4098,t3_37te7r,t1_crq15b7,t1_crpr6qy,0.04,0.04938271604938271,-0.009382716049382712
p_4100,t3_37scpk,t1_crpm7rq,t1_crphi3e,0.056105610561056105,0.05333333333333334,0.002772277227722768
p_4099,t3_37scpk,t1_crpjym2,t1_crpj42q,0.024793388429752067,0.015748031496062992,0.009045356933689075
p_4101,t3_37r5aa,t1_crp4yya,t1_crp52u5,0.09523809523809523,0.023809523809523808,0.07142857142857142
p_4102,t3_37p0d8,t1_crolmg0,t1_cros9jk,0.042105263157894736,0.0125,0.029605263157894735
p_4103,t3_37p0d8,t1_crolte5,t1_cror8od,0.04054054054054054,0.03225806451612903,0.008282476024411511
p_4105,t3_37okwz,t1_crol9eo,t1_crohrkg,0.02459016393442623,0.028409090909090908,-0.003818926974664679
p_4104,t3_37okwz,t1_croli1i,t1_croiuun,0.04810126582278481,0.07526881720430108,-0.027167551381516268
p_4107,t3_37nxjn,t1_crotvnl,t1_crobn4e,0.0896551724137931,0.033112582781456956,0.056542589632336146
p_4108,t3_37nv7l,t1_crobgcl,t1_croatus,0.022556390977443608,0.02666666666666667,-0.004110275689223061
p_4109,t3_37nv7l,t1_crod5fw,t1_crobejx,0.030434782608695653,0.03571428571428571,-0.005279503105590059
p_4113,t3_37jfl3,t1_crn7z3i,t1_crn9n8h,0.02981029810298103,0.04421052631578947,-0.014400228212808442
p_4114,t3_37jfl3,t1_cro542n,t1_crn9n8h,0.022988505747126436,0.04421052631578947,-0.021222020568663034
p_4115,t3_37jfl3,t1_crn8fep,t1_crnb7qs,0.03333333333333333,0.1,-0.06666666666666668
p_4116,t3_37j0tw,t1_crnmek9,t1_crn4uka,0.05639097744360902,0.046908315565031986,0.009482661878577034
p_4117,t3_37i8f6,t1_crn97hc,t1_crn6u5k,0.1225071225071225,0.02564102564102564,0.09686609686609687
p_4119,t3_37i8f6,t1_crnc1m6,t1_crn6u5k,0.02097902097902098,0.02564102564102564,-0.00466200466200466
p_4122,t3_37h70b,t1_crnpv8h,t1_crmnqm8,0.07518796992481203,0.024390243902439025,0.050797726022373
p_4124,t3_37h2pb,t1_crmzdc2,t1_crn24i7,0.08443271767810026,0.05397727272727273,0.030455444950827533
p_4125,t3_37gzdo,t1_crmlb6i,t1_crml5su,0.0,0.01818181818181818,-0.01818181818181818
p_4127,t3_37gzdo,t1_crn13m3,t1_crmleve,0.006172839506172839,0.026785714285714284,-0.020612874779541445
p_4126,t3_37gzdo,t1_crmpjd9,t1_crmq520,0.01694915254237288,0.014705882352941176,0.002243270189431705
p_4128,t3_37gq9y,t1_crmtqyf,t1_crmj7w5,0.06369426751592357,0.051587301587301584,0.012106965928621982
p_4129,t3_37fpzj,t1_crmgunx,t1_crmev4y,0.06329113924050633,0.043478260869565216,0.019812878370941117
p_4130,t3_37e6il,t1_crlxhoh,t1_crlycu1,0.03225806451612903,0.021739130434782608,0.010518934081346423
p_4131,t3_37e6il,t1_crmbvpl,t1_crmbrw9,0.027777777777777776,0.02702702702702703,0.0007507507507507477
p_4132,t3_37c5ei,t1_crmai65,t1_crlk9hq,0.0314192849404117,0.03345388788426763,-0.0020346029438559343
p_4133,t3_37b2pr,t1_crlhcyw,t1_crld5qe,0.044,0.036036036036036036,0.007963963963963962
p_4134,t3_37956u,t1_crku1nj,t1_crktasi,0.03276353276353276,0.05585106382978723,-0.02308753106625447
p_4136,t3_376s9u,t1_crkaoej,t1_crk67b4,0.021352313167259787,0.0,0.021352313167259787
p_4137,t3_376s9u,t1_crkcdfq,t1_crk61cm,0.02564102564102564,0.05042016806722689,-0.024779142426201252
p_4138,t3_375cgq,t1_crjtlue,t1_crkdcxu,0.024242424242424242,0.023809523809523808,0.0004329004329004342
p_4139,t3_375cgq,t1_crju8kq,t1_crju0u6,0.02702702702702703,0.042105263157894736,-0.015078236130867707
p_4140,t3_374p4i,t1_crjo7t9,t1_crjoxub,0.08888888888888889,0.08482142857142858,0.004067460317460317
p_4141,t3_373lxk,t1_crjfcxr,t1_crjh3wk,0.035623409669211195,0.03103448275862069,0.004588926910590506
p_4146,t3_371vcx,t1_crj0j6i,t1_crj1d9h,0.043478260869565216,0.019230769230769232,0.024247491638795984
p_4147,t3_371t9v,t1_criyct1,t1_criz1vm,0.016666666666666666,0.02857142857142857,-0.011904761904761904
p_4148,t3_371jts,t1_crj5qge,t1_crj0124,0.03260869565217391,0.05714285714285714,-0.02453416149068323
p_4149,t3_371iek,t1_criw393,t1_criw4gt,0.06048387096774194,0.045845272206303724,0.014638598761438214
p_4151,t3_37131i,t1_crit8xo,t1_crise8t,0.04843304843304843,0.01384083044982699,0.03459221798322144
p_4152,t3_37131i,t1_crizuk3,t1_crise8t,0.04528985507246377,0.01384083044982699,0.03144902462263678
p_4153,t3_370rik,t1_crj6cfx,t1_crj8cj7,0.08270676691729323,0.06428571428571428,0.01842105263157895
p_4154,t3_36wmyv,t1_crhsd0m,t1_crhpets,0.01702127659574468,0.034782608695652174,-0.017761332099907493
p_4155,t3_36utu6,t1_crhapyz,t1_crhjyof,0.04782608695652174,0.024242424242424242,0.023583662714097498
p_4156,t3_36utu6,t1_crh9yic,t1_crhhhv0,0.03728813559322034,0.006211180124223602,0.03107695546899674
p_4157,t3_36utu6,t1_crhghlc,t1_crhhhv0,0.03731343283582089,0.006211180124223602,0.031102252711597292
p_4158,t3_36utu6,t1_crhdevz,t1_crhc46p,0.0395010395010395,0.026200873362445413,0.01330016613859409
p_4159,t3_36utu6,t1_crhsu1b,t1_crhjyof,0.03153153153153153,0.024242424242424242,0.007289107289107286
p_4160,t3_36utu6,t1_crhkv7d,t1_crhubbh,0.013368983957219251,0.016867469879518072,-0.0034984859222988215
p_4161,t3_36utu6,t1_crhdith,t1_crhc46p,0.03968253968253968,0.026200873362445413,0.013481666320094267
p_4163,t3_36u3s6,t1_crh9c6f,t1_crh4b3c,0.013888888888888888,0.03759398496240601,-0.023705096073517125
p_4164,t3_36tyf9,t1_crh4v0f,t1_crh37pw,0.0715307582260372,0.046218487394957986,0.025312270831079217
p_4165,t3_36t890,t1_crgxzpm,t1_crhepb2,0.009433962264150943,0.026455026455026454,-0.017021064190875512
p_4166,t3_36rxl7,t1_crlw8uo,t1_crgw0wb,0.03968253968253968,0.03289473684210526,0.006787802840434419
p_4168,t3_36r305,t1_crgcbrk,t1_crgb0m6,0.043010752688172046,0.016666666666666666,0.02634408602150538
p_4169,t3_36r305,t1_crgbung,t1_crgk9p9,0.016216216216216217,0.05454545454545454,-0.038329238329238326
p_4170,t3_36r305,t1_crgbjl7,t1_crgfecc,0.02531645569620253,0.08928571428571429,-0.06396925858951176
p_4171,t3_36r305,t1_crgf3i9,t1_crgfecc,0.056451612903225805,0.08928571428571429,-0.03283410138248848
p_4172,t3_36r305,t1_crgfk2y,t1_crgfecc,0.05952380952380952,0.08928571428571429,-0.029761904761904767
p_4175,t3_36nz4d,t1_crfsbub,t1_crfkxmv,0.013157894736842105,0.06,-0.04684210526315789
p_4176,t3_36nz4d,t1_crfn04f,t1_crfnywz,0.03225806451612903,0.027237354085603113,0.005020710430525918
p_4177,t3_36ncax,t1_crfgebl,t1_crffh1u,0.06134969325153374,0.05263157894736842,0.008718114304165324
p_4180,t3_36iee8,t1_cre9a2g,t1_cretabl,0.05181347150259067,0.05409582689335394,-0.0022823553907632688
p_4181,t3_36iee8,t1_crez4hc,t1_cretabl,0.051011433597185574,0.05409582689335394,-0.0030843932961683654
p_4182,t3_36htjx,t1_cre64ad,t1_cre4lsx,0.039525691699604744,0.029411764705882353,0.010113926993722391
p_4187,t3_36gp4w,t1_crdult8,t1_cree54y,0.04854368932038835,0.045454545454545456,0.003089143865842893
p_4188,t3_36fnl9,t1_crdkebp,t1_crdk3ku,0.010869565217391304,0.029411764705882353,-0.01854219948849105
p_4189,t3_36fllr,t1_cre4905,t1_crdk6ds,0.029850746268656716,0.08943089430894309,-0.05958014804028637
p_4190,t3_36eadt,t1_crd7ceh,t1_crdmuo9,0.04678362573099415,0.05405405405405406,-0.007270428323059908
p_4191,t3_36dprt,t1_crd5jwj,t1_crd60jm,0.06651884700665188,0.05345911949685535,0.013059727509796532
p_4192,t3_36ckmk,t1_crcyaft,t1_crcrx2m,0.02810304449648712,0.04597701149425287,-0.017873966997765754
p_4193,t3_36cadv,t1_crd31fu,t1_crcyh42,0.07142857142857142,0.04316546762589928,0.028263103802672142
p_4195,t3_36az4a,t1_crccjno,t1_crcd94m,0.0,0.03765690376569038,-0.03765690376569038
p_4196,t3_36az4a,t1_crcdumw,t1_crcd94m,0.033707865168539325,0.03765690376569038,-0.003949038597151053
p_4203,t3_366935,t1_crb48sd,t1_crb93o7,0.058823529411764705,0.046511627906976744,0.012311901504787962
p_4204,t3_366935,t1_crb5ovt,t1_crb4po1,0.05508474576271186,0.05154639175257732,0.0035383540101345465
p_4205,t3_366935,t1_crb3q3x,t1_crb93o7,0.039603960396039604,0.046511627906976744,-0.006907667510937139
p_4207,t3_3633hr,t1_cracfoy,t1_craetek,0.046511627906976744,0.05806451612903226,-0.011552888222055517
p_4213,t3_362xxo,t1_craazhe,t1_cra7vj8,0.04950495049504951,0.033112582781456956,0.01639236771359255
p_4212,t3_362xxo,t1_cra91kz,t1_cra8egz,0.0350076103500761,0.048034934497816595,-0.013027324147740493
p_4208,t3_362xxo,t1_cra9nj2,t1_cra8egz,0.045531197301854974,0.048034934497816595,-0.002503737195961621
p_4209,t3_362xxo,t1_cra9bnt,t1_cra8egz,0.030303030303030304,0.048034934497816595,-0.01773190419478629
p_4214,t3_362xxo,t1_crabevn,t1_cra82mu,0.038461538461538464,0.03289473684210526,0.005566801619433202
p_4211,t3_362xxo,t1_cra8ccq,t1_cra85vs,0.01694915254237288,0.029411764705882353,-0.012462612163509471
p_4215,t3_361st8,t1_cr9wx17,t1_craeuvo,0.014150943396226415,0.04861111111111111,-0.03446016771488469
p_4216,t3_361st8,t1_cra0mwx,t1_cra9gv9,0.02403846153846154,0.024725274725274724,-0.0006868131868131844
p_4217,t3_361st8,t1_craiwvx,t1_cra9gv9,0.026954177897574125,0.024725274725274724,0.0022289031722994013
p_4218,t3_361cys,t1_cr9yzkw,t1_cr9y5g8,0.06323185011709602,0.07272727272727272,-0.009495422610176704
p_4219,t3_361cys,t1_cr9xgc0,t1_cr9t6qc,0.022988505747126436,0.024096385542168676,-0.0011078797950422395
p_4220,t3_360lwk,t1_cr9nixj,t1_cr9oak1,0.030690537084398978,0.03333333333333333,-0.002642796248934355
p_4221,t3_360du5,t1_cr9k2gr,t1_cr9jhq4,0.02912621359223301,0.047619047619047616,-0.018492834026814606
p_4222,t3_35zzer,t1_cr9gnue,t1_cr9i6m0,0.0391304347826087,0.05605786618444846,-0.016927431401839763
p_4223,t3_35zi4m,t1_cr9bdwl,t1_cr9fc4y,0.055350553505535055,0.12222222222222222,-0.06687166871668716
p_4224,t3_35zguh,t1_cr9iv5x,t1_cr9h75a,0.01488095238095238,0.020618556701030927,-0.005737604320078547
p_4226,t3_35z1es,t1_cr96tzb,t1_cr9571k,0.06179775280898876,0.027777777777777776,0.034019975031210986
p_4227,t3_35z1es,t1_cr99c3w,t1_cr9d0dl,0.04738154613466334,0.04081632653061224,0.006565219604051098
p_4228,t3_35y0qf,t1_cr8wgnx,t1_cr8vi2j,0.04655493482309125,0.03626943005181347,0.010285504771277779
p_4229,t3_35wjd8,t1_cr8v07h,t1_cr8jbs1,0.033962264150943396,0.009615384615384616,0.02434687953555878
p_4230,t3_35w8v2,t1_cr8f3v2,t1_cr8f9ax,0.018867924528301886,0.039735099337748346,-0.02086717480944646
p_4231,t3_35w8v2,t1_cr8irdf,t1_cr8gplq,0.0,0.0371900826446281,-0.0371900826446281
p_4233,t3_35toyd,t1_cr7qd1b,t1_cr85c8b,0.015384615384615385,0.013888888888888888,0.0014957264957264974
p_4234,t3_35toyd,t1_cr7oo3y,t1_cr7xf53,0.022222222222222223,0.04081632653061224,-0.01859410430839002
p_4235,t3_35sw2p,t1_cr7kk4p,t1_cr7ne8m,0.0610079575596817,0.05660377358490566,0.004404183974776037
p_4237,t3_35s5bb,t1_cr7fgpo,t1_cr7juob,0.044642857142857144,0.040160642570281124,0.00448221457257602
p_4240,t3_35ruv5,t1_cr7clfr,t1_cr7cinv,0.050505050505050504,0.025974025974025976,0.02453102453102453
p_4239,t3_35ruv5,t1_cr7bycz,t1_cr7d0y4,0.030690537084398978,0.02040816326530612,0.010282373819092857
p_4241,t3_35peeu,t1_cr6ssh1,t1_cr7l53q,0.05325443786982249,0.03563941299790356,0.017615024871918926
p_4242,t3_35oag9,t1_cr6dn1m,t1_cr6gxvj,0.035398230088495575,0.021551724137931036,0.013846505950564539
p_4243,t3_35oag9,t1_cr6m2hi,t1_cr6gxvj,0.027896995708154508,0.021551724137931036,0.006345271570223472
p_4244,t3_35mgfp,t1_cr5tt2i,t1_cr68z3e,0.04491017964071856,0.014084507042253521,0.03082567259846504
p_4245,t3_35mgfp,t1_cr61twj,t1_cr5t999,0.08424908424908426,0.0970873786407767,-0.012838294391692442
p_4246,t3_35mgfp,t1_cr5rof8,t1_cr68z3e,0.09090909090909091,0.014084507042253521,0.0768245838668374
p_4247,t3_35md5x,t1_cr5qlbl,t1_cr6fywq,0.038834951456310676,0.02857142857142857,0.010263522884882106
p_4249,t3_35k9i9,t1_cr5buw4,t1_cr5km5t,0.042071197411003236,0.027777777777777776,0.01429341963322546
p_4252,t3_35gi8x,t1_cr4ky6p,t1_cr49czs,0.031578947368421054,0.05583756345177665,-0.024258616083355597
p_4253,t3_35gi8x,t1_cr4s724,t1_cr49czs,0.03819444444444445,0.05583756345177665,-0.017643119007332203
p_4254,t3_35foy9,t1_cr3z6dk,t1_cr4asiu,0.03180914512922465,0.025735294117647058,0.006073851011577591
p_4257,t3_35foy9,t1_cr3z34g,t1_cr46bgq,0.034013605442176874,0.018229166666666668,0.015784438775510206
p_4258,t3_35foy9,t1_cr45f27,t1_cr4asiu,0.0182370820668693,0.025735294117647058,-0.007498212050777758
p_4260,t3_35fjb1,t1_cr49j5s,t1_cr3xa7x,0.01694915254237288,0.12,-0.10305084745762712
p_4262,t3_35bc4b,t1_cr2suj3,t1_cr2s3nt,0.06635071090047394,0.03759398496240601,0.028756725938067926
p_4263,t3_35bc4b,t1_cr2sadm,t1_cr2soeg,0.046875,0.08843537414965986,-0.041560374149659865
