pair_id,root_id,success_id,failure_id,frac_positive_words_success,frac_positive_words_failure,difference_success_minus_failure
p_1,t3_2ro9ux,t1_cnhplrm,t1_cnhqcwz,0.1927710843373494,0.23863636363636365,-0.04586527929901424
p_2,t3_2ro0ti,t1_cnhuxye,t1_cnhowj2,0.23880597014925373,0.18811881188118812,0.05068715826806561
p_3,t3_2rnr30,t1_cni3o83,t1_cnhlmdo,0.16878980891719744,0.1211453744493392,0.04764443446785824
p_5,t3_2rnfn0,t1_cnigfd9,t1_cnhjtqq,0.1625207296849088,0.14527845036319612,0.017242279321712684
p_6,t3_2rmy6e,t1_cnhc8a5,t1_cnhmkxc,0.23268698060941828,0.23076923076923078,0.0019177498401874993
p_7,t3_2rmy6e,t1_cnhjqws,t1_cnhmkxc,0.21673003802281368,0.23076923076923078,-0.0140391927464171
p_11,t3_2rkzen,t1_cngw4hp,t1_cnhjlf9,0.22641509433962265,0.16216216216216217,0.06425293217746048
p_12,t3_2rkjr3,t1_cngqb7p,t1_cnhhz9u,0.12759643916913946,0.2713178294573643,-0.14372139028822487
p_13,t3_2rk7my,t1_cngooa8,t1_cngpiso,0.2391304347826087,0.15757575757575756,0.08155467720685114
p_14,t3_2rk7my,t1_cngoaq7,t1_cngoke7,0.18181818181818182,0.1774193548387097,0.004398826979472137
p_15,t3_2rgs7o,t1_cngkdic,t1_cnfu7mt,0.18407960199004975,0.19469026548672566,-0.010610663496675915
p_18,t3_2rd7mg,t1_cnetiqi,t1_cnfbr75,0.1893687707641196,0.16939890710382513,0.019969863660294462
p_19,t3_2rd7mg,t1_cnethg8,t1_cnevo8r,0.24242424242424243,0.21505376344086022,0.027370478983382213
p_20,t3_2rcsdh,t1_cneonwb,t1_cnerq8q,0.17452830188679244,0.21428571428571427,-0.03975741239892183
p_21,t3_2rcsdh,t1_cnepre9,t1_cneta9f,0.1568627450980392,0.23404255319148937,-0.07717980809345015
p_22,t3_2rcsdh,t1_cnerrix,t1_cnerq8q,0.15151515151515152,0.21428571428571427,-0.06277056277056275
p_24,t3_2rcpqy,t1_cnen833,t1_cneniy0,0.16037735849056603,0.1320754716981132,0.028301886792452824
p_25,t3_2rc3p3,t1_cnelqn6,t1_cnejze0,0.1912751677852349,0.1810344827586207,0.01024068502661421
p_26,t3_2rawgb,t1_cneyhn7,t1_cnerfm7,0.16627634660421545,0.14749661705006767,0.018779729554147778
p_28,t3_2r7f0g,t1_cnd8t6p,t1_cnd4xb4,0.22966507177033493,0.15436241610738255,0.07530265566295238
p_29,t3_2r6fw9,t1_cnczhfc,t1_cncxwgs,0.18803418803418803,0.2111111111111111,-0.023076923076923078
p_30,t3_2r6a86,t1_cncxf4c,t1_cncxj5i,0.1902552204176334,0.13043478260869565,0.059820437808937754
p_31,t3_2r6a86,t1_cncz7ep,t1_cnd1czm,0.1910828025477707,0.19185059422750425,-0.0007677916797335371
p_32,t3_2r6a86,t1_cncx9n7,t1_cnd9u6t,0.15352697095435686,0.14942528735632185,0.004101683598035005
p_33,t3_2r5o9o,t1_cncqcjt,t1_cncwesf,0.13548387096774195,0.16363636363636364,-0.028152492668621687
p_34,t3_2r5o9o,t1_cncp4k9,t1_cncvoxh,0.18556701030927836,0.21428571428571427,-0.028718703976435916
p_35,t3_2r5o9o,t1_cncqhhb,t1_cncpluh,0.20710059171597633,0.07777777777777778,0.12932281393819856
p_36,t3_2r4u3k,t1_cncry40,t1_cncnikt,0.14814814814814814,0.21082621082621084,-0.0626780626780627
p_37,t3_2r4b8f,t1_cnch3ur,t1_cnchpr4,0.21226415094339623,0.19402985074626866,0.018234300197127573
p_38,t3_2r3fa4,t1_cnc4l6o,t1_cnc6h09,0.13636363636363635,0.18309859154929578,-0.04673495518565943
p_39,t3_2r39y4,t1_cnc2apj,t1_cnc69pi,0.09876543209876543,0.1984732824427481,-0.09970785034398266
p_41,t3_2r1qfw,t1_cnd3gva,t1_cnbpxtc,0.15723270440251572,0.13846153846153847,0.018771165940977247
p_42,t3_2r1omi,t1_cnblplo,t1_cnblyk8,0.16666666666666666,0.23880597014925373,-0.07213930348258707
p_43,t3_2r1omi,t1_cnby5pl,t1_cnbl7tt,0.1889400921658986,0.23214285714285715,-0.043202764976958546
p_44,t3_2r17g1,t1_cnbjfmc,t1_cnbjh0e,0.18018018018018017,0.26229508196721313,-0.08211490178703296
p_45,t3_2r0eyf,t1_cncjlq6,t1_cnb8f1r,0.27472527472527475,0.184,0.09072527472527475
p_47,t3_2r07cv,t1_cnb5yjj,t1_cnbl2z0,0.15053763440860216,0.15328467153284672,-0.002747037124244567
p_50,t3_2qzudy,t1_cnb75td,t1_cnb72w5,0.16346153846153846,0.24193548387096775,-0.07847394540942929
p_51,t3_2qy21w,t1_cnaozch,t1_cnaxt0m,0.11764705882352941,0.26956521739130435,-0.15191815856777494
p_52,t3_2qvzyh,t1_cna6cd3,t1_cna4m9p,0.037383177570093455,0.1592920353982301,-0.12190885782813662
p_54,t3_2qu6fg,t1_cn9rm4s,t1_cn9jqcy,0.15168539325842698,0.12745098039215685,0.024234412866270122
p_55,t3_2qtorn,t1_cn9ejzb,t1_cn9ezot,0.2026431718061674,0.22424242424242424,-0.02159925243625685
p_56,t3_2qslmz,t1_cn96gyu,t1_cn96797,0.14477766287487073,0.1922141119221411,-0.047436449047270374
p_57,t3_2qrlmm,t1_cn8uzj9,t1_cna3vcn,0.25,0.2807017543859649,-0.030701754385964897
p_58,t3_2qrlmm,t1_cn8va27,t1_cna3vcn,0.18138424821002386,0.2807017543859649,-0.09931750617594104
p_59,t3_2qrbaf,t1_cn9b6ar,t1_cnajqzu,0.18316831683168316,0.16017316017316016,0.022995156658523003
p_60,t3_2qr8gn,t1_cn8tm9p,t1_cn8zxwa,0.21739130434782608,0.20202020202020202,0.015371102327624064
p_61,t3_2qr8gn,t1_cn9b5po,t1_cn8tfsm,0.18834080717488788,0.18435754189944134,0.00398326527544654
p_62,t3_2qqxoy,t1_cn8oez8,t1_cn8o8sq,0.14018691588785046,0.12173913043478261,0.01844778545306784
p_63,t3_2qqa7z,t1_cn8hti0,t1_cn8hi2i,0.24916943521594684,0.23711340206185566,0.012056033154091178
p_64,t3_2qnzap,t1_cn7zx81,t1_cn7wwbo,0.15445544554455445,0.14921465968586387,0.005240785858690589
p_65,t3_2qnzap,t1_cn7x1ic,t1_cn7zlhv,0.1752988047808765,0.21739130434782608,-0.042092499566949576
p_66,t3_2qnu4z,t1_cn7xcvt,t1_cn8idg6,0.22355769230769232,0.2126865671641791,0.01087112514351321
p_67,t3_2qnu4z,t1_cn7wrhe,t1_cn8idg6,0.17647058823529413,0.2126865671641791,-0.03621597892888498
p_68,t3_2qncj3,t1_cn7tqy5,t1_cn7wgim,0.1951219512195122,0.19895287958115182,-0.0038309283616396184
p_73,t3_2qia6o,t1_cn7l5g4,t1_cn6ogzo,0.2277580071174377,0.19444444444444445,0.03331356267299326
p_72,t3_2qia6o,t1_cn6rxow,t1_cn6ot0g,0.22839506172839505,0.19348659003831417,0.03490847169008088
p_74,t3_2qgpie,t1_cn620d0,t1_cn5z7c0,0.23529411764705882,0.203125,0.03216911764705882
p_77,t3_2qc1rl,t1_cn5sqpz,t1_cn50cq3,0.14814814814814814,0.16967509025270758,-0.021526942104559438
p_80,t3_2qaf6l,t1_cn4h6d8,t1_cn4ba9v,0.16044776119402984,0.2149122807017544,-0.054464519507724546
p_81,t3_2q9fkx,t1_cn46e20,t1_cn4ebjb,0.14937759336099585,0.17142857142857143,-0.022050978067575583
p_83,t3_2q6x54,t1_cn3lhe7,t1_cn3f94v,0.288135593220339,0.2,0.08813559322033898
p_84,t3_2q6k6o,t1_cn3clj6,t1_cn3c0uh,0.25073746312684364,0.20551378446115287,0.04522367866569077
p_85,t3_2q6816,t1_cn3a5px,t1_cn38xe9,0.2336448598130841,0.19444444444444445,0.03920041536863966
p_86,t3_2q6816,t1_cn3875x,t1_cn3b495,0.1875,0.16279069767441862,0.024709302325581384
p_90,t3_2q388d,t1_cn2e530,t1_cn2pyft,0.15723270440251572,0.14563106796116504,0.011601636441350677
p_91,t3_2q388d,t1_cn2eaqu,t1_cn2pyft,0.2727272727272727,0.14563106796116504,0.12709620476610767
p_92,t3_2q388d,t1_cn2re9b,t1_cn2pyft,0.14873417721518986,0.14563106796116504,0.0031031092540248217
p_93,t3_2q388d,t1_cn2e6rz,t1_cn2j7o1,0.16666666666666666,0.19642857142857142,-0.029761904761904767
p_94,t3_2q2cxc,t1_cn28of2,t1_cn2g775,0.20982142857142858,0.20909090909090908,0.0007305194805194981
p_96,t3_2q0dpm,t1_cn1ti5g,t1_cn1p49g,0.15355805243445692,0.1792452830188679,-0.025687230584410997
p_101,t3_2pxqz4,t1_cn13ybe,t1_cn0y99z,0.1717171717171717,0.1619047619047619,0.0098124098124098
p_98,t3_2pxqz4,t1_cn11dcw,t1_cn0y99z,0.20930232558139536,0.1619047619047619,0.04739756367663345
p_99,t3_2pxqz4,t1_cn0znyb,t1_cn0y99z,0.25477707006369427,0.1619047619047619,0.09287230815893235
p_100,t3_2pxqz4,t1_cn11u7e,t1_cn12dq3,0.1875,0.18,0.007500000000000007
p_103,t3_2pww37,t1_cn0q1m7,t1_cn0vhkj,0.20915032679738563,0.16417910447761194,0.044971222319773685
p_105,t3_2pt2b2,t1_cmztgqz,t1_cmzvst5,0.2866666666666667,0.2275449101796407,0.05912175648702597
p_106,t3_2pt2b2,t1_cmzx0i4,t1_cmzv05o,0.25252525252525254,0.28205128205128205,-0.029526029526029507
p_107,t3_2ps2mr,t1_cmzhxux,t1_cmzyju1,0.21303258145363407,0.23170731707317074,-0.01867473561953667
p_108,t3_2pqfx4,t1_cmzmqbt,t1_cmz3fhx,0.16268980477223427,0.1893491124260355,-0.02665930765380123
p_109,t3_2ppxgu,t1_cmz3fxo,t1_cmz3hz0,0.12181303116147309,0.14857142857142858,-0.02675839740995549
p_110,t3_2pp7pp,t1_cmyupjh,t1_cmyxcrc,0.13196480938416422,0.1241782322863404,0.007786577097823821
p_112,t3_2pnm9s,t1_cmytc0t,t1_cmycunf,0.1597222222222222,0.18562874251497005,-0.025906520292747842
p_114,t3_2pm08t,t1_cmxwzlp,t1_cmxwyti,0.17086834733893558,0.19858156028368795,-0.027713212944752375
p_116,t3_2pjmrj,t1_cmxddb6,t1_cmxj3jh,0.18990120746432493,0.16015625,0.029744957464324928
p_117,t3_2pjbkm,t1_cmx7wpk,t1_cmx81vs,0.21292775665399238,0.16988416988416988,0.043043586769822506
p_119,t3_2pjbkm,t1_cmx86kb,t1_cmx81vs,0.19750889679715303,0.16988416988416988,0.02762472691298315
p_118,t3_2pjbkm,t1_cmx7tet,t1_cmx7r0l,0.21341463414634146,0.19161676646706588,0.02179786767927558
p_120,t3_2pimzj,t1_cmx2c61,t1_cmy635r,0.14361702127659576,0.15447154471544716,-0.010854523438851404
p_122,t3_2phwfa,t1_cmwy98c,t1_cmwvzit,0.1858974358974359,0.23232323232323232,-0.04642579642579642
p_123,t3_2pfatz,t1_cmw8af0,t1_cmw5dme,0.13612565445026178,0.07692307692307693,0.05920257752718486
p_124,t3_2pf19b,t1_cmw30ng,t1_cmw5vwc,0.23015873015873015,0.23529411764705882,-0.005135387488328674
p_125,t3_2pb90y,t1_cmw6nes,t1_cmv8x0x,0.29411764705882354,0.13725490196078433,0.1568627450980392
p_126,t3_2pata1,t1_cmuzv8n,t1_cmuzku3,0.2660098522167488,0.26973684210526316,-0.003726989888514387
p_128,t3_2pata1,t1_cmv1bja,t1_cmuzw1v,0.2336448598130841,0.2564102564102564,-0.022765396597172277
p_129,t3_2pata1,t1_cmv1kvh,t1_cmuzw1v,0.3465346534653465,0.2564102564102564,0.09012439705509012
p_130,t3_2paiy7,t1_cmuuepa,t1_cmuuubv,0.17142857142857143,0.15151515151515152,0.01991341991341991
p_132,t3_2pa8qe,t1_cmvck77,t1_cmuygdo,0.18421052631578946,0.18269230769230768,0.0015182186234817818
p_134,t3_2p8w9e,t1_cmuem3l,t1_cmuesb3,0.24113475177304963,0.22826086956521738,0.012873882207832255
p_135,t3_2p8d3m,t1_cmub3xl,t1_cmuaujo,0.3,0.26356589147286824,0.03643410852713175
p_140,t3_2p3d0h,t1_cmsyikr,t1_cmt2dzd,0.22807017543859648,0.23952095808383234,-0.011450782645235857
p_141,t3_2p3d0h,t1_cmszlym,t1_cmszanf,0.2069767441860465,0.18849840255591055,0.018478341630135953
p_144,t3_2p11bw,t1_cmsf46p,t1_cmsib92,0.1724137931034483,0.2079207920792079,-0.035506998975759624
p_145,t3_2p0xu8,t1_cmsgy2p,t1_cmsbh89,0.15339233038348082,0.1941747572815534,-0.04078242689807257
p_148,t3_2ox2nh,t1_cmrepwp,t1_cms5gvq,0.16165413533834586,0.185121107266436,-0.023466971928090136
p_149,t3_2ox2nh,t1_cmrgr22,t1_cms5gvq,0.16129032258064516,0.185121107266436,-0.023830784685790835
p_151,t3_2ouj9f,t1_cmqnl31,t1_cmqrfg1,0.19433198380566802,0.27793696275071633,-0.08360497894504831
p_153,t3_2ottrr,t1_cmqmfx7,t1_cmqnqbl,0.20273972602739726,0.24615384615384617,-0.04341412012644891
p_155,t3_2osnqc,t1_cmqhv5l,t1_cmresyd,0.19406392694063926,0.22302158273381295,-0.028957655793173692
p_157,t3_2orfda,t1_cmpt6sy,t1_cmpxkl7,0.14496644295302014,0.16153846153846155,-0.01657201858544141
p_158,t3_2opfa2,t1_cmpp5ft,t1_cmpbzl7,0.1686746987951807,0.31343283582089554,-0.14475813702571483
p_159,t3_2opfa2,t1_cmpb0pv,t1_cmpbzl7,0.24528301886792453,0.31343283582089554,-0.06814981695297101
p_162,t3_2ook4i,t1_cmp3ql5,t1_cmp6pe7,0.20833333333333334,0.25396825396825395,-0.04563492063492061
p_163,t3_2ook4i,t1_cmp3sav,t1_cmp6pe7,0.225,0.25396825396825395,-0.02896825396825395
p_164,t3_2oo3qw,t1_cmp0nen,t1_cmoz1u8,0.15281501340482573,0.2070393374741201,-0.054224324069294366
p_165,t3_2onx4o,t1_cmpcp85,t1_cmowl2j,0.18867924528301888,0.14792899408284024,0.04075025120017864
p_166,t3_2olm34,t1_cmogsmw,t1_cmobov1,0.21910112359550563,0.12751677852348994,0.09158434507201568
p_167,t3_2okzs7,t1_cmo88eb,t1_cmo4r1b,0.15656565656565657,0.18072289156626506,-0.024157235000608485
p_168,t3_2okzs7,t1_cmobl8p,t1_cmo50pz,0.17985611510791366,0.15579710144927536,0.0240590136586383
p_170,t3_2okad4,t1_cmo23yr,t1_cmo8tg2,0.16835016835016836,0.22702702702702704,-0.05867685867685868
p_171,t3_2okad4,t1_cmo8ojn,t1_cmoaise,0.20388349514563106,0.21052631578947367,-0.006642820643842612
p_172,t3_2oj6fq,t1_cmnogog,t1_cmnorxs,0.16192560175054704,0.11627906976744186,0.045646531983105185
p_173,t3_2oihml,t1_cmnhr07,t1_cmnhhi8,0.1509433962264151,0.16778523489932887,-0.016841838672913778
p_176,t3_2od6s9,t1_cmm80hm,t1_cmm6iu4,0.11538461538461539,0.12,-0.0046153846153846045
p_177,t3_2o6paa,t1_cmkar1d,t1_cmk90wu,0.21008403361344538,0.20388349514563106,0.0062005384678143205
p_178,t3_2o66aa,t1_cmktxrs,t1_cmkb48q,0.178743961352657,0.1935483870967742,-0.014804425744117194
p_179,t3_2o3imb,t1_cmjfisw,t1_cmjf4wj,0.17154811715481172,0.2,-0.028451882845188292
p_180,t3_2o2kga,t1_cmj4gzw,t1_cmj4j7t,0.15337423312883436,0.16363636363636364,-0.010262130507529277
p_182,t3_2o0cgz,t1_cmijvd2,t1_cmj6omn,0.195,0.19444444444444445,0.0005555555555555591
p_184,t3_2nzz4f,t1_cmig3tq,t1_cmigugj,0.16037735849056603,0.11846689895470383,0.0419104595358622
p_185,t3_2nzz4f,t1_cmig8jp,t1_cmigugj,0.1417910447761194,0.11846689895470383,0.023324145821415565
p_188,t3_2nycpk,t1_cmi2cok,t1_cmi07y5,0.1978021978021978,0.2261904761904762,-0.0283882783882784
p_189,t3_2nycpk,t1_cmi0pj8,t1_cmi1upk,0.17472118959107807,0.24429967426710097,-0.0695784846760229
p_192,t3_2nvoj9,t1_cmhbmic,t1_cmhh0hd,0.10714285714285714,0.18181818181818182,-0.07467532467532469
p_194,t3_2nurqb,t1_cmhj4k1,t1_cmh25d1,0.19164619164619165,0.1939655172413793,-0.00231932559518766
p_197,t3_2ns94k,t1_cmge1ce,t1_cmgdr4w,0.17582417582417584,0.08928571428571429,0.08653846153846155
p_201,t3_2nn1t8,t1_cmf6dis,t1_cmf9lck,0.13443396226415094,0.1518987341772152,-0.017464771913064253
p_203,t3_2nlqpd,t1_cmep4vb,t1_cmescql,0.14035087719298245,0.1693548387096774,-0.02900396151669496
p_204,t3_2njpov,t1_cme8uee,t1_cme7zu7,0.14705882352941177,0.13274336283185842,0.01431546069755335
p_207,t3_2nhvh5,t1_cme6tfj,t1_cme00q3,0.1856060606060606,0.16748768472906403,0.01811837587699658
p_208,t3_2nfgyu,t1_cmd8966,t1_cmdakad,0.1452513966480447,0.13846153846153847,0.006789858186506237
p_210,t3_2nfgyu,t1_cmdtb2g,t1_cmdla4k,0.14714494875549047,0.12,0.027144948755490478
p_211,t3_2neyur,t1_cmd1tqr,t1_cmd1oh5,0.11170212765957446,0.0995260663507109,0.012176061308863562
p_212,t3_2nejw6,t1_cmcw398,t1_cmcx4w0,0.14606741573033707,0.18681318681318682,-0.04074577108284974
p_213,t3_2ndhkz,t1_cmd8rka,t1_cmco92x,0.15517241379310345,0.12290502793296089,0.032267385860142564
p_214,t3_2nccrb,t1_cmcdwlz,t1_cmcd35f,0.2033898305084746,0.1865671641791045,0.0168226663293701
p_215,t3_2nbz5b,t1_cmca2tl,t1_cmcmvds,0.11764705882352941,0.23432343234323433,-0.11667637351970492
p_218,t3_2nbeuf,t1_cmcfhk8,t1_cmc4eif,0.20108695652173914,0.2206896551724138,-0.019602698650674655
p_217,t3_2nbeuf,t1_cmcdl7k,t1_cmcs0t1,0.21176470588235294,0.1797752808988764,0.03198942498347654
p_222,t3_2n8psp,t1_cmbkvaw,t1_cmbempi,0.20195439739413681,0.18050541516245489,0.02144898223168193
p_224,t3_2n8psp,t1_cmbnpay,t1_cmbzbs2,0.19692737430167598,0.1800262812089356,0.016901093092740377
p_225,t3_2n8psp,t1_cmc2p7e,t1_cmbi6o3,0.22193877551020408,0.16417910447761194,0.057759671032592136
p_226,t3_2n6s5w,t1_cmav500,t1_cmax5qt,0.2,0.1524390243902439,0.04756097560975611
p_227,t3_2n4aay,t1_cmac7sf,t1_cma6qfq,0.21052631578947367,0.20238095238095238,0.008145363408521289
p_229,t3_2n2wu5,t1_cm9u4m0,t1_cm9uau6,0.1044776119402985,0.14953271028037382,-0.04505509834007532
p_230,t3_2mzkhr,t1_cm931kl,t1_cm92k7o,0.15920398009950248,0.24074074074074073,-0.08153676064123824
p_232,t3_2mw3l4,t1_cm83s8f,t1_cm875yc,0.18811881188118812,0.15384615384615385,0.034272658035034265
p_234,t3_2mv3n4,t1_cm83yv8,t1_cm805jt,0.13842746400885936,0.17592592592592593,-0.03749846191706657
p_236,t3_2mr590,t1_cm6tqwt,t1_cm6umtg,0.11926605504587157,0.09433962264150944,0.024926432404362125
p_237,t3_2mqzo8,t1_cm6skkb,t1_cm6usez,0.13186813186813187,0.17989417989417988,-0.04802604802604801
p_238,t3_2mqujn,t1_cm7jdj2,t1_cm6wgd3,0.2604166666666667,0.18282548476454294,0.07759118190212375
p_239,t3_2mq7ib,t1_cm6ltar,t1_cm6oe3f,0.13131313131313133,0.12658227848101267,0.004730852832118659
p_240,t3_2mptvb,t1_cm6m7jr,t1_cm6q0wq,0.21973094170403587,0.21762349799732977,0.002107443706706097
p_241,t3_2mo4fl,t1_cm613kx,t1_cm5zuuo,0.22527472527472528,0.2619047619047619,-0.03663003663003664
p_242,t3_2mnthx,t1_cm5xikh,t1_cm660yf,0.16091954022988506,0.21912350597609562,-0.05820396574621056
p_245,t3_2mnthx,t1_cm627rv,t1_cm660yf,0.1728395061728395,0.21912350597609562,-0.04628399980325612
p_246,t3_2mnpdh,t1_cm6nlky,t1_cm65r7g,0.14423076923076922,0.19239373601789708,-0.048162966787127864
p_248,t3_2mm2dl,t1_cm5j6hr,t1_cm5iqtr,0.1875,0.1171875,0.0703125
p_247,t3_2mm2dl,t1_cm5ikfo,t1_cm5imes,0.12903225806451613,0.20224719101123595,-0.07321493294671982
p_249,t3_2mlvww,t1_cm5gv0j,t1_cm5fmvt,0.21138211382113822,0.1643835616438356,0.046998552177302616
p_250,t3_2mikc0,t1_cm4o1vc,t1_cm4l9f4,0.23423423423423423,0.18309859154929578,0.05113564268493845
p_251,t3_2mfr85,t1_cm3vvc3,t1_cm3xij2,0.17010309278350516,0.17088607594936708,-0.0007829831658619224
p_252,t3_2mfr85,t1_cm3wzw1,t1_cm3s6tg,0.17277486910994763,0.19402985074626866,-0.02125498163632103
p_255,t3_2mczo6,t1_cm330i1,t1_cm36hij,0.15714285714285714,0.2222222222222222,-0.06507936507936507
p_257,t3_2m9le3,t1_cm2e6er,t1_cm31flt,0.2469879518072289,0.22787610619469026,0.019111845612538647
p_258,t3_2m9le3,t1_cm2g5du,t1_cm31flt,0.2564102564102564,0.22787610619469026,0.02853415021556613
p_259,t3_2m9ifg,t1_cm26bmh,t1_cm2cio0,0.15384615384615385,0.13793103448275862,0.015915119363395236
p_260,t3_2m5248,t1_cm11puj,t1_cm1w5lh,0.19387755102040816,0.21212121212121213,-0.01824366110080397
p_261,t3_2m34jb,t1_cm0licf,t1_cm0sbmk,0.19106145251396647,0.23247863247863249,-0.04141717996466601
p_262,t3_2lzrmg,t1_clzo5rz,t1_clzn6zp,0.17435897435897435,0.17857142857142858,-0.004212454212454225
p_263,t3_2lzrmg,t1_clzq2xu,t1_clzow1h,0.19327731092436976,0.17245989304812834,0.020817417876241417
p_264,t3_2lzhcj,t1_clzk61h,t1_clzmzlv,0.19148936170212766,0.3275862068965517,-0.13609684519442405
p_265,t3_2lxha7,t1_clz4fjz,t1_clz6u94,0.1876484560570071,0.2125,-0.024851543942992882
p_266,t3_2lxha7,t1_clz6dii,t1_clz2zlh,0.1844106463878327,0.16806722689075632,0.016343419497076378
p_267,t3_2lxha7,t1_clz6jmw,t1_clz6u94,0.18181818181818182,0.2125,-0.03068181818181817
p_268,t3_2lwzlt,t1_clyyqcm,t1_clyz82q,0.08917197452229299,0.10606060606060606,-0.016888631538313076
p_269,t3_2lwzlt,t1_clz3eem,t1_clyzhrn,0.18518518518518517,0.15306122448979592,0.03212396069538925
p_270,t3_2lwv67,t1_clywrsu,t1_clywnxb,0.21568627450980393,0.23703703703703705,-0.021350762527233114
p_272,t3_2lvdpt,t1_clykbog,t1_clyi7eq,0.1590909090909091,0.13513513513513514,0.023955773955773946
p_274,t3_2lvano,t1_clyh39w,t1_clyhfb1,0.21428571428571427,0.23529411764705882,-0.021008403361344546
p_275,t3_2luhkp,t1_clyejs2,t1_clyfg14,0.22959183673469388,0.2463768115942029,-0.016784974859509028
p_277,t3_2ls0mt,t1_clxsuzu,t1_clxs28i,0.11194029850746269,0.1917808219178082,-0.07984052341034552
p_278,t3_2lrnbm,t1_clxhtmt,t1_clxl2fj,0.193717277486911,0.1827956989247312,0.010921578562179818
p_279,t3_2lqmp9,t1_clxaoqd,t1_clxmady,0.12631578947368421,0.19760479041916168,-0.07128900094547747
p_283,t3_2lorq2,t1_clwr4fw,t1_clwvc1q,0.15577889447236182,0.18137254901960784,-0.02559365454724602
p_286,t3_2lo786,t1_clwsiei,t1_clwl8yv,0.2158273381294964,0.15086206896551724,0.06496526916397916
p_287,t3_2lo786,t1_clwrur8,t1_clwvtrz,0.1891891891891892,0.2,-0.010810810810810811
p_289,t3_2llfy2,t1_clvxvqf,t1_clvyf5z,0.1551155115511551,0.22142857142857142,-0.06631305987741631
p_288,t3_2llfy2,t1_clvxvbb,t1_clvyf5z,0.17768595041322313,0.22142857142857142,-0.04374262101534829
p_290,t3_2ljn6y,t1_clvf7hk,t1_clvgued,0.20134228187919462,0.18181818181818182,0.019524100061012795
p_291,t3_2ljn6y,t1_clvf3sn,t1_clvg96j,0.20481927710843373,0.17318435754189945,0.031634919566534275
p_293,t3_2lhzxl,t1_cluxxzr,t1_cluy5d5,0.1834319526627219,0.20535714285714285,-0.021925190194420963
p_294,t3_2lhzxl,t1_cluy594,t1_cluzvgm,0.10614525139664804,0.20689655172413793,-0.10075130032748988
p_296,t3_2le6r2,t1_cltxkan,t1_cltxdco,0.17222222222222222,0.22727272727272727,-0.055050505050505044
p_298,t3_2ldsgu,t1_cltyfh2,t1_cltt3fn,0.25961538461538464,0.2809917355371901,-0.021376350921805454
p_302,t3_2l9paa,t1_clspte1,t1_clsvj5h,0.14146341463414633,0.14814814814814814,-0.006684733514001812
p_303,t3_2l6x4s,t1_cls2ahn,t1_cls2eiw,0.21774193548387097,0.19444444444444445,0.02329749103942652
p_305,t3_2l6s0m,t1_cls56tt,t1_cls5hqx,0.1497326203208556,0.1514726507713885,-0.0017400304505328923
p_306,t3_2l3xj1,t1_clrpq69,t1_clrfe8c,0.2542372881355932,0.09259259259259259,0.16164469554300062
p_307,t3_2kypt8,t1_clpvnyi,t1_clpvnbz,0.2676056338028169,0.1487603305785124,0.11884530322430448
p_308,t3_2kypt8,t1_clpwjwi,t1_clpzajn,0.1527777777777778,0.1971153846153846,-0.04433760683760682
p_309,t3_2kx0t8,t1_clphwg9,t1_clpl2cj,0.16279069767441862,0.17647058823529413,-0.013679890560875513
p_311,t3_2kuu7n,t1_clp4w50,t1_cloyjd8,0.2247191011235955,0.1930379746835443,0.031681126440051194
p_310,t3_2kuu7n,t1_clp4b7x,t1_clp3n3x,0.22077922077922077,0.1875,0.03327922077922077
p_313,t3_2kqfel,t1_clnulai,t1_clntjxy,0.1927710843373494,0.2482758620689655,-0.055504777731616106
p_314,t3_2kqfel,t1_clnttl9,t1_clomsf7,0.1691542288557214,0.12,0.049154228855721405
p_315,t3_2kose9,t1_clnb50a,t1_clnb6hg,0.19691577698695137,0.16591928251121077,0.0309964944757406
p_316,t3_2ko5tx,t1_cln523m,t1_cln4fit,0.21982758620689655,0.2714285714285714,-0.05160098522167486
p_318,t3_2kkqbm,t1_clmbeod,t1_clm9hyb,0.2033898305084746,0.23834196891191708,-0.034952138403442495
p_319,t3_2kko3q,t1_clm9cj5,t1_clmew0k,0.205,0.24,-0.035
p_322,t3_2kko3q,t1_clmb52s,t1_clm9cuo,0.1643835616438356,0.19902120717781402,-0.03463764553397841
p_324,t3_2kk7pc,t1_clm4luc,t1_clm2hsa,0.1625615763546798,0.0979020979020979,0.0646594784525819
p_325,t3_2kgrtb,t1_cll64ro,t1_cll7z9y,0.23809523809523808,0.23766816143497757,0.0004270766602605114
p_326,t3_2kgrtb,t1_cll6vkk,t1_cll7z9y,0.17379679144385027,0.23766816143497757,-0.0638713699911273
p_328,t3_2kdqq8,t1_clkkhs8,t1_clktv9z,0.19615384615384615,0.16666666666666666,0.029487179487179493
p_330,t3_2kcnzq,t1_clk2ygk,t1_clk0kv6,0.15384615384615385,0.2655367231638418,-0.11169056931768795
p_331,t3_2kacra,t1_cljftmb,t1_cljqwum,0.18181818181818182,0.20300751879699247,-0.021189336978810647
p_332,t3_2ka7la,t1_cljglg2,t1_cljepyl,0.16326530612244897,0.2085889570552147,-0.04532365093276575
p_333,t3_2k7hdx,t1_clirc4j,t1_clio0tt,0.1559633027522936,0.18085106382978725,-0.02488776107749366
p_334,t3_2k6r90,t1_clih2os,t1_clih4bd,0.17677642980935876,0.18160919540229886,-0.0048327655929401026
p_335,t3_2k6r90,t1_clij0jm,t1_clih4bd,0.19176319176319176,0.18160919540229886,0.010153996360892897
p_336,t3_2k6r90,t1_cliklzw,t1_cligqv5,0.18018018018018017,0.24066390041493776,-0.06048372023475759
p_337,t3_2k6r90,t1_clifxg1,t1_cligjkm,0.13970588235294118,0.15384615384615385,-0.014140271493212675
p_338,t3_2k6gif,t1_clicob1,t1_clifs1j,0.11688311688311688,0.17717717717717718,-0.0602940602940603
p_339,t3_2k4hym,t1_clhtpwj,t1_clhv3j1,0.19393939393939394,0.18421052631578946,0.009728867623604476
p_340,t3_2k49mm,t1_clhusz2,t1_clhupbu,0.2076923076923077,0.21978021978021978,-0.012087912087912073
p_341,t3_2k3k0f,t1_clhk37s,t1_clhkbr9,0.13690476190476192,0.1885245901639344,-0.051619828259172496
p_342,t3_2k3k0f,t1_clhqb2i,t1_clhkbr9,0.20962199312714777,0.1885245901639344,0.021097402963213358
p_343,t3_2k38kl,t1_clhr282,t1_clhhr4x,0.21428571428571427,0.22580645161290322,-0.011520737327188946
p_344,t3_2k36w0,t1_clhgvwv,t1_cli2kib,0.2558139534883721,0.18045112781954886,0.07536282566882324
p_345,t3_2k36w0,t1_cli8oco,t1_clhjrth,0.18156161806208843,0.16415868673050615,0.017402931331582272
p_346,t3_2k2szz,t1_clhdjlr,t1_clhg601,0.24210526315789474,0.2345679012345679,0.007537361923326852
p_347,t3_2k1utj,t1_clh4smk,t1_clh4kow,0.23333333333333334,0.32727272727272727,-0.09393939393939393
p_348,t3_2k1utj,t1_clh4t7a,t1_clhgd1b,0.18691588785046728,0.3333333333333333,-0.14641744548286603
p_349,t3_2k1utj,t1_clhb9mi,t1_clh4kow,0.19411764705882353,0.32727272727272727,-0.13315508021390374
p_351,t3_2k1puo,t1_clh63i4,t1_clh5f05,0.1686046511627907,0.05309734513274336,0.11550730603004733
p_352,t3_2k1puo,t1_clh65uf,t1_clhvr2d,0.15669205658324264,0.1861198738170347,-0.029427817233792064
p_353,t3_2k1puo,t1_clh65j4,t1_clhvr2d,0.17880794701986755,0.1861198738170347,-0.007311926797167162
p_354,t3_2k1puo,t1_cli979e,t1_clhkzsx,0.18468468468468469,0.19327731092436976,-0.00859262623968507
p_355,t3_2k19cr,t1_clgz4c8,t1_clh5opp,0.21839080459770116,0.19117647058823528,0.02721433400946588
p_357,t3_2k19cr,t1_clgz8mq,t1_clh4fvz,0.2065439672801636,0.18120805369127516,0.025335913588888453
p_358,t3_2k17kl,t1_clhphu8,t1_clgytu5,,0.14432989690721648,
p_359,t3_2k16fy,t1_clh464b,t1_clh7dae,0.19480519480519481,0.15748031496062992,0.037324879844564895
p_360,t3_2k0t4m,t1_clh2kiw,t1_cliiz93,0.21074380165289255,0.20625,0.004493801652892565
p_362,t3_2k08pw,t1_clgrnar,t1_clgppqb,0.2605042016806723,0.2215568862275449,0.03894731545312738
p_367,t3_2jvv3h,t1_clfmf4m,t1_clfkc2t,0.23728813559322035,0.2604166666666667,-0.02312853107344634
p_368,t3_2jug85,t1_clf92x6,t1_clfbqwz,0.2222222222222222,0.22093023255813954,0.0012919896640826711
p_369,t3_2jug85,t1_clf7frm,t1_clffyeo,0.23972602739726026,0.25833333333333336,-0.0186073059360731
p_370,t3_2ju07o,t1_clf6o33,t1_clf2f0m,0.27380952380952384,0.21428571428571427,0.05952380952380956
p_371,t3_2jtpcj,t1_clf007u,t1_clf0si6,0.2231404958677686,0.2818181818181818,-0.0586776859504132
p_372,t3_2jr2px,t1_clec1be,t1_clefsfa,0.1950207468879668,0.13917525773195877,0.05584548915600804
p_373,t3_2jpazx,t1_cldtopl,t1_cldtw4w,0.14583333333333334,0.19138755980861244,-0.0455542264752791
p_374,t3_2jp9x4,t1_cldt2z1,t1_cldu76n,0.2898550724637681,0.25217391304347825,0.03768115942028988
p_375,t3_2jp9x4,t1_clekeze,t1_clegi91,0.24806201550387597,0.17592592592592593,0.07213608957795004
p_378,t3_2jk5tw,t1_clciqy4,t1_clcualb,0.16981132075471697,0.18181818181818182,-0.012006861063464852
p_380,t3_2jk4dx,t1_clcyeh9,t1_clcuzkf,0.1695906432748538,0.28,-0.11040935672514623
p_382,t3_2jgtvo,t1_clbpx86,t1_clbm2rj,0.21495327102803738,0.17567567567567569,0.039277595352361694
p_383,t3_2jd1e2,t1_clal24g,t1_clanf9e,0.19694072657743786,0.2786885245901639,-0.08174779801272605
p_384,t3_2jd1e2,t1_clarvlb,t1_clanf9e,0.1883720930232558,0.2786885245901639,-0.0903164315669081
p_385,t3_2jd1e2,t1_claktmk,t1_clanf9e,0.15757575757575756,0.2786885245901639,-0.12111276701440635
p_387,t3_2jaz9o,t1_claaior,t1_cla6j13,0.08695652173913043,0.13114754098360656,-0.04419101924447613
p_388,t3_2jalt8,t1_clawz3s,t1_cla00dw,0.22014925373134328,0.2,0.02014925373134327
p_389,t3_2jalrh,t1_cl9xfk4,t1_cl9zbqs,0.16019417475728157,0.1,0.06019417475728156
p_390,t3_2jaiv1,t1_cl9wvir,t1_cl9x4n6,0.1782178217821782,0.16981132075471697,0.008406501027461238
p_391,t3_2j7xhu,t1_cl97sqh,t1_cl96t4g,0.21348314606741572,0.23880597014925373,-0.025322824081838002
p_394,t3_2j7gwy,t1_cl96wx9,t1_cl9fm82,0.1619047619047619,0.1415525114155251,0.020352250489236806
p_395,t3_2j7gwy,t1_cl9cn39,t1_cl9dn9l,0.18376068376068377,0.25,-0.06623931623931623
p_396,t3_2j7d65,t1_cl91nh6,t1_cl91k1d,0.1342281879194631,0.01694915254237288,0.11727903537709021
p_398,t3_2j6t16,t1_cl92lzn,t1_cl97wok,0.26136363636363635,0.23546511627906977,0.025898520084566584
p_400,t3_2j5jvu,t1_cl9bkpg,t1_cl8o6tc,0.170182841068917,0.16312056737588654,0.007062273693030474
p_403,t3_2j3b5u,t1_cl80w0h,t1_cl8gnj4,0.19,0.19745222929936307,-0.007452229299363067
p_407,t3_2j3b5u,t1_cl8dhjd,t1_cl85v1i,0.20675105485232068,0.16153846153846155,0.04521259331385913
p_406,t3_2j3b5u,t1_cl89ycu,t1_cl85v1i,0.1843817787418655,0.16153846153846155,0.022843317203403962
p_408,t3_2j3aav,t1_cl840b4,t1_cl849y1,0.1464968152866242,0.14492753623188406,0.0015692790547401358
p_409,t3_2j28la,t1_cl7q1dy,t1_cl858g0,0.168141592920354,0.30158730158730157,-0.13344570866694758
p_410,t3_2j28la,t1_cl7p4at,t1_cl83vyl,0.2147239263803681,0.13008130081300814,0.08464262556735996
p_411,t3_2j28la,t1_cl7ri4n,t1_cl858g0,0.19844357976653695,0.30158730158730157,-0.10314372182076462
p_412,t3_2j28la,t1_cl81bji,t1_cl858g0,0.19463087248322147,0.30158730158730157,-0.1069564291040801
p_413,t3_2j196u,t1_cl7nh5y,t1_cl7qbkn,0.1774193548387097,0.16507177033492823,0.012347584503781456
p_415,t3_2izt1m,t1_cl7icjq,t1_cl7elqy,0.155893536121673,0.13095238095238096,0.024941155169292045
p_416,t3_2izt1m,t1_cl7sekd,t1_cl75zb3,0.1324655436447167,0.1736111111111111,-0.04114556746639442
p_418,t3_2izjkk,t1_cl6xo3s,t1_cl74g9q,0.2,0.21893491124260356,-0.018934911242603547
p_419,t3_2izjkk,t1_cl6ygkg,t1_cl6xy7n,0.21962616822429906,0.24744897959183673,-0.02782281136753767
p_420,t3_2izeqi,t1_cl6wpkg,t1_cl6w17t,0.16336633663366337,0.16535433070866143,-0.0019879940749980562
p_422,t3_2ixmih,t1_cl6muq9,t1_cl6mipr,0.12781954887218044,0.2318840579710145,-0.10406450909883405
p_423,t3_2ixmih,t1_cl6ozsr,t1_cl6o7jv,0.14931237721021612,0.14559386973180077,0.003718507478415345
p_427,t3_2ixatz,t1_cl8dw9u,t1_cl6g9da,0.27419354838709675,0.22518518518518518,0.04900836320191157
p_425,t3_2ixatz,t1_cl6fauf,t1_cl6z31r,0.16751269035532995,0.25675675675675674,-0.08924406640142679
p_426,t3_2ixatz,t1_cl6iqft,t1_cl6gf5b,0.15294117647058825,0.24324324324324326,-0.09030206677265501
p_428,t3_2iwzsp,t1_cl6ay84,t1_cl6c988,0.18333333333333332,0.21264367816091953,-0.02931034482758621
p_429,t3_2iwzsp,t1_cl6bhfy,t1_cl6c988,0.1326530612244898,0.21264367816091953,-0.07999061693642973
p_430,t3_2iwveo,t1_cl6b8u3,t1_cl69lxd,0.1956521739130435,0.15867158671586715,0.03698058719717634
p_431,t3_2iwveo,t1_cl800qa,t1_cl69lxd,0.21352313167259787,0.15867158671586715,0.054851544956730725
p_432,t3_2ivx0l,t1_cl67lqu,t1_cl67bty,0.2708333333333333,0.20476190476190476,0.06607142857142856
p_434,t3_2iv4za,t1_cl5slm3,t1_cl5s53p,0.12162162162162163,0.16,-0.038378378378378375
p_435,t3_2iuaxc,t1_cl5nwpb,t1_cl5jk46,0.13541666666666666,0.20388349514563106,-0.0684668284789644
p_437,t3_2isiv7,t1_cl525xl,t1_cl549xt,0.19852941176470587,0.32142857142857145,-0.12289915966386558
p_439,t3_2irrk7,t1_cl4wjj0,t1_cl4u4v3,0.15309446254071662,0.21301775147928995,-0.05992328893857332
p_438,t3_2irrk7,t1_cl4wdvv,t1_cl52znp,0.15254237288135594,0.12138728323699421,0.031155089644361728
p_440,t3_2irrk7,t1_cl4y7m2,t1_cl58m5a,0.15527065527065528,0.1443661971830986,0.01090445808755669
p_441,t3_2ir1vh,t1_cl4nafc,t1_cl4pno4,0.15040650406504066,0.10526315789473684,0.04514334617030383
p_443,t3_2iovvi,t1_cl43i7i,t1_cl42uon,0.1641025641025641,0.1511111111111111,0.01299145299145299
p_444,t3_2inzpj,t1_cl3wpb9,t1_cl3udkv,0.1527777777777778,0.14634146341463414,0.006436314363143653
p_445,t3_2ina28,t1_cl3s9jc,t1_cl3neuz,0.15384615384615385,0.22388059701492538,-0.07003444316877153
p_449,t3_2il3zi,t1_cl3rzx9,t1_cl3bvmc,0.3584905660377358,0.24611398963730569,0.11237657640043014
p_450,t3_2ikw3y,t1_cl371yt,t1_cl333zm,0.13934426229508196,0.18518518518518517,-0.04584092289010322
p_451,t3_2iht9m,t1_cl2lqsw,t1_cl2gvmp,0.2361963190184049,0.14130434782608695,0.09489197119231796
p_452,t3_2igw1u,t1_cl25sfq,t1_cl22odo,0.23521505376344087,0.25,-0.014784946236559127
p_453,t3_2idrbt,t1_cl1a71q,t1_cl1ab8j,0.21530249110320285,0.20710059171597633,0.008201899387226513
p_454,t3_2idrbt,t1_cl1duod,t1_cl1dfkj,0.1925925925925926,0.20304568527918782,-0.010453092686595222
p_455,t3_2icu72,t1_cl11doa,t1_cl1s0iw,0.2032520325203252,0.14457831325301204,0.05867371926731316
p_456,t3_2ia71k,t1_cl0aa4e,t1_cl09ezh,0.22950819672131148,0.2742857142857143,-0.04477751756440282
p_457,t3_2ia687,t1_cl09frn,t1_cl0qx79,0.22435897435897437,0.25116279069767444,-0.026803816338700076
p_460,t3_2i87x9,t1_ckzt3jo,t1_ckzrx1b,0.25263157894736843,0.20833333333333334,0.04429824561403509
p_461,t3_2i7mpy,t1_ckzo815,t1_ckzptel,0.19128329297820823,0.20297029702970298,-0.011687004051494754
p_464,t3_2i74db,t1_ckzhoas,t1_ckzmg42,0.23333333333333334,0.21021021021021022,0.023123123123123118
p_466,t3_2i74db,t1_ckzk199,t1_ckzh5vf,0.2,0.1724137931034483,0.027586206896551724
p_465,t3_2i74db,t1_ckzhr6u,t1_ckzmg42,0.21363636363636362,0.21021021021021022,0.0034261534261534055
p_467,t3_2i74db,t1_ckzp8g2,t1_ckzhplg,0.23255813953488372,0.24786324786324787,-0.015305108328364153
p_468,t3_2i74db,t1_cl0olzx,t1_ckzivxw,0.2311111111111111,0.3153846153846154,-0.08427350427350427
p_469,t3_2i6wcg,t1_ckzjivu,t1_ckzqgtr,0.14322916666666666,0.24066390041493776,-0.09743473374827111
p_470,t3_2i6sq2,t1_ckzd013,t1_ckzmvnc,0.25925925925925924,0.23529411764705882,0.023965141612200425
p_472,t3_2i53gm,t1_ckyxxzr,t1_ckzkrjm,0.2,0.29,-0.08999999999999997
p_474,t3_2i53gm,t1_ckyxdye,t1_ckyz4tk,0.26666666666666666,0.09090909090909091,0.17575757575757575
p_473,t3_2i53gm,t1_ckz0h04,t1_ckzj5lk,0.16129032258064516,0.19148936170212766,-0.0301990391214825
p_475,t3_2i4ujn,t1_ckz1of3,t1_ckyu5rm,0.1332398316970547,0.11284046692607004,0.020399364770984654
p_476,t3_2i48ap,t1_ckyt6o8,t1_ckyqbf3,0.2443820224719101,0.2215909090909091,0.02279111338100101
p_477,t3_2i1d99,t1_ckxyj6k,t1_cky3jbs,0.13284132841328414,0.20689655172413793,-0.07405522331085379
p_479,t3_2i0v1l,t1_ckxu8a4,t1_cky4z54,0.28362573099415206,0.21846153846153846,0.0651641925326136
p_480,t3_2i0v1l,t1_ckxvp3i,t1_cky4z54,0.24193548387096775,0.21846153846153846,0.023473945409429292
p_481,t3_2i0v1l,t1_ckxu3sn,t1_cky4z54,0.2198581560283688,0.21846153846153846,0.0013966175668303493
p_483,t3_2i0v1l,t1_ckxu3jp,t1_cky4z54,0.226457399103139,0.21846153846153846,0.007995860641600544
p_482,t3_2i0v1l,t1_cky0241,t1_ckyf89q,0.24404761904761904,0.22606924643584522,0.01797837261177382
p_484,t3_2hzyl1,t1_cky1hsp,t1_ckxtqoy,0.14728682170542637,0.19321148825065274,-0.04592466654522637
p_485,t3_2hxjbt,t1_ckx3oiu,t1_ckwx420,0.16393442622950818,0.13829787234042554,0.025636553889082647
p_486,t3_2hxjbt,t1_ckx4axr,t1_ckwx420,0.16666666666666666,0.13829787234042554,0.02836879432624112
p_488,t3_2hwulu,t1_ckwq1jd,t1_ckwq945,0.11864406779661017,0.1919191919191919,-0.07327512412258173
p_490,t3_2htrl3,t1_ckw2y0n,t1_ckvy6x4,0.27099236641221375,0.22727272727272727,0.04371963913948648
p_491,t3_2htk52,t1_ckvvxkp,t1_ckvx0ev,0.19072164948453607,0.17307692307692307,0.017644726407613
p_492,t3_2htk52,t1_ckvxkvc,t1_ckvx0ev,0.15476190476190477,0.17307692307692307,-0.018315018315018305
p_493,t3_2hr75i,t1_ckv9zqs,t1_ckv9rr3,0.24369747899159663,0.19491525423728814,0.04878222475430849
p_496,t3_2hpa2d,t1_ckuqod3,t1_ckuzhiu,0.17297297297297298,0.15819209039548024,0.014780882577492743
p_498,t3_2ho91q,t1_ckvcw78,t1_ckuhjc3,0.15384615384615385,0.1590909090909091,-0.005244755244755234
p_499,t3_2hiuav,t1_ckt28ag,t1_ckt2g63,0.14791987673343607,0.14285714285714285,0.005062733876293218
p_500,t3_2hfggr,t1_cks62en,t1_cks5dxq,0.14925373134328357,0.15753424657534246,-0.008280515232058888
p_501,t3_2hevmr,t1_cks71oj,t1_cks21ow,0.2303120356612184,0.1877761413843888,0.042535894276829606
p_503,t3_2hcsbm,t1_ckrirh7,t1_ckrgs3i,0.17197452229299362,0.24113475177304963,-0.06916022948005601
p_504,t3_2hcsbm,t1_ckrm2w9,t1_ckrhha6,0.2551440329218107,0.23043478260869565,0.02470925031311505
p_505,t3_2hcri1,t1_ckrh2wh,t1_ckrggw4,0.17525773195876287,0.24096385542168675,-0.06570612346292387
p_506,t3_2hcri1,t1_ckrjgy3,t1_ckrggw4,0.1793103448275862,0.24096385542168675,-0.06165351059410054
p_508,t3_2h86d3,t1_ckqarz7,t1_ckqhhuu,0.2081447963800905,0.16760828625235405,0.04053651012773646
p_509,t3_2h86d3,t1_ckqafe5,t1_ckqce1l,0.2175925925925926,0.20481927710843373,0.01277331548415886
p_511,t3_2h4eyz,t1_ckpc76o,t1_ckp9n1i,0.08771929824561403,0.13559322033898305,-0.04787392209336902
p_513,t3_2h0jzj,t1_ckohl81,t1_ckodwsx,0.18012422360248448,0.21524663677130046,-0.03512241316881598
p_514,t3_2h0jzj,t1_ckoe0hf,t1_ckodwsx,0.15632183908045977,0.21524663677130046,-0.05892479769084069
p_516,t3_2gzzdj,t1_cko4w0c,t1_cko704v,0.1810344827586207,0.19424460431654678,-0.013210121557926086
p_519,t3_2gydya,t1_cknrbir,t1_cknn53g,0.2100456621004566,0.18681318681318682,0.023232475287269794
p_520,t3_2gydya,t1_ckoa0em,t1_ckoa7jr,0.22185430463576158,0.21052631578947367,0.011327988846287912
p_522,t3_2gutfw,t1_ckmqhcy,t1_ckmsmic,0.10526315789473684,0.14553990610328638,-0.04027674820854954
p_523,t3_2gutfw,t1_ckmsso5,t1_ckmp2m8,0.12345679012345678,0.17894736842105263,-0.05549057829759585
p_524,t3_2gutfw,t1_ckmpz17,t1_ckn0chh,0.1728395061728395,0.1,0.07283950617283949
p_525,t3_2gsjt4,t1_ckm3eez,t1_ckm57gi,0.21153846153846154,0.3027027027027027,-0.09116424116424118
p_526,t3_2gsjkx,t1_ckm3upz,t1_ckm3me9,0.26108374384236455,0.24193548387096775,0.019148259971396797
p_527,t3_2gscl8,t1_ckm3j6s,t1_ckm1x6y,0.1830065359477124,0.14705882352941177,0.03594771241830064
p_529,t3_2gpy69,t1_cklkgsr,t1_cklrd7q,0.13636363636363635,0.14864864864864866,-0.012285012285012303
p_532,t3_2gmkz2,t1_ckkm4uh,t1_ckkl832,0.14102564102564102,0.20588235294117646,-0.06485671191553544
p_534,t3_2glozx,t1_ckkahw7,t1_ckkcrue,0.2465753424657534,0.1865079365079365,0.0600674059578169
p_535,t3_2glozx,t1_ckkb7k5,t1_ckkcgtt,0.19285714285714287,0.128,0.06485714285714286
p_536,t3_2gliyk,t1_ckk9blv,t1_ckk9cif,0.1705685618729097,0.1870748299319728,-0.016506268059063106
p_537,t3_2gliyk,t1_ckkaypu,t1_ckkhubk,0.1766990291262136,0.22131147540983606,-0.04461244628362246
p_538,t3_2gkv97,t1_ckk5d7b,t1_ckk2eje,0.20967741935483872,0.14285714285714285,0.06682027649769587
p_541,t3_2ghosx,t1_ckj7oyl,t1_ckj8bt9,0.24444444444444444,0.20454545454545456,0.03989898989898988
p_542,t3_2ggq4d,t1_ckiyftg,t1_ckiyjmb,0.19642857142857142,0.18045112781954886,0.015977443609022562
p_543,t3_2ggppl,t1_ckixuwj,t1_ckixo4m,0.17886178861788618,0.20121951219512196,-0.022357723577235783
p_545,t3_2ggppl,t1_ckiyv6o,t1_ckiz87f,0.20618556701030927,0.21465968586387435,-0.008474118853565082
p_547,t3_2ggeie,t1_ckj0ypi,t1_ckiurpd,0.19325153374233128,0.23798358733880423,-0.04473205359647295
p_548,t3_2gf3at,t1_ckjbl54,t1_ckioyq4,0.1357142857142857,0.12903225806451613,0.0066820276497695785
p_551,t3_2gdd35,t1_cki0iqm,t1_cki80vu,0.22435897435897437,0.2900763358778626,-0.06571736151888821
p_554,t3_2g83sk,t1_ckgpxl1,t1_ckgjkvd,0.17475728155339806,0.16,0.01475728155339806
p_555,t3_2g6mpl,t1_ckg55ez,t1_ckg4zgn,0.20202020202020202,0.1657754010695187,0.036244800950683304
p_556,t3_2g4ifu,t1_ckfqk9u,t1_ckfshmt,0.15813953488372093,0.15121951219512195,0.006920022688598981
p_559,t3_2g2vzd,t1_ckf6qtu,t1_ckf4pc7,0.21794871794871795,0.2597402597402597,-0.041791541791541764
p_561,t3_2g2dg1,t1_ckf6526,t1_ckg1de7,0.16262135922330098,0.18157181571815717,-0.018950456494856188
p_562,t3_2g1ea5,t1_ckeqq3q,t1_ckesi7g,0.15098468271334792,0.23076923076923078,-0.07978454805588286
p_564,t3_2g1ea5,t1_ckersg9,t1_cket437,0.28634361233480177,0.19525065963060687,0.0910929527041949
p_565,t3_2g1ea5,t1_cket8bk,t1_cket39p,0.26666666666666666,0.16216216216216217,0.10450450450450449
p_566,t3_2g0wmr,t1_ckenwa6,t1_ckemqjl,0.21560574948665298,0.1643835616438356,0.051222187842817374
p_569,t3_2fwq1i,t1_ckdlfbp,t1_ckdpk3y,0.17333333333333334,0.176056338028169,-0.0027230046948356623
p_570,t3_2fwmff,t1_ckdlodj,t1_ckdfg3r,0.2332155477031802,0.19047619047619047,0.04273935722698974
p_572,t3_2fuvyn,t1_ckd2th4,t1_ckd051u,0.19069767441860466,0.21694915254237288,-0.026251478123768213
p_573,t3_2fu5da,t1_ckcwa0l,t1_ckd7g94,0.16346153846153846,0.1780821917808219,-0.014620653319283444
p_575,t3_2fu5da,t1_ckd2dqa,t1_ckd7g94,0.1925925925925926,0.1780821917808219,0.014510400811770685
p_576,t3_2fu5da,t1_ckdjfgl,t1_cke4u4s,0.1774193548387097,0.21052631578947367,-0.033106960950763986
p_577,t3_2fty9r,t1_ckd78uk,t1_ckcsyfa,0.20666666666666667,0.14925373134328357,0.057412935323383096
p_579,t3_2fr87u,t1_ckcche8,t1_ckbz0d4,0.26605504587155965,0.20245398773006135,0.0636010581414983
p_581,t3_2fo07m,t1_ckb6wte,t1_ckbi4rn,0.1759656652360515,0.16370106761565836,0.012264597620393142
p_582,t3_2fo07m,t1_ckb4dmq,t1_ckbi4rn,0.18048780487804877,0.16370106761565836,0.01678673726239041
p_586,t3_2fkhgs,t1_cka4baq,t1_ckagd1v,0.20689655172413793,0.13095238095238096,0.07594417077175697
p_587,t3_2fkhgs,t1_cka71xp,t1_ckahr81,0.17543859649122806,0.14549180327868852,0.02994679321253954
p_588,t3_2fkhgs,t1_ckabepp,t1_ckab7k5,0.14739884393063585,0.19827586206896552,-0.05087701813832968
p_589,t3_2fjsjb,t1_ck9wx7u,t1_cka49p5,0.12418300653594772,0.1806020066889632,-0.056419000153015486
p_590,t3_2fh3qu,t1_ck99mwb,t1_ck94xpk,0.1152073732718894,0.11501597444089456,0.0001913988309948378
p_592,t3_2fgshm,t1_ck9f5l1,t1_ck98ujh,0.18587360594795538,0.1638418079096045,0.02203179803835087
p_593,t3_2fgrxm,t1_ck91zkd,t1_ck91m7r,0.1702127659574468,0.2193877551020408,-0.049174989144594006
p_595,t3_2fg916,t1_ck8x3ob,t1_ck8wogg,0.22972972972972974,0.27564102564102566,-0.04591129591129592
p_597,t3_2fduqy,t1_ck8t6he,t1_ck8px65,0.16534391534391535,0.18385650224215247,-0.01851258689823712
p_598,t3_2fduqy,t1_ck8agrx,t1_ck94f1t,0.19591836734693877,0.19066147859922178,0.005256888747716987
p_602,t3_2fdmwl,t1_ck8hcxb,t1_ck8aoqa,0.275,0.2576271186440678,0.017372881355932235
p_603,t3_2fdmwl,t1_ck8rib6,t1_ck8aoqa,0.23780487804878048,0.2576271186440678,-0.01982224059528731
p_605,t3_2fd87u,t1_ck83yle,t1_ck84612,0.14921465968586387,0.18032786885245902,-0.031113209166595157
p_606,t3_2fd87u,t1_ck859ka,t1_ck843v2,0.14285714285714285,0.13978494623655913,0.0030721966205837226
p_607,t3_2fbbv9,t1_ck84tkw,t1_ck88yhl,0.1850828729281768,0.21705426356589147,-0.031971390637714675
p_611,t3_2f78ys,t1_ck6mvg6,t1_ck6wzql,0.2409090909090909,0.22921615201900236,0.011692938890088544
p_616,t3_2f3w7f,t1_ck60pkf,t1_ck68kw6,0.20430107526881722,0.1953727506426735,0.008928324626143708
p_617,t3_2f3fma,t1_ck5uh5i,t1_ck5jj2i,0.18292682926829268,0.13986013986013987,0.04306668940815281
p_618,t3_2f2p8u,t1_ck5cmsy,t1_ck5f41j,0.3090909090909091,0.14666666666666667,0.16242424242424242
p_620,t3_2f1tka,t1_ck54mdm,t1_ck53prd,0.1523809523809524,0.17567567567567569,-0.02329472329472329
p_623,t3_2f0a4a,t1_ck5qg13,t1_ck4vnzo,0.22598870056497175,0.2962962962962963,-0.07030759573132453
p_626,t3_2erf2t,t1_ck2ljcj,t1_ck2gk4u,0.2066115702479339,0.21511627906976744,-0.008504708821833545
p_628,t3_2eqf4w,t1_ck2dhsc,t1_ck22nty,0.1782762691853601,0.17385257301808066,0.004423696167279445
p_635,t3_2emkns,t1_ck1194m,t1_ck13p6l,0.16049382716049382,0.17343173431734318,-0.012937907156849365
p_634,t3_2emkns,t1_ck0zrjm,t1_ck13p6l,0.15760869565217392,0.17343173431734318,-0.015823038665169264
p_632,t3_2emkns,t1_ck12zme,t1_ck13upr,0.17555555555555555,0.15346534653465346,0.022090209020902085
p_637,t3_2emdo8,t1_ck0wlix,t1_ck0ugt9,0.1793478260869565,0.17829457364341086,0.0010532524435456492
p_639,t3_2ehl9h,t1_cjzpkr3,t1_cjzk8g5,0.11009174311926606,0.19444444444444445,-0.08435270132517839
p_641,t3_2eez7x,t1_cjzf2j8,t1_cjzgw4v,0.2135678391959799,0.19375,0.019817839195979903
p_642,t3_2eeedl,t1_cjyrp0h,t1_cjyos4x,0.1875,0.20833333333333334,-0.020833333333333343
p_643,t3_2eeedl,t1_cjyo1c4,t1_cjyz90m,0.09322033898305085,0.13675213675213677,-0.04353179776908592
p_644,t3_2eeedl,t1_cjyny2g,t1_cjyos4x,0.19444444444444445,0.20833333333333334,-0.013888888888888895
p_645,t3_2eeedl,t1_cjypfnn,t1_cjyy8zl,0.11764705882352941,0.12571428571428572,-0.008067226890756313
p_647,t3_2edzcv,t1_cjyy0v9,t1_cjysuzd,0.14312796208530806,0.17712177121771217,-0.0339938091324041
p_648,t3_2ebw2y,t1_cjy2hvj,t1_cjy4ceu,0.1588785046728972,0.22727272727272727,-0.06839422259983008
p_649,t3_2ebkiy,t1_cjxxcwt,t1_cjy5nhm,0.125,0.1721311475409836,-0.0471311475409836
p_650,t3_2ebj49,t1_cjxyzxn,t1_cjxzs8p,0.21333333333333335,0.16,0.053333333333333344
p_651,t3_2eahyl,t1_cjxnpf1,t1_cjxqeut,0.2982456140350877,0.14606741573033707,0.15217819830475063
p_652,t3_2eahyl,t1_cjxo529,t1_cjxtave,0.19230769230769232,0.17320261437908496,0.019105077928607356
p_654,t3_2e9s6m,t1_cjxf8x8,t1_cjxl9tb,0.22382671480144403,0.13592233009708737,0.08790438470435666
p_655,t3_2e9rt1,t1_cjxgilw,t1_cjxfkcw,0.14213197969543148,0.14375,-0.001618020304568507
p_656,t3_2e9q8o,t1_cjxdy6w,t1_cjxkoca,0.13075506445672191,0.11764705882352941,0.013108005633192504
p_657,t3_2e98b1,t1_cjxb5sz,t1_cjxexte,0.21511627906976744,0.22807017543859648,-0.012953896368829043
p_659,t3_2e98b1,t1_cjxanmm,t1_cjx9qkg,0.24752475247524752,0.16666666666666666,0.08085808580858087
p_660,t3_2e8yse,t1_cjx89ru,t1_cjxdz78,0.19907407407407407,0.23333333333333334,-0.03425925925925927
p_661,t3_2e8yse,t1_cjx7g3z,t1_cjxdz78,0.2465753424657534,0.23333333333333334,0.013242009132420074
p_662,t3_2e8ach,t1_cjxi71v,t1_cjx17o5,0.1931216931216931,0.18181818181818182,0.011303511303511288
p_663,t3_2e6v25,t1_cjxa35m,t1_cjx2bzp,0.14322916666666666,0.1925925925925926,-0.049363425925925936
p_667,t3_2e4crb,t1_cjvy9v7,t1_cjwlak3,0.13541666666666666,0.20270270270270271,-0.06728603603603606
p_668,t3_2e4crb,t1_cjxll0p,t1_cjw5uck,0.15721649484536082,0.17857142857142858,-0.021354933726067754
p_669,t3_2e4b5f,t1_cjvxnfz,t1_cjwigez,0.2198952879581152,0.1323529411764706,0.0875423467816446
p_670,t3_2e439b,t1_cjw2n76,t1_cjvvbcf,0.14173228346456693,0.14,0.0017322834645669138
p_672,t3_2e3t22,t1_cjvs6w2,t1_cjvzvc8,0.20909090909090908,0.193717277486911,0.015373631603998072
p_674,t3_2e3f98,t1_cjvox9d,t1_cjvp856,0.16666666666666666,0.14893617021276595,0.017730496453900707
p_676,t3_2e2rb6,t1_cjvi6ow,t1_cjvzfop,0.19078947368421054,0.176056338028169,0.014733135656041535
p_677,t3_2e2rb6,t1_cjx8ys6,t1_cjvin9n,0.16911764705882354,0.19166666666666668,-0.02254901960784314
p_678,t3_2e2jug,t1_cjvwam2,t1_cjvvj7z,0.23841059602649006,0.13001605136436598,0.10839454466212409
p_679,t3_2e2jug,t1_cjvuw76,t1_cjvoyh6,0.20463847203274216,0.23728813559322035,-0.03264966356047819
p_680,t3_2e1fah,t1_cjv53s3,t1_cjv5s7v,0.2356687898089172,0.24,-0.0043312101910827905
p_681,t3_2e1fah,t1_cjv86o4,t1_cjvncqn,0.20352564102564102,0.2233502538071066,-0.019824612781465578
p_682,t3_2e1fah,t1_cjvi92b,t1_cjv5s7v,0.19736842105263158,0.24,-0.04263157894736841
p_683,t3_2dzrhq,t1_cjunv4h,t1_cjunnw5,0.11538461538461539,0.09278350515463918,0.022601110229976212
p_684,t3_2dzrhq,t1_cjv2nbp,t1_cjunbkn,0.14619883040935672,0.11224489795918367,0.033953932450173044
p_685,t3_2dzrhq,t1_cjuplp1,t1_cjunss7,0.19834710743801653,0.12669683257918551,0.07165027485883102
p_686,t3_2dzqgj,t1_cjurtqh,t1_cjv9hrw,0.14925373134328357,0.25,-0.10074626865671643
p_688,t3_2dzqgj,t1_cjv7aa2,t1_cjv9hrw,0.16589861751152074,0.25,-0.08410138248847926
p_687,t3_2dzqgj,t1_cjun4m4,t1_cjuorfi,0.14012738853503184,0.13975155279503104,0.00037583574000080167
p_690,t3_2dy3mw,t1_cju8xei,t1_cjuc7t4,0.19310344827586207,0.19282511210762332,0.0002783361682387464
p_692,t3_2dxa7k,t1_cjtzqak,t1_cju9ahc,0.2909090909090909,0.22699386503067484,0.06391522587841605
p_695,t3_2dw5ig,t1_cjtn82k,t1_cjtn850,0.12195121951219512,0.10236220472440945,0.019589014787785672
p_696,t3_2dvguy,t1_cjtqfdm,t1_cjty2p2,0.19169329073482427,0.19631901840490798,-0.004625727670083707
p_697,t3_2dtng7,t1_cjsz593,t1_cjt08iq,0.1781818181818182,0.20422535211267606,-0.02604353393085787
p_699,t3_2dtng7,t1_cjt0gp1,t1_cjt08iq,0.2765957446808511,0.20422535211267606,0.07237039256817501
p_701,t3_2dsh9z,t1_cjsm7s0,t1_cjsp93m,0.16,0.27058823529411763,-0.11058823529411763
p_702,t3_2dsh9z,t1_cjso3hu,t1_cjsprfv,0.18725099601593626,0.16666666666666666,0.020584329349269598
p_706,t3_2drox8,t1_cjsefiu,t1_cjshzfo,0.1955193482688391,0.17885117493472585,0.016668173334113245
p_707,t3_2dqwmd,t1_cjs75j7,t1_cjtbaaf,0.19548872180451127,0.1792452830188679,0.016243438785643355
p_710,t3_2dqiwg,t1_cjs3gzc,t1_cjs43w0,0.248,0.1650485436893204,0.0829514563106796
p_713,t3_2dnntx,t1_cjrb5qh,t1_cjr97o9,0.23383084577114427,0.1792452830188679,0.054585562752276356
p_714,t3_2dn3f8,t1_cjr9dnd,t1_cjrqm60,0.16346153846153846,0.2159090909090909,-0.05244755244755245
p_717,t3_2dn11e,t1_cjrjl9x,t1_cjr71xy,0.20932277924362358,0.2097902097902098,-0.00046743054658621164
p_715,t3_2dn11e,t1_cjr2n9b,t1_cjr6whw,0.21160409556313994,0.18326693227091634,0.028337163292223605
p_718,t3_2dlheo,t1_cjqnd51,t1_cjqtrub,0.1797752808988764,0.2077922077922078,-0.028016926893331406
p_725,t3_2dhno3,t1_cjpkrey,t1_cjpktss,0.18543046357615894,0.1893491124260355,-0.003918648849876555
p_726,t3_2dhno3,t1_cjpl1mi,t1_cjpl00t,0.17142857142857143,0.13559322033898305,0.03583535108958838
p_729,t3_2dgu6l,t1_cjpdy8k,t1_cjpe59d,0.25555555555555554,0.20634920634920634,0.0492063492063492
p_727,t3_2dgu6l,t1_cjpdn9v,t1_cjpklzu,0.20833333333333334,0.1569767441860465,0.05135658914728683
p_730,t3_2dgqx2,t1_cjpbloq,t1_cjpbk3l,0.2463768115942029,0.1076923076923077,0.1386845039018952
p_732,t3_2dg6ti,t1_cjp6klt,t1_cjp63yk,0.2131979695431472,0.1566265060240964,0.05657146351905082
p_733,t3_2dg4c1,t1_cjpx7h2,t1_cjpio9w,0.1878121878121878,0.2385542168674699,-0.05074202905528208
p_734,t3_2dfvv8,t1_cjp4zw9,t1_cjps9sv,0.14222873900293256,0.1891891891891892,-0.046960450186256636
p_735,t3_2dfees,t1_cjoyyhb,t1_cjoyhsi,0.2206896551724138,0.1829652996845426,0.0377243554878712
p_736,t3_2df7cg,t1_cjp0py1,t1_cjp0eg0,0.18018018018018017,0.2077922077922078,-0.027612027612027634
p_738,t3_2ddrqc,t1_cjos8fl,t1_cjoj8pn,0.16666666666666666,0.14814814814814814,0.018518518518518517
p_739,t3_2ddrqc,t1_cjoqu2v,t1_cjok2vp,0.2484076433121019,0.1935483870967742,0.05485925621532772
p_744,t3_2d9qj2,t1_cjnklzx,t1_cjnknol,0.1669449081803005,0.19021739130434784,-0.02327248312404734
p_748,t3_2d80rd,t1_cjn0zyz,t1_cjn0l56,0.15126050420168066,0.20748299319727892,-0.05622248899559826
p_749,t3_2d80rd,t1_cjmzj1k,t1_cjn0l56,0.15294117647058825,0.20748299319727892,-0.05454181672669067
p_751,t3_2d70dq,t1_cjmpn2y,t1_cjmqlfg,0.26548672566371684,0.21333333333333335,0.05215339233038349
p_752,t3_2d70dq,t1_cjmpqr5,t1_cjmq3hk,0.2112676056338028,0.19402985074626866,0.01723775488753415
p_754,t3_2d4iry,t1_cjm06yw,t1_cjlzkdu,0.14418604651162792,0.13076923076923078,0.013416815742397142
p_753,t3_2d4iry,t1_cjm03nb,t1_cjm7yyk,0.21367521367521367,0.1497326203208556,0.06394259335435806
p_755,t3_2d45vn,t1_cjlwas2,t1_cjmfdmh,0.19318181818181818,0.18478260869565216,0.008399209486166015
p_756,t3_2d45gd,t1_cjlw24h,t1_cjm4puq,0.23214285714285715,0.2777777777777778,-0.04563492063492064
p_757,t3_2d45gd,t1_cjlvwcv,t1_cjm05zn,0.20270270270270271,0.20224719101123595,0.0004555116914667645
p_758,t3_2d3v5a,t1_cjlwcf0,t1_cjm3zmu,0.20192307692307693,0.23809523809523808,-0.036172161172161155
p_759,t3_2d2as3,t1_cjlfahj,t1_cjlf2q0,0.2550335570469799,0.30120481927710846,-0.046171262230128574
p_760,t3_2czuse,t1_cjkv8v3,t1_cjkt5uj,0.13861386138613863,0.19090909090909092,-0.05229522952295229
p_761,t3_2cziel,t1_cjkkwxr,t1_cjkpo0a,0.19306930693069307,0.15384615384615385,0.03922315308453922
p_762,t3_2czhb2,t1_cjkm7nm,t1_cjkm0r4,0.22972972972972974,0.2982456140350877,-0.06851588430535796
p_763,t3_2cz5rq,t1_cjkk570,t1_cjkjx53,0.13145539906103287,0.2537313432835821,-0.12227594422254923
p_766,t3_2cwals,t1_cjjmt5t,t1_cjjmrg7,0.16908212560386474,0.15254237288135594,0.016539752722508794
p_767,t3_2cuup8,t1_cjj91pc,t1_cjj8z52,0.19230769230769232,0.2033898305084746,-0.011082138200782271
p_769,t3_2cuup8,t1_cjj95ae,t1_cjj95r7,0.1523809523809524,0.24,-0.0876190476190476
p_768,t3_2cuup8,t1_cjj8vwc,t1_cjj93qh,0.23809523809523808,0.1509433962264151,0.087151841868823
p_770,t3_2ctoax,t1_cjl2zn4,t1_cjiw921,0.328719723183391,0.23036649214659685,0.09835323103679414
p_773,t3_2cpj4p,t1_cjhqqcp,t1_cjhqbq0,0.2011173184357542,0.2122905027932961,-0.011173184357541888
p_774,t3_2cpj4p,t1_cjhreeh,t1_cjhqbq0,0.19889502762430938,0.2122905027932961,-0.013395475168986704
p_775,t3_2cotfm,t1_cjhpm9j,t1_cjhkm9q,0.14285714285714285,0.17032967032967034,-0.027472527472527486
p_778,t3_2cm5jd,t1_cjh0bre,t1_cjguy6j,0.1275797373358349,0.20433996383363473,-0.07676022649779984
p_779,t3_2cm3oh,t1_cjgsk1z,t1_cjgv6jc,0.3058823529411765,0.19101123595505617,0.11487111698612032
p_780,t3_2clk6c,t1_cjgn3ba,t1_cjgqd1y,0.26548672566371684,0.2571428571428571,0.00834386852085972
p_781,t3_2ck2yw,t1_cjga8kb,t1_cjgci5s,0.14953271028037382,0.1721311475409836,-0.022598437260609783
p_783,t3_2cjh91,t1_cjg6chd,t1_cjg4iir,0.13973799126637554,0.13151927437641722,0.008218716889958316
p_784,t3_2cixjs,t1_cjfyd92,t1_cjfxj4o,0.18674698795180722,0.18181818181818182,0.004928806133625396
p_786,t3_2cimfd,t1_cjfuup7,t1_cjftym1,0.21910112359550563,0.23684210526315788,-0.017740981667652256
p_787,t3_2cimfd,t1_cjfxnwo,t1_cjftym1,0.21232876712328766,0.23684210526315788,-0.024513338139870222
p_789,t3_2chy2d,t1_cjfpbub,t1_cjfnmjy,0.1422924901185771,0.15789473684210525,-0.015602246723528168
p_792,t3_2ch2je,t1_cjfeou6,t1_cjff0g8,0.20469798657718122,0.17805383022774326,0.026644156349437953
p_794,t3_2cflx0,t1_cjfajp7,t1_cjfm8m1,0.11491442542787286,0.16847826086956522,-0.05356383544169235
p_796,t3_2cfco7,t1_cjf04a9,t1_cjexi6m,0.2129817444219067,0.15294117647058825,0.06004056795131846
p_799,t3_2cayvr,t1_cjdvbhe,t1_cjdu0ta,0.2422360248447205,0.18947368421052632,0.05276234063419419
p_801,t3_2c8rcd,t1_cjd7pz3,t1_cjd6lze,0.22903629536921152,0.19069767441860466,0.03833862095060686
p_802,t3_2c8fea,t1_cjcyect,t1_cjd2c3b,0.16605166051660517,0.22267206477732793,-0.05662040426072276
p_803,t3_2c7yah,t1_cjd2kql,t1_cjcxj9f,0.16262975778546712,0.145,0.01762975778546713
p_805,t3_2c5zac,t1_cjc9611,t1_cjc924m,0.13,0.21311475409836064,-0.08311475409836064
p_806,t3_2c5zac,t1_cjctvr0,t1_cjcbahh,0.14814814814814814,0.2,-0.05185185185185187
p_807,t3_2c5p5y,t1_cjcho3h,t1_cjc7uan,0.1792452830188679,0.19850187265917604,-0.01925658964030813
p_808,t3_2c5p5y,t1_cjcd7nc,t1_cjccm8m,0.18518518518518517,0.17647058823529413,0.008714596949891046
p_810,t3_2c3fc3,t1_cjbjw5y,t1_cjbjkju,0.19718309859154928,0.2261904761904762,-0.02900737759892691
p_813,t3_2c1mga,t1_cjb2jw5,t1_cjc4wg5,0.13043478260869565,0.13310104529616726,-0.00266626268747161
p_815,t3_2c0frm,t1_cjb1qx6,t1_cjause4,0.18429003021148035,0.13253012048192772,0.05175990972955263
p_816,t3_2c0frm,t1_cjb1sid,t1_cjb85xf,0.15844402277039848,0.178117048346056,-0.019673025575657505
p_818,t3_2bys5g,t1_cja9ddx,t1_cja81tm,0.2087912087912088,0.2054794520547945,0.0033117567364142897
p_820,t3_2byn0m,t1_cja7f9f,t1_cjabwg5,0.1326530612244898,0.21794871794871795,-0.08529565672422815
p_821,t3_2btxhq,t1_cj8vmab,t1_cj8xbmk,0.18490566037735848,0.14054054054054055,0.04436511983681793
p_822,t3_2bt248,t1_cj8mfi7,t1_cj8m3h7,0.17676767676767677,0.18421052631578946,-0.0074428495481126955
p_823,t3_2bt248,t1_cj8m0lg,t1_cj8mwsz,0.14563106796116504,0.20192307692307693,-0.05629200896191189
p_824,t3_2bsdbd,t1_cj8tbiu,t1_cj8hvl7,0.17058823529411765,0.18691588785046728,-0.01632765255634963
p_826,t3_2brzwb,t1_cj8hzbv,t1_cj8gj0l,0.1745152354570637,0.11538461538461539,0.05913062007244832
p_827,t3_2brzmq,t1_cj8bm67,t1_cj8cjmm,0.17341040462427745,0.23618090452261306,-0.06277049989833561
p_828,t3_2brzmq,t1_cj8ba9r,t1_cj8b7ms,0.2631578947368421,0.2,0.06315789473684208
p_829,t3_2bqtzl,t1_cj80j9s,t1_cj810fl,0.16228070175438597,0.12755102040816327,0.0347296813462227
p_832,t3_2boeux,t1_cj7b6r1,t1_cj7b5jv,0.16585365853658537,0.21333333333333335,-0.04747967479674797
p_833,t3_2boeux,t1_cj7bl1t,t1_cj7igwx,0.14655172413793102,0.16923076923076924,-0.022679045092838218
p_834,t3_2boe3r,t1_cj7c5d5,t1_cj7cbq5,0.15057915057915058,0.125,0.025579150579150584
p_836,t3_2bo3al,t1_cj7h31j,t1_cj7dkvq,0.13333333333333333,0.18633540372670807,-0.053002070393374734
p_837,t3_2bnfju,t1_cj716f4,t1_cj718af,0.2768361581920904,0.25806451612903225,0.018771642063058147
p_838,t3_2bnfju,t1_cj71qqf,t1_cj717cb,0.2440944881889764,0.25862068965517243,-0.014526201466196043
p_840,t3_2bmc2p,t1_cj6s9ct,t1_cj6qflr,0.09574468085106383,0.09411764705882353,0.001627033792240301
p_841,t3_2bmble,t1_cj6qs8o,t1_cj6v78p,0.24899598393574296,0.17404129793510326,0.0749546860006397
p_844,t3_2bkf5u,t1_cj684og,t1_cj6d292,0.15384615384615385,0.3,-0.14615384615384613
p_846,t3_2bk0qs,t1_cj63kvq,t1_cj63fve,0.16417910447761194,0.27058823529411763,-0.10640913081650569
p_849,t3_2bk0qs,t1_cj64yf0,t1_cj63fve,0.125,0.27058823529411763,-0.14558823529411763
p_847,t3_2bk0qs,t1_cj66iuo,t1_cj6420b,0.1628721541155867,0.10588235294117647,0.05698980117441023
p_850,t3_2bk0qs,t1_cj65d7h,t1_cj66gvl,0.13157894736842105,0.15492957746478872,-0.023350630096367675
p_852,t3_2bh5ak,t1_cj5b5uh,t1_cj5jak2,0.1323529411764706,0.19298245614035087,-0.06062951496388028
p_854,t3_2bf94q,t1_cj4sh2e,t1_cj4qy6o,0.1368421052631579,0.16993464052287582,-0.03309253525971792
p_855,t3_2bev6f,t1_cj4mn6v,t1_cj4o0am,0.18947368421052632,0.2127659574468085,-0.02329227323628219
p_857,t3_2bdmlg,t1_cj4r6pc,t1_cj4uv2h,0.17045454545454544,0.19736842105263158,-0.02691387559808614
p_858,t3_2bdgci,t1_cj49439,t1_cj49ckx,0.21532846715328466,0.18095238095238095,0.03437608620090371
p_859,t3_2bd0wa,t1_cj442sl,t1_cj43vgx,0.235,0.19791666666666666,0.03708333333333333
p_861,t3_2bbyzd,t1_cj3zuoq,t1_cj3tx1c,0.20333333333333334,0.19186046511627908,0.01147286821705426
p_863,t3_2bbbrd,t1_cj3qs8q,t1_cj3ln9x,0.16666666666666666,0.18018018018018017,-0.013513513513513514
p_864,t3_2bbbrd,t1_cj3mpby,t1_cj3ln9x,0.16,0.18018018018018017,-0.02018018018018017
p_865,t3_2bb58m,t1_cj3lcvm,t1_cj3jor5,0.152317880794702,0.22448979591836735,-0.07217191512366536
p_868,t3_2bag31,t1_cj3e0bt,t1_cj3f08t,0.24566473988439305,0.24742268041237114,-0.0017579405279780913
p_869,t3_2ba5xo,t1_cj3aqld,t1_cj3bm6j,0.297029702970297,0.2463768115942029,0.050652891376094106
p_873,t3_2b6skg,t1_cj2glpl,t1_cj2cg6m,0.1864406779661017,0.23195876288659795,-0.04551808492049625
p_876,t3_2b3pi0,t1_cj1uavk,t1_cj1m2xo,0.19491525423728814,0.2,-0.0050847457627118675
p_877,t3_2b3lad,t1_cj1iybx,t1_cj1jqxa,0.32926829268292684,0.26875,0.060518292682926855
p_879,t3_2b2yjr,t1_cj1hktf,t1_cj1b4e2,0.2389558232931727,0.16055045871559634,0.07840536457757635
p_881,t3_2b1rwv,t1_cj15lfe,t1_cj10jtx,0.18487394957983194,0.18974358974358974,-0.0048696401637577935
p_882,t3_2b1rab,t1_cj0ycid,t1_cj0zinx,0.24731182795698925,0.20207253886010362,0.045239289096885626
p_883,t3_2az65z,t1_cj0805c,t1_cj0g6d8,0.2345679012345679,0.14857142857142858,0.08599647266313931
p_884,t3_2az65z,t1_cj0afqo,t1_cj07su5,0.2222222222222222,0.21287128712871287,0.009350935093509344
p_887,t3_2ayhxt,t1_cj01q09,t1_cj05jan,0.20196353436185133,0.22846441947565543,-0.026500885113804107
p_888,t3_2ayhnp,t1_cj0eawe,t1_cj0dm90,0.216,0.2191780821917808,-0.003178082191780812
p_889,t3_2ay3kf,t1_cizxi5e,t1_cj0f52z,0.15483870967741936,0.23529411764705882,-0.08045540796963946
p_892,t3_2axbu7,t1_cizphk8,t1_cizp4id,0.21367521367521367,0.2054794520547945,0.008195761620419156
p_894,t3_2ax1is,t1_cizxbqp,t1_cizm2oq,0.11688311688311688,0.08823529411764706,0.028647822765469816
p_896,t3_2avwd8,t1_cizdu3g,t1_cizbvza,0.20526315789473684,0.25287356321839083,-0.04761040532365399
p_898,t3_2av5cs,t1_ciz2pkz,t1_ciz33sn,0.14465408805031446,0.14634146341463414,-0.0016873753643196765
p_899,t3_2av5cs,t1_cizd4ad,t1_ciz33th,0.18642117376294592,0.17899761336515513,0.007423560397790796
p_900,t3_2av5cs,t1_ciz37g5,t1_cizbl7q,0.2315112540192926,0.20309050772626933,0.02842074629302327
p_901,t3_2av4l0,t1_ciz5qhg,t1_ciz3zz1,0.1990521327014218,0.20967741935483872,-0.010625286653416915
p_902,t3_2av4l0,t1_ciz4rvg,t1_cizdobh,0.19172932330827067,0.14349775784753363,0.048231565460737036
p_903,t3_2auttr,t1_ciyyxji,t1_ciyz918,0.14028776978417265,0.2012987012987013,-0.06101093151452866
p_904,t3_2auttr,t1_ciz267w,t1_cizcakn,0.17058823529411765,0.13636363636363635,0.0342245989304813
p_905,t3_2auttr,t1_ciz01zx,t1_ciyz5z2,0.24509803921568626,0.1232876712328767,0.12181036798280956
p_907,t3_2autm6,t1_ciyzdgj,t1_ciyzc4o,0.15384615384615385,0.18309859154929578,-0.029252437703141926
p_908,t3_2au1li,t1_ciytem3,t1_ciytn6n,0.15126050420168066,0.1443850267379679,0.006875477463712754
p_909,t3_2atya5,t1_ciyu2jf,t1_ciza7xp,0.20253164556962025,0.21333333333333335,-0.010801687763713097
p_910,t3_2atya5,t1_ciytbvr,t1_ciyug3x,0.215633423180593,0.21081081081081082,0.004822612369782181
p_911,t3_2atkq9,t1_ciyvkn0,t1_ciysfit,0.1776239907727797,0.14207650273224043,0.03554748804053928
p_912,t3_2atkq9,t1_ciyvfhd,t1_ciz0aqa,0.17857142857142858,0.26666666666666666,-0.08809523809523809
p_914,t3_2aprj3,t1_cixk3ln,t1_cixjumt,0.2073170731707317,0.1935483870967742,0.013768686073957509
p_915,t3_2apfnp,t1_cixj7ex,t1_cixm7i4,0.24324324324324326,0.1935483870967742,0.04969485614646907
p_916,t3_2aotoi,t1_cixcw5d,t1_cixbgnz,0.2085889570552147,0.2176039119804401,-0.009014954925225388
p_917,t3_2ao6r9,t1_cix76va,t1_cix3fsy,0.1918238993710692,0.18487394957983194,0.006949949791237253
p_918,t3_2ao6r9,t1_cix7iph,t1_cix8b7l,0.16447368421052633,0.17488789237668162,-0.010414208166155292
p_919,t3_2ao0uk,t1_cix3ypn,t1_cix3ejo,0.20512820512820512,0.3275862068965517,-0.12245800176834659
p_920,t3_2ao0uk,t1_cix237u,t1_cix3ejo,0.2054794520547945,0.3275862068965517,-0.1221067548417572
p_921,t3_2ancgk,t1_cizbef2,t1_ciwwlp0,0.22014925373134328,0.21739130434782608,0.0027579493835171998
p_922,t3_2am3iw,t1_ciwjxse,t1_ciwj1us,0.20634920634920634,0.21348314606741572,-0.007133939718209387
p_923,t3_2am3iw,t1_ciwjejz,t1_ciwtkzm,0.14719626168224298,0.15625,-0.00905373831775702
p_924,t3_2aksc1,t1_ciwatzs,t1_ciwai0k,0.15204678362573099,0.1308411214953271,0.021205662130403896
p_925,t3_2aklm2,t1_ciwffud,t1_ciwbxu9,0.27007299270072993,0.32727272727272727,-0.05719973457199734
p_926,t3_2akhk0,t1_ciw2gow,t1_ciw2nfc,0.31851851851851853,0.2571428571428571,0.06137566137566142
p_927,t3_2ajnzj,t1_ciwqij6,t1_ciwemsm,0.25757575757575757,0.16049382716049382,0.09708193041526375
p_928,t3_2aj9r3,t1_ciwcbuo,t1_civud7i,0.20317460317460317,0.288135593220339,-0.08496099004573582
p_931,t3_2aj1mk,t1_civssxr,t1_civm58k,0.17304492512479203,0.13177159590043924,0.041273329224352784
p_930,t3_2aj1mk,t1_civrhnv,t1_civrvjf,0.17575757575757575,0.18867924528301888,-0.01292166952544313
p_933,t3_2ah2al,t1_civd1ci,t1_civ856q,0.12647554806070826,0.14650537634408603,-0.020029828283377765
p_935,t3_2afgwo,t1_ciujkwd,t1_ciuknh0,0.17703349282296652,0.09090909090909091,0.0861244019138756
p_937,t3_2afeix,t1_civ4udg,t1_ciui2wk,0.11290322580645161,0.17543859649122806,-0.06253537068477645
p_936,t3_2afeix,t1_ciuiq4g,t1_civ1g4o,0.15,0.20253164556962025,-0.052531645569620256
p_940,t3_2a9tub,t1_cisxezp,t1_cisyu2q,0.205607476635514,0.16326530612244897,0.04234217051306505
p_942,t3_2a9dnv,t1_cit209o,t1_cissjh9,0.14035087719298245,0.16201117318435754,-0.02166029599137509
p_943,t3_2a9dnv,t1_cisrycq,t1_cisrkq6,0.14917127071823205,0.16129032258064516,-0.012119051862413105
p_945,t3_2a7l9t,t1_cisdojk,t1_cisar6g,0.18072289156626506,0.11598746081504702,0.06473543075121804
p_946,t3_2a7f52,t1_cisdl2d,t1_cisbb3e,0.245136186770428,0.1625,0.082636186770428
p_947,t3_2a7f52,t1_cisbwf3,t1_cisf85e,0.2064516129032258,0.1958762886597938,0.010575324243431994
p_948,t3_2a7f52,t1_cisazcd,t1_cisbb3e,0.25,0.1625,0.0875
p_950,t3_2a71ap,t1_cis8nhw,t1_cis9yiw,0.2268041237113402,0.24644549763033174,-0.01964137391899154
p_951,t3_2a6vk3,t1_cis5k8v,t1_cisibct,0.1935483870967742,0.20114942528735633,-0.007601038190582138
p_952,t3_2a6vk3,t1_cis6qmv,t1_cisibct,0.19815668202764977,0.20114942528735633,-0.002992743259706554
p_954,t3_2a5fi8,t1_ciro19q,t1_cirnern,0.16233766233766234,0.189873417721519,-0.027535755383856664
p_955,t3_2a54d2,t1_cirmdvw,t1_cirrtjb,0.11333333333333333,0.12272727272727273,-0.009393939393939399
p_957,t3_2a3mhz,t1_cirdfug,t1_cirn0uk,0.17672413793103448,0.19,-0.013275862068965527
p_959,t3_2a2ccx,t1_ciqt2gd,t1_ciqstk4,0.20614035087719298,0.1523809523809524,0.05375939849624059
p_958,t3_2a2ccx,t1_ciqt1fb,t1_ciqt0ds,0.1504424778761062,0.2074074074074074,-0.056964929531301195
p_960,t3_2a299i,t1_ciqsytr,t1_ciqs72a,0.26944444444444443,0.15789473684210525,0.11154970760233918
p_961,t3_2a299i,t1_ciqsl3r,t1_ciqt0e3,0.182648401826484,0.20846905537459284,-0.025820653548108835
p_963,t3_2a1jkp,t1_ciqmtf7,t1_ciqlutb,0.24199288256227758,0.215,0.02699288256227758
p_964,t3_2a1jkp,t1_ciqrmpo,t1_ciqn0ib,0.18877551020408162,0.19823788546255505,-0.009462375258473432
p_966,t3_2a197z,t1_ciqil5b,t1_ciqobmw,0.15950920245398773,0.17768595041322313,-0.018176747959235406
p_967,t3_2a197z,t1_ciqihn1,t1_ciqobmw,0.17280453257790368,0.17768595041322313,-0.0048814178353194515
p_968,t3_29zmtz,t1_ciq2ol0,t1_ciq3149,0.20321637426900585,0.26373626373626374,-0.06051988946725789
p_969,t3_29wdwj,t1_cip54i9,t1_cip4gi2,0.22429906542056074,0.20640569395017794,0.017893371470382807
p_970,t3_29vb8t,t1_cioupvy,t1_cip1yki,0.28431372549019607,0.25925925925925924,0.025054466230936823
p_971,t3_29uigy,t1_cioolhq,t1_ciopo2e,0.1917808219178082,0.13333333333333333,0.05844748858447488
p_972,t3_29twg4,t1_ciohbmn,t1_ciofrjv,0.2303370786516854,0.21008403361344538,0.02025304503824002
p_973,t3_29thke,t1_cioct3t,t1_ciofixu,0.19230769230769232,0.16304347826086957,0.02926421404682275
p_974,t3_29thke,t1_ciod9j6,t1_ciof299,0.18222222222222223,0.12371134020618557,0.05851088201603666
p_975,t3_29thke,t1_ciod9wn,t1_ciof299,0.17437722419928825,0.12371134020618557,0.05066588399310268
p_976,t3_29t2lw,t1_cio8k31,t1_ciorv42,0.1951219512195122,0.1320754716981132,0.063046479521399
p_978,t3_29sw94,t1_cioket0,t1_ciolk7r,0.1875,0.15384615384615385,0.033653846153846145
p_979,t3_29s43k,t1_cinyd5x,t1_cinyyyn,0.2978723404255319,0.24793388429752067,0.04993845612801123
p_981,t3_29q8ct,t1_cinh7w0,t1_cing94q,0.17567567567567569,0.19230769230769232,-0.016632016632016633
p_983,t3_29pjwk,t1_cinfrtq,t1_cin94yc,0.1134453781512605,0.13924050632911392,-0.025795128177853413
p_984,t3_29oi1n,t1_cimz15m,t1_cimy8x8,0.19117647058823528,0.19602977667493796,-0.0048533060867026745
p_985,t3_29o2de,t1_cimtmrk,t1_cin0747,0.21929824561403508,0.1708185053380783,0.04847974027595678
p_988,t3_29nx6g,t1_cimrrzy,t1_cimrry5,0.15789473684210525,0.09859154929577464,0.05930318754633061
p_990,t3_29n4wo,t1_cio9nnh,t1_cimnztj,0.21258907363420426,0.20759493670886076,0.004994136925343506
p_992,t3_29mv5t,t1_cimhn69,t1_cimm4sj,0.15853658536585366,0.22448979591836735,-0.06595321055251369
p_993,t3_29kyod,t1_cily6cd,t1_cilx8xd,0.18791946308724833,0.19101123595505617,-0.003091772867807846
p_994,t3_29koa9,t1_ciluvuu,t1_cim8wkw,0.21929824561403508,0.17541436464088397,0.0438838809731511
p_996,t3_29koa9,t1_cim0cmu,t1_cim8wkw,0.16773733047822983,0.17541436464088397,-0.007677034162654139
p_997,t3_29koa9,t1_cilvgjv,t1_cim8wkw,0.20093457943925233,0.17541436464088397,0.025520214798368357
p_998,t3_29koa9,t1_cilvqev,t1_cilxj9y,0.254957507082153,0.1783625730994152,0.07659493398273778
p_999,t3_29gpjt,t1_cilbryz,t1_cikqtwr,0.1527777777777778,0.1943127962085308,-0.04153501843075302
p_1000,t3_29fpzd,t1_cikhu2y,t1_cikh4e8,0.16363636363636364,0.08823529411764706,0.07540106951871657
p_1001,t3_29fb1d,t1_cikeni2,t1_cikla8t,0.21705426356589147,0.21301775147928995,0.004036512086601524
p_1002,t3_29ex1p,t1_cik9jgg,t1_ciko7yy,0.20176991150442478,0.2358490566037736,-0.03407914509934881
p_1003,t3_29elqv,t1_cik5t8y,t1_cik747j,0.20526315789473684,0.16891891891891891,0.03634423897581793
p_1005,t3_29dde1,t1_cijuats,t1_cijzw8d,0.21374045801526717,0.1743119266055046,0.039428531409762574
p_1008,t3_29cqd5,t1_cijp4yk,t1_cijvb22,0.17801047120418848,0.14705882352941177,0.030951647674776706
p_1009,t3_29c3ml,t1_cikuj8t,t1_cijh4ci,0.147239263803681,0.19902912621359223,-0.051789862409911236
p_1010,t3_299mpb,t1_ciiv880,t1_cijf48t,0.24050632911392406,0.24516129032258063,-0.004654961208656577
p_1012,t3_299m1u,t1_cij2hf7,t1_ciirgle,0.19329896907216496,0.2,-0.0067010309278350555
p_1011,t3_299m1u,t1_cij1roi,t1_ciisuex,0.13924050632911392,0.19166666666666668,-0.05242616033755276
p_1015,t3_298jbk,t1_ciircqo,t1_ciijbdz,0.13615023474178403,0.1783625730994152,-0.04221233835763116
p_1016,t3_295zr6,t1_cihud2v,t1_cihuma6,0.22311827956989247,0.17647058823529413,0.04664769133459834
p_1018,t3_293ei6,t1_cih7ua8,t1_cih1isj,0.18397626112759644,0.14814814814814814,0.035828112979448296
p_1020,t3_292154,t1_cignun4,t1_cigrv7m,0.3333333333333333,0.24050632911392406,0.09282700421940926
p_1022,t3_28xzqn,t1_cig26mw,t1_cifrcsx,0.15942028985507245,0.1875,-0.02807971014492755
p_1023,t3_28xbw7,t1_cifjy3z,t1_cifovj7,0.20253164556962025,0.25773195876288657,-0.05520031319326632
p_1024,t3_28xbw7,t1_cig1fzx,t1_cifl87i,0.18085106382978725,0.2125,-0.03164893617021275
p_1025,t3_28wpvg,t1_cif8zbc,t1_cif9t6k,0.15659679408138102,0.13008130081300814,0.02651549326837288
p_1026,t3_28wp3q,t1_cif8e82,t1_cif88e5,0.14606741573033707,0.2025862068965517,-0.05651879116621464
p_1027,t3_28vthp,t1_cieyolc,t1_cif42z9,0.06666666666666667,0.16363636363636364,-0.09696969696969697
p_1028,t3_28sivx,t1_cie0w6q,t1_cie3rwm,0.25190839694656486,0.2,0.05190839694656485
p_1029,t3_28sivx,t1_cie32oy,t1_cie6c67,0.17006802721088435,0.1963470319634703,-0.02627900475258596
p_1030,t3_28sivx,t1_cie3t4x,t1_ciexvov,0.31092436974789917,0.19642857142857142,0.11449579831932774
p_1031,t3_28rftj,t1_cidpqyo,t1_cidq2o7,0.1606060606060606,0.1935483870967742,-0.032942326490713575
p_1033,t3_28l9bo,t1_cicbcrc,t1_cicnduy,0.09420289855072464,0.1111111111111111,-0.016908212560386465
p_1034,t3_28kmxf,t1_cibufhn,t1_cic57nm,0.18072289156626506,0.16129032258064516,0.019432568985619902
p_1036,t3_28k1k9,t1_cic5k0x,t1_cibo1r9,0.1554959785522788,0.2311111111111111,-0.07561513255883229
p_1037,t3_28jnxp,t1_cibl8h0,t1_cibmdqw,0.10218978102189781,0.1292517006802721,-0.027061919658374303
p_1039,t3_28io13,t1_cibbreq,t1_cic1705,0.13636363636363635,0.12781954887218044,0.00854408749145591
p_1040,t3_28io13,t1_cibhh0f,t1_cibq1ek,0.18226600985221675,0.25,-0.06773399014778325
p_1042,t3_28io13,t1_cibcinr,t1_cic1705,0.2054794520547945,0.12781954887218044,0.07765990318261407
p_1044,t3_28hqnq,t1_cib224e,t1_cib40ah,0.15,0.203125,-0.053125000000000006
p_1045,t3_28c0xt,t1_ciasocp,t1_cia500d,0.1951219512195122,0.20430107526881722,-0.009179124049305015
p_1046,t3_28butd,t1_ci9glxs,t1_ci9f4fm,0.1357142857142857,0.15254237288135594,-0.016828087167070238
p_1047,t3_28b5n6,t1_ci9a3vl,t1_ci99ope,0.20945945945945946,0.2125,-0.0030405405405405372
p_1052,t3_28a5fu,t1_ci9bqem,t1_ci8yety,0.22325581395348837,0.19327731092436976,0.029978503029118614
p_1053,t3_28a4rk,t1_ci8xy5w,t1_ci90bbf,0.17632850241545894,0.19318181818181818,-0.016853315766359234
p_1055,t3_2881g3,t1_ci8embi,t1_ci8bs9b,0.18461538461538463,0.17204301075268819,0.01257237386269644
p_1056,t3_287z9c,t1_ci8aubw,t1_ci8apra,0.1864951768488746,0.22123893805309736,-0.03474376120422276
p_1057,t3_287z9c,t1_ci8d0ed,t1_ci8apra,0.2076923076923077,0.22123893805309736,-0.013546630360789652
p_1058,t3_287cab,t1_ci86zv4,t1_ci87ifw,0.19491525423728814,0.23076923076923078,-0.03585397653194264
p_1059,t3_2870cx,t1_ci81vqj,t1_ci8137l,0.24579124579124578,0.10126582278481013,0.14452542300643567
p_1060,t3_286wmt,t1_ci81k1d,t1_ci80xo1,0.07936507936507936,0.1893939393939394,-0.11002886002886003
p_1061,t3_286wmt,t1_ci817z2,t1_ci8clpg,0.1889763779527559,0.14864864864864866,0.040327729304107246
p_1062,t3_2848jg,t1_ci7igy9,t1_ci7f6gw,0.20080321285140562,0.12790697674418605,0.07289623610721957
p_1064,t3_282r7k,t1_ci758gf,t1_ci6xs0m,0.25252525252525254,0.17094017094017094,0.0815850815850816
p_1065,t3_282lgu,t1_ci6xcds,t1_ci6wglw,0.20481927710843373,0.21739130434782608,-0.012572027239392353
p_1068,t3_281bde,t1_ci6f2vp,t1_ci73217,0.22674418604651161,0.20454545454545456,0.022198731501057056
p_1069,t3_2803o3,t1_ci69ena,t1_ci63g5z,0.19553072625698323,0.2028985507246377,-0.007367824467654466
p_1070,t3_2803o3,t1_ci63w8c,t1_ci63kpj,0.16477272727272727,0.30158730158730157,-0.1368145743145743
p_1071,t3_27ywun,t1_ci5q8xy,t1_ci5rb2e,0.17595307917888564,0.19672131147540983,-0.02076823229652419
p_1072,t3_27yn4n,t1_ci5p6hk,t1_ci5nwbp,0.2556818181818182,0.1902439024390244,0.06543791574279378
p_1073,t3_27wog4,t1_ci54b7y,t1_ci54sne,0.15695067264573992,0.3508771929824561,-0.1939265203367162
p_1074,t3_27w5po,t1_ci4zmff,t1_ci4ziae,0.14962593516209477,0.19047619047619047,-0.040850255314095696
p_1075,t3_27w4g2,t1_ci52xge,t1_ci500mh,0.14864864864864866,0.16363636363636364,-0.014987714987714978
p_1076,t3_27tb09,t1_ci498s2,t1_ci45ypy,0.14285714285714285,0.22727272727272727,-0.08441558441558442
p_1077,t3_27r91j,t1_ci3qcct,t1_ci3r4y5,0.17045454545454544,0.10752688172043011,0.06292766373411533
p_1078,t3_27r91j,t1_ci469aj,t1_ci3lbw6,0.17073170731707318,0.16042780748663102,0.010303899830442165
p_1080,t3_27r91j,t1_ci3v5tq,t1_ci3lbw6,0.1527777777777778,0.16042780748663102,-0.007650029708853229
p_1079,t3_27r91j,t1_ci3s6fn,t1_ci4g5dm,0.1878453038674033,0.18478260869565216,0.0030626951717511453
p_1081,t3_27qqap,t1_ci3mz0v,t1_ci3fwt5,0.2534883720930233,0.22413793103448276,0.02935044105854051
p_1082,t3_27polk,t1_ci34zl5,t1_ci34y3o,0.2222222222222222,0.20728291316526612,0.01493930905695609
p_1083,t3_27poi8,t1_ci35etu,t1_ci36j29,0.18452380952380953,0.19626168224299065,-0.011737872719181114
p_1084,t3_27p2fu,t1_ci302xh,t1_ci2zv2i,0.2043343653250774,0.08148148148148149,0.12285288384359591
p_1085,t3_27nxly,t1_ci2o2dq,t1_ci2ox33,0.14919354838709678,0.14689265536723164,0.0023008930198651356
p_1087,t3_27mbdo,t1_ci2lk26,t1_ci271f9,0.2261904761904762,0.21568627450980393,0.01050420168067226
p_1088,t3_27m0gw,t1_ci29ixa,t1_ci2e7bo,0.16109422492401215,0.12429378531073447,0.03680043961327768
p_1089,t3_27ltja,t1_ci22bw3,t1_ci221eg,0.208,0.16,0.04799999999999999
p_1090,t3_27lpkf,t1_ci21sv8,t1_ci22b62,0.21908127208480566,0.2578125,-0.038731227915194344
p_1091,t3_27lmyu,t1_ci25ehz,t1_ci292ni,0.18532818532818532,0.18532818532818532,0.0
p_1092,t3_27l0kn,t1_ci22hoe,t1_ci1usgp,0.16371681415929204,0.22,-0.05628318584070796
p_1094,t3_27jl8c,t1_ci1fdd3,t1_ci1q6ug,0.11688311688311688,0.125,-0.00811688311688312
p_1095,t3_27jl8c,t1_ci1g3eq,t1_ci1o724,0.13761467889908258,0.18292682926829268,-0.0453121503692101
p_1096,t3_27jl8c,t1_ci1ybru,t1_ci1ghse,0.2569444444444444,0.22772277227722773,0.02922167216721669
p_1097,t3_27hht5,t1_ci0v62f,t1_ci0xj1h,0.15037593984962405,0.2198581560283688,-0.06948221617874475
p_1098,t3_27hht5,t1_ci0v0t9,t1_ci0xj1h,0.1958762886597938,0.2198581560283688,-0.023981867368574994
p_1099,t3_27hf7o,t1_ci1a4gk,t1_ci1l4fi,0.22745901639344263,0.22727272727272727,0.00018628912071536052
p_1101,t3_27gnxb,t1_ci0ta3o,t1_ci0mgmp,0.20320855614973263,0.23478260869565218,-0.03157405254591955
p_1103,t3_27ea43,t1_chzyi0v,t1_chzyvc9,0.2028985507246377,0.1232876712328767,0.07961087949176099
p_1104,t3_27ea43,t1_chzydy2,t1_chzyi89,0.16,0.11392405063291139,0.046075949367088614
p_1105,t3_27ea43,t1_ci00m2q,t1_chzyvc9,0.17835671342685372,0.1232876712328767,0.055069042193977014
p_1106,t3_27ea43,t1_ci00sgm,t1_ci005dx,0.13219616204690832,0.20044296788482835,-0.06824680583792003
p_1107,t3_27dypa,t1_ci0bdgm,t1_ci07fb6,0.152832674571805,0.15692821368948248,-0.004095539117677488
p_1108,t3_27divm,t1_chzwhlt,t1_chzuja4,0.1323529411764706,0.18181818181818182,-0.04946524064171123
p_1109,t3_27cn8y,t1_chzj6p6,t1_chziyko,0.2108843537414966,0.20350877192982456,0.007375581811672055
p_1111,t3_27atxw,t1_chz6xha,t1_chz1u36,0.2148997134670487,0.3287671232876712,-0.11386740982062252
p_1112,t3_27arev,t1_chzar7e,t1_chyzift,0.23696682464454977,0.21666666666666667,0.020300157977883093
p_1113,t3_27aea6,t1_chywdcb,t1_chywfdl,0.21951219512195122,0.2054794520547945,0.014032743067156711
p_1114,t3_27aa6m,t1_chyw1lz,t1_chyuott,0.1985731272294887,0.20707070707070707,-0.008497579841218378
p_1116,t3_278w0f,t1_chynby5,t1_chyjibx,0.2,0.13846153846153847,0.06153846153846154
p_1118,t3_277y4m,t1_chydgtq,t1_chywat7,0.2748091603053435,0.18181818181818182,0.0929909784871617
p_1119,t3_277y4m,t1_chydb1h,t1_chyw4kk,0.2459016393442623,0.16,0.08590163934426229
p_1120,t3_277x8k,t1_chyttqk,t1_chy9d0r,0.2358490566037736,0.2389937106918239,-0.0031446540880503138
p_1121,t3_276tlp,t1_chy7sh3,t1_chy0rmg,0.14986737400530503,0.23015873015873015,-0.08029135615342511
p_1124,t3_274620,t1_chxaxd7,t1_chx8gds,0.15625,0.14583333333333334,0.010416666666666657
p_1126,t3_273kmd,t1_chxd1h9,t1_chxj63m,0.1785028790786948,0.21153846153846154,-0.03303558245976673
p_1127,t3_273kmd,t1_chx2u1h,t1_chxabgz,0.17233009708737865,0.16176470588235295,0.010565391205025698
p_1129,t3_271kgs,t1_chwkzvw,t1_chwjkzk,0.20689655172413793,0.14915254237288136,0.057744009351256564
p_1130,t3_270lsq,t1_chwcze1,t1_chw9d8q,0.14925373134328357,0.21568627450980393,-0.06643254316652036
p_1131,t3_26zspu,t1_chw19hq,t1_chw183d,0.16167664670658682,0.1797752808988764,-0.018098634192289575
p_1134,t3_26zc51,t1_chwc4g5,t1_chvxpww,0.13574660633484162,0.16585365853658537,-0.030107052201743756
p_1136,t3_26yks9,t1_chvwhll,t1_chvq9oq,0.21951219512195122,0.15789473684210525,0.061617458279845966
p_1137,t3_26wd6r,t1_chv5dr8,t1_chv4tni,0.20945945945945946,0.21304347826086956,-0.0035840188014100993
p_1139,t3_26vy78,t1_chv29xs,t1_chv09i1,0.29508196721311475,0.2054794520547945,0.08960251515832024
p_1140,t3_26uqns,t1_chuofxc,t1_chur6nz,0.13333333333333333,0.17105263157894737,-0.03771929824561404
p_1141,t3_26ua0u,t1_chujiwj,t1_chujocf,0.1795774647887324,0.20058997050147492,-0.02101250571274252
p_1142,t3_26u9dw,t1_chuufxu,t1_chukxnl,0.09375,0.11764705882352941,-0.02389705882352941
p_1143,t3_26sh4n,t1_chu3p5h,t1_chu15ia,0.24186046511627907,0.20869565217391303,0.033164812942366034
p_1146,t3_26rdo4,t1_chtuhl8,t1_chtxxpb,0.23134328358208955,0.21929824561403508,0.012045037968054478
p_1147,t3_26rdo4,t1_chu67p6,t1_chtrpps,0.13924050632911392,0.13559322033898305,0.0036472859901308663
p_1148,t3_26q635,t1_chtgusq,t1_chtf56s,0.1836734693877551,0.17543859649122806,0.008234872896527051
p_1149,t3_26p8jo,t1_cht981c,t1_chtj2ux,0.1956521739130435,0.10576923076923077,0.08988294314381272
p_1150,t3_26p8jo,t1_cht9qr7,t1_chts9np,0.22151898734177214,0.1411764705882353,0.08034251675353685
p_1152,t3_26oalr,t1_chsxcva,t1_chsx48j,0.1875,0.23414634146341465,-0.04664634146341465
p_1153,t3_26nxhn,t1_chsvwxu,t1_chsv0n8,0.11733333333333333,0.11743772241992882,-0.00010438908659549107
p_1154,t3_26nryd,t1_chsrqt8,t1_chsrvxo,0.15343915343915343,0.21794871794871795,-0.06450956450956452
p_1155,t3_26nhjw,t1_cht4pkp,t1_chsu79i,0.19078947368421054,0.22709163346613545,-0.036302159781924914
p_1156,t3_26nayb,t1_chssa9d,t1_chsv92t,0.18882978723404256,0.16216216216216217,0.02666762507188039
p_1157,t3_26klj1,t1_chs03g4,t1_chryx19,0.18854415274463007,0.13168724279835392,0.05685690994627615
p_1158,t3_26klj1,t1_chs24pt,t1_chrz6c7,0.20526315789473684,0.18571428571428572,0.01954887218045112
p_1160,t3_26hzf8,t1_chr8s7x,t1_chrles3,0.16666666666666666,0.16556291390728478,0.0011037527593818763
p_1161,t3_26hwea,t1_chrabe3,t1_chr8ld6,0.20869565217391303,0.1188118811881188,0.08988377098579423
p_1162,t3_26gh41,t1_chrb2s3,t1_chrbbrp,0.1437125748502994,0.10457516339869281,0.03913741145160658
p_1163,t3_26dl3h,t1_chqfdzg,t1_chqb2dv,0.18,0.3076923076923077,-0.12769230769230772
p_1164,t3_26d2uo,t1_chpypl8,t1_chpy5h4,0.12987012987012986,0.14492753623188406,-0.015057406361754205
p_1166,t3_26chd9,t1_chprxii,t1_chpqlc3,0.13513513513513514,0.1858974358974359,-0.05076230076230076
p_1165,t3_26chd9,t1_chpu05i,t1_chpunzb,0.18899521531100477,0.1511627906976744,0.03783242461333036
p_1168,t3_26b7qy,t1_chpe7k0,t1_chpfdw6,0.23958333333333334,0.18568232662192394,0.053901006711409405
p_1167,t3_26b7qy,t1_chpl60e,t1_chpgldh,0.18803418803418803,0.2850877192982456,-0.09705353126405758
p_1169,t3_26b1l1,t1_chphzs8,t1_chpj8nd,0.1103448275862069,0.18,-0.0696551724137931
p_1170,t3_26b1l1,t1_chpkxvq,t1_chpr7to,0.17419354838709677,0.15460526315789475,0.01958828522920203
p_1171,t3_26axzi,t1_chpfpjf,t1_chpch30,0.21839080459770116,0.20149253731343283,0.016898267284268326
p_1173,t3_26avz4,t1_chpvoyz,t1_chpdbyq,0.317907444668008,0.25668449197860965,0.06122295268939837
p_1172,t3_26avz4,t1_chpk0aq,t1_chpkmh2,0.2724458204334365,0.2716049382716049,0.0008408821618315909
p_1175,t3_266yvm,t1_cho98qb,t1_cho9whe,0.20141342756183744,0.23392857142857143,-0.032515143866733986
p_1176,t3_264xi6,t1_chnu7dr,t1_chntgnu,0.18875502008032127,0.19313304721030042,-0.004378027129979145
p_1177,t3_264iek,t1_chnlkj6,t1_chnpgap,0.2158273381294964,0.2857142857142857,-0.0698869475847893
p_1178,t3_26478q,t1_chnuzwc,t1_chni6ea,0.2798165137614679,0.2834008097165992,-0.0035842959551313225
p_1180,t3_26388i,t1_chn9wjm,t1_chn949h,0.14285714285714285,0.16966580976863754,-0.026808666911494694
p_1179,t3_26388i,t1_chn995p,t1_chnvien,0.20833333333333334,0.20754716981132076,0.0007861635220125784
p_1182,t3_25xo3j,t1_chm80yd,t1_chlvz4j,0.1695501730103806,0.1832797427652733,-0.013729569754892701
p_1183,t3_25xl5s,t1_chm54oj,t1_chlqmz0,0.18461538461538463,0.2314410480349345,-0.046825663419549884
p_1184,t3_25x7qp,t1_chlltit,t1_chlyib1,0.20454545454545456,0.2565789473684211,-0.052033492822966515
p_1185,t3_25vncd,t1_chldip6,t1_chl5c1u,0.16356877323420074,0.13559322033898305,0.027975552895217692
p_1187,t3_25ttah,t1_chknoam,t1_chknr46,0.22789783889980353,0.1891891891891892,0.03870864971061433
p_1188,t3_25tb6s,t1_chkkbgt,t1_chkmpg8,0.1607843137254902,0.1744186046511628,-0.013634290925672587
p_1189,t3_25tb6s,t1_chkkdg1,t1_chknu20,0.08695652173913043,0.176056338028169,-0.08909981628903857
p_1190,t3_25suor,t1_chkfvbm,t1_chkg3m5,0.16487455197132617,0.1568627450980392,0.008011806873286953
p_1193,t3_25scj1,t1_chkzgwk,t1_chkmkdy,0.2903225806451613,0.14925373134328357,0.14106884930187774
p_1194,t3_25r1ji,t1_chjyik3,t1_chk8w7b,0.16891891891891891,0.19090909090909092,-0.021990171990172003
p_1195,t3_25po6v,t1_chjkkx8,t1_chjubyn,0.19933554817275748,0.20618556701030927,-0.006850018837551791
p_1196,t3_25po6v,t1_chk8sqa,t1_chjubyn,0.16838487972508592,0.20618556701030927,-0.037800687285223344
p_1197,t3_25pnxw,t1_chjirvh,t1_chjpfx2,0.11827956989247312,0.17525773195876287,-0.05697816206628975
p_1198,t3_25pnxw,t1_chjjtas,t1_chjj0yp,0.23809523809523808,0.18309859154929578,0.0549966465459423
p_1199,t3_25oyan,t1_chjdqy8,t1_chjem5p,0.13719512195121952,0.19873817034700317,-0.061543048395783645
p_1200,t3_25nvz4,t1_chj0cy6,t1_chj0i1f,0.18518518518518517,0.16521739130434782,0.01996779388083736
p_1201,t3_25n272,t1_chiubth,t1_chitirm,0.25892857142857145,0.1917808219178082,0.06714774951076324
p_1202,t3_25n272,t1_chiu5hs,t1_chiulpy,0.1725067385444744,0.1346153846153846,0.037891353929089794
p_1205,t3_25lg8m,t1_chigspr,t1_chiogt6,0.19548872180451127,0.3305084745762712,-0.13501975277175993
p_1206,t3_25l0uy,t1_chi8i2g,t1_chi832d,0.13725490196078433,0.171875,-0.034620098039215674
p_1207,t3_25l0uy,t1_chi7njk,t1_chi7tu1,0.16997167138810199,0.234375,-0.06440332861189801
p_1211,t3_25itrj,t1_chhmwgg,t1_chi69ds,0.15853658536585366,0.18867924528301888,-0.03014265991716522
p_1212,t3_25im4s,t1_chhkumz,t1_chhjyki,0.23948220064724918,0.18106995884773663,0.05841224179951254
p_1213,t3_25ha18,t1_chh8ifw,t1_chheuzj,0.15021459227467812,0.19879518072289157,-0.048580588448213446
p_1214,t3_25ha18,t1_chh6qmk,t1_chhe1dy,0.1945945945945946,0.25217391304347825,-0.05757931844888364
p_1216,t3_25gqr3,t1_chh26by,t1_chhh81o,0.18859649122807018,0.16489361702127658,0.023702874206793595
p_1217,t3_25gqr3,t1_chh8rrt,t1_chhh81o,0.19151846785225718,0.16489361702127658,0.026624850830980595
p_1218,t3_25fjdx,t1_chgsfko,t1_chgwtsq,0.21800947867298578,0.25984251968503935,-0.04183304101205357
p_1219,t3_25emz1,t1_chgg0g9,t1_chgig4z,0.14220183486238533,0.16483516483516483,-0.022633329972779503
p_1220,t3_25emz1,t1_chgg5ng,t1_chgir2d,0.228125,0.18627450980392157,0.04185049019607842
p_1221,t3_25e9jx,t1_chggnry,t1_chge47o,0.2042755344418052,0.18485523385300667,0.01942030058879854
p_1223,t3_25dxbd,t1_chg9dqe,t1_chg8ogo,0.16216216216216217,0.18699186991869918,-0.024829707756537006
p_1227,t3_255hmb,t1_chdweq6,t1_chemebp,0.25668449197860965,0.273972602739726,-0.01728811076111636
p_1229,t3_254zub,t1_chdvkgy,t1_chdwf9h,0.1792452830188679,0.17391304347826086,0.005332239540607048
p_1231,t3_254y08,t1_cheumim,t1_chds6fo,0.20657276995305165,0.203125,0.003447769953051655
p_1233,t3_25397z,t1_chda336,t1_chdw4w9,0.1111111111111111,0.2191780821917808,-0.1080669710806697
p_1237,t3_251sp2,t1_chcu4b5,t1_chctls6,0.18023255813953487,0.1796875,0.0005450581395348708
p_1238,t3_251sp2,t1_chct90x,t1_chctls6,0.17647058823529413,0.1796875,-0.003216911764705871
p_1239,t3_24y1ch,t1_chbuciq,t1_chbrxsr,0.22695035460992907,0.21348314606741572,0.013467208542513348
p_1240,t3_24xvdh,t1_chc0kbp,t1_chbz1m4,0.16981132075471697,0.24271844660194175,-0.07290712584722478
p_1241,t3_24xu2q,t1_chbubti,t1_chbry7z,0.20418848167539266,0.15966386554621848,0.04452461612917419
p_1242,t3_24xu2q,t1_chc4ef4,t1_chbry7z,0.16971279373368145,0.15966386554621848,0.010048928187462974
p_1244,t3_24w4ny,t1_chb93ff,t1_chb9gll,0.2716417910447761,0.28756476683937826,-0.015922975794602168
p_1245,t3_24w2l9,t1_chb9cc8,t1_chb90uk,0.28975265017667845,0.27040816326530615,0.019344486911372305
p_1246,t3_24v6pp,t1_chbpbt5,t1_chb0vnk,0.12716763005780346,0.24427480916030533,-0.11710717910250187
p_1247,t3_24v4li,t1_chb1bwz,t1_chb0q8j,0.2222222222222222,0.10810810810810811,0.1141141141141141
p_1249,t3_24v147,t1_chbavh7,t1_chbf3nm,0.1828410689170183,0.171875,0.01096606891701829
p_1251,t3_24u1tt,t1_chatgr3,t1_chap2b6,0.23595505617977527,0.2781954887218045,-0.04224043254202922
p_1252,t3_24svid,t1_chabtmq,t1_chabwh6,0.17142857142857143,0.22950819672131148,-0.05807962529274005
p_1255,t3_24se6g,t1_cha8lpp,t1_cha7yte,0.23785166240409208,0.2139917695473251,0.023859892856766984
p_1256,t3_24sb0f,t1_cha6mi6,t1_cha8ryw,0.13821138211382114,0.22448979591836735,-0.0862784138045462
p_1257,t3_24qqog,t1_ch9zipy,t1_ch9sfw0,0.17613636363636365,0.16483516483516483,0.011301198801198814
p_1258,t3_24pgmg,t1_ch9fo96,t1_ch9x7xg,0.19607843137254902,0.19138755980861244,0.004690871563936577
p_1261,t3_24mdbl,t1_ch8og6w,t1_ch8j52p,0.16019417475728157,0.10406091370558376,0.0561332610516978
p_1262,t3_24m6ig,t1_ch8nkas,t1_ch8kf1q,0.22826086956521738,0.16184971098265896,0.06641115858255842
p_1264,t3_24j7qu,t1_ch7qjkg,t1_ch7uy3e,0.17045454545454544,0.09523809523809523,0.07521645021645021
p_1265,t3_24io3e,t1_ch7na38,t1_ch7ieyl,0.20300751879699247,0.14655172413793102,0.05645579465906145
p_1266,t3_24io3e,t1_ch7pz3m,t1_ch7ieyl,0.12578616352201258,0.14655172413793102,-0.020765560615918444
p_1267,t3_24hwd5,t1_ch7gi99,t1_ch7affk,0.14942528735632185,0.10714285714285714,0.042282430213464714
p_1268,t3_24h3zr,t1_ch72c4s,t1_ch72cof,0.12669683257918551,0.12077294685990338,0.005923885719282138
p_1269,t3_24g8ii,t1_ch71nlc,t1_ch6tmiv,0.2237960339943343,0.15217391304347827,0.07162212095085602
p_1270,t3_24g4hq,t1_ch7257w,t1_ch6va5a,0.14563106796116504,0.1323529411764706,0.01327812678469445
p_1278,t3_24c5qv,t1_ch5oa5w,t1_ch5ogse,0.16706443914081145,0.1484848484848485,0.018579590655962958
p_1279,t3_24c5qv,t1_ch5ow4l,t1_ch5ogse,0.17176470588235293,0.1484848484848485,0.023279857397504433
p_1280,t3_24c1q3,t1_ch5uakf,t1_ch60ays,0.21052631578947367,0.21818181818181817,-0.007655502392344499
p_1281,t3_24c1q3,t1_ch61d0c,t1_ch5ursh,0.17625231910946196,0.1953125,-0.019060180890538042
p_1282,t3_24c1q3,t1_ch5uoui,t1_ch5ugkf,0.2,0.1746031746031746,0.025396825396825418
p_1283,t3_24c1q3,t1_ch5zt5k,t1_ch5p4qj,0.1553398058252427,0.0962962962962963,0.05904350952894641
p_1284,t3_24bx3p,t1_ch5nu6w,t1_ch5ot5q,0.14792899408284024,0.18888888888888888,-0.04095989480604864
p_1285,t3_24bof3,t1_ch5k7ny,t1_ch5m04n,0.22727272727272727,0.23880597014925373,-0.011533242876526462
p_1286,t3_24bof3,t1_ch5k4dl,t1_ch5phng,0.2374429223744292,0.12601626016260162,0.11142666221182759
p_1287,t3_24b8ko,t1_ch5ozwp,t1_ch66f4q,0.23658051689860835,0.20816326530612245,0.028417251592485898
p_1288,t3_249sxa,t1_ch53so7,t1_ch4zs42,0.1522633744855967,0.13559322033898305,0.016670154146613658
p_1289,t3_249l1k,t1_ch4xsez,t1_ch57rrn,0.24,0.1927710843373494,0.047228915662650583
p_1290,t3_248s83,t1_ch4snfe,t1_ch4qx6q,0.23529411764705882,0.2037037037037037,0.03159041394335513
p_1291,t3_248bcr,t1_ch4oftd,t1_ch51bt3,0.1748971193415638,0.19507908611599298,-0.020181966774429183
p_1295,t3_24509o,t1_ch3osvi,t1_ch3yyjg,0.1509433962264151,0.18222222222222223,-0.03127882599580714
p_1296,t3_244kp1,t1_ch3jo95,t1_ch3iw1o,0.2391304347826087,0.23214285714285715,0.006987577639751552
p_1297,t3_244bft,t1_ch3gjc7,t1_ch3m2j3,0.1485148514851485,0.14285714285714285,0.005657708628005659
p_1301,t3_23yke6,t1_ch1tbc6,t1_ch22rmp,0.24,0.13725490196078433,0.10274509803921567
p_1302,t3_23yke6,t1_ch21i1v,t1_ch21o13,0.13194444444444445,0.18251928020565553,-0.05057483576121108
p_1305,t3_23yke6,t1_ch29mf9,t1_ch1y1ws,0.17708333333333334,0.16,0.01708333333333334
p_1303,t3_23yke6,t1_ch1xh6r,t1_ch20pf2,0.1728395061728395,0.22429906542056074,-0.05145955924772125
p_1304,t3_23yke6,t1_ch1vy27,t1_ch22rmp,0.20454545454545456,0.13725490196078433,0.06729055258467023
p_1308,t3_23xw5n,t1_ch20pmq,t1_ch1orox,0.13934426229508196,0.11956521739130435,0.019779044903777604
p_1311,t3_23xekl,t1_ch1ihvg,t1_ch1ih9d,0.2889447236180904,0.2717391304347826,0.017205593183307832
p_1310,t3_23xekl,t1_ch1lcbj,t1_ch1tafi,0.24691358024691357,0.23809523809523808,0.008818342151675485
p_1312,t3_23wvv9,t1_ch1cxo2,t1_ch1d10a,0.12244897959183673,0.24193548387096775,-0.11948650427913102
p_1315,t3_23wvv9,t1_ch1d1et,t1_ch1czsx,0.28,0.2,0.08000000000000002
p_1314,t3_23wvv9,t1_ch1dgtk,t1_ch1czsx,0.30303030303030304,0.2,0.10303030303030303
p_1313,t3_23wvv9,t1_ch1cuwx,t1_ch1d10a,0.1917808219178082,0.24193548387096775,-0.05015466195315954
p_1316,t3_23wvv9,t1_ch1dvsg,t1_ch1d10a,0.13953488372093023,0.24193548387096775,-0.10240060015003752
p_1317,t3_23vw8b,t1_ch130xw,t1_ch12knl,0.09090909090909091,0.18032786885245902,-0.08941877794336811
p_1318,t3_23vw8b,t1_ch13k3n,t1_ch12knl,0.22784810126582278,0.18032786885245902,0.047520232413363755
p_1319,t3_23vw8b,t1_ch149yl,t1_ch13pcr,0.12345679012345678,0.23232323232323232,-0.10886644219977554
p_1320,t3_23vvzm,t1_ch1f49t,t1_ch12o3l,0.21241050119331742,0.20945945945945946,0.002951041733857962
p_1322,t3_23ou3x,t1_cgz6lk9,t1_cgz4coy,0.1907514450867052,0.25287356321839083,-0.06212211813168564
p_1324,t3_23mgec,t1_cgygajp,t1_cgyvk0r,0.11851851851851852,0.08888888888888889,0.02962962962962963
p_1326,t3_23lqtl,t1_cgybkki,t1_cgy8g3b,0.142433234421365,0.16184971098265896,-0.01941647656129397
p_1327,t3_23lqtl,t1_cgy90vi,t1_cgyg9t2,0.2459016393442623,0.21739130434782608,0.02851033499643621
p_1328,t3_23litg,t1_cgy73k6,t1_cgyu73z,0.2411504424778761,0.15083798882681565,0.09031245365106044
p_1329,t3_23kv7b,t1_cgxzsco,t1_cgy6k1w,0.19626168224299065,0.1446280991735537,0.05163358306943694
p_1330,t3_23kv7b,t1_cgy0cn3,t1_cgy04hq,0.16574585635359115,0.14705882352941177,0.018687032824179384
p_1331,t3_23kv7b,t1_cgy2g6p,t1_cgy5vy7,0.24615384615384617,0.23880597014925373,0.007347876004592441
p_1332,t3_23kv7b,t1_cgy0c2d,t1_cgy551n,0.2198581560283688,0.19540229885057472,0.024455857177794083
p_1333,t3_23kv7b,t1_cgy6gid,t1_cgyrejw,0.15294117647058825,0.26865671641791045,-0.1157155399473222
p_1334,t3_23kit3,t1_cgxz084,t1_cgxx7gu,0.1393939393939394,0.26143790849673204,-0.12204396910279264
p_1335,t3_23k2q0,t1_cgxw1t2,t1_cgxturs,0.1978021978021978,0.2905982905982906,-0.09279609279609283
p_1336,t3_23jz53,t1_cgxr95k,t1_cgxqswm,0.18181818181818182,0.17708333333333334,0.004734848484848481
p_1337,t3_23jmyp,t1_cgxs8kb,t1_cgxn99f,0.14767932489451477,0.20261437908496732,-0.054935054190452554
p_1338,t3_23ijp4,t1_cgxcr0l,t1_cgxdbde,0.17995910020449898,0.21715817694369974,-0.037199076739200754
p_1341,t3_23c5x0,t1_cgvl8vi,t1_cgvm637,0.1871345029239766,0.21965317919075145,-0.03251867626677485
p_1342,t3_239u21,t1_cguzcxq,t1_cgv142h,0.26262626262626265,0.1638418079096045,0.09878445471665814
p_1343,t3_238wk7,t1_cgumv5c,t1_cgvmt4w,0.2,0.15753424657534246,0.042465753424657554
p_1344,t3_238afg,t1_cguflf3,t1_cgufoko,0.15315315315315314,0.16666666666666666,-0.013513513513513514
p_1345,t3_2375b2,t1_cgu92dz,t1_cgu3uvw,0.17926565874730022,0.1793478260869565,-8.216733965629719e-05
p_1346,t3_2371el,t1_cguakwg,t1_cgu6rya,0.14619883040935672,0.17518248175182483,-0.02898365134246811
p_1347,t3_2360o1,t1_cgtz3wv,t1_cgtwa3q,0.2391304347826087,0.16091954022988506,0.07821089455272365
p_1348,t3_2360o1,t1_cgu0cre,t1_cgtsaaa,0.12016293279022404,0.15479876160990713,-0.03463582881968309
p_1353,t3_22z33y,t1_cgrsuna,t1_cgs2mn3,0.3333333333333333,0.17721518987341772,0.1561181434599156
p_1354,t3_22z33y,t1_cgrugp5,t1_cgs6ju7,0.1958762886597938,0.24324324324324326,-0.047366954583449444
p_1355,t3_22y28i,t1_cgriyct,t1_cgrjo9h,0.1927710843373494,0.16455696202531644,0.028214122312032963
p_1358,t3_22xij5,t1_cgrqv9h,t1_cgrcwvc,0.18051575931232092,0.1422924901185771,0.03822326919374383
p_1356,t3_22xij5,t1_cgrcz5o,t1_cgrcq5k,0.19666666666666666,0.14414414414414414,0.05252252252252251
p_1359,t3_22wdaq,t1_cgr4744,t1_cgr1g25,0.22448979591836735,0.12280701754385964,0.1016827783745077
p_1361,t3_22uku3,t1_cgqjbhc,t1_cgqivn8,0.27692307692307694,0.18971061093247588,0.08721246599060106
p_1362,t3_22uku3,t1_cgqlrwl,t1_cgqjogl,0.18741450068399454,0.19154929577464788,-0.004134795090653343
p_1364,t3_22uku3,t1_cgqquh7,t1_cgqjogl,0.1678832116788321,0.19154929577464788,-0.023666084095815776
p_1363,t3_22uku3,t1_cgqkdik,t1_cgqivn8,0.19815668202764977,0.18971061093247588,0.008446071095173896
p_1365,t3_22ujpc,t1_cgqjh6c,t1_cgqk4rp,0.15,0.2236842105263158,-0.0736842105263158
p_1367,t3_22s6od,t1_cgpvjq6,t1_cgpumps,0.1397459165154265,0.19047619047619047,-0.05073027396076396
p_1368,t3_22s540,t1_cgpw23e,t1_cgq0y5h,0.1378504672897196,0.13064713064713065,0.007203336642588959
p_1369,t3_22ro8l,t1_cgpubok,t1_cgpq38y,0.16198704103671707,0.15757575757575756,0.004411283460959509
p_1373,t3_22rciz,t1_cgppvl3,t1_cgps3lm,0.12751677852348994,0.13636363636363635,-0.00884685784014641
p_1375,t3_22p8vc,t1_cgp1ivx,t1_cgp2qt7,0.20384615384615384,0.19596541786743515,0.00788073597871869
p_1376,t3_22p8vc,t1_cgph660,t1_cgp2qt7,0.17530864197530865,0.19596541786743515,-0.0206567758921265
p_1378,t3_22oxbh,t1_cgpbtta,t1_cgp8xyo,0.143646408839779,0.11926605504587157,0.024380353793907433
p_1381,t3_22kmvs,t1_cgnqvsu,t1_cgns9dq,0.17613636363636365,0.21071428571428572,-0.03457792207792207
p_1382,t3_22kmvs,t1_cgnr65q,t1_cgnr89a,0.19205298013245034,0.25663716814159293,-0.06458418800914259
p_1383,t3_22kmvs,t1_cgnqzqt,t1_cgns9dq,0.1625,0.21071428571428572,-0.04821428571428571
p_1385,t3_22jhn2,t1_cgneze9,t1_cgnl46h,0.1728395061728395,0.19029850746268656,-0.017459001289847065
p_1387,t3_22f1kj,t1_cgm6jha,t1_cgs195e,0.2206896551724138,0.14563106796116504,0.07505858721124875
p_1388,t3_22f1kj,t1_cgm7mon,t1_cgmavew,0.16689280868385345,0.2484076433121019,-0.08151483462824846
p_1389,t3_22f1kj,t1_cgm6vi2,t1_cgm6jxw,0.21122599704579026,0.17333333333333334,0.03789266371245692
p_1392,t3_22akzj,t1_cgl8lo1,t1_cgkxjgo,0.2537037037037037,0.17692307692307693,0.07678062678062678
p_1394,t3_22aivj,t1_cglicrz,t1_cgl0x83,0.16363636363636364,0.2,-0.036363636363636376
p_1395,t3_22aivj,t1_cgljc74,t1_cgl10xq,0.24390243902439024,0.2647058823529412,-0.02080344332855094
p_1396,t3_22a5ni,t1_cgktqwp,t1_cgkttdk,0.16161616161616163,0.2,-0.03838383838383838
p_1397,t3_22a3qs,t1_cgkvrr0,t1_cgkykbh,0.2226148409893993,0.1518987341772152,0.0707161068121841
p_1398,t3_22a3qs,t1_cgl1hm0,t1_cgkykbh,0.2047244094488189,0.1518987341772152,0.0528256752716037
p_1399,t3_22a3qs,t1_cgl1h03,t1_cgkykbh,0.2,0.1518987341772152,0.04810126582278482
p_1400,t3_22a37m,t1_cgksfxc,t1_cgkymem,0.16279069767441862,0.10204081632653061,0.060749881347888
p_1401,t3_228zyi,t1_cgkk4t4,t1_cgklgw6,0.07272727272727272,0.09615384615384616,-0.023426573426573435
p_1402,t3_228zup,t1_cgkizxk,t1_cgklh2w,0.18072289156626506,0.24107142857142858,-0.060348537005163516
p_1403,t3_227jtk,t1_cgkj9t2,t1_cgk3y74,0.23776223776223776,0.19337016574585636,0.0443920720163814
p_1404,t3_2274kr,t1_cgk4b3c,t1_cgk2ayk,0.1598317560462671,0.22653721682847897,-0.06670546078221187
p_1406,t3_226qii,t1_cgjxbij,t1_cgjwndb,0.15714285714285714,0.20727272727272728,-0.050129870129870135
p_1408,t3_225n20,t1_cgjsq8n,t1_cgjxoyj,0.1566265060240964,0.19718309859154928,-0.04055659256745289
p_1409,t3_225n20,t1_cgjse9y,t1_cgjto4c,0.16519823788546256,0.16009852216748768,0.005099715717974879
p_1411,t3_2235f3,t1_cgj1syh,t1_cgj12cs,0.1506849315068493,0.20833333333333334,-0.057648401826484036
p_1413,t3_222civ,t1_cgiu51l,t1_cgiukpc,0.17137809187279152,0.14550641940085593,0.025871672471935586
p_1414,t3_222civ,t1_cgj0qyo,t1_cgir9ho,0.11904761904761904,0.1506849315068493,-0.031637312459230266
p_1416,t3_2225gv,t1_cgimlkk,t1_cgio20w,0.2074074074074074,0.12222222222222222,0.08518518518518518
p_1417,t3_221bir,t1_cgif7kr,t1_cgixpf6,0.12403100775193798,0.14953271028037382,-0.025501702528435838
p_1418,t3_220tb9,t1_cgi94sd,t1_cgic9mq,0.20860927152317882,0.17494089834515367,0.03366837317802515
p_1422,t3_21ufiz,t1_cghj1f0,t1_cggsmnl,0.13829787234042554,0.09803921568627451,0.04025865665415103
p_1423,t3_21tk7p,t1_cgggqyw,t1_cgghrhl,0.25396825396825395,0.17216117216117216,0.0818070818070818
p_1425,t3_21tdqe,t1_cggbp4k,t1_cggl2kk,0.23333333333333334,0.20618556701030927,0.02714776632302407
p_1426,t3_21syfg,t1_cgg7z22,t1_cgg8cok,0.14444444444444443,0.16666666666666666,-0.022222222222222227
p_1428,t3_21ssfi,t1_cgg6xv3,t1_cggf9u8,0.1646586345381526,0.11382113821138211,0.050837496326770495
p_1436,t3_21pkk6,t1_cgfbywq,t1_cgfbp9c,0.175054704595186,0.25,-0.07494529540481401
p_1437,t3_21okwn,t1_cgf2798,t1_cgf5s9n,0.23102310231023102,0.20930232558139536,0.021720776728835656
p_1438,t3_21lleu,t1_cgec0uu,t1_cgebs0x,0.18478260869565216,0.18208092485549132,0.00270168384016084
p_1439,t3_21l4k2,t1_cge4eyu,t1_cge6hi9,0.14102564102564102,0.08771929824561403,0.053306342780026994
p_1441,t3_21id1m,t1_cgdf3o7,t1_cgdlgwq,0.1111111111111111,0.14912280701754385,-0.038011695906432746
p_1447,t3_21eskl,t1_cgcdlrz,t1_cgccad9,0.2676056338028169,0.23741007194244604,0.03019556186037084
p_1449,t3_21dzb8,t1_cgc6vmk,t1_cgcdz22,0.1875,0.20512820512820512,-0.01762820512820512
p_1450,t3_21ceh3,t1_cgbp7v2,t1_cgbpnct,0.1310344827586207,0.175,-0.04396551724137929
p_1451,t3_21c4g5,t1_cgbm0ol,t1_cgbmkir,0.20134228187919462,0.14516129032258066,0.05618099155661396
p_1454,t3_21bodq,t1_cgbktwy,t1_cgboulw,0.2144469525959368,0.2185792349726776,-0.004132282376740792
p_1455,t3_21aaav,t1_cgb4hag,t1_cgb7k83,0.20930232558139536,0.19318181818181818,0.016120507399577183
p_1456,t3_219ie7,t1_cgawtkk,t1_cgaywpa,0.2,0.18072289156626506,0.019277108433734952
p_1457,t3_219ie7,t1_cgay26g,t1_cgaxh04,0.1728,0.21367521367521367,-0.040875213675213656
p_1459,t3_219hll,t1_cgb9i7f,t1_cgawgmy,0.14285714285714285,0.17142857142857143,-0.02857142857142858
p_1461,t3_218cj0,t1_cgb7957,t1_cgakc8p,0.23863636363636365,0.25327510917030566,-0.01463874553394201
p_1460,t3_218cj0,t1_cgb4zyw,t1_cgalms8,0.16444444444444445,0.23870967741935484,-0.07426523297491039
p_1462,t3_218cay,t1_cganctm,t1_cgb5b16,0.1404303510758777,0.1393258426966292,0.0011045083792484978
p_1464,t3_217z08,t1_cgamd0q,t1_cgam4in,0.22203947368421054,0.15020576131687244,0.0718337123673381
p_1466,t3_216l8g,t1_cga5u8e,t1_cgaj501,0.2011173184357542,0.2028985507246377,-0.0017812322888834942
p_1468,t3_216l8g,t1_cgadifw,t1_cgamd1h,0.18252730109204368,0.1588235294117647,0.023703771680278984
p_1469,t3_216l8g,t1_cga5vm9,t1_cgad30r,0.22099447513812154,0.14925373134328357,0.07174074379483797
p_1470,t3_216c3c,t1_cgaclvt,t1_cgb76ib,0.1986754966887417,0.1559633027522936,0.04271219393644812
p_1471,t3_2156ec,t1_cg9t3jm,t1_cg9v9lh,0.12698412698412698,0.1440677966101695,-0.01708366962604252
p_1472,t3_2156ec,t1_cg9sith,t1_cg9v9lh,0.18120805369127516,0.1440677966101695,0.03714025708110566
p_1473,t3_213mm2,t1_cg9agr0,t1_cg9bbci,0.14917127071823205,0.21777777777777776,-0.06860650705954571
p_1474,t3_2130o9,t1_cg973lr,t1_cg99h0r,0.1937984496124031,0.20489296636085627,-0.01109451674845316
p_1475,t3_2108o3,t1_cg8g5m0,t1_cg8vacp,0.2129120879120879,0.22857142857142856,-0.01565934065934066
p_1477,t3_2108o3,t1_cg8pfcj,t1_cg8em1w,0.1888111888111888,0.2607003891050584,-0.07188920029386958
p_1476,t3_2108o3,t1_cg8g18c,t1_cg8gp2o,0.20532319391634982,0.20982142857142858,-0.004498234655078759
p_1478,t3_2100tm,t1_cg8bjor,t1_cg8bpfd,0.16470588235294117,0.23300970873786409,-0.06830382638492291
p_1479,t3_2100tm,t1_cg8bkva,t1_cg8cadv,0.2540381791483113,0.128099173553719,0.12593900559459228
p_1480,t3_21006g,t1_cg8ektc,t1_cg8c67y,0.2047244094488189,0.2100238663484487,-0.005299456899629795
p_1481,t3_21006g,t1_cg8d5l7,t1_cg8jki4,0.2,0.16417910447761194,0.03582089552238807
p_1482,t3_21006g,t1_cg8k5af,t1_cg8jacm,0.23160173160173161,0.19586614173228348,0.03573558986944814
p_1483,t3_20y74d,t1_cg7uqnx,t1_cg7xgcc,0.1780821917808219,0.16883116883116883,0.009251022949653076
p_1484,t3_20xnem,t1_cg7p4ea,t1_cg872iu,0.2391304347826087,0.2403846153846154,-0.0012541806020066881
p_1485,t3_20xnem,t1_cg7py0i,t1_cg872iu,0.2554890219560878,0.2403846153846154,0.015104406571472412
p_1486,t3_20w0tt,t1_cg7p8xg,t1_cg7r3mc,0.17446808510638298,0.1664167916041979,0.008051293502185086
p_1487,t3_20vzfs,t1_cg7cbh1,t1_cg7cj2w,0.23711340206185566,0.19791666666666666,0.039196735395189
p_1488,t3_20v70n,t1_cg725lz,t1_cg73vfe,0.2605042016806723,0.21428571428571427,0.04621848739495801
p_1489,t3_20smoi,t1_cg6kjc3,t1_cg6ejad,0.1787878787878788,0.18274111675126903,-0.003953237963390227
p_1495,t3_20ofb2,t1_cg5pkgq,t1_cg5ixhz,0.1870967741935484,0.17094017094017094,0.01615660325337745
p_1499,t3_20nrcb,t1_cg543t2,t1_cg552uu,0.1329479768786127,0.22522522522522523,-0.09227724834661252
p_1502,t3_20mxh2,t1_cg5cj8f,t1_cg5k6xt,0.17765042979942694,0.19915254237288135,-0.021502112573454413
p_1504,t3_20mjdj,t1_cg682ww,t1_cg4t0cc,0.21484375,0.2898550724637681,-0.07501132246376813
p_1503,t3_20mjdj,t1_cg4pg7g,t1_cg4t0cc,0.2214765100671141,0.2898550724637681,-0.06837856239665402
p_1505,t3_20madh,t1_cg4ndzh,t1_cg4rj03,0.20109689213893966,0.18404907975460122,0.017047812384338445
p_1508,t3_20krmr,t1_cg48d5v,t1_cg4a1y8,0.15895953757225434,0.08571428571428572,0.07324525185796862
p_1509,t3_20k8w4,t1_cg4aii2,t1_cg48eux,0.17530864197530865,0.11290322580645161,0.062405416168857045
p_1510,t3_20k2rr,t1_cg419ms,t1_cg412ex,0.1867816091954023,0.18110236220472442,0.005679246990677872
p_1511,t3_20jx3a,t1_cg3ylll,t1_cg3zhj7,0.18404907975460122,0.2222222222222222,-0.03817314246762099
p_1512,t3_20iv9v,t1_cg3ns2w,t1_cg44wwu,0.15625,0.19158878504672897,-0.035338785046728965
p_1513,t3_20iv9v,t1_cg3y5m7,t1_cg44wwu,0.11242603550295859,0.19158878504672897,-0.07916274954377038
p_1515,t3_20i4lp,t1_cg3uys9,t1_cg3hmbl,0.17689530685920576,0.18181818181818182,-0.004922874958976059
p_1516,t3_20i4lp,t1_cg48c3a,t1_cg3j6v8,0.24770642201834864,0.20238095238095238,0.045325469637396254
p_1517,t3_20i32o,t1_cg3g5qn,t1_cg3h1s6,0.1822429906542056,0.18421052631578946,-0.0019675356615838635
p_1518,t3_20hoh2,t1_cg3e8tj,t1_cg3e1q3,0.06382978723404255,0.1782608695652174,-0.11443108233117484
p_1519,t3_20h3n2,t1_cg35tve,t1_cg35vpg,0.19083969465648856,0.2692307692307692,-0.07839107457428066
p_1520,t3_20gyw4,t1_cg3bvu3,t1_cg3fsc7,0.2222222222222222,0.1206896551724138,0.10153256704980841
p_1521,t3_20gyw4,t1_cg3fs5u,t1_cg3fsc7,0.15,0.1206896551724138,0.029310344827586196
p_1523,t3_20evic,t1_cg2s2cg,t1_cg2kgg6,0.15853658536585366,0.21238938053097345,-0.05385279516511979
p_1524,t3_20er8m,t1_cg2kh0h,t1_cg349wx,0.1568627450980392,0.18120805369127516,-0.024345308593235943
p_1526,t3_20er8m,t1_cg2pphh,t1_cg349wx,0.24107142857142858,0.18120805369127516,0.05986337488015342
p_1529,t3_20ccdh,t1_cg1yrvx,t1_cg21j64,0.16901408450704225,0.21818181818181817,-0.04916773367477592
p_1530,t3_20c7cz,t1_cg1yw0u,t1_cg1tdlz,0.2112676056338028,0.17073170731707318,0.04053589831672963
p_1531,t3_20bjzj,t1_cg1npcb,t1_cg1np4p,0.18098159509202455,0.1801470588235294,0.0008345362684951396
p_1532,t3_20bc4h,t1_cg1kcaj,t1_cg1q9b0,0.21149425287356322,0.20385674931129477,0.007637503562268444
p_1533,t3_20bc4h,t1_cg1k60u,t1_cg1m2xr,0.24806201550387597,0.3541666666666667,-0.10610465116279072
p_1536,t3_208uz9,t1_cg0x68o,t1_cg0vcfi,0.20100502512562815,0.15555555555555556,0.04544946957007259
p_1538,t3_208uz9,t1_cg10g34,t1_cg0vx6c,0.23214285714285715,0.11946902654867257,0.11267383059418458
p_1539,t3_20771y,t1_cg0g3o7,t1_cg0kgnu,0.13095238095238096,0.17543859649122806,-0.0444862155388471
p_1541,t3_2067hy,t1_cg07wrp,t1_cg0fxc1,0.15639810426540285,0.2482758620689655,-0.09187775780356267
p_1542,t3_2067hy,t1_cg0du69,t1_cg0fxc1,0.20253164556962025,0.2482758620689655,-0.045744216499345264
p_1543,t3_205wgp,t1_cg034et,t1_cg0lm1r,0.07042253521126761,0.12962962962962962,-0.059207094418362013
p_1545,t3_2055ga,t1_cg005x6,t1_cfzyi1j,0.12949640287769784,0.18339100346020762,-0.05389460058250978
p_1546,t3_20552o,t1_cfzv2ca,t1_cfzutd1,0.1638418079096045,0.19791666666666666,-0.03407485875706215
p_1547,t3_202dsz,t1_cfz5omt,t1_cfz8mj9,0.21673003802281368,0.17488789237668162,0.04184214564613206
p_1548,t3_1zyxf5,t1_cfykpyh,t1_cfy8x1q,0.15142857142857144,0.16923076923076924,-0.0178021978021978
p_1549,t3_1zwn1x,t1_cfxnbo6,t1_cfxnnsj,0.1702127659574468,0.15476190476190477,0.015450861195542037
p_1550,t3_1zw7ln,t1_cfxj320,t1_cfxj5az,0.17708333333333334,0.1643835616438356,0.012699771689497735
p_1551,t3_1zuvxw,t1_cfxe20o,t1_cfxmqh6,0.24897959183673468,0.1978021978021978,0.05117739403453689
p_1552,t3_1zu61l,t1_cfwzylm,t1_cfx0hao,0.15668202764976957,0.16964285714285715,-0.012960829493087578
p_1553,t3_1ztvka,t1_cfwxsqx,t1_cfwws2r,0.20670391061452514,0.19387755102040816,0.012826359594116987
p_1555,t3_1zs621,t1_cfwvfc8,t1_cfwgped,0.1847041847041847,0.16279069767441862,0.021913487029766088
p_1557,t3_1zradb,t1_cfwcpec,t1_cfwls65,0.1582089552238806,0.1498371335504886,0.008371821673391983
p_1558,t3_1zmsp5,t1_cfv2q6b,t1_cfv12db,0.2427536231884058,0.19313304721030042,0.049620575978105375
p_1561,t3_1zj8xe,t1_cfuhnxj,t1_cfu7ye4,0.23353293413173654,0.17094017094017094,0.06259276319156559
p_1563,t3_1zixnc,t1_cfu2ihk,t1_cfufvm6,0.1715686274509804,0.23109243697478993,-0.059523809523809534
p_1564,t3_1zixnc,t1_cfufgl4,t1_cfu8t82,0.16721311475409836,0.2484472049689441,-0.08123409021484573
p_1565,t3_1zga9j,t1_cfth378,t1_cfthktn,0.21052631578947367,0.2642857142857143,-0.05375939849624062
p_1566,t3_1zfi9r,t1_cft7656,t1_cft6dvp,0.14375,0.17105263157894737,-0.027302631578947384
p_1567,t3_1zdgxp,t1_cfspefn,t1_cfsoeq2,0.1647940074906367,0.21621621621621623,-0.05142220872557954
p_1568,t3_1zav5a,t1_cfs128g,t1_cfs8we4,0.20113314447592068,0.23452157598499063,-0.03338843150906995
p_1569,t3_1zav5a,t1_cfs14jd,t1_cfs27v4,0.2222222222222222,0.15853658536585366,0.06368563685636855
p_1570,t3_1z9uki,t1_cfrtm9j,t1_cfrtrpp,0.11711711711711711,0.16666666666666666,-0.04954954954954954
p_1571,t3_1z9nj1,t1_cfrvhp5,t1_cfrt1zr,0.18181818181818182,0.17964071856287425,0.0021774632553075712
p_1572,t3_1z9nj1,t1_cfs2slp,t1_cfrt1zr,0.12861736334405144,0.17964071856287425,-0.05102335521882281
p_1575,t3_1z4j07,t1_cfqjgtm,t1_cfqfpgt,0.22900763358778625,0.22137404580152673,0.007633587786259527
p_1576,t3_1z3vej,t1_cfq9l33,t1_cfq9m7b,0.23529411764705882,0.13846153846153847,0.09683257918552035
p_1577,t3_1z2m65,t1_cfpz5ni,t1_cfqe6na,0.14627659574468085,0.16556291390728478,-0.019286318162603927
p_1579,t3_1z1x25,t1_cfps3jr,t1_cfprwz1,0.12352941176470589,0.20817843866171004,-0.08464902689700415
p_1581,t3_1z0efm,t1_cfpdtdk,t1_cfpdbjr,0.1299342105263158,0.16666666666666666,-0.036732456140350866
p_1582,t3_1yzk2r,t1_cfpix2k,t1_cfpb5e7,0.19592476489028213,0.15588547189819724,0.04003929299208489
p_1584,t3_1ytd1y,t1_cfnl117,t1_cfnl2nq,0.15286624203821655,0.11904761904761904,0.03381862299059751
p_1585,t3_1yst0y,t1_cfngu5x,t1_cfngwn5,0.17772511848341233,0.21161825726141079,-0.03389313877799846
p_1586,t3_1ysjvs,t1_cfndapb,t1_cfnjy06,0.23684210526315788,0.211864406779661,0.024977698483496874
p_1587,t3_1ysjvs,t1_cfnejdg,t1_cfndbpn,0.1912751677852349,0.16666666666666666,0.024608501118568243
p_1588,t3_1yqbtv,t1_cfmvaww,t1_cfn3a9g,0.10344827586206896,0.25316455696202533,-0.14971628109995638
p_1589,t3_1yqbtv,t1_cfmvnmb,t1_cfnjhfp,0.20833333333333334,0.20512820512820512,0.0032051282051282215
p_1590,t3_1ypfdt,t1_cfmn9ya,t1_cfmkj9p,0.23308270676691728,0.19078947368421054,0.042293233082706744
p_1593,t3_1ylhiw,t1_cflpdf1,t1_cflrlgg,0.18604651162790697,0.16393442622950818,0.02211208539839879
p_1594,t3_1yksrs,t1_cfln3uw,t1_cflsynk,0.14705882352941177,0.15384615384615385,-0.006787330316742085
p_1595,t3_1yk2nn,t1_cfmigm1,t1_cfl7jgs,0.147008547008547,0.12745098039215685,0.01955756661639016
p_1597,t3_1yj9yz,t1_cfkzuuw,t1_cfl3zb3,0.17543859649122806,0.2037037037037037,-0.028265107212475632
p_1598,t3_1yhd8w,t1_cfkunw0,t1_cfl04qs,0.16756756756756758,0.14393939393939395,0.023628173628173627
p_1599,t3_1yg8sx,t1_cfkaxla,t1_cfk8844,0.2074074074074074,0.23157894736842105,-0.02417153996101365
p_1600,t3_1yg2jo,t1_cfk66s1,t1_cfk729g,0.165,0.16326530612244897,0.0017346938775510412
p_1601,t3_1yf0hw,t1_cfk3gzm,t1_cfk3g6w,0.2019099590723056,0.2019099590723056,0.0
p_1602,t3_1ycqp3,t1_cfjcixz,t1_cfjex0e,0.14049586776859505,0.13958810068649885,0.0009077670820961947
p_1603,t3_1yccg0,t1_cfj7tna,t1_cfj836t,0.15019762845849802,0.15954415954415954,-0.009346531085661525
p_1604,t3_1yc8z3,t1_cfj8dok,t1_cfj6ut7,0.15699658703071673,0.15337423312883436,0.003622353901882369
p_1607,t3_1y93n4,t1_cfilbka,t1_cfiga5n,0.2420091324200913,0.17073170731707318,0.07127742510301813
p_1609,t3_1y8e6p,t1_cfidj9k,t1_cfi8wne,0.1867881548974943,0.23580786026200873,-0.049019705364514415
p_1610,t3_1y7dly,t1_cfi0whe,t1_cfi99ou,0.1377245508982036,0.14950166112956811,-0.011777110231364518
p_1611,t3_1y6r6n,t1_cfhuqmy,t1_cfhzeok,0.23958333333333334,0.1958997722095672,0.043683561123766146
p_1613,t3_1y5kpj,t1_cfhngrl,t1_cfhmv6r,0.17094017094017094,0.1417910447761194,0.029149126164051548
p_1614,t3_1y5jpe,t1_cfhjc63,t1_cfhoyvh,0.10714285714285714,0.10344827586206896,0.003694581280788173
p_1615,t3_1y3vw7,t1_cfh6xl3,t1_cfhb3ig,0.24127906976744187,0.2982456140350877,-0.05696654426764583
p_1616,t3_1y0z80,t1_cfgezmv,t1_cfgd9sg,0.11864406779661017,0.22115384615384615,-0.10250977835723597
p_1617,t3_1y0z80,t1_cfgebtx,t1_cfge83v,0.15706806282722513,0.15789473684210525,-0.0008266740148801244
p_1618,t3_1y0z80,t1_cfgff5w,t1_cfgdo8i,0.22448979591836735,0.08620689655172414,0.1382828993666432
p_1619,t3_1y0z80,t1_cfggmp9,t1_cfggdeg,0.1308411214953271,0.18867924528301888,-0.05783812378769179
p_1620,t3_1y0vu9,t1_cfgiaw0,t1_cfgl96g,0.16666666666666666,0.16374269005847952,0.0029239766081871343
p_1621,t3_1y0q8w,t1_cfrq7cf,t1_cfgq10w,0.15051546391752577,0.17179902755267423,-0.021283563635148467
p_1622,t3_1xzpi7,t1_cfg2dzw,t1_cfg3is1,0.18160377358490565,0.156,0.025603773584905648
p_1623,t3_1xzf7d,t1_cfg00me,t1_cffz5zm,0.21454545454545454,0.15425531914893617,0.06029013539651837
p_1624,t3_1xzeag,t1_cffzwu5,t1_cffzfv6,0.16712328767123288,0.22746781115879827,-0.06034452348756539
p_1625,t3_1xzdek,t1_cfg1zzx,t1_cfg0i1g,0.1671388101983003,0.1875,-0.02036118980169971
p_1626,t3_1xz6rw,t1_cffz8em,t1_cffxz9z,0.125,0.16546762589928057,-0.040467625899280574
p_1628,t3_1xx4hd,t1_cffpbcp,t1_cffe6q8,0.2557651991614256,0.22491349480968859,0.030851704351737008
p_1631,t3_1xvch2,t1_cff03ce,t1_cfeznzr,0.22123893805309736,0.19488817891373802,0.02635075913935933
p_1632,t3_1xus3u,t1_cff4s1l,t1_cff7gyo,0.2687651331719128,0.22875816993464052,0.04000696323727229
p_1633,t3_1xtu9a,t1_cfelt93,t1_cfek1hq,0.19487179487179487,0.233502538071066,-0.03863074319927112
p_1635,t3_1xt7na,t1_cfekvit,t1_cfehcuc,0.17829457364341086,0.12643678160919541,0.05185779203421545
p_1636,t3_1xrsup,t1_cfe9wcm,t1_cfecpir,0.17757009345794392,0.14814814814814814,0.029421945309795777
p_1639,t3_1xqnjx,t1_cfdvt9y,t1_cfdt5y3,0.16666666666666666,0.2,-0.033333333333333354
p_1640,t3_1xqnjx,t1_cfdsxp9,t1_cfdvwqp,0.16267123287671234,0.16279069767441862,-0.00011946479770627572
p_1641,t3_1xqn05,t1_cfdr670,t1_cfdzhku,0.18840579710144928,0.17204301075268819,0.016362786348761094
p_1647,t3_1xpli3,t1_cfdj416,t1_cfdz0is,0.21141649048625794,0.2510822510822511,-0.03966576059599314
p_1648,t3_1xp9br,t1_cfddlr2,t1_cfdd9ab,0.2026431718061674,0.22568093385214008,-0.023037762045972687
p_1649,t3_1xowzb,t1_cfdatgs,t1_cfdbx3c,0.1705607476635514,0.14754098360655737,0.02301976405699402
p_1650,t3_1xowzb,t1_cfdbhsi,t1_cfdbx3c,0.17346938775510204,0.14754098360655737,0.025928404148544665
p_1651,t3_1xofrl,t1_cfd7mvo,t1_cfd6avv,0.22784810126582278,0.22807017543859648,-0.00022207417277370078
p_1652,t3_1xny71,t1_cfd4qsf,t1_cfd1p8s,0.17570093457943925,0.24607329842931938,-0.07037236384988013
p_1653,t3_1xne0t,t1_cfcwnyo,t1_cfcwuj0,0.1901639344262295,0.16216216216216217,0.02800177226406733
p_1654,t3_1xml8r,t1_cfcpq87,t1_cfcvgy3,0.17190388170055454,0.21982758620689655,-0.04792370450634201
p_1658,t3_1xj5t3,t1_cfbzgs9,t1_cfbsvrz,0.1574074074074074,0.16322314049586778,-0.0058157330884603675
p_1659,t3_1xj58k,t1_cfbw65l,t1_cfc1y4k,0.0947867298578199,0.205607476635514,-0.11082074677769412
p_1660,t3_1xj1ga,t1_cfbsq9j,t1_cfbsdxa,0.2,0.16194331983805668,0.03805668016194333
p_1661,t3_1xijwf,t1_cfbyqtw,t1_cfbs8fr,0.24025974025974026,0.2,0.040259740259740245
p_1662,t3_1xijwf,t1_cfbrxxo,t1_cfbs8fr,0.17117117117117117,0.2,-0.02882882882882884
p_1663,t3_1xi9t0,t1_cfbm43v,t1_cfbl44s,0.2376470588235294,0.225531914893617,0.012115143929912392
p_1664,t3_1xhrpt,t1_cfbkr47,t1_cfby4iv,0.1445020149683362,0.18518518518518517,-0.040683170216848974
p_1665,t3_1xhjo8,t1_cfbg2kr,t1_cfbe6yx,0.21739130434782608,0.3023255813953488,-0.08493427704752274
p_1666,t3_1xhgv0,t1_cfbkzhu,t1_cfbpidx,0.21238938053097345,0.1781045751633987,0.03428480536757475
p_1668,t3_1xgop4,t1_cfb7zmh,t1_cfblib6,0.2345679012345679,0.21296296296296297,0.021604938271604923
p_1670,t3_1xg9o8,t1_cfb5szp,t1_cfb8m1v,0.18574108818011256,0.18181818181818182,0.003922906361930739
p_1671,t3_1xg9o8,t1_cfb7rha,t1_cfb8rco,0.20253164556962025,0.16624685138539042,0.036284794184229835
p_1672,t3_1xg07x,t1_cfb0ntv,t1_cfb1y56,0.09595959595959595,0.21678321678321677,-0.12082362082362082
p_1673,t3_1xg07x,t1_cfb029j,t1_cfb1y56,0.14457831325301204,0.21678321678321677,-0.07220490353020473
p_1674,t3_1xfxzz,t1_cfbqyq7,t1_cfb38lx,0.2550607287449393,0.22916666666666666,0.025894062078272634
p_1675,t3_1xecbw,t1_cfapwte,t1_cfavmea,0.2982456140350877,0.21311475409836064,0.08513085993672706
p_1676,t3_1xauzj,t1_cf9ryoi,t1_cf9rnej,0.2604501607717042,0.21739130434782608,0.043058856423878106
p_1677,t3_1x9drc,t1_cf9aorl,t1_cf9drsg,0.1866096866096866,0.20512820512820512,-0.018518518518518517
p_1678,t3_1x8fy5,t1_cf9c8ws,t1_cf9598e,0.14908256880733944,0.19767441860465115,-0.04859184979731171
p_1679,t3_1x7uoa,t1_cf8wl9o,t1_cf8z5i2,0.18518518518518517,0.14838709677419354,0.036798088410991636
p_1681,t3_1x5wrj,t1_cf8fe6i,t1_cf8h4zs,0.2710843373493976,0.31092436974789917,-0.03984003239850159
p_1682,t3_1x5gri,t1_cf8ak7n,t1_cf8c7ra,0.17657342657342656,0.16853932584269662,0.008034100730729937
p_1683,t3_1x4fll,t1_cf88dvu,t1_cf80gm0,0.2545454545454545,0.21875,0.03579545454545452
p_1684,t3_1x4e9l,t1_cf8c6ja,t1_cf813g9,0.24817518248175183,0.25210084033613445,-0.003925657854382619
p_1685,t3_1x44be,t1_cf7y65l,t1_cffje6e,0.17320261437908496,0.20136518771331058,-0.028162573334225616
p_1686,t3_1x44be,t1_cf8ii0u,t1_cf7ynno,0.24651162790697675,0.24472573839662448,0.0017858895103522732
p_1687,t3_1x3quk,t1_cf81vtd,t1_cf811b2,0.1870967741935484,0.19724770642201836,-0.010150932228469967
p_1688,t3_1x3quk,t1_cf82a08,t1_cf7xofq,0.1991869918699187,0.1743119266055046,0.024875065264414103
p_1689,t3_1x3jm2,t1_cf7t9mu,t1_cf7w0x1,0.11610486891385768,0.14785992217898833,-0.031755053265130645
p_1690,t3_1x3jm2,t1_cf7rvkt,t1_cf7xop4,0.1875,0.11764705882352941,0.06985294117647059
p_1691,t3_1x3jm2,t1_cf7tzua,t1_cf7v802,0.15306122448979592,0.17875647668393782,-0.0256952521941419
p_1693,t3_1wxy0c,t1_cf6nwss,t1_cf6opjq,0.23591549295774647,0.21982758620689655,0.016087906750849923
p_1694,t3_1wxy0c,t1_cf6r60y,t1_cf6opjq,0.17298578199052134,0.21982758620689655,-0.04684180421637521
p_1695,t3_1wwoop,t1_cf63aas,t1_cf61b67,0.23,0.26785714285714285,-0.03785714285714284
p_1696,t3_1wwoop,t1_cf61gbe,t1_cf642jh,0.3108108108108108,0.30097087378640774,0.009839937024403056
p_1697,t3_1wvyf1,t1_cf5vcsr,t1_cf6onl2,0.26666666666666666,0.1111111111111111,0.15555555555555556
p_1699,t3_1wvths,t1_cf614t8,t1_cf5ugx7,0.19287833827893175,0.20357142857142857,-0.01069309029249682
p_1698,t3_1wvths,t1_cf5v50x,t1_cf5viuj,0.15384615384615385,0.2,-0.046153846153846156
p_1700,t3_1wvouv,t1_cf5t6kg,t1_cf5ydyu,0.19469026548672566,0.13414634146341464,0.06054392402331102
p_1702,t3_1wvhao,t1_cf5t1xp,t1_cf63h51,,0.21287128712871287,
p_1703,t3_1wu9bx,t1_cf5ghfv,t1_cf5gzn8,0.16585365853658537,0.17959183673469387,-0.013738178198108492
p_1704,t3_1wtvq6,t1_cf5knmg,t1_cf5ocok,0.11494252873563218,0.205,-0.0900574712643678
p_1705,t3_1wteqq,t1_cf5rh0q,t1_cf57as7,0.21212121212121213,0.2057142857142857,0.0064069264069264165
p_1706,t3_1wt8h7,t1_cf55ppi,t1_cf559e0,0.2604166666666667,0.1891891891891892,0.07122747747747749
p_1707,t3_1wsalo,t1_cf54lvq,t1_cf570gn,0.22955974842767296,0.1724137931034483,0.05714595532422467
p_1708,t3_1wqdpz,t1_cf4fnk7,t1_cf4fg38,0.14833333333333334,0.19387755102040816,-0.04554421768707481
p_1709,t3_1wnvdn,t1_cf3s4a2,t1_cf3rvjd,0.16216216216216217,0.1650485436893204,-0.002886381527158227
p_1710,t3_1wmoca,t1_cf3hjc2,t1_cf3fxbx,0.22580645161290322,0.2,0.02580645161290321
p_1714,t3_1wjggc,t1_cf2k4m9,t1_cf2zudy,0.15254237288135594,0.19469026548672566,-0.04214789260536972
p_1719,t3_1we5ye,t1_cf181nq,t1_cf1drrq,0.18046709129511676,0.145679012345679,0.03478807894943775
p_1721,t3_1we3gg,t1_cf15n2w,t1_cf1b9fg,0.12859884836852206,0.1965065502183406,-0.06790770184981854
p_1722,t3_1we3gg,t1_cf1aqki,t1_cf1mnjk,0.19117647058823528,0.2041522491349481,-0.012975778546712807
p_1723,t3_1we3gg,t1_cf14k7c,t1_cf1b9fg,0.16666666666666666,0.1965065502183406,-0.02983988355167394
p_1727,t3_1w99ax,t1_cf08bgj,t1_cezuuhe,0.2198952879581152,0.234375,-0.014479712041884807
p_1728,t3_1w91jl,t1_cezwkl3,t1_cezzr6g,0.16707616707616707,0.1511627906976744,0.01591337637849266
p_1729,t3_1w84rh,t1_cezjynx,t1_cezjtaz,0.18947368421052632,0.13333333333333333,0.05614035087719299
p_1731,t3_1w6uhl,t1_cezbyuy,t1_cez8odp,0.19672131147540983,0.15246636771300448,0.04425494376240535
p_1730,t3_1w6uhl,t1_cezbjga,t1_cez8r6m,0.27053140096618356,0.2152777777777778,0.055253623188405765
p_1732,t3_1w6uhl,t1_cezwgtv,t1_cezh5ah,0.1917808219178082,0.18,0.011780821917808215
p_1733,t3_1w6uhl,t1_cezy174,t1_cezwt7d,0.1618181818181818,0.15625,0.0055681818181818055
p_1734,t3_1w3r7a,t1_ceyfj6f,t1_ceyiqk4,0.13970588235294118,0.2185430463576159,-0.07883716400467472
p_1735,t3_1vz63d,t1_cex6xzs,t1_cexiref,0.17921146953405018,0.16863905325443787,0.010572416279612307
p_1738,t3_1vqwtw,t1_ceuzj2d,t1_ceuycyu,0.26865671641791045,0.125,0.14365671641791045
p_1739,t3_1vq2nf,t1_ceupm5x,t1_ceup6x1,0.1574074074074074,0.07575757575757576,0.08164983164983165
p_1740,t3_1vpp6t,t1_ceus11w,t1_ceuld78,0.15675675675675677,0.2336065573770492,-0.07684980062029242
p_1742,t3_1voenh,t1_ceubelw,t1_ceu9m4y,0.15970149253731344,0.15862068965517243,0.0010808028821410187
p_1743,t3_1vm911,t1_cetnn1i,t1_cettz33,0.265625,0.19444444444444445,0.07118055555555555
p_1746,t3_1vitnu,t1_cesojok,t1_cet1d7h,0.23651452282157676,0.2298507462686567,0.006663776552920053
p_1747,t3_1vil9h,t1_cesmz2f,t1_cesm93p,0.1590909090909091,0.13761467889908258,0.021476230191826512
p_1748,t3_1vil80,t1_cet0nf1,t1_cesmfhu,0.14285714285714285,0.18911174785100288,-0.04625460499386003
p_1750,t3_1vhh7b,t1_cesb8l8,t1_ceso4j1,0.1690427698574338,0.21114369501466276,-0.04210092515722896
p_1753,t3_1vg6qn,t1_cerydvt,t1_ces7sw3,0.2248062015503876,0.18352059925093633,0.041285602299451274
p_1754,t3_1vg6qn,t1_ces7xdz,t1_ces4z4x,0.25252525252525254,0.19834710743801653,0.05417814508723601
p_1755,t3_1vfoko,t1_cersgwa,t1_cery1u3,0.1206896551724138,0.1651376146788991,-0.04444795950648529
p_1756,t3_1veiwz,t1_cergs7r,t1_ceruu7h,0.1724137931034483,0.19834710743801653,-0.025933314334568247
p_1758,t3_1vc1ju,t1_ceqsvrq,t1_ceqsm8p,0.20865139949109415,0.19523809523809524,0.013413304252998914
p_1759,t3_1vbtut,t1_ceqq9p8,t1_ceqwdz5,0.10900473933649289,0.12121212121212122,-0.012207381875628323
p_1762,t3_1v97rw,t1_cepz02o,t1_ceq85nw,0.13306451612903225,0.19491525423728814,-0.06185073810825589
p_1763,t3_1v8xv5,t1_cepyw13,t1_cepvurr,0.21021021021021022,0.21544715447154472,-0.005236944261334503
p_1764,t3_1v8vbr,t1_ceq1g3n,t1_cepzl4s,0.2040133779264214,0.21875,-0.014736622073578592
p_1765,t3_1v8hly,t1_ceps6kq,t1_cepr262,0.1935483870967742,0.14354066985645933,0.05000771724031486
p_1767,t3_1v6x7z,t1_cepcqsx,t1_cepbgx3,0.1,0.15358361774744028,-0.053583617747440276
p_1768,t3_1v6x7z,t1_cepbbkb,t1_ceplff5,0.14864864864864866,0.1552346570397112,-0.006586008391062548
p_1771,t3_1v6sc1,t1_cep8u6j,t1_cep920e,0.16233766233766234,0.1891025641025641,-0.02676490176490176
p_1772,t3_1v6sc1,t1_cepbi6t,t1_cep9kye,0.2,0.25882352941176473,-0.05882352941176472
p_1773,t3_1v5dnm,t1_ceovabh,t1_ceovlgt,0.17105263157894737,0.2569444444444444,-0.08589181286549705
p_1774,t3_1v5dnm,t1_ceovl5u,t1_ceov0pa,0.21283783783783783,0.22321428571428573,-0.010376447876447897
p_1775,t3_1v44vp,t1_ceoj2ew,t1_ceonfda,0.19583333333333333,0.2267080745341615,-0.03087474120082817
p_1776,t3_1v44ig,t1_ceonb1b,t1_ceoluxq,0.1691542288557214,0.1469387755102041,0.022215453345517305
p_1777,t3_1v37km,t1_ceof5q0,t1_ceoakgs,0.10526315789473684,0.1615598885793872,-0.05629673068465035
p_1778,t3_1v2buu,t1_ceo3y9o,t1_ceo0vsq,0.22837370242214533,0.3116883116883117,-0.08331460926616635
p_1783,t3_1uw88g,t1_cemazwn,t1_cem9vxq,0.1366120218579235,0.10309278350515463,0.033519238352768876
p_1784,t3_1uw88g,t1_cema7rn,t1_cematy2,0.15570934256055363,0.14166666666666666,0.014042675893886969
p_1785,t3_1uu8f1,t1_celpb6x,t1_celpnop,0.35294117647058826,0.23880597014925373,0.11413520632133453
p_1787,t3_1uss24,t1_celd4ge,t1_cem21t7,0.17857142857142858,0.24675324675324675,-0.06818181818181818
p_1788,t3_1us404,t1_celnjcf,t1_cel68zm,0.2191780821917808,0.20833333333333334,0.010844748858447467
p_1789,t3_1us3bu,t1_cel70ih,t1_celagxd,0.2515527950310559,0.2719298245614035,-0.020377029530347646
p_1790,t3_1urrut,t1_cel88d0,t1_cel1jwe,0.16619718309859155,0.20253164556962025,-0.0363344624710287
p_1791,t3_1up36i,t1_cel5ryl,t1_cekasft,0.1619718309859155,0.14545454545454545,0.01651728553137005
p_1794,t3_1un1uh,t1_cejsnxi,t1_cejqr72,0.15476190476190477,0.11428571428571428,0.040476190476190485
p_1795,t3_1umi67,t1_cejoc7z,t1_cejtg9p,0.10091743119266056,0.10909090909090909,-0.00817347789824853
p_1796,t3_1um2og,t1_cejgnup,t1_cejgczp,0.11830985915492957,0.10909090909090909,0.009218950064020487
p_1797,t3_1uldzf,t1_cejbhlx,t1_cejot4k,0.224,0.21722846441947566,0.006771535580524346
p_1800,t3_1uhnsm,t1_cei7518,t1_cei83kz,0.17823639774859287,0.21621621621621623,-0.037979818467623355
p_1801,t3_1uhj8f,t1_cei563f,t1_ceim6kr,0.2158273381294964,0.19665271966527198,0.019174618464224413
p_1802,t3_1uhj8f,t1_cei5r73,t1_ceiav39,0.20527859237536658,0.16539440203562342,0.039884190339743164
p_1803,t3_1ugfg7,t1_cehxooj,t1_cehv3x9,0.17647058823529413,0.24390243902439024,-0.06743185078909611
p_1804,t3_1ueg7f,t1_ceh8q6y,t1_ceh8am3,0.2555746140651801,0.24019607843137256,0.01537853563380756
p_1806,t3_1udzn5,t1_ceh4p0r,t1_ceh6366,0.1454272863568216,0.16049382716049382,-0.01506654080367223
p_1808,t3_1udzn5,t1_cehcarm,t1_cehc82y,0.27941176470588236,0.1875,0.09191176470588236
p_1811,t3_1udlql,t1_ceh07bk,t1_cegzp5m,0.17073170731707318,0.17682926829268292,-0.006097560975609734
p_1812,t3_1ud8fv,t1_cehjb3t,t1_ceh3glw,0.19791666666666666,0.18048780487804877,0.017428861788617883
p_1814,t3_1uctm7,t1_cegr7bn,t1_cegy5dc,0.1968503937007874,0.15254237288135594,0.04430802081943147
p_1815,t3_1ucj9u,t1_cegoldf,t1_cegt2yd,0.19875776397515527,0.19230769230769232,0.006450071667462948
p_1816,t3_1ucgh6,t1_cegogz6,t1_cegohag,0.19166666666666668,0.16748768472906403,0.02417898193760265
p_1817,t3_1ucgh6,t1_cegqw1u,t1_cegohag,0.1827956989247312,0.16748768472906403,0.015308014195667158
p_1818,t3_1uamtt,t1_cegcjhm,t1_cegb3ri,0.27918781725888325,0.23138297872340424,0.04780483853547901
p_1821,t3_1u8yzo,t1_cefohe0,t1_cefnobg,0.2857142857142857,0.23809523809523808,0.047619047619047616
p_1824,t3_1u8om4,t1_cefkzid,t1_cefl804,0.16666666666666666,0.2277580071174377,-0.06109134045077105
p_1825,t3_1u8iv1,t1_cefj6lm,t1_cefr8n0,0.1879432624113475,0.21223021582733814,-0.02428695341599063
p_1827,t3_1u87uu,t1_cefgarg,t1_cefn2kn,0.16030534351145037,0.21022727272727273,-0.049921929215822364
p_1828,t3_1u7llg,t1_cefbw53,t1_cefb5g9,0.17699115044247787,0.18620689655172415,-0.009215746109246276
p_1830,t3_1u4wxq,t1_ceenpjt,t1_ceekcir,0.19831223628691982,0.13934426229508196,0.05896797399183787
p_1829,t3_1u4wxq,t1_ceeovmf,t1_ceem22l,0.1795774647887324,0.1735159817351598,0.006061483053572597
p_1831,t3_1u4fqn,t1_ceefsm0,t1_ceejtd2,0.14393939393939395,0.21363636363636362,-0.06969696969696967
p_1835,t3_1u28be,t1_cedssel,t1_cedt1r4,0.21232876712328766,0.13089005235602094,0.08143871476726672
p_1836,t3_1u0pt2,t1_cedkwy5,t1_cedqecc,0.19791666666666666,0.22869955156950672,-0.030782884902840063
p_1838,t3_1ty0ux,t1_cecozto,t1_cecpcit,0.15789473684210525,0.23444976076555024,-0.07655502392344499
p_1839,t3_1txyfq,t1_ceczo86,t1_cecktf3,0.1487603305785124,0.19402985074626866,-0.04526952016775626
p_1840,t3_1tx0tf,t1_ceca72e,t1_ceca9ns,0.242914979757085,0.24528301886792453,-0.0023680391108395205
p_1841,t3_1twxa7,t1_cec9uo6,t1_cecflca,0.18575063613231552,0.2081447963800905,-0.02239416024777499
p_1843,t3_1twegt,t1_cecee3s,t1_cecd78s,0.1450980392156863,0.17721518987341772,-0.032117150657731436
p_1844,t3_1tt75b,t1_cebccgh,t1_cebecvh,0.18626237623762376,0.19419642857142858,-0.007934052333804814
p_1845,t3_1tt5tb,t1_cebd1og,t1_cebemwn,0.21008403361344538,0.2215568862275449,-0.011472852614099527
p_1846,t3_1tt5tb,t1_cebcb60,t1_cebb05i,0.22105263157894736,0.1643835616438356,0.056669069935111754
p_1850,t3_1tqttm,t1_cealwzd,t1_ceakm2y,0.2047872340425532,0.14437367303609341,0.06041356100645978
p_1851,t3_1tqttm,t1_ceaxcno,t1_ceak6vp,0.1951219512195122,0.20270270270270271,-0.007580751483190512
p_1853,t3_1tpqhr,t1_ceaod4e,t1_ceaei9g,0.1864406779661017,0.15384615384615385,0.03259452411994784
p_1855,t3_1to7tw,t1_ce9wkz3,t1_ce9wfe0,0.24344569288389514,0.2779783393501805,-0.03453264646628537
p_1856,t3_1tns6s,t1_ce9xde5,t1_ce9rgf8,0.2,0.27058823529411763,-0.07058823529411762
p_1857,t3_1tm85z,t1_ce9dgau,t1_ce9co77,0.17940199335548174,0.16145833333333334,0.017943660022148394
p_1858,t3_1tku2p,t1_ce92cm3,t1_ce9099k,0.19902912621359223,0.1893939393939394,0.009635186819652836
p_1860,t3_1tg3nh,t1_ce7sc37,t1_ce7klpg,0.13815789473684212,0.2,-0.06184210526315789
p_1861,t3_1te39z,t1_ce70eid,t1_ce71ql3,0.16666666666666666,0.14285714285714285,0.023809523809523808
p_1862,t3_1td5fm,t1_ce6qqlt,t1_ce6qwq5,0.17391304347826086,0.17006802721088435,0.0038450162673765165
p_1863,t3_1t9y3s,t1_ce5u6t5,t1_ce5u33e,0.1712707182320442,0.1717171717171717,-0.00044645348512750704
p_1864,t3_1t9irv,t1_ce5qvxa,t1_ce5r69v,0.16967509025270758,0.17391304347826086,-0.004237953225553287
p_1866,t3_1t9irv,t1_ce5spfk,t1_ce5r134,0.18548387096774194,0.13559322033898305,0.04989065062875889
p_1867,t3_1t8yrt,t1_ce5k8r6,t1_ce5jxeb,0.19330855018587362,0.16581632653061223,0.027492223655261383
p_1869,t3_1t83kb,t1_ce5bsdz,t1_ce5bvhb,0.17051377513030527,0.24610591900311526,-0.07559214387280999
p_1870,t3_1t5izv,t1_ce4jsh6,t1_ce4oagv,0.11976047904191617,0.1111111111111111,0.008649367930805063
p_1872,t3_1t4p86,t1_ce4jasj,t1_ce4clfo,0.16751269035532995,0.2125984251968504,-0.04508573484152045
p_1873,t3_1t46ur,t1_ce4aypp,t1_ce46qsw,0.17664670658682635,0.2366412213740458,-0.059994514787219455
p_1877,t3_1t1i45,t1_ce3sops,t1_ce3g5h1,0.3,0.20994475138121546,0.09005524861878453
p_1878,t3_1t13mm,t1_ce3c4sb,t1_ce39wwh,0.1276595744680851,0.1574074074074074,-0.029747832939322316
p_1879,t3_1t0eax,t1_ce324pp,t1_ce36rhk,0.23055555555555557,0.17770034843205576,0.05285520712349981
p_1880,t3_1sxioi,t1_ce27cna,t1_ce2bmpa,0.20089285714285715,0.2235294117647059,-0.022636554621848742
p_1881,t3_1sxioi,t1_ce27fv0,t1_ce2dpe5,0.21212121212121213,0.1073170731707317,0.10480413895048042
p_1884,t3_1sv960,t1_ce1x8f8,t1_ce1krmn,0.14022140221402213,0.13636363636363635,0.003857765850385775
p_1885,t3_1sv7nj,t1_ce1m2fp,t1_ce1qbwt,0.18018018018018017,0.19327731092436976,-0.013097130744189583
p_1886,t3_1suyq6,t1_ce1hrcm,t1_ce1i6wn,0.17100371747211895,0.20930232558139536,-0.038298608109276405
p_1887,t3_1suyq6,t1_ce1jnf5,t1_ce1i6wn,0.20670391061452514,0.20930232558139536,-0.002598414966870216
p_1888,t3_1suyq6,t1_ce1j07m,t1_ce1ivme,0.19471153846153846,0.19875776397515527,-0.004046225513616802
p_1890,t3_1suq0i,t1_ce1l6xb,t1_ce1frfu,0.16556291390728478,0.1358695652173913,0.029693348689893484
p_1889,t3_1suq0i,t1_ce1gpo7,t1_ce1g21s,0.18461538461538463,0.16981132075471697,0.014804063860667654
p_1891,t3_1sunm5,t1_ce1fx1q,t1_ce1fhql,0.14675767918088736,0.22727272727272727,-0.0805150480918399
p_1893,t3_1sunm5,t1_ce1epim,t1_ce1fhql,0.14682539682539683,0.22727272727272727,-0.08044733044733043
p_1892,t3_1sunm5,t1_ce1fxo1,t1_ce1gunr,0.15619967793880837,0.17132867132867133,-0.015128993389862955
p_1894,t3_1stysh,t1_ce1a8iy,t1_ce1k607,0.13709677419354838,0.19333333333333333,-0.05623655913978495
p_1895,t3_1sslvc,t1_ce0xojx,t1_ce12asq,0.16284680337756333,0.1198044009779951,0.04304240239956822
p_1896,t3_1sqkke,t1_ce09y0e,t1_ce08oy9,0.2644628099173554,0.23484848484848486,0.029614325068870517
p_1897,t3_1sktqj,t1_cdz832l,t1_cdymjwd,0.18388791593695272,0.19165378670788252,-0.0077658707709298
p_1898,t3_1sji3o,t1_cdy85sk,t1_cdyajck,0.15625,0.2909090909090909,-0.1346590909090909
p_1900,t3_1sgr9m,t1_cdxkw1s,t1_cdxgrfu,0.19298245614035087,0.28846153846153844,-0.09547908232118757
p_1904,t3_1scv1e,t1_cdwaij1,t1_cdw8ydx,0.18627450980392157,0.15950920245398773,0.026765307349933848
p_1905,t3_1sclwf,t1_cdwfawk,t1_cdw643w,0.21405750798722045,0.2876712328767123,-0.07361372488949186
p_1907,t3_1scbek,t1_cdw4ucf,t1_cdw36rb,0.11666666666666667,0.17647058823529413,-0.05980392156862746
p_1908,t3_1sbxik,t1_cdvzh4k,t1_cdvyz1u,0.168141592920354,0.1267605633802817,0.041381029540072306
p_1909,t3_1saalt,t1_cdw0u51,t1_cdvmn1u,0.15207373271889402,0.208,-0.055926267281105974
p_1910,t3_1s94cq,t1_cdv71qo,t1_cdv5luo,0.1782178217821782,0.21428571428571427,-0.036067892503536064
p_1911,t3_1s8zmg,t1_cdwf8t8,t1_cdvi2oo,0.2037533512064343,0.1773049645390071,0.026448386667427215
p_1912,t3_1s6w43,t1_cduin0o,t1_cduuorr,0.145985401459854,0.15555555555555556,-0.009570154095701555
p_1913,t3_1s60vl,t1_cdufjh4,t1_cdu9qiv,0.21450151057401812,0.2558139534883721,-0.041312442914353986
p_1916,t3_1s3pxw,t1_cdtmhc2,t1_cdtmrcr,0.22916666666666666,0.2620320855614973,-0.03286541889483066
p_1919,t3_1s3ji2,t1_cdtq1rg,t1_cdtx77n,0.20683111954459202,0.20930232558139536,-0.0024712060368033417
p_1920,t3_1s344f,t1_cdtj4bf,t1_cdtgb1d,0.16972477064220184,0.20833333333333334,-0.0386085626911315
p_1921,t3_1s30ko,t1_cdtuayw,t1_cdtne36,0.21666666666666667,0.1991701244813278,0.017496542185338887
p_1922,t3_1s1j8s,t1_cdtfxvy,t1_cdt6ohm,0.20121951219512196,0.19672131147540983,0.004498200719712131
p_1923,t3_1rzqrw,t1_cdsphfd,t1_cdsigu7,0.2857142857142857,0.2972972972972973,-0.011583011583011615
p_1924,t3_1rzqrw,t1_cdsm89r,t1_cdsmyt1,0.17391304347826086,0.15151515151515152,0.022397891963109345
p_1925,t3_1rw7vg,t1_cdrov9y,t1_cdrovjs,0.20064724919093851,0.11570247933884298,0.08494476985209554
p_1927,t3_1rvnty,t1_cdre5so,t1_cdrdpkz,0.1276595744680851,0.11214953271028037,0.015510041757804724
p_1926,t3_1rvnty,t1_cdrgglu,t1_cdrgcu5,0.16258741258741258,0.13852813852813853,0.02405927405927405
p_1928,t3_1rvjrs,t1_cdrcnts,t1_cdre1mt,0.10472972972972973,0.1267605633802817,-0.02203083365055196
p_1929,t3_1rsmsh,t1_cdqij94,t1_cdqx6xw,0.1503957783641161,0.14225941422594143,0.008136364138174673
p_1930,t3_1rsdfp,t1_cdqfs62,t1_cdqdh7o,0.15873015873015872,0.09523809523809523,0.06349206349206349
p_1931,t3_1rrios,t1_cdq5t7s,t1_cdq4pdm,0.2246376811594203,0.18620689655172415,0.03843078460769614
p_1932,t3_1rrios,t1_cdq5vt8,t1_cdq58j7,0.16049382716049382,0.18110236220472442,-0.020608535044230603
p_1933,t3_1rqhfc,t1_cdq3h1d,t1_cdq716e,0.164,0.1917562724014337,-0.02775627240143369
p_1935,t3_1rlna3,t1_cdokmar,t1_cdoirhb,0.19827586206896552,0.34328358208955223,-0.1450077200205867
p_1936,t3_1rkrbs,t1_cdoio50,t1_cdoe2j3,0.2144469525959368,0.21621621621621623,-0.001769263620279432
p_1937,t3_1rj73b,t1_cdnzcb1,t1_cdo2ywx,0.12844036697247707,0.23880597014925373,-0.11036560317677666
p_1939,t3_1rgch2,t1_cdmzb2b,t1_cdn32a2,0.0847457627118644,0.11258278145695365,-0.027837018745089245
p_1940,t3_1rgch2,t1_cdmzh7v,t1_cdn0d35,0.1322314049586777,0.13168724279835392,0.000544162160323769
p_1941,t3_1rgch2,t1_cdo0n79,t1_cdn1hk3,0.11920529801324503,0.10979228486646884,0.009413013146776186
p_1942,t3_1rfn88,t1_cdmslq3,t1_cdn4bxg,0.13541666666666666,0.1619718309859155,-0.026555164319248842
p_1943,t3_1re89d,t1_cdmhfgx,t1_cdmequ6,0.16216216216216217,0.17293233082706766,-0.010770168664905488
p_1944,t3_1re89d,t1_cdmem16,t1_cdme68p,0.17341040462427745,0.2598684210526316,-0.08645801642835413
p_1945,t3_1re89d,t1_cdmrzwp,t1_cdmh1c4,0.21962616822429906,0.18695652173913044,0.032669646485168624
p_1946,t3_1re7tj,t1_cdmdid4,t1_cdmh6ca,0.09090909090909091,0.16140350877192983,-0.07049441786283892
p_1948,t3_1rddqv,t1_cdm3hlz,t1_cdm3kyd,0.17964071856287425,0.2,-0.02035928143712576
p_1949,t3_1rb6qj,t1_cdlewyd,t1_cdlyn3j,0.11842105263157894,0.134185303514377,-0.01576425088279805
p_1950,t3_1rb6qj,t1_cdlrdyo,t1_cdlyn3j,0.18085106382978725,0.134185303514377,0.046665760315410254
p_1952,t3_1ra42n,t1_cdl4b7o,t1_cdl5bkn,0.2711864406779661,0.23863636363636365,0.032550077041602454
p_1953,t3_1ra42n,t1_cdl96cr,t1_cdmjkp2,0.1872146118721461,0.22411953041622198,-0.036904918544075876
p_1954,t3_1r893j,t1_cdktb2l,t1_cdkklti,0.19205298013245034,0.16822429906542055,0.02382868106702979
p_1955,t3_1r69xi,t1_cdk0ex9,t1_cdk3u15,0.15028901734104047,0.23809523809523808,-0.08780622075419761
p_1956,t3_1r69xi,t1_cdk0r67,t1_cdk3u15,0.18072289156626506,0.23809523809523808,-0.05737234652897302
p_1960,t3_1qz653,t1_cdhyl9l,t1_cdiiqug,0.2191780821917808,0.2397003745318352,-0.0205222923400544
p_1962,t3_1qxn8r,t1_cdhle85,t1_cdhvq6g,0.13636363636363635,0.1342925659472422,0.0020710704163941496
p_1963,t3_1qxn8r,t1_cdhjvcw,t1_cdhvq6g,0.1245674740484429,0.1342925659472422,-0.009725091898799304
p_1964,t3_1qwg8s,t1_cdhe2ys,t1_cdh6ozn,0.128,0.15384615384615385,-0.025846153846153852
p_1969,t3_1qvm1n,t1_cdgyu8j,t1_cdh0i8x,0.1774193548387097,0.16071428571428573,0.01670506912442396
p_1970,t3_1qtuy4,t1_cdgib3s,t1_cdgy31a,0.18112244897959184,0.24242424242424243,-0.06130179344465059
p_1972,t3_1qr0id,t1_cdfybue,t1_cdfkykr,0.17973856209150327,0.17252931323283083,0.00720924885867244
p_1975,t3_1qncnw,t1_cdely5f,t1_cden4p9,0.17623762376237623,0.15294117647058825,0.02329644729178798
p_1977,t3_1qj48o,t1_cddqbp8,t1_cddn1vo,0.17557251908396945,0.17040358744394618,0.005168931640023272
p_1978,t3_1qj032,t1_cdda585,t1_cddki3r,0.18018018018018017,0.16032608695652173,0.019854093223658442
p_1981,t3_1qi1dr,t1_cdd6x3m,t1_cdd4306,0.13953488372093023,0.1927710843373494,-0.05323620061641918
p_1982,t3_1qhv03,t1_cdczknl,t1_cdcy1h9,0.1875,0.21328671328671328,-0.02578671328671328
p_1983,t3_1qh0lb,t1_cdcowit,t1_cdcp122,0.2077922077922078,0.1588785046728972,0.04891370311931062
p_1984,t3_1qgtma,t1_cdcurim,t1_cdcq77q,0.15517241379310345,0.24155844155844156,-0.0863860277653381
p_1986,t3_1qfy2y,t1_cdcoftz,t1_cdcikj0,0.24148606811145512,0.18761726078799248,0.053868807323462636
p_1985,t3_1qfy2y,t1_cdcu71x,t1_cdcgg2f,0.1951219512195122,0.21428571428571427,-0.019163763066202072
p_1987,t3_1qfqj6,t1_cdcffak,t1_cdcgve9,0.19850187265917604,0.15770609318996415,0.040795779469211896
p_1988,t3_1qfo09,t1_cdcc9fw,t1_cdccpys,0.13427561837455831,0.22448979591836735,-0.09021417754380903
p_1989,t3_1qfo09,t1_cdcconr,t1_cdccpys,0.24489795918367346,0.22448979591836735,0.020408163265306117
p_1991,t3_1qee3b,t1_cdc0hlx,t1_cdc0jw6,0.1892361111111111,0.0873015873015873,0.10193452380952381
p_1992,t3_1qe6d9,t1_cdbzgva,t1_cdckb1g,0.1650602409638554,0.20952380952380953,-0.04446356855995412
p_1993,t3_1qe6d9,t1_cdbwyxj,t1_cdckb1g,0.23863636363636365,0.20952380952380953,0.029112554112554118
p_1994,t3_1qdzt5,t1_cdbyjvw,t1_cdbwdog,0.21481481481481482,0.22535211267605634,-0.010537297861241524
p_1996,t3_1qdlln,t1_cdc66t9,t1_cdby8z3,0.21081081081081082,0.21323529411764705,-0.002424483306836228
p_1998,t3_1qcw4r,t1_cdblxo9,t1_cdbsnq8,0.16806722689075632,0.2394736842105263,-0.07140645731977
p_1999,t3_1qbvlh,t1_cdb9b5i,t1_cdbf5rp,0.1902439024390244,0.1095890410958904,0.08065486134313399
p_2000,t3_1qazk6,t1_cdb0lr2,t1_cdbddq0,0.1553133514986376,0.1619718309859155,-0.006658479487277907
p_2002,t3_1q82wf,t1_cda644z,t1_cda826v,0.152,0.11583924349881797,0.03616075650118203
p_2003,t3_1q5w5k,t1_cd9kwdu,t1_cd9kc11,0.20306513409961685,0.16901408450704225,0.0340510495925746
p_2004,t3_1q5w5k,t1_cd9l1k7,t1_cd9kc11,0.16470588235294117,0.16901408450704225,-0.004308202154101076
p_2005,t3_1q4sao,t1_cd97j4q,t1_cd960cn,0.1878048780487805,0.1956521739130435,-0.007847295864262999
p_2007,t3_1q261p,t1_cd8g07m,t1_cd8gyhg,0.1549636803874092,0.1388888888888889,0.016074791498520313
p_2008,t3_1q0s26,t1_cd87o5o,t1_cd81q6y,0.10335195530726257,0.17695473251028807,-0.0736027772030255
p_2009,t3_1q0fp2,t1_cd8calk,t1_cd7yekn,0.23577235772357724,0.22151898734177214,0.014253370381805103
p_2010,t3_1q01e8,t1_cd7t14x,t1_cd7zdia,0.208955223880597,0.18548387096774194,0.02347135291285507
p_2012,t3_1pyt0c,t1_cd9eqz1,t1_cd7z0cm,0.19021739130434784,0.2676056338028169,-0.07738824249846904
p_2013,t3_1pwwvj,t1_cd6wnyq,t1_cd6y877,0.2119815668202765,0.20506329113924052,0.006918275681035979
p_2017,t3_1pux5t,t1_cd6evv3,t1_cd6cpnj,0.1936619718309859,0.1968503937007874,-0.0031884218698015054
p_2018,t3_1ptwcr,t1_cd60rgh,t1_cd63zq4,0.1566265060240964,0.15151515151515152,0.005111354508944871
p_2021,t3_1pt86v,t1_cd5s3dd,t1_cd5rwd6,0.2541436464088398,0.18604651162790697,0.06809713478093282
p_2022,t3_1ps084,t1_cd5dy25,t1_cd5f1y4,0.2835820895522388,0.1206896551724138,0.16289243437982498
p_2023,t3_1prxpn,t1_cd5d4w9,t1_cd5dujp,0.14935064935064934,0.24615384615384617,-0.09680319680319682
p_2024,t3_1prkvt,t1_cd5q43p,t1_cd5p13p,0.2198830409356725,0.17959183673469387,0.04029120420097865
p_2025,t3_1prhkh,t1_cd595rw,t1_cd5datb,0.2246376811594203,0.16296296296296298,0.06167471819645731
p_2026,t3_1pqyv7,t1_cd536p8,t1_cd565uh,0.16166281755196305,0.21973094170403587,-0.058068124152072825
p_2030,t3_1pomjr,t1_cd4gee8,t1_cd4in2k,0.24015748031496062,0.25,-0.00984251968503938
p_2031,t3_1pocaz,t1_cd4bjgk,t1_cd4c2wr,0.21341463414634146,0.21176470588235294,0.0016499282639885204
p_2032,t3_1pmhql,t1_cd4a1wc,t1_cd3v545,0.21122112211221122,0.2191780821917808,-0.007956960079569586
p_2033,t3_1pkngi,t1_cd3p5gz,t1_cd43pdi,0.1165644171779141,0.1984126984126984,-0.0818482812347843
p_2035,t3_1pj0co,t1_cd2vnaa,t1_cd32tjh,0.16414686825053995,0.25339366515837103,-0.08924679690783108
p_2042,t3_1pdul1,t1_cd2og2j,t1_cd1d692,0.2040510127531883,0.18370739817123857,0.02034361458194972
p_2044,t3_1pclk6,t1_cd17lfv,t1_cd106w4,0.18032786885245902,0.2403846153846154,-0.06005674653215637
p_2046,t3_1pacrh,t1_cd0cttu,t1_cd0ctfp,0.18095238095238095,0.13541666666666666,0.04553571428571429
p_2047,t3_1p7ojf,t1_cczl7sy,t1_ccznfv7,0.18253968253968253,0.21875,-0.03621031746031747
p_2048,t3_1p7bao,t1_cczlh8c,t1_cczir1i,0.08982035928143713,0.09523809523809523,-0.005417735956658107
p_2049,t3_1p6fts,t1_ccz983e,t1_cczb06s,0.1262135922330097,0.14130434782608695,-0.015090755593077237
p_2050,t3_1p4x72,t1_ccysbbf,t1_ccysnss,0.1836734693877551,0.23641304347826086,-0.05273957409050575
p_2051,t3_1p0cwf,t1_ccxh3kc,t1_ccxfymz,0.1935483870967742,0.2153846153846154,-0.02183622828784121
p_2055,t3_1ozb3s,t1_ccx9s2j,t1_ccxbwo9,0.15384615384615385,0.11904761904761904,0.034798534798534814
p_2056,t3_1oz5lq,t1_ccx7aaw,t1_ccxafc2,0.14473684210526316,0.2116788321167883,-0.06694199001152515
p_2057,t3_1oyy6b,t1_ccxhhv9,t1_ccx2xpw,0.13973799126637554,0.10548523206751055,0.03425275919886499
p_2059,t3_1owes7,t1_ccwccg2,t1_ccwnrv4,0.1745152354570637,0.20155038759689922,-0.02703515213983551
p_2060,t3_1ow6zk,t1_ccw91og,t1_ccw92p0,0.25054945054945055,0.22522522522522523,0.02532422532422532
p_2062,t3_1ovrv9,t1_ccw51st,t1_ccw5ptr,0.19083969465648856,0.17883211678832117,0.01200757786816739
p_2063,t3_1ovrv9,t1_ccw6450,t1_ccw5ptr,0.06422018348623854,0.17883211678832117,-0.11461193330208264
p_2064,t3_1otx5t,t1_ccvntps,t1_ccvkmsp,0.19730941704035873,0.1694915254237288,0.027817891616629925
p_2065,t3_1otp1b,t1_ccvhvrl,t1_ccvi2vt,0.17358490566037735,0.1276595744680851,0.04592533119229225
p_2066,t3_1osr3n,t1_ccvjj1n,t1_ccv833c,0.15873015873015872,0.19402985074626866,-0.03529969201610994
p_2067,t3_1orrrs,t1_ccvj1c4,t1_ccv4ank,0.20902612826603326,0.22551928783382788,-0.016493159567794624
p_2068,t3_1or8lr,t1_ccusett,t1_ccuruyz,0.20861678004535147,0.17567567567567569,0.03294110436967579
p_2069,t3_1or8lr,t1_ccutak2,t1_ccuruyz,0.18206521739130435,0.17567567567567569,0.006389541715628666
p_2070,t3_1ooyb1,t1_ccu41n1,t1_ccu4kfo,0.18115942028985507,0.1564625850340136,0.02469683525584146
p_2071,t3_1onshz,t1_cctslvq,t1_ccttjcb,0.10722610722610723,0.21690140845070421,-0.10967530122459698
p_2072,t3_1onlj1,t1_ccts88g,t1_cctr8zg,0.16163410301953818,0.1636029411764706,-0.001968838156932412
p_2073,t3_1onlj1,t1_ccu8ayh,t1_cctr8zg,0.15309200603318251,0.1636029411764706,-0.010510935143288075
p_2074,t3_1on8j3,t1_cctmaun,t1_cctugxw,0.18342151675485008,0.16828478964401294,0.015136727110837134
p_2075,t3_1on0dg,t1_cctkuyk,t1_cctp521,0.1864754098360656,0.18536585365853658,0.001109556177529003
p_2076,t3_1on0dg,t1_cctncfz,t1_cctq519,0.13333333333333333,0.2549019607843137,-0.12156862745098038
p_2078,t3_1omnis,t1_ccthnrm,t1_cctnmc9,0.2857142857142857,0.19347037484885127,0.09224391086543443
p_2079,t3_1okrb7,t1_cct05wy,t1_ccswjh5,0.16891891891891891,0.22527472527472528,-0.056355806355806365
p_2080,t3_1ok44s,t1_ccsqf0e,t1_ccsqryz,0.14035087719298245,0.14516129032258066,-0.004810413129598207
p_2081,t3_1oj3p9,t1_ccsggop,t1_ccsf2i1,0.19099099099099098,0.18658892128279883,0.004402069708192152
p_2082,t3_1oix5b,t1_ccsopjf,t1_ccsdc7b,0.23809523809523808,0.09433962264150944,0.14375561545372864
p_2083,t3_1ohh43,t1_ccs14vq,t1_ccs087t,0.22321428571428573,0.1994459833795014,0.02376830233478433
p_2084,t3_1ofi5m,t1_ccrjxvz,t1_ccrkq5s,0.06976744186046512,0.14285714285714285,-0.07308970099667773
p_2085,t3_1off27,t1_ccroh74,t1_ccrsxqd,0.18702290076335878,0.17011128775834658,0.016911613005012205
p_2086,t3_1off27,t1_ccrtt7v,t1_ccrndad,0.18505338078291814,0.22077922077922077,-0.03572583999630263
p_2087,t3_1oee4l,t1_ccrfxpy,t1_ccrhx5q,0.12151394422310757,0.1268882175226586,-0.005374273299551036
p_2088,t3_1oe5hc,t1_ccr69ni,t1_ccr52rk,0.14912280701754385,0.1218274111675127,0.027295395850031157
p_2089,t3_1odlvm,t1_ccr09qw,t1_ccr136f,0.20300751879699247,0.24277456647398843,-0.03976704767699596
p_2091,t3_1o8avl,t1_ccpruq6,t1_ccpueez,0.24444444444444444,0.18181818181818182,0.06262626262626261
p_2093,t3_1o7aa8,t1_ccqapn6,t1_ccq12oe,0.16071428571428573,0.16049382716049382,0.00022045855379190793
p_2096,t3_1o5c1a,t1_ccp27y8,t1_ccoz699,0.2647058823529412,0.25,0.01470588235294118
p_2097,t3_1o5321,t1_ccp3x7x,t1_ccq3lo4,0.21176470588235294,0.22,-0.008235294117647063
p_2098,t3_1o3jlp,t1_ccoi13b,t1_ccoyngj,0.22807017543859648,0.3048780487804878,-0.07680787334189132
p_2099,t3_1o2tau,t1_ccoc092,t1_ccofru6,0.2129032258064516,0.21686746987951808,-0.003964244073066475
p_2100,t3_1o24hh,t1_cco736j,t1_ccoc4gk,0.1282051282051282,0.171875,-0.043669871794871806
p_2102,t3_1nzucd,t1_ccnrlhj,t1_ccnphhf,0.1436950146627566,0.11940298507462686,0.024292029588129746
p_2103,t3_1ny6k8,t1_ccn5pat,t1_ccn8dgu,0.1871345029239766,0.24615384615384617,-0.05901934322986957
p_2104,t3_1ny38x,t1_ccn5uqg,t1_ccn4dy5,0.11428571428571428,0.11904761904761904,-0.004761904761904759
p_2105,t3_1nwpae,t1_ccmrf9r,t1_ccmt0m5,0.16216216216216217,0.14049586776859505,0.021666294393567126
p_2107,t3_1ntspd,t1_cclyzpy,t1_ccm05d5,0.1566265060240964,0.15501519756838905,0.0016113084557073387
p_2109,t3_1ntobs,t1_cclywzr,t1_ccma5pl,0.18243243243243243,0.26744186046511625,-0.08500942803268383
p_2111,t3_1nrv36,t1_cclsxnj,t1_cclgi1r,0.12436548223350254,0.19786096256684493,-0.0734954803333424
p_2112,t3_1nqms4,t1_ccl8rf4,t1_ccl7xo5,0.17009345794392525,0.19815668202764977,-0.028063224083724525
p_2113,t3_1nqms4,t1_cclbk5y,t1_ccl66vn,0.17138364779874213,0.15306122448979592,0.018322423308946206
p_2116,t3_1np3ni,t1_cclh1r6,t1_cckxr1k,0.17692307692307693,0.1751412429378531,0.0017818339852238296
p_2118,t3_1nn68m,t1_cckc1k4,t1_cck59bw,0.1206896551724138,0.14035087719298245,-0.01966122202056865
p_2119,t3_1nkqn7,t1_ccjhnln,t1_ccjhz72,0.2073669849931787,0.171875,0.03549198499317871
p_2121,t3_1nj6q6,t1_ccj3wew,t1_ccj20in,0.20031796502384738,0.19387755102040816,0.0064404140034392265
p_2122,t3_1nixjm,t1_ccj4a7h,t1_ccj2t1v,0.17543859649122806,0.14728682170542637,0.028151774785801692
p_2123,t3_1nichn,t1_ccj007d,t1_cciuejb,0.2032520325203252,0.14893617021276595,0.05431586230755925
p_2124,t3_1nichn,t1_ccizsq8,t1_ccj7g5s,0.1871345029239766,0.21782178217821782,-0.030687279254241223
p_2125,t3_1ni9rr,t1_ccj1rba,t1_ccitwf4,0.136986301369863,0.18048780487804877,-0.04350150350818577
p_2126,t3_1ni983,t1_cciz076,t1_cciwjvy,0.15100671140939598,0.23728813559322035,-0.08628142418382437
p_2127,t3_1nhxca,t1_ccisqrm,t1_ccirnyo,0.1729957805907173,0.22384428223844283,-0.05084850164772553
p_2128,t3_1nhifl,t1_ccinn6v,t1_ccincyk,0.1643835616438356,0.14465408805031446,0.019729473593521146
p_2130,t3_1ng8mo,t1_ccidw4s,t1_ccidsew,0.24675324675324675,0.125,0.12175324675324675
p_2132,t3_1ncxna,t1_cchh67n,t1_cchgksg,0.1906779661016949,0.2755905511811024,-0.08491258507940747
p_2133,t3_1ncq4g,t1_cchg2hg,t1_cchn5ve,0.17249417249417248,0.1834319526627219,-0.010937780168549405
p_2135,t3_1n8s63,t1_ccge5q7,t1_ccgkhcd,0.23219814241486067,0.21554770318021202,0.01665043923464865
p_2136,t3_1n8542,t1_ccg95kd,t1_ccg99tj,0.14153846153846153,0.2127659574468085,-0.07122749590834698
p_2137,t3_1n6bmg,t1_ccgdc5o,t1_ccfzlcw,0.17886178861788618,0.17704918032786884,0.0018126082900173368
p_2139,t3_1n5lqn,t1_ccfncrg,t1_ccfnbjw,0.15614617940199335,0.10869565217391304,0.04745052722808031
p_2140,t3_1n5lqn,t1_ccfq99c,t1_ccfob65,0.145,0.16071428571428573,-0.015714285714285736
p_2141,t3_1n5lqn,t1_ccfqxqv,t1_ccfpzon,0.18604651162790697,0.06593406593406594,0.12011244569384104
p_2142,t3_1n4xai,t1_ccfhgkp,t1_ccfg5if,0.087248322147651,0.12244897959183673,-0.035200657444185726
p_2144,t3_1n3wo2,t1_ccf9dhu,t1_ccf565b,0.23255813953488372,0.15384615384615385,0.07871198568872986
p_2145,t3_1n3wo2,t1_ccfdwg9,t1_ccfhdpo,0.1744186046511628,0.18269230769230768,-0.008273703041144886
p_2147,t3_1n3wo2,t1_ccfmxhg,t1_ccffwtl,0.1963235294117647,0.12759643916913946,0.06872709024262524
p_2146,t3_1n3wo2,t1_ccfmost,t1_ccfdvsg,0.14035087719298245,0.23404255319148937,-0.09369167599850692
p_2149,t3_1n0a5y,t1_cceltkh,t1_cce9tgv,0.15841584158415842,0.18726591760299627,-0.02885007601883785
p_2150,t3_1mxo4i,t1_ccdoxu0,t1_ccdla5i,0.13764044943820225,0.18064516129032257,-0.04300471185212032
p_2151,t3_1mxf26,t1_ccdidvp,t1_ccdnuec,0.273542600896861,0.26108374384236455,0.012458857054496453
p_2152,t3_1mvpmi,t1_ccd1q5w,t1_ccd6xyi,0.13432835820895522,0.11267605633802817,0.02165230187092705
p_2153,t3_1mv3g3,t1_cccxjd9,t1_cccvmip,0.22784810126582278,0.19753086419753085,0.030317237068291925
p_2154,t3_1mv3g3,t1_cccwow7,t1_ccd56i2,0.16041979010494753,0.20710059171597633,-0.046680801611028805
p_2155,t3_1mv3g3,t1_ccd581r,t1_ccd3k4q,0.2188679245283019,0.22857142857142856,-0.00970350404312667
p_2157,t3_1ms5h6,t1_ccc5hfa,t1_cccbr1n,0.17676767676767677,0.1686429512516469,0.008124725516029857
p_2158,t3_1ms5h6,t1_ccc4apy,t1_ccc3e49,0.10909090909090909,0.1652892561983471,-0.056198347107438026
p_2159,t3_1ms5h6,t1_ccc4zc0,t1_ccc6q8t,0.0958904109589041,0.2196969696969697,-0.12380655873806559
p_2160,t3_1ms5h6,t1_ccc8c0p,t1_ccca28r,0.19047619047619047,0.1906158357771261,-0.00013964530093563132
p_2161,t3_1ms5h6,t1_ccc849f,t1_ccc5y0d,0.25287356321839083,0.24050632911392406,0.012367234104466773
p_2162,t3_1mqh8t,t1_ccbop5x,t1_ccbnoar,0.18372093023255814,0.1927710843373494,-0.009050154104791264
p_2163,t3_1mqfmi,t1_cccdkog,t1_ccbqtty,0.20530973451327433,0.12962962962962962,0.07568010488364471
p_2164,t3_1mq464,t1_ccbkgg8,t1_ccbrs5p,0.11816192560175055,0.1532258064516129,-0.03506388084986235
p_2165,t3_1mor68,t1_ccbewh1,t1_ccbhzik,0.18425460636515914,0.17506631299734748,0.009188293367811656
p_2166,t3_1mkkiu,t1_cca3jqo,t1_ccahv7s,0.17567567567567569,0.16071428571428573,0.01496138996138996
p_2170,t3_1micrr,t1_cc9iise,t1_cc9i0l2,0.19705340699815838,0.19791666666666666,-0.0008632596685082816
p_2171,t3_1mhox4,t1_cc9cr45,t1_cc9ewi1,0.23140495867768596,0.25396825396825395,-0.022563295290567997
p_2175,t3_1mcs7s,t1_cc7zre6,t1_cc7zm90,0.18266978922716628,0.21120689655172414,-0.02853710732455786
p_2176,t3_1mcs7s,t1_cc80xcj,t1_cc7yshf,0.21830985915492956,0.1875,0.030809859154929564
p_2177,t3_1mcgyq,t1_cc81pge,t1_cc833kb,0.1375,0.144,-0.006499999999999978
p_2178,t3_1mc6y7,t1_cc7v8d9,t1_cc7wspd,0.17201166180758018,0.12605042016806722,0.045961241639512956
p_2179,t3_1mc6y7,t1_cc7uvd2,t1_cc7vp54,0.14492753623188406,0.23333333333333334,-0.08840579710144927
p_2180,t3_1mbqhy,t1_cc7pp5t,t1_cc7odp3,0.17372881355932204,0.13157894736842105,0.042149866190901
p_2183,t3_1ma1o7,t1_cc779hk,t1_cc779ih,0.18840579710144928,0.19078947368421054,-0.002383676582761257
p_2184,t3_1m9bf6,t1_cc71e1c,t1_cc71cv0,0.1736111111111111,0.211864406779661,-0.0382532956685499
p_2185,t3_1m7r92,t1_cc6nj16,t1_cc6k9ln,0.18625954198473282,0.18772563176895307,-0.001466089784220248
p_2186,t3_1m5nls,t1_cc65afh,t1_cc60rdt,0.22650056625141562,0.17291666666666666,0.05358389958474896
p_2187,t3_1m5ckr,t1_cc65v0o,t1_cc5yz4a,0.21052631578947367,0.26545454545454544,-0.05492822966507177
p_2188,t3_1m4ncj,t1_cc6f4wf,t1_cc62exc,0.08333333333333333,0.14545454545454545,-0.06212121212121212
p_2189,t3_1m4j0f,t1_cc5pidn,t1_cc5prn9,0.13138686131386862,0.13729508196721313,-0.005908220653344509
p_2190,t3_1m3uw1,t1_cc5jurv,t1_cc5i9r4,0.22406639004149378,0.16666666666666666,0.05739972337482713
p_2193,t3_1m2ol2,t1_cc586c8,t1_cc583f9,0.14776632302405499,0.16806722689075632,-0.02030090386670133
p_2192,t3_1m2ol2,t1_cc583n9,t1_cc58qz9,0.26101694915254237,0.1968503937007874,0.06416655545175495
p_2194,t3_1m2c8d,t1_cc53f9v,t1_cc57ndo,0.21114369501466276,0.19047619047619047,0.020667504538472298
p_2195,t3_1lyzc3,t1_cc4fofp,t1_cc4e0cy,0.18204488778054864,0.1832797427652733,-0.0012348549847246704
p_2196,t3_1lykde,t1_cc4218e,t1_cc433r7,0.20384615384615384,0.1645021645021645,0.03934398934398933
p_2198,t3_1lxn1p,t1_cc3sszy,t1_cc3tpy6,0.21103117505995203,0.18571428571428572,0.02531688934566631
p_2199,t3_1lvnj6,t1_cc37s7x,t1_cc3b2kq,0.15057915057915058,0.14,0.01057915057915057
p_2200,t3_1lt0gt,t1_cc2od32,t1_cc2gt9x,0.15878378378378377,0.17280453257790368,-0.014020748794119908
p_2201,t3_1ls55r,t1_cc274w7,t1_cc28zrg,0.21235521235521235,0.2697095435684647,-0.05735433121325237
p_2203,t3_1lpmle,t1_cc1kppg,t1_cc1ka02,0.16522988505747127,0.16619718309859155,-0.0009672980411202792
p_2205,t3_1lpfcx,t1_cc1hmy1,t1_cc1xwz2,0.18352059925093633,0.17058823529411765,0.012932363956818682
p_2206,t3_1lp8a5,t1_cc1fjpt,t1_cc1ftud,0.16638655462184873,0.1504424778761062,0.015944076745742525
p_2207,t3_1lni37,t1_cc102pd,t1_cc0yjrr,0.21568627450980393,0.1267605633802817,0.08892571112952224
p_2208,t3_1ln8b5,t1_cc0x96h,t1_cc0vugf,0.2923076923076923,0.2642857142857143,0.028021978021978033
p_2212,t3_1lm1eb,t1_cc0l23w,t1_cc0x7m8,0.16417910447761194,0.15976331360946747,0.004415790868144476
p_2213,t3_1lkz0j,t1_cc0ekn0,t1_cc0d09x,0.20588235294117646,0.14705882352941177,0.05882352941176469
p_2214,t3_1lkxku,t1_cc0b6tb,t1_cc0c4yb,0.20202020202020202,0.13513513513513514,0.06688506688506687
p_2215,t3_1lkxku,t1_cc0nc73,t1_cc0gh2n,0.2069672131147541,0.17333333333333334,0.03363387978142077
p_2218,t3_1lklmg,t1_cc06dl5,t1_cc070hz,0.128,0.16,-0.032
p_2219,t3_1lklmg,t1_cc0gnzl,t1_cc0b8sj,0.13197026022304834,0.18008474576271186,-0.04811448553966352
p_2220,t3_1lj77i,t1_cc00mpq,t1_cbzwwyg,0.16,0.24369747899159663,-0.08369747899159663
p_2221,t3_1lj1a3,t1_cbzqvmp,t1_cbzslqc,0.14285714285714285,0.19078947368421054,-0.04793233082706769
p_2224,t3_1lhuz4,t1_cbzddsy,t1_cbze9hp,0.14634146341463414,0.17054263565891473,-0.02420117224428059
p_2225,t3_1lfrfd,t1_cbysfpy,t1_cbzh8fi,0.15841584158415842,0.1774193548387097,-0.01900351325455127
p_2226,t3_1lfjlx,t1_cbyrmgo,t1_cbyqak5,0.10130718954248366,0.10784313725490197,-0.006535947712418305
p_2227,t3_1lerv8,t1_cbyiaoi,t1_cbyhq86,0.12264150943396226,0.1864406779661017,-0.06379916853213943
p_2230,t3_1ld6h6,t1_cby2a8w,t1_cby1lsh,0.18269230769230768,0.136,0.04669230769230767
p_2232,t3_1lcywy,t1_cbxzp1t,t1_cby301t,0.25,0.18064516129032257,0.06935483870967743
p_2233,t3_1lbwhm,t1_cbxpt3g,t1_cbxs5nk,0.1875,0.17370242214532872,0.013797577854671284
p_2234,t3_1lbmj6,t1_cbxpw34,t1_cbxodyk,0.26628895184135976,0.1825,0.08378895184135976
p_2236,t3_1lacd7,t1_cbx94i4,t1_cbx9e6e,0.1616,0.2235294117647059,-0.0619294117647059
p_2237,t3_1la7rw,t1_cbxgs50,t1_cbx89uo,0.1951983298538622,0.18705035971223022,0.008147970141631988
p_2238,t3_1l90aj,t1_cbwzd68,t1_cbwzbg8,0.1111111111111111,0.1,0.0111111111111111
p_2241,t3_1l739z,t1_cbwgckn,t1_cbwhg4q,0.18016759776536312,0.12318840579710146,0.056979191968261664
p_2242,t3_1l6so4,t1_cbwanvb,t1_cbwejit,0.13855421686746988,0.14754098360655737,-0.008986766739087493
p_2243,t3_1l6jx5,t1_cbwinoh,t1_cbwci89,0.15286624203821655,0.18666666666666668,-0.03380042462845012
p_2244,t3_1l5skj,t1_cbw2q93,t1_cbw5e2q,0.11811023622047244,0.12639405204460966,-0.008283815824137217
p_2245,t3_1l4zh1,t1_cbvtytr,t1_cbwfrmm,0.19197207678883071,0.2553191489361702,-0.06334707214733948
p_2246,t3_1l4s6s,t1_cbvtme3,t1_cbw349b,0.18285714285714286,0.1792452830188679,0.0036118598382749445
p_2247,t3_1l4s6s,t1_cbvtd9h,t1_cbw1t11,0.12280701754385964,0.1686746987951807,-0.04586768125132107
p_2249,t3_1l48mt,t1_cbvuocw,t1_cbvwhwi,0.21311475409836064,0.236,-0.022885245901639345
p_2252,t3_1l3r2u,t1_cbvi0u6,t1_cbvi11k,0.24083769633507854,0.25820568927789933,-0.017367992942820792
p_2253,t3_1l3r2u,t1_cbvjfjr,t1_cbvi11k,0.23546099290780143,0.25820568927789933,-0.022744696370097905
p_2251,t3_1l3r2u,t1_cbvieup,t1_cbvi6i2,0.22586520947176686,0.21774193548387097,0.00812327398789589
p_2258,t3_1l39f3,t1_cbvj6st,t1_cbvdl8d,0.19811320754716982,0.14356435643564355,0.05454885111152627
p_2256,t3_1l39f3,t1_cbvi8i7,t1_cbvetvc,0.1510574018126888,0.16829533116178066,-0.01723792934909185
p_2257,t3_1l39f3,t1_cbvdnid,t1_cbvf3rq,0.1762295081967213,0.2484472049689441,-0.07221769677222278
p_2259,t3_1l3115,t1_cbv9wfo,t1_cbva0et,0.15789473684210525,0.15873015873015872,-0.000835421888053467
p_2260,t3_1l2ixq,t1_cbvbxs8,t1_cbv59md,0.1542056074766355,0.22598870056497175,-0.07178309308833625
p_2261,t3_1l09gg,t1_cbuio96,t1_cbugz8z,0.19093851132686085,0.2109375,-0.01999898867313915
p_2262,t3_1kzxcm,t1_cbuf9oo,t1_cbuiv91,0.18499353169469598,0.22010869565217392,-0.035115163957477935
p_2265,t3_1kye6l,t1_cbtvo8l,t1_cbtvkil,0.15028901734104047,0.20398009950248755,-0.05369108216144708
p_2266,t3_1kye6l,t1_cbtwkat,t1_cbtwnnn,0.20916905444126074,0.1890547263681592,0.02011432807310154
p_2268,t3_1kye6l,t1_cbtzwlt,t1_cbtwnnn,0.2282051282051282,0.1890547263681592,0.039150401836968995
p_2267,t3_1kye6l,t1_cbtzgqh,t1_cbtwnnn,0.21711568938193343,0.1890547263681592,0.028060963013774226
p_2269,t3_1kxyyv,t1_cbtru4t,t1_cbtrv0z,0.2361963190184049,0.1958041958041958,0.0403921232142091
p_2270,t3_1kxyyv,t1_cbtr9p6,t1_cbtrv0z,0.20618556701030927,0.1958041958041958,0.01038137120611346
p_2271,t3_1kxyyv,t1_cbtu5q5,t1_cbtrrbq,0.1867816091954023,0.2222222222222222,-0.03544061302681992
p_2272,t3_1kxyyv,t1_cbu7zd4,t1_cbtrv0z,0.15637860082304528,0.1958041958041958,-0.03942559498115053
p_2275,t3_1kwoib,t1_cbtku99,t1_cbtll2e,0.14634146341463414,0.23134328358208955,-0.08500182016745542
p_2274,t3_1kwoib,t1_cbteqkq,t1_cbtlv0w,0.16336633663366337,0.21621621621621623,-0.052849879582552856
p_2276,t3_1kwewh,t1_cbtagyo,t1_cbta7mx,0.18292682926829268,0.1951219512195122,-0.012195121951219523
p_2278,t3_1ktrbd,t1_cbsiyod,t1_cbsj55w,0.2440944881889764,0.19329896907216496,0.05079551911681143
p_2280,t3_1ks6p4,t1_cbsevj6,t1_cbs6oi2,0.20681818181818182,0.19230769230769232,0.0145104895104895
p_2282,t3_1kqo2m,t1_cbrp5dn,t1_cbrtmtf,0.21348314606741572,0.20261437908496732,0.010868766982448402
p_2283,t3_1kpmvy,t1_cbril3l,t1_cbrg01p,0.1377726750861079,0.21063829787234042,-0.07286562278623251
p_2284,t3_1kplpx,t1_cbs1lbf,t1_cbrbl9b,0.1796116504854369,0.2647058823529412,-0.08509423186750428
p_2285,t3_1kpcy7,t1_cbrbl5x,t1_cbrbcp0,0.14573991031390135,0.11673699015471167,0.029002920159189677
p_2288,t3_1kmwmn,t1_cbqml03,t1_cbqlofq,0.17277486910994763,0.13528855250709557,0.037486316602852066
p_2289,t3_1kmr9u,t1_cbqlmoj,t1_cbqkl2t,0.18604651162790697,0.17857142857142858,0.007475083056478399
p_2290,t3_1klvsk,t1_cbqdd78,t1_cbqjkwj,0.19313304721030042,0.21551724137931033,-0.022384194169009913
p_2291,t3_1klpoz,t1_cbqe15e,t1_cbqay82,0.18461538461538463,0.2430939226519337,-0.058478538036549066
p_2295,t3_1kkzei,t1_cbq19sn,t1_cbq4s14,0.2589928057553957,0.25170068027210885,0.007292125483286838
p_2293,t3_1kkzei,t1_cbq6gfx,t1_cbq019j,0.22591362126245848,0.16666666666666666,0.05924695459579182
p_2294,t3_1kkzei,t1_cbq17si,t1_cbq019j,0.21238938053097345,0.16666666666666666,0.04572271386430679
p_2297,t3_1kkvd3,t1_cbpzbps,t1_cbpzant,0.09063444108761329,0.16510903426791276,-0.07447459318029948
p_2298,t3_1kkvd3,t1_cbpzjlg,t1_cbqba5y,0.15491559086395235,0.144,0.010915590863952357
p_2299,t3_1kkl0k,t1_cbpvqsr,t1_cbpwrwm,0.24666666666666667,0.2549019607843137,-0.008235294117647035
p_2300,t3_1kjxxx,t1_cbpq618,t1_cbprup5,0.21839080459770116,0.17959183673469387,0.038798967863007294
p_2302,t3_1kji31,t1_cbpp0hg,t1_cbpp4cn,0.24363636363636362,0.3103448275862069,-0.06670846394984328
p_2303,t3_1kj8ll,t1_cbpjmas,t1_cbpisrw,0.2304147465437788,0.24724061810154527,-0.016825871557766464
p_2304,t3_1kj8ll,t1_cbpl5sq,t1_cbpotjh,0.1386481802426343,0.13553113553113552,0.00311704471149879
p_2306,t3_1kic79,t1_cbp88fr,t1_cbp8lam,0.21428571428571427,0.19047619047619047,0.023809523809523808
p_2307,t3_1ki40o,t1_cbp9u33,t1_cbp85kd,0.18867924528301888,0.204,-0.015320754716981105
p_2308,t3_1ki1zh,t1_cbp9dea,t1_cbp5nt9,0.18619582664526485,0.19718309859154928,-0.010987271946284433
p_2310,t3_1khlm7,t1_cbp1ln5,t1_cbp1ph1,0.15347721822541965,0.13846153846153847,0.015015679763881185
p_2311,t3_1kgh0u,t1_cboq4u7,t1_cbooh2r,0.2818181818181818,0.17777777777777778,0.10404040404040402
p_2313,t3_1ke0w4,t1_cbnzi22,t1_cbo6d5s,0.2079207920792079,0.1803921568627451,0.027528635216462816
p_2314,t3_1ke0w4,t1_cbo3zx9,t1_cbo5iau,0.1970209884901828,0.19114817190506736,0.005872816585115431
p_2316,t3_1kdlwj,t1_cbnxd5h,t1_cbnvo71,0.19788918205804748,0.1951219512195122,0.0027672308385352784
p_2319,t3_1kcd3m,t1_cbnhq6g,t1_cbni0el,0.144,0.25555555555555554,-0.11155555555555555
p_2320,t3_1kbzmn,t1_cbng0go,t1_cbnipaa,0.2147887323943662,0.2292358803986711,-0.01444714800430491
p_2323,t3_1kag5w,t1_cbn0mxn,t1_cbmzov5,0.22286821705426357,0.22333333333333333,-0.00046511627906975495
p_2324,t3_1kabrs,t1_cbmzr37,t1_cbn67aw,0.1523809523809524,0.1527777777777778,-0.0003968253968253954
p_2325,t3_1ka5uj,t1_cbmyev9,t1_cbmxfh8,0.16666666666666666,0.1660377358490566,0.0006289308176100628
p_2327,t3_1k9jlv,t1_cbmxvcd,t1_cbmuvxx,0.13259668508287292,0.20967741935483872,-0.0770807342719658
p_2328,t3_1k6xfn,t1_cbm0lyq,t1_cbm3nd0,0.29770992366412213,0.2,0.09770992366412212
p_2329,t3_1k6i9t,t1_cblyg6g,t1_cblyvvv,0.24552429667519182,0.15034965034965034,0.09517464632554148
p_2330,t3_1k5pd2,t1_cbln0wk,t1_cblry91,0.23346303501945526,0.23056300268096513,0.0029000323384901217
p_2331,t3_1k5c52,t1_cblj535,t1_cbll85k,0.20212765957446807,0.20353982300884957,-0.001412163434381497
p_2332,t3_1k5c52,t1_cblu6s5,t1_cblltll,0.2116788321167883,0.16666666666666666,0.045012165450121655
p_2333,t3_1k4u9p,t1_cbldzfo,t1_cblfrem,0.1509433962264151,0.28,-0.12905660377358494
p_2334,t3_1k3fd5,t1_cbkz187,t1_cblb6qd,0.18786127167630057,0.18386243386243387,0.003998837813866701
p_2335,t3_1k3fd5,t1_cbl0mqo,t1_cbl14ki,0.15894039735099338,0.18764478764478765,-0.028704390293794263
p_2336,t3_1k394r,t1_cbl39x0,t1_cbkxpz4,0.19931271477663232,0.20588235294117646,-0.006569638164544145
p_2337,t3_1k2ucr,t1_cbl0joo,t1_cbl04y4,0.2524271844660194,0.21893491124260356,0.03349227322341586
p_2338,t3_1k2m9c,t1_cbku0j5,t1_cbkqfau,0.16862745098039217,0.23783783783783785,-0.06921038685744568
p_2339,t3_1k1bz3,t1_cbkdhyg,t1_cbkd9lg,0.13592233009708737,0.19753086419753085,-0.06160853410044348
p_2340,t3_1k12l4,t1_cbk9xjc,t1_cbkfcm9,0.24468085106382978,0.2803738317757009,-0.03569298071187113
p_2341,t3_1k0rar,t1_cbk9gjo,t1_cbk70ve,0.17687074829931973,0.1523809523809524,0.024489795918367335
p_2343,t3_1k0o35,t1_cbk7t0b,t1_cbk5xan,0.15714285714285714,0.11458333333333333,0.04255952380952381
p_2346,t3_1jxenp,t1_cbjhhbv,t1_cbjh4y3,0.16171003717472118,0.14767932489451477,0.014030712280206414
p_2348,t3_1jxb7d,t1_cbj7ksk,t1_cbjiqx2,0.2303370786516854,0.2080745341614907,0.022262544490194713
p_2349,t3_1jxb7d,t1_cbj8nos,t1_cbjiqx2,0.21643286573146292,0.2080745341614907,0.008358331569972233
p_2350,t3_1jx75l,t1_cbj6dz7,t1_cbj5su9,0.22429906542056074,0.17218543046357615,0.052113634956984595
p_2352,t3_1jx75l,t1_cbj9dmd,t1_cbj5t4n,0.22857142857142856,0.20945945945945946,0.019111969111969107
p_2351,t3_1jx75l,t1_cbj8v5p,t1_cbj5t4n,0.23378582202111614,0.20945945945945946,0.024326362561656684
p_2353,t3_1jx75l,t1_cbjctxf,t1_cbja2vi,0.29133858267716534,0.25,0.041338582677165336
p_2355,t3_1jw0vh,t1_cbj2fl6,t1_cbivzx1,0.2,0.23234200743494424,-0.032342007434944225
p_2356,t3_1jukj2,t1_cbihbve,t1_cbifo1m,0.22660098522167488,0.23870967741935484,-0.01210869219767996
p_2357,t3_1juhcd,t1_cbih6kh,t1_cbiftjn,0.16379310344827586,0.175,-0.011206896551724133
p_2358,t3_1jtizm,t1_cbi5iji,t1_cbi4vwr,0.14838709677419354,0.24271844660194175,-0.09433134982774821
p_2359,t3_1jnzxi,t1_cbgl9y6,t1_cbgko2s,0.20642201834862386,0.20261437908496732,0.0038076392636565426
p_2360,t3_1jnzxi,t1_cbgq6ri,t1_cbgmmil,0.19047619047619047,0.21818181818181817,-0.027705627705627706
p_2361,t3_1jnzxi,t1_cbgrq6w,t1_cbgqs66,0.25,0.14473684210526316,0.10526315789473684
p_2362,t3_1jmadm,t1_cbgfvpm,t1_cbg3jnw,0.06349206349206349,0.27058823529411763,-0.20709617180205414
p_2363,t3_1jm5z2,t1_cbg3zbr,t1_cbg1tau,0.22459893048128343,0.22790697674418606,-0.0033080462629026253
p_2365,t3_1jl2l0,t1_cbfrj60,t1_cbfqlt5,0.1976284584980237,0.19298245614035087,0.004646002357672846
p_2366,t3_1jkp1k,t1_cbfp0g2,t1_cbfoawn,0.15555555555555556,0.15454545454545454,0.0010101010101010166
p_2367,t3_1jiw0b,t1_cbf6lgo,t1_cbf4sac,0.20298507462686566,0.18518518518518517,0.017799889441680483
p_2370,t3_1jb0wl,t1_cbcxgu5,t1_cbcy8p6,0.18331374853113983,0.15254237288135594,0.030771375649783883
p_2371,t3_1jaqjx,t1_cbctgfc,t1_cbcsn53,0.21337579617834396,0.19230769230769232,0.02106810387065164
p_2372,t3_1j9xnf,t1_cbcq5wa,t1_cbcvqxh,0.22592592592592592,0.18472906403940886,0.041196861886517055
p_2373,t3_1j8dv1,t1_cbc52ax,t1_cbcofch,0.21052631578947367,0.1532258064516129,0.05730050933786077
p_2374,t3_1j8dv1,t1_cbc65mq,t1_cbcofch,0.2125,0.1532258064516129,0.05927419354838709
p_2375,t3_1j8dv1,t1_cbc693d,t1_cbcofch,0.125,0.1532258064516129,-0.028225806451612906
p_2376,t3_1j8dv1,t1_cbc7rzj,t1_cbcofch,0.1724137931034483,0.1532258064516129,0.01918798665183538
p_2377,t3_1j7p6i,t1_cbbxr56,t1_cbby8gg,0.23394495412844038,0.17665615141955837,0.05728880270888201
p_2378,t3_1j5z5p,t1_cbbgma6,t1_cbbghpi,0.17467248908296942,0.22448979591836735,-0.04981730683539792
p_2379,t3_1j583o,t1_cbba0li,t1_cbbbhg1,0.23504273504273504,0.2054794520547945,0.02956328298794053
p_2381,t3_1j3vw4,t1_cbavu90,t1_cbawlm4,0.15151515151515152,0.2,-0.04848484848484849
p_2384,t3_1j0ghg,t1_cb9w70x,t1_cba1v9x,0.20945945945945946,0.1226215644820296,0.08683789497742986
p_2385,t3_1j0ghg,t1_cbag4fl,t1_cba1v9x,0.19294605809128632,0.1226215644820296,0.07032449360925672
p_2387,t3_1j04ik,t1_cb9skkn,t1_cb9rtf6,0.14457831325301204,0.19130434782608696,-0.04672603457307492
p_2386,t3_1j04ik,t1_cb9ssza,t1_cb9rtf6,0.14814814814814814,0.19130434782608696,-0.04315619967793882
p_2388,t3_1j012y,t1_cb9qkne,t1_cb9wf8r,0.15813953488372093,0.1513157894736842,0.006823745410036719
p_2390,t3_1j00y5,t1_cb9tnv2,t1_cb9rf5x,0.17226277372262774,0.18493150684931506,-0.012668733126687315
p_2393,t3_1iw2um,t1_cb8lac4,t1_cb8mbl8,0.2375,0.12359550561797752,0.11390449438202246
p_2402,t3_1is4qd,t1_cb7j9ci,t1_cb7wbhu,0.17901234567901234,0.2653061224489796,-0.08629377676996727
p_2403,t3_1iqys7,t1_cb7bor5,t1_cb7844x,0.2413793103448276,0.2631578947368421,-0.021778584392014494
p_2404,t3_1iqys7,t1_cb7gfzl,t1_cb7gxgm,0.2054794520547945,0.22344322344322345,-0.017963771388428945
p_2405,t3_1ipjv3,t1_cb6tcwm,t1_cb7052e,0.11475409836065574,0.14492753623188406,-0.030173437871228323
p_2406,t3_1ioyfw,t1_cb6negu,t1_cb6p567,0.15625,0.15492957746478872,0.0013204225352112797
p_2408,t3_1io050,t1_cb6z8bd,t1_cb6d59l,0.23684210526315788,0.16822429906542055,0.06861780619773733
p_2409,t3_1io050,t1_cb6te7v,t1_cb6k495,0.19653179190751446,0.14492753623188406,0.0516042556756304
p_2410,t3_1inwvh,t1_cb6clxk,t1_cb6b3un,0.14659685863874344,0.12962962962962962,0.01696722900911382
p_2412,t3_1in64c,t1_cb6akju,t1_cb64t09,0.18241042345276873,0.12612612612612611,0.05628429732664261
p_2413,t3_1in3mk,t1_cb6bfkt,t1_cb62n6y,0.13810741687979539,0.1,0.03810741687979538
p_2415,t3_1iimoi,t1_cb5m28u,t1_cb4v5by,0.12,0.14285714285714285,-0.022857142857142854
p_2418,t3_1ihnzp,t1_cb4juyf,t1_cb4ukap,0.20502092050209206,0.19553072625698323,0.00949019424510883
p_2420,t3_1igbwh,t1_cb4649p,t1_cb464hg,0.12359550561797752,0.13793103448275862,-0.014335528864781094
p_2421,t3_1ied1a,t1_cb3rv5u,t1_cb3p38u,0.20689655172413793,0.20118343195266272,0.005713119771475206
p_2424,t3_1ib9o8,t1_cb2tz88,t1_cb33du7,0.16236162361623616,0.12044817927170869,0.04191344434452747
p_2427,t3_1ia9x8,t1_cb2j72l,t1_cb2rlb2,0.19063545150501673,0.21818181818181817,-0.027546366676801437
p_2429,t3_1ia3zd,t1_cb2lbid,t1_cb2h5ll,0.1037037037037037,0.17670682730923695,-0.07300312360553325
p_2430,t3_1i94l9,t1_cb28ef0,t1_cb26209,0.24074074074074073,0.256,-0.015259259259259278
p_2434,t3_1i5tlt,t1_cb1cje7,t1_cb1t7x1,0.19858156028368795,0.3116883116883117,-0.11310675140462373
p_2436,t3_1i4vt4,t1_cb1h533,t1_cb1252u,0.19285714285714287,0.09923664122137404,0.09362050163576882
p_2435,t3_1i4vt4,t1_cb13nik,t1_cb16bo0,0.14285714285714285,0.11842105263157894,0.02443609022556391
p_2438,t3_1i2u57,t1_cb0fo0o,t1_cb0gz21,0.1717171717171717,0.19547325102880658,-0.02375607931163487
p_2439,t3_1i2u57,t1_cb0fbc9,t1_cb0hvyo,0.16607773851590105,0.15767634854771784,0.00840138996818321
p_2440,t3_1i2oju,t1_cb0dt2p,t1_cb0e4bx,0.16103896103896104,0.11818181818181818,0.04285714285714286
p_2442,t3_1i11n0,t1_cazz418,t1_cb0464x,0.18181818181818182,0.1506849315068493,0.031133250311332517
p_2443,t3_1i11n0,t1_cazy97z,t1_cb0464x,0.18115942028985507,0.1506849315068493,0.030474488783005765
p_2444,t3_1i0zds,t1_cazx780,t1_cazy8n0,0.14285714285714285,0.14457831325301204,-0.0017211703958691926
p_2445,t3_1i0zds,t1_cb005e0,t1_cb05afm,0.14925373134328357,0.24,-0.09074626865671642
p_2446,t3_1i0zds,t1_cb00x7k,t1_cazy1tv,0.19230769230769232,0.14392059553349876,0.04838709677419356
p_2447,t3_1i0zds,t1_cazx7qm,t1_cb0ano0,0.17983651226158037,0.14912280701754385,0.03071370524403652
p_2448,t3_1i00hp,t1_cazmh6c,t1_cazmud9,0.1527777777777778,0.1674641148325359,-0.014686337054758108
p_2449,t3_1hzs2p,t1_cazkd1r,t1_cazpzes,0.19148936170212766,0.25,-0.05851063829787234
p_2451,t3_1hz0cv,t1_cazgpfl,t1_cazc5lr,0.16,0.18181818181818182,-0.02181818181818182
p_2452,t3_1hxzas,t1_caz1kcn,t1_caz1z09,0.1752808988764045,0.16111111111111112,0.014169787765293373
p_2453,t3_1hxrtn,t1_caz1hv5,t1_cayzct9,0.19047619047619047,0.19047619047619047,0.0
p_2454,t3_1hxjqk,t1_cayxqwq,t1_cazcc7l,0.20253164556962025,0.16292134831460675,0.0396102972550135
p_2455,t3_1hxf9i,t1_cayvh0d,t1_caz1x0o,0.3305785123966942,0.23684210526315788,0.09373640713353634
p_2456,t3_1hw3be,t1_cayi1o3,t1_caykf0u,0.15862068965517243,0.21348314606741572,-0.0548624564122433
p_2460,t3_1htdmd,t1_caxqkk2,t1_caxz72q,0.15753424657534246,0.21301775147928995,-0.05548350490394749
p_2461,t3_1ht05v,t1_caxtz6j,t1_caxzvix,0.18717683557394002,0.18703703703703703,0.00013979853690299082
p_2462,t3_1ht05v,t1_caxvc7y,t1_caxzvix,0.1893939393939394,0.18703703703703703,0.002356902356902363
p_2463,t3_1hrko3,t1_caxe7v8,t1_cax6nz3,0.21631878557874762,0.2028169014084507,0.013501884170296907
p_2464,t3_1hrjgc,t1_cax6dff,t1_cax6b4o,0.20141342756183744,0.23267326732673269,-0.03125983976489524
p_2465,t3_1hraph,t1_cax407i,t1_cax3up7,0.2169811320754717,0.19473684210526315,0.022244289970208553
p_2467,t3_1hqd66,t1_cax3idc,t1_cawz4oe,0.1735159817351598,0.18115942028985507,-0.007643438554695264
p_2468,t3_1hq0v5,t1_cawqmgo,t1_cawqm34,0.24545454545454545,0.29239766081871343,-0.04694311536416798
p_2469,t3_1hp8cm,t1_cawnmau,t1_cawra52,0.19166666666666668,0.24615384615384617,-0.05448717948717949
p_2470,t3_1hp8cm,t1_caws05i,t1_cawsaki,0.20298507462686566,0.17177914110429449,0.031205933522571172
p_2472,t3_1hnrv5,t1_cawg0mo,t1_caw90ul,0.22975929978118162,0.17455138662316477,0.05520791315801685
p_2473,t3_1hnmg0,t1_caw4fwf,t1_caw2pvi,0.2939297124600639,0.19931271477663232,0.09461699768343157
p_2474,t3_1hnesi,t1_caw5etn,t1_caw1oxb,0.1875,0.12987012987012986,0.05762987012987014
p_2475,t3_1hmzrg,t1_cavwamg,t1_caw3w4j,0.14457831325301204,0.2032967032967033,-0.058718390043691254
p_2477,t3_1hmzrg,t1_cavxhoe,t1_cavwx38,0.21951219512195122,0.1945945945945946,0.024917600527356615
p_2476,t3_1hmzrg,t1_cavwmqq,t1_cavylue,0.17142857142857143,0.1558282208588957,0.015600350569675736
p_2478,t3_1hm7uw,t1_cavpkpg,t1_cavot1s,0.20110192837465565,0.19230769230769232,0.008794236066963335
p_2479,t3_1hj6bs,t1_cauxv2z,t1_cauydog,0.21100917431192662,0.2222222222222222,-0.011213047910295593
p_2480,t3_1hilol,t1_cav0vb9,t1_cauv0dj,0.1271186440677966,0.09230769230769231,0.03481095176010429
p_2482,t3_1hijgw,t1_cauqk4k,t1_cauqjev,0.1306532663316583,0.15636363636363637,-0.02571037003197807
p_2484,t3_1hhk6u,t1_caueb77,t1_cauj7mz,0.2,0.21686746987951808,-0.016867469879518066
p_2485,t3_1hhk6u,t1_caui6qo,t1_caukhoj,0.13138686131386862,0.22151898734177214,-0.09013212602790352
p_2486,t3_1hhk6u,t1_cauhmlk,t1_cauj7mz,0.18181818181818182,0.21686746987951808,-0.03504928806133625
p_2489,t3_1hc58i,t1_catea2n,t1_casxbel,0.1875,0.19696969696969696,-0.009469696969696961
p_2490,t3_1hc0j1,t1_caszio1,t1_casup0b,0.19444444444444445,0.18556701030927836,0.00887743413516609
p_2494,t3_1hajcc,t1_casg265,t1_casiv8b,0.20192307692307693,0.17204301075268819,0.02988006617038874
p_2495,t3_1h9sqe,t1_cas8w59,t1_cas8g4g,0.18811881188118812,0.1747269890795632,0.01339182280162493
p_2496,t3_1h9ldb,t1_cas5ysb,t1_cas7mja,0.16260162601626016,0.14647887323943662,0.01612275277682354
p_2497,t3_1h9hye,t1_cas4sd4,t1_cas74f3,0.22962962962962963,0.21363636363636362,0.015993265993266004
p_2498,t3_1h9hye,t1_casb6t3,t1_cas9uz8,0.16025641025641027,0.19387755102040816,-0.03362114076399789
p_2499,t3_1h9hye,t1_casew9n,t1_cas88m0,0.21804511278195488,0.19411764705882353,0.02392746572313134
p_2500,t3_1h8lmm,t1_cary5pj,t1_carxthq,0.16939078751857356,0.1625,0.0068907875185735545
p_2502,t3_1h6ah2,t1_caredw7,t1_car9nmn,0.13691931540342298,0.17899761336515513,-0.04207829796173215
p_2505,t3_1h6ah2,t1_caridnc,t1_car9nmn,0.21052631578947367,0.17899761336515513,0.031528702424318544
p_2504,t3_1h6ah2,t1_care65c,t1_car9nmn,0.18554006968641115,0.17899761336515513,0.006542456321256024
p_2503,t3_1h6ah2,t1_card2bl,t1_car9nmn,0.17615176151761516,0.17899761336515513,-0.0028458518475399652
p_2506,t3_1h63cg,t1_car7qah,t1_care0ds,0.2391304347826087,0.15053763440860216,0.08859280037400655
p_2508,t3_1h5h5m,t1_car0y9s,t1_cardbx1,0.2392638036809816,0.22994652406417113,0.009317279616810475
p_2509,t3_1h5h5m,t1_car4w5y,t1_car24xz,0.21673003802281368,0.24489795918367346,-0.028167921160859782
p_2510,t3_1h5bo4,t1_car3t1w,t1_car096v,0.15296803652968036,0.1686046511627907,-0.015636614633110335
p_2511,t3_1h4fc4,t1_caquh1j,t1_car011b,0.15709969788519637,0.14093959731543623,0.01616010056976014
p_2513,t3_1h2wxx,t1_caqbfxa,t1_caqen9z,0.21818181818181817,0.20689655172413793,0.011285266457680243
p_2514,t3_1h13j4,t1_capskux,t1_capsire,0.21323529411764705,0.16071428571428573,0.052521008403361324
p_2516,t3_1h0wi9,t1_capqqek,t1_caq16q7,0.19791666666666666,0.20987654320987653,-0.011959876543209874
p_2517,t3_1h0dvp,t1_caplvg0,t1_caplfrl,0.2655172413793103,0.15,0.11551724137931033
p_2518,t3_1h0dvp,t1_capmaqi,t1_caplfrl,0.22727272727272727,0.15,0.07727272727272727
p_2519,t3_1h0dvp,t1_capljsr,t1_capm2dv,0.16666666666666666,0.26905829596412556,-0.1023916292974589
p_2520,t3_1gzgyi,t1_capch39,t1_capcztw,0.20388349514563106,0.20147874306839186,0.0024047520772391973
p_2521,t3_1gzgyi,t1_capd988,t1_capcztw,0.20652173913043478,0.20147874306839186,0.00504299606204292
p_2522,t3_1gzggd,t1_capcxm0,t1_capga0b,0.16267942583732056,0.17721518987341772,-0.01453576403609716
p_2523,t3_1gzggd,t1_capc8wf,t1_capc3ac,0.17647058823529413,0.15714285714285714,0.01932773109243699
p_2526,t3_1gubei,t1_canwrtx,t1_canwwia,0.12244897959183673,0.14583333333333334,-0.02338435374149661
p_2527,t3_1gubei,t1_cao0mq9,t1_cao4o8w,0.1360544217687075,0.16091954022988506,-0.02486511846117756
p_2528,t3_1gubei,t1_cao0kka,t1_cao0vy0,0.17670682730923695,0.2361111111111111,-0.05940428380187415
p_2529,t3_1gtx5u,t1_canrwqs,t1_canrwi1,0.2111111111111111,0.17525773195876287,0.035853379152348236
p_2530,t3_1gtewi,t1_canwe7h,t1_cannxmk,0.17973856209150327,0.18691588785046728,-0.007177325758964015
p_2533,t3_1gs77u,t1_canaax8,t1_canbqse,0.21390374331550802,0.1956521739130435,0.01825156940246453
p_2535,t3_1gqrrj,t1_camvlk1,t1_camv6ti,0.17391304347826086,0.12871287128712872,0.04520017219113215
p_2536,t3_1gqfyr,t1_camsoga,t1_camr1ip,0.13163972286374134,0.13846153846153847,-0.006821815597797126
p_2537,t3_1go76m,t1_cama3zy,t1_cam5u2v,0.14316702819956617,0.14414414414414414,-0.000977115944577972
p_2538,t3_1go0nk,t1_cam94e3,t1_cam2sp0,0.1858678955453149,0.1875,-0.0016321044546850905
p_2539,t3_1gndd7,t1_calvf4q,t1_caly3r9,0.16972477064220184,0.20909090909090908,-0.03936613844870723
p_2542,t3_1gndd7,t1_calw2lu,t1_calzbfi,0.178,0.14285714285714285,0.03514285714285714
p_2543,t3_1gn5gq,t1_caltt0o,t1_cam4fco,0.13353115727002968,0.20930232558139536,-0.07577116831136568
p_2544,t3_1gn5gq,t1_caluwrn,t1_cam99y3,0.13551401869158877,0.2222222222222222,-0.08670820353063344
p_2546,t3_1gmopb,t1_calpm58,t1_caloeep,0.12280701754385964,0.16483516483516483,-0.04202814729130519
p_2547,t3_1glkkw,t1_caljuen,t1_calho9m,0.1595744680851064,0.24050632911392406,-0.08093186102881766
p_2548,t3_1gkvdj,t1_cal8gbr,t1_calht6p,0.20809248554913296,0.22302158273381295,-0.014929097184679996
p_2549,t3_1gkvdj,t1_cal9bjy,t1_cal95oe,0.13249211356466878,0.1095890410958904,0.022903072468778374
p_2550,t3_1gk7i3,t1_cal9gz2,t1_cakzxzy,0.1511627906976744,0.18374558303886926,-0.03258279234119485
p_2552,t3_1gjdzq,t1_caks2pc,t1_cakv42m,0.2357563850687623,0.15822784810126583,0.07752853696749645
p_2553,t3_1ghuhk,t1_cakst8b,t1_cakfe6t,0.19784172661870503,0.15337423312883436,0.04446749348987067
p_2554,t3_1ghq26,t1_cakd83v,t1_cakbhef,0.24277456647398843,0.1574074074074074,0.08536715906658102
p_2556,t3_1gf3p8,t1_cajmk48,t1_cajlq76,0.19696969696969696,0.11923076923076924,0.07773892773892772
p_2558,t3_1gekcs,t1_cajgr6p,t1_cajgnqh,0.125,0.1518987341772152,-0.026898734177215194
p_2559,t3_1gdhz9,t1_cajoefo,t1_caj8zpy,0.2037914691943128,0.12962962962962962,0.07416183956468317
p_2561,t3_1gcmgh,t1_caizgrm,t1_caix4yf,0.273224043715847,0.2196969696969697,0.053527074018877324
p_2563,t3_1ga9it,t1_caiavmi,t1_caiacwj,0.2608695652173913,0.271356783919598,-0.010487218702206702
p_2564,t3_1ga5u6,t1_caifnvs,t1_caigbsx,0.16546762589928057,0.125,0.040467625899280574
p_2565,t3_1g98dv,t1_caicko1,t1_cai00w1,0.14938488576449913,0.1722488038277512,-0.02286391806325208
p_2566,t3_1g912k,t1_cahy4j6,t1_cai00qt,0.1650943396226415,0.168,-0.00290566037735851
p_2567,t3_1g8ye7,t1_caiqwaz,t1_caia71j,0.19463087248322147,0.18840579710144928,0.006225075381772194
p_2568,t3_1g8tam,t1_cahvvfw,t1_cahvh3g,0.17647058823529413,0.2054794520547945,-0.02900886381950038
p_2569,t3_1g8dms,t1_cahqtw0,t1_cahrjrv,0.22181146025878004,0.22388059701492538,-0.00206913675614534
p_2570,t3_1g4ij0,t1_cagmwe5,t1_cagn2vw,0.24770642201834864,0.16863905325443787,0.07906736876391077
p_2571,t3_1g4ij0,t1_cagti1b,t1_cagn2vw,0.2222222222222222,0.16863905325443787,0.05358316896778434
p_2573,t3_1g0zyi,t1_cafq2a4,t1_cafq68p,0.16483516483516483,0.1977077363896848,-0.032872571554519975
p_2575,t3_1g0nr4,t1_cafnpu1,t1_cafo41o,0.128,0.17142857142857143,-0.04342857142857143
p_2576,t3_1g05un,t1_cafhm9s,t1_cafhkpm,0.26277372262773724,0.2839506172839506,-0.021176894656213363
p_2577,t3_1g05un,t1_cafi4wo,t1_cafhkpm,0.189873417721519,0.2839506172839506,-0.0940771995624316
p_2578,t3_1fze4z,t1_cafajkn,t1_cafb9bx,0.19215686274509805,0.16206896551724137,0.03008789722785668
p_2579,t3_1fzbuj,t1_cafam2z,t1_cafeb2o,0.1872816212438854,0.2484008528784648,-0.06111923163457941
p_2580,t3_1fzbuj,t1_cafpf1y,t1_cafeb2o,0.22321428571428573,0.2484008528784648,-0.02518656716417908
p_2581,t3_1fz6yz,t1_cafa0ej,t1_cafbiew,0.16806722689075632,0.09375,0.07431722689075632
p_2582,t3_1fvef0,t1_caehkc7,t1_caegj92,0.2054794520547945,0.18012422360248448,0.02535522845231003
p_2583,t3_1ftvzl,t1_cadqq2m,t1_cadtuox,0.15,0.14814814814814814,0.0018518518518518545
p_2584,t3_1fthzm,t1_cads3uf,t1_cadpyxu,0.15876777251184834,0.1339712918660287,0.02479648064581963
p_2585,t3_1fsg25,t1_cadecc8,t1_cadh9xp,0.14431486880466474,0.14814814814814814,-0.0038332793434834034
p_2586,t3_1fsg25,t1_cadcq9r,t1_cadfxhh,0.18681318681318682,0.17989417989417988,0.006919006919006931
p_2589,t3_1fqxs6,t1_cacz78q,t1_cad0uj4,0.26382978723404255,0.19883040935672514,0.06499937787731741
p_2590,t3_1fpnku,t1_cacm10c,t1_cacyujo,0.3024193548387097,0.2644628099173554,0.03795654492135431
p_2592,t3_1fl90i,t1_cabjfyp,t1_cabh6n4,0.15733333333333333,0.19141914191419143,-0.03408580858085811
p_2594,t3_1fkqyp,t1_cab9l3c,t1_cab7rfj,0.19469759734879868,0.20118343195266272,-0.006485834603864038
p_2596,t3_1fjzw1,t1_cab14u9,t1_cabbfp2,0.20169851380042464,0.12052117263843648,0.08117734116198816
p_2597,t3_1fjy6l,t1_cabf966,t1_cab0k1n,0.189873417721519,0.20105820105820105,-0.011184783336682047
p_2598,t3_1fjy6l,t1_cabcutd,t1_cabche6,0.19424460431654678,0.21551724137931033,-0.021272637062763555
p_2599,t3_1fj2qs,t1_caar36f,t1_caas3s0,0.17218543046357615,0.21705426356589147,-0.04486883310231532
p_2600,t3_1fi40v,t1_caahiii,t1_caahjdz,0.15196998123827393,0.26380368098159507,-0.11183369974332114
p_2601,t3_1fi40v,t1_caai66k,t1_caahj8x,0.20973782771535582,0.26153846153846155,-0.051800633823105735
p_2603,t3_1fh2ge,t1_caa6pnq,t1_caaaphg,0.1893491124260355,0.23834196891191708,-0.048992856485881586
p_2604,t3_1fgwoe,t1_caadxv7,t1_caaa1fu,0.2085889570552147,0.12903225806451613,0.07955669899069859
p_2606,t3_1felg8,t1_ca9jegt,t1_ca9j1g5,0.164021164021164,0.1919191919191919,-0.027898027898027894
p_2607,t3_1fdu9t,t1_ca9jfv7,t1_ca9emjy,0.20270270270270271,0.24056603773584906,-0.037863335033146345
p_2608,t3_1fdqr9,t1_ca9b99t,t1_ca997cz,0.19642857142857142,0.1640625,0.032366071428571425
p_2609,t3_1fbyld,t1_ca8s1d1,t1_ca92m1w,0.11290322580645161,0.26,-0.14709677419354839
p_2610,t3_1fakkk,t1_ca8gu3m,t1_ca8gpeh,0.16083916083916083,0.2265193370165746,-0.06568017617741376
p_2613,t3_1f9bqn,t1_ca85ryy,t1_ca81ox0,0.13302752293577982,0.14689265536723164,-0.013865132431451821
p_2619,t3_1f3fkz,t1_ca6ix69,t1_ca6j47b,0.19215155615696888,0.19662921348314608,-0.004477657326177192
p_2621,t3_1f378x,t1_ca6d9pg,t1_ca6d9s8,0.19594594594594594,0.14798206278026907,0.047963883165676874
p_2624,t3_1f08yy,t1_ca5jdzb,t1_ca5nkp8,0.10067114093959731,0.12460063897763578,-0.02392949803803847
p_2625,t3_1f08yy,t1_ca5jcz6,t1_ca5nkp8,,0.12460063897763578,
p_2627,t3_1eyhc9,t1_ca511j6,t1_ca514mx,0.2217391304347826,0.10784313725490197,0.11389599317988064
p_2628,t3_1eyhc9,t1_ca54mod,t1_ca514mx,0.16778523489932887,0.10784313725490197,0.0599420976444269
p_2629,t3_1evztt,t1_ca4bru8,t1_ca4e1xc,0.17216117216117216,0.15463917525773196,0.017521996903440196
p_2631,t3_1er14x,t1_ca2wy31,t1_ca2w8zb,0.26629422718808193,0.24489795918367346,0.02139626800440847
p_2632,t3_1er14x,t1_ca2wyds,t1_ca2w8zb,0.15561959654178675,0.24489795918367346,-0.08927836264188671
p_2633,t3_1eqzdv,t1_ca2xas3,t1_ca2vznl,0.19402985074626866,0.16091954022988506,0.033110310516383606
p_2634,t3_1eqzdv,t1_ca31l47,t1_ca2vznl,0.27155172413793105,0.16091954022988506,0.110632183908046
p_2636,t3_1eqpep,t1_ca2wutl,t1_ca2vk92,0.18118466898954705,0.20916905444126074,-0.027984385451713695
p_2637,t3_1enop4,t1_ca26n3f,t1_ca24wnz,0.17962466487935658,0.1601123595505618,0.019512305328794777
p_2640,t3_1ekr96,t1_ca18olx,t1_ca1bmet,0.16666666666666666,0.2152777777777778,-0.04861111111111113
p_2642,t3_1ejwsi,t1_ca0z4yj,t1_ca124sd,0.20667870036101083,0.19134396355353075,0.01533473680748007
p_2643,t3_1ejwsi,t1_ca14g2z,t1_ca11uac,0.19775280898876405,0.25,-0.052247191011235955
p_2649,t3_1eeqwi,t1_c9zk246,t1_c9zlxhm,0.22388059701492538,0.14457831325301204,0.07930228376191334
p_2648,t3_1eeqwi,t1_c9zisf5,t1_c9zjpoy,0.14285714285714285,0.14285714285714285,0.0
p_2650,t3_1edx91,t1_c9z9hpy,t1_c9zbt49,0.224,0.16666666666666666,0.05733333333333335
p_2651,t3_1edr56,t1_c9z8p9f,t1_c9z9qmk,0.13333333333333333,0.19047619047619047,-0.057142857142857134
p_2652,t3_1edqbg,t1_c9z7ura,t1_c9zayfy,0.23684210526315788,0.2898550724637681,-0.053012967200610245
p_2657,t3_1e897d,t1_c9xr4w4,t1_c9xr0vc,0.1889400921658986,0.19642857142857142,-0.00748847926267282
p_2659,t3_1e7fgs,t1_c9xm6o9,t1_c9xlvv7,0.23985239852398524,0.2926829268292683,-0.05283052830528304
p_2661,t3_1e7dc0,t1_c9xteak,t1_c9xkdnr,0.23076923076923078,0.2345132743362832,-0.0037440435670524075
p_2663,t3_1e71tp,t1_c9xlk4m,t1_c9xez56,0.16182572614107885,0.19424460431654678,-0.03241887817546793
p_2664,t3_1e5uet,t1_c9x38yb,t1_c9x7ac3,0.175,0.27225130890052357,-0.09725130890052358
p_2666,t3_1e5dod,t1_c9wyrgk,t1_c9wz4h9,0.17543859649122806,0.24074074074074073,-0.06530214424951267
p_2667,t3_1e4w3h,t1_c9x0hy8,t1_c9wwhb6,0.21548821548821548,0.21052631578947367,0.004961899698741806
p_2668,t3_1e4v4u,t1_c9wtome,t1_c9ww06i,0.125,0.2125,-0.0875
p_2669,t3_1e4gla,t1_c9wpcpk,t1_c9wqjyf,0.12941176470588237,0.2403560830860534,-0.11094431838017105
p_2671,t3_1e30x9,t1_c9wfnbb,t1_c9wbvj3,0.19545454545454546,0.20535714285714285,-0.009902597402597385
p_2673,t3_1e1yw5,t1_c9wdtql,t1_c9w0hvd,0.17766497461928935,0.34177215189873417,-0.16410717727944482
p_2674,t3_1e0qz1,t1_c9vwslq,t1_c9vruwl,0.19315403422982885,0.22380952380952382,-0.030655489579694967
p_2675,t3_1e0ejy,t1_c9vl8aa,t1_c9vp3i5,0.17635270541082165,0.17333333333333334,0.0030193720774883137
p_2678,t3_1e0dd7,t1_c9vvh9i,t1_c9vmii6,0.1504424778761062,0.2073732718894009,-0.056930794013294705
p_2676,t3_1e0dd7,t1_c9vn11c,t1_c9vkmsv,0.15104166666666666,0.1437908496732026,0.007250816993464054
p_2679,t3_1dzqaz,t1_c9vevvr,t1_c9ves68,0.14705882352941177,0.17796610169491525,-0.030907278165503482
p_2680,t3_1dyb7o,t1_c9v8bw6,t1_c9v7j0n,0.3333333333333333,0.2692307692307692,0.0641025641025641
p_2681,t3_1dy3sl,t1_c9uym99,t1_c9uxyzk,0.12459546925566344,0.19285714285714287,-0.06826167360147943
p_2683,t3_1dx9dj,t1_c9ut84g,t1_c9v8b9b,0.15625,0.17801047120418848,-0.021760471204188475
p_2684,t3_1dx9dj,t1_c9uvfc4,t1_c9usq08,0.14958775029446408,0.19367588932806323,-0.04408813903359915
p_2685,t3_1duzzk,t1_c9u8l52,t1_c9u8yoe,0.1897810218978102,0.22794117647058823,-0.03816015457277802
p_2688,t3_1drv8o,t1_c9twcr8,t1_c9tdt5r,0.06428571428571428,0.1695906432748538,-0.10530492898913951
p_2690,t3_1dro9y,t1_c9t93tz,t1_c9tb0nm,0.25,0.3,-0.04999999999999999
p_2691,t3_1dro9y,t1_c9t95ad,t1_c9tb0nm,0.15789473684210525,0.3,-0.14210526315789473
p_2692,t3_1dro9y,t1_c9tar20,t1_c9tb0nm,0.20416666666666666,0.3,-0.09583333333333333
p_2693,t3_1dr38j,t1_c9t4zgp,t1_c9t15sb,0.16666666666666666,0.20634920634920634,-0.03968253968253968
p_2694,t3_1dr38j,t1_c9t6qfq,t1_c9t3tv5,0.22,0.14210526315789473,0.07789473684210527
p_2696,t3_1dqocq,t1_c9sxlof,t1_c9t1per,0.20599250936329588,0.13333333333333333,0.07265917602996255
p_2698,t3_1dpa0j,t1_c9si9a1,t1_c9sjq6e,0.14325068870523416,0.21710526315789475,-0.07385457445266058
p_2699,t3_1dmdji,t1_c9s8tbs,t1_c9rvfop,0.16905444126074498,0.2108843537414966,-0.04182991248075163
p_2702,t3_1djzxv,t1_c9rfg9d,t1_c9r258n,0.18803418803418803,0.16483516483516483,0.0231990231990232
p_2704,t3_1dj741,t1_c9qwjmm,t1_c9qu7yd,0.20334261838440112,0.1902587519025875,0.013083866481813616
p_2706,t3_1ditdn,t1_c9r0krj,t1_c9qpsh8,0.11451942740286299,0.15217391304347827,-0.037654485640615284
p_2707,t3_1dilyh,t1_c9qq93z,t1_c9qukp7,0.17615176151761516,0.14792899408284024,0.02822276743477492
p_2711,t3_1dfy2a,t1_c9pz92y,t1_c9pzk15,0.23270440251572327,0.25471698113207547,-0.022012578616352196
p_2713,t3_1dfnx1,t1_c9pwrti,t1_c9pydqv,0.18548387096774194,0.1891891891891892,-0.0037053182214472624
p_2714,t3_1deu6m,t1_c9pm9ei,t1_c9pq3i8,0.18134715025906736,0.24107142857142858,-0.05972427831236121
p_2715,t3_1ddn6p,t1_c9r192d,t1_c9ptde6,0.17959183673469387,0.21428571428571427,-0.03469387755102041
p_2717,t3_1dbeji,t1_c9opv9e,t1_c9oplaa,0.09009009009009009,0.13548387096774195,-0.04539378087765186
p_2718,t3_1dahpy,t1_c9oi7rq,t1_c9ohbfe,0.15294117647058825,0.20489296636085627,-0.051951789890268024
p_2720,t3_1daaz2,t1_c9om232,t1_c9oicxr,0.19912790697674418,0.22388059701492538,-0.024752690038181202
p_2721,t3_1daa73,t1_c9of3p7,t1_c9of537,0.21182266009852216,0.24242424242424243,-0.030601582325720272
p_2722,t3_1da9km,t1_c9ogr0a,t1_c9oels5,0.24113475177304963,0.17587939698492464,0.065255354788125
p_2723,t3_1d93tu,t1_c9o543i,t1_c9o48f1,0.22183098591549297,0.28846153846153844,-0.06663055254604547
p_2724,t3_1d93tu,t1_c9o9bv4,t1_c9o5bzv,0.19346049046321526,0.20454545454545456,-0.011084964082239301
p_2725,t3_1d7g4o,t1_c9noa5m,t1_c9nwpbl,0.21282798833819241,0.1977401129943503,0.015087875343842122
p_2728,t3_1d4oyg,t1_c9mvjvz,t1_c9n2oa9,0.11504424778761062,0.18556701030927836,-0.07052276252166774
p_2729,t3_1d44p3,t1_c9mq0ns,t1_c9mtvks,0.20644216691068815,0.21942446043165467,-0.012982293520966526
p_2731,t3_1d44p3,t1_c9mw0w9,t1_c9mpkz3,0.18046709129511676,0.13846153846153847,0.04200555283357829
p_2732,t3_1d44p3,t1_c9n1elj,t1_c9mtvks,0.1518987341772152,0.21942446043165467,-0.06752572625443948
p_2733,t3_1d44p3,t1_c9mu8cn,t1_c9mrjf5,0.17674418604651163,0.22277227722772278,-0.04602809118121115
p_2734,t3_1d44p3,t1_c9msi95,t1_c9mtvks,0.13602015113350127,0.21942446043165467,-0.0834043092981534
p_2738,t3_1d1i55,t1_c9mxv6l,t1_c9lzhfl,0.15350877192982457,0.2489451476793249,-0.09543637574950034
p_2739,t3_1d1i55,t1_c9oegh1,t1_c9lzhfl,0.2,0.2489451476793249,-0.048945147679324896
p_2740,t3_1d0elu,t1_c9lsj8v,t1_c9lp7p0,0.18900343642611683,0.21782178217821782,-0.028818345752100988
p_2741,t3_1cymw8,t1_c9l9z8j,t1_c9l7omc,0.16227180527383367,0.248,-0.08572819472616633
p_2743,t3_1cyjeb,t1_c9l6moi,t1_c9l7796,0.14925373134328357,0.18272425249169436,-0.03347052114841079
p_2748,t3_1cxteo,t1_c9l5sr6,t1_c9kz9h3,0.14925373134328357,0.1951219512195122,-0.04586821987622863
p_2746,t3_1cxteo,t1_c9l0ptr,t1_c9kztp0,0.164021164021164,0.16455696202531644,-0.0005357980041524324
p_2747,t3_1cxteo,t1_c9kzw1u,t1_c9l5bzb,0.16049382716049382,0.13333333333333333,0.027160493827160487
p_2749,t3_1cwsse,t1_c9kr52k,t1_c9kr5qt,0.21875,0.2898550724637681,-0.07110507246376813
p_2750,t3_1cwsse,t1_c9kqato,t1_c9ks4cr,0.24705882352941178,0.3185840707964602,-0.0715252472670484
p_2751,t3_1cwsse,t1_c9kvex6,t1_c9ks4cr,0.2568493150684932,0.3185840707964602,-0.061734755727966995
p_2752,t3_1cvzbx,t1_c9km9nx,t1_c9khsqw,0.12777777777777777,0.125,0.002777777777777768
p_2753,t3_1ctkhw,t1_c9juokl,t1_c9jubz0,0.22488038277511962,0.16091954022988506,0.06396084254523457
p_2754,t3_1cskpb,t1_c9jkqxa,t1_c9jlje5,0.17105263157894737,0.12087912087912088,0.05017351069982649
p_2755,t3_1crpmd,t1_c9jdeua,t1_c9jkwqp,0.23232323232323232,0.1721311475409836,0.06019208478224872
p_2756,t3_1cq2e6,t1_c9ix0cz,t1_c9ixpvx,0.15283842794759825,0.21768707482993196,-0.06484864688233372
p_2760,t3_1cjeto,t1_c9h2lgb,t1_c9h6sc6,0.21604938271604937,0.20809248554913296,0.007956897166916416
p_2761,t3_1chlts,t1_c9gmbnn,t1_c9gqj74,0.12184873949579832,0.18292682926829268,-0.06107808977249436
p_2762,t3_1cgo5k,t1_c9gcsj9,t1_c9gc5rg,0.17424242424242425,0.25833333333333336,-0.0840909090909091
p_2765,t3_1cfa2w,t1_c9fzmpv,t1_c9g116t,0.21671826625386997,0.1769352290679305,0.03978303718593948
p_2766,t3_1cdk1m,t1_c9fscps,t1_c9fnhsl,0.18974358974358974,0.1883656509695291,0.0013779387740606441
p_2767,t3_1cc9ma,t1_c9f4mbw,t1_c9f4gvx,0.1752136752136752,0.25675675675675674,-0.08154308154308154
p_2770,t3_1cc8uk,t1_c9fbcfp,t1_c9f55x0,0.13366336633663367,0.14018691588785046,-0.006523549551216784
p_2771,t3_1cbyg8,t1_c9f2fbr,t1_c9f2f7z,0.20398009950248755,0.21608040201005024,-0.012100302507562694
p_2772,t3_1cbyg8,t1_c9f37yw,t1_c9f2f7z,0.1712907117008444,0.21608040201005024,-0.04478969030920585
p_2773,t3_1cbyg8,t1_c9f2oxn,t1_c9f2f7z,0.19230769230769232,0.21608040201005024,-0.023772709702357925
p_2774,t3_1c9rnm,t1_c9efq9f,t1_c9enhzn,0.1926605504587156,0.20689655172413793,-0.014236001265422321
p_2776,t3_1c9lan,t1_c9eoxbt,t1_c9edlfu,0.1527777777777778,0.1712707182320442,-0.018492940454266416
p_2777,t3_1c8ym3,t1_c9e9zzx,t1_c9e9fk0,0.13777777777777778,0.1532567049808429,-0.015478927203065124
p_2778,t3_1c8ym3,t1_c9e9ga5,t1_c9ea09a,0.140625,0.13333333333333333,0.0072916666666666685
p_2779,t3_1c7z1a,t1_c9dyhme,t1_c9edsm6,0.20134228187919462,0.1483050847457627,0.05303719713343191
p_2782,t3_1c5ps9,t1_c9da3im,t1_c9dg1q3,0.12903225806451613,0.19540229885057472,-0.0663700407860586
p_2783,t3_1c3mds,t1_c9cpeax,t1_c9cpssy,0.17364016736401675,0.21864951768488747,-0.04500935032087072
p_2784,t3_1c11cx,t1_c9c5trq,t1_c9c6lsq,0.15647921760391198,0.1444141689373297,0.012065048666582284
p_2785,t3_1byb8b,t1_c9bdajc,t1_c9bdsul,0.15865384615384615,0.13986013986013987,0.018793706293706275
p_2786,t3_1by7rb,t1_c9b8dbb,t1_c9ba21c,0.21658986175115208,0.11029411764705882,0.10629574410409326
p_2787,t3_1bxkri,t1_c9b3vi9,t1_c9b4eux,0.11290322580645161,0.18,-0.06709677419354838
p_2789,t3_1bxgut,t1_c9b118k,t1_c9b0bxi,0.20833333333333334,0.24867724867724866,-0.04034391534391532
p_2788,t3_1bxgut,t1_c9b3hgo,t1_c9b7q7o,0.19664268585131894,0.25229357798165136,-0.05565089213033242
p_2790,t3_1bxgut,t1_c9b7tag,t1_c9b7q7o,0.21575757575757576,0.25229357798165136,-0.0365360022240756
p_2791,t3_1bwu2v,t1_c9avcwo,t1_c9auie0,0.16304347826086957,0.18,-0.016956521739130426
p_2792,t3_1buffw,t1_c9a7bi9,t1_c9a70o8,0.1598173515981735,0.26785714285714285,-0.10803979125896934
p_2793,t3_1brihl,t1_c9bfojt,t1_c99k4tp,0.14814814814814814,0.12195121951219512,0.02619692863595302
p_2794,t3_1bp6uw,t1_c98y60i,t1_c994sb5,0.1643835616438356,0.2073732718894009,-0.042989710245565305
p_2795,t3_1bodtx,t1_c98jlb4,t1_c98lik7,0.19230769230769232,0.2140468227424749,-0.021739130434782594
p_2796,t3_1bljky,t1_c97sfu3,t1_c97rjrx,0.09482758620689655,0.188,-0.09317241379310345
p_2798,t3_1bkpef,t1_c97l3q7,t1_c97m0dm,0.1125,0.14942528735632185,-0.03692528735632185
p_2799,t3_1bkdeq,t1_c97g05g,t1_c97ggko,0.20353982300884957,0.17391304347826086,0.029626779530588704
p_2803,t3_1bjaaz,t1_c977sxm,t1_c979i5l,0.1588785046728972,0.15335463258785942,0.005523872085037768
p_2804,t3_1bitj0,t1_c971omg,t1_c978xo7,0.23658536585365852,0.2108050847457627,0.02578028110789582
p_2805,t3_1bggat,t1_c96k0ap,t1_c96jw6l,0.1927710843373494,0.19491525423728814,-0.002144169899938736
p_2806,t3_1bce8x,t1_c95l5od,t1_c95l7sx,0.1732283464566929,0.18095238095238095,-0.007724034495688037
p_2807,t3_1bcaat,t1_c95jx1p,t1_c95k33e,0.25842696629213485,0.2214765100671141,0.036950456225020745
p_2808,t3_1bc8lk,t1_c95jtsa,t1_c95k5tq,0.16705882352941176,0.13651137594799567,0.030547447581416087
p_2809,t3_1bc7uw,t1_c95jgdf,t1_c95jk08,0.19148936170212766,0.2073170731707317,-0.01582771146860404
p_2810,t3_1b757j,t1_c947mfz,t1_c947z02,0.11392405063291139,0.2033898305084746,-0.0894657798755632
p_2811,t3_1b5h4r,t1_c93tvyq,t1_c93sauz,0.19941775836972345,0.17266187050359713,0.026755887866126316
p_2812,t3_1b532g,t1_c93p2p5,t1_c93uzd4,0.1590909090909091,0.16666666666666666,-0.007575757575757569
p_2813,t3_1b4ngo,t1_c93mgx3,t1_c93juyb,0.15354330708661418,0.15053763440860216,0.0030056726780120224
p_2815,t3_1ayifp,t1_c91z4wm,t1_c91y4yc,0.21454545454545454,0.19964349376114082,0.014901960784313717
p_2817,t3_1avuk1,t1_c919bkc,t1_c918ch7,0.22727272727272727,0.2037037037037037,0.023569023569023573
p_2818,t3_1aszfk,t1_c90i0vi,t1_c90i1xg,0.1574074074074074,0.15328467153284672,0.00412273587456069
p_2819,t3_1assos,t1_c90fnc1,t1_c90rkrt,0.15384615384615385,0.13333333333333333,0.020512820512820523
p_2820,t3_1assos,t1_c90ewks,t1_c90rkrt,0.18566775244299674,0.13333333333333333,0.05233441910966341
p_2822,t3_1are2i,t1_c902a8w,t1_c901w5o,0.14655172413793102,0.16666666666666666,-0.020114942528735635
p_2823,t3_1are2i,t1_c9063xi,t1_c901w5o,0.20924574209245742,0.16666666666666666,0.04257907542579076
p_2827,t3_1am01f,t1_c8yqvyz,t1_c90q7d9,0.2164009111617312,0.1745152354570637,0.0418856757046675
p_2830,t3_1ajjfw,t1_c8y1lzd,t1_c8xzdi6,0.2282958199356913,0.23636363636363636,-0.008067816427945046
p_2831,t3_1ajjfw,t1_c8y2o8t,t1_c8y2jox,0.16954022988505746,0.18681318681318682,-0.017272956928129357
p_2832,t3_1ahaci,t1_c8xhcoi,t1_c8xhwel,0.1797752808988764,0.15841584158415842,0.021359439314717982
p_2833,t3_1ahaci,t1_c8ycdr7,t1_c8y9ehd,0.10300429184549356,0.13151927437641722,-0.02851498253092366
p_2834,t3_1adnuj,t1_c8wgwzb,t1_c8wgx6y,0.22285714285714286,0.14330218068535824,0.07955496217178462
p_2835,t3_1adnuj,t1_c8wkxho,t1_c8wgx6y,0.1625441696113074,0.14330218068535824,0.019241988925949166
p_2836,t3_1aah63,t1_c8vkumc,t1_c8w7eb9,0.1693548387096774,0.15517241379310345,0.014182424916573955
p_2837,t3_1a823k,t1_c8uxrzz,t1_c8uxj2q,0.1839080459770115,0.21929824561403508,-0.035390199637023584
p_2838,t3_1a74or,t1_c8yb8lh,t1_c8wi3uo,0.19825072886297376,0.16666666666666666,0.031584062196307106
p_2841,t3_1a1svv,t1_c8tcnlg,t1_c8tbh45,0.25925925925925924,0.23255813953488372,0.026701119724375527
p_2842,t3_19x40l,t1_c8s3ojs,t1_c8sam0l,0.09146341463414634,0.211864406779661,-0.12040099214551467
p_2843,t3_19umvm,t1_c8ri6ek,t1_c8rgbi8,0.1320754716981132,0.11920529801324503,0.012870173684868175
p_2845,t3_19n9ak,t1_c8pkzma,t1_c8polhe,0.21176470588235294,0.22105263157894736,-0.009287925696594423
p_2846,t3_19huby,t1_c8ojliw,t1_c8oh7z7,0.2028985507246377,0.18048780487804877,0.02241074584658892
p_2847,t3_19e3q6,t1_c8n7zld,t1_c8n6yn4,0.23252032520325203,0.1739961759082218,0.05852414929503022
p_2850,t3_19avin,t1_c8mdkft,t1_c8mqodh,0.17692307692307693,0.12797619047619047,0.04894688644688647
p_2851,t3_19aahz,t1_c8m9s7p,t1_c8m98ui,0.3010752688172043,0.24675324675324675,0.05432202206395756
p_2853,t3_1960jw,t1_c8te8em,t1_c8lq3vy,0.19956140350877194,0.15897435897435896,0.040587044534412975
p_2854,t3_18nf32,t1_c8gjif8,t1_c8glzi2,0.22994652406417113,0.2233502538071066,0.006596270257064524
p_2855,t3_18n2uc,t1_c8g7yj9,t1_c8g7vdb,0.203125,0.23636363636363636,-0.03323863636363636
p_2856,t3_18n2uc,t1_c8gjaly,t1_c8hjbxc,0.2313167259786477,0.2330508474576271,-0.0017341214789794168
p_2857,t3_18hfbb,t1_c8euhsu,t1_c8f4pon,0.2731707317073171,0.18556701030927836,0.08760372139803874
p_2858,t3_18fnmc,t1_c8ehi0y,t1_c8fbyk9,0.21739130434782608,0.22181818181818183,-0.00442687747035575
p_2859,t3_18fnmc,t1_c8eztwo,t1_c8efsxa,0.23154362416107382,0.21193415637860083,0.019609467782472995
p_2861,t3_18dj9h,t1_c8go2f3,t1_c8du0qd,0.18681318681318682,0.16326530612244897,0.02354788069073785
p_2862,t3_181jmd,t1_c8b2w35,t1_c8b80s2,0.15691868758915833,0.1573926868044515,-0.0004739992152931749
p_2864,t3_353z1x,t1_cr0txe5,t1_cr0sypq,0.11206896551724138,0.12345679012345678,-0.011387824606215402
p_2865,t3_35007e,t1_cqzpsh4,t1_cr08now,0.1935483870967742,0.17435897435897435,0.019189412737799838
p_2868,t3_34uoe6,t1_cqy8iqs,t1_cqydmf0,0.14583333333333334,0.15789473684210525,-0.012061403508771912
p_2869,t3_34uhcs,t1_cqy6f3z,t1_cqy5yg6,0.1643835616438356,0.20408163265306123,-0.03969807100922562
p_2871,t3_34r42c,t1_cqx9tcw,t1_cqxcheq,0.16176470588235295,0.1956521739130435,-0.03388746803069054
p_2872,t3_34r42c,t1_cqx9isf,t1_cqxhmy0,0.22137404580152673,0.18110236220472442,0.040271683596802305
p_2873,t3_34qpil,t1_cqxbpip,t1_cqx6biz,0.19014084507042253,0.16312056737588654,0.027020277694535993
p_2875,t3_34nm86,t1_cqwfwqa,t1_cqwdlqs,0.15126050420168066,0.13934426229508196,0.011916241906598707
p_2876,t3_34mjz7,t1_cqw3q36,t1_cqw297k,0.1553398058252427,0.16417910447761194,-0.008839298652369237
p_2877,t3_34mi2s,t1_cqw2pwr,t1_cqw1jmd,0.2328767123287671,0.19704433497536947,0.03583237735339764
p_2880,t3_34f19m,t1_cqumcdt,t1_cqu4xnk,0.1702127659574468,0.21212121212121213,-0.04190844616376532
p_2881,t3_34ew6y,t1_cqu16sw,t1_cqu66qp,0.11702127659574468,0.17475728155339806,-0.05773600495765338
p_2883,t3_34dp1h,t1_cqtp0m2,t1_cqtpbha,0.1571072319201995,0.17857142857142858,-0.02146419665122906
p_2885,t3_3458ym,t1_cqrehbr,t1_cqrp6kw,0.23232323232323232,0.05263157894736842,0.1796916533758639
p_2886,t3_344wiz,t1_cqras5q,t1_cqre4xb,0.1794871794871795,0.15,0.029487179487179493
p_2887,t3_344wiz,t1_cqrc214,t1_cqrdlm0,0.16806722689075632,0.18571428571428572,-0.017647058823529405
p_2889,t3_3421jf,t1_cqqjotj,t1_cqqk365,0.18834080717488788,0.1534090909090909,0.03493171626579697
p_2890,t3_341ysq,t1_cqqjryw,t1_cqqx1kp,0.1836734693877551,0.22916666666666666,-0.045493197278911546
p_2891,t3_341ysq,t1_cqqk0tn,t1_cqqijqw,0.16774193548387098,0.19298245614035087,-0.025240520656479887
p_2892,t3_341rgm,t1_cqr37bi,t1_cqqnhph,0.2,0.17142857142857143,0.02857142857142858
p_2893,t3_341qpv,t1_cqqkadf,t1_cqqj5q6,0.19047619047619047,0.21238938053097345,-0.021913190054782983
p_2896,t3_340hb6,t1_cqq5pcx,t1_cqq45sd,0.16,0.148014440433213,0.011985559566787013
p_2897,t3_33yolt,t1_cqq8ib0,t1_cqpnhfk,0.27906976744186046,0.22167487684729065,0.057394890594569814
p_2898,t3_33y71i,t1_cqpkqw3,t1_cqphhsd,0.23958333333333334,0.26666666666666666,-0.02708333333333332
p_2899,t3_33xvlb,t1_cqpizv2,t1_cqpe1w3,0.1935483870967742,0.2640845070422535,-0.07053611994547931
p_2900,t3_33x4zd,t1_cqq3w8x,t1_cqph109,0.1669449081803005,0.13861386138613863,0.028331046794161874
p_2901,t3_33vwxp,t1_cqp9clo,t1_cqp3iwt,0.21238938053097345,0.13559322033898305,0.0767961601919904
p_2902,t3_33vb7v,t1_cqop50f,t1_cqoq78g,0.1686746987951807,0.12396694214876033,0.04470775664642038
p_2903,t3_33vb7v,t1_cqoqk6x,t1_cqoq78g,0.19117647058823528,0.12396694214876033,0.06720952843947495
p_2906,t3_33t6ee,t1_cqo6dks,t1_cqocdox,0.13541666666666666,0.18181818181818182,-0.046401515151515166
p_2910,t3_33qkee,t1_cqnhkzy,t1_cqnfxbg,0.24719101123595505,0.22535211267605634,0.021838898559898706
p_2911,t3_33odih,t1_cqmwrzp,t1_cqn43qi,0.1784037558685446,0.17094017094017094,0.007463584928373651
p_2912,t3_33odih,t1_cqmx2gy,t1_cqn43qi,0.19658119658119658,0.17094017094017094,0.025641025641025633
p_2914,t3_33m1d7,t1_cqmao20,t1_cqmqlk3,0.2608695652173913,0.10784313725490197,0.15302642796248933
p_2915,t3_33ltmy,t1_cqm3qgs,t1_cqm6tlv,0.1968503937007874,0.21978021978021978,-0.022929826079432364
p_2916,t3_33ltmy,t1_cqm5fmo,t1_cqmj35v,0.22826086956521738,0.2222222222222222,0.006038647342995168
p_2917,t3_33ltmy,t1_cqma7wu,t1_cqmj35v,0.21766561514195584,0.2222222222222222,-0.004556607080266367
p_2918,t3_33ltmy,t1_cqm52oz,t1_cqmjkd0,0.19140625,0.3282442748091603,-0.1368380248091603
p_2919,t3_33ltmy,t1_cqmees1,t1_cqmlryg,0.21122994652406418,0.1976190476190476,0.013610898905016572
p_2920,t3_33ltmy,t1_cqmhim7,t1_cqmlryg,0.21212121212121213,0.1976190476190476,0.014502164502164516
p_2921,t3_33ltmy,t1_cqme4zj,t1_cqmjkd0,0.28205128205128205,0.3282442748091603,-0.04619299275787825
p_2922,t3_33ltmy,t1_cqmf5u4,t1_cqm8bcb,0.1989247311827957,0.30612244897959184,-0.10719771779679615
p_2923,t3_33ltmy,t1_cqmaxor,t1_cqmj35v,0.21635883905013192,0.2222222222222222,-0.005863383172090286
p_2925,t3_33ltmy,t1_cqmgnjb,t1_cqmjkd0,0.20481927710843373,0.3282442748091603,-0.12342499770072657
p_2927,t3_33ky08,t1_cqlv92o,t1_cqm0p5u,0.21568627450980393,0.36923076923076925,-0.15354449472096532
p_2928,t3_33jriw,t1_cqlmafs,t1_cqlrxku,0.17857142857142858,0.16326530612244897,0.015306122448979609
p_2929,t3_33jriw,t1_cqlrjh2,t1_cqlvlpo,0.20353982300884957,0.17054263565891473,0.03299718734993484
p_2930,t3_33gagt,t1_cqknwye,t1_cqkneou,0.1917808219178082,0.10285714285714286,0.08892367906066535
p_2935,t3_33fzqf,t1_cqkkas1,t1_cqkomla,0.11787072243346007,0.20194174757281552,-0.08407102513935545
p_2934,t3_33fzqf,t1_cqkyc6a,t1_cqkomla,0.1206896551724138,0.20194174757281552,-0.08125209240040172
p_2932,t3_33fzqf,t1_cqkmagz,t1_cql6a4m,0.15894039735099338,0.18518518518518517,-0.02624478783419179
p_2933,t3_33fzqf,t1_cqksog6,t1_cql5nf4,0.1,0.1568627450980392,-0.05686274509803921
p_2936,t3_33fvr1,t1_cql32pv,t1_cqkpqqx,0.19505494505494506,0.14814814814814814,0.046906796906796916
p_2937,t3_33f4nn,t1_cqkapdq,t1_cqktzi5,0.153184165232358,0.14556962025316456,0.007614544979193449
p_2938,t3_33d5wv,t1_cqjs9av,t1_cqjqmmc,0.15384615384615385,0.14814814814814814,0.005698005698005715
p_2939,t3_33c9pv,t1_cqjn7rh,t1_cqji5jr,0.145748987854251,0.15555555555555556,-0.009806567701304558
p_2940,t3_33b9np,t1_cqj96fh,t1_cqj9uef,0.14942528735632185,0.17886178861788618,-0.02943650126156433
p_2942,t3_337yvz,t1_cqift17,t1_cqigsgq,0.26153846153846155,0.17894736842105263,0.08259109311740892
p_2943,t3_337yvz,t1_cqigbq2,t1_cqigknb,0.23036649214659685,0.15267175572519084,0.07769473642140601
p_2947,t3_335312,t1_cqhqb8z,t1_cqhmvlk,0.19307589880159787,0.2398989898989899,-0.04682309109739202
p_2948,t3_334q3e,t1_cqhpv4a,t1_cqhioox,0.14344262295081966,0.16037735849056603,-0.016934735539746365
p_2949,t3_333cqy,t1_cqh6yao,t1_cqh6bst,0.21377672209026127,0.22865853658536586,-0.01488181449510459
p_2952,t3_330zv9,t1_cqgjrcd,t1_cqgm5ch,0.14666666666666667,0.15,-0.003333333333333327
p_2953,t3_32yo7o,t1_cqghj8r,t1_cqggpsa,0.19305019305019305,0.16568047337278108,0.027369719677411974
p_2955,t3_32x792,t1_cqfgbx0,t1_cqfhboc,0.1791044776119403,0.12631578947368421,0.052788688138256074
p_2957,t3_32x5bg,t1_cqffwwh,t1_cqfjbx4,0.2474747474747475,0.328,-0.08052525252525253
p_2959,t3_32w62j,t1_cqf8h6r,t1_cqf8ttp,0.25806451612903225,0.2578125,0.0002520161290322509
p_2960,t3_32tuwr,t1_cqekvu6,t1_cqev05z,0.21908127208480566,0.22077922077922077,-0.0016979486944151134
p_2961,t3_32rqew,t1_cqe1or9,t1_cqedg0y,0.17763157894736842,0.2097902097902098,-0.032158630842841374
p_2962,t3_32qem9,t1_cqdngsq,t1_cqdmrey,0.15706806282722513,0.16129032258064516,-0.004222259753420027
p_2963,t3_32nvz9,t1_cqd3dgw,t1_cqdlwp9,0.15827338129496402,0.18181818181818182,-0.023544800523217807
p_2964,t3_32mxxb,t1_cqcq0fj,t1_cqcpdn2,0.211864406779661,0.24752475247524752,-0.035660345695586515
p_2966,t3_32ml8o,t1_cqcp8hx,t1_cqcmdxj,0.1662269129287599,0.12626262626262627,0.039964286666133636
p_2967,t3_32ml8o,t1_cqcmvme,t1_cqcmdxj,0.1693548387096774,0.12626262626262627,0.04309221244705114
p_2969,t3_32kaxa,t1_cqc1ps3,t1_cqbztib,0.16748768472906403,0.13157894736842105,0.035908737360642984
p_2970,t3_32jy1s,t1_cqc7xo9,t1_cqc76t8,0.20192307692307693,0.16842105263157894,0.033502024291497984
p_2972,t3_32jy1s,t1_cqc312r,t1_cqc2knn,0.2112676056338028,0.24193548387096775,-0.030667878237164936
p_2973,t3_32hrcu,t1_cqbf680,t1_cqc157c,0.21568627450980393,0.1518987341772152,0.06378754033258874
p_2974,t3_32hrcu,t1_cqbuas1,t1_cqberet,0.13302752293577982,0.19658119658119658,-0.06355367364541675
p_2975,t3_32hhvc,t1_cqb981l,t1_cqb97nw,0.3125,0.21725239616613418,0.09524760383386582
p_2977,t3_32heuy,t1_cqbcbkl,t1_cqb8b3a,0.18085106382978725,0.16216216216216217,0.018688901667625074
p_2978,t3_32e9dz,t1_cqag1ei,t1_cqaeq9p,0.23,0.23529411764705882,-0.00529411764705881
p_2979,t3_32dzr6,t1_cqabzcm,t1_cqavot8,0.18478260869565216,0.10619469026548672,0.07858791843016544
p_2980,t3_32dzr6,t1_cqabzdy,t1_cqavot8,0.16167664670658682,0.10619469026548672,0.0554819564411001
p_2981,t3_32cuug,t1_cqa2kcg,t1_cqamp4r,0.1657559198542805,0.2,-0.0342440801457195
p_2985,t3_32br6b,t1_cq9r1xc,t1_cq9xojx,0.16705882352941176,0.16535433070866143,0.0017044928207503307
p_2987,t3_3295fa,t1_cq95v66,t1_cq97eov,0.15409309791332262,0.13842482100238662,0.015668276910936002
p_2989,t3_328mdv,t1_cq8wilr,t1_cq8wllc,0.20454545454545456,0.14285714285714285,0.06168831168831171
p_2990,t3_328mdv,t1_cq90btb,t1_cq8xsei,0.16282894736842105,0.2131782945736434,-0.050349347205222356
p_2991,t3_328mdv,t1_cq924w9,t1_cq8wmf8,0.21800947867298578,0.14356435643564355,0.07444512223734223
p_2992,t3_328mdv,t1_cq962cf,t1_cq909zj,0.15714285714285714,0.2598870056497175,-0.10274414850686037
p_2993,t3_328cqj,t1_cq8twul,t1_cq8u7k8,0.2032520325203252,0.1574074074074074,0.045844625112917786
p_2994,t3_328cqj,t1_cq8u123,t1_cq8vtom,0.18285714285714286,0.2631578947368421,-0.08030075187969923
p_2995,t3_328cqj,t1_cq8urjg,t1_cq8uwgb,0.15447154471544716,0.1744186046511628,-0.019947059935715633
p_2996,t3_325owi,t1_cq85rgn,t1_cq85o61,0.26126126126126126,0.1951219512195122,0.06613931004174906
p_2997,t3_324yj6,t1_cq7zfq6,t1_cq8dhwu,0.1420345489443378,0.15680473372781065,-0.014770184783472834
p_2998,t3_3247v7,t1_cq81v9f,t1_cq7q1h2,0.18356997971602435,0.16917293233082706,0.014397047385197287
p_2999,t3_3247v7,t1_cq7rkyr,t1_cq7q1h2,0.1901840490797546,0.16917293233082706,0.021011116748927555
p_3001,t3_321v5o,t1_cq7b3vb,t1_cq75mj1,0.19618528610354224,0.20134228187919462,-0.005156995775652373
p_3004,t3_320ncw,t1_cq6vyp0,t1_cq6qa48,0.18834080717488788,0.16470588235294117,0.023634924821946707
p_3005,t3_320ncw,t1_cq6qbjc,t1_cq7attb,0.21379310344827587,0.18562874251497005,0.02816436093330582
p_3006,t3_320cdd,t1_cq6n5nk,t1_cq6tjhk,0.1076923076923077,0.14951456310679612,-0.04182225541448842
p_3007,t3_320ag4,t1_cq6qvbi,t1_cq73ikh,0.23785166240409208,0.22072072072072071,0.01713094168337137
p_3008,t3_31z0jc,t1_cq6cink,t1_cq6dcu3,0.25139664804469275,0.2,0.05139664804469274
p_3009,t3_31z0jc,t1_cq6elfk,t1_cq6fijn,0.12162162162162163,0.14357682619647355,-0.021955204574851922
p_3010,t3_31y24o,t1_cq6353c,t1_cq69x2n,0.2012779552715655,0.1856060606060606,0.015671894665504893
p_3013,t3_31tru7,t1_cq4z6e3,t1_cq4ypy8,0.1348314606741573,0.16101694915254236,-0.02618548847838506
p_3015,t3_31pc9q,t1_cq3qpv3,t1_cq3pcmq,0.17142857142857143,0.22340425531914893,-0.051975683890577495
p_3016,t3_31p2g2,t1_cq3sydv,t1_cq3oxs7,0.17996108949416342,0.14893617021276595,0.031024919281397473
p_3017,t3_31p0pl,t1_cq3n1ay,t1_cq3nys0,0.16853932584269662,0.1744186046511628,-0.005879278808466171
p_3020,t3_31oejp,t1_cq3gtyk,t1_cq3t550,0.25862068965517243,0.23846153846153847,0.020159151193633956
p_3021,t3_31oejp,t1_cq462r7,t1_cq3zns0,0.20224719101123595,0.18072289156626506,0.02152429944497089
p_3022,t3_31ocvw,t1_cq3fcas,t1_cq3hias,0.16666666666666666,0.16071428571428573,0.005952380952380931
p_3024,t3_31n763,t1_cq339uk,t1_cq33n1j,0.25,0.15328467153284672,0.09671532846715328
p_3026,t3_31m7ag,t1_cq2w03g,t1_cq2v22k,0.18518518518518517,0.16666666666666666,0.018518518518518517
p_3027,t3_31kfkt,t1_cq2ethi,t1_cq38ca1,0.20833333333333334,0.26229508196721313,-0.053961748633879786
p_3028,t3_31kfkt,t1_cq2m1cu,t1_cq2q8ub,0.1706827309236948,0.17573221757322174,-0.005049486649526952
p_3029,t3_31kfkt,t1_cq2iwml,t1_cq2xd07,0.2545454545454545,0.15384615384615385,0.10069930069930066
p_3031,t3_31j4y8,t1_cq2dy2t,t1_cq2seqm,0.2066115702479339,0.175,0.0316115702479339
p_3032,t3_31iyzr,t1_cq20phi,t1_cq241hx,0.22970903522205208,,
p_3033,t3_31iyzr,t1_cq2hqkc,t1_cq2ggm1,0.19318181818181818,0.14545454545454545,0.04772727272727273
p_3034,t3_31extq,t1_cq0xwpm,t1_cq0zj18,0.16447368421052633,0.17894736842105263,-0.014473684210526305
p_3036,t3_319lcf,t1_cpzoe1h,t1_cpzou3x,0.2773722627737226,0.22,0.05737226277372262
p_3038,t3_317c4q,t1_cpz4dkk,t1_cq08xc2,0.16533333333333333,0.128,0.03733333333333333
p_3039,t3_316t8m,t1_cpz81dp,t1_cpz1tm8,0.21724137931034482,0.24793388429752067,-0.03069250498717585
p_3043,t3_30zgez,t1_cpx91x7,t1_cpx8d30,0.1574074074074074,0.15217391304347827,0.005233494363929142
p_3046,t3_30uf3s,t1_cpvyas0,t1_cpvxc6j,0.20761245674740483,0.2608695652173913,-0.053257108469986464
p_3047,t3_30rmk0,t1_cpv7mht,t1_cpv6fnx,0.20869565217391303,0.3548387096774194,-0.14614305750350634
p_3048,t3_30rk8b,t1_cpv5sfc,t1_cpvae5t,0.1346153846153846,0.2289156626506024,-0.09430027803521779
p_3051,t3_30plxu,t1_cpumi9h,t1_cpv3rnn,0.21227621483375958,0.2372093023255814,-0.024933087491821826
p_3052,t3_30plxu,t1_cpusr84,t1_cpvc5cu,0.25,0.20408163265306123,0.04591836734693877
p_3053,t3_30piom,t1_cpuvrbx,t1_cpuk6e9,0.1935483870967742,0.18493150684931506,0.00861688024745913
p_3054,t3_30piom,t1_cpukcf7,t1_cpuk6e9,0.1839080459770115,0.18493150684931506,-0.0010234608723035665
p_3055,t3_30oi71,t1_cpudcxf,t1_cpuhqza,0.26174496644295303,0.24347826086956523,0.018266705573387804
p_3056,t3_30oi71,t1_cpudthh,t1_cpuin82,0.2109004739336493,0.22348484848484848,-0.012584374551199179
p_3057,t3_30oi71,t1_cpufpbf,t1_cpuh9jr,0.16502463054187191,0.16666666666666666,-0.0016420361247947435
p_3058,t3_30oi71,t1_cpumucv,t1_cpubj6z,0.1450381679389313,0.19811320754716982,-0.05307503960823853
p_3059,t3_30nwta,t1_cpu5jus,t1_cpufh76,0.0851063829787234,0.176,-0.09089361702127659
p_3060,t3_30lwfn,t1_cptlz3s,t1_cpu097g,0.16176470588235295,0.08823529411764706,0.07352941176470588
p_3061,t3_30kxn3,t1_cptgjwa,t1_cptkn0r,0.16143497757847533,0.17777777777777778,-0.016342800199302454
p_3062,t3_30kxn3,t1_cpud2ds,t1_cpuj9yz,0.19289340101522842,0.18382352941176472,0.009069871603463703
p_3064,t3_30ikr2,t1_cpssgy6,t1_cpstqu7,0.18333333333333332,0.1794871794871795,0.0038461538461538325
p_3066,t3_30ijtn,t1_cpsuz6r,t1_cptjxj0,0.17488789237668162,0.2147239263803681,-0.03983603400368649
p_3067,t3_30ijtn,t1_cpsvg1e,t1_cpt2lkh,0.18781725888324874,0.2222222222222222,-0.03440496333897347
p_3069,t3_30ieon,t1_cpspikm,t1_cpspmsa,0.20430107526881722,0.3142857142857143,-0.10998463901689706
p_3070,t3_30ieon,t1_cpsqhcv,t1_cpsr9x0,0.21518987341772153,0.17073170731707318,0.044458166100648344
p_3071,t3_30ieon,t1_cpsq3bq,t1_cpsptk3,0.2375,0.25418060200668896,-0.01668060200668897
p_3072,t3_30ieon,t1_cpssq8c,t1_cpsr9x0,0.1917808219178082,0.17073170731707318,0.021049114600735025
p_3073,t3_30ieh0,t1_cpss8ht,t1_cpsq8hn,0.16393442622950818,0.1643835616438356,-0.0004491354143274229
p_3074,t3_30dwuy,t1_cprwysn,t1_cprwrn8,0.1792573623559539,0.14285714285714285,0.03640021949881106
p_3075,t3_30dwuy,t1_cprim4b,t1_cpris3v,0.20408163265306123,0.20689655172413793,-0.002814919071076699
p_3076,t3_30dwuy,t1_cps4x4a,t1_cprittq,0.21904761904761905,0.24691358024691357,-0.02786596119929452
p_3077,t3_30dn4s,t1_cpri1a1,t1_cprghef,0.14678899082568808,0.25888324873096447,-0.11209425790527638
p_3078,t3_30dc3y,t1_cpreini,t1_cprdlqm,0.20463320463320464,0.16363636363636364,0.040996840996841005
p_3079,t3_30dc3y,t1_cprho0c,t1_cprczq0,0.19021739130434784,0.23595505617977527,-0.045737664875427436
p_3080,t3_30bmbr,t1_cpqwrqy,t1_cpqwt64,0.2088607594936709,0.24806201550387597,-0.03920125601020508
p_3081,t3_30bmbr,t1_cpqx53s,t1_cpsdnqv,0.24390243902439024,0.22950819672131148,0.014394242303078758
p_3082,t3_30bmbr,t1_cpr9rhs,t1_cpr0he2,0.17142857142857143,0.2512820512820513,-0.07985347985347985
p_3083,t3_30bmbr,t1_cprfcjr,t1_cpr0he2,0.2230769230769231,0.2512820512820513,-0.028205128205128188
p_3084,t3_30bmbr,t1_cpqx6q7,t1_cpr0he2,0.26811594202898553,0.2512820512820513,0.016833890746934255
p_3085,t3_30bmbr,t1_cpqxz84,t1_cpr0he2,0.2846153846153846,0.2512820512820513,0.033333333333333326
p_3086,t3_30bmbr,t1_cpqwxxi,t1_cpr0he2,0.20588235294117646,0.2512820512820513,-0.04539969834087482
p_3087,t3_30addl,t1_cpqlm0n,t1_cpqmxt8,0.2013888888888889,0.23157894736842105,-0.030190058479532156
p_3088,t3_30abxj,t1_cpql1jr,t1_cpqkw2q,0.22085889570552147,0.2692307692307692,-0.048371873525247744
p_3089,t3_30a5zk,t1_cpqjney,t1_cpqkg7f,0.16101694915254236,0.15853658536585366,0.0024803637866886996
p_3090,t3_309gc1,t1_cpr1ni1,t1_cpqcrp3,0.1767857142857143,0.16809116809116809,0.00869454619454621
p_3091,t3_309bvo,t1_cpqqtlm,t1_cpqbaln,0.2127659574468085,0.19070904645476772,0.022056910992040796
p_3093,t3_306owt,t1_cppof4n,t1_cpq6ae3,0.26285714285714284,0.23853211009174313,0.024325032765399712
p_3094,t3_306o9o,t1_cpq1gb9,t1_cpqt20q,0.1791044776119403,0.19736842105263158,-0.018263943440691294
p_3095,t3_306jm9,t1_cppkm2t,t1_cppkw7s,0.2923076923076923,0.1288888888888889,0.16341880341880344
p_3096,t3_306b19,t1_cppjkxe,t1_cppv03t,0.17737003058103976,0.19343065693430658,-0.016060626353266827
p_3097,t3_306b19,t1_cppt43v,t1_cppiyoy,0.08860759493670886,0.16560509554140126,-0.0769975006046924
p_3098,t3_305ejo,t1_cppptb8,t1_cppbmsd,0.23163841807909605,0.16891891891891891,0.06271949916017713
p_3099,t3_304vk8,t1_cpp4467,t1_cpp4mqn,0.23381294964028776,0.22972972972972974,0.004083219910558017
p_3100,t3_304vk8,t1_cpp57rx,t1_cpp6nth,0.16095890410958905,0.21008403361344538,-0.049125129503856335
p_3102,t3_304vk8,t1_cpp5fv2,t1_cppe5uc,0.25517241379310346,0.13861386138613863,0.11655855240696483
p_3104,t3_304nx9,t1_cpp3be4,t1_cppcie7,0.22666666666666666,0.2742857142857143,-0.047619047619047644
p_3105,t3_302atl,t1_cponldu,t1_cpogvf1,0.13894736842105262,0.1956521739130435,-0.05670480549199086
p_3106,t3_302atl,t1_cpom4hm,t1_cpoj5rs,0.20348837209302326,0.16129032258064516,0.0421980495123781
p_3107,t3_301n6h,t1_cpolqex,t1_cpoikva,0.1650485436893204,0.16195372750642673,0.0030948161828936727
p_3108,t3_301aim,t1_cpo9ccq,t1_cpoaljq,0.18711018711018712,0.14473684210526316,0.04237334500492396
p_3109,t3_300pmw,t1_cpo5gbr,t1_cpo0aso,0.1825,0.18064516129032257,0.0018548387096774255
p_3110,t3_30059g,t1_cpo18q6,t1_cpo1wjy,0.1850828729281768,0.22794117647058823,-0.042858303542411436
p_3111,t3_30059g,t1_cpo9jne,t1_cppa1ar,0.16857142857142857,0.20430107526881722,-0.03572964669738865
p_3113,t3_3002wd,t1_cpnx795,t1_cpo9jc4,0.19504643962848298,0.13725490196078433,0.05779153766769865
p_3115,t3_2zxa1c,t1_cpn5f5x,t1_cpn5ksl,0.2196969696969697,0.2079207920792079,0.011776177617761785
p_3117,t3_2zwjql,t1_cpmyqyw,t1_cpmyrsa,0.18222222222222223,0.1643192488262911,0.017902973395931138
p_3118,t3_2zpo9g,t1_cpl6qj2,t1_cplbwrd,0.20207253886010362,0.22,-0.017927461139896378
p_3122,t3_2zpo9g,t1_cpl8ybn,t1_cpl4rwr,0.18867924528301888,0.1903114186851211,-0.0016321734021022272
p_3123,t3_2zpo9g,t1_cplrjw9,t1_cpl4rwr,0.1676829268292683,0.1903114186851211,-0.022628491855852806
p_3119,t3_2zpo9g,t1_cpl854i,t1_cpl7tlw,0.17573221757322174,0.14084507042253522,0.034887147150686526
p_3121,t3_2zpo9g,t1_cpl8iis,t1_cplq1xf,0.1756007393715342,0.19218241042345277,-0.016581671051918573
p_3124,t3_2zp1g2,t1_cpkyv4o,t1_cpl0p62,0.20481927710843373,0.29069767441860467,-0.08587839731017094
p_3125,t3_2zow2m,t1_cpl22pp,t1_cpkxsis,0.16083445491251683,0.19544846050870146,-0.03461400559618463
p_3126,t3_2znn1r,t1_cpkp3j2,t1_cpkoqed,0.19875776397515527,0.21103117505995203,-0.012273411084796765
p_3127,t3_2zlzlv,t1_cpk8hwi,t1_cpk6a3p,0.22,0.17582417582417584,0.04417582417582416
p_3128,t3_2zlzlv,t1_cpk93ep,t1_cpk6a3p,0.1722560975609756,0.17582417582417584,-0.0035680782632002417
p_3129,t3_2zkscb,t1_cpjt71i,t1_cpjth0r,0.2545454545454545,0.21348314606741572,0.041062308478038795
p_3130,t3_2zke3b,t1_cpjq913,t1_cpktfa4,0.1509433962264151,0.13793103448275862,0.01301236174365647
p_3131,t3_2zj7ra,t1_cpjeo7s,t1_cpjezx4,0.2558139534883721,0.2723404255319149,-0.016526472043542795
p_3132,t3_2zivuy,t1_cpjd5bs,t1_cpjkvlu,0.183206106870229,0.2645161290322581,-0.08131002216202907
p_3135,t3_2ziiud,t1_cpjgxr8,t1_cpjahut,0.1624548736462094,0.16666666666666666,-0.004211793020457266
p_3138,t3_2zi3o2,t1_cpj9uww,t1_cpj94l8,0.17282608695652174,0.23508771929824562,-0.06226163234172388
p_3139,t3_2zhhcc,t1_cpixs4l,t1_cpiyfa2,0.1712962962962963,0.14553990610328638,0.02575639019300993
p_3141,t3_2zhhcc,t1_cpj0ejq,t1_cpiyco1,0.22660098522167488,0.1276595744680851,0.09894141075358978
p_3140,t3_2zhhcc,t1_cpizz9m,t1_cpiyxlc,0.17679558011049723,0.1510791366906475,0.025716443419849744
p_3143,t3_2zhaim,t1_cpix9ia,t1_cpivskg,0.11979166666666667,0.13372093023255813,-0.013929263565891456
p_3144,t3_2zgvgy,t1_cpissdd,t1_cpirsph,0.1346153846153846,0.11320754716981132,0.021407837445573286
p_3145,t3_2zgowg,t1_cpiuav4,t1_cpiq1oq,0.21935483870967742,0.21052631578947367,0.008828522920203752
p_3146,t3_2zgndx,t1_cpiqn17,t1_cpj5r70,0.1743119266055046,0.18548387096774194,-0.01117194436223734
p_3149,t3_2zgan1,t1_cpiqsg0,t1_cpimxfr,0.15234375,0.12154696132596685,0.030796788674033154
p_3150,t3_2zflih,t1_cpih4fg,t1_cpih5fr,0.2233502538071066,0.25,-0.026649746192893398
p_3152,t3_2zejsa,t1_cpi6gay,t1_cpi6o6i,0.1267605633802817,0.2746478873239437,-0.147887323943662
p_3154,t3_2zdsjs,t1_cpidnuu,t1_cphz7yi,0.13089005235602094,0.2222222222222222,-0.09133216986620127
p_3155,t3_2zdsjs,t1_cpiftnl,t1_cpi0g46,0.18813314037626627,0.18082788671023964,0.007305253666026634
p_3156,t3_2zdhff,t1_cphy235,t1_cphw99k,0.1674641148325359,0.1518987341772152,0.015565380655320704
p_3158,t3_2zaqct,t1_cph7lsp,t1_cph6x3y,0.2019704433497537,0.14788732394366197,0.05408311940609173
p_3160,t3_2z2msj,t1_cpfd4uy,t1_cpf7g2a,0.18951612903225806,0.2108626198083067,-0.021346490776048638
p_3161,t3_2z2e9y,t1_cpf2whk,t1_cpf8cro,0.20603015075376885,0.17307692307692307,0.032953227676845775
p_3162,t3_2z1yoq,t1_cpezn48,t1_cpezlhg,0.16703786191536749,0.19921875,-0.032180888084632514
p_3163,t3_2z1yoq,t1_cpf0qg3,t1_cpezlhg,0.20212765957446807,0.19921875,0.0029089095744680715
p_3164,t3_2z0k1s,t1_cpeslkw,t1_cpeslxz,0.18018018018018017,0.1553398058252427,0.024840374354937467
p_3167,t3_2ywkr1,t1_cpdxs52,t1_cpdmm80,0.2057142857142857,0.13157894736842105,0.07413533834586467
p_3168,t3_2ytkfu,t1_cpcu8rh,t1_cpd1eku,0.21621621621621623,0.2222222222222222,-0.006006006006005982
p_3169,t3_2ytkfu,t1_cpctmwq,t1_cpcxopb,0.19480519480519481,0.20481927710843373,-0.010014082303238914
p_3170,t3_2yszp3,t1_cpcsn2z,t1_cpcuf7e,0.1707920792079208,0.18584070796460178,-0.015048628756680976
p_3171,t3_2yrv0y,t1_cpcgnrg,t1_cpced64,0.1377049180327869,0.17304189435336975,-0.03533697632058286
p_3172,t3_2yrv0y,t1_cpcjpjf,t1_cpced64,0.1509433962264151,0.17304189435336975,-0.022098498126954663
p_3174,t3_2yrv0y,t1_cpclzng,t1_cpced64,0.23333333333333334,0.17304189435336975,0.060291438979963585
p_3173,t3_2yrv0y,t1_cpcjvrd,t1_cpcgmdh,0.1048951048951049,0.14925373134328357,-0.04435862644817867
p_3175,t3_2yrog1,t1_cpcgl5a,t1_cpch611,0.15261958997722094,0.1724137931034483,-0.019794203126227344
p_3177,t3_2yrgi3,t1_cpcaxrs,t1_cpcbda3,0.21705426356589147,0.22115384615384615,-0.0040995825879546754
p_3178,t3_2yp08w,t1_cpblyoq,t1_cpbm3vx,0.2608695652173913,0.1588785046728972,0.10199106054449411
p_3179,t3_2yowak,t1_cpbktny,t1_cpbk5kw,0.125,0.18867924528301888,-0.06367924528301888
p_3181,t3_2yo9nm,t1_cpbgpkf,t1_cpbjpt4,0.16046511627906976,0.17801047120418848,-0.017545354925118717
p_3182,t3_2yo9k1,t1_cpbhs8l,t1_cpberxa,0.19784656796769853,0.18840579710144928,0.009440770866249254
p_3184,t3_2ymgjr,t1_cpax7jo,t1_cpax3xp,0.16483516483516483,0.16666666666666666,-0.001831501831501825
p_3186,t3_2ylpc2,t1_cparq20,t1_cpbnfyg,0.12863070539419086,0.13636363636363635,-0.007732930969445495
p_3187,t3_2ylpc2,t1_cpb3atq,t1_cpb6ctl,0.24279835390946503,0.15342465753424658,0.08937369637521844
p_3188,t3_2ylpc2,t1_cpbibr5,t1_cpas8xx,0.1076923076923077,0.2695035460992908,-0.16181123840698308
p_3190,t3_2yjfmh,t1_cpa36dq,t1_cpa3an8,0.12669683257918551,0.08928571428571429,0.03741111829347123
p_3191,t3_2yiq39,t1_cpa9xce,t1_cpa631o,0.14018691588785046,0.2152777777777778,-0.07509086188992734
p_3192,t3_2yf7qq,t1_cp99lvc,t1_cp93f2r,0.20880149812734083,0.20276497695852536,0.0060365211688154785
p_3193,t3_2yd5o8,t1_cp8vpwz,t1_cp958ck,0.17559262510974538,0.21243523316062177,-0.036842608050876385
p_3195,t3_2ybbix,t1_cp82nwy,t1_cp82f52,0.23732718894009217,0.16923076923076924,0.06809641970932293
p_3197,t3_2y7emy,t1_cp7dtp8,t1_cp6zfsl,0.2619047619047619,0.24603174603174602,0.0158730158730159
p_3198,t3_2y3ey0,t1_cp602x0,t1_cp5xnrf,0.1206896551724138,0.10869565217391304,0.011994002998500758
p_3200,t3_2y2x3h,t1_cp7ahf4,t1_cp5u0ky,0.18,0.16009852216748768,0.01990147783251231
p_3202,t3_2y1qef,t1_cp5gz36,t1_cp5f7p9,0.17391304347826086,0.1419141914191419,0.031998852059118954
p_3203,t3_2y1qef,t1_cp5grqp,t1_cp5h19u,0.1958762886597938,0.17679558011049723,0.019080708549296582
p_3206,t3_2xucsd,t1_cp3kg1w,t1_cp40o0d,0.17964071856287425,0.2571428571428571,-0.07750213857998287
p_3209,t3_2xrgw2,t1_cp37nug,t1_cp2vkvv,0.2454212454212454,0.3523809523809524,-0.106959706959707
p_3210,t3_2xrgw2,t1_cp37f33,t1_cp2xn1u,0.2644927536231884,0.1949685534591195,0.0695242001640689
p_3213,t3_2xmiyf,t1_cp1j8w5,t1_cp1iumq,0.15714285714285714,0.15384615384615385,0.003296703296703285
p_3214,t3_2xmiyf,t1_cp1jnin,t1_cp1g0ku,0.08045977011494253,0.14285714285714285,-0.06239737274220032
p_3215,t3_2xlisq,t1_cp1abkg,t1_cp1754z,0.14666666666666667,0.20444444444444446,-0.05777777777777779
p_3216,t3_2xl4rw,t1_cp15lwr,t1_cp11sf7,0.1284153005464481,0.16393442622950818,-0.03551912568306009
p_3218,t3_2xi4wd,t1_cp0ef5z,t1_cp0slmn,0.20238095238095238,0.2361111111111111,-0.03373015873015872
p_3219,t3_2xi4wd,t1_cp0fl3c,t1_cp0bc52,0.211340206185567,0.18018018018018017,0.031160026005386837
p_3220,t3_2xi4wd,t1_cp0t5wj,t1_cp0kyaf,0.2765957446808511,0.2112676056338028,0.06532813904704826
p_3222,t3_2xhx6v,t1_cp0bt5j,t1_cp08ljs,0.09615384615384616,0.11428571428571428,-0.018131868131868123
p_3224,t3_2xdq2l,t1_coz8sbl,t1_coz76r3,0.17567567567567569,0.13008130081300814,0.04559437486266754
p_3230,t3_2x8z4g,t1_coxy4hg,t1_coxyxff,0.18032786885245902,0.23430962343096234,-0.05398175457850332
p_3231,t3_2x8z4g,t1_coy04h5,t1_coy2j1k,0.23333333333333334,0.22535211267605634,0.007981220657276994
p_3232,t3_2x8d5x,t1_coxvk7s,t1_coxt9pp,0.20689655172413793,0.1953125,0.011584051724137928
p_3233,t3_2x854p,t1_coxwtm2,t1_coy1knj,0.20413122721749696,0.1761786600496278,0.027952567167869175
p_3234,t3_2x854p,t1_coxtndh,t1_coy1knj,0.16252821670428894,0.1761786600496278,-0.013650443345338853
p_3235,t3_2x5tun,t1_coxelmy,t1_coxhqfc,0.16292134831460675,0.1463917525773196,0.016529595737287156
p_3241,t3_2x3mqe,t1_cown511,t1_cox3bqe,0.2634730538922156,0.25773195876288657,0.005741095129329021
p_3244,t3_2wzag2,t1_covh1ws,t1_covh7lg,0.28272251308900526,0.25287356321839083,0.029848949870614427
p_3245,t3_2wwm6s,t1_cousnad,t1_couzrzu,0.11898016997167139,0.18196994991652754,-0.06298977994485615
p_3246,t3_2wwm6s,t1_cov25ri,t1_couwhek,0.18632075471698112,0.18888888888888888,-0.0025681341719077655
p_3247,t3_2wwm6s,t1_covr47l,t1_covi6v6,0.2430406852248394,0.20041753653444677,0.04262314869039263
p_3248,t3_2ww2gf,t1_coumecu,t1_coupssh,0.17258883248730963,0.2442528735632184,-0.07166404107590876
p_3249,t3_2ww2gf,t1_coumzr3,t1_coun5bz,0.2469879518072289,0.19791666666666666,0.04907128514056225
p_3250,t3_2ww2gf,t1_coupfz0,t1_counjd7,0.20270270270270271,0.21100917431192662,-0.008306471609223903
p_3252,t3_2wtckq,t1_cotyhdv,t1_cotxl7k,0.22826086956521738,0.21212121212121213,0.01613965744400525
p_3253,t3_2wtckq,t1_coty9wt,t1_cotxl7k,0.15894039735099338,0.21212121212121213,-0.05318081477021874
p_3251,t3_2wtckq,t1_coty7wj,t1_cotxl7k,0.047619047619047616,0.21212121212121213,-0.1645021645021645
p_3256,t3_2wspy2,t1_cots6nh,t1_cotul63,0.18994413407821228,0.2545454545454545,-0.06460132046724223
p_3257,t3_2wspy2,t1_cotrm84,t1_cou6ocd,0.1791907514450867,0.16666666666666666,0.012524084778420042
p_3258,t3_2wspy2,t1_cotslxs,t1_cotul63,0.19322033898305085,0.2545454545454545,-0.061325115562403665
p_3259,t3_2wspy2,t1_cou8if8,t1_cottxbc,0.21808510638297873,0.16352201257861634,0.05456309380436239
p_3262,t3_2wl741,t1_cos0ngi,t1_corvz2b,0.11776447105788423,0.06060606060606061,0.05715841045182363
p_3263,t3_2wj2qe,t1_corgf7j,t1_corcu44,0.17857142857142858,0.1871345029239766,-0.008563074352548022
p_3265,t3_2wgq7w,t1_coqolb4,t1_coqta6c,0.11851851851851852,0.1680161943319838,-0.049497675813465286
p_3266,t3_2wfe25,t1_coqawpy,t1_coqc7s9,0.17006802721088435,0.16071428571428573,0.009353741496598622
p_3267,t3_2wf11t,t1_coq7vrq,t1_coq82am,0.14,0.14814814814814814,-0.008148148148148127
p_3268,t3_2wf11t,t1_corlylz,t1_coq82am,0.23423423423423423,0.14814814814814814,0.08608608608608609
p_3270,t3_2wcx6l,t1_copog5z,t1_copo9fg,0.1651376146788991,0.25203252032520324,-0.08689490564630414
p_3271,t3_2wcx6l,t1_copowc4,t1_copoa4v,0.20058997050147492,0.18181818181818182,0.0187717886832931
p_3272,t3_2wcx6l,t1_copq0ro,t1_copo9fg,0.22966507177033493,0.25203252032520324,-0.022367448554868302
p_3273,t3_2wc5yt,t1_copid03,t1_copia1s,0.1657142857142857,0.1843137254901961,-0.018599439775910387
p_3274,t3_2wb845,t1_copm7s7,t1_copoz9h,0.2375,0.23026315789473684,0.007236842105263153
p_3275,t3_2w73vi,t1_coo9czm,t1_coo5eto,0.17131474103585656,0.27586206896551724,-0.10454732792966068
p_3276,t3_2w5ycw,t1_conwntb,t1_coo1wjv,0.23616236162361623,0.14444444444444443,0.0917179171791718
p_3279,t3_2w51ti,t1_conqpc0,t1_conu1n5,0.25236593059936907,0.19665271966527198,0.05571321093409709
p_3282,t3_2w4u2j,t1_conpvd6,t1_coo2owl,0.1810344827586207,0.1743119266055046,0.006722556153116094
p_3283,t3_2w4etw,t1_conlvbr,t1_conk598,0.17415730337078653,0.1975806451612903,-0.023423341790503788
p_3284,t3_2w4e2u,t1_conpgz6,t1_conybza,0.21256684491978609,0.17665615141955837,0.035910693500227714
p_3285,t3_2w0xan,t1_comot8c,t1_comm43e,0.09615384615384616,0.12307692307692308,-0.026923076923076925
p_3287,t3_2vzx7m,t1_comdev9,t1_comd7eb,0.16183574879227053,0.14746543778801843,0.014370311004252095
p_3288,t3_2vxtol,t1_colviyq,t1_com0vy0,0.18947368421052632,0.1424802110817942,0.046993473128732116
p_3289,t3_2vxd18,t1_com8usv,t1_colq917,0.18618618618618618,0.2457627118644068,-0.05957652567822061
p_3290,t3_2vxd18,t1_colwsdb,t1_colrkuv,0.23790322580645162,0.25,-0.012096774193548376
p_3291,t3_2vwn9m,t1_colkgfu,t1_coljf0b,0.19269102990033224,0.2072072072072072,-0.014516177306874961
p_3295,t3_2vtswv,t1_cokxnxq,t1_cokvvwj,0.16455696202531644,0.28846153846153844,-0.12390457643622199
p_3299,t3_2vnyz6,t1_cojodl0,t1_cojlnsv,0.14792899408284024,0.14666666666666667,0.0012623274161735754
p_3300,t3_2vmfvq,t1_coj80q1,t1_coj81nh,0.24,0.14285714285714285,0.09714285714285714
p_3301,t3_2vks7u,t1_coilce0,t1_coijwtu,0.24383561643835616,0.2748091603053435,-0.030973543866987363
p_3303,t3_2vks7u,t1_coitx3o,t1_coin5gm,0.2877906976744186,0.22857142857142856,0.05921926910299005
p_3304,t3_2vks7u,t1_cojb022,t1_coiskjc,0.23376623376623376,0.26666666666666666,-0.0329004329004329
p_3305,t3_2vhhar,t1_cohoh2a,t1_cohtbiq,0.16831683168316833,0.2543103448275862,-0.08599351314441786
p_3307,t3_2vhgab,t1_cohtk17,t1_cohodzj,0.18435754189944134,0.15306122448979592,0.03129631740964542
p_3308,t3_2vgfjl,t1_cohjcql,t1_cohe4zu,0.23684210526315788,0.22608695652173913,0.010755148741418752
p_3309,t3_2vfdjb,t1_coh87xk,t1_coihv1q,0.22702702702702704,0.2857142857142857,-0.05868725868725866
p_3310,t3_2vcz0j,t1_cogkf1c,t1_cogkxsx,0.19383259911894274,0.19471947194719472,-0.0008868728282519778
p_3311,t3_2vc9nj,t1_cogd61z,t1_cogex21,0.08633093525179857,0.19339622641509435,-0.10706529116329579
p_3312,t3_2vb7n1,t1_cog7zan,t1_cojqi77,0.1683673469387755,0.18563922942206654,-0.017271882483291034
p_3313,t3_2vayhb,t1_cog0004,t1_cog18c4,0.18106995884773663,0.15879828326180256,0.02227167558593407
p_3317,t3_2v54ba,t1_coeixh4,t1_coemcyd,0.14358974358974358,0.17121588089330025,-0.027626137303556675
p_3320,t3_2v54ba,t1_coeiwgf,t1_coeno30,0.14285714285714285,0.25,-0.10714285714285715
p_3321,t3_2v4vs4,t1_coeisbz,t1_coenx4c,0.16783216783216784,0.14885496183206107,0.018977206000106772
p_3322,t3_2v3dbt,t1_coeuya9,t1_coe54na,0.1636828644501279,0.2138157894736842,-0.05013292502355632
p_3323,t3_2v3b2v,t1_coe2hj4,t1_coe3kad,0.2391304347826087,0.12598425196850394,0.11314618281410477
p_3324,t3_2v3b2v,t1_coe3dx6,t1_coe41ib,0.16798418972332016,0.17088607594936708,-0.0029018862260469236
p_3326,t3_2uzgtq,t1_coda73s,t1_codi9w9,0.12290502793296089,0.13414634146341464,-0.011241313530453753
p_3327,t3_2uyf2j,t1_cocy4sv,t1_cocts31,0.19658119658119658,0.33986928104575165,-0.14328808446455507
p_3328,t3_2uyc2l,t1_codgr1k,t1_cod6jiu,0.19635343618513323,0.22863741339491916,-0.03228397720978593
p_3330,t3_2uudze,t1_cobt14z,t1_cobzyv2,0.1569390402075227,0.16825396825396827,-0.011314928046445571
p_3331,t3_2utwnf,t1_cobnk6q,t1_cobujy3,0.11926605504587157,0.14173228346456693,-0.02246622841869536
p_3335,t3_2uocbs,t1_coa6e3k,t1_coa6g1k,0.14802631578947367,0.18090452261306533,-0.03287820682359166
p_3339,t3_2unn7n,t1_coa4d4b,t1_co9zgj7,0.18471337579617833,0.2054794520547945,-0.02076607625861618
p_3341,t3_2unkg9,t1_co9z0gg,t1_coa3lkt,0.18181818181818182,0.19,-0.008181818181818179
p_3342,t3_2unkg9,t1_coadcvv,t1_coaqczi,0.15656565656565657,0.17901234567901234,-0.02244668911335576
p_3343,t3_2unhtm,t1_coaivyc,t1_coajh6t,0.2111111111111111,0.2,0.0111111111111111
p_3344,t3_2umw9b,t1_co9t3iu,t1_co9sw89,0.18292682926829268,0.2490974729241877,-0.06617064365589503
p_3345,t3_2umw9b,t1_coa4zj9,t1_co9sudq,0.21794871794871795,0.26993865030674846,-0.05198993235803051
p_3346,t3_2ul1df,t1_co9kcnl,t1_co9c0rj,0.21428571428571427,0.21,0.004285714285714282
p_3347,t3_2uk6fx,t1_co94y3l,t1_co9o182,0.12546125461254612,0.10824742268041238,0.017213831932133744
p_3348,t3_2uk6fx,t1_co9423q,t1_co98hm4,0.17880794701986755,0.13297872340425532,0.04582922361561223
p_3349,t3_2ujo2u,t1_co9an3h,t1_co98y0r,0.15853658536585366,0.1326530612244898,0.025883524141363856
p_3352,t3_2uj4yv,t1_co9ncgk,t1_co8y43y,0.1945578231292517,0.21178343949044587,-0.017225616361194157
p_3353,t3_2uiin1,t1_co8sei3,t1_co8ond6,0.2222222222222222,0.2619047619047619,-0.03968253968253971
p_3354,t3_2uid44,t1_co8o0es,t1_co8s8kd,0.14659685863874344,0.21875,-0.07215314136125656
p_3358,t3_2ug2wi,t1_co82vuw,t1_co834w1,0.3389830508474576,0.2631578947368421,0.07582515611061552
p_3360,t3_2ucr50,t1_co7790p,t1_co77bgv,0.14084507042253522,0.225,-0.08415492957746479
p_3362,t3_2ubt5m,t1_co75rce,t1_co70e85,0.15384615384615385,0.1574074074074074,-0.003561253561253558
p_3363,t3_2ubl1z,t1_co6xfgb,t1_co70me4,0.14035087719298245,0.1625,-0.022149122807017557
p_3364,t3_2ubbe0,t1_co73l5g,t1_co6tosu,0.11949685534591195,0.08333333333333333,0.03616352201257862
p_3367,t3_2u8qcj,t1_co67jc2,t1_co670vd,0.2073170731707317,0.1885245901639344,0.018792483006797284
p_3368,t3_2u8hi5,t1_co65nrh,t1_co69ood,0.2683982683982684,0.2381635581061693,0.03023471029209912
p_3369,t3_2u7z7v,t1_co5yytr,t1_co63mr3,0.1391304347826087,0.12380952380952381,0.015320910973084884
p_3371,t3_2u7i4q,t1_co62evd,t1_co5xcqu,0.22395833333333334,0.20202020202020202,0.021938131313131326
p_3374,t3_2u460b,t1_co4yacj,t1_co5wbvc,0.1286549707602339,0.14728682170542637,-0.018631850945192457
p_3376,t3_2u2fpm,t1_co4ivor,t1_co4n7du,0.22950819672131148,0.25149700598802394,-0.021988809266712456
p_3377,t3_2u2fpm,t1_co4qgkz,t1_co4iks0,0.2857142857142857,0.20833333333333334,0.07738095238095236
p_3378,t3_2u1s4k,t1_co4efyx,t1_co5t3kb,0.10112359550561797,0.28695652173913044,-0.18583292623351247
p_3379,t3_2tz5od,t1_co3mhs2,t1_co3mqwu,0.18823529411764706,0.28421052631578947,-0.09597523219814241
p_3381,t3_2txwe7,t1_co3hzuu,t1_co3b93t,0.2876712328767123,0.20454545454545456,0.08312577833125775
p_3384,t3_2tquws,t1_co1i3vy,t1_co1iyez,0.18292682926829268,0.1935483870967742,-0.01062155782848151
p_3385,t3_2tpl0x,t1_co1i4k5,t1_co16br0,0.2057057057057057,0.21362229102167182,-0.007916585315966118
p_3387,t3_2tn8qu,t1_co0jf5s,t1_co11da9,0.16828929068150209,0.17110266159695817,-0.0028133709154560815
p_3389,t3_2tlyzs,t1_co0mpip,t1_co0gu67,0.21052631578947367,0.132013201320132,0.07851311446934167
p_3388,t3_2tlyzs,t1_co15kpv,t1_co0httm,0.1643192488262911,0.18115942028985507,-0.01684017146356398
p_3390,t3_2tj4pv,t1_cnzy3ou,t1_cnzjggb,0.14666666666666667,0.1,0.04666666666666666
p_3391,t3_2tiipu,t1_cnzc4fs,t1_cnzca9l,0.15625,0.2,-0.04375000000000001
p_3392,t3_2tf0y4,t1_cnz5c7v,t1_cnz2826,0.15384615384615385,0.2545454545454545,-0.10069930069930066
p_3393,t3_2teulf,t1_cnyf7vq,t1_cnyyfu0,0.21865889212827988,0.16923076923076924,0.04942812289751064
p_3394,t3_2tet25,t1_cnye2j4,t1_cnydh7a,0.1880597014925373,0.19157088122605365,-0.003511179733516334
p_3395,t3_2tet25,t1_cnyfwsr,t1_cnygkjb,0.16358839050131926,0.1944922547332186,-0.030903864231899336
p_3397,t3_2tekkp,t1_cnyd3k9,t1_cnzrdgm,0.16062176165803108,0.09259259259259259,0.06802916906543849
p_3398,t3_2td8d4,t1_cny8efd,t1_cny3yi2,0.1791044776119403,0.12738853503184713,0.051715942580093155
p_3399,t3_2tct9j,t1_cny4adc,t1_cnxvd59,0.18333333333333332,0.21450151057401812,-0.031168177240684797
p_3400,t3_2tct9j,t1_cny4b3k,t1_cnxvd59,0.17341040462427745,0.21450151057401812,-0.041091105949740664
p_3402,t3_2t6ote,t1_cnw8hwh,t1_cnwnwz0,0.18064516129032257,0.20722891566265061,-0.026583754372328045
p_3403,t3_2t6ote,t1_cnwehlh,t1_cnw9vyp,0.1864406779661017,0.20863309352517986,-0.022192415559078166
p_3404,t3_2t5d0k,t1_cnw2fgz,t1_cnw6d8q,0.15841584158415842,0.1897810218978102,-0.03136518031365179
p_3405,t3_2t5d0k,t1_cnw7mj4,t1_cnw9ce5,0.2323943661971831,0.2,0.03239436619718308
p_3406,t3_2t26nx,t1_cnv8j11,t1_cnvag08,0.25,0.17699115044247787,0.07300884955752213
p_3407,t3_2sy7r5,t1_cnu0c1p,t1_cnubeuy,0.2140921409214092,0.22439024390243903,-0.010298102981029816
p_3409,t3_2su8e2,t1_cnsz4kn,t1_cnsx5ru,0.22566371681415928,0.18992248062015504,0.03574123619400424
p_3411,t3_2su8e2,t1_cnt1y8t,t1_cntdr6s,0.25225225225225223,0.2111801242236025,0.041072128028649735
p_3412,t3_2su8e2,t1_cnt845z,t1_cnt8tg7,0.1515748031496063,0.16071428571428573,-0.009139482564679419
p_3413,t3_2su8e2,t1_cnsxgsn,t1_cntprhw,0.1917808219178082,0.1952662721893491,-0.003485450271540902
p_3414,t3_2su8e2,t1_cnsxse0,t1_cnsz1rt,0.20198675496688742,0.1794871794871795,0.022499575479707934
p_3415,t3_2su8e2,t1_cnunryh,t1_cnsyy4i,0.16023738872403562,0.19230769230769232,-0.0320703035836567
p_3416,t3_2su8e2,t1_cnt3umh,t1_cnsyin0,0.34523809523809523,0.27835051546391754,0.0668875797741777
p_3417,t3_2su8e2,t1_cnte5ku,t1_cnt3fdn,0.17616580310880828,0.10126582278481013,0.07489998032399815
p_3419,t3_2su8e2,t1_cntbdmc,t1_cnsyin0,0.16339869281045752,0.27835051546391754,-0.11495182265346002
p_3421,t3_2su8e2,t1_cnt9axw,t1_cnt2iz3,0.1895424836601307,0.2875,-0.09795751633986927
p_3422,t3_2su8e2,t1_cnt85u7,t1_cntf8xd,0.18867924528301888,0.17857142857142858,0.010107816711590306
p_3423,t3_2su8e2,t1_cntdvgn,t1_cnsyin0,0.16666666666666666,0.27835051546391754,-0.11168384879725088
p_3424,t3_2su8e2,t1_cnt1ycn,t1_cnt2h0f,0.18213058419243985,0.19855595667870035,-0.016425372486260498
p_3425,t3_2su8e2,t1_cnt4b86,t1_cnsyin0,0.24242424242424243,0.27835051546391754,-0.035926273039675105
p_3426,t3_2su6pz,t1_cnsuxnr,t1_cntesru,0.1927710843373494,0.12162162162162163,0.07114946271572778
p_3427,t3_2su6pz,t1_cnsv16y,t1_cnt8h1t,0.2178988326848249,0.18061674008810572,0.03728209259671919
p_3428,t3_2stah2,t1_cnsnfp3,t1_cnso055,0.19135802469135801,0.17791411042944785,0.013443914261910161
p_3429,t3_2sqh6c,t1_cnsh391,t1_cns23nc,0.18088737201365188,0.14444444444444443,0.036442927569207445
p_3432,t3_2sjck6,t1_cnq11eh,t1_cnq7kou,0.16715542521994134,0.23904382470119523,-0.07188839948125389
p_3433,t3_2siye9,t1_cnpvesh,t1_cnpw7ts,0.18064516129032257,0.15254237288135594,0.028102788408966628
p_3435,t3_2sf2we,t1_cnp48f2,t1_cnp29jv,0.18309859154929578,0.23404255319148937,-0.050943961642193586
p_3437,t3_2sbnxo,t1_cno05ek,t1_cnnz3ot,0.09349593495934959,0.11214953271028037,-0.018653597750930784
p_3438,t3_2sagug,t1_cnnmwvw,t1_cno8oxd,0.15,0.1595744680851064,-0.009574468085106397
p_3439,t3_2s8qu4,t1_cnn8scl,t1_cnn8yko,0.18253968253968253,0.1722488038277512,0.010290878711931323
p_3441,t3_2s3ey4,t1_cnlta5w,t1_cnn50va,0.1951219512195122,0.16923076923076924,0.02589118198874296
p_3442,t3_2s38n0,t1_cnltsuz,t1_cnm8elm,0.07731958762886598,0.1926605504587156,-0.11534096282984962
p_3443,t3_2s311o,t1_cnlr4r5,t1_cnlpavt,0.11557788944723618,0.19540229885057472,-0.07982440940333854
p_3445,t3_2s0mca,t1_cnlmsyb,t1_cnl4rwb,0.16141732283464566,0.20348837209302326,-0.042071049258377596
p_3446,t3_2s04yv,t1_cnl68x9,t1_cnldfng,0.1762917933130699,0.1875,-0.011208206686930094
p_3447,t3_2ryflh,t1_cnknvgl,t1_cnknbq4,0.21153846153846154,0.2606060606060606,-0.04906759906759908
p_3449,t3_2rtxcw,t1_cnjo1jr,t1_cnj9t8c,0.1694915254237288,0.225,-0.0555084745762712
p_3450,t3_2rtxcw,t1_cnjlno1,t1_cnj9t8c,0.14788732394366197,0.225,-0.07711267605633804
p_3451,t3_2rspje,t1_cnizgmn,t1_cnj8tea,0.16363636363636364,0.17159763313609466,-0.007961269499731027
p_3452,t3_2rsgv3,t1_cniw4jr,t1_cniu655,0.16470588235294117,0.15555555555555556,0.009150326797385616
p_3454,t3_2rs57a,t1_cnjiwww,t1_cnjrwds,0.15948275862068967,0.20361990950226244,-0.04413715088157277
p_3455,t3_2rqvf8,t1_cnii75i,t1_cnijhp3,0.3220338983050847,0.2619047619047619,0.0601291364003228
p_3457,t3_3j8yfq,t1_cundk5r,t1_cunbl8g,0.16847826086956522,0.19732441471571907,-0.028846153846153855
p_3458,t3_3j8yfq,t1_cunbkbz,t1_cuncrke,0.16793893129770993,0.1484593837535014,0.019479547544208525
p_3461,t3_3j5b7g,t1_cumhf65,t1_cumi9vr,0.17747440273037543,0.2062780269058296,-0.02880362417545418
p_3462,t3_3j4xz5,t1_cumcunp,t1_cun4urq,0.15079365079365079,0.13636363636363635,0.014430014430014432
p_3463,t3_3j4xz5,t1_cumbp9z,t1_cun012v,0.1839080459770115,0.19327731092436976,-0.009369264947358263
p_3465,t3_3j348p,t1_culv71v,t1_cum06j5,0.17647058823529413,0.14871794871794872,0.027752639517345412
p_3466,t3_3j2zal,t1_cult31h,t1_culspcu,0.13043478260869565,0.14465408805031446,-0.014219305441618812
p_3469,t3_3izsdq,t1_culv1a1,t1_cul3ok3,0.2018348623853211,0.21311475409836064,-0.01127989171303953
p_3472,t3_3iz617,t1_cul2p8q,t1_culbyou,0.22566371681415928,0.2188365650969529,0.006827151717206381
p_3473,t3_3iynfo,t1_culekhe,t1_cul3cub,0.20816599732262384,0.18452380952380953,0.0236421877988143
p_3474,t3_3iymmk,t1_cukv841,t1_cukv8bl,0.2018348623853211,0.17703349282296652,0.024801369562354597
p_3475,t3_3iymd6,t1_cukus68,t1_cuktt0z,0.21337579617834396,0.225,-0.011624203821656048
p_3476,t3_3iymd6,t1_cukvhtm,t1_cuktt0z,0.21370967741935484,0.225,-0.011290322580645162
p_3479,t3_3ixtu4,t1_cukm93p,t1_cuklqh9,0.21978021978021978,0.24598930481283424,-0.02620908503261446
p_3480,t3_3ixtu4,t1_cukmf21,t1_cukm0pr,0.288135593220339,0.22857142857142856,0.05956416464891043
p_3483,t3_3isviu,t1_cujohec,t1_cujcyeh,0.14678899082568808,0.16129032258064516,-0.014501331754957075
p_3484,t3_3isviu,t1_cujddsn,t1_cujfb9o,0.1986754966887417,0.18456375838926176,0.014111738299479953
p_3485,t3_3irqrk,t1_cuk3web,t1_cuje0x7,0.18023255813953487,0.18932038834951456,-0.009087830209979691
p_3486,t3_3irqrk,t1_cujfvvz,t1_cujmo9h,0.16037735849056603,0.14354066985645933,0.0168366886341067
p_3487,t3_3irh3k,t1_cuj0bdo,t1_cuizlek,0.26158940397350994,0.24778761061946902,0.013801793354040914
p_3488,t3_3iqu4d,t1_cuj1ozx,t1_cuiwucd,0.22903885480572597,0.21739130434782608,0.011647550457899891
p_3489,t3_3iqty5,t1_cuj86a7,t1_cuj36j4,0.14893617021276595,0.19801980198019803,-0.04908363176743208
p_3490,t3_3iq6j0,t1_cuiy6h8,t1_cuj2qp1,0.18134715025906736,0.1941340782122905,-0.012786927953223143
p_3491,t3_3inybw,t1_cui3v06,t1_cuicq4r,0.2074468085106383,0.22727272727272727,-0.019825918762088973
p_3492,t3_3injsb,t1_cui5ld0,t1_cui565b,0.24050632911392406,0.14705882352941177,0.09344750558451229
p_3495,t3_3ijsss,t1_cuh6kys,t1_cuhg7b8,0.1488095238095238,0.18518518518518517,-0.03637566137566137
p_3496,t3_3ijsss,t1_cuh4arm,t1_cuhg7b8,0.13898305084745763,0.18518518518518517,-0.046202134337727546
p_3500,t3_3iammm,t1_cues26b,t1_cueuwm5,0.21518987341772153,0.13261648745519714,0.08257338596252439
p_3501,t3_3iammm,t1_cuete5w,t1_cuerzgs,0.1895424836601307,0.14772727272727273,0.04181521093285798
p_3502,t3_3iammm,t1_cuew3c0,t1_cueu3av,0.22,0.1574074074074074,0.06259259259259259
p_3503,t3_3i9n2q,t1_cueircr,t1_cuenxor,0.16753926701570682,0.17427385892116182,-0.006734591905455001
p_3504,t3_3i9n2q,t1_cufiuhn,t1_cueyyfo,0.15538461538461537,0.14511873350923482,0.01026588187538055
p_3505,t3_3i8nmh,t1_cue9cr1,t1_cuea24l,0.12698412698412698,0.16608996539792387,-0.03910583841379689
p_3507,t3_3i8834,t1_cue4ikv,t1_cue5fsj,0.14444444444444443,0.2131979695431472,-0.06875352509870278
p_3508,t3_3i8834,t1_cue7on2,t1_cue83jy,0.25102880658436216,0.16551724137931034,0.08551156520505182
p_3513,t3_3i7k0u,t1_cue07hc,t1_cudypb4,0.2,0.24125874125874125,-0.04125874125874124
p_3511,t3_3i7k0u,t1_cue31x0,t1_cue1sot,0.21364985163204747,0.3511450381679389,-0.13749518653589143
p_3512,t3_3i7k0u,t1_cue0k0p,t1_cue5g6f,0.1971153846153846,0.2012779552715655,-0.004162570656180892
p_3514,t3_3i7k0u,t1_cuee0d9,t1_cudzumt,0.17777777777777778,0.18181818181818182,-0.004040404040404039
p_3516,t3_3i74qy,t1_cudw08r,t1_cudux0k,0.14615384615384616,0.19642857142857142,-0.05027472527472526
p_3517,t3_3i5x6k,t1_cudnqtj,t1_cue4n29,0.1540983606557377,0.07407407407407407,0.08002428658166363
p_3519,t3_3i5a78,t1_cudjp1z,t1_cudst66,0.15728155339805824,0.14285714285714285,0.014424410540915394
p_3521,t3_3i3wn7,t1_cud76ln,t1_cud3r2z,0.2,0.20634920634920634,-0.006349206349206327
p_3523,t3_3i3vx9,t1_cud2a4g,t1_cud2qth,0.17307692307692307,0.20557491289198607,-0.032497989815062994
p_3522,t3_3i3vx9,t1_cud5nsy,t1_cud2qth,0.18357487922705315,0.20557491289198607,-0.022000033664932916
p_3524,t3_3i2plj,t1_cucv4aa,t1_cucxjt7,0.1552511415525114,0.14960629921259844,0.00564484233991297
p_3525,t3_3i2plj,t1_cucthi0,t1_cuctx89,0.21176470588235294,0.16560509554140126,0.04615961034095167
p_3526,t3_3i283w,t1_cud0fa0,t1_cucolyj,0.20425531914893616,0.17045454545454544,0.03380077369439072
p_3527,t3_3i0b0w,t1_cuchpgk,t1_cuc59ef,0.22424242424242424,0.26582278481012656,-0.04158036056770231
p_3530,t3_3hsvl2,t1_cuad8r8,t1_cuaqsqb,0.18274687854710556,0.2,-0.017253121452894454
p_3531,t3_3hrivr,t1_cua0vt2,t1_cu9xxve,0.1565217391304348,0.24,-0.0834782608695652
p_3534,t3_3hpq7g,t1_cu9josn,t1_cu9k41i,0.17647058823529413,0.1,0.07647058823529412
p_3535,t3_3hpq7g,t1_cu9kipp,t1_cu9x1z9,0.1657142857142857,0.12121212121212122,0.04450216450216449
p_3536,t3_3hosv2,t1_cu9at72,t1_cu9cml6,0.16423357664233576,0.2009132420091324,-0.03667966536679665
p_3537,t3_3hoq7p,t1_cu9k2tb,t1_cu9atrb,0.13562753036437247,0.16336633663366337,-0.0277388062692909
p_3538,t3_3hmpv3,t1_cu8qdp9,t1_cu8pb7k,0.15879828326180256,0.21621621621621623,-0.057417932954413664
p_3539,t3_3hkh5j,t1_cu8ovlu,t1_cu8ovof,0.2655367231638418,0.24888888888888888,0.016647834274952922
p_3541,t3_3hh46c,t1_cu7c27f,t1_cu7c1z2,0.21311475409836064,0.17415730337078653,0.03895745072757412
p_3543,t3_3hgl6d,t1_cu7ehx8,t1_cu79azc,0.1518324607329843,0.09053497942386832,0.06129748130911597
p_3542,t3_3hgl6d,t1_cu7d0px,t1_cu7azy6,0.19444444444444445,0.15841584158415842,0.03602860286028603
p_3544,t3_3hg6gk,t1_cu72vgj,t1_cu7213o,0.23308270676691728,0.2391304347826087,-0.006047728015691423
p_3546,t3_3hfjxc,t1_cu6z830,t1_cu71g18,0.0898876404494382,0.11180124223602485,-0.021913601786586648
p_3547,t3_3hfioz,t1_cuc0fou,t1_cu7ifcw,0.21777777777777776,0.18761384335154827,0.0301639344262295
p_3548,t3_3hel60,t1_cu6qm9g,t1_cu6prd9,0.15447154471544716,0.12871287128712872,0.025758673428318446
p_3552,t3_3hdp4a,t1_cu6jlng,t1_cu6jn61,0.18579234972677597,0.15584415584415584,0.029948193882620128
p_3555,t3_3hcpmz,t1_cu6c4si,t1_cu6f8lz,0.15202108963093147,0.1794425087108014,-0.02742141907986992
p_3556,t3_3hcfg2,t1_cu65tgy,t1_cu65kqn,0.1076923076923077,0.14942528735632185,-0.04173297966401415
p_3557,t3_3hcfg2,t1_cu65sqs,t1_cu65hi9,0.1773049645390071,0.14634146341463414,0.03096350112437296
p_3558,t3_3hcfg2,t1_cu68tq4,t1_cu65vdo,0.15,0.1206896551724138,0.029310344827586196
p_3560,t3_3h8y7m,t1_cu5ao33,t1_cu5bjz7,0.15294117647058825,0.16062176165803108,-0.007680585187442829
p_3563,t3_3h69kp,t1_cu5o71n,t1_cu4mp4v,0.1935483870967742,0.09836065573770492,0.09518773135906927
p_3566,t3_3h1dud,t1_cu3e462,t1_cu3dhym,0.2033898305084746,0.17346938775510204,0.02992044275337255
p_3568,t3_3h13pq,t1_cu3c98a,t1_cu3bnnc,0.2550607287449393,0.21498371335504887,0.04007701538989042
p_3569,t3_3h0s9a,t1_cu3bh3m,t1_cu383tr,0.26174496644295303,0.20422535211267606,0.05751961433027697
p_3570,t3_3gz2bd,t1_cu2qwnu,t1_cu2zo0y,0.16,0.16312056737588654,-0.003120567375886535
p_3571,t3_3gys03,t1_cu2q2lr,t1_cu2pmm6,0.17315175097276264,0.1308411214953271,0.04231062947743555
p_3572,t3_3gw6np,t1_cu252mj,t1_cu20nky,0.23008849557522124,0.19101123595505617,0.03907725962016506
p_3576,t3_3gri3k,t1_cu0uiw1,t1_cu0sztg,0.20454545454545456,0.2605042016806723,-0.05595874713521773
p_3577,t3_3gri3k,t1_cu0urd0,t1_cu0vpsk,0.16,0.3229166666666667,-0.16291666666666668
p_3583,t3_3gp6g1,t1_cu0aq54,t1_cu08mnw,0.17557251908396945,0.14666666666666667,0.028905852417302785
p_3582,t3_3gp6g1,t1_cu09x63,t1_cu08mnw,0.15542521994134897,0.14666666666666667,0.008758553274682307
p_3585,t3_3gnc86,t1_ctzot2x,t1_ctzq8hf,0.16883116883116883,0.1348314606741573,0.03399970815701153
p_3586,t3_3gincm,t1_ctyigsj,t1_ctyhn4v,0.14,0.18796992481203006,-0.04796992481203005
p_3587,t3_3gincm,t1_ctyhn4x,t1_ctyinar,0.1935483870967742,0.11392405063291139,0.0796243364638628
p_3589,t3_3ghl3t,t1_cty7tlm,t1_cty6dyx,0.13636363636363635,0.10852713178294573,0.02783650458069062
p_3590,t3_3ghl3t,t1_cty9isx,t1_cty8sv7,0.23316062176165803,0.16666666666666666,0.06649395509499137
p_3592,t3_3ggp32,t1_cty0r06,t1_cty0aec,0.09978768577494693,0.13389121338912133,-0.0341035276141744
p_3593,t3_3ggp32,t1_cty35gw,t1_cty0aec,0.1440809968847352,0.13389121338912133,0.010189783495613863
p_3595,t3_3gec73,t1_ctxli3x,t1_ctxhga8,0.1981981981981982,0.128,0.0701981981981982
p_3596,t3_3ge5mc,t1_ctxb1ki,t1_ctxeqe8,0.21014492753623187,0.1927710843373494,0.017373843198882466
p_3598,t3_3gdtg4,t1_ctylxuf,t1_ctxaqee,0.13441955193482688,0.13934426229508196,-0.004924710360255075
p_3599,t3_3gdndp,t1_ctx5qis,t1_ctx98zl,0.18497109826589594,0.2403846153846154,-0.055413517118719446
p_3600,t3_3gdish,t1_ctx6te9,t1_ctx7vni,0.16339869281045752,0.17857142857142858,-0.015172735760971057
p_3601,t3_3gdibt,t1_ctx56mf,t1_ctx4od4,0.2440944881889764,0.18404907975460122,0.06004540843437517
p_3602,t3_3gcrbs,t1_ctx0d41,t1_ctx24yu,0.17475728155339806,0.10344827586206896,0.0713090056913291
p_3604,t3_3gbhud,t1_ctwlw6q,t1_ctwmyam,0.14682539682539683,0.2222222222222222,-0.07539682539682538
p_3605,t3_3gbhud,t1_ctwlm4k,t1_ctwv3j1,0.13043478260869565,0.15151515151515152,-0.02108036890645587
p_3606,t3_3gbhud,t1_ctwml50,t1_ctwlr8k,0.16091954022988506,0.1896551724137931,-0.02873563218390804
p_3607,t3_3gbhud,t1_ctwlqf1,t1_ctwlr8k,0.23958333333333334,0.1896551724137931,0.04992816091954025
p_3608,t3_3gb6h1,t1_ctwso7w,t1_ctwnm4g,0.13127413127413126,0.20275590551181102,-0.07148177423767976
p_3609,t3_3gb461,t1_ctwjnpu,t1_ctwkc6d,0.1951219512195122,0.16455696202531644,0.030564989194195757
p_3610,t3_3ga6xh,t1_ctwcf34,t1_ctw9u8c,0.1443850267379679,0.20535714285714285,-0.06097211611917494
p_3612,t3_3ga0yc,t1_ctwa3zr,t1_ctw8bfs,0.1323529411764706,0.14804469273743018,-0.015691751560959588
p_3613,t3_3ga0yc,t1_ctwc8h0,t1_ctw824i,0.12365591397849462,0.15178571428571427,-0.02812980030721965
p_3614,t3_3ga0yc,t1_ctwe0ok,t1_ctw8bfs,0.14583333333333334,0.14804469273743018,-0.0022113594040968354
p_3615,t3_3g9no7,t1_ctw54al,t1_ctw52em,0.24390243902439024,0.2112676056338028,0.032634833390587425
p_3616,t3_3g93j6,t1_ctw0e9h,t1_ctw6elj,0.20460358056265984,0.14950980392156862,0.05509377664109122
p_3617,t3_3g8r7o,t1_ctvx3y3,t1_ctwc690,0.21610169491525424,0.2229299363057325,-0.006828241390478246
p_3622,t3_3g646u,t1_ctvb9vl,t1_ctvc59g,0.15789473684210525,0.21710526315789475,-0.05921052631578949
p_3623,t3_3g53av,t1_ctuxpb3,t1_ctvf9tq,0.21495327102803738,0.21045751633986928,0.0044957546881680965
p_3624,t3_3g51jj,t1_ctv0l5x,t1_ctvcg39,0.19112627986348124,0.21022727272727273,-0.019100992863791494
p_3625,t3_3g51jj,t1_ctv269f,t1_ctvcg39,0.15492957746478872,0.21022727272727273,-0.055297695262484015
p_3626,t3_3g51jj,t1_ctv3mds,t1_ctv9uzx,0.1552511415525114,0.13089005235602094,0.024361089196490465
p_3630,t3_3g1pcd,t1_ctu19ea,t1_ctu17ql,0.11827956989247312,0.13071895424836602,-0.012439384355892896
p_3635,t3_3g1fhs,t1_cttyuge,t1_cttxvho,0.15384615384615385,0.18292682926829268,-0.029080675422138824
p_3633,t3_3g1fhs,t1_ctu95h3,t1_cttxvho,0.1484848484848485,0.18292682926829268,-0.03444198078344418
p_3636,t3_3g1fhs,t1_cttzgzr,t1_cttxvho,0.13286713286713286,0.18292682926829268,-0.050059696401159814
p_3632,t3_3g1fhs,t1_cttxzvr,t1_cttxvho,0.06097560975609756,0.18292682926829268,-0.12195121951219512
p_3631,t3_3g1fhs,t1_ctty06w,t1_cttxzi1,0.13690476190476192,0.1746031746031746,-0.037698412698412676
p_3637,t3_3g1bgv,t1_cttw7r4,t1_ctu593g,0.184,0.21036585365853658,-0.02636585365853658
p_3640,t3_3g02ia,t1_cttuj7v,t1_cttrhlu,0.15584415584415584,0.13333333333333333,0.02251082251082251
p_3642,t3_3fz5pa,t1_cttcblp,t1_cttc9b6,0.1893687707641196,0.24414715719063546,-0.05477838642651586
p_3644,t3_3fvhvp,t1_ctsbzuq,t1_ctsdw9m,0.23058823529411765,0.21768707482993196,0.012901160464185685
p_3645,t3_3fvhjh,t1_ctscnii,t1_ctsbg6s,0.15384615384615385,0.25396825396825395,-0.1001221001221001
p_3646,t3_3fvhjh,t1_ctse486,t1_ctsbtva,0.17455621301775148,0.19767441860465115,-0.02311820558689967
p_3647,t3_3fvhjh,t1_ctsbifp,t1_ctsvne2,0.1965065502183406,0.1762114537444934,0.020295096473847196
p_3648,t3_3fvhjh,t1_ctsc6ss,t1_ctsbtva,0.15901060070671377,0.19767441860465115,-0.03866381789793738
p_3649,t3_3fveyg,t1_ctsa8js,t1_cts9pfj,0.2056451612903226,0.2074688796680498,-0.0018237183777272126
p_3650,t3_3fu1s8,t1_cts3fhv,t1_cts5hav,0.17832167832167833,0.2659846547314578,-0.08766297640977949
p_3651,t3_3fsgbp,t1_ctrisu9,t1_ctshlnm,0.143646408839779,0.15916955017301038,-0.015523141333231377
p_3652,t3_3fs1zm,t1_ctrhh5j,t1_ctrefi0,0.10852713178294573,0.11347517730496454,-0.004948045522018801
p_3653,t3_3frc1d,t1_ctr9vhi,t1_ctr7h2r,0.2535211267605634,0.23404255319148937,0.01947857356907401
p_3655,t3_3fql48,t1_ctr20mq,t1_ctr0pwr,0.1881918819188192,0.22994652406417113,-0.04175464214535193
p_3656,t3_3fqb1z,t1_ctqze4g,t1_ctr0cf6,0.15454545454545454,0.16417910447761194,-0.009633649932157401
p_3658,t3_3fqb1z,t1_ctr0vi4,t1_ctr0cf6,0.21739130434782608,0.16417910447761194,0.05321219987021414
p_3657,t3_3fqb1z,t1_ctr0caa,t1_ctr0cf6,0.23809523809523808,0.16417910447761194,0.07391613361762614
p_3659,t3_3fpfyb,t1_ctqrhgh,t1_ctqsan9,0.22137404580152673,0.13385826771653545,0.08751577808499128
p_3660,t3_3fp3n9,t1_ctqolc7,t1_ctqnhek,0.14102564102564102,0.14285714285714285,-0.001831501831501825
p_3661,t3_3fp2bi,t1_ctqnbaz,t1_ctqt3i2,0.21768707482993196,0.272108843537415,-0.054421768707483026
p_3663,t3_3fnwpa,t1_ctqdqno,t1_ctqbvw6,0.05555555555555555,0.171875,-0.11631944444444445
p_3664,t3_3fnv5p,t1_ctqbrad,t1_ctqwxiu,0.2138364779874214,0.18478260869565216,0.02905386929176923
p_3665,t3_3fnv5p,t1_ctqn9r7,t1_ctr22l4,0.15212981744421908,0.1958762886597938,-0.043746471215574734
p_3667,t3_3fnpby,t1_ctqb537,t1_ctqb5ui,0.15588235294117647,0.15789473684210525,-0.0020123839009287825
p_3666,t3_3fnpby,t1_ctqa65w,t1_ctqb5ui,0.10738255033557047,0.15789473684210525,-0.05051218650653479
p_3669,t3_3fnkrz,t1_ctq8t3q,t1_ctq9oiz,0.19457013574660634,0.14563106796116504,0.0489390677854413
p_3671,t3_3fnkrz,t1_ctqas8t,t1_ctq9ar9,0.24005486968449932,0.19390581717451524,0.04614905250998408
p_3670,t3_3fnkrz,t1_ctq9o0e,t1_ctq9oiz,0.13513513513513514,0.14563106796116504,-0.010495932826029897
p_3672,t3_3fnkrz,t1_ctq9j16,t1_ctqa3ka,0.16,0.15384615384615385,0.006153846153846149
p_3675,t3_3fme5v,t1_ctpwnu7,t1_ctpy2fx,0.2,0.16793893129770993,0.032061068702290085
p_3676,t3_3fh6ko,t1_ctoktht,t1_ctoqkfl,0.14285714285714285,0.13541666666666666,0.007440476190476192
p_3677,t3_3fg061,t1_cto8r5z,t1_cto8tdw,0.19736842105263158,0.22580645161290322,-0.028438030560271638
p_3679,t3_3fg061,t1_cto97vg,t1_cto8tdw,0.23163841807909605,0.22580645161290322,0.005831966466192828
p_3680,t3_3ffta7,t1_cto7io9,t1_ctoe9av,0.0989010989010989,0.16339869281045752,-0.06449759390935862
p_3681,t3_3ff3g6,t1_cto0i1n,t1_cto1zos,0.20446096654275092,0.2040133779264214,0.00044758861632951397
p_3682,t3_3feqzt,t1_ctq3vzp,t1_ctnylzg,0.18,0.11666666666666667,0.06333333333333332
p_3683,t3_3fcrvd,t1_ctnhp4o,t1_cto31ft,0.1696969696969697,0.21975308641975308,-0.05005611672278337
p_3684,t3_3fcrvd,t1_ctns9wz,t1_ctnfqp7,0.25,0.19607843137254902,0.05392156862745098
p_3686,t3_3fcf5e,t1_ctndfg4,t1_ctnry92,0.16071428571428573,0.21794871794871795,-0.057234432234432225
p_3688,t3_3fc3o6,t1_ctnx69r,t1_ctngp5n,0.21744627054361568,0.18333333333333332,0.03411293721028236
p_3687,t3_3fc3o6,t1_ctnaow2,t1_ctn9aav,0.2109375,0.17073170731707318,0.040205792682926816
p_3692,t3_3fau90,t1_ctmxjyf,t1_ctmw18p,0.19095477386934673,0.19285714285714287,-0.001902368987796138
p_3693,t3_3fa3pf,t1_ctmq4rm,t1_ctmvo0g,0.2275449101796407,0.1958762886597938,0.031668621519846896
p_3694,t3_3fa3pf,t1_ctmq6wk,t1_ctmpzx1,0.20408163265306123,0.20958083832335328,-0.005499205670292051
p_3695,t3_3f8yj7,t1_ctmfz6p,t1_ctmip5y,0.22704081632653061,0.18181818181818182,0.04522263450834879
p_3696,t3_3f8yj7,t1_ctmi79z,t1_ctmip5y,0.174496644295302,0.18181818181818182,-0.007321537522879812
p_3697,t3_3f8yj7,t1_ctmgbxn,t1_ctmip5y,0.1693548387096774,0.18181818181818182,-0.012463343108504416
p_3701,t3_3f6ga9,t1_ctlqooj,t1_ctlqdbh,0.18,0.2962962962962963,-0.11629629629629629
p_3703,t3_3f65v8,t1_ctlqq52,t1_ctm1y1p,0.1,0.21227621483375958,-0.11227621483375957
p_3704,t3_3f38fh,t1_ctlm7ia,t1_ctkwb7j,0.1258741258741259,0.19553072625698323,-0.06965660038285734
p_3705,t3_3f2sbt,t1_ctm98ge,t1_ctkrr8t,0.0736196319018405,0.13595166163141995,-0.06233202972957945
p_3708,t3_3f20yi,t1_ctkkr6u,t1_ctkjeol,0.18037135278514588,0.17692307692307693,0.0034482758620689447
p_3709,t3_3f20yi,t1_ctkoehq,t1_ctkokut,0.17422434367541767,0.1457286432160804,0.028495700459337275
p_3712,t3_3f18mt,t1_ctkcw2a,t1_ctkb9dn,0.1772428884026258,0.23648648648648649,-0.05924359808386068
p_3711,t3_3f18mt,t1_ctkc4tg,t1_ctkn5z3,0.17105263157894737,0.25,-0.07894736842105263
p_3714,t3_3f16ju,t1_ctkcxak,t1_ctkajc6,0.19895287958115182,0.2830188679245283,-0.08406598834337647
p_3716,t3_3f0uzz,t1_ctkbyhm,t1_ctkdayj,0.2064516129032258,0.21172638436482086,-0.005274771461595051
p_3717,t3_3exng6,t1_ctjf76q,t1_ctjdefn,0.23703703703703705,0.26,-0.022962962962962963
p_3718,t3_3ex1vr,t1_ctj5yub,t1_ctj6pr7,0.20723684210526316,0.22413793103448276,-0.0169010889292196
p_3719,t3_3ewva7,t1_ctj4jx8,t1_ctj8g6w,0.19402985074626866,0.20964360587002095,-0.015613755123752293
p_3722,t3_3ewva7,t1_ctj8djb,t1_ctj8g6w,0.2289156626506024,0.20964360587002095,0.019272056780581442
p_3720,t3_3ewva7,t1_ctj5oik,t1_ctjcs9z,0.18811881188118812,0.22123893805309736,-0.03312012617190924
p_3721,t3_3ewva7,t1_ctj7ibv,t1_ctjcs9z,0.2153846153846154,0.22123893805309736,-0.005854322668481959
p_3723,t3_3ewjnh,t1_ctj1fb4,t1_ctj26kt,0.16030534351145037,0.18421052631578946,-0.023905182804339092
p_3724,t3_3ewjnh,t1_ctj1ye4,t1_ctj1lht,0.15300546448087432,0.14689265536723164,0.006112809113642675
p_3725,t3_3euagb,t1_ctigcut,t1_ctihu3a,0.18421052631578946,0.1267605633802817,0.057449962935507776
p_3726,t3_3eu8tm,t1_ctigaob,t1_ctiq52g,0.18181818181818182,0.16725978647686832,0.014558395341313507
p_3727,t3_3eu8tm,t1_ctijckt,t1_ctigceq,0.15838509316770186,0.15319148936170213,0.00519360380599973
p_3728,t3_3etxto,t1_ctid3ea,t1_cticpfj,0.19661016949152543,0.20710059171597633,-0.010490422224450902
p_3730,t3_3es79p,t1_cthw2r2,t1_cthwdaq,0.18207282913165265,0.20652173913043478,-0.02444890999878213
p_3731,t3_3es79p,t1_cthxdez,t1_cthwn0n,0.1606425702811245,0.18652849740932642,-0.025885927128201924
p_3732,t3_3ertta,t1_cti6rd8,t1_ctht1zk,0.168,0.20270270270270271,-0.034702702702702704
p_3733,t3_3ertdy,t1_cthr80b,t1_cthr99r,0.19298245614035087,0.2602739726027397,-0.06729151646238885
p_3734,t3_3erhhr,t1_ctiarao,t1_cti58vh,0.15432098765432098,0.14754098360655737,0.006780004047763605
p_3735,t3_3eq514,t1_ctho613,t1_cthcqg3,0.1937984496124031,0.19254658385093168,0.0012518657614714324
p_3737,t3_3epjfs,t1_cth5t0q,t1_cthcvt3,0.20833333333333334,0.1650485436893204,0.043284789644012944
p_3739,t3_3enur5,t1_ctgrxoh,t1_ctgz8y0,0.22938388625592418,0.23163841807909605,-0.002254531823171868
p_3740,t3_3emsdn,t1_cth30is,t1_ctgqvc3,0.20318725099601595,0.13445378151260504,0.06873346948341091
p_3742,t3_3elw95,t1_ctg6r9r,t1_ctg9cb8,0.19718309859154928,0.23684210526315788,-0.0396590066716086
p_3743,t3_3eknr4,t1_ctglikz,t1_ctfyt7d,0.17703349282296652,0.2625,-0.0854665071770335
p_3744,t3_3ekjn3,t1_ctgdi0f,t1_ctg4na1,0.225,0.21507760532150777,0.009922394678492236
p_3751,t3_3ee553,t1_cte3wfh,t1_cte2z0f,0.21153846153846154,0.17272727272727273,0.03881118881118881
p_3752,t3_3ee553,t1_cte5ytw,t1_cte2z0f,0.12931034482758622,0.17272727272727273,-0.043416927899686514
p_3754,t3_3ecjmj,t1_ctdn8gf,t1_ctdm7dj,0.17215189873417722,0.2318840579710145,-0.05973215923683728
p_3755,t3_3ecjmj,t1_ctdnq7f,t1_ctdm7dj,0.16091954022988506,0.2318840579710145,-0.07096451774112944
p_3756,t3_3ecjmj,t1_ctdoi4m,t1_ctdm7dj,0.17623762376237623,0.2318840579710145,-0.05564643420863827
p_3753,t3_3ecjmj,t1_ctdmtn2,t1_ctdoo3p,0.13958810068649885,0.16326530612244897,-0.023677205435950116
p_3757,t3_3ec84d,t1_ctdlgzm,t1_ctdj2og,0.16993464052287582,0.18361581920903955,-0.013681178686163725
p_3759,t3_3ebxxu,t1_ctdn0oz,t1_ctdjt1a,0.15060240963855423,0.203125,-0.05252259036144577
p_3761,t3_3ebqsa,t1_ctdwdgw,t1_ctdgbbx,0.16470588235294117,0.16666666666666666,-0.0019607843137254832
p_3762,t3_3eb9u6,t1_ctda3bt,t1_ctdi2vm,0.22018348623853212,0.3108108108108108,-0.09062732457227868
p_3763,t3_3eb9u6,t1_ctdaich,t1_ctdi2vm,0.13402061855670103,0.3108108108108108,-0.17679019225410977
p_3764,t3_3eai2b,t1_ctdmsz0,t1_ctdas7y,0.1825726141078838,0.1843137254901961,-0.0017411113823122826
p_3765,t3_3eai2b,t1_ctdc31l,t1_ctdas7y,0.1608695652173913,0.1843137254901961,-0.023444160272804798
p_3766,t3_3ea4kl,t1_ctczlq4,t1_ctcz6mu,0.17272727272727273,0.26229508196721313,-0.0895678092399404
p_3768,t3_3e811o,t1_ctcjrd5,t1_ctcd4vr,0.1787878787878788,0.21212121212121213,-0.033333333333333326
p_3775,t3_3dt3vy,t1_ct8epzw,t1_ct8xeko,0.1750841750841751,0.2215909090909091,-0.046506734006733996
p_3776,t3_3drmw1,t1_ct7z6k1,t1_ct7zd7f,0.12643678160919541,0.1694915254237288,-0.04305474381453339
p_3777,t3_3dqi0b,t1_ct7ojzo,t1_ct7o4hu,0.24025974025974026,0.24210526315789474,-0.0018455228981544836
p_3779,t3_3dnhsi,t1_ct6vf40,t1_ct7n9bz,0.22950819672131148,0.2345679012345679,-0.005059704513256408
p_3786,t3_3dkeyo,t1_ct60a1q,t1_ct60gf9,0.121875,0.1411764705882353,-0.019301470588235295
p_3787,t3_3dk4k6,t1_ct68k3i,t1_ct5ylmw,0.14689265536723164,0.16363636363636364,-0.01674370826913199
p_3789,t3_3dj5zp,t1_ct5ndqg,t1_ct5pov6,0.1827956989247312,0.21465968586387435,-0.03186398693914316
p_3790,t3_3dhxmu,t1_ct59siv,t1_ct5em85,0.14423076923076922,0.19,-0.045769230769230784
p_3791,t3_3dhww4,t1_ct59ny2,t1_ct5c1n1,0.17647058823529413,0.19463087248322147,-0.018160284247927344
p_3792,t3_3dhvig,t1_ct5cmrc,t1_ct5dd1p,0.20068027210884354,0.20202020202020202,-0.0013399299113584784
p_3793,t3_3dhde9,t1_ct68xez,t1_ct55tgc,0.13023255813953488,0.13333333333333333,-0.0031007751937984496
p_3794,t3_3dh1ns,t1_ct5dtcs,t1_ct5eykr,0.15086206896551724,0.1359447004608295,0.01491736850468775
p_3795,t3_3dgf6j,t1_ct54lyk,t1_ct5gs7l,0.14696485623003194,0.12598425196850394,0.020980604261528008
p_3796,t3_3dgf6j,t1_ct5oi70,t1_ct5c1wd,0.195357833655706,0.10344827586206896,0.09190955779363703
p_3797,t3_3dfjej,t1_ct4p5yg,t1_ct4yewo,0.1256544502617801,0.15734989648033126,-0.031695446218551165
p_3800,t3_3df1t2,t1_ct4iy6y,t1_ct4ij06,0.28859060402684567,0.24183006535947713,0.04676053866736854
p_3801,t3_3det6i,t1_ct4g7xl,t1_ct4gbpx,0.25165562913907286,0.23140495867768596,0.0202506704613869
p_3802,t3_3deose,t1_ct4eh79,t1_ct4g0jb,0.29441624365482233,0.19135802469135801,0.10305821896346432
p_3803,t3_3deose,t1_ct4f9rz,t1_ct4g0jb,0.2193877551020408,0.19135802469135801,0.028029730410682796
p_3804,t3_3deose,t1_ct4fbji,t1_ct5641w,0.23544303797468355,0.17870257037943696,0.05674046759524659
p_3805,t3_3deose,t1_ct4ewzd,t1_ct4g0jb,0.23346303501945526,0.19135802469135801,0.04210501032809724
p_3806,t3_3de3uy,t1_ct4agqd,t1_ct494c3,0.17627118644067796,0.15760869565217392,0.018662490788504044
p_3807,t3_3ddw70,t1_ct47mit,t1_ct4jbe5,0.2,0.20994475138121546,-0.00994475138121545
p_3808,t3_3ddw70,t1_ct481p1,t1_ct48oqy,0.21070234113712374,0.19207920792079208,0.01862313321633166
p_3814,t3_3dbole,t1_ct3p6ns,t1_ct478ih,0.14634146341463414,0.1968503937007874,-0.050508930286153275
p_3815,t3_3dbm0n,t1_ct3lx2j,t1_ct3ly0v,0.2562814070351759,0.19424460431654678,0.0620368027186291
p_3816,t3_3dbkzb,t1_ct3ojfw,t1_ct3m5s5,0.20930232558139536,0.1956521739130435,0.013650151668351873
p_3819,t3_3d7ar8,t1_ct2lat5,t1_ct2ki11,0.21568627450980393,0.2545454545454545,-0.03885918003565059
p_3821,t3_3d70nm,t1_ct2ew4r,t1_ct2j33u,0.28440366972477066,0.27165354330708663,0.012750126417684027
p_3822,t3_3d70nm,t1_ct2dshn,t1_ct2eddg,0.13157894736842105,0.33962264150943394,-0.2080436941410129
p_3824,t3_3d6eeo,t1_ct28lpu,t1_ct2avdj,0.23529411764705882,0.16233766233766234,0.07295645530939648
p_3825,t3_3d5kur,t1_ct1ztbe,t1_ct1zr52,0.2,0.1978021978021978,0.0021978021978022177
p_3827,t3_3d4z8m,t1_ct20a6w,t1_ct1t0m5,0.14035087719298245,0.21568627450980393,-0.07533539731682148
p_3829,t3_3d26wz,t1_ct28b6n,t1_ct16kmz,0.18556701030927836,0.15942028985507245,0.026146720454205907
p_3830,t3_3d0d6p,t1_ct0o5u1,t1_ct0n6t4,0.16475644699140402,0.17142857142857143,-0.006672124437167415
p_3831,t3_3d01ke,t1_ct0juu5,t1_ct0mdna,0.1346153846153846,0.15294117647058825,-0.018325791855203638
p_3833,t3_3czjmn,t1_ct0n1h1,t1_ct0p4tx,0.2268041237113402,0.16847826086956522,0.05832586284177499
p_3834,t3_3cze07,t1_ct0u8p8,t1_ct1w2jq,0.1732283464566929,0.19805194805194806,-0.02482360159525515
p_3836,t3_3cze07,t1_ct10eyn,t1_ct10av3,0.21487603305785125,0.25316455696202533,-0.03828852390417409
p_3837,t3_3cz50i,t1_ct0beon,t1_ct0crzd,0.20168067226890757,0.19186046511627908,0.00982020715262849
p_3838,t3_3cyvok,t1_ct09dsg,t1_ct0cry8,0.20673076923076922,0.21052631578947367,-0.0037955465587044546
p_3840,t3_3cwzdr,t1_cszqsrm,t1_csztuip,0.11363636363636363,0.17010309278350516,-0.05646672914714153
p_3841,t3_3cwzdr,t1_cszr0ac,t1_cszzijk,0.14950166112956811,0.16666666666666666,-0.017165005537098543
p_3842,t3_3cwzdr,t1_cszsao6,t1_cszzijk,0.1366223908918406,0.16666666666666666,-0.030044275774826046
p_3843,t3_3curfb,t1_cszctr2,t1_cszdmwi,0.20408163265306123,0.1282565130260521,0.07582511962700914
p_3846,t3_3ctbdn,t1_csywwyk,t1_csyw0z6,0.24468085106382978,0.13157894736842105,0.11310190369540873
p_3848,t3_3csry4,t1_csyq5kj,t1_csypjon,0.20707070707070707,0.2163265306122449,-0.009255823541537839
p_3849,t3_3csg70,t1_csyk6pl,t1_csyj9wf,0.1717171717171717,0.19648093841642228,-0.024763766699250567
p_3850,t3_3csg70,t1_csyjkqi,t1_csyt2k1,0.11377245508982035,0.14084507042253522,-0.027072615332714864
p_3852,t3_3cqwqj,t1_csy6eer,t1_csyclib,0.15689655172413794,0.17256637168141592,-0.01566981995727798
p_3853,t3_3cpk6q,t1_csxrzz6,t1_csxtt55,0.16842105263157894,0.17045454545454544,-0.0020334928229664984
p_3855,t3_3cp5ze,t1_csxym6c,t1_csynpti,0.16793066088840736,0.18226600985221675,-0.014335348963809391
p_3856,t3_3cp5ze,t1_csxnidr,t1_csxornz,0.07446808510638298,0.19230769230769232,-0.11783960720130934
p_3859,t3_3cntuq,t1_csxdzvx,t1_csxc29e,0.15789473684210525,0.1464968152866242,0.011397921555481055
p_3861,t3_3cm04x,t1_csx5p48,t1_csxeu2k,0.23809523809523808,0.15463917525773196,0.08345606283750612
p_3862,t3_3clrl2,t1_csx7zrc,t1_csx8zq4,0.18724279835390947,0.19801980198019803,-0.010777003626288556
p_3863,t3_3cjime,t1_csw3vb7,t1_csw3t7x,0.19435736677115986,0.17727272727272728,0.017084639498432586
p_3865,t3_3chnd1,t1_csvsvf5,t1_csw6ssk,0.1059322033898305,0.17040358744394618,-0.06447138405411568
p_3866,t3_3ch5ru,t1_csvhoip,t1_csvipb5,0.25149700598802394,0.1830065359477124,0.06849047004031153
p_3867,t3_3cgwcw,t1_csvjbyd,t1_csvi6d6,0.16140350877192983,0.1853146853146853,-0.023911176542755486
p_3868,t3_3cgf0e,t1_cswm70o,t1_csvf90l,0.2558922558922559,0.27692307692307694,-0.021030821030821045
p_3869,t3_3cgb39,t1_csvchfw,t1_csva8ip,0.25,0.22272727272727272,0.027272727272727282
p_3871,t3_3cexf4,t1_csvberp,t1_csv33hr,0.18041237113402062,0.17455621301775148,0.005856158116269133
p_3872,t3_3cemxp,t1_csuzkq9,t1_csuwsj4,0.018691588785046728,0.22641509433962265,-0.20772350555457592
p_3873,t3_3cccrj,t1_csuafa7,t1_csu9eyk,0.2052980132450331,0.16470588235294117,0.04059213089209193
p_3874,t3_3cayqx,t1_cstvm0f,t1_csunb3m,0.13807531380753138,0.21338912133891214,-0.07531380753138076
p_3875,t3_3cayqx,t1_cstvlmi,t1_csuqreg,0.1548223350253807,0.22093023255813954,-0.06610789753275884
p_3877,t3_3cavj4,t1_cstv538,t1_cstveu6,0.15658362989323843,0.15844155844155844,-0.0018579285483200092
p_3879,t3_3c98q4,t1_csu2svh,t1_cstm5hj,0.29411764705882354,0.26359832635983266,0.03051932069899088
p_3882,t3_3c7i98,t1_cst34iw,t1_cstc95e,0.13333333333333333,0.18077474892395984,-0.04744141559062651
p_3883,t3_3c7i98,t1_cst4n6b,t1_cssyowf,0.11764705882352941,0.11290322580645161,0.0047438330170778
p_3884,t3_3c7hdt,t1_cssyep4,t1_cssyplh,0.22448979591836735,0.25333333333333335,-0.02884353741496601
p_3885,t3_3c7bxx,t1_cssy476,t1_cssz8bw,0.18633540372670807,0.17889908256880735,0.007436321157900716
p_3886,t3_3c7bxx,t1_cssx724,t1_cssyebj,0.11851851851851852,0.22448979591836735,-0.10597127739984882
p_3887,t3_3c7bxx,t1_csswyf9,t1_cssyx4a,0.1884498480243161,0.19230769230769232,-0.0038578442833762105
p_3888,t3_3c79ax,t1_cstmdkn,t1_cst2h3f,0.18461538461538463,0.18181818181818182,0.0027972027972028024
p_3889,t3_3c4zj4,t1_cssgey0,t1_cssmoek,0.15656565656565657,0.1919191919191919,-0.03535353535353533
p_3892,t3_3c4ur8,t1_csstz3k,t1_cssgupg,0.33962264150943394,0.26582278481012656,0.07379985669930739
p_3893,t3_3c4cgb,t1_css5ynt,t1_css4koj,0.2549019607843137,0.2878787878787879,-0.03297682709447419
p_3894,t3_3c1zj9,t1_csrkkl3,t1_csrki9f,0.16322701688555347,0.17647058823529413,-0.013243571349740663
p_3895,t3_3c17uc,t1_csrdlff,t1_csrifkt,0.18478260869565216,0.17751479289940827,0.007267815796243887
p_3897,t3_3bxmo5,t1_csqhtr5,t1_csql6b1,0.18,0.16058394160583941,0.01941605839416058
p_3898,t3_3bxfo6,t1_csqmc1m,t1_csqifhm,0.1634980988593156,0.11210762331838565,0.051390475540929945
p_3899,t3_3bvjuk,t1_cspw440,t1_csrek47,0.19205298013245034,0.16049382716049382,0.03155915297195652
p_3901,t3_3bth79,t1_csq2nx8,t1_cspwvty,0.18309859154929578,0.16455696202531644,0.018541629523979336
p_3902,t3_3bsou9,t1_csp5h2g,t1_cspiswo,0.21084337349397592,0.2782608695652174,-0.06741749607124148
p_3904,t3_3brtn7,t1_csozaec,t1_csoyw8u,0.24468085106382978,0.26,-0.01531914893617023
p_3905,t3_3bqwex,t1_csompka,t1_csomtdh,0.21341463414634146,0.24358974358974358,-0.030175109443402126
p_3906,t3_3bqwex,t1_csorp8q,t1_cson8bj,0.21323529411764705,0.20848056537102475,0.004754728746622305
p_3908,t3_3bo4jt,t1_cso0zon,t1_csnwp3y,0.13636363636363635,0.10714285714285714,0.029220779220779217
p_3909,t3_3bnf96,t1_csnpy6t,t1_csnprkc,0.1625,0.2,-0.037500000000000006
p_3910,t3_3bnan1,t1_csnruno,t1_csnpv63,0.205607476635514,0.2336448598130841,-0.028037383177570097
p_3911,t3_3blafk,t1_csn7a18,t1_csndd8w,0.17695473251028807,0.15384615384615385,0.02310857866413421
p_3913,t3_3bh98p,t1_csmf3ub,t1_csmc3eh,0.2711864406779661,0.3050847457627119,-0.03389830508474578
p_3914,t3_3bgni1,t1_cslzxdh,t1_cslyqv4,0.15217391304347827,0.12195121951219512,0.03022269353128315
p_3915,t3_3bfy1c,t1_csls1iv,t1_cslt1od,0.16,0.11320754716981132,0.04679245283018868
p_3916,t3_3bfsz3,t1_cslqq37,t1_cslrrds,0.17543859649122806,0.17391304347826086,0.0015255530129671957
p_3917,t3_3bfrve,t1_csmj6kc,t1_cslufx2,0.11636363636363636,0.18023255813953487,-0.06386892177589851
p_3920,t3_3be88i,t1_cslgmna,t1_cslflrz,0.13043478260869565,0.2169811320754717,-0.08654634946677606
p_3923,t3_3bdv00,t1_csld97c,t1_csl9q5t,0.2207001522070015,0.2222222222222222,-0.0015220700152207
p_3924,t3_3bdv00,t1_csltmou,t1_cslb8xi,0.17408906882591094,0.19298245614035087,-0.01889338731443993
p_3925,t3_3bd8kh,t1_csl6slc,t1_csl587l,0.13513513513513514,0.21839080459770116,-0.08325566946256602
p_3926,t3_3bd8kh,t1_csl5ba1,t1_csl587l,0.175,0.21839080459770116,-0.04339080459770117
p_3927,t3_3bcp2n,t1_csl43ts,t1_csl3e30,0.19411764705882353,0.13089005235602094,0.06322759470280259
p_3929,t3_3bc4if,t1_cslj62e,t1_cskt9uf,0.21610169491525424,0.22033898305084745,-0.004237288135593209
p_3930,t3_3bbxyv,t1_cskwmb5,t1_cskrtjj,0.15425531914893617,0.27350427350427353,-0.11924895435533736
p_3932,t3_3b7rjo,t1_csjnvbr,t1_csjnx6u,0.1717171717171717,0.19488817891373802,-0.023171007196566312
p_3934,t3_3b60s8,t1_csj6vl4,t1_csj6ucq,0.33695652173913043,0.2,0.13695652173913042
p_3935,t3_3b60s8,t1_csj6qcn,t1_csj6ucq,0.17558886509635974,0.2,-0.024411134903640275
p_3936,t3_3b5udg,t1_csj5cco,t1_csj62ym,0.13194444444444445,0.23626373626373626,-0.10431929181929181
p_3937,t3_3b3s26,t1_csikhqa,t1_csizt4g,0.21862348178137653,0.22077922077922077,-0.002155738997844242
p_3938,t3_3b3s26,t1_csinn2z,t1_csilwsy,0.1590909090909091,0.23,-0.07090909090909092
p_3940,t3_3b3s26,t1_csj8r3h,t1_csjh1er,0.1388888888888889,0.20089285714285715,-0.062003968253968256
p_3943,t3_3aweej,t1_csgl5n3,t1_csgl50z,0.11538461538461539,0.2007042253521127,-0.0853196099674973
p_3944,t3_3aw1uk,t1_csghmnt,t1_csghmsc,0.23,0.14285714285714285,0.08714285714285716
p_3945,t3_3avhws,t1_csgfhi0,t1_csh8ors,0.2145922746781116,0.1919191919191919,0.022673082758919688
p_3947,t3_3atkce,t1_csgbg47,t1_csfw4e2,0.17814726840855108,0.188911704312115,-0.010764435903563907
p_3948,t3_3atkce,t1_csfy1wp,t1_csfynp2,0.1346153846153846,0.04054054054054054,0.09407484407484407
p_3951,t3_3asyzb,t1_csfojsx,t1_csfoidu,0.2302158273381295,0.25,-0.01978417266187049
p_3949,t3_3asyzb,t1_csfoiyw,t1_csfp13b,0.19753086419753085,0.20909090909090908,-0.011560044893378224
p_3952,t3_3argex,t1_csfb50r,t1_csf9txd,0.1565217391304348,0.13245033112582782,0.02407140800460697
p_3953,t3_3argex,t1_csf9rhm,t1_csfa4gt,0.18666666666666668,0.17391304347826086,0.01275362318840581
p_3954,t3_3aq0ij,t1_cseyfmf,t1_csf3dvk,0.1827956989247312,0.20987654320987653,-0.027080844285145345
p_3955,t3_3apczi,t1_cseq9zw,t1_csf36xd,0.15283842794759825,0.15598885793871867,-0.003150429991120418
p_3956,t3_3anzqm,t1_cseek90,t1_csf57m7,0.15945330296127563,0.2478448275862069,-0.08839152462493127
p_3958,t3_3anfy4,t1_csezvw7,t1_csfvxf5,0.10266159695817491,0.16545718432510886,-0.06279558736693396
p_3959,t3_3amks3,t1_cse04e1,t1_cse06yf,0.24175824175824176,0.2,0.04175824175824175
p_3960,t3_3amks3,t1_cse088c,t1_csdzw5z,0.16287878787878787,0.24050632911392406,-0.07762754123513618
p_3961,t3_3amjrk,t1_cse2b43,t1_cse2e1a,0.17402597402597403,0.1902654867256637,-0.01623951269968968
p_3963,t3_3ajn0a,t1_csda1xc,t1_csd7usc,0.1357142857142857,0.1368421052631579,-0.0011278195488721998
p_3964,t3_3ajaa6,t1_csd6bdb,t1_csdib45,0.14666666666666667,0.1774193548387097,-0.03075268817204302
p_3965,t3_3aimk2,t1_csd7mip,t1_csd1vz4,0.16381156316916487,0.23170731707317074,-0.06789575390400587
p_3966,t3_3afuie,t1_csc8p2d,t1_cscbdx0,0.22077922077922077,0.20192307692307693,0.018856143856143842
p_3967,t3_3acxa4,t1_csbkvf8,t1_csbgdpk,0.1553588987217306,0.14678899082568808,0.008569907896042506
p_3968,t3_3aco44,t1_csblx8d,t1_csbjlck,0.19384615384615383,0.2653061224489796,-0.07145996860282577
p_3969,t3_3acm0d,t1_csbe584,t1_csbdx0v,0.13043478260869565,0.1564625850340136,-0.026027802425317964
p_3971,t3_3abfdn,t1_csb9hv6,t1_csb2as0,0.23529411764705882,0.18120805369127516,0.054086063955783664
p_3972,t3_3abaqq,t1_csb38zu,t1_csb0t4r,0.15157894736842106,0.21885521885521886,-0.0672762714867978
p_3976,t3_3a8arj,t1_csb25uo,t1_csa740s,0.1592920353982301,0.12790697674418605,0.031385058654044035
p_3975,t3_3a8arj,t1_csa7uvc,t1_csag2ec,0.17647058823529413,0.16901408450704225,0.007456503728251879
p_3977,t3_3a7ys8,t1_csa4ppt,t1_csakjm1,0.22404371584699453,0.24285714285714285,-0.01881342701014832
p_3978,t3_3a7ys8,t1_csa41uf,t1_csakjm1,0.04878048780487805,0.24285714285714285,-0.1940766550522648
p_3979,t3_3a7ys8,t1_csa7eao,t1_csaftry,0.15123456790123457,0.18404907975460122,-0.032814511853366646
p_3980,t3_3a6yg4,t1_cs9xgqf,t1_csaitas,0.2535211267605634,0.15757575757575756,0.09594536918480581
p_3981,t3_3a6sfg,t1_cs9tnoi,t1_cs9t2mb,0.1695906432748538,0.1774193548387097,-0.007828711563855895
p_3982,t3_3a6sfg,t1_cs9u81l,t1_csa0tu8,0.1625615763546798,0.26,-0.09743842364532021
p_3983,t3_3a6sfg,t1_cs9uuka,t1_cs9v38y,0.1650485436893204,0.2222222222222222,-0.05717367853290181
p_3985,t3_3a6sfg,t1_cs9ty4c,t1_cs9tcqo,0.15895953757225434,0.16666666666666666,-0.007707129094412318
p_3984,t3_3a6sfg,t1_cs9tqur,t1_csa781a,0.18518518518518517,0.18571428571428572,-0.0005291005291005457
p_3986,t3_3a6sfg,t1_csacapm,t1_cs9wsj6,0.16501650165016502,0.1276595744680851,0.03735692718207992
p_3987,t3_3a6nix,t1_cs9ymgy,t1_cs9xs4k,0.14705882352941177,0.12244897959183673,0.024609843937575038
p_3988,t3_3a6nix,t1_csa3hjg,t1_cs9xpu5,0.21311475409836064,0.18114602587800369,0.03196872822035696
p_3989,t3_3a47yn,t1_cs96cyo,t1_cs96mzz,0.26,0.25274725274725274,0.007252747252747271
p_3990,t3_3a44py,t1_cs97753,t1_cs95esh,0.2,0.22772277227722773,-0.02772277227722772
p_3991,t3_3a44py,t1_cs94osm,t1_cs95esh,0.2302158273381295,0.22772277227722773,0.0024930550609017776
p_3992,t3_3a44py,t1_cs95hzu,t1_cs95esh,0.22962962962962963,0.22772277227722773,0.0019068573524018972
p_3996,t3_3a2kst,t1_cs8otu7,t1_cs8qjhb,0.1518987341772152,0.17712177121771217,-0.02522303704049697
p_3997,t3_3a2kps,t1_cs8oy5s,t1_cs8pl4s,0.13793103448275862,0.1,0.03793103448275861
p_3998,t3_3a2kps,t1_cs8w2yw,t1_cs8voy5,0.19148936170212766,0.17567567567567569,0.015813686026451973
p_3999,t3_3a27yg,t1_cs8nx8v,t1_cs8njw2,0.23076923076923078,0.23648648648648649,-0.005717255717255704
p_4000,t3_3a27yg,t1_cs8u90i,t1_cs8z4yz,0.14685314685314685,0.20967741935483872,-0.06282427250169187
p_4001,t3_3a27yg,t1_cs98bq1,t1_cs8lemy,0.21945432977461446,0.20817843866171004,0.011275891112904418
p_4002,t3_3a1zva,t1_cs8kcyk,t1_cs8k3ho,0.23880597014925373,0.2553191489361702,-0.016513178786916466
p_4003,t3_3a1llw,t1_cs8f5f6,t1_cs8grh5,0.17708333333333334,0.1939655172413793,-0.016882183908045967
p_4004,t3_3a1llw,t1_cs8otpf,t1_cs8epuj,0.16049382716049382,0.2159090909090909,-0.05541526374859709
p_4006,t3_39y3l4,t1_cs7hm0x,t1_cs7hrpe,0.1984126984126984,0.17037037037037037,0.028042328042328035
p_4007,t3_39xc0u,t1_cs7s05a,t1_cs7ksi5,0.1847750865051903,0.17162872154115585,0.013146364964034457
p_4008,t3_39vjw8,t1_cs6yty8,t1_cs75jk8,0.24647887323943662,0.23824451410658307,0.008234359132853558
p_4009,t3_39tm84,t1_cs6dg04,t1_cs6p5zn,0.23950617283950618,0.22033898305084745,0.019167189788658723
p_4010,t3_39rlhg,t1_cs604vg,t1_cs5u7z4,0.0875,0.16161616161616163,-0.07411616161616164
p_4011,t3_39rlhg,t1_cs61rw2,t1_cs5u7z4,0.13849765258215962,0.16161616161616163,-0.023118509034002005
p_4012,t3_39r7s6,t1_cs5qjkd,t1_cs5pexs,0.11952191235059761,0.19736842105263158,-0.07784650870203397
p_4013,t3_39pwzl,t1_cs5e1x6,t1_cs5dyl3,0.16595744680851063,0.15079365079365079,0.015163796014859843
p_4015,t3_39o24x,t1_cs51oox,t1_cs53w1p,0.16666666666666666,0.2,-0.033333333333333354
p_4019,t3_39o24x,t1_cs519gf,t1_cs53w1p,0.19327731092436976,0.2,-0.006722689075630256
p_4018,t3_39o24x,t1_cs51cou,t1_cs51mes,0.208955223880597,0.16101694915254236,0.04793827472805465
p_4020,t3_39mibw,t1_cs4mto6,t1_cs4n3wq,0.23353293413173654,0.2033898305084746,0.030143103623261946
p_4022,t3_39mgic,t1_cs4lprf,t1_cs6cp67,0.24545454545454545,0.205607476635514,0.03984706881903144
p_4024,t3_39kdu2,t1_cs44pon,t1_cs433uj,0.18023255813953487,0.10185185185185185,0.07838070628768302
p_4025,t3_39jwup,t1_cs46pqo,t1_cs4a7ru,0.16685584562996594,0.15604395604395604,0.010811889586009898
p_4026,t3_39int7,t1_cs3rx5b,t1_cs3s38w,0.18983050847457628,0.13123359580052493,0.058596912674051344
p_4027,t3_39int7,t1_cs3qpta,t1_cs3s2nm,0.14035087719298245,0.20833333333333334,-0.0679824561403509
p_4028,t3_39gzr7,t1_cs3agsc,t1_cs3ibde,0.203125,0.1792452830188679,0.023879716981132088
p_4029,t3_39gecw,t1_cs34hhp,t1_cs34bq6,0.30158730158730157,0.26229508196721313,0.03929221962008844
p_4032,t3_39fdgq,t1_cs2vs00,t1_cs3vhdu,0.16666666666666666,0.1368421052631579,0.029824561403508754
p_4034,t3_39cnaw,t1_cs2c2cg,t1_cs2ak8s,0.1717171717171717,0.21794871794871795,-0.04623154623154624
p_4037,t3_39an4v,t1_cs1rnz3,t1_cs1qvzv,0.13963963963963963,0.14942528735632185,-0.009785647716682222
p_4038,t3_3973q1,t1_cs0zdjz,t1_cs0x3jw,0.1288888888888889,0.1919191919191919,-0.06303030303030302
p_4040,t3_396i03,t1_cs0u4rr,t1_cs1pfx6,0.12135922330097088,0.10606060606060606,0.015298617240364812
p_4041,t3_396ds4,t1_cs0r30x,t1_cs0rkfk,0.10606060606060606,0.1810344827586207,-0.07497387669801463
p_4042,t3_396ds4,t1_cs0pu9z,t1_cs0rkfk,0.233502538071066,0.1810344827586207,0.052468055312445305
p_4045,t3_394d49,t1_cs0kixk,t1_cs0kzwk,0.19767441860465115,0.16964285714285715,0.028031561461794002
p_4046,t3_393acp,t1_cs0gkne,t1_cs03ftc,0.16374269005847952,0.1793103448275862,-0.015567654769106681
p_4047,t3_391syd,t1_crzm90i,t1_crzmejp,0.20072992700729927,0.1337579617834395,0.06697196522385979
p_4050,t3_38x3jr,t1_cryip44,t1_crys2g6,0.14685314685314685,0.15298507462686567,-0.0061319277737188205
p_4051,t3_38wxwu,t1_cryi2ij,t1_crygq09,0.22602739726027396,0.24,-0.013972602739726031
p_4052,t3_38wrju,t1_crygoz5,t1_cryxmv8,0.18461538461538463,0.23728813559322035,-0.05267275097783572
p_4054,t3_38s7v1,t1_crxxvxw,t1_crxhlos,0.18082788671023964,0.1568627450980392,0.023965141612200425
p_4056,t3_38qcbx,t1_crx7b22,t1_crx75t9,0.0892018779342723,0.16296296296296298,-0.07376108502869068
p_4057,t3_38pbd5,t1_crwsbqv,t1_crxjvmc,0.12385321100917432,0.14814814814814814,-0.02429493713897382
p_4060,t3_38nv4x,t1_crwj8qj,t1_crwnz8i,0.24822695035460993,0.18666666666666668,0.06156028368794325
p_4061,t3_38nv4x,t1_crwoni8,t1_crwub6q,0.16400911161731208,0.25617283950617287,-0.09216372788886079
p_4062,t3_38lqjc,t1_crvzt6q,t1_crvzmx5,0.11564625850340136,0.17454545454545456,-0.058899196042053195
p_4063,t3_38kv3z,t1_crwg43c,t1_crxycdw,0.19536423841059603,0.18473895582329317,0.010625282587302859
p_4064,t3_38ks5m,t1_crvtej9,t1_crvxmr6,0.16532258064516128,0.1939799331103679,-0.02865735246520662
p_4065,t3_38jijq,t1_crvigw7,t1_crvi4ft,0.12979351032448377,0.08771929824561403,0.042074212078869744
p_4068,t3_38hvec,t1_crv5pod,t1_crva2wu,0.15228426395939088,0.17391304347826086,-0.02162877951886999
p_4070,t3_38hvec,t1_crvb81l,t1_crvbp5u,0.09615384615384616,0.11320754716981132,-0.017053701015965164
p_4071,t3_38esaa,t1_cruufn4,t1_cruhp7v,0.08791208791208792,0.21428571428571427,-0.12637362637362637
p_4072,t3_38ehc6,t1_crug3c6,t1_cruge8m,0.29411764705882354,0.20987654320987653,0.08424110384894701
p_4073,t3_38ehc6,t1_crufbnb,t1_cruge8m,0.15625,0.20987654320987653,-0.05362654320987653
p_4074,t3_38b3d9,t1_crtqxff,t1_crtzoqd,0.23076923076923078,0.16017316017316016,0.07059607059607062
p_4075,t3_38ah82,t1_crtkrsw,t1_crtl6k2,0.1811965811965812,0.18248175182481752,-0.0012851706282363262
p_4078,t3_3856c4,t1_crsfw83,t1_crsdpxt,0.1527777777777778,0.07792207792207792,0.07485569985569987
p_4079,t3_383qcb,t1_crs0xzi,t1_crs1phn,0.19117647058823528,0.2222222222222222,-0.03104575163398693
p_4080,t3_383qcb,t1_crs37s2,t1_crs5obi,0.23275862068965517,0.16129032258064516,0.07146829810901001
p_4081,t3_382uqn,t1_crrvd7b,t1_crsvp2m,0.28205128205128205,0.21505376344086022,0.06699751861042183
p_4084,t3_382uqn,t1_crsgxg7,t1_crsvp2m,0.2022792022792023,0.21505376344086022,-0.012774561161657927
p_4085,t3_381ey6,t1_crrlwhm,t1_crrsigq,0.15550755939524838,0.19915254237288135,-0.04364498297763297
p_4086,t3_381ey6,t1_crrj8n5,t1_crrl2sb,0.1271186440677966,0.20161290322580644,-0.07449425915800983
p_4087,t3_381ey6,t1_crrj6x9,t1_crrsoh1,0.1837270341207349,0.20618556701030927,-0.022458532889574362
p_4088,t3_3814fe,t1_crs7vs7,t1_crrr3vr,0.1568627450980392,0.22972972972972974,-0.07286698463169053
p_4089,t3_3814fe,t1_crrqjbh,t1_crrr3vr,0.25301204819277107,0.22972972972972974,0.023282318463041324
p_4090,t3_37ypcc,t1_crqzfaw,t1_crrcx9w,0.2328767123287671,0.18446601941747573,0.04841069291129138
p_4092,t3_37x4xe,t1_crqnq2r,t1_crqlwke,0.1411764705882353,0.17575757575757575,-0.03458110516934046
p_4095,t3_37ug2e,t1_crpxli7,t1_crpxq2o,0.2108843537414966,0.3103448275862069,-0.0994604738447103
p_4096,t3_37u8cs,t1_crpxfwt,t1_crq0vt4,0.1780821917808219,0.17096774193548386,0.0071144498453380445
p_4098,t3_37te7r,t1_crq15b7,t1_crpr6qy,0.14666666666666667,0.20987654320987653,-0.06320987654320986
p_4100,t3_37scpk,t1_crpm7rq,t1_crphi3e,0.16501650165016502,0.2,-0.034983498349834996
p_4099,t3_37scpk,t1_crpjym2,t1_crpj42q,0.30165289256198347,0.25196850393700787,0.049684388624975595
p_4101,t3_37r5aa,t1_crp4yya,t1_crp52u5,0.12698412698412698,0.23809523809523808,-0.1111111111111111
p_4102,t3_37p0d8,t1_crolmg0,t1_cros9jk,0.2631578947368421,0.2625,0.0006578947368420796
p_4103,t3_37p0d8,t1_crolte5,t1_cror8od,0.23723723723723725,0.23655913978494625,0.0006780974522909988
p_4105,t3_37okwz,t1_crol9eo,t1_crohrkg,0.16393442622950818,0.17613636363636365,-0.012201937406855462
p_4104,t3_37okwz,t1_croli1i,t1_croiuun,0.1670886075949367,0.0967741935483871,0.07031441404654962
p_4107,t3_37nxjn,t1_crotvnl,t1_crobn4e,0.20689655172413793,0.1456953642384106,0.06120118748572734
p_4108,t3_37nv7l,t1_crobgcl,t1_croatus,0.10526315789473684,0.15333333333333332,-0.048070175438596485
p_4109,t3_37nv7l,t1_crod5fw,t1_crobejx,0.14782608695652175,0.11904761904761904,0.028778467908902705
p_4113,t3_37jfl3,t1_crn7z3i,t1_crn9n8h,0.18699186991869918,0.17473684210526316,0.012255027813436015
p_4114,t3_37jfl3,t1_cro542n,t1_crn9n8h,0.25287356321839083,0.17473684210526316,0.07813672111312767
p_4115,t3_37jfl3,t1_crn8fep,t1_crnb7qs,0.22916666666666666,0.14,0.08916666666666664
p_4116,t3_37j0tw,t1_crnmek9,t1_crn4uka,0.18421052631578946,0.17697228144989338,0.007238244865896082
p_4117,t3_37i8f6,t1_crn97hc,t1_crn6u5k,0.19373219373219372,0.23504273504273504,-0.04131054131054132
p_4119,t3_37i8f6,t1_crnc1m6,t1_crn6u5k,0.2062937062937063,0.23504273504273504,-0.028749028749028738
p_4122,t3_37h70b,t1_crnpv8h,t1_crmnqm8,0.23308270676691728,0.1951219512195122,0.03796075554740508
p_4124,t3_37h2pb,t1_crmzdc2,t1_crn24i7,0.1503957783641161,0.1875,-0.037104221635883894
p_4125,t3_37gzdo,t1_crmlb6i,t1_crml5su,0.1320754716981132,0.21818181818181817,-0.08610634648370497
p_4127,t3_37gzdo,t1_crn13m3,t1_crmleve,0.19753086419753085,0.21428571428571427,-0.01675485008818342
p_4126,t3_37gzdo,t1_crmpjd9,t1_crmq520,0.2542372881355932,0.23529411764705882,0.01894317048853439
p_4128,t3_37gq9y,t1_crmtqyf,t1_crmj7w5,0.1910828025477707,0.18253968253968253,0.008543120008088184
p_4129,t3_37fpzj,t1_crmgunx,t1_crmev4y,0.189873417721519,0.1793478260869565,0.010525591634562487
p_4130,t3_37e6il,t1_crlxhoh,t1_crlycu1,0.25806451612903225,0.22826086956521738,0.029803646563814873
p_4131,t3_37e6il,t1_crmbvpl,t1_crmbrw9,0.1111111111111111,0.22972972972972974,-0.11861861861861864
p_4132,t3_37c5ei,t1_crmai65,t1_crlk9hq,0.18418201516793067,0.1871609403254973,-0.00297892515756662
p_4133,t3_37b2pr,t1_crlhcyw,t1_crld5qe,0.164,0.19932432432432431,-0.03532432432432431
p_4134,t3_37956u,t1_crku1nj,t1_crktasi,0.18091168091168092,0.14893617021276595,0.031975510698914966
p_4136,t3_376s9u,t1_crkaoej,t1_crk67b4,0.23487544483985764,0.18292682926829268,0.051948615571564966
p_4137,t3_376s9u,t1_crkcdfq,t1_crk61cm,0.16025641025641027,0.21008403361344538,-0.04982762335703511
p_4138,t3_375cgq,t1_crjtlue,t1_crkdcxu,0.2,0.17857142857142858,0.021428571428571436
p_4139,t3_375cgq,t1_crju8kq,t1_crju0u6,0.22702702702702704,0.23859649122807017,-0.011569464201043128
p_4140,t3_374p4i,t1_crjo7t9,t1_crjoxub,0.1925925925925926,0.20089285714285715,-0.008300264550264558
p_4141,t3_373lxk,t1_crjfcxr,t1_crjh3wk,0.2035623409669211,0.2413793103448276,-0.03781696937790649
p_4146,t3_371vcx,t1_crj0j6i,t1_crj1d9h,0.20869565217391303,0.19230769230769232,0.016387959866220714
p_4147,t3_371t9v,t1_criyct1,t1_criz1vm,0.15,0.17142857142857143,-0.021428571428571436
p_4148,t3_371jts,t1_crj5qge,t1_crj0124,0.11956521739130435,0.12857142857142856,-0.009006211180124207
p_4149,t3_371iek,t1_criw393,t1_criw4gt,0.1814516129032258,0.1518624641833811,0.02958914871984472
p_4151,t3_37131i,t1_crit8xo,t1_crise8t,0.09686609686609686,0.17301038062283736,-0.0761442837567405
p_4152,t3_37131i,t1_crizuk3,t1_crise8t,0.11594202898550725,0.17301038062283736,-0.05706835163733011
p_4153,t3_370rik,t1_crj6cfx,t1_crj8cj7,0.12030075187969924,0.1619047619047619,-0.04160401002506267
p_4154,t3_36wmyv,t1_crhsd0m,t1_crhpets,0.2,0.22608695652173913,-0.02608695652173912
p_4155,t3_36utu6,t1_crhapyz,t1_crhjyof,0.1956521739130435,0.15757575757575756,0.03807641633728592
p_4156,t3_36utu6,t1_crh9yic,t1_crhhhv0,0.15593220338983052,0.19254658385093168,-0.03661438046110116
p_4157,t3_36utu6,t1_crhghlc,t1_crhhhv0,0.21641791044776118,0.19254658385093168,0.0238713265968295
p_4158,t3_36utu6,t1_crhdevz,t1_crhc46p,0.2286902286902287,0.17248908296943233,0.056201145720796375
p_4159,t3_36utu6,t1_crhsu1b,t1_crhjyof,0.15765765765765766,0.15757575757575756,8.190008190009368e-05
p_4160,t3_36utu6,t1_crhkv7d,t1_crhubbh,0.18449197860962566,0.21445783132530122,-0.02996585271567556
p_4161,t3_36utu6,t1_crhdith,t1_crhc46p,0.18253968253968253,0.17248908296943233,0.010050599570250202
p_4163,t3_36u3s6,t1_crh9c6f,t1_crh4b3c,0.2222222222222222,0.21804511278195488,0.004177109440267335
p_4164,t3_36tyf9,t1_crh4v0f,t1_crh37pw,0.20457796852646637,0.19327731092436976,0.011300657602096614
p_4165,t3_36t890,t1_crgxzpm,t1_crhepb2,0.2358490566037736,0.21693121693121692,0.01891783967255667
p_4166,t3_36rxl7,t1_crlw8uo,t1_crgw0wb,0.1746031746031746,0.13157894736842105,0.04302422723475355
p_4168,t3_36r305,t1_crgcbrk,t1_crgb0m6,0.1935483870967742,0.2,-0.006451612903225823
p_4169,t3_36r305,t1_crgbung,t1_crgk9p9,0.2,0.16363636363636364,0.036363636363636376
p_4170,t3_36r305,t1_crgbjl7,t1_crgfecc,0.20253164556962025,0.10714285714285714,0.09538878842676311
p_4171,t3_36r305,t1_crgf3i9,t1_crgfecc,0.13709677419354838,0.10714285714285714,0.02995391705069124
p_4172,t3_36r305,t1_crgfk2y,t1_crgfecc,0.20238095238095238,0.10714285714285714,0.09523809523809525
p_4175,t3_36nz4d,t1_crfsbub,t1_crfkxmv,0.21052631578947367,0.14,0.07052631578947366
p_4176,t3_36nz4d,t1_crfn04f,t1_crfnywz,0.24596774193548387,0.2490272373540856,-0.003059495418601732
p_4177,t3_36ncax,t1_crfgebl,t1_crffh1u,0.19631901840490798,0.14473684210526316,0.051582176299644816
p_4180,t3_36iee8,t1_cre9a2g,t1_cretabl,0.19170984455958548,0.15765069551777433,0.03405914904181115
p_4181,t3_36iee8,t1_crez4hc,t1_cretabl,0.1662269129287599,0.15765069551777433,0.008576217410985576
p_4182,t3_36htjx,t1_cre64ad,t1_cre4lsx,0.13043478260869565,0.18137254901960784,-0.05093776641091219
p_4187,t3_36gp4w,t1_crdult8,t1_cree54y,0.14563106796116504,0.20454545454545456,-0.05891438658428952
p_4188,t3_36fnl9,t1_crdkebp,t1_crdk3ku,0.21739130434782608,0.25,-0.03260869565217392
p_4189,t3_36fllr,t1_cre4905,t1_crdk6ds,0.16417910447761194,0.08130081300813008,0.08287829146948186
p_4190,t3_36eadt,t1_crd7ceh,t1_crdmuo9,0.17543859649122806,0.18243243243243243,-0.006993835941204368
p_4191,t3_36dprt,t1_crd5jwj,t1_crd60jm,0.17960088691796008,0.17295597484276728,0.006644912075192799
p_4192,t3_36ckmk,t1_crcyaft,t1_crcrx2m,0.18501170960187355,0.29310344827586204,-0.1080917386739885
p_4193,t3_36cadv,t1_crd31fu,t1_crcyh42,0.1111111111111111,0.14388489208633093,-0.032773780975219824
p_4195,t3_36az4a,t1_crccjno,t1_crcd94m,0.21739130434782608,0.17573221757322174,0.04165908677460434
p_4196,t3_36az4a,t1_crcdumw,t1_crcd94m,0.23595505617977527,0.17573221757322174,0.06022283860655353
p_4203,t3_366935,t1_crb48sd,t1_crb93o7,0.15196078431372548,0.18604651162790697,-0.034085727314181496
p_4204,t3_366935,t1_crb5ovt,t1_crb4po1,0.19915254237288135,0.1958762886597938,0.00327625371308754
p_4205,t3_366935,t1_crb3q3x,t1_crb93o7,0.1782178217821782,0.18604651162790697,-0.007828689845728765
p_4207,t3_3633hr,t1_cracfoy,t1_craetek,0.08527131782945736,0.22580645161290322,-0.14053513378344584
p_4213,t3_362xxo,t1_craazhe,t1_cra7vj8,0.297029702970297,0.2251655629139073,0.07186414005638972
p_4212,t3_362xxo,t1_cra91kz,t1_cra8egz,0.2222222222222222,0.27510917030567683,-0.05288694808345462
p_4208,t3_362xxo,t1_cra9nj2,t1_cra8egz,0.24283305227655985,0.27510917030567683,-0.03227611802911698
p_4209,t3_362xxo,t1_cra9bnt,t1_cra8egz,0.22727272727272727,0.27510917030567683,-0.047836443032949566
p_4214,t3_362xxo,t1_crabevn,t1_cra82mu,0.3076923076923077,0.21052631578947367,0.09716599190283404
p_4211,t3_362xxo,t1_cra8ccq,t1_cra85vs,0.23728813559322035,0.2529411764705882,-0.01565304087736788
p_4215,t3_361st8,t1_cr9wx17,t1_craeuvo,0.22169811320754718,0.2569444444444444,-0.035246331236897244
p_4216,t3_361st8,t1_cra0mwx,t1_cra9gv9,0.17307692307692307,0.17857142857142858,-0.005494505494505503
p_4217,t3_361st8,t1_craiwvx,t1_cra9gv9,0.215633423180593,0.17857142857142858,0.03706199460916443
p_4218,t3_361cys,t1_cr9yzkw,t1_cr9y5g8,0.1721311475409836,0.15454545454545454,0.017585692995529062
p_4219,t3_361cys,t1_cr9xgc0,t1_cr9t6qc,0.1685823754789272,0.1566265060240964,0.01195586945483082
p_4220,t3_360lwk,t1_cr9nixj,t1_cr9oak1,0.22506393861892582,0.17777777777777778,0.047286160841148034
p_4221,t3_360du5,t1_cr9k2gr,t1_cr9jhq4,0.20631067961165048,0.2857142857142857,-0.07940360610263522
p_4222,t3_35zzer,t1_cr9gnue,t1_cr9i6m0,0.1391304347826087,0.16817359855334538,-0.02904316377073668
p_4223,t3_35zi4m,t1_cr9bdwl,t1_cr9fc4y,0.12177121771217712,0.13333333333333333,-0.011562115621156208
p_4224,t3_35zguh,t1_cr9iv5x,t1_cr9h75a,0.17261904761904762,0.18350515463917524,-0.010886107020127628
p_4226,t3_35z1es,t1_cr96tzb,t1_cr9571k,0.1404494382022472,0.1111111111111111,0.029338327091136096
p_4227,t3_35z1es,t1_cr99c3w,t1_cr9d0dl,0.18453865336658354,0.24829931972789115,-0.06376066636130762
p_4228,t3_35y0qf,t1_cr8wgnx,t1_cr8vi2j,0.2085661080074488,0.18134715025906736,0.027218957748381428
p_4229,t3_35wjd8,t1_cr8v07h,t1_cr8jbs1,0.15471698113207547,0.25,-0.09528301886792453
p_4230,t3_35w8v2,t1_cr8f3v2,t1_cr8f9ax,0.3018867924528302,0.2052980132450331,0.09658877920779707
p_4231,t3_35w8v2,t1_cr8irdf,t1_cr8gplq,0.14035087719298245,0.16942148760330578,-0.029070610410323328
p_4233,t3_35toyd,t1_cr7qd1b,t1_cr85c8b,0.16923076923076924,0.3055555555555556,-0.13632478632478634
p_4234,t3_35toyd,t1_cr7oo3y,t1_cr7xf53,0.3037037037037037,0.29591836734693877,0.007785336356764927
p_4235,t3_35sw2p,t1_cr7kk4p,t1_cr7ne8m,0.1830238726790451,0.2028301886792453,-0.01980631600020019
p_4237,t3_35s5bb,t1_cr7fgpo,t1_cr7juob,0.17857142857142858,0.18473895582329317,-0.006167527251864591
p_4240,t3_35ruv5,t1_cr7clfr,t1_cr7cinv,0.15151515151515152,0.07792207792207792,0.0735930735930736
p_4239,t3_35ruv5,t1_cr7bycz,t1_cr7d0y4,0.16879795396419436,0.12755102040816327,0.041246933556031096
p_4241,t3_35peeu,t1_cr6ssh1,t1_cr7l53q,0.16765285996055226,0.14255765199161424,0.02509520796893802
p_4242,t3_35oag9,t1_cr6dn1m,t1_cr6gxvj,0.21238938053097345,0.27155172413793105,-0.0591623436069576
p_4243,t3_35oag9,t1_cr6m2hi,t1_cr6gxvj,0.24678111587982832,0.27155172413793105,-0.024770608258102733
p_4244,t3_35mgfp,t1_cr5tt2i,t1_cr68z3e,0.17365269461077845,0.16901408450704225,0.0046386101037362015
p_4245,t3_35mgfp,t1_cr61twj,t1_cr5t999,0.1575091575091575,0.14563106796116504,0.011878089547992465
p_4246,t3_35mgfp,t1_cr5rof8,t1_cr68z3e,0.1111111111111111,0.16901408450704225,-0.057902973395931145
p_4247,t3_35md5x,t1_cr5qlbl,t1_cr6fywq,0.1941747572815534,0.18441558441558442,0.009759172865968974
p_4249,t3_35k9i9,t1_cr5buw4,t1_cr5km5t,0.14563106796116504,0.1388888888888889,0.006742179072276144
p_4252,t3_35gi8x,t1_cr4ky6p,t1_cr49czs,0.2,0.2131979695431472,-0.013197969543147198
p_4253,t3_35gi8x,t1_cr4s724,t1_cr49czs,0.21180555555555555,0.2131979695431472,-0.0013924139875916564
p_4254,t3_35foy9,t1_cr3z6dk,t1_cr4asiu,0.19284294234592445,0.17279411764705882,0.020048824698865625
p_4257,t3_35foy9,t1_cr3z34g,t1_cr46bgq,0.16326530612244897,0.2109375,-0.04767219387755103
p_4258,t3_35foy9,t1_cr45f27,t1_cr4asiu,0.1884498480243161,0.17279411764705882,0.015655730377257288
p_4260,t3_35fjb1,t1_cr49j5s,t1_cr3xa7x,0.15254237288135594,0.2,-0.04745762711864407
p_4262,t3_35bc4b,t1_cr2suj3,t1_cr2s3nt,0.15165876777251186,0.17669172932330826,-0.0250329615507964
p_4263,t3_35bc4b,t1_cr2sadm,t1_cr2soeg,0.203125,0.19047619047619047,0.012648809523809534
