pair_id,root_id,success_id,failure_id,frac_dotcom_links_success,frac_dotcom_links_failure,difference_success_minus_failure
p_1,t3_2ro9ux,t1_cnhplrm,t1_cnhqcwz,0.0,0.022727272727272728,-0.022727272727272728
p_2,t3_2ro0ti,t1_cnhuxye,t1_cnhowj2,0.014925373134328358,0.009900990099009901,0.005024383035318457
p_3,t3_2rnr30,t1_cni3o83,t1_cnhlmdo,0.0,0.0,0.0
p_5,t3_2rnfn0,t1_cnigfd9,t1_cnhjtqq,0.0,0.0,0.0
p_6,t3_2rmy6e,t1_cnhc8a5,t1_cnhmkxc,0.0,0.0,0.0
p_7,t3_2rmy6e,t1_cnhjqws,t1_cnhmkxc,0.0,0.0,0.0
p_11,t3_2rkzen,t1_cngw4hp,t1_cnhjlf9,0.0,0.0,0.0
p_12,t3_2rkjr3,t1_cngqb7p,t1_cnhhz9u,0.0,0.0,0.0
p_13,t3_2rk7my,t1_cngooa8,t1_cngpiso,0.0,0.0,0.0
p_14,t3_2rk7my,t1_cngoaq7,t1_cngoke7,0.0,0.0,0.0
p_15,t3_2rgs7o,t1_cngkdic,t1_cnfu7mt,0.0,0.0,0.0
p_18,t3_2rd7mg,t1_cnetiqi,t1_cnfbr75,0.0,0.0,0.0
p_19,t3_2rd7mg,t1_cnethg8,t1_cnevo8r,0.0,0.0,0.0
p_20,t3_2rcsdh,t1_cneonwb,t1_cnerq8q,0.0,0.0,0.0
p_21,t3_2rcsdh,t1_cnepre9,t1_cneta9f,0.0,0.0,0.0
p_22,t3_2rcsdh,t1_cnerrix,t1_cnerq8q,0.0,0.0,0.0
p_24,t3_2rcpqy,t1_cnen833,t1_cneniy0,0.0,0.0,0.0
p_25,t3_2rc3p3,t1_cnelqn6,t1_cnejze0,0.0,0.004310344827586207,-0.004310344827586207
p_26,t3_2rawgb,t1_cneyhn7,t1_cnerfm7,0.01053864168618267,0.0,0.01053864168618267
p_28,t3_2r7f0g,t1_cnd8t6p,t1_cnd4xb4,0.0,0.0,0.0
p_29,t3_2r6fw9,t1_cnczhfc,t1_cncxwgs,0.017094017094017096,0.011111111111111112,0.005982905982905984
p_30,t3_2r6a86,t1_cncxf4c,t1_cncxj5i,0.0,0.0,0.0
p_31,t3_2r6a86,t1_cncz7ep,t1_cnd1czm,0.0,0.0,0.0
p_32,t3_2r6a86,t1_cncx9n7,t1_cnd9u6t,0.0,0.0,0.0
p_33,t3_2r5o9o,t1_cncqcjt,t1_cncwesf,0.0,0.0,0.0
p_34,t3_2r5o9o,t1_cncp4k9,t1_cncvoxh,0.0,0.0,0.0
p_35,t3_2r5o9o,t1_cncqhhb,t1_cncpluh,0.0,0.0,0.0
p_36,t3_2r4u3k,t1_cncry40,t1_cncnikt,0.0,0.0,0.0
p_37,t3_2r4b8f,t1_cnch3ur,t1_cnchpr4,0.0,0.0,0.0
p_38,t3_2r3fa4,t1_cnc4l6o,t1_cnc6h09,0.0,0.0,0.0
p_39,t3_2r39y4,t1_cnc2apj,t1_cnc69pi,0.0,0.0,0.0
p_41,t3_2r1qfw,t1_cnd3gva,t1_cnbpxtc,0.0,0.0,0.0
p_42,t3_2r1omi,t1_cnblplo,t1_cnblyk8,0.0,0.0,0.0
p_43,t3_2r1omi,t1_cnby5pl,t1_cnbl7tt,0.0,0.0,0.0
p_44,t3_2r17g1,t1_cnbjfmc,t1_cnbjh0e,0.0,0.0,0.0
p_45,t3_2r0eyf,t1_cncjlq6,t1_cnb8f1r,0.0,0.0,0.0
p_47,t3_2r07cv,t1_cnb5yjj,t1_cnbl2z0,0.0,0.0,0.0
p_50,t3_2qzudy,t1_cnb75td,t1_cnb72w5,0.0,0.0,0.0
p_51,t3_2qy21w,t1_cnaozch,t1_cnaxt0m,0.014705882352941176,0.0,0.014705882352941176
p_52,t3_2qvzyh,t1_cna6cd3,t1_cna4m9p,0.0,0.0,0.0
p_54,t3_2qu6fg,t1_cn9rm4s,t1_cn9jqcy,0.0,0.0,0.0
p_55,t3_2qtorn,t1_cn9ejzb,t1_cn9ezot,0.0,0.0,0.0
p_56,t3_2qslmz,t1_cn96gyu,t1_cn96797,0.001034126163391934,0.0,0.001034126163391934
p_57,t3_2qrlmm,t1_cn8uzj9,t1_cna3vcn,0.0,0.0,0.0
p_58,t3_2qrlmm,t1_cn8va27,t1_cna3vcn,0.0,0.0,0.0
p_59,t3_2qrbaf,t1_cn9b6ar,t1_cnajqzu,0.0,0.0,0.0
p_60,t3_2qr8gn,t1_cn8tm9p,t1_cn8zxwa,0.0,0.0,0.0
p_61,t3_2qr8gn,t1_cn9b5po,t1_cn8tfsm,0.0,0.0,0.0
p_62,t3_2qqxoy,t1_cn8oez8,t1_cn8o8sq,0.0,0.0,0.0
p_63,t3_2qqa7z,t1_cn8hti0,t1_cn8hi2i,0.0,0.0,0.0
p_64,t3_2qnzap,t1_cn7zx81,t1_cn7wwbo,0.0,0.0,0.0
p_65,t3_2qnzap,t1_cn7x1ic,t1_cn7zlhv,0.0,0.0,0.0
p_66,t3_2qnu4z,t1_cn7xcvt,t1_cn8idg6,0.0,0.0,0.0
p_67,t3_2qnu4z,t1_cn7wrhe,t1_cn8idg6,0.0,0.0,0.0
p_68,t3_2qncj3,t1_cn7tqy5,t1_cn7wgim,0.0,0.002617801047120419,-0.002617801047120419
p_73,t3_2qia6o,t1_cn7l5g4,t1_cn6ogzo,0.0,0.0,0.0
p_72,t3_2qia6o,t1_cn6rxow,t1_cn6ot0g,0.0,0.0,0.0
p_74,t3_2qgpie,t1_cn620d0,t1_cn5z7c0,0.001589825119236884,0.0,0.001589825119236884
p_77,t3_2qc1rl,t1_cn5sqpz,t1_cn50cq3,0.0,0.0,0.0
p_80,t3_2qaf6l,t1_cn4h6d8,t1_cn4ba9v,0.0,0.008771929824561403,-0.008771929824561403
p_81,t3_2q9fkx,t1_cn46e20,t1_cn4ebjb,0.004149377593360996,0.0,0.004149377593360996
p_83,t3_2q6x54,t1_cn3lhe7,t1_cn3f94v,0.0,0.0,0.0
p_84,t3_2q6k6o,t1_cn3clj6,t1_cn3c0uh,0.0,0.0,0.0
p_85,t3_2q6816,t1_cn3a5px,t1_cn38xe9,0.0,0.0,0.0
p_86,t3_2q6816,t1_cn3875x,t1_cn3b495,0.0,0.0,0.0
p_90,t3_2q388d,t1_cn2e530,t1_cn2pyft,0.0,0.0,0.0
p_91,t3_2q388d,t1_cn2eaqu,t1_cn2pyft,0.0,0.0,0.0
p_92,t3_2q388d,t1_cn2re9b,t1_cn2pyft,0.0,0.0,0.0
p_93,t3_2q388d,t1_cn2e6rz,t1_cn2j7o1,0.0,0.0,0.0
p_94,t3_2q2cxc,t1_cn28of2,t1_cn2g775,0.0,0.0,0.0
p_96,t3_2q0dpm,t1_cn1ti5g,t1_cn1p49g,0.0,0.009433962264150943,-0.009433962264150943
p_101,t3_2pxqz4,t1_cn13ybe,t1_cn0y99z,0.0,0.0,0.0
p_98,t3_2pxqz4,t1_cn11dcw,t1_cn0y99z,0.0,0.0,0.0
p_99,t3_2pxqz4,t1_cn0znyb,t1_cn0y99z,0.0,0.0,0.0
p_100,t3_2pxqz4,t1_cn11u7e,t1_cn12dq3,0.0,0.0,0.0
p_103,t3_2pww37,t1_cn0q1m7,t1_cn0vhkj,0.0,0.0,0.0
p_105,t3_2pt2b2,t1_cmztgqz,t1_cmzvst5,0.0,0.0,0.0
p_106,t3_2pt2b2,t1_cmzx0i4,t1_cmzv05o,0.0,0.0,0.0
p_107,t3_2ps2mr,t1_cmzhxux,t1_cmzyju1,0.0,0.0,0.0
p_108,t3_2pqfx4,t1_cmzmqbt,t1_cmz3fhx,0.0,0.0,0.0
p_109,t3_2ppxgu,t1_cmz3fxo,t1_cmz3hz0,0.0,0.0,0.0
p_110,t3_2pp7pp,t1_cmyupjh,t1_cmyxcrc,0.0,0.0007304601899196494,-0.0007304601899196494
p_112,t3_2pnm9s,t1_cmytc0t,t1_cmycunf,0.0,0.0,0.0
p_114,t3_2pm08t,t1_cmxwzlp,t1_cmxwyti,0.0,0.0,0.0
p_116,t3_2pjmrj,t1_cmxddb6,t1_cmxj3jh,0.0010976948408342481,0.0,0.0010976948408342481
p_117,t3_2pjbkm,t1_cmx7wpk,t1_cmx81vs,0.0,0.0,0.0
p_119,t3_2pjbkm,t1_cmx86kb,t1_cmx81vs,0.0,0.0,0.0
p_118,t3_2pjbkm,t1_cmx7tet,t1_cmx7r0l,0.0,0.0,0.0
p_120,t3_2pimzj,t1_cmx2c61,t1_cmy635r,0.005319148936170213,0.0,0.005319148936170213
p_122,t3_2phwfa,t1_cmwy98c,t1_cmwvzit,0.0,0.0,0.0
p_123,t3_2pfatz,t1_cmw8af0,t1_cmw5dme,0.0,0.0,0.0
p_124,t3_2pf19b,t1_cmw30ng,t1_cmw5vwc,0.003968253968253968,0.0,0.003968253968253968
p_125,t3_2pb90y,t1_cmw6nes,t1_cmv8x0x,0.0,0.0,0.0
p_126,t3_2pata1,t1_cmuzv8n,t1_cmuzku3,0.0,0.0,0.0
p_128,t3_2pata1,t1_cmv1bja,t1_cmuzw1v,0.0,0.0,0.0
p_129,t3_2pata1,t1_cmv1kvh,t1_cmuzw1v,0.0,0.0,0.0
p_130,t3_2paiy7,t1_cmuuepa,t1_cmuuubv,0.0,0.0,0.0
p_132,t3_2pa8qe,t1_cmvck77,t1_cmuygdo,0.0,0.0,0.0
p_134,t3_2p8w9e,t1_cmuem3l,t1_cmuesb3,0.0,0.0,0.0
p_135,t3_2p8d3m,t1_cmub3xl,t1_cmuaujo,0.0,0.0,0.0
p_140,t3_2p3d0h,t1_cmsyikr,t1_cmt2dzd,0.0,0.0,0.0
p_141,t3_2p3d0h,t1_cmszlym,t1_cmszanf,0.0,0.0,0.0
p_144,t3_2p11bw,t1_cmsf46p,t1_cmsib92,0.0,0.0,0.0
p_145,t3_2p0xu8,t1_cmsgy2p,t1_cmsbh89,0.0029498525073746312,0.0,0.0029498525073746312
p_148,t3_2ox2nh,t1_cmrepwp,t1_cms5gvq,0.0,0.0,0.0
p_149,t3_2ox2nh,t1_cmrgr22,t1_cms5gvq,0.008064516129032258,0.0,0.008064516129032258
p_151,t3_2ouj9f,t1_cmqnl31,t1_cmqrfg1,0.0,0.0,0.0
p_153,t3_2ottrr,t1_cmqmfx7,t1_cmqnqbl,0.0,0.0,0.0
p_155,t3_2osnqc,t1_cmqhv5l,t1_cmresyd,0.0,0.0,0.0
p_157,t3_2orfda,t1_cmpt6sy,t1_cmpxkl7,0.0,0.0,0.0
p_158,t3_2opfa2,t1_cmpp5ft,t1_cmpbzl7,0.0,0.0,0.0
p_159,t3_2opfa2,t1_cmpb0pv,t1_cmpbzl7,0.0,0.0,0.0
p_162,t3_2ook4i,t1_cmp3ql5,t1_cmp6pe7,0.0,0.0,0.0
p_163,t3_2ook4i,t1_cmp3sav,t1_cmp6pe7,0.0,0.0,0.0
p_164,t3_2oo3qw,t1_cmp0nen,t1_cmoz1u8,0.0,0.0,0.0
p_165,t3_2onx4o,t1_cmpcp85,t1_cmowl2j,0.009433962264150943,0.0,0.009433962264150943
p_166,t3_2olm34,t1_cmogsmw,t1_cmobov1,0.0056179775280898875,0.0,0.0056179775280898875
p_167,t3_2okzs7,t1_cmo88eb,t1_cmo4r1b,0.005050505050505051,0.0,0.005050505050505051
p_168,t3_2okzs7,t1_cmobl8p,t1_cmo50pz,0.0,0.0,0.0
p_170,t3_2okad4,t1_cmo23yr,t1_cmo8tg2,0.0,0.0,0.0
p_171,t3_2okad4,t1_cmo8ojn,t1_cmoaise,0.0,0.0,0.0
p_172,t3_2oj6fq,t1_cmnogog,t1_cmnorxs,0.0,0.0,0.0
p_173,t3_2oihml,t1_cmnhr07,t1_cmnhhi8,0.0,0.0,0.0
p_176,t3_2od6s9,t1_cmm80hm,t1_cmm6iu4,0.0,0.0,0.0
p_177,t3_2o6paa,t1_cmkar1d,t1_cmk90wu,0.0,0.0,0.0
p_178,t3_2o66aa,t1_cmktxrs,t1_cmkb48q,0.0,0.0,0.0
p_179,t3_2o3imb,t1_cmjfisw,t1_cmjf4wj,0.0,0.0,0.0
p_180,t3_2o2kga,t1_cmj4gzw,t1_cmj4j7t,0.0,0.0,0.0
p_182,t3_2o0cgz,t1_cmijvd2,t1_cmj6omn,0.0,0.0,0.0
p_184,t3_2nzz4f,t1_cmig3tq,t1_cmigugj,0.0,0.0,0.0
p_185,t3_2nzz4f,t1_cmig8jp,t1_cmigugj,0.0,0.0,0.0
p_188,t3_2nycpk,t1_cmi2cok,t1_cmi07y5,0.0,0.0,0.0
p_189,t3_2nycpk,t1_cmi0pj8,t1_cmi1upk,0.0,0.0,0.0
p_192,t3_2nvoj9,t1_cmhbmic,t1_cmhh0hd,0.0,0.0,0.0
p_194,t3_2nurqb,t1_cmhj4k1,t1_cmh25d1,0.0,0.0,0.0
p_197,t3_2ns94k,t1_cmge1ce,t1_cmgdr4w,0.0,0.0,0.0
p_201,t3_2nn1t8,t1_cmf6dis,t1_cmf9lck,0.0023584905660377358,0.0,0.0023584905660377358
p_203,t3_2nlqpd,t1_cmep4vb,t1_cmescql,0.0,0.0,0.0
p_204,t3_2njpov,t1_cme8uee,t1_cme7zu7,0.0,0.0,0.0
p_207,t3_2nhvh5,t1_cme6tfj,t1_cme00q3,0.0,0.0,0.0
p_208,t3_2nfgyu,t1_cmd8966,t1_cmdakad,0.0,0.0,0.0
p_210,t3_2nfgyu,t1_cmdtb2g,t1_cmdla4k,0.0,0.0,0.0
p_211,t3_2neyur,t1_cmd1tqr,t1_cmd1oh5,0.015957446808510637,0.009478672985781991,0.006478773822728646
p_212,t3_2nejw6,t1_cmcw398,t1_cmcx4w0,0.0,0.0,0.0
p_213,t3_2ndhkz,t1_cmd8rka,t1_cmco92x,0.0,0.0,0.0
p_214,t3_2nccrb,t1_cmcdwlz,t1_cmcd35f,0.0,0.0,0.0
p_215,t3_2nbz5b,t1_cmca2tl,t1_cmcmvds,0.0,0.0,0.0
p_218,t3_2nbeuf,t1_cmcfhk8,t1_cmc4eif,0.0,0.0,0.0
p_217,t3_2nbeuf,t1_cmcdl7k,t1_cmcs0t1,0.0,0.0,0.0
p_222,t3_2n8psp,t1_cmbkvaw,t1_cmbempi,0.0,0.0,0.0
p_224,t3_2n8psp,t1_cmbnpay,t1_cmbzbs2,0.0,0.0,0.0
p_225,t3_2n8psp,t1_cmc2p7e,t1_cmbi6o3,0.0,0.0,0.0
p_226,t3_2n6s5w,t1_cmav500,t1_cmax5qt,0.0,0.0,0.0
p_227,t3_2n4aay,t1_cmac7sf,t1_cma6qfq,0.0,0.0,0.0
p_229,t3_2n2wu5,t1_cm9u4m0,t1_cm9uau6,0.0,0.0,0.0
p_230,t3_2mzkhr,t1_cm931kl,t1_cm92k7o,0.0,0.0,0.0
p_232,t3_2mw3l4,t1_cm83s8f,t1_cm875yc,0.0,0.0,0.0
p_234,t3_2mv3n4,t1_cm83yv8,t1_cm805jt,0.0011074197120708748,0.0,0.0011074197120708748
p_236,t3_2mr590,t1_cm6tqwt,t1_cm6umtg,0.0,0.0,0.0
p_237,t3_2mqzo8,t1_cm6skkb,t1_cm6usez,0.0,0.005291005291005291,-0.005291005291005291
p_238,t3_2mqujn,t1_cm7jdj2,t1_cm6wgd3,0.0,0.002770083102493075,-0.002770083102493075
p_239,t3_2mq7ib,t1_cm6ltar,t1_cm6oe3f,0.0,0.0,0.0
p_240,t3_2mptvb,t1_cm6m7jr,t1_cm6q0wq,0.0,0.0,0.0
p_241,t3_2mo4fl,t1_cm613kx,t1_cm5zuuo,0.0,0.0,0.0
p_242,t3_2mnthx,t1_cm5xikh,t1_cm660yf,0.0,0.0,0.0
p_245,t3_2mnthx,t1_cm627rv,t1_cm660yf,0.0,0.0,0.0
p_246,t3_2mnpdh,t1_cm6nlky,t1_cm65r7g,0.0,0.0,0.0
p_248,t3_2mm2dl,t1_cm5j6hr,t1_cm5iqtr,0.0,0.0,0.0
p_247,t3_2mm2dl,t1_cm5ikfo,t1_cm5imes,0.0,0.0,0.0
p_249,t3_2mlvww,t1_cm5gv0j,t1_cm5fmvt,0.0,0.0,0.0
p_250,t3_2mikc0,t1_cm4o1vc,t1_cm4l9f4,0.0,0.0,0.0
p_251,t3_2mfr85,t1_cm3vvc3,t1_cm3xij2,0.0,0.0,0.0
p_252,t3_2mfr85,t1_cm3wzw1,t1_cm3s6tg,0.0,0.0,0.0
p_255,t3_2mczo6,t1_cm330i1,t1_cm36hij,0.0,0.0,0.0
p_257,t3_2m9le3,t1_cm2e6er,t1_cm31flt,0.0,0.0,0.0
p_258,t3_2m9le3,t1_cm2g5du,t1_cm31flt,0.0,0.0,0.0
p_259,t3_2m9ifg,t1_cm26bmh,t1_cm2cio0,0.0,0.017241379310344827,-0.017241379310344827
p_260,t3_2m5248,t1_cm11puj,t1_cm1w5lh,0.0,0.0,0.0
p_261,t3_2m34jb,t1_cm0licf,t1_cm0sbmk,0.0,0.0,0.0
p_262,t3_2lzrmg,t1_clzo5rz,t1_clzn6zp,0.0,0.0,0.0
p_263,t3_2lzrmg,t1_clzq2xu,t1_clzow1h,0.0,0.0,0.0
p_264,t3_2lzhcj,t1_clzk61h,t1_clzmzlv,0.0,0.0,0.0
p_265,t3_2lxha7,t1_clz4fjz,t1_clz6u94,0.0,0.0,0.0
p_266,t3_2lxha7,t1_clz6dii,t1_clz2zlh,0.0,0.0,0.0
p_267,t3_2lxha7,t1_clz6jmw,t1_clz6u94,0.0,0.0,0.0
p_268,t3_2lwzlt,t1_clyyqcm,t1_clyz82q,0.006369426751592357,0.0,0.006369426751592357
p_269,t3_2lwzlt,t1_clz3eem,t1_clyzhrn,0.0,0.0,0.0
p_270,t3_2lwv67,t1_clywrsu,t1_clywnxb,0.0,0.0,0.0
p_272,t3_2lvdpt,t1_clykbog,t1_clyi7eq,0.0,0.0,0.0
p_274,t3_2lvano,t1_clyh39w,t1_clyhfb1,0.0,0.0,0.0
p_275,t3_2luhkp,t1_clyejs2,t1_clyfg14,0.0,0.0,0.0
p_277,t3_2ls0mt,t1_clxsuzu,t1_clxs28i,0.0037313432835820895,0.0,0.0037313432835820895
p_278,t3_2lrnbm,t1_clxhtmt,t1_clxl2fj,0.0,0.0,0.0
p_279,t3_2lqmp9,t1_clxaoqd,t1_clxmady,0.0,0.0,0.0
p_283,t3_2lorq2,t1_clwr4fw,t1_clwvc1q,0.0,0.0,0.0
p_286,t3_2lo786,t1_clwsiei,t1_clwl8yv,0.0,0.0,0.0
p_287,t3_2lo786,t1_clwrur8,t1_clwvtrz,0.0,0.0,0.0
p_289,t3_2llfy2,t1_clvxvqf,t1_clvyf5z,0.0,0.0,0.0
p_288,t3_2llfy2,t1_clvxvbb,t1_clvyf5z,0.0,0.0,0.0
p_290,t3_2ljn6y,t1_clvf7hk,t1_clvgued,0.0,0.0,0.0
p_291,t3_2ljn6y,t1_clvf3sn,t1_clvg96j,0.0,0.0,0.0
p_293,t3_2lhzxl,t1_cluxxzr,t1_cluy5d5,0.0,0.0,0.0
p_294,t3_2lhzxl,t1_cluy594,t1_cluzvgm,0.0,0.0,0.0
p_296,t3_2le6r2,t1_cltxkan,t1_cltxdco,0.0,0.0,0.0
p_298,t3_2ldsgu,t1_cltyfh2,t1_cltt3fn,0.0,0.0,0.0
p_302,t3_2l9paa,t1_clspte1,t1_clsvj5h,0.0,0.0,0.0
p_303,t3_2l6x4s,t1_cls2ahn,t1_cls2eiw,0.0,0.0,0.0
p_305,t3_2l6s0m,t1_cls56tt,t1_cls5hqx,0.013368983957219251,0.001402524544179523,0.011966459413039728
p_306,t3_2l3xj1,t1_clrpq69,t1_clrfe8c,0.0,0.0,0.0
p_307,t3_2kypt8,t1_clpvnyi,t1_clpvnbz,0.0,0.0,0.0
p_308,t3_2kypt8,t1_clpwjwi,t1_clpzajn,0.0,0.0,0.0
p_309,t3_2kx0t8,t1_clphwg9,t1_clpl2cj,0.0,0.0,0.0
p_311,t3_2kuu7n,t1_clp4w50,t1_cloyjd8,0.0,0.0,0.0
p_310,t3_2kuu7n,t1_clp4b7x,t1_clp3n3x,0.0,0.0,0.0
p_313,t3_2kqfel,t1_clnulai,t1_clntjxy,0.0,0.0,0.0
p_314,t3_2kqfel,t1_clnttl9,t1_clomsf7,0.0,0.0,0.0
p_315,t3_2kose9,t1_clnb50a,t1_clnb6hg,0.0,0.0,0.0
p_316,t3_2ko5tx,t1_cln523m,t1_cln4fit,0.0,0.0,0.0
p_318,t3_2kkqbm,t1_clmbeod,t1_clm9hyb,0.0,0.0,0.0
p_319,t3_2kko3q,t1_clm9cj5,t1_clmew0k,0.0,0.0,0.0
p_322,t3_2kko3q,t1_clmb52s,t1_clm9cuo,0.0,0.0,0.0
p_324,t3_2kk7pc,t1_clm4luc,t1_clm2hsa,0.0,0.0,0.0
p_325,t3_2kgrtb,t1_cll64ro,t1_cll7z9y,0.0,0.0,0.0
p_326,t3_2kgrtb,t1_cll6vkk,t1_cll7z9y,0.0,0.0,0.0
p_328,t3_2kdqq8,t1_clkkhs8,t1_clktv9z,0.0,0.0,0.0
p_330,t3_2kcnzq,t1_clk2ygk,t1_clk0kv6,0.0,0.0,0.0
p_331,t3_2kacra,t1_cljftmb,t1_cljqwum,0.0,0.0,0.0
p_332,t3_2ka7la,t1_cljglg2,t1_cljepyl,0.0,0.0,0.0
p_333,t3_2k7hdx,t1_clirc4j,t1_clio0tt,0.0,0.0,0.0
p_334,t3_2k6r90,t1_clih2os,t1_clih4bd,0.0,0.0,0.0
p_335,t3_2k6r90,t1_clij0jm,t1_clih4bd,0.0,0.0,0.0
p_336,t3_2k6r90,t1_cliklzw,t1_cligqv5,0.0,0.0,0.0
p_337,t3_2k6r90,t1_clifxg1,t1_cligjkm,0.007352941176470588,0.0,0.007352941176470588
p_338,t3_2k6gif,t1_clicob1,t1_clifs1j,0.0,0.0,0.0
p_339,t3_2k4hym,t1_clhtpwj,t1_clhv3j1,0.0,0.0,0.0
p_340,t3_2k49mm,t1_clhusz2,t1_clhupbu,0.0,0.0,0.0
p_341,t3_2k3k0f,t1_clhk37s,t1_clhkbr9,0.0,0.0,0.0
p_342,t3_2k3k0f,t1_clhqb2i,t1_clhkbr9,0.0,0.0,0.0
p_343,t3_2k38kl,t1_clhr282,t1_clhhr4x,0.0,0.0,0.0
p_344,t3_2k36w0,t1_clhgvwv,t1_cli2kib,0.0,0.0,0.0
p_345,t3_2k36w0,t1_cli8oco,t1_clhjrth,0.0,0.0013679890560875513,-0.0013679890560875513
p_346,t3_2k2szz,t1_clhdjlr,t1_clhg601,0.0,0.012345679012345678,-0.012345679012345678
p_347,t3_2k1utj,t1_clh4smk,t1_clh4kow,0.0,0.0,0.0
p_348,t3_2k1utj,t1_clh4t7a,t1_clhgd1b,0.0,0.0,0.0
p_349,t3_2k1utj,t1_clhb9mi,t1_clh4kow,0.0,0.0,0.0
p_351,t3_2k1puo,t1_clh63i4,t1_clh5f05,0.0,0.0,0.0
p_352,t3_2k1puo,t1_clh65uf,t1_clhvr2d,0.0,0.0,0.0
p_353,t3_2k1puo,t1_clh65j4,t1_clhvr2d,0.0,0.0,0.0
p_354,t3_2k1puo,t1_cli979e,t1_clhkzsx,0.0,0.0,0.0
p_355,t3_2k19cr,t1_clgz4c8,t1_clh5opp,0.0,0.0,0.0
p_357,t3_2k19cr,t1_clgz8mq,t1_clh4fvz,0.0,0.0,0.0
p_358,t3_2k17kl,t1_clhphu8,t1_clgytu5,,0.0,
p_359,t3_2k16fy,t1_clh464b,t1_clh7dae,0.0,0.0,0.0
p_360,t3_2k0t4m,t1_clh2kiw,t1_cliiz93,0.0,0.0,0.0
p_362,t3_2k08pw,t1_clgrnar,t1_clgppqb,0.0,0.0,0.0
p_367,t3_2jvv3h,t1_clfmf4m,t1_clfkc2t,0.0,0.0,0.0
p_368,t3_2jug85,t1_clf92x6,t1_clfbqwz,0.0,0.0,0.0
p_369,t3_2jug85,t1_clf7frm,t1_clffyeo,0.0,0.0,0.0
p_370,t3_2ju07o,t1_clf6o33,t1_clf2f0m,0.0,0.00510204081632653,-0.00510204081632653
p_371,t3_2jtpcj,t1_clf007u,t1_clf0si6,0.0,0.0,0.0
p_372,t3_2jr2px,t1_clec1be,t1_clefsfa,0.0,0.0,0.0
p_373,t3_2jpazx,t1_cldtopl,t1_cldtw4w,0.0,0.0,0.0
p_374,t3_2jp9x4,t1_cldt2z1,t1_cldu76n,0.0,0.0,0.0
p_375,t3_2jp9x4,t1_clekeze,t1_clegi91,0.0,0.0,0.0
p_378,t3_2jk5tw,t1_clciqy4,t1_clcualb,0.0,0.0,0.0
p_380,t3_2jk4dx,t1_clcyeh9,t1_clcuzkf,0.0,0.0,0.0
p_382,t3_2jgtvo,t1_clbpx86,t1_clbm2rj,0.0,0.0,0.0
p_383,t3_2jd1e2,t1_clal24g,t1_clanf9e,0.0,0.0,0.0
p_384,t3_2jd1e2,t1_clarvlb,t1_clanf9e,0.0,0.0,0.0
p_385,t3_2jd1e2,t1_claktmk,t1_clanf9e,0.0,0.0,0.0
p_387,t3_2jaz9o,t1_claaior,t1_cla6j13,0.0,0.0,0.0
p_388,t3_2jalt8,t1_clawz3s,t1_cla00dw,0.0,0.0,0.0
p_389,t3_2jalrh,t1_cl9xfk4,t1_cl9zbqs,0.0,0.0,0.0
p_390,t3_2jaiv1,t1_cl9wvir,t1_cl9x4n6,0.0,0.0,0.0
p_391,t3_2j7xhu,t1_cl97sqh,t1_cl96t4g,0.0,0.0,0.0
p_394,t3_2j7gwy,t1_cl96wx9,t1_cl9fm82,0.0,0.0,0.0
p_395,t3_2j7gwy,t1_cl9cn39,t1_cl9dn9l,0.0,0.0,0.0
p_396,t3_2j7d65,t1_cl91nh6,t1_cl91k1d,0.0,0.0,0.0
p_398,t3_2j6t16,t1_cl92lzn,t1_cl97wok,0.0,0.0,0.0
p_400,t3_2j5jvu,t1_cl9bkpg,t1_cl8o6tc,0.0,0.0,0.0
p_403,t3_2j3b5u,t1_cl80w0h,t1_cl8gnj4,0.01,0.0,0.01
p_407,t3_2j3b5u,t1_cl8dhjd,t1_cl85v1i,0.0,0.0,0.0
p_406,t3_2j3b5u,t1_cl89ycu,t1_cl85v1i,0.0021691973969631237,0.0,0.0021691973969631237
p_408,t3_2j3aav,t1_cl840b4,t1_cl849y1,0.0,0.0,0.0
p_409,t3_2j28la,t1_cl7q1dy,t1_cl858g0,0.0,0.0,0.0
p_410,t3_2j28la,t1_cl7p4at,t1_cl83vyl,0.0,0.0,0.0
p_411,t3_2j28la,t1_cl7ri4n,t1_cl858g0,0.0,0.0,0.0
p_412,t3_2j28la,t1_cl81bji,t1_cl858g0,0.0,0.0,0.0
p_413,t3_2j196u,t1_cl7nh5y,t1_cl7qbkn,0.0,0.0,0.0
p_415,t3_2izt1m,t1_cl7icjq,t1_cl7elqy,0.0,0.0,0.0
p_416,t3_2izt1m,t1_cl7sekd,t1_cl75zb3,0.0015313935681470138,0.0,0.0015313935681470138
p_418,t3_2izjkk,t1_cl6xo3s,t1_cl74g9q,0.0,0.0,0.0
p_419,t3_2izjkk,t1_cl6ygkg,t1_cl6xy7n,0.0,0.0,0.0
p_420,t3_2izeqi,t1_cl6wpkg,t1_cl6w17t,0.0,0.0,0.0
p_422,t3_2ixmih,t1_cl6muq9,t1_cl6mipr,0.0,0.0,0.0
p_423,t3_2ixmih,t1_cl6ozsr,t1_cl6o7jv,0.0,0.007662835249042145,-0.007662835249042145
p_427,t3_2ixatz,t1_cl8dw9u,t1_cl6g9da,0.0,0.0,0.0
p_425,t3_2ixatz,t1_cl6fauf,t1_cl6z31r,0.0,0.0,0.0
p_426,t3_2ixatz,t1_cl6iqft,t1_cl6gf5b,0.0,0.0,0.0
p_428,t3_2iwzsp,t1_cl6ay84,t1_cl6c988,0.0,0.0,0.0
p_429,t3_2iwzsp,t1_cl6bhfy,t1_cl6c988,0.0,0.0,0.0
p_430,t3_2iwveo,t1_cl6b8u3,t1_cl69lxd,0.0,0.0,0.0
p_431,t3_2iwveo,t1_cl800qa,t1_cl69lxd,0.0,0.0,0.0
p_432,t3_2ivx0l,t1_cl67lqu,t1_cl67bty,0.0,0.0,0.0
p_434,t3_2iv4za,t1_cl5slm3,t1_cl5s53p,0.013513513513513514,0.0,0.013513513513513514
p_435,t3_2iuaxc,t1_cl5nwpb,t1_cl5jk46,0.0,0.0,0.0
p_437,t3_2isiv7,t1_cl525xl,t1_cl549xt,0.0,0.0,0.0
p_439,t3_2irrk7,t1_cl4wjj0,t1_cl4u4v3,0.0,0.0,0.0
p_438,t3_2irrk7,t1_cl4wdvv,t1_cl52znp,0.0,0.0,0.0
p_440,t3_2irrk7,t1_cl4y7m2,t1_cl58m5a,0.0,0.0,0.0
p_441,t3_2ir1vh,t1_cl4nafc,t1_cl4pno4,0.0,0.0,0.0
p_443,t3_2iovvi,t1_cl43i7i,t1_cl42uon,0.0,0.0,0.0
p_444,t3_2inzpj,t1_cl3wpb9,t1_cl3udkv,0.0,0.0,0.0
p_445,t3_2ina28,t1_cl3s9jc,t1_cl3neuz,0.0,0.0,0.0
p_449,t3_2il3zi,t1_cl3rzx9,t1_cl3bvmc,0.0,0.0,0.0
p_450,t3_2ikw3y,t1_cl371yt,t1_cl333zm,0.0,0.0,0.0
p_451,t3_2iht9m,t1_cl2lqsw,t1_cl2gvmp,0.0,0.0,0.0
p_452,t3_2igw1u,t1_cl25sfq,t1_cl22odo,0.0,0.0,0.0
p_453,t3_2idrbt,t1_cl1a71q,t1_cl1ab8j,0.0017793594306049821,0.0,0.0017793594306049821
p_454,t3_2idrbt,t1_cl1duod,t1_cl1dfkj,0.0,0.005076142131979695,-0.005076142131979695
p_455,t3_2icu72,t1_cl11doa,t1_cl1s0iw,0.0,0.0,0.0
p_456,t3_2ia71k,t1_cl0aa4e,t1_cl09ezh,0.0,0.0,0.0
p_457,t3_2ia687,t1_cl09frn,t1_cl0qx79,0.002136752136752137,0.0,0.002136752136752137
p_460,t3_2i87x9,t1_ckzt3jo,t1_ckzrx1b,0.0,0.0,0.0
p_461,t3_2i7mpy,t1_ckzo815,t1_ckzptel,0.0,0.0,0.0
p_464,t3_2i74db,t1_ckzhoas,t1_ckzmg42,0.0,0.0,0.0
p_466,t3_2i74db,t1_ckzk199,t1_ckzh5vf,0.0,0.0,0.0
p_465,t3_2i74db,t1_ckzhr6u,t1_ckzmg42,0.0,0.0,0.0
p_467,t3_2i74db,t1_ckzp8g2,t1_ckzhplg,0.0,0.0,0.0
p_468,t3_2i74db,t1_cl0olzx,t1_ckzivxw,0.0,0.0,0.0
p_469,t3_2i6wcg,t1_ckzjivu,t1_ckzqgtr,0.0,0.0,0.0
p_470,t3_2i6sq2,t1_ckzd013,t1_ckzmvnc,0.0,0.0196078431372549,-0.0196078431372549
p_472,t3_2i53gm,t1_ckyxxzr,t1_ckzkrjm,0.0,0.0,0.0
p_474,t3_2i53gm,t1_ckyxdye,t1_ckyz4tk,0.0,0.0,0.0
p_473,t3_2i53gm,t1_ckz0h04,t1_ckzj5lk,0.0,0.0,0.0
p_475,t3_2i4ujn,t1_ckz1of3,t1_ckyu5rm,0.0,0.0,0.0
p_476,t3_2i48ap,t1_ckyt6o8,t1_ckyqbf3,0.0028089887640449437,0.0,0.0028089887640449437
p_477,t3_2i1d99,t1_ckxyj6k,t1_cky3jbs,0.0036900369003690036,0.0,0.0036900369003690036
p_479,t3_2i0v1l,t1_ckxu8a4,t1_cky4z54,0.0,0.0,0.0
p_480,t3_2i0v1l,t1_ckxvp3i,t1_cky4z54,0.0,0.0,0.0
p_481,t3_2i0v1l,t1_ckxu3sn,t1_cky4z54,0.0,0.0,0.0
p_483,t3_2i0v1l,t1_ckxu3jp,t1_cky4z54,0.0,0.0,0.0
p_482,t3_2i0v1l,t1_cky0241,t1_ckyf89q,0.005952380952380952,0.0,0.005952380952380952
p_484,t3_2hzyl1,t1_cky1hsp,t1_ckxtqoy,0.0,0.0,0.0
p_485,t3_2hxjbt,t1_ckx3oiu,t1_ckwx420,0.006557377049180328,0.010638297872340425,-0.004080920823160097
p_486,t3_2hxjbt,t1_ckx4axr,t1_ckwx420,0.0,0.010638297872340425,-0.010638297872340425
p_488,t3_2hwulu,t1_ckwq1jd,t1_ckwq945,0.0,0.0,0.0
p_490,t3_2htrl3,t1_ckw2y0n,t1_ckvy6x4,0.0,0.0,0.0
p_491,t3_2htk52,t1_ckvvxkp,t1_ckvx0ev,0.0,0.0,0.0
p_492,t3_2htk52,t1_ckvxkvc,t1_ckvx0ev,0.023809523809523808,0.0,0.023809523809523808
p_493,t3_2hr75i,t1_ckv9zqs,t1_ckv9rr3,0.0,0.0,0.0
p_496,t3_2hpa2d,t1_ckuqod3,t1_ckuzhiu,0.0,0.0,0.0
p_498,t3_2ho91q,t1_ckvcw78,t1_ckuhjc3,0.0,0.0,0.0
p_499,t3_2hiuav,t1_ckt28ag,t1_ckt2g63,0.0,0.0,0.0
p_500,t3_2hfggr,t1_cks62en,t1_cks5dxq,0.0,0.0,0.0
p_501,t3_2hevmr,t1_cks71oj,t1_cks21ow,0.0,0.0,0.0
p_503,t3_2hcsbm,t1_ckrirh7,t1_ckrgs3i,0.0,0.0,0.0
p_504,t3_2hcsbm,t1_ckrm2w9,t1_ckrhha6,0.00411522633744856,0.0,0.00411522633744856
p_505,t3_2hcri1,t1_ckrh2wh,t1_ckrggw4,0.0,0.0,0.0
p_506,t3_2hcri1,t1_ckrjgy3,t1_ckrggw4,0.0,0.0,0.0
p_508,t3_2h86d3,t1_ckqarz7,t1_ckqhhuu,0.0,0.0,0.0
p_509,t3_2h86d3,t1_ckqafe5,t1_ckqce1l,0.0,0.0,0.0
p_511,t3_2h4eyz,t1_ckpc76o,t1_ckp9n1i,0.0,0.0,0.0
p_513,t3_2h0jzj,t1_ckohl81,t1_ckodwsx,0.0,0.0,0.0
p_514,t3_2h0jzj,t1_ckoe0hf,t1_ckodwsx,0.0,0.0,0.0
p_516,t3_2gzzdj,t1_cko4w0c,t1_cko704v,0.0,0.0,0.0
p_519,t3_2gydya,t1_cknrbir,t1_cknn53g,0.0,0.0,0.0
p_520,t3_2gydya,t1_ckoa0em,t1_ckoa7jr,0.0,0.0,0.0
p_522,t3_2gutfw,t1_ckmqhcy,t1_ckmsmic,0.0,0.0,0.0
p_523,t3_2gutfw,t1_ckmsso5,t1_ckmp2m8,0.0,0.0,0.0
p_524,t3_2gutfw,t1_ckmpz17,t1_ckn0chh,0.0,0.0,0.0
p_525,t3_2gsjt4,t1_ckm3eez,t1_ckm57gi,0.0,0.0,0.0
p_526,t3_2gsjkx,t1_ckm3upz,t1_ckm3me9,0.0049261083743842365,0.008064516129032258,-0.0031384077546480213
p_527,t3_2gscl8,t1_ckm3j6s,t1_ckm1x6y,0.0,0.0,0.0
p_529,t3_2gpy69,t1_cklkgsr,t1_cklrd7q,0.0,0.0,0.0
p_532,t3_2gmkz2,t1_ckkm4uh,t1_ckkl832,0.01282051282051282,0.0,0.01282051282051282
p_534,t3_2glozx,t1_ckkahw7,t1_ckkcrue,0.0,0.0,0.0
p_535,t3_2glozx,t1_ckkb7k5,t1_ckkcgtt,0.0,0.0,0.0
p_536,t3_2gliyk,t1_ckk9blv,t1_ckk9cif,0.0,0.0,0.0
p_537,t3_2gliyk,t1_ckkaypu,t1_ckkhubk,0.0,0.0,0.0
p_538,t3_2gkv97,t1_ckk5d7b,t1_ckk2eje,0.0,0.0,0.0
p_541,t3_2ghosx,t1_ckj7oyl,t1_ckj8bt9,0.0,0.0,0.0
p_542,t3_2ggq4d,t1_ckiyftg,t1_ckiyjmb,0.0,0.007518796992481203,-0.007518796992481203
p_543,t3_2ggppl,t1_ckixuwj,t1_ckixo4m,0.0,0.0,0.0
p_545,t3_2ggppl,t1_ckiyv6o,t1_ckiz87f,0.0,0.0,0.0
p_547,t3_2ggeie,t1_ckj0ypi,t1_ckiurpd,0.010736196319018405,0.0011723329425556857,0.00956386337646272
p_548,t3_2gf3at,t1_ckjbl54,t1_ckioyq4,0.0,0.0,0.0
p_551,t3_2gdd35,t1_cki0iqm,t1_cki80vu,0.0,0.0,0.0
p_554,t3_2g83sk,t1_ckgpxl1,t1_ckgjkvd,0.0,0.0,0.0
p_555,t3_2g6mpl,t1_ckg55ez,t1_ckg4zgn,0.0,0.0,0.0
p_556,t3_2g4ifu,t1_ckfqk9u,t1_ckfshmt,0.004651162790697674,0.0,0.004651162790697674
p_559,t3_2g2vzd,t1_ckf6qtu,t1_ckf4pc7,0.0,0.0,0.0
p_561,t3_2g2dg1,t1_ckf6526,t1_ckg1de7,0.0024271844660194173,0.0,0.0024271844660194173
p_562,t3_2g1ea5,t1_ckeqq3q,t1_ckesi7g,0.0,0.0,0.0
p_564,t3_2g1ea5,t1_ckersg9,t1_cket437,0.0,0.0,0.0
p_565,t3_2g1ea5,t1_cket8bk,t1_cket39p,0.0,0.0,0.0
p_566,t3_2g0wmr,t1_ckenwa6,t1_ckemqjl,0.0,0.0,0.0
p_569,t3_2fwq1i,t1_ckdlfbp,t1_ckdpk3y,0.013333333333333334,0.007042253521126761,0.0062910798122065735
p_570,t3_2fwmff,t1_ckdlodj,t1_ckdfg3r,0.0,0.0,0.0
p_572,t3_2fuvyn,t1_ckd2th4,t1_ckd051u,0.0,0.0,0.0
p_573,t3_2fu5da,t1_ckcwa0l,t1_ckd7g94,0.0,0.0,0.0
p_575,t3_2fu5da,t1_ckd2dqa,t1_ckd7g94,0.0,0.0,0.0
p_576,t3_2fu5da,t1_ckdjfgl,t1_cke4u4s,0.0,0.0,0.0
p_577,t3_2fty9r,t1_ckd78uk,t1_ckcsyfa,0.0,0.0,0.0
p_579,t3_2fr87u,t1_ckcche8,t1_ckbz0d4,0.0,0.0,0.0
p_581,t3_2fo07m,t1_ckb6wte,t1_ckbi4rn,0.0,0.0,0.0
p_582,t3_2fo07m,t1_ckb4dmq,t1_ckbi4rn,0.0,0.0,0.0
p_586,t3_2fkhgs,t1_cka4baq,t1_ckagd1v,0.0,0.0,0.0
p_587,t3_2fkhgs,t1_cka71xp,t1_ckahr81,0.0,0.0,0.0
p_588,t3_2fkhgs,t1_ckabepp,t1_ckab7k5,0.0,0.0,0.0
p_589,t3_2fjsjb,t1_ck9wx7u,t1_cka49p5,0.0,0.0,0.0
p_590,t3_2fh3qu,t1_ck99mwb,t1_ck94xpk,0.0,0.0,0.0
p_592,t3_2fgshm,t1_ck9f5l1,t1_ck98ujh,0.0,0.0,0.0
p_593,t3_2fgrxm,t1_ck91zkd,t1_ck91m7r,0.0,0.0,0.0
p_595,t3_2fg916,t1_ck8x3ob,t1_ck8wogg,0.0,0.0,0.0
p_597,t3_2fduqy,t1_ck8t6he,t1_ck8px65,0.0,0.0,0.0
p_598,t3_2fduqy,t1_ck8agrx,t1_ck94f1t,0.0,0.0,0.0
p_602,t3_2fdmwl,t1_ck8hcxb,t1_ck8aoqa,0.0,0.0,0.0
p_603,t3_2fdmwl,t1_ck8rib6,t1_ck8aoqa,0.006097560975609756,0.0,0.006097560975609756
p_605,t3_2fd87u,t1_ck83yle,t1_ck84612,0.0,0.0,0.0
p_606,t3_2fd87u,t1_ck859ka,t1_ck843v2,0.0,0.0,0.0
p_607,t3_2fbbv9,t1_ck84tkw,t1_ck88yhl,0.0,0.0,0.0
p_611,t3_2f78ys,t1_ck6mvg6,t1_ck6wzql,0.0,0.0,0.0
p_616,t3_2f3w7f,t1_ck60pkf,t1_ck68kw6,0.0,0.0,0.0
p_617,t3_2f3fma,t1_ck5uh5i,t1_ck5jj2i,0.0,0.006993006993006993,-0.006993006993006993
p_618,t3_2f2p8u,t1_ck5cmsy,t1_ck5f41j,0.0,0.0,0.0
p_620,t3_2f1tka,t1_ck54mdm,t1_ck53prd,0.009523809523809525,0.0,0.009523809523809525
p_623,t3_2f0a4a,t1_ck5qg13,t1_ck4vnzo,0.0,0.0,0.0
p_626,t3_2erf2t,t1_ck2ljcj,t1_ck2gk4u,0.0,0.0,0.0
p_628,t3_2eqf4w,t1_ck2dhsc,t1_ck22nty,0.0005903187721369539,0.0,0.0005903187721369539
p_635,t3_2emkns,t1_ck1194m,t1_ck13p6l,0.0,0.0,0.0
p_634,t3_2emkns,t1_ck0zrjm,t1_ck13p6l,0.0,0.0,0.0
p_632,t3_2emkns,t1_ck12zme,t1_ck13upr,0.0,0.0,0.0
p_637,t3_2emdo8,t1_ck0wlix,t1_ck0ugt9,0.0,0.0,0.0
p_639,t3_2ehl9h,t1_cjzpkr3,t1_cjzk8g5,0.0,0.0,0.0
p_641,t3_2eez7x,t1_cjzf2j8,t1_cjzgw4v,0.0,0.0,0.0
p_642,t3_2eeedl,t1_cjyrp0h,t1_cjyos4x,0.0,0.0,0.0
p_643,t3_2eeedl,t1_cjyo1c4,t1_cjyz90m,0.0,0.0,0.0
p_644,t3_2eeedl,t1_cjyny2g,t1_cjyos4x,0.0,0.0,0.0
p_645,t3_2eeedl,t1_cjypfnn,t1_cjyy8zl,0.0,0.0,0.0
p_647,t3_2edzcv,t1_cjyy0v9,t1_cjysuzd,0.0009478672985781991,0.0036900369003690036,-0.0027421696017908047
p_648,t3_2ebw2y,t1_cjy2hvj,t1_cjy4ceu,0.004672897196261682,0.0,0.004672897196261682
p_649,t3_2ebkiy,t1_cjxxcwt,t1_cjy5nhm,0.0,0.0,0.0
p_650,t3_2ebj49,t1_cjxyzxn,t1_cjxzs8p,0.0,0.0,0.0
p_651,t3_2eahyl,t1_cjxnpf1,t1_cjxqeut,0.03508771929824561,0.011235955056179775,0.023851764242065837
p_652,t3_2eahyl,t1_cjxo529,t1_cjxtave,0.0,0.0032679738562091504,-0.0032679738562091504
p_654,t3_2e9s6m,t1_cjxf8x8,t1_cjxl9tb,0.0,0.0,0.0
p_655,t3_2e9rt1,t1_cjxgilw,t1_cjxfkcw,0.0,0.0,0.0
p_656,t3_2e9q8o,t1_cjxdy6w,t1_cjxkoca,0.001841620626151013,0.0,0.001841620626151013
p_657,t3_2e98b1,t1_cjxb5sz,t1_cjxexte,0.0,0.0,0.0
p_659,t3_2e98b1,t1_cjxanmm,t1_cjx9qkg,0.0,0.0,0.0
p_660,t3_2e8yse,t1_cjx89ru,t1_cjxdz78,0.004629629629629629,0.0,0.004629629629629629
p_661,t3_2e8yse,t1_cjx7g3z,t1_cjxdz78,0.0136986301369863,0.0,0.0136986301369863
p_662,t3_2e8ach,t1_cjxi71v,t1_cjx17o5,0.0,0.0,0.0
p_663,t3_2e6v25,t1_cjxa35m,t1_cjx2bzp,0.0,0.0,0.0
p_667,t3_2e4crb,t1_cjvy9v7,t1_cjwlak3,0.0,0.0,0.0
p_668,t3_2e4crb,t1_cjxll0p,t1_cjw5uck,0.0,0.0,0.0
p_669,t3_2e4b5f,t1_cjvxnfz,t1_cjwigez,0.0,0.0,0.0
p_670,t3_2e439b,t1_cjw2n76,t1_cjvvbcf,0.007874015748031496,0.0,0.007874015748031496
p_672,t3_2e3t22,t1_cjvs6w2,t1_cjvzvc8,0.0,0.0,0.0
p_674,t3_2e3f98,t1_cjvox9d,t1_cjvp856,0.0,0.0,0.0
p_676,t3_2e2rb6,t1_cjvi6ow,t1_cjvzfop,0.0,0.0,0.0
p_677,t3_2e2rb6,t1_cjx8ys6,t1_cjvin9n,0.007352941176470588,0.0,0.007352941176470588
p_678,t3_2e2jug,t1_cjvwam2,t1_cjvvj7z,0.0,0.0016051364365971107,-0.0016051364365971107
p_679,t3_2e2jug,t1_cjvuw76,t1_cjvoyh6,0.0,0.005649717514124294,-0.005649717514124294
p_680,t3_2e1fah,t1_cjv53s3,t1_cjv5s7v,0.0,0.0,0.0
p_681,t3_2e1fah,t1_cjv86o4,t1_cjvncqn,0.0,0.0,0.0
p_682,t3_2e1fah,t1_cjvi92b,t1_cjv5s7v,0.0,0.0,0.0
p_683,t3_2dzrhq,t1_cjunv4h,t1_cjunnw5,0.0,0.0,0.0
p_684,t3_2dzrhq,t1_cjv2nbp,t1_cjunbkn,0.0,0.0,0.0
p_685,t3_2dzrhq,t1_cjuplp1,t1_cjunss7,0.0,0.0,0.0
p_686,t3_2dzqgj,t1_cjurtqh,t1_cjv9hrw,0.0,0.0,0.0
p_688,t3_2dzqgj,t1_cjv7aa2,t1_cjv9hrw,0.0,0.0,0.0
p_687,t3_2dzqgj,t1_cjun4m4,t1_cjuorfi,0.0,0.0,0.0
p_690,t3_2dy3mw,t1_cju8xei,t1_cjuc7t4,0.0,0.0,0.0
p_692,t3_2dxa7k,t1_cjtzqak,t1_cju9ahc,0.0,0.0,0.0
p_695,t3_2dw5ig,t1_cjtn82k,t1_cjtn850,0.0,0.0,0.0
p_696,t3_2dvguy,t1_cjtqfdm,t1_cjty2p2,0.0,0.0,0.0
p_697,t3_2dtng7,t1_cjsz593,t1_cjt08iq,0.0,0.0,0.0
p_699,t3_2dtng7,t1_cjt0gp1,t1_cjt08iq,0.0,0.0,0.0
p_701,t3_2dsh9z,t1_cjsm7s0,t1_cjsp93m,0.0,0.0,0.0
p_702,t3_2dsh9z,t1_cjso3hu,t1_cjsprfv,0.0,0.0,0.0
p_706,t3_2drox8,t1_cjsefiu,t1_cjshzfo,0.0,0.0,0.0
p_707,t3_2dqwmd,t1_cjs75j7,t1_cjtbaaf,0.0,0.0,0.0
p_710,t3_2dqiwg,t1_cjs3gzc,t1_cjs43w0,0.0,0.0,0.0
p_713,t3_2dnntx,t1_cjrb5qh,t1_cjr97o9,0.0,0.0047169811320754715,-0.0047169811320754715
p_714,t3_2dn3f8,t1_cjr9dnd,t1_cjrqm60,0.009615384615384616,0.005681818181818182,0.003933566433566434
p_717,t3_2dn11e,t1_cjrjl9x,t1_cjr71xy,0.0008795074758135445,0.0,0.0008795074758135445
p_715,t3_2dn11e,t1_cjr2n9b,t1_cjr6whw,0.0,0.0,0.0
p_718,t3_2dlheo,t1_cjqnd51,t1_cjqtrub,0.0,0.0,0.0
p_725,t3_2dhno3,t1_cjpkrey,t1_cjpktss,0.0,0.0,0.0
p_726,t3_2dhno3,t1_cjpl1mi,t1_cjpl00t,0.0,0.0,0.0
p_729,t3_2dgu6l,t1_cjpdy8k,t1_cjpe59d,0.0,0.0,0.0
p_727,t3_2dgu6l,t1_cjpdn9v,t1_cjpklzu,0.0,0.0,0.0
p_730,t3_2dgqx2,t1_cjpbloq,t1_cjpbk3l,0.0,0.0,0.0
p_732,t3_2dg6ti,t1_cjp6klt,t1_cjp63yk,0.0,0.0,0.0
p_733,t3_2dg4c1,t1_cjpx7h2,t1_cjpio9w,0.0,0.0,0.0
p_734,t3_2dfvv8,t1_cjp4zw9,t1_cjps9sv,0.0,0.0,0.0
p_735,t3_2dfees,t1_cjoyyhb,t1_cjoyhsi,0.0,0.0,0.0
p_736,t3_2df7cg,t1_cjp0py1,t1_cjp0eg0,0.0,0.0,0.0
p_738,t3_2ddrqc,t1_cjos8fl,t1_cjoj8pn,0.00980392156862745,0.0,0.00980392156862745
p_739,t3_2ddrqc,t1_cjoqu2v,t1_cjok2vp,0.0,0.0,0.0
p_744,t3_2d9qj2,t1_cjnklzx,t1_cjnknol,0.0,0.0,0.0
p_748,t3_2d80rd,t1_cjn0zyz,t1_cjn0l56,0.0028011204481792717,0.0,0.0028011204481792717
p_749,t3_2d80rd,t1_cjmzj1k,t1_cjn0l56,0.0,0.0,0.0
p_751,t3_2d70dq,t1_cjmpn2y,t1_cjmqlfg,0.0,0.0,0.0
p_752,t3_2d70dq,t1_cjmpqr5,t1_cjmq3hk,0.0,0.0,0.0
p_754,t3_2d4iry,t1_cjm06yw,t1_cjlzkdu,0.0,0.0,0.0
p_753,t3_2d4iry,t1_cjm03nb,t1_cjm7yyk,0.0,0.0,0.0
p_755,t3_2d45vn,t1_cjlwas2,t1_cjmfdmh,0.0,0.0,0.0
p_756,t3_2d45gd,t1_cjlw24h,t1_cjm4puq,0.0,0.0,0.0
p_757,t3_2d45gd,t1_cjlvwcv,t1_cjm05zn,0.0,0.0,0.0
p_758,t3_2d3v5a,t1_cjlwcf0,t1_cjm3zmu,0.0,0.0,0.0
p_759,t3_2d2as3,t1_cjlfahj,t1_cjlf2q0,0.003355704697986577,0.0,0.003355704697986577
p_760,t3_2czuse,t1_cjkv8v3,t1_cjkt5uj,0.0,0.0,0.0
p_761,t3_2cziel,t1_cjkkwxr,t1_cjkpo0a,0.0,0.0,0.0
p_762,t3_2czhb2,t1_cjkm7nm,t1_cjkm0r4,0.0,0.0,0.0
p_763,t3_2cz5rq,t1_cjkk570,t1_cjkjx53,0.0,0.0,0.0
p_766,t3_2cwals,t1_cjjmt5t,t1_cjjmrg7,0.0,0.0,0.0
p_767,t3_2cuup8,t1_cjj91pc,t1_cjj8z52,0.0,0.0,0.0
p_769,t3_2cuup8,t1_cjj95ae,t1_cjj95r7,0.0,0.0,0.0
p_768,t3_2cuup8,t1_cjj8vwc,t1_cjj93qh,0.0,0.0,0.0
p_770,t3_2ctoax,t1_cjl2zn4,t1_cjiw921,0.0,0.0,0.0
p_773,t3_2cpj4p,t1_cjhqqcp,t1_cjhqbq0,0.0,0.0,0.0
p_774,t3_2cpj4p,t1_cjhreeh,t1_cjhqbq0,0.0,0.0,0.0
p_775,t3_2cotfm,t1_cjhpm9j,t1_cjhkm9q,0.0,0.0,0.0
p_778,t3_2cm5jd,t1_cjh0bre,t1_cjguy6j,0.0,0.0,0.0
p_779,t3_2cm3oh,t1_cjgsk1z,t1_cjgv6jc,0.0,0.0,0.0
p_780,t3_2clk6c,t1_cjgn3ba,t1_cjgqd1y,0.0,0.005714285714285714,-0.005714285714285714
p_781,t3_2ck2yw,t1_cjga8kb,t1_cjgci5s,0.009345794392523364,0.00819672131147541,0.0011490730810479535
p_783,t3_2cjh91,t1_cjg6chd,t1_cjg4iir,0.004366812227074236,0.0,0.004366812227074236
p_784,t3_2cixjs,t1_cjfyd92,t1_cjfxj4o,0.0,0.0,0.0
p_786,t3_2cimfd,t1_cjfuup7,t1_cjftym1,0.0,0.0,0.0
p_787,t3_2cimfd,t1_cjfxnwo,t1_cjftym1,0.0,0.0,0.0
p_789,t3_2chy2d,t1_cjfpbub,t1_cjfnmjy,0.0,0.0,0.0
p_792,t3_2ch2je,t1_cjfeou6,t1_cjff0g8,0.0,0.0,0.0
p_794,t3_2cflx0,t1_cjfajp7,t1_cjfm8m1,0.004889975550122249,0.0,0.004889975550122249
p_796,t3_2cfco7,t1_cjf04a9,t1_cjexi6m,0.0,0.0,0.0
p_799,t3_2cayvr,t1_cjdvbhe,t1_cjdu0ta,0.0,0.0,0.0
p_801,t3_2c8rcd,t1_cjd7pz3,t1_cjd6lze,0.0,0.0,0.0
p_802,t3_2c8fea,t1_cjcyect,t1_cjd2c3b,0.0,0.0,0.0
p_803,t3_2c7yah,t1_cjd2kql,t1_cjcxj9f,0.0057670126874279125,0.0,0.0057670126874279125
p_805,t3_2c5zac,t1_cjc9611,t1_cjc924m,0.0,0.0,0.0
p_806,t3_2c5zac,t1_cjctvr0,t1_cjcbahh,0.0,0.0,0.0
p_807,t3_2c5p5y,t1_cjcho3h,t1_cjc7uan,0.0,0.0,0.0
p_808,t3_2c5p5y,t1_cjcd7nc,t1_cjccm8m,0.0,0.0,0.0
p_810,t3_2c3fc3,t1_cjbjw5y,t1_cjbjkju,0.0,0.0,0.0
p_813,t3_2c1mga,t1_cjb2jw5,t1_cjc4wg5,0.0,0.0,0.0
p_815,t3_2c0frm,t1_cjb1qx6,t1_cjause4,0.0,0.0,0.0
p_816,t3_2c0frm,t1_cjb1sid,t1_cjb85xf,0.003795066413662239,0.002544529262086514,0.001250537151575725
p_818,t3_2bys5g,t1_cja9ddx,t1_cja81tm,0.0,0.0,0.0
p_820,t3_2byn0m,t1_cja7f9f,t1_cjabwg5,0.0,0.0,0.0
p_821,t3_2btxhq,t1_cj8vmab,t1_cj8xbmk,0.0037735849056603774,0.0,0.0037735849056603774
p_822,t3_2bt248,t1_cj8mfi7,t1_cj8m3h7,0.0,0.0,0.0
p_823,t3_2bt248,t1_cj8m0lg,t1_cj8mwsz,0.0,0.0,0.0
p_824,t3_2bsdbd,t1_cj8tbiu,t1_cj8hvl7,0.0,0.0,0.0
p_826,t3_2brzwb,t1_cj8hzbv,t1_cj8gj0l,0.0,0.0,0.0
p_827,t3_2brzmq,t1_cj8bm67,t1_cj8cjmm,0.0,0.0,0.0
p_828,t3_2brzmq,t1_cj8ba9r,t1_cj8b7ms,0.0,0.0,0.0
p_829,t3_2bqtzl,t1_cj80j9s,t1_cj810fl,0.013157894736842105,0.002551020408163265,0.01060687432867884
p_832,t3_2boeux,t1_cj7b6r1,t1_cj7b5jv,0.0024390243902439024,0.013333333333333334,-0.010894308943089431
p_833,t3_2boeux,t1_cj7bl1t,t1_cj7igwx,0.004310344827586207,0.0,0.004310344827586207
p_834,t3_2boe3r,t1_cj7c5d5,t1_cj7cbq5,0.0,0.005208333333333333,-0.005208333333333333
p_836,t3_2bo3al,t1_cj7h31j,t1_cj7dkvq,0.0,0.0,0.0
p_837,t3_2bnfju,t1_cj716f4,t1_cj718af,0.0,0.0,0.0
p_838,t3_2bnfju,t1_cj71qqf,t1_cj717cb,0.0,0.0,0.0
p_840,t3_2bmc2p,t1_cj6s9ct,t1_cj6qflr,0.0,0.0,0.0
p_841,t3_2bmble,t1_cj6qs8o,t1_cj6v78p,0.0,0.0,0.0
p_844,t3_2bkf5u,t1_cj684og,t1_cj6d292,0.0,0.0,0.0
p_846,t3_2bk0qs,t1_cj63kvq,t1_cj63fve,0.0,0.0,0.0
p_849,t3_2bk0qs,t1_cj64yf0,t1_cj63fve,0.0,0.0,0.0
p_847,t3_2bk0qs,t1_cj66iuo,t1_cj6420b,0.0,0.0,0.0
p_850,t3_2bk0qs,t1_cj65d7h,t1_cj66gvl,0.0,0.0,0.0
p_852,t3_2bh5ak,t1_cj5b5uh,t1_cj5jak2,0.014705882352941176,0.0,0.014705882352941176
p_854,t3_2bf94q,t1_cj4sh2e,t1_cj4qy6o,0.0,0.0,0.0
p_855,t3_2bev6f,t1_cj4mn6v,t1_cj4o0am,0.0,0.0,0.0
p_857,t3_2bdmlg,t1_cj4r6pc,t1_cj4uv2h,0.0,0.0,0.0
p_858,t3_2bdgci,t1_cj49439,t1_cj49ckx,0.0072992700729927005,0.0,0.0072992700729927005
p_859,t3_2bd0wa,t1_cj442sl,t1_cj43vgx,0.0,0.0,0.0
p_861,t3_2bbyzd,t1_cj3zuoq,t1_cj3tx1c,0.0,0.0,0.0
p_863,t3_2bbbrd,t1_cj3qs8q,t1_cj3ln9x,0.006172839506172839,0.0,0.006172839506172839
p_864,t3_2bbbrd,t1_cj3mpby,t1_cj3ln9x,0.0,0.0,0.0
p_865,t3_2bb58m,t1_cj3lcvm,t1_cj3jor5,0.0,0.0,0.0
p_868,t3_2bag31,t1_cj3e0bt,t1_cj3f08t,0.0,0.0,0.0
p_869,t3_2ba5xo,t1_cj3aqld,t1_cj3bm6j,0.0,0.0,0.0
p_873,t3_2b6skg,t1_cj2glpl,t1_cj2cg6m,0.0,0.0,0.0
p_876,t3_2b3pi0,t1_cj1uavk,t1_cj1m2xo,0.0,0.0,0.0
p_877,t3_2b3lad,t1_cj1iybx,t1_cj1jqxa,0.0,0.0,0.0
p_879,t3_2b2yjr,t1_cj1hktf,t1_cj1b4e2,0.0,0.0,0.0
p_881,t3_2b1rwv,t1_cj15lfe,t1_cj10jtx,0.0,0.0,0.0
p_882,t3_2b1rab,t1_cj0ycid,t1_cj0zinx,0.0,0.0,0.0
p_883,t3_2az65z,t1_cj0805c,t1_cj0g6d8,0.0,0.0,0.0
p_884,t3_2az65z,t1_cj0afqo,t1_cj07su5,0.0,0.0,0.0
p_887,t3_2ayhxt,t1_cj01q09,t1_cj05jan,0.0,0.0,0.0
p_888,t3_2ayhnp,t1_cj0eawe,t1_cj0dm90,0.0,0.0,0.0
p_889,t3_2ay3kf,t1_cizxi5e,t1_cj0f52z,0.0,0.0,0.0
p_892,t3_2axbu7,t1_cizphk8,t1_cizp4id,0.0,0.0,0.0
p_894,t3_2ax1is,t1_cizxbqp,t1_cizm2oq,0.004329004329004329,0.0,0.004329004329004329
p_896,t3_2avwd8,t1_cizdu3g,t1_cizbvza,0.0,0.0,0.0
p_898,t3_2av5cs,t1_ciz2pkz,t1_ciz33sn,0.031446540880503145,0.0,0.031446540880503145
p_899,t3_2av5cs,t1_cizd4ad,t1_ciz33th,0.0,0.0,0.0
p_900,t3_2av5cs,t1_ciz37g5,t1_cizbl7q,0.0,0.0,0.0
p_901,t3_2av4l0,t1_ciz5qhg,t1_ciz3zz1,0.001184834123222749,0.0,0.001184834123222749
p_902,t3_2av4l0,t1_ciz4rvg,t1_cizdobh,0.0,0.0,0.0
p_903,t3_2auttr,t1_ciyyxji,t1_ciyz918,0.0,0.0,0.0
p_904,t3_2auttr,t1_ciz267w,t1_cizcakn,0.0,0.0,0.0
p_905,t3_2auttr,t1_ciz01zx,t1_ciyz5z2,0.0,0.0,0.0
p_907,t3_2autm6,t1_ciyzdgj,t1_ciyzc4o,0.0,0.0,0.0
p_908,t3_2au1li,t1_ciytem3,t1_ciytn6n,0.0,0.0,0.0
p_909,t3_2atya5,t1_ciyu2jf,t1_ciza7xp,0.012658227848101266,0.0044444444444444444,0.008213783403656822
p_910,t3_2atya5,t1_ciytbvr,t1_ciyug3x,0.0,0.009009009009009009,-0.009009009009009009
p_911,t3_2atkq9,t1_ciyvkn0,t1_ciysfit,0.0011534025374855825,0.0,0.0011534025374855825
p_912,t3_2atkq9,t1_ciyvfhd,t1_ciz0aqa,0.0,0.0,0.0
p_914,t3_2aprj3,t1_cixk3ln,t1_cixjumt,0.0,0.0,0.0
p_915,t3_2apfnp,t1_cixj7ex,t1_cixm7i4,0.009009009009009009,0.0,0.009009009009009009
p_916,t3_2aotoi,t1_cixcw5d,t1_cixbgnz,0.0,0.0,0.0
p_917,t3_2ao6r9,t1_cix76va,t1_cix3fsy,0.0031446540880503146,0.0,0.0031446540880503146
p_918,t3_2ao6r9,t1_cix7iph,t1_cix8b7l,0.0,0.0,0.0
p_919,t3_2ao0uk,t1_cix3ypn,t1_cix3ejo,0.0,0.0,0.0
p_920,t3_2ao0uk,t1_cix237u,t1_cix3ejo,0.0,0.0,0.0
p_921,t3_2ancgk,t1_cizbef2,t1_ciwwlp0,0.0,0.0,0.0
p_922,t3_2am3iw,t1_ciwjxse,t1_ciwj1us,0.0,0.0,0.0
p_923,t3_2am3iw,t1_ciwjejz,t1_ciwtkzm,0.002336448598130841,0.0,0.002336448598130841
p_924,t3_2aksc1,t1_ciwatzs,t1_ciwai0k,0.0,0.0,0.0
p_925,t3_2aklm2,t1_ciwffud,t1_ciwbxu9,0.0,0.0,0.0
p_926,t3_2akhk0,t1_ciw2gow,t1_ciw2nfc,0.0,0.0,0.0
p_927,t3_2ajnzj,t1_ciwqij6,t1_ciwemsm,0.0,0.0,0.0
p_928,t3_2aj9r3,t1_ciwcbuo,t1_civud7i,0.0,0.0,0.0
p_931,t3_2aj1mk,t1_civssxr,t1_civm58k,0.0,0.0029282576866764276,-0.0029282576866764276
p_930,t3_2aj1mk,t1_civrhnv,t1_civrvjf,0.0,0.0,0.0
p_933,t3_2ah2al,t1_civd1ci,t1_civ856q,0.0,0.0,0.0
p_935,t3_2afgwo,t1_ciujkwd,t1_ciuknh0,0.0,0.0,0.0
p_937,t3_2afeix,t1_civ4udg,t1_ciui2wk,0.0,0.0,0.0
p_936,t3_2afeix,t1_ciuiq4g,t1_civ1g4o,0.0,0.012658227848101266,-0.012658227848101266
p_940,t3_2a9tub,t1_cisxezp,t1_cisyu2q,0.0,0.0,0.0
p_942,t3_2a9dnv,t1_cit209o,t1_cissjh9,0.0,0.0,0.0
p_943,t3_2a9dnv,t1_cisrycq,t1_cisrkq6,0.0,0.0,0.0
p_945,t3_2a7l9t,t1_cisdojk,t1_cisar6g,0.0,0.0,0.0
p_946,t3_2a7f52,t1_cisdl2d,t1_cisbb3e,0.0,0.0,0.0
p_947,t3_2a7f52,t1_cisbwf3,t1_cisf85e,0.0,0.0,0.0
p_948,t3_2a7f52,t1_cisazcd,t1_cisbb3e,0.0,0.0,0.0
p_950,t3_2a71ap,t1_cis8nhw,t1_cis9yiw,0.001718213058419244,0.02843601895734597,-0.026717805898926725
p_951,t3_2a6vk3,t1_cis5k8v,t1_cisibct,0.0,0.0,0.0
p_952,t3_2a6vk3,t1_cis6qmv,t1_cisibct,0.0,0.0,0.0
p_954,t3_2a5fi8,t1_ciro19q,t1_cirnern,0.0,0.0,0.0
p_955,t3_2a54d2,t1_cirmdvw,t1_cirrtjb,0.0,0.0,0.0
p_957,t3_2a3mhz,t1_cirdfug,t1_cirn0uk,0.0,0.005,-0.005
p_959,t3_2a2ccx,t1_ciqt2gd,t1_ciqstk4,0.0,0.0,0.0
p_958,t3_2a2ccx,t1_ciqt1fb,t1_ciqt0ds,0.0,0.0,0.0
p_960,t3_2a299i,t1_ciqsytr,t1_ciqs72a,0.0,0.0,0.0
p_961,t3_2a299i,t1_ciqsl3r,t1_ciqt0e3,0.0,0.0,0.0
p_963,t3_2a1jkp,t1_ciqmtf7,t1_ciqlutb,0.0,0.0,0.0
p_964,t3_2a1jkp,t1_ciqrmpo,t1_ciqn0ib,0.0,0.0,0.0
p_966,t3_2a197z,t1_ciqil5b,t1_ciqobmw,0.0,0.0,0.0
p_967,t3_2a197z,t1_ciqihn1,t1_ciqobmw,0.0,0.0,0.0
p_968,t3_29zmtz,t1_ciq2ol0,t1_ciq3149,0.0,0.0,0.0
p_969,t3_29wdwj,t1_cip54i9,t1_cip4gi2,0.0,0.0,0.0
p_970,t3_29vb8t,t1_cioupvy,t1_cip1yki,0.0,0.0,0.0
p_971,t3_29uigy,t1_cioolhq,t1_ciopo2e,0.0,0.0,0.0
p_972,t3_29twg4,t1_ciohbmn,t1_ciofrjv,0.0,0.0,0.0
p_973,t3_29thke,t1_cioct3t,t1_ciofixu,0.019230769230769232,0.0,0.019230769230769232
p_974,t3_29thke,t1_ciod9j6,t1_ciof299,0.0,0.0,0.0
p_975,t3_29thke,t1_ciod9wn,t1_ciof299,0.0,0.0,0.0
p_976,t3_29t2lw,t1_cio8k31,t1_ciorv42,0.0,0.0,0.0
p_978,t3_29sw94,t1_cioket0,t1_ciolk7r,0.0,0.0,0.0
p_979,t3_29s43k,t1_cinyd5x,t1_cinyyyn,0.0,0.0,0.0
p_981,t3_29q8ct,t1_cinh7w0,t1_cing94q,0.0,0.0,0.0
p_983,t3_29pjwk,t1_cinfrtq,t1_cin94yc,0.0,0.0,0.0
p_984,t3_29oi1n,t1_cimz15m,t1_cimy8x8,0.0,0.0024813895781637717,-0.0024813895781637717
p_985,t3_29o2de,t1_cimtmrk,t1_cin0747,0.0,0.0,0.0
p_988,t3_29nx6g,t1_cimrrzy,t1_cimrry5,0.017543859649122806,0.0,0.017543859649122806
p_990,t3_29n4wo,t1_cio9nnh,t1_cimnztj,0.0,0.0,0.0
p_992,t3_29mv5t,t1_cimhn69,t1_cimm4sj,0.0,0.0,0.0
p_993,t3_29kyod,t1_cily6cd,t1_cilx8xd,0.0,0.0,0.0
p_994,t3_29koa9,t1_ciluvuu,t1_cim8wkw,0.0,0.0,0.0
p_996,t3_29koa9,t1_cim0cmu,t1_cim8wkw,0.0007137758743754461,0.0,0.0007137758743754461
p_997,t3_29koa9,t1_cilvgjv,t1_cim8wkw,0.0,0.0,0.0
p_998,t3_29koa9,t1_cilvqev,t1_cilxj9y,0.0,0.0,0.0
p_999,t3_29gpjt,t1_cilbryz,t1_cikqtwr,0.0,0.0,0.0
p_1000,t3_29fpzd,t1_cikhu2y,t1_cikh4e8,0.0,0.0,0.0
p_1001,t3_29fb1d,t1_cikeni2,t1_cikla8t,0.0,0.0,0.0
p_1002,t3_29ex1p,t1_cik9jgg,t1_ciko7yy,0.0,0.0,0.0
p_1003,t3_29elqv,t1_cik5t8y,t1_cik747j,0.005263157894736842,0.0,0.005263157894736842
p_1005,t3_29dde1,t1_cijuats,t1_cijzw8d,0.0,0.0,0.0
p_1008,t3_29cqd5,t1_cijp4yk,t1_cijvb22,0.0,0.0,0.0
p_1009,t3_29c3ml,t1_cikuj8t,t1_cijh4ci,0.0,0.0,0.0
p_1010,t3_299mpb,t1_ciiv880,t1_cijf48t,0.0,0.0,0.0
p_1012,t3_299m1u,t1_cij2hf7,t1_ciirgle,0.0,0.0,0.0
p_1011,t3_299m1u,t1_cij1roi,t1_ciisuex,0.0,0.0,0.0
p_1015,t3_298jbk,t1_ciircqo,t1_ciijbdz,0.0,0.0029239766081871343,-0.0029239766081871343
p_1016,t3_295zr6,t1_cihud2v,t1_cihuma6,0.0,0.0,0.0
p_1018,t3_293ei6,t1_cih7ua8,t1_cih1isj,0.0,0.0,0.0
p_1020,t3_292154,t1_cignun4,t1_cigrv7m,0.0,0.0,0.0
p_1022,t3_28xzqn,t1_cig26mw,t1_cifrcsx,0.0,0.0,0.0
p_1023,t3_28xbw7,t1_cifjy3z,t1_cifovj7,0.0,0.010309278350515464,-0.010309278350515464
p_1024,t3_28xbw7,t1_cig1fzx,t1_cifl87i,0.0,0.0,0.0
p_1025,t3_28wpvg,t1_cif8zbc,t1_cif9t6k,0.0,0.0,0.0
p_1026,t3_28wp3q,t1_cif8e82,t1_cif88e5,0.0,0.0,0.0
p_1027,t3_28vthp,t1_cieyolc,t1_cif42z9,0.0,0.0,0.0
p_1028,t3_28sivx,t1_cie0w6q,t1_cie3rwm,0.0,0.0,0.0
p_1029,t3_28sivx,t1_cie32oy,t1_cie6c67,0.013605442176870748,0.0,0.013605442176870748
p_1030,t3_28sivx,t1_cie3t4x,t1_ciexvov,0.008403361344537815,0.0,0.008403361344537815
p_1031,t3_28rftj,t1_cidpqyo,t1_cidq2o7,0.0030303030303030303,0.0,0.0030303030303030303
p_1033,t3_28l9bo,t1_cicbcrc,t1_cicnduy,0.0,0.0,0.0
p_1034,t3_28kmxf,t1_cibufhn,t1_cic57nm,0.002008032128514056,0.0,0.002008032128514056
p_1036,t3_28k1k9,t1_cic5k0x,t1_cibo1r9,0.0,0.0,0.0
p_1037,t3_28jnxp,t1_cibl8h0,t1_cibmdqw,0.0,0.0,0.0
p_1039,t3_28io13,t1_cibbreq,t1_cic1705,0.0,0.0,0.0
p_1040,t3_28io13,t1_cibhh0f,t1_cibq1ek,0.0,0.0,0.0
p_1042,t3_28io13,t1_cibcinr,t1_cic1705,0.0,0.0,0.0
p_1044,t3_28hqnq,t1_cib224e,t1_cib40ah,0.0,0.015625,-0.015625
p_1045,t3_28c0xt,t1_ciasocp,t1_cia500d,0.0,0.0,0.0
p_1046,t3_28butd,t1_ci9glxs,t1_ci9f4fm,0.0,0.0,0.0
p_1047,t3_28b5n6,t1_ci9a3vl,t1_ci99ope,0.0,0.0,0.0
p_1052,t3_28a5fu,t1_ci9bqem,t1_ci8yety,0.0,0.008403361344537815,-0.008403361344537815
p_1053,t3_28a4rk,t1_ci8xy5w,t1_ci90bbf,0.0,0.0,0.0
p_1055,t3_2881g3,t1_ci8embi,t1_ci8bs9b,0.0,0.0,0.0
p_1056,t3_287z9c,t1_ci8aubw,t1_ci8apra,0.0,0.0,0.0
p_1057,t3_287z9c,t1_ci8d0ed,t1_ci8apra,0.0,0.0,0.0
p_1058,t3_287cab,t1_ci86zv4,t1_ci87ifw,0.0,0.0,0.0
p_1059,t3_2870cx,t1_ci81vqj,t1_ci8137l,0.0,0.0,0.0
p_1060,t3_286wmt,t1_ci81k1d,t1_ci80xo1,0.0,0.0,0.0
p_1061,t3_286wmt,t1_ci817z2,t1_ci8clpg,0.0,0.0,0.0
p_1062,t3_2848jg,t1_ci7igy9,t1_ci7f6gw,0.0,0.0,0.0
p_1064,t3_282r7k,t1_ci758gf,t1_ci6xs0m,0.0,0.0,0.0
p_1065,t3_282lgu,t1_ci6xcds,t1_ci6wglw,0.0,0.0,0.0
p_1068,t3_281bde,t1_ci6f2vp,t1_ci73217,0.0,0.0,0.0
p_1069,t3_2803o3,t1_ci69ena,t1_ci63g5z,0.0,0.0,0.0
p_1070,t3_2803o3,t1_ci63w8c,t1_ci63kpj,0.0,0.0,0.0
p_1071,t3_27ywun,t1_ci5q8xy,t1_ci5rb2e,0.0,0.0,0.0
p_1072,t3_27yn4n,t1_ci5p6hk,t1_ci5nwbp,0.0,0.0,0.0
p_1073,t3_27wog4,t1_ci54b7y,t1_ci54sne,0.0,0.0,0.0
p_1074,t3_27w5po,t1_ci4zmff,t1_ci4ziae,0.0,0.0,0.0
p_1075,t3_27w4g2,t1_ci52xge,t1_ci500mh,0.0,0.0,0.0
p_1076,t3_27tb09,t1_ci498s2,t1_ci45ypy,0.026785714285714284,0.0,0.026785714285714284
p_1077,t3_27r91j,t1_ci3qcct,t1_ci3r4y5,0.0,0.0,0.0
p_1078,t3_27r91j,t1_ci469aj,t1_ci3lbw6,0.0,0.0,0.0
p_1080,t3_27r91j,t1_ci3v5tq,t1_ci3lbw6,0.0,0.0,0.0
p_1079,t3_27r91j,t1_ci3s6fn,t1_ci4g5dm,0.0,0.0,0.0
p_1081,t3_27qqap,t1_ci3mz0v,t1_ci3fwt5,0.0,0.0,0.0
p_1082,t3_27polk,t1_ci34zl5,t1_ci34y3o,0.0,0.0,0.0
p_1083,t3_27poi8,t1_ci35etu,t1_ci36j29,0.0,0.0,0.0
p_1084,t3_27p2fu,t1_ci302xh,t1_ci2zv2i,0.0,0.0,0.0
p_1085,t3_27nxly,t1_ci2o2dq,t1_ci2ox33,0.0,0.005649717514124294,-0.005649717514124294
p_1087,t3_27mbdo,t1_ci2lk26,t1_ci271f9,0.0,0.0,0.0
p_1088,t3_27m0gw,t1_ci29ixa,t1_ci2e7bo,0.0,0.0,0.0
p_1089,t3_27ltja,t1_ci22bw3,t1_ci221eg,0.0,0.0,0.0
p_1090,t3_27lpkf,t1_ci21sv8,t1_ci22b62,0.0,0.0,0.0
p_1091,t3_27lmyu,t1_ci25ehz,t1_ci292ni,0.0,0.0,0.0
p_1092,t3_27l0kn,t1_ci22hoe,t1_ci1usgp,0.0,0.0,0.0
p_1094,t3_27jl8c,t1_ci1fdd3,t1_ci1q6ug,0.0,0.0,0.0
p_1095,t3_27jl8c,t1_ci1g3eq,t1_ci1o724,0.0,0.0,0.0
p_1096,t3_27jl8c,t1_ci1ybru,t1_ci1ghse,0.0,0.0,0.0
p_1097,t3_27hht5,t1_ci0v62f,t1_ci0xj1h,0.0,0.0,0.0
p_1098,t3_27hht5,t1_ci0v0t9,t1_ci0xj1h,0.0,0.0,0.0
p_1099,t3_27hf7o,t1_ci1a4gk,t1_ci1l4fi,0.0,0.0,0.0
p_1101,t3_27gnxb,t1_ci0ta3o,t1_ci0mgmp,0.0,0.0,0.0
p_1103,t3_27ea43,t1_chzyi0v,t1_chzyvc9,0.014492753623188406,0.0091324200913242,0.005360333531864206
p_1104,t3_27ea43,t1_chzydy2,t1_chzyi89,0.04,0.012658227848101266,0.027341772151898737
p_1105,t3_27ea43,t1_ci00m2q,t1_chzyvc9,0.0,0.0091324200913242,-0.0091324200913242
p_1106,t3_27ea43,t1_ci00sgm,t1_ci005dx,0.0021321961620469083,0.0,0.0021321961620469083
p_1107,t3_27dypa,t1_ci0bdgm,t1_ci07fb6,0.0,0.0,0.0
p_1108,t3_27divm,t1_chzwhlt,t1_chzuja4,0.0,0.011363636363636364,-0.011363636363636364
p_1109,t3_27cn8y,t1_chzj6p6,t1_chziyko,0.0,0.0,0.0
p_1111,t3_27atxw,t1_chz6xha,t1_chz1u36,0.0,0.0,0.0
p_1112,t3_27arev,t1_chzar7e,t1_chyzift,0.0,0.0,0.0
p_1113,t3_27aea6,t1_chywdcb,t1_chywfdl,0.0,0.0,0.0
p_1114,t3_27aa6m,t1_chyw1lz,t1_chyuott,0.0011890606420927466,0.0,0.0011890606420927466
p_1116,t3_278w0f,t1_chynby5,t1_chyjibx,0.0,0.0,0.0
p_1118,t3_277y4m,t1_chydgtq,t1_chywat7,0.0,0.0,0.0
p_1119,t3_277y4m,t1_chydb1h,t1_chyw4kk,0.0,0.0,0.0
p_1120,t3_277x8k,t1_chyttqk,t1_chy9d0r,0.0,0.0,0.0
p_1121,t3_276tlp,t1_chy7sh3,t1_chy0rmg,0.0,0.0,0.0
p_1124,t3_274620,t1_chxaxd7,t1_chx8gds,0.0,0.0,0.0
p_1126,t3_273kmd,t1_chxd1h9,t1_chxj63m,0.0,0.0,0.0
p_1127,t3_273kmd,t1_chx2u1h,t1_chxabgz,0.0,0.0,0.0
p_1129,t3_271kgs,t1_chwkzvw,t1_chwjkzk,0.0,0.0,0.0
p_1130,t3_270lsq,t1_chwcze1,t1_chw9d8q,0.0,0.0,0.0
p_1131,t3_26zspu,t1_chw19hq,t1_chw183d,0.0,0.0,0.0
p_1134,t3_26zc51,t1_chwc4g5,t1_chvxpww,0.0,0.004878048780487805,-0.004878048780487805
p_1136,t3_26yks9,t1_chvwhll,t1_chvq9oq,0.0,0.0,0.0
p_1137,t3_26wd6r,t1_chv5dr8,t1_chv4tni,0.0,0.0,0.0
p_1139,t3_26vy78,t1_chv29xs,t1_chv09i1,0.0,0.0,0.0
p_1140,t3_26uqns,t1_chuofxc,t1_chur6nz,0.03333333333333333,0.0,0.03333333333333333
p_1141,t3_26ua0u,t1_chujiwj,t1_chujocf,0.0,0.0,0.0
p_1142,t3_26u9dw,t1_chuufxu,t1_chukxnl,0.0,0.0,0.0
p_1143,t3_26sh4n,t1_chu3p5h,t1_chu15ia,0.0,0.0,0.0
p_1146,t3_26rdo4,t1_chtuhl8,t1_chtxxpb,0.007462686567164179,0.0,0.007462686567164179
p_1147,t3_26rdo4,t1_chu67p6,t1_chtrpps,0.0,0.0,0.0
p_1148,t3_26q635,t1_chtgusq,t1_chtf56s,0.0,0.0,0.0
p_1149,t3_26p8jo,t1_cht981c,t1_chtj2ux,0.0,0.0,0.0
p_1150,t3_26p8jo,t1_cht9qr7,t1_chts9np,0.0,0.0,0.0
p_1152,t3_26oalr,t1_chsxcva,t1_chsx48j,0.0,0.0,0.0
p_1153,t3_26nxhn,t1_chsvwxu,t1_chsv0n8,0.0,0.0,0.0
p_1154,t3_26nryd,t1_chsrqt8,t1_chsrvxo,0.0,0.0,0.0
p_1155,t3_26nhjw,t1_cht4pkp,t1_chsu79i,0.0,0.0,0.0
p_1156,t3_26nayb,t1_chssa9d,t1_chsv92t,0.0,0.0,0.0
p_1157,t3_26klj1,t1_chs03g4,t1_chryx19,0.0,0.0,0.0
p_1158,t3_26klj1,t1_chs24pt,t1_chrz6c7,0.0,0.0,0.0
p_1160,t3_26hzf8,t1_chr8s7x,t1_chrles3,0.0,0.0,0.0
p_1161,t3_26hwea,t1_chrabe3,t1_chr8ld6,0.0,0.0,0.0
p_1162,t3_26gh41,t1_chrb2s3,t1_chrbbrp,0.0,0.0,0.0
p_1163,t3_26dl3h,t1_chqfdzg,t1_chqb2dv,0.0,0.0,0.0
p_1164,t3_26d2uo,t1_chpypl8,t1_chpy5h4,0.0,0.0,0.0
p_1166,t3_26chd9,t1_chprxii,t1_chpqlc3,0.0,0.0,0.0
p_1165,t3_26chd9,t1_chpu05i,t1_chpunzb,0.0,0.0,0.0
p_1168,t3_26b7qy,t1_chpe7k0,t1_chpfdw6,0.0,0.0,0.0
p_1167,t3_26b7qy,t1_chpl60e,t1_chpgldh,0.0,0.0,0.0
p_1169,t3_26b1l1,t1_chphzs8,t1_chpj8nd,0.0,0.0,0.0
p_1170,t3_26b1l1,t1_chpkxvq,t1_chpr7to,0.0,0.0,0.0
p_1171,t3_26axzi,t1_chpfpjf,t1_chpch30,0.0,0.011194029850746268,-0.011194029850746268
p_1173,t3_26avz4,t1_chpvoyz,t1_chpdbyq,0.0,0.0,0.0
p_1172,t3_26avz4,t1_chpk0aq,t1_chpkmh2,0.0,0.0,0.0
p_1175,t3_266yvm,t1_cho98qb,t1_cho9whe,0.0,0.0,0.0
p_1176,t3_264xi6,t1_chnu7dr,t1_chntgnu,0.0,0.0,0.0
p_1177,t3_264iek,t1_chnlkj6,t1_chnpgap,0.0,0.0,0.0
p_1178,t3_26478q,t1_chnuzwc,t1_chni6ea,0.0,0.0,0.0
p_1180,t3_26388i,t1_chn9wjm,t1_chn949h,0.0,0.0,0.0
p_1179,t3_26388i,t1_chn995p,t1_chnvien,0.0,0.0,0.0
p_1182,t3_25xo3j,t1_chm80yd,t1_chlvz4j,0.0,0.0,0.0
p_1183,t3_25xl5s,t1_chm54oj,t1_chlqmz0,0.0,0.0,0.0
p_1184,t3_25x7qp,t1_chlltit,t1_chlyib1,0.0,0.0,0.0
p_1185,t3_25vncd,t1_chldip6,t1_chl5c1u,0.007434944237918215,0.0,0.007434944237918215
p_1187,t3_25ttah,t1_chknoam,t1_chknr46,0.0,0.0,0.0
p_1188,t3_25tb6s,t1_chkkbgt,t1_chkmpg8,0.0,0.0,0.0
p_1189,t3_25tb6s,t1_chkkdg1,t1_chknu20,0.010869565217391304,0.0,0.010869565217391304
p_1190,t3_25suor,t1_chkfvbm,t1_chkg3m5,0.0035842293906810036,0.0,0.0035842293906810036
p_1193,t3_25scj1,t1_chkzgwk,t1_chkmkdy,0.0,0.0,0.0
p_1194,t3_25r1ji,t1_chjyik3,t1_chk8w7b,0.0,0.0,0.0
p_1195,t3_25po6v,t1_chjkkx8,t1_chjubyn,0.0,0.0,0.0
p_1196,t3_25po6v,t1_chk8sqa,t1_chjubyn,0.001145475372279496,0.0,0.001145475372279496
p_1197,t3_25pnxw,t1_chjirvh,t1_chjpfx2,0.005376344086021506,0.0,0.005376344086021506
p_1198,t3_25pnxw,t1_chjjtas,t1_chjj0yp,0.006802721088435374,0.0,0.006802721088435374
p_1199,t3_25oyan,t1_chjdqy8,t1_chjem5p,0.0,0.0,0.0
p_1200,t3_25nvz4,t1_chj0cy6,t1_chj0i1f,0.037037037037037035,0.0,0.037037037037037035
p_1201,t3_25n272,t1_chiubth,t1_chitirm,0.017857142857142856,0.0136986301369863,0.0041585127201565555
p_1202,t3_25n272,t1_chiu5hs,t1_chiulpy,0.0,0.0,0.0
p_1205,t3_25lg8m,t1_chigspr,t1_chiogt6,0.0,0.0,0.0
p_1206,t3_25l0uy,t1_chi8i2g,t1_chi832d,0.0,0.0,0.0
p_1207,t3_25l0uy,t1_chi7njk,t1_chi7tu1,0.0,0.0,0.0
p_1211,t3_25itrj,t1_chhmwgg,t1_chi69ds,0.0,0.0,0.0
p_1212,t3_25im4s,t1_chhkumz,t1_chhjyki,0.0,0.0,0.0
p_1213,t3_25ha18,t1_chh8ifw,t1_chheuzj,0.0,0.0,0.0
p_1214,t3_25ha18,t1_chh6qmk,t1_chhe1dy,0.0,0.0,0.0
p_1216,t3_25gqr3,t1_chh26by,t1_chhh81o,0.0,0.0,0.0
p_1217,t3_25gqr3,t1_chh8rrt,t1_chhh81o,0.0,0.0,0.0
p_1218,t3_25fjdx,t1_chgsfko,t1_chgwtsq,0.0,0.0,0.0
p_1219,t3_25emz1,t1_chgg0g9,t1_chgig4z,0.0,0.0,0.0
p_1220,t3_25emz1,t1_chgg5ng,t1_chgir2d,0.0,0.0,0.0
p_1221,t3_25e9jx,t1_chggnry,t1_chge47o,0.0,0.0,0.0
p_1223,t3_25dxbd,t1_chg9dqe,t1_chg8ogo,0.0,0.0,0.0
p_1227,t3_255hmb,t1_chdweq6,t1_chemebp,0.0,0.0,0.0
p_1229,t3_254zub,t1_chdvkgy,t1_chdwf9h,0.0,0.0,0.0
p_1231,t3_254y08,t1_cheumim,t1_chds6fo,0.0,0.0,0.0
p_1233,t3_25397z,t1_chda336,t1_chdw4w9,0.0,0.0,0.0
p_1237,t3_251sp2,t1_chcu4b5,t1_chctls6,0.0,0.0,0.0
p_1238,t3_251sp2,t1_chct90x,t1_chctls6,0.0,0.0,0.0
p_1239,t3_24y1ch,t1_chbuciq,t1_chbrxsr,0.0,0.0,0.0
p_1240,t3_24xvdh,t1_chc0kbp,t1_chbz1m4,0.0,0.0,0.0
p_1241,t3_24xu2q,t1_chbubti,t1_chbry7z,0.0,0.0,0.0
p_1242,t3_24xu2q,t1_chc4ef4,t1_chbry7z,0.0,0.0,0.0
p_1244,t3_24w4ny,t1_chb93ff,t1_chb9gll,0.0,0.0,0.0
p_1245,t3_24w2l9,t1_chb9cc8,t1_chb90uk,0.0,0.0,0.0
p_1246,t3_24v6pp,t1_chbpbt5,t1_chb0vnk,0.011560693641618497,0.0,0.011560693641618497
p_1247,t3_24v4li,t1_chb1bwz,t1_chb0q8j,0.0,0.0,0.0
p_1249,t3_24v147,t1_chbavh7,t1_chbf3nm,0.0028129395218002813,0.0,0.0028129395218002813
p_1251,t3_24u1tt,t1_chatgr3,t1_chap2b6,0.0,0.0,0.0
p_1252,t3_24svid,t1_chabtmq,t1_chabwh6,0.0,0.0,0.0
p_1255,t3_24se6g,t1_cha8lpp,t1_cha7yte,0.0,0.0,0.0
p_1256,t3_24sb0f,t1_cha6mi6,t1_cha8ryw,0.0,0.0,0.0
p_1257,t3_24qqog,t1_ch9zipy,t1_ch9sfw0,0.0,0.0,0.0
p_1258,t3_24pgmg,t1_ch9fo96,t1_ch9x7xg,0.0,0.0,0.0
p_1261,t3_24mdbl,t1_ch8og6w,t1_ch8j52p,0.0,0.0,0.0
p_1262,t3_24m6ig,t1_ch8nkas,t1_ch8kf1q,0.0,0.0,0.0
p_1264,t3_24j7qu,t1_ch7qjkg,t1_ch7uy3e,0.0,0.0,0.0
p_1265,t3_24io3e,t1_ch7na38,t1_ch7ieyl,0.0,0.0,0.0
p_1266,t3_24io3e,t1_ch7pz3m,t1_ch7ieyl,0.0,0.0,0.0
p_1267,t3_24hwd5,t1_ch7gi99,t1_ch7affk,0.0,0.0,0.0
p_1268,t3_24h3zr,t1_ch72c4s,t1_ch72cof,0.0,0.0,0.0
p_1269,t3_24g8ii,t1_ch71nlc,t1_ch6tmiv,0.0028328611898017,0.0,0.0028328611898017
p_1270,t3_24g4hq,t1_ch7257w,t1_ch6va5a,0.0,0.0,0.0
p_1278,t3_24c5qv,t1_ch5oa5w,t1_ch5ogse,0.002386634844868735,0.0,0.002386634844868735
p_1279,t3_24c5qv,t1_ch5ow4l,t1_ch5ogse,0.0,0.0,0.0
p_1280,t3_24c1q3,t1_ch5uakf,t1_ch60ays,0.0,0.0,0.0
p_1281,t3_24c1q3,t1_ch61d0c,t1_ch5ursh,0.0,0.0,0.0
p_1282,t3_24c1q3,t1_ch5uoui,t1_ch5ugkf,0.0,0.0,0.0
p_1283,t3_24c1q3,t1_ch5zt5k,t1_ch5p4qj,0.0,0.0,0.0
p_1284,t3_24bx3p,t1_ch5nu6w,t1_ch5ot5q,0.0,0.0,0.0
p_1285,t3_24bof3,t1_ch5k7ny,t1_ch5m04n,0.0,0.0,0.0
p_1286,t3_24bof3,t1_ch5k4dl,t1_ch5phng,0.0,0.0,0.0
p_1287,t3_24b8ko,t1_ch5ozwp,t1_ch66f4q,0.0,0.0,0.0
p_1288,t3_249sxa,t1_ch53so7,t1_ch4zs42,0.0,0.0,0.0
p_1289,t3_249l1k,t1_ch4xsez,t1_ch57rrn,0.0,0.006024096385542169,-0.006024096385542169
p_1290,t3_248s83,t1_ch4snfe,t1_ch4qx6q,0.0,0.0,0.0
p_1291,t3_248bcr,t1_ch4oftd,t1_ch51bt3,0.0,0.0,0.0
p_1295,t3_24509o,t1_ch3osvi,t1_ch3yyjg,0.0,0.0,0.0
p_1296,t3_244kp1,t1_ch3jo95,t1_ch3iw1o,0.0,0.0,0.0
p_1297,t3_244bft,t1_ch3gjc7,t1_ch3m2j3,0.0,0.0,0.0
p_1301,t3_23yke6,t1_ch1tbc6,t1_ch22rmp,0.0,0.0196078431372549,-0.0196078431372549
p_1302,t3_23yke6,t1_ch21i1v,t1_ch21o13,0.0,0.0,0.0
p_1305,t3_23yke6,t1_ch29mf9,t1_ch1y1ws,0.005208333333333333,0.0,0.005208333333333333
p_1303,t3_23yke6,t1_ch1xh6r,t1_ch20pf2,0.0,0.0,0.0
p_1304,t3_23yke6,t1_ch1vy27,t1_ch22rmp,0.0,0.0196078431372549,-0.0196078431372549
p_1308,t3_23xw5n,t1_ch20pmq,t1_ch1orox,0.0,0.0,0.0
p_1311,t3_23xekl,t1_ch1ihvg,t1_ch1ih9d,0.0,0.0,0.0
p_1310,t3_23xekl,t1_ch1lcbj,t1_ch1tafi,0.0,0.0,0.0
p_1312,t3_23wvv9,t1_ch1cxo2,t1_ch1d10a,0.0,0.0,0.0
p_1315,t3_23wvv9,t1_ch1d1et,t1_ch1czsx,0.0,0.0,0.0
p_1314,t3_23wvv9,t1_ch1dgtk,t1_ch1czsx,0.0,0.0,0.0
p_1313,t3_23wvv9,t1_ch1cuwx,t1_ch1d10a,0.0,0.0,0.0
p_1316,t3_23wvv9,t1_ch1dvsg,t1_ch1d10a,0.0,0.0,0.0
p_1317,t3_23vw8b,t1_ch130xw,t1_ch12knl,0.0,0.0,0.0
p_1318,t3_23vw8b,t1_ch13k3n,t1_ch12knl,0.0,0.0,0.0
p_1319,t3_23vw8b,t1_ch149yl,t1_ch13pcr,0.0,0.0,0.0
p_1320,t3_23vvzm,t1_ch1f49t,t1_ch12o3l,0.0,0.0,0.0
p_1322,t3_23ou3x,t1_cgz6lk9,t1_cgz4coy,0.0,0.0,0.0
p_1324,t3_23mgec,t1_cgygajp,t1_cgyvk0r,0.007407407407407408,0.0,0.007407407407407408
p_1326,t3_23lqtl,t1_cgybkki,t1_cgy8g3b,0.0,0.0,0.0
p_1327,t3_23lqtl,t1_cgy90vi,t1_cgyg9t2,0.0,0.0,0.0
p_1328,t3_23litg,t1_cgy73k6,t1_cgyu73z,0.0,0.002793296089385475,-0.002793296089385475
p_1329,t3_23kv7b,t1_cgxzsco,t1_cgy6k1w,0.0,0.0,0.0
p_1330,t3_23kv7b,t1_cgy0cn3,t1_cgy04hq,0.0,0.0,0.0
p_1331,t3_23kv7b,t1_cgy2g6p,t1_cgy5vy7,0.0,0.0,0.0
p_1332,t3_23kv7b,t1_cgy0c2d,t1_cgy551n,0.0,0.0,0.0
p_1333,t3_23kv7b,t1_cgy6gid,t1_cgyrejw,0.0,0.0,0.0
p_1334,t3_23kit3,t1_cgxz084,t1_cgxx7gu,0.00202020202020202,0.0,0.00202020202020202
p_1335,t3_23k2q0,t1_cgxw1t2,t1_cgxturs,0.0,0.0,0.0
p_1336,t3_23jz53,t1_cgxr95k,t1_cgxqswm,0.0,0.0,0.0
p_1337,t3_23jmyp,t1_cgxs8kb,t1_cgxn99f,0.0,0.0,0.0
p_1338,t3_23ijp4,t1_cgxcr0l,t1_cgxdbde,0.0,0.0,0.0
p_1341,t3_23c5x0,t1_cgvl8vi,t1_cgvm637,0.0,0.0,0.0
p_1342,t3_239u21,t1_cguzcxq,t1_cgv142h,0.0,0.0,0.0
p_1343,t3_238wk7,t1_cgumv5c,t1_cgvmt4w,0.0,0.0,0.0
p_1344,t3_238afg,t1_cguflf3,t1_cgufoko,0.0,0.0,0.0
p_1345,t3_2375b2,t1_cgu92dz,t1_cgu3uvw,0.0,0.0,0.0
p_1346,t3_2371el,t1_cguakwg,t1_cgu6rya,0.0,0.0,0.0
p_1347,t3_2360o1,t1_cgtz3wv,t1_cgtwa3q,0.0,0.0,0.0
p_1348,t3_2360o1,t1_cgu0cre,t1_cgtsaaa,0.0,0.0,0.0
p_1353,t3_22z33y,t1_cgrsuna,t1_cgs2mn3,0.0,0.0,0.0
p_1354,t3_22z33y,t1_cgrugp5,t1_cgs6ju7,0.0,0.0,0.0
p_1355,t3_22y28i,t1_cgriyct,t1_cgrjo9h,0.0,0.0,0.0
p_1358,t3_22xij5,t1_cgrqv9h,t1_cgrcwvc,0.0,0.0,0.0
p_1356,t3_22xij5,t1_cgrcz5o,t1_cgrcq5k,0.0,0.0,0.0
p_1359,t3_22wdaq,t1_cgr4744,t1_cgr1g25,0.0,0.0,0.0
p_1361,t3_22uku3,t1_cgqjbhc,t1_cgqivn8,0.0,0.0,0.0
p_1362,t3_22uku3,t1_cgqlrwl,t1_cgqjogl,0.0,0.0,0.0
p_1364,t3_22uku3,t1_cgqquh7,t1_cgqjogl,0.0,0.0,0.0
p_1363,t3_22uku3,t1_cgqkdik,t1_cgqivn8,0.0,0.0,0.0
p_1365,t3_22ujpc,t1_cgqjh6c,t1_cgqk4rp,0.008333333333333333,0.013157894736842105,-0.004824561403508771
p_1367,t3_22s6od,t1_cgpvjq6,t1_cgpumps,0.0,0.0,0.0
p_1368,t3_22s540,t1_cgpw23e,t1_cgq0y5h,0.0,0.0,0.0
p_1369,t3_22ro8l,t1_cgpubok,t1_cgpq38y,0.0,0.0,0.0
p_1373,t3_22rciz,t1_cgppvl3,t1_cgps3lm,0.0,0.0,0.0
p_1375,t3_22p8vc,t1_cgp1ivx,t1_cgp2qt7,0.0,0.0,0.0
p_1376,t3_22p8vc,t1_cgph660,t1_cgp2qt7,0.0049382716049382715,0.0,0.0049382716049382715
p_1378,t3_22oxbh,t1_cgpbtta,t1_cgp8xyo,0.0,0.0,0.0
p_1381,t3_22kmvs,t1_cgnqvsu,t1_cgns9dq,0.0,0.0,0.0
p_1382,t3_22kmvs,t1_cgnr65q,t1_cgnr89a,0.0,0.0,0.0
p_1383,t3_22kmvs,t1_cgnqzqt,t1_cgns9dq,0.0,0.0,0.0
p_1385,t3_22jhn2,t1_cgneze9,t1_cgnl46h,0.0,0.0,0.0
p_1387,t3_22f1kj,t1_cgm6jha,t1_cgs195e,0.0,0.0,0.0
p_1388,t3_22f1kj,t1_cgm7mon,t1_cgmavew,0.0,0.0,0.0
p_1389,t3_22f1kj,t1_cgm6vi2,t1_cgm6jxw,0.0,0.0,0.0
p_1392,t3_22akzj,t1_cgl8lo1,t1_cgkxjgo,0.0,0.0,0.0
p_1394,t3_22aivj,t1_cglicrz,t1_cgl0x83,0.0,0.0,0.0
p_1395,t3_22aivj,t1_cgljc74,t1_cgl10xq,0.0,0.0,0.0
p_1396,t3_22a5ni,t1_cgktqwp,t1_cgkttdk,0.0,0.0,0.0
p_1397,t3_22a3qs,t1_cgkvrr0,t1_cgkykbh,0.0,0.0,0.0
p_1398,t3_22a3qs,t1_cgl1hm0,t1_cgkykbh,0.0,0.0,0.0
p_1399,t3_22a3qs,t1_cgl1h03,t1_cgkykbh,0.0,0.0,0.0
p_1400,t3_22a37m,t1_cgksfxc,t1_cgkymem,0.0,0.0,0.0
p_1401,t3_228zyi,t1_cgkk4t4,t1_cgklgw6,0.0,0.0,0.0
p_1402,t3_228zup,t1_cgkizxk,t1_cgklh2w,0.0,0.0,0.0
p_1403,t3_227jtk,t1_cgkj9t2,t1_cgk3y74,0.0,0.0,0.0
p_1404,t3_2274kr,t1_cgk4b3c,t1_cgk2ayk,0.0,0.0,0.0
p_1406,t3_226qii,t1_cgjxbij,t1_cgjwndb,0.0,0.0,0.0
p_1408,t3_225n20,t1_cgjsq8n,t1_cgjxoyj,0.0,0.0,0.0
p_1409,t3_225n20,t1_cgjse9y,t1_cgjto4c,0.0,0.0,0.0
p_1411,t3_2235f3,t1_cgj1syh,t1_cgj12cs,0.0,0.0,0.0
p_1413,t3_222civ,t1_cgiu51l,t1_cgiukpc,0.0,0.0,0.0
p_1414,t3_222civ,t1_cgj0qyo,t1_cgir9ho,0.0,0.0,0.0
p_1416,t3_2225gv,t1_cgimlkk,t1_cgio20w,0.0,0.0,0.0
p_1417,t3_221bir,t1_cgif7kr,t1_cgixpf6,0.007751937984496124,0.018691588785046728,-0.010939650800550604
p_1418,t3_220tb9,t1_cgi94sd,t1_cgic9mq,0.0,0.0,0.0
p_1422,t3_21ufiz,t1_cghj1f0,t1_cggsmnl,0.0,0.0,0.0
p_1423,t3_21tk7p,t1_cgggqyw,t1_cgghrhl,0.0,0.0,0.0
p_1425,t3_21tdqe,t1_cggbp4k,t1_cggl2kk,0.0,0.0,0.0
p_1426,t3_21syfg,t1_cgg7z22,t1_cgg8cok,0.0,0.0,0.0
p_1428,t3_21ssfi,t1_cgg6xv3,t1_cggf9u8,0.0,0.0,0.0
p_1436,t3_21pkk6,t1_cgfbywq,t1_cgfbp9c,0.0,0.0,0.0
p_1437,t3_21okwn,t1_cgf2798,t1_cgf5s9n,0.0,0.0,0.0
p_1438,t3_21lleu,t1_cgec0uu,t1_cgebs0x,0.002717391304347826,0.0,0.002717391304347826
p_1439,t3_21l4k2,t1_cge4eyu,t1_cge6hi9,0.0,0.0,0.0
p_1441,t3_21id1m,t1_cgdf3o7,t1_cgdlgwq,0.0,0.0,0.0
p_1447,t3_21eskl,t1_cgcdlrz,t1_cgccad9,0.0,0.0,0.0
p_1449,t3_21dzb8,t1_cgc6vmk,t1_cgcdz22,0.0,0.0,0.0
p_1450,t3_21ceh3,t1_cgbp7v2,t1_cgbpnct,0.0,0.0,0.0
p_1451,t3_21c4g5,t1_cgbm0ol,t1_cgbmkir,0.0,0.0,0.0
p_1454,t3_21bodq,t1_cgbktwy,t1_cgboulw,0.0,0.0,0.0
p_1455,t3_21aaav,t1_cgb4hag,t1_cgb7k83,0.0,0.0,0.0
p_1456,t3_219ie7,t1_cgawtkk,t1_cgaywpa,0.0,0.0,0.0
p_1457,t3_219ie7,t1_cgay26g,t1_cgaxh04,0.0,0.0,0.0
p_1459,t3_219hll,t1_cgb9i7f,t1_cgawgmy,0.0,0.0,0.0
p_1461,t3_218cj0,t1_cgb7957,t1_cgakc8p,0.0,0.0,0.0
p_1460,t3_218cj0,t1_cgb4zyw,t1_cgalms8,0.008888888888888889,0.0,0.008888888888888889
p_1462,t3_218cay,t1_cganctm,t1_cgb5b16,0.0,0.0,0.0
p_1464,t3_217z08,t1_cgamd0q,t1_cgam4in,0.0,0.0,0.0
p_1466,t3_216l8g,t1_cga5u8e,t1_cgaj501,0.0,0.0,0.0
p_1468,t3_216l8g,t1_cgadifw,t1_cgamd1h,0.0015600624024961,0.0058823529411764705,-0.004322290538680371
p_1469,t3_216l8g,t1_cga5vm9,t1_cgad30r,0.022099447513812154,0.014925373134328358,0.007174074379483796
p_1470,t3_216c3c,t1_cgaclvt,t1_cgb76ib,0.0,0.0,0.0
p_1471,t3_2156ec,t1_cg9t3jm,t1_cg9v9lh,0.0,0.0,0.0
p_1472,t3_2156ec,t1_cg9sith,t1_cg9v9lh,0.0,0.0,0.0
p_1473,t3_213mm2,t1_cg9agr0,t1_cg9bbci,0.0,0.0,0.0
p_1474,t3_2130o9,t1_cg973lr,t1_cg99h0r,0.0,0.0,0.0
p_1475,t3_2108o3,t1_cg8g5m0,t1_cg8vacp,0.0013736263736263737,0.0,0.0013736263736263737
p_1477,t3_2108o3,t1_cg8pfcj,t1_cg8em1w,0.0,0.0,0.0
p_1476,t3_2108o3,t1_cg8g18c,t1_cg8gp2o,0.0,0.0,0.0
p_1478,t3_2100tm,t1_cg8bjor,t1_cg8bpfd,0.0,0.0,0.0
p_1479,t3_2100tm,t1_cg8bkva,t1_cg8cadv,0.0,0.0,0.0
p_1480,t3_21006g,t1_cg8ektc,t1_cg8c67y,0.0,0.0,0.0
p_1481,t3_21006g,t1_cg8d5l7,t1_cg8jki4,0.0,0.0,0.0
p_1482,t3_21006g,t1_cg8k5af,t1_cg8jacm,0.0,0.0,0.0
p_1483,t3_20y74d,t1_cg7uqnx,t1_cg7xgcc,0.0,0.0,0.0
p_1484,t3_20xnem,t1_cg7p4ea,t1_cg872iu,0.0,0.0,0.0
p_1485,t3_20xnem,t1_cg7py0i,t1_cg872iu,0.0,0.0,0.0
p_1486,t3_20w0tt,t1_cg7p8xg,t1_cg7r3mc,0.0,0.0,0.0
p_1487,t3_20vzfs,t1_cg7cbh1,t1_cg7cj2w,0.0,0.0,0.0
p_1488,t3_20v70n,t1_cg725lz,t1_cg73vfe,0.0,0.0,0.0
p_1489,t3_20smoi,t1_cg6kjc3,t1_cg6ejad,0.0,0.0,0.0
p_1495,t3_20ofb2,t1_cg5pkgq,t1_cg5ixhz,0.0,0.0,0.0
p_1499,t3_20nrcb,t1_cg543t2,t1_cg552uu,0.005780346820809248,0.0,0.005780346820809248
p_1502,t3_20mxh2,t1_cg5cj8f,t1_cg5k6xt,0.0,0.0,0.0
p_1504,t3_20mjdj,t1_cg682ww,t1_cg4t0cc,0.0,0.0,0.0
p_1503,t3_20mjdj,t1_cg4pg7g,t1_cg4t0cc,0.0,0.0,0.0
p_1505,t3_20madh,t1_cg4ndzh,t1_cg4rj03,0.0018281535648994515,0.0,0.0018281535648994515
p_1508,t3_20krmr,t1_cg48d5v,t1_cg4a1y8,0.0,0.0,0.0
p_1509,t3_20k8w4,t1_cg4aii2,t1_cg48eux,0.0,0.0,0.0
p_1510,t3_20k2rr,t1_cg419ms,t1_cg412ex,0.0,0.0,0.0
p_1511,t3_20jx3a,t1_cg3ylll,t1_cg3zhj7,0.0,0.0,0.0
p_1512,t3_20iv9v,t1_cg3ns2w,t1_cg44wwu,0.0,0.0,0.0
p_1513,t3_20iv9v,t1_cg3y5m7,t1_cg44wwu,0.0,0.0,0.0
p_1515,t3_20i4lp,t1_cg3uys9,t1_cg3hmbl,0.0,0.0,0.0
p_1516,t3_20i4lp,t1_cg48c3a,t1_cg3j6v8,0.009174311926605505,0.0,0.009174311926605505
p_1517,t3_20i32o,t1_cg3g5qn,t1_cg3h1s6,0.0,0.0,0.0
p_1518,t3_20hoh2,t1_cg3e8tj,t1_cg3e1q3,0.0,0.0,0.0
p_1519,t3_20h3n2,t1_cg35tve,t1_cg35vpg,0.007633587786259542,0.0,0.007633587786259542
p_1520,t3_20gyw4,t1_cg3bvu3,t1_cg3fsc7,0.0,0.0,0.0
p_1521,t3_20gyw4,t1_cg3fs5u,t1_cg3fsc7,0.0,0.0,0.0
p_1523,t3_20evic,t1_cg2s2cg,t1_cg2kgg6,0.0040650406504065045,0.008849557522123894,-0.004784516871717389
p_1524,t3_20er8m,t1_cg2kh0h,t1_cg349wx,0.0,0.0,0.0
p_1526,t3_20er8m,t1_cg2pphh,t1_cg349wx,0.0,0.0,0.0
p_1529,t3_20ccdh,t1_cg1yrvx,t1_cg21j64,0.0,0.0,0.0
p_1530,t3_20c7cz,t1_cg1yw0u,t1_cg1tdlz,0.0,0.0,0.0
p_1531,t3_20bjzj,t1_cg1npcb,t1_cg1np4p,0.0,0.0,0.0
p_1532,t3_20bc4h,t1_cg1kcaj,t1_cg1q9b0,0.0,0.0,0.0
p_1533,t3_20bc4h,t1_cg1k60u,t1_cg1m2xr,0.0,0.0,0.0
p_1536,t3_208uz9,t1_cg0x68o,t1_cg0vcfi,0.0,0.0,0.0
p_1538,t3_208uz9,t1_cg10g34,t1_cg0vx6c,0.0,0.0,0.0
p_1539,t3_20771y,t1_cg0g3o7,t1_cg0kgnu,0.0,0.0,0.0
p_1541,t3_2067hy,t1_cg07wrp,t1_cg0fxc1,0.018957345971563982,0.013793103448275862,0.005164242523288121
p_1542,t3_2067hy,t1_cg0du69,t1_cg0fxc1,0.006329113924050633,0.013793103448275862,-0.007463989524225229
p_1543,t3_205wgp,t1_cg034et,t1_cg0lm1r,0.0,0.0,0.0
p_1545,t3_2055ga,t1_cg005x6,t1_cfzyi1j,0.0,0.0034602076124567475,-0.0034602076124567475
p_1546,t3_20552o,t1_cfzv2ca,t1_cfzutd1,0.0,0.0,0.0
p_1547,t3_202dsz,t1_cfz5omt,t1_cfz8mj9,0.0,0.0,0.0
p_1548,t3_1zyxf5,t1_cfykpyh,t1_cfy8x1q,0.0,0.0,0.0
p_1549,t3_1zwn1x,t1_cfxnbo6,t1_cfxnnsj,0.0,0.023809523809523808,-0.023809523809523808
p_1550,t3_1zw7ln,t1_cfxj320,t1_cfxj5az,0.0,0.0,0.0
p_1551,t3_1zuvxw,t1_cfxe20o,t1_cfxmqh6,0.0,0.0,0.0
p_1552,t3_1zu61l,t1_cfwzylm,t1_cfx0hao,0.0,0.0,0.0
p_1553,t3_1ztvka,t1_cfwxsqx,t1_cfwws2r,0.002793296089385475,0.0,0.002793296089385475
p_1555,t3_1zs621,t1_cfwvfc8,t1_cfwgped,0.0,0.0,0.0
p_1557,t3_1zradb,t1_cfwcpec,t1_cfwls65,0.0014925373134328358,0.0,0.0014925373134328358
p_1558,t3_1zmsp5,t1_cfv2q6b,t1_cfv12db,0.0,0.0,0.0
p_1561,t3_1zj8xe,t1_cfuhnxj,t1_cfu7ye4,0.0,0.0,0.0
p_1563,t3_1zixnc,t1_cfu2ihk,t1_cfufvm6,0.0,0.0,0.0
p_1564,t3_1zixnc,t1_cfufgl4,t1_cfu8t82,0.0,0.0,0.0
p_1565,t3_1zga9j,t1_cfth378,t1_cfthktn,0.0,0.0,0.0
p_1566,t3_1zfi9r,t1_cft7656,t1_cft6dvp,0.0,0.0,0.0
p_1567,t3_1zdgxp,t1_cfspefn,t1_cfsoeq2,0.0,0.0,0.0
p_1568,t3_1zav5a,t1_cfs128g,t1_cfs8we4,0.0,0.0,0.0
p_1569,t3_1zav5a,t1_cfs14jd,t1_cfs27v4,0.0,0.0,0.0
p_1570,t3_1z9uki,t1_cfrtm9j,t1_cfrtrpp,0.0,0.0,0.0
p_1571,t3_1z9nj1,t1_cfrvhp5,t1_cfrt1zr,0.0,0.0,0.0
p_1572,t3_1z9nj1,t1_cfs2slp,t1_cfrt1zr,0.0,0.0,0.0
p_1575,t3_1z4j07,t1_cfqjgtm,t1_cfqfpgt,0.0,0.0,0.0
p_1576,t3_1z3vej,t1_cfq9l33,t1_cfq9m7b,0.0,0.0,0.0
p_1577,t3_1z2m65,t1_cfpz5ni,t1_cfqe6na,0.0026595744680851063,0.0,0.0026595744680851063
p_1579,t3_1z1x25,t1_cfps3jr,t1_cfprwz1,0.0,0.0,0.0
p_1581,t3_1z0efm,t1_cfpdtdk,t1_cfpdbjr,0.0,0.0,0.0
p_1582,t3_1yzk2r,t1_cfpix2k,t1_cfpb5e7,0.0,0.0,0.0
p_1584,t3_1ytd1y,t1_cfnl117,t1_cfnl2nq,0.0,0.0,0.0
p_1585,t3_1yst0y,t1_cfngu5x,t1_cfngwn5,0.004739336492890996,0.0,0.004739336492890996
p_1586,t3_1ysjvs,t1_cfndapb,t1_cfnjy06,0.0,0.0,0.0
p_1587,t3_1ysjvs,t1_cfnejdg,t1_cfndbpn,0.0,0.0,0.0
p_1588,t3_1yqbtv,t1_cfmvaww,t1_cfn3a9g,0.0,0.0,0.0
p_1589,t3_1yqbtv,t1_cfmvnmb,t1_cfnjhfp,0.0,0.0,0.0
p_1590,t3_1ypfdt,t1_cfmn9ya,t1_cfmkj9p,0.0,0.0,0.0
p_1593,t3_1ylhiw,t1_cflpdf1,t1_cflrlgg,0.0,0.0,0.0
p_1594,t3_1yksrs,t1_cfln3uw,t1_cflsynk,0.0,0.0,0.0
p_1595,t3_1yk2nn,t1_cfmigm1,t1_cfl7jgs,0.0,0.0,0.0
p_1597,t3_1yj9yz,t1_cfkzuuw,t1_cfl3zb3,0.0,0.0,0.0
p_1598,t3_1yhd8w,t1_cfkunw0,t1_cfl04qs,0.0,0.0,0.0
p_1599,t3_1yg8sx,t1_cfkaxla,t1_cfk8844,0.0,0.0,0.0
p_1600,t3_1yg2jo,t1_cfk66s1,t1_cfk729g,0.0,0.0,0.0
p_1601,t3_1yf0hw,t1_cfk3gzm,t1_cfk3g6w,0.0,0.0,0.0
p_1602,t3_1ycqp3,t1_cfjcixz,t1_cfjex0e,0.0,0.0,0.0
p_1603,t3_1yccg0,t1_cfj7tna,t1_cfj836t,0.0,0.0,0.0
p_1604,t3_1yc8z3,t1_cfj8dok,t1_cfj6ut7,0.0,0.0,0.0
p_1607,t3_1y93n4,t1_cfilbka,t1_cfiga5n,0.0,0.0,0.0
p_1609,t3_1y8e6p,t1_cfidj9k,t1_cfi8wne,0.0,0.0,0.0
p_1610,t3_1y7dly,t1_cfi0whe,t1_cfi99ou,0.0,0.0,0.0
p_1611,t3_1y6r6n,t1_cfhuqmy,t1_cfhzeok,0.0,0.0,0.0
p_1613,t3_1y5kpj,t1_cfhngrl,t1_cfhmv6r,0.0,0.0,0.0
p_1614,t3_1y5jpe,t1_cfhjc63,t1_cfhoyvh,0.0,0.0,0.0
p_1615,t3_1y3vw7,t1_cfh6xl3,t1_cfhb3ig,0.0,0.0,0.0
p_1616,t3_1y0z80,t1_cfgezmv,t1_cfgd9sg,0.0,0.0,0.0
p_1617,t3_1y0z80,t1_cfgebtx,t1_cfge83v,0.0,0.0,0.0
p_1618,t3_1y0z80,t1_cfgff5w,t1_cfgdo8i,0.0,0.0,0.0
p_1619,t3_1y0z80,t1_cfggmp9,t1_cfggdeg,0.0,0.0,0.0
p_1620,t3_1y0vu9,t1_cfgiaw0,t1_cfgl96g,0.0,0.0,0.0
p_1621,t3_1y0q8w,t1_cfrq7cf,t1_cfgq10w,0.0,0.0,0.0
p_1622,t3_1xzpi7,t1_cfg2dzw,t1_cfg3is1,0.0,0.004,-0.004
p_1623,t3_1xzf7d,t1_cfg00me,t1_cffz5zm,0.0,0.0,0.0
p_1624,t3_1xzeag,t1_cffzwu5,t1_cffzfv6,0.0,0.0,0.0
p_1625,t3_1xzdek,t1_cfg1zzx,t1_cfg0i1g,0.0,0.0,0.0
p_1626,t3_1xz6rw,t1_cffz8em,t1_cffxz9z,0.0,0.007194244604316547,-0.007194244604316547
p_1628,t3_1xx4hd,t1_cffpbcp,t1_cffe6q8,0.0041928721174004195,0.0,0.0041928721174004195
p_1631,t3_1xvch2,t1_cff03ce,t1_cfeznzr,0.0,0.0,0.0
p_1632,t3_1xus3u,t1_cff4s1l,t1_cff7gyo,0.002421307506053269,0.0,0.002421307506053269
p_1633,t3_1xtu9a,t1_cfelt93,t1_cfek1hq,0.0,0.0,0.0
p_1635,t3_1xt7na,t1_cfekvit,t1_cfehcuc,0.015503875968992248,0.011494252873563218,0.00400962309542903
p_1636,t3_1xrsup,t1_cfe9wcm,t1_cfecpir,0.0,0.0,0.0
p_1639,t3_1xqnjx,t1_cfdvt9y,t1_cfdt5y3,0.0,0.0,0.0
p_1640,t3_1xqnjx,t1_cfdsxp9,t1_cfdvwqp,0.0,0.0,0.0
p_1641,t3_1xqn05,t1_cfdr670,t1_cfdzhku,0.0,0.0,0.0
p_1647,t3_1xpli3,t1_cfdj416,t1_cfdz0is,0.0,0.0,0.0
p_1648,t3_1xp9br,t1_cfddlr2,t1_cfdd9ab,0.0,0.0,0.0
p_1649,t3_1xowzb,t1_cfdatgs,t1_cfdbx3c,0.0,0.0,0.0
p_1650,t3_1xowzb,t1_cfdbhsi,t1_cfdbx3c,0.0,0.0,0.0
p_1651,t3_1xofrl,t1_cfd7mvo,t1_cfd6avv,0.0,0.0,0.0
p_1652,t3_1xny71,t1_cfd4qsf,t1_cfd1p8s,0.0,0.0,0.0
p_1653,t3_1xne0t,t1_cfcwnyo,t1_cfcwuj0,0.0,0.0,0.0
p_1654,t3_1xml8r,t1_cfcpq87,t1_cfcvgy3,0.0018484288354898336,0.0,0.0018484288354898336
p_1658,t3_1xj5t3,t1_cfbzgs9,t1_cfbsvrz,0.0,0.0,0.0
p_1659,t3_1xj58k,t1_cfbw65l,t1_cfc1y4k,0.0,0.0,0.0
p_1660,t3_1xj1ga,t1_cfbsq9j,t1_cfbsdxa,0.0,0.0,0.0
p_1661,t3_1xijwf,t1_cfbyqtw,t1_cfbs8fr,0.004329004329004329,0.0,0.004329004329004329
p_1662,t3_1xijwf,t1_cfbrxxo,t1_cfbs8fr,0.0,0.0,0.0
p_1663,t3_1xi9t0,t1_cfbm43v,t1_cfbl44s,0.0,0.0,0.0
p_1664,t3_1xhrpt,t1_cfbkr47,t1_cfby4iv,0.0,0.0,0.0
p_1665,t3_1xhjo8,t1_cfbg2kr,t1_cfbe6yx,0.0,0.0,0.0
p_1666,t3_1xhgv0,t1_cfbkzhu,t1_cfbpidx,0.0,0.0,0.0
p_1668,t3_1xgop4,t1_cfb7zmh,t1_cfblib6,0.0,0.0,0.0
p_1670,t3_1xg9o8,t1_cfb5szp,t1_cfb8m1v,0.0,0.0,0.0
p_1671,t3_1xg9o8,t1_cfb7rha,t1_cfb8rco,0.0,0.0,0.0
p_1672,t3_1xg07x,t1_cfb0ntv,t1_cfb1y56,0.0,0.0,0.0
p_1673,t3_1xg07x,t1_cfb029j,t1_cfb1y56,0.018072289156626505,0.0,0.018072289156626505
p_1674,t3_1xfxzz,t1_cfbqyq7,t1_cfb38lx,0.0,0.0,0.0
p_1675,t3_1xecbw,t1_cfapwte,t1_cfavmea,0.0,0.0,0.0
p_1676,t3_1xauzj,t1_cf9ryoi,t1_cf9rnej,0.0,0.0,0.0
p_1677,t3_1x9drc,t1_cf9aorl,t1_cf9drsg,0.0,0.0,0.0
p_1678,t3_1x8fy5,t1_cf9c8ws,t1_cf9598e,0.0,0.0,0.0
p_1679,t3_1x7uoa,t1_cf8wl9o,t1_cf8z5i2,0.0,0.0,0.0
p_1681,t3_1x5wrj,t1_cf8fe6i,t1_cf8h4zs,0.0,0.0,0.0
p_1682,t3_1x5gri,t1_cf8ak7n,t1_cf8c7ra,0.0,0.0,0.0
p_1683,t3_1x4fll,t1_cf88dvu,t1_cf80gm0,0.0,0.0,0.0
p_1684,t3_1x4e9l,t1_cf8c6ja,t1_cf813g9,0.0,0.0,0.0
p_1685,t3_1x44be,t1_cf7y65l,t1_cffje6e,0.0,0.0,0.0
p_1686,t3_1x44be,t1_cf8ii0u,t1_cf7ynno,0.0,0.0,0.0
p_1687,t3_1x3quk,t1_cf81vtd,t1_cf811b2,0.0,0.0,0.0
p_1688,t3_1x3quk,t1_cf82a08,t1_cf7xofq,0.0,0.0,0.0
p_1689,t3_1x3jm2,t1_cf7t9mu,t1_cf7w0x1,0.0,0.0,0.0
p_1690,t3_1x3jm2,t1_cf7rvkt,t1_cf7xop4,0.0,0.0,0.0
p_1691,t3_1x3jm2,t1_cf7tzua,t1_cf7v802,0.0,0.0,0.0
p_1693,t3_1wxy0c,t1_cf6nwss,t1_cf6opjq,0.0,0.0,0.0
p_1694,t3_1wxy0c,t1_cf6r60y,t1_cf6opjq,0.0,0.0,0.0
p_1695,t3_1wwoop,t1_cf63aas,t1_cf61b67,0.0,0.0,0.0
p_1696,t3_1wwoop,t1_cf61gbe,t1_cf642jh,0.0,0.0,0.0
p_1697,t3_1wvyf1,t1_cf5vcsr,t1_cf6onl2,0.0,0.0,0.0
p_1699,t3_1wvths,t1_cf614t8,t1_cf5ugx7,0.0,0.0,0.0
p_1698,t3_1wvths,t1_cf5v50x,t1_cf5viuj,0.0,0.0,0.0
p_1700,t3_1wvouv,t1_cf5t6kg,t1_cf5ydyu,0.0,0.0,0.0
p_1702,t3_1wvhao,t1_cf5t1xp,t1_cf63h51,,0.0,
p_1703,t3_1wu9bx,t1_cf5ghfv,t1_cf5gzn8,0.0,0.0,0.0
p_1704,t3_1wtvq6,t1_cf5knmg,t1_cf5ocok,0.0,0.0,0.0
p_1705,t3_1wteqq,t1_cf5rh0q,t1_cf57as7,0.0,0.0,0.0
p_1706,t3_1wt8h7,t1_cf55ppi,t1_cf559e0,0.0,0.02702702702702703,-0.02702702702702703
p_1707,t3_1wsalo,t1_cf54lvq,t1_cf570gn,0.0031446540880503146,0.0,0.0031446540880503146
p_1708,t3_1wqdpz,t1_cf4fnk7,t1_cf4fg38,0.0,0.0,0.0
p_1709,t3_1wnvdn,t1_cf3s4a2,t1_cf3rvjd,0.0,0.0,0.0
p_1710,t3_1wmoca,t1_cf3hjc2,t1_cf3fxbx,0.0,0.0,0.0
p_1714,t3_1wjggc,t1_cf2k4m9,t1_cf2zudy,0.0,0.0,0.0
p_1719,t3_1we5ye,t1_cf181nq,t1_cf1drrq,0.0,0.0024691358024691358,-0.0024691358024691358
p_1721,t3_1we3gg,t1_cf15n2w,t1_cf1b9fg,0.0,0.0,0.0
p_1722,t3_1we3gg,t1_cf1aqki,t1_cf1mnjk,0.0,0.0,0.0
p_1723,t3_1we3gg,t1_cf14k7c,t1_cf1b9fg,0.0,0.0,0.0
p_1727,t3_1w99ax,t1_cf08bgj,t1_cezuuhe,0.0,0.0,0.0
p_1728,t3_1w91jl,t1_cezwkl3,t1_cezzr6g,0.0,0.0,0.0
p_1729,t3_1w84rh,t1_cezjynx,t1_cezjtaz,0.0,0.0,0.0
p_1731,t3_1w6uhl,t1_cezbyuy,t1_cez8odp,0.0,0.0,0.0
p_1730,t3_1w6uhl,t1_cezbjga,t1_cez8r6m,0.0,0.006944444444444444,-0.006944444444444444
p_1732,t3_1w6uhl,t1_cezwgtv,t1_cezh5ah,0.0,0.0,0.0
p_1733,t3_1w6uhl,t1_cezy174,t1_cezwt7d,0.0,0.0,0.0
p_1734,t3_1w3r7a,t1_ceyfj6f,t1_ceyiqk4,0.0,0.0,0.0
p_1735,t3_1vz63d,t1_cex6xzs,t1_cexiref,0.0,0.0,0.0
p_1738,t3_1vqwtw,t1_ceuzj2d,t1_ceuycyu,0.0,0.0,0.0
p_1739,t3_1vq2nf,t1_ceupm5x,t1_ceup6x1,0.0,0.0,0.0
p_1740,t3_1vpp6t,t1_ceus11w,t1_ceuld78,0.0,0.0,0.0
p_1742,t3_1voenh,t1_ceubelw,t1_ceu9m4y,0.0,0.0,0.0
p_1743,t3_1vm911,t1_cetnn1i,t1_cettz33,0.0,0.0,0.0
p_1746,t3_1vitnu,t1_cesojok,t1_cet1d7h,0.0,0.0,0.0
p_1747,t3_1vil9h,t1_cesmz2f,t1_cesm93p,0.0,0.0,0.0
p_1748,t3_1vil80,t1_cet0nf1,t1_cesmfhu,0.0,0.0,0.0
p_1750,t3_1vhh7b,t1_cesb8l8,t1_ceso4j1,0.0,0.0,0.0
p_1753,t3_1vg6qn,t1_cerydvt,t1_ces7sw3,0.0,0.0,0.0
p_1754,t3_1vg6qn,t1_ces7xdz,t1_ces4z4x,0.0,0.0,0.0
p_1755,t3_1vfoko,t1_cersgwa,t1_cery1u3,0.0,0.0,0.0
p_1756,t3_1veiwz,t1_cergs7r,t1_ceruu7h,0.0,0.0,0.0
p_1758,t3_1vc1ju,t1_ceqsvrq,t1_ceqsm8p,0.0,0.004761904761904762,-0.004761904761904762
p_1759,t3_1vbtut,t1_ceqq9p8,t1_ceqwdz5,0.0,0.0,0.0
p_1762,t3_1v97rw,t1_cepz02o,t1_ceq85nw,0.0,0.0,0.0
p_1763,t3_1v8xv5,t1_cepyw13,t1_cepvurr,0.0,0.0040650406504065045,-0.0040650406504065045
p_1764,t3_1v8vbr,t1_ceq1g3n,t1_cepzl4s,0.0,0.0,0.0
p_1765,t3_1v8hly,t1_ceps6kq,t1_cepr262,0.0,0.0,0.0
p_1767,t3_1v6x7z,t1_cepcqsx,t1_cepbgx3,0.0020833333333333333,0.0,0.0020833333333333333
p_1768,t3_1v6x7z,t1_cepbbkb,t1_ceplff5,0.0,0.0,0.0
p_1771,t3_1v6sc1,t1_cep8u6j,t1_cep920e,0.0,0.0,0.0
p_1772,t3_1v6sc1,t1_cepbi6t,t1_cep9kye,0.0,0.0,0.0
p_1773,t3_1v5dnm,t1_ceovabh,t1_ceovlgt,0.0,0.0,0.0
p_1774,t3_1v5dnm,t1_ceovl5u,t1_ceov0pa,0.0,0.0,0.0
p_1775,t3_1v44vp,t1_ceoj2ew,t1_ceonfda,0.0,0.0,0.0
p_1776,t3_1v44ig,t1_ceonb1b,t1_ceoluxq,0.0,0.0,0.0
p_1777,t3_1v37km,t1_ceof5q0,t1_ceoakgs,0.0,0.0,0.0
p_1778,t3_1v2buu,t1_ceo3y9o,t1_ceo0vsq,0.0,0.0,0.0
p_1783,t3_1uw88g,t1_cemazwn,t1_cem9vxq,0.0,0.0,0.0
p_1784,t3_1uw88g,t1_cema7rn,t1_cematy2,0.0,0.0,0.0
p_1785,t3_1uu8f1,t1_celpb6x,t1_celpnop,0.0,0.0,0.0
p_1787,t3_1uss24,t1_celd4ge,t1_cem21t7,0.0,0.0,0.0
p_1788,t3_1us404,t1_celnjcf,t1_cel68zm,0.0,0.0,0.0
p_1789,t3_1us3bu,t1_cel70ih,t1_celagxd,0.0,0.0,0.0
p_1790,t3_1urrut,t1_cel88d0,t1_cel1jwe,0.0,0.0,0.0
p_1791,t3_1up36i,t1_cel5ryl,t1_cekasft,0.0,0.0,0.0
p_1794,t3_1un1uh,t1_cejsnxi,t1_cejqr72,0.0,0.0,0.0
p_1795,t3_1umi67,t1_cejoc7z,t1_cejtg9p,0.0,0.0,0.0
p_1796,t3_1um2og,t1_cejgnup,t1_cejgczp,0.0028169014084507044,0.0,0.0028169014084507044
p_1797,t3_1uldzf,t1_cejbhlx,t1_cejot4k,0.0,0.0,0.0
p_1800,t3_1uhnsm,t1_cei7518,t1_cei83kz,0.0,0.0,0.0
p_1801,t3_1uhj8f,t1_cei563f,t1_ceim6kr,0.0,0.0,0.0
p_1802,t3_1uhj8f,t1_cei5r73,t1_ceiav39,0.0,0.0,0.0
p_1803,t3_1ugfg7,t1_cehxooj,t1_cehv3x9,0.0017825311942959,0.0,0.0017825311942959
p_1804,t3_1ueg7f,t1_ceh8q6y,t1_ceh8am3,0.0,0.0,0.0
p_1806,t3_1udzn5,t1_ceh4p0r,t1_ceh6366,0.0239880059970015,0.030864197530864196,-0.006876191533862697
p_1808,t3_1udzn5,t1_cehcarm,t1_cehc82y,0.029411764705882353,0.010416666666666666,0.018995098039215688
p_1811,t3_1udlql,t1_ceh07bk,t1_cegzp5m,0.0,0.0,0.0
p_1812,t3_1ud8fv,t1_cehjb3t,t1_ceh3glw,0.0,0.0,0.0
p_1814,t3_1uctm7,t1_cegr7bn,t1_cegy5dc,0.0,0.0,0.0
p_1815,t3_1ucj9u,t1_cegoldf,t1_cegt2yd,0.0,0.0,0.0
p_1816,t3_1ucgh6,t1_cegogz6,t1_cegohag,0.0,0.0,0.0
p_1817,t3_1ucgh6,t1_cegqw1u,t1_cegohag,0.010752688172043012,0.0,0.010752688172043012
p_1818,t3_1uamtt,t1_cegcjhm,t1_cegb3ri,0.0,0.0,0.0
p_1821,t3_1u8yzo,t1_cefohe0,t1_cefnobg,0.0,0.0,0.0
p_1824,t3_1u8om4,t1_cefkzid,t1_cefl804,0.0,0.0,0.0
p_1825,t3_1u8iv1,t1_cefj6lm,t1_cefr8n0,0.0,0.0,0.0
p_1827,t3_1u87uu,t1_cefgarg,t1_cefn2kn,0.007633587786259542,0.0,0.007633587786259542
p_1828,t3_1u7llg,t1_cefbw53,t1_cefb5g9,0.0,0.0,0.0
p_1830,t3_1u4wxq,t1_ceenpjt,t1_ceekcir,0.0,0.0,0.0
p_1829,t3_1u4wxq,t1_ceeovmf,t1_ceem22l,0.0,0.0,0.0
p_1831,t3_1u4fqn,t1_ceefsm0,t1_ceejtd2,0.0,0.0,0.0
p_1835,t3_1u28be,t1_cedssel,t1_cedt1r4,0.0,0.0,0.0
p_1836,t3_1u0pt2,t1_cedkwy5,t1_cedqecc,0.0,0.0,0.0
p_1838,t3_1ty0ux,t1_cecozto,t1_cecpcit,0.0,0.0,0.0
p_1839,t3_1txyfq,t1_ceczo86,t1_cecktf3,0.0,0.0,0.0
p_1840,t3_1tx0tf,t1_ceca72e,t1_ceca9ns,0.0,0.0,0.0
p_1841,t3_1twxa7,t1_cec9uo6,t1_cecflca,0.002544529262086514,0.0,0.002544529262086514
p_1843,t3_1twegt,t1_cecee3s,t1_cecd78s,0.0,0.0,0.0
p_1844,t3_1tt75b,t1_cebccgh,t1_cebecvh,0.0,0.0,0.0
p_1845,t3_1tt5tb,t1_cebd1og,t1_cebemwn,0.0,0.0,0.0
p_1846,t3_1tt5tb,t1_cebcb60,t1_cebb05i,0.0,0.0,0.0
p_1850,t3_1tqttm,t1_cealwzd,t1_ceakm2y,0.0013297872340425532,0.0,0.0013297872340425532
p_1851,t3_1tqttm,t1_ceaxcno,t1_ceak6vp,0.0,0.0,0.0
p_1853,t3_1tpqhr,t1_ceaod4e,t1_ceaei9g,0.0,0.0,0.0
p_1855,t3_1to7tw,t1_ce9wkz3,t1_ce9wfe0,0.0,0.0,0.0
p_1856,t3_1tns6s,t1_ce9xde5,t1_ce9rgf8,0.0,0.0,0.0
p_1857,t3_1tm85z,t1_ce9dgau,t1_ce9co77,0.0033222591362126247,0.0,0.0033222591362126247
p_1858,t3_1tku2p,t1_ce92cm3,t1_ce9099k,0.0,0.0,0.0
p_1860,t3_1tg3nh,t1_ce7sc37,t1_ce7klpg,0.0,0.0,0.0
p_1861,t3_1te39z,t1_ce70eid,t1_ce71ql3,0.0,0.0,0.0
p_1862,t3_1td5fm,t1_ce6qqlt,t1_ce6qwq5,0.0,0.0,0.0
p_1863,t3_1t9y3s,t1_ce5u6t5,t1_ce5u33e,0.0,0.0,0.0
p_1864,t3_1t9irv,t1_ce5qvxa,t1_ce5r69v,0.0036101083032490976,0.0,0.0036101083032490976
p_1866,t3_1t9irv,t1_ce5spfk,t1_ce5r134,0.0,0.0,0.0
p_1867,t3_1t8yrt,t1_ce5k8r6,t1_ce5jxeb,0.0,0.0,0.0
p_1869,t3_1t83kb,t1_ce5bsdz,t1_ce5bvhb,0.0014892032762472078,0.0,0.0014892032762472078
p_1870,t3_1t5izv,t1_ce4jsh6,t1_ce4oagv,0.0,0.0,0.0
p_1872,t3_1t4p86,t1_ce4jasj,t1_ce4clfo,0.005076142131979695,0.0,0.005076142131979695
p_1873,t3_1t46ur,t1_ce4aypp,t1_ce46qsw,0.0,0.0,0.0
p_1877,t3_1t1i45,t1_ce3sops,t1_ce3g5h1,0.011111111111111112,0.0055248618784530384,0.005586249232658073
p_1878,t3_1t13mm,t1_ce3c4sb,t1_ce39wwh,0.0,0.009259259259259259,-0.009259259259259259
p_1879,t3_1t0eax,t1_ce324pp,t1_ce36rhk,0.0,0.0,0.0
p_1880,t3_1sxioi,t1_ce27cna,t1_ce2bmpa,0.0,0.0,0.0
p_1881,t3_1sxioi,t1_ce27fv0,t1_ce2dpe5,0.0,0.0,0.0
p_1884,t3_1sv960,t1_ce1x8f8,t1_ce1krmn,0.0,0.0,0.0
p_1885,t3_1sv7nj,t1_ce1m2fp,t1_ce1qbwt,0.0,0.0,0.0
p_1886,t3_1suyq6,t1_ce1hrcm,t1_ce1i6wn,0.0,0.0,0.0
p_1887,t3_1suyq6,t1_ce1jnf5,t1_ce1i6wn,0.0,0.0,0.0
p_1888,t3_1suyq6,t1_ce1j07m,t1_ce1ivme,0.0,0.0,0.0
p_1890,t3_1suq0i,t1_ce1l6xb,t1_ce1frfu,0.0,0.005434782608695652,-0.005434782608695652
p_1889,t3_1suq0i,t1_ce1gpo7,t1_ce1g21s,0.0,0.0,0.0
p_1891,t3_1sunm5,t1_ce1fx1q,t1_ce1fhql,0.0,0.0,0.0
p_1893,t3_1sunm5,t1_ce1epim,t1_ce1fhql,0.0,0.0,0.0
p_1892,t3_1sunm5,t1_ce1fxo1,t1_ce1gunr,0.00322061191626409,0.0,0.00322061191626409
p_1894,t3_1stysh,t1_ce1a8iy,t1_ce1k607,0.0,0.0,0.0
p_1895,t3_1sslvc,t1_ce0xojx,t1_ce12asq,0.0012062726176115801,0.0,0.0012062726176115801
p_1896,t3_1sqkke,t1_ce09y0e,t1_ce08oy9,0.0,0.0,0.0
p_1897,t3_1sktqj,t1_cdz832l,t1_cdymjwd,0.0,0.0,0.0
p_1898,t3_1sji3o,t1_cdy85sk,t1_cdyajck,0.0,0.0,0.0
p_1900,t3_1sgr9m,t1_cdxkw1s,t1_cdxgrfu,0.0,0.0,0.0
p_1904,t3_1scv1e,t1_cdwaij1,t1_cdw8ydx,0.0,0.0,0.0
p_1905,t3_1sclwf,t1_cdwfawk,t1_cdw643w,0.0,0.0,0.0
p_1907,t3_1scbek,t1_cdw4ucf,t1_cdw36rb,0.0,0.0,0.0
p_1908,t3_1sbxik,t1_cdvzh4k,t1_cdvyz1u,0.0,0.0,0.0
p_1909,t3_1saalt,t1_cdw0u51,t1_cdvmn1u,0.0,0.0,0.0
p_1910,t3_1s94cq,t1_cdv71qo,t1_cdv5luo,0.0,0.0,0.0
p_1911,t3_1s8zmg,t1_cdwf8t8,t1_cdvi2oo,0.0,0.0,0.0
p_1912,t3_1s6w43,t1_cduin0o,t1_cduuorr,0.0,0.0,0.0
p_1913,t3_1s60vl,t1_cdufjh4,t1_cdu9qiv,0.0030211480362537764,0.0,0.0030211480362537764
p_1916,t3_1s3pxw,t1_cdtmhc2,t1_cdtmrcr,0.0,0.0,0.0
p_1919,t3_1s3ji2,t1_cdtq1rg,t1_cdtx77n,0.0,0.0,0.0
p_1920,t3_1s344f,t1_cdtj4bf,t1_cdtgb1d,0.0,0.0,0.0
p_1921,t3_1s30ko,t1_cdtuayw,t1_cdtne36,0.0,0.0,0.0
p_1922,t3_1s1j8s,t1_cdtfxvy,t1_cdt6ohm,0.0,0.0,0.0
p_1923,t3_1rzqrw,t1_cdsphfd,t1_cdsigu7,0.0,0.0,0.0
p_1924,t3_1rzqrw,t1_cdsm89r,t1_cdsmyt1,0.0,0.0,0.0
p_1925,t3_1rw7vg,t1_cdrov9y,t1_cdrovjs,0.0,0.0,0.0
p_1927,t3_1rvnty,t1_cdre5so,t1_cdrdpkz,0.0,0.0,0.0
p_1926,t3_1rvnty,t1_cdrgglu,t1_cdrgcu5,0.0034965034965034965,0.0,0.0034965034965034965
p_1928,t3_1rvjrs,t1_cdrcnts,t1_cdre1mt,0.0,0.0,0.0
p_1929,t3_1rsmsh,t1_cdqij94,t1_cdqx6xw,0.0,0.0,0.0
p_1930,t3_1rsdfp,t1_cdqfs62,t1_cdqdh7o,0.0,0.0,0.0
p_1931,t3_1rrios,t1_cdq5t7s,t1_cdq4pdm,0.0,0.0,0.0
p_1932,t3_1rrios,t1_cdq5vt8,t1_cdq58j7,0.0,0.0,0.0
p_1933,t3_1rqhfc,t1_cdq3h1d,t1_cdq716e,0.0,0.0,0.0
p_1935,t3_1rlna3,t1_cdokmar,t1_cdoirhb,0.0,0.0,0.0
p_1936,t3_1rkrbs,t1_cdoio50,t1_cdoe2j3,0.0,0.0,0.0
p_1937,t3_1rj73b,t1_cdnzcb1,t1_cdo2ywx,0.0,0.0,0.0
p_1939,t3_1rgch2,t1_cdmzb2b,t1_cdn32a2,0.0,0.0,0.0
p_1940,t3_1rgch2,t1_cdmzh7v,t1_cdn0d35,0.0,0.0,0.0
p_1941,t3_1rgch2,t1_cdo0n79,t1_cdn1hk3,0.0,0.005934718100890208,-0.005934718100890208
p_1942,t3_1rfn88,t1_cdmslq3,t1_cdn4bxg,0.0,0.0,0.0
p_1943,t3_1re89d,t1_cdmhfgx,t1_cdmequ6,0.006756756756756757,0.0,0.006756756756756757
p_1944,t3_1re89d,t1_cdmem16,t1_cdme68p,0.0,0.0,0.0
p_1945,t3_1re89d,t1_cdmrzwp,t1_cdmh1c4,0.0,0.0,0.0
p_1946,t3_1re7tj,t1_cdmdid4,t1_cdmh6ca,0.01818181818181818,0.0,0.01818181818181818
p_1948,t3_1rddqv,t1_cdm3hlz,t1_cdm3kyd,0.0,0.0,0.0
p_1949,t3_1rb6qj,t1_cdlewyd,t1_cdlyn3j,0.013157894736842105,0.0,0.013157894736842105
p_1950,t3_1rb6qj,t1_cdlrdyo,t1_cdlyn3j,0.0,0.0,0.0
p_1952,t3_1ra42n,t1_cdl4b7o,t1_cdl5bkn,0.0,0.0,0.0
p_1953,t3_1ra42n,t1_cdl96cr,t1_cdmjkp2,0.0,0.0010672358591248667,-0.0010672358591248667
p_1954,t3_1r893j,t1_cdktb2l,t1_cdkklti,0.0,0.0,0.0
p_1955,t3_1r69xi,t1_cdk0ex9,t1_cdk3u15,0.0,0.0,0.0
p_1956,t3_1r69xi,t1_cdk0r67,t1_cdk3u15,0.0,0.0,0.0
p_1960,t3_1qz653,t1_cdhyl9l,t1_cdiiqug,0.0,0.0,0.0
p_1962,t3_1qxn8r,t1_cdhle85,t1_cdhvq6g,0.01048951048951049,0.0,0.01048951048951049
p_1963,t3_1qxn8r,t1_cdhjvcw,t1_cdhvq6g,0.0,0.0,0.0
p_1964,t3_1qwg8s,t1_cdhe2ys,t1_cdh6ozn,0.0,0.0,0.0
p_1969,t3_1qvm1n,t1_cdgyu8j,t1_cdh0i8x,0.0,0.0,0.0
p_1970,t3_1qtuy4,t1_cdgib3s,t1_cdgy31a,0.0,0.0,0.0
p_1972,t3_1qr0id,t1_cdfybue,t1_cdfkykr,0.0,0.0,0.0
p_1975,t3_1qncnw,t1_cdely5f,t1_cden4p9,0.0,0.0,0.0
p_1977,t3_1qj48o,t1_cddqbp8,t1_cddn1vo,0.0,0.0,0.0
p_1978,t3_1qj032,t1_cdda585,t1_cddki3r,0.0,0.0,0.0
p_1981,t3_1qi1dr,t1_cdd6x3m,t1_cdd4306,0.0,0.0,0.0
p_1982,t3_1qhv03,t1_cdczknl,t1_cdcy1h9,0.0,0.0,0.0
p_1983,t3_1qh0lb,t1_cdcowit,t1_cdcp122,0.0,0.0,0.0
p_1984,t3_1qgtma,t1_cdcurim,t1_cdcq77q,0.0,0.0,0.0
p_1986,t3_1qfy2y,t1_cdcoftz,t1_cdcikj0,0.0,0.0,0.0
p_1985,t3_1qfy2y,t1_cdcu71x,t1_cdcgg2f,0.0,0.0,0.0
p_1987,t3_1qfqj6,t1_cdcffak,t1_cdcgve9,0.0,0.0,0.0
p_1988,t3_1qfo09,t1_cdcc9fw,t1_cdccpys,0.0,0.0,0.0
p_1989,t3_1qfo09,t1_cdcconr,t1_cdccpys,0.0,0.0,0.0
p_1991,t3_1qee3b,t1_cdc0hlx,t1_cdc0jw6,0.0,0.0,0.0
p_1992,t3_1qe6d9,t1_cdbzgva,t1_cdckb1g,0.007228915662650603,0.0,0.007228915662650603
p_1993,t3_1qe6d9,t1_cdbwyxj,t1_cdckb1g,0.0,0.0,0.0
p_1994,t3_1qdzt5,t1_cdbyjvw,t1_cdbwdog,0.0,0.0,0.0
p_1996,t3_1qdlln,t1_cdc66t9,t1_cdby8z3,0.0,0.0,0.0
p_1998,t3_1qcw4r,t1_cdblxo9,t1_cdbsnq8,0.0,0.002631578947368421,-0.002631578947368421
p_1999,t3_1qbvlh,t1_cdb9b5i,t1_cdbf5rp,0.0,0.0,0.0
p_2000,t3_1qazk6,t1_cdb0lr2,t1_cdbddq0,0.008174386920980926,0.002347417840375587,0.005826969080605339
p_2002,t3_1q82wf,t1_cda644z,t1_cda826v,0.0,0.0,0.0
p_2003,t3_1q5w5k,t1_cd9kwdu,t1_cd9kc11,0.0,0.0,0.0
p_2004,t3_1q5w5k,t1_cd9l1k7,t1_cd9kc11,0.0058823529411764705,0.0,0.0058823529411764705
p_2005,t3_1q4sao,t1_cd97j4q,t1_cd960cn,0.0,0.0,0.0
p_2007,t3_1q261p,t1_cd8g07m,t1_cd8gyhg,0.0,0.0,0.0
p_2008,t3_1q0s26,t1_cd87o5o,t1_cd81q6y,0.0,0.0,0.0
p_2009,t3_1q0fp2,t1_cd8calk,t1_cd7yekn,0.0,0.0,0.0
p_2010,t3_1q01e8,t1_cd7t14x,t1_cd7zdia,0.0,0.0,0.0
p_2012,t3_1pyt0c,t1_cd9eqz1,t1_cd7z0cm,0.0,0.0,0.0
p_2013,t3_1pwwvj,t1_cd6wnyq,t1_cd6y877,0.0,0.0,0.0
p_2017,t3_1pux5t,t1_cd6evv3,t1_cd6cpnj,0.0,0.0,0.0
p_2018,t3_1ptwcr,t1_cd60rgh,t1_cd63zq4,0.0,0.0,0.0
p_2021,t3_1pt86v,t1_cd5s3dd,t1_cd5rwd6,0.0,0.0,0.0
p_2022,t3_1ps084,t1_cd5dy25,t1_cd5f1y4,0.0,0.0,0.0
p_2023,t3_1prxpn,t1_cd5d4w9,t1_cd5dujp,0.0,0.0,0.0
p_2024,t3_1prkvt,t1_cd5q43p,t1_cd5p13p,0.0,0.004081632653061225,-0.004081632653061225
p_2025,t3_1prhkh,t1_cd595rw,t1_cd5datb,0.0,0.0,0.0
p_2026,t3_1pqyv7,t1_cd536p8,t1_cd565uh,0.0,0.0,0.0
p_2030,t3_1pomjr,t1_cd4gee8,t1_cd4in2k,0.0,0.0,0.0
p_2031,t3_1pocaz,t1_cd4bjgk,t1_cd4c2wr,0.0,0.011764705882352941,-0.011764705882352941
p_2032,t3_1pmhql,t1_cd4a1wc,t1_cd3v545,0.0,0.0,0.0
p_2033,t3_1pkngi,t1_cd3p5gz,t1_cd43pdi,0.0,0.0,0.0
p_2035,t3_1pj0co,t1_cd2vnaa,t1_cd32tjh,0.0,0.0,0.0
p_2042,t3_1pdul1,t1_cd2og2j,t1_cd1d692,0.0,0.0,0.0
p_2044,t3_1pclk6,t1_cd17lfv,t1_cd106w4,0.0,0.0,0.0
p_2046,t3_1pacrh,t1_cd0cttu,t1_cd0ctfp,0.0,0.0,0.0
p_2047,t3_1p7ojf,t1_cczl7sy,t1_ccznfv7,0.0,0.0,0.0
p_2048,t3_1p7bao,t1_cczlh8c,t1_cczir1i,0.0,0.0,0.0
p_2049,t3_1p6fts,t1_ccz983e,t1_cczb06s,0.0,0.0,0.0
p_2050,t3_1p4x72,t1_ccysbbf,t1_ccysnss,0.0,0.0,0.0
p_2051,t3_1p0cwf,t1_ccxh3kc,t1_ccxfymz,0.005376344086021506,0.0,0.005376344086021506
p_2055,t3_1ozb3s,t1_ccx9s2j,t1_ccxbwo9,0.0,0.0,0.0
p_2056,t3_1oz5lq,t1_ccx7aaw,t1_ccxafc2,0.0,0.0,0.0
p_2057,t3_1oyy6b,t1_ccxhhv9,t1_ccx2xpw,0.0,0.0,0.0
p_2059,t3_1owes7,t1_ccwccg2,t1_ccwnrv4,0.002770083102493075,0.0,0.002770083102493075
p_2060,t3_1ow6zk,t1_ccw91og,t1_ccw92p0,0.0,0.0,0.0
p_2062,t3_1ovrv9,t1_ccw51st,t1_ccw5ptr,0.0,0.0,0.0
p_2063,t3_1ovrv9,t1_ccw6450,t1_ccw5ptr,0.0,0.0,0.0
p_2064,t3_1otx5t,t1_ccvntps,t1_ccvkmsp,0.0,0.0,0.0
p_2065,t3_1otp1b,t1_ccvhvrl,t1_ccvi2vt,0.0,0.0,0.0
p_2066,t3_1osr3n,t1_ccvjj1n,t1_ccv833c,0.0,0.0,0.0
p_2067,t3_1orrrs,t1_ccvj1c4,t1_ccv4ank,0.0023752969121140144,0.0,0.0023752969121140144
p_2068,t3_1or8lr,t1_ccusett,t1_ccuruyz,0.0,0.0,0.0
p_2069,t3_1or8lr,t1_ccutak2,t1_ccuruyz,0.0,0.0,0.0
p_2070,t3_1ooyb1,t1_ccu41n1,t1_ccu4kfo,0.0,0.0,0.0
p_2071,t3_1onshz,t1_cctslvq,t1_ccttjcb,0.0,0.0,0.0
p_2072,t3_1onlj1,t1_ccts88g,t1_cctr8zg,0.0,0.0,0.0
p_2073,t3_1onlj1,t1_ccu8ayh,t1_cctr8zg,0.0015082956259426848,0.0,0.0015082956259426848
p_2074,t3_1on8j3,t1_cctmaun,t1_cctugxw,0.0,0.0,0.0
p_2075,t3_1on0dg,t1_cctkuyk,t1_cctp521,0.0020491803278688526,0.0,0.0020491803278688526
p_2076,t3_1on0dg,t1_cctncfz,t1_cctq519,0.0,0.0,0.0
p_2078,t3_1omnis,t1_ccthnrm,t1_cctnmc9,0.0,0.0,0.0
p_2079,t3_1okrb7,t1_cct05wy,t1_ccswjh5,0.0,0.0,0.0
p_2080,t3_1ok44s,t1_ccsqf0e,t1_ccsqryz,0.0,0.0,0.0
p_2081,t3_1oj3p9,t1_ccsggop,t1_ccsf2i1,0.0018018018018018018,0.014577259475218658,-0.012775457673416856
p_2082,t3_1oix5b,t1_ccsopjf,t1_ccsdc7b,0.0,0.0,0.0
p_2083,t3_1ohh43,t1_ccs14vq,t1_ccs087t,0.0,0.0,0.0
p_2084,t3_1ofi5m,t1_ccrjxvz,t1_ccrkq5s,0.0,0.01020408163265306,-0.01020408163265306
p_2085,t3_1off27,t1_ccroh74,t1_ccrsxqd,0.0,0.0,0.0
p_2086,t3_1off27,t1_ccrtt7v,t1_ccrndad,0.0,0.0,0.0
p_2087,t3_1oee4l,t1_ccrfxpy,t1_ccrhx5q,0.0,0.0,0.0
p_2088,t3_1oe5hc,t1_ccr69ni,t1_ccr52rk,0.0,0.0,0.0
p_2089,t3_1odlvm,t1_ccr09qw,t1_ccr136f,0.0,0.0,0.0
p_2091,t3_1o8avl,t1_ccpruq6,t1_ccpueez,0.0,0.0,0.0
p_2093,t3_1o7aa8,t1_ccqapn6,t1_ccq12oe,0.0,0.0,0.0
p_2096,t3_1o5c1a,t1_ccp27y8,t1_ccoz699,0.0,0.0,0.0
p_2097,t3_1o5321,t1_ccp3x7x,t1_ccq3lo4,0.0,0.0,0.0
p_2098,t3_1o3jlp,t1_ccoi13b,t1_ccoyngj,0.0,0.0,0.0
p_2099,t3_1o2tau,t1_ccoc092,t1_ccofru6,0.0,0.0,0.0
p_2100,t3_1o24hh,t1_cco736j,t1_ccoc4gk,0.0,0.0,0.0
p_2102,t3_1nzucd,t1_ccnrlhj,t1_ccnphhf,0.0,0.0,0.0
p_2103,t3_1ny6k8,t1_ccn5pat,t1_ccn8dgu,0.0,0.0,0.0
p_2104,t3_1ny38x,t1_ccn5uqg,t1_ccn4dy5,0.0017857142857142857,0.0,0.0017857142857142857
p_2105,t3_1nwpae,t1_ccmrf9r,t1_ccmt0m5,0.0,0.0,0.0
p_2107,t3_1ntspd,t1_cclyzpy,t1_ccm05d5,0.0,0.0,0.0
p_2109,t3_1ntobs,t1_cclywzr,t1_ccma5pl,0.0,0.0,0.0
p_2111,t3_1nrv36,t1_cclsxnj,t1_cclgi1r,0.0,0.0,0.0
p_2112,t3_1nqms4,t1_ccl8rf4,t1_ccl7xo5,0.0,0.0,0.0
p_2113,t3_1nqms4,t1_cclbk5y,t1_ccl66vn,0.0,0.0,0.0
p_2116,t3_1np3ni,t1_cclh1r6,t1_cckxr1k,0.0,0.0,0.0
p_2118,t3_1nn68m,t1_cckc1k4,t1_cck59bw,0.005747126436781609,0.0,0.005747126436781609
p_2119,t3_1nkqn7,t1_ccjhnln,t1_ccjhz72,0.0,0.0,0.0
p_2121,t3_1nj6q6,t1_ccj3wew,t1_ccj20in,0.0,0.0,0.0
p_2122,t3_1nixjm,t1_ccj4a7h,t1_ccj2t1v,0.0,0.0,0.0
p_2123,t3_1nichn,t1_ccj007d,t1_cciuejb,0.0,0.0,0.0
p_2124,t3_1nichn,t1_ccizsq8,t1_ccj7g5s,0.0,0.0,0.0
p_2125,t3_1ni9rr,t1_ccj1rba,t1_ccitwf4,0.0,0.0,0.0
p_2126,t3_1ni983,t1_cciz076,t1_cciwjvy,0.0,0.0,0.0
p_2127,t3_1nhxca,t1_ccisqrm,t1_ccirnyo,0.0,0.0,0.0
p_2128,t3_1nhifl,t1_ccinn6v,t1_ccincyk,0.0,0.006289308176100629,-0.006289308176100629
p_2130,t3_1ng8mo,t1_ccidw4s,t1_ccidsew,0.0,0.0,0.0
p_2132,t3_1ncxna,t1_cchh67n,t1_cchgksg,0.0,0.0,0.0
p_2133,t3_1ncq4g,t1_cchg2hg,t1_cchn5ve,0.0,0.0,0.0
p_2135,t3_1n8s63,t1_ccge5q7,t1_ccgkhcd,0.0,0.0,0.0
p_2136,t3_1n8542,t1_ccg95kd,t1_ccg99tj,0.0,0.0,0.0
p_2137,t3_1n6bmg,t1_ccgdc5o,t1_ccfzlcw,0.0,0.0,0.0
p_2139,t3_1n5lqn,t1_ccfncrg,t1_ccfnbjw,0.0,0.0,0.0
p_2140,t3_1n5lqn,t1_ccfq99c,t1_ccfob65,0.0,0.0,0.0
p_2141,t3_1n5lqn,t1_ccfqxqv,t1_ccfpzon,0.0,0.0,0.0
p_2142,t3_1n4xai,t1_ccfhgkp,t1_ccfg5if,0.0,0.0,0.0
p_2144,t3_1n3wo2,t1_ccf9dhu,t1_ccf565b,0.0,0.0,0.0
p_2145,t3_1n3wo2,t1_ccfdwg9,t1_ccfhdpo,0.0,0.0,0.0
p_2147,t3_1n3wo2,t1_ccfmxhg,t1_ccffwtl,0.0007352941176470588,0.0,0.0007352941176470588
p_2146,t3_1n3wo2,t1_ccfmost,t1_ccfdvsg,0.0,0.0,0.0
p_2149,t3_1n0a5y,t1_cceltkh,t1_cce9tgv,0.0,0.0,0.0
p_2150,t3_1mxo4i,t1_ccdoxu0,t1_ccdla5i,0.0,0.0,0.0
p_2151,t3_1mxf26,t1_ccdidvp,t1_ccdnuec,0.004484304932735426,0.0,0.004484304932735426
p_2152,t3_1mvpmi,t1_ccd1q5w,t1_ccd6xyi,0.0,0.0,0.0
p_2153,t3_1mv3g3,t1_cccxjd9,t1_cccvmip,0.0,0.0,0.0
p_2154,t3_1mv3g3,t1_cccwow7,t1_ccd56i2,0.0,0.0,0.0
p_2155,t3_1mv3g3,t1_ccd581r,t1_ccd3k4q,0.0,0.0,0.0
p_2157,t3_1ms5h6,t1_ccc5hfa,t1_cccbr1n,0.0025252525252525255,0.0,0.0025252525252525255
p_2158,t3_1ms5h6,t1_ccc4apy,t1_ccc3e49,0.0,0.0,0.0
p_2159,t3_1ms5h6,t1_ccc4zc0,t1_ccc6q8t,0.0,0.0,0.0
p_2160,t3_1ms5h6,t1_ccc8c0p,t1_ccca28r,0.0,0.0,0.0
p_2161,t3_1ms5h6,t1_ccc849f,t1_ccc5y0d,0.0,0.0,0.0
p_2162,t3_1mqh8t,t1_ccbop5x,t1_ccbnoar,0.0,0.0,0.0
p_2163,t3_1mqfmi,t1_cccdkog,t1_ccbqtty,0.0,0.0,0.0
p_2164,t3_1mq464,t1_ccbkgg8,t1_ccbrs5p,0.002188183807439825,0.0,0.002188183807439825
p_2165,t3_1mor68,t1_ccbewh1,t1_ccbhzik,0.0,0.0,0.0
p_2166,t3_1mkkiu,t1_cca3jqo,t1_ccahv7s,0.0,0.0,0.0
p_2170,t3_1micrr,t1_cc9iise,t1_cc9i0l2,0.0,0.0,0.0
p_2171,t3_1mhox4,t1_cc9cr45,t1_cc9ewi1,0.0,0.0,0.0
p_2175,t3_1mcs7s,t1_cc7zre6,t1_cc7zm90,0.00234192037470726,0.0,0.00234192037470726
p_2176,t3_1mcs7s,t1_cc80xcj,t1_cc7yshf,0.0,0.0,0.0
p_2177,t3_1mcgyq,t1_cc81pge,t1_cc833kb,0.0,0.0,0.0
p_2178,t3_1mc6y7,t1_cc7v8d9,t1_cc7wspd,0.0,0.0,0.0
p_2179,t3_1mc6y7,t1_cc7uvd2,t1_cc7vp54,0.0,0.0,0.0
p_2180,t3_1mbqhy,t1_cc7pp5t,t1_cc7odp3,0.00211864406779661,0.0,0.00211864406779661
p_2183,t3_1ma1o7,t1_cc779hk,t1_cc779ih,0.0,0.0,0.0
p_2184,t3_1m9bf6,t1_cc71e1c,t1_cc71cv0,0.0,0.0,0.0
p_2185,t3_1m7r92,t1_cc6nj16,t1_cc6k9ln,0.0,0.0,0.0
p_2186,t3_1m5nls,t1_cc65afh,t1_cc60rdt,0.0,0.0,0.0
p_2187,t3_1m5ckr,t1_cc65v0o,t1_cc5yz4a,0.0,0.0,0.0
p_2188,t3_1m4ncj,t1_cc6f4wf,t1_cc62exc,0.0,0.0,0.0
p_2189,t3_1m4j0f,t1_cc5pidn,t1_cc5prn9,0.0,0.0020491803278688526,-0.0020491803278688526
p_2190,t3_1m3uw1,t1_cc5jurv,t1_cc5i9r4,0.0,0.0,0.0
p_2193,t3_1m2ol2,t1_cc586c8,t1_cc583f9,0.0,0.0,0.0
p_2192,t3_1m2ol2,t1_cc583n9,t1_cc58qz9,0.0,0.0,0.0
p_2194,t3_1m2c8d,t1_cc53f9v,t1_cc57ndo,0.0,0.0,0.0
p_2195,t3_1lyzc3,t1_cc4fofp,t1_cc4e0cy,0.0,0.0,0.0
p_2196,t3_1lykde,t1_cc4218e,t1_cc433r7,0.0,0.0,0.0
p_2198,t3_1lxn1p,t1_cc3sszy,t1_cc3tpy6,0.0,0.0,0.0
p_2199,t3_1lvnj6,t1_cc37s7x,t1_cc3b2kq,0.0,0.0,0.0
p_2200,t3_1lt0gt,t1_cc2od32,t1_cc2gt9x,0.0,0.0,0.0
p_2201,t3_1ls55r,t1_cc274w7,t1_cc28zrg,0.0,0.0,0.0
p_2203,t3_1lpmle,t1_cc1kppg,t1_cc1ka02,0.0,0.0,0.0
p_2205,t3_1lpfcx,t1_cc1hmy1,t1_cc1xwz2,0.0,0.0,0.0
p_2206,t3_1lp8a5,t1_cc1fjpt,t1_cc1ftud,0.0016806722689075631,0.0,0.0016806722689075631
p_2207,t3_1lni37,t1_cc102pd,t1_cc0yjrr,0.0,0.0,0.0
p_2208,t3_1ln8b5,t1_cc0x96h,t1_cc0vugf,0.0,0.0,0.0
p_2212,t3_1lm1eb,t1_cc0l23w,t1_cc0x7m8,0.0,0.0,0.0
p_2213,t3_1lkz0j,t1_cc0ekn0,t1_cc0d09x,0.0,0.0,0.0
p_2214,t3_1lkxku,t1_cc0b6tb,t1_cc0c4yb,0.0,0.0,0.0
p_2215,t3_1lkxku,t1_cc0nc73,t1_cc0gh2n,0.0,0.0,0.0
p_2218,t3_1lklmg,t1_cc06dl5,t1_cc070hz,0.0,0.0,0.0
p_2219,t3_1lklmg,t1_cc0gnzl,t1_cc0b8sj,0.0,0.0,0.0
p_2220,t3_1lj77i,t1_cc00mpq,t1_cbzwwyg,0.0,0.0,0.0
p_2221,t3_1lj1a3,t1_cbzqvmp,t1_cbzslqc,0.0,0.0,0.0
p_2224,t3_1lhuz4,t1_cbzddsy,t1_cbze9hp,0.0,0.0,0.0
p_2225,t3_1lfrfd,t1_cbysfpy,t1_cbzh8fi,0.0,0.0,0.0
p_2226,t3_1lfjlx,t1_cbyrmgo,t1_cbyqak5,0.0,0.0,0.0
p_2227,t3_1lerv8,t1_cbyiaoi,t1_cbyhq86,0.0,0.0,0.0
p_2230,t3_1ld6h6,t1_cby2a8w,t1_cby1lsh,0.0,0.0,0.0
p_2232,t3_1lcywy,t1_cbxzp1t,t1_cby301t,0.0,0.0,0.0
p_2233,t3_1lbwhm,t1_cbxpt3g,t1_cbxs5nk,0.0,0.0,0.0
p_2234,t3_1lbmj6,t1_cbxpw34,t1_cbxodyk,0.0,0.0025,-0.0025
p_2236,t3_1lacd7,t1_cbx94i4,t1_cbx9e6e,0.0,0.0,0.0
p_2237,t3_1la7rw,t1_cbxgs50,t1_cbx89uo,0.003131524008350731,0.0,0.003131524008350731
p_2238,t3_1l90aj,t1_cbwzd68,t1_cbwzbg8,0.0,0.0,0.0
p_2241,t3_1l739z,t1_cbwgckn,t1_cbwhg4q,0.0,0.0,0.0
p_2242,t3_1l6so4,t1_cbwanvb,t1_cbwejit,0.0,0.0,0.0
p_2243,t3_1l6jx5,t1_cbwinoh,t1_cbwci89,0.0021231422505307855,0.0,0.0021231422505307855
p_2244,t3_1l5skj,t1_cbw2q93,t1_cbw5e2q,0.0,0.0,0.0
p_2245,t3_1l4zh1,t1_cbvtytr,t1_cbwfrmm,0.0,0.0,0.0
p_2246,t3_1l4s6s,t1_cbvtme3,t1_cbw349b,0.0,0.0,0.0
p_2247,t3_1l4s6s,t1_cbvtd9h,t1_cbw1t11,0.0,0.0,0.0
p_2249,t3_1l48mt,t1_cbvuocw,t1_cbvwhwi,0.0,0.0,0.0
p_2252,t3_1l3r2u,t1_cbvi0u6,t1_cbvi11k,0.0,0.0,0.0
p_2253,t3_1l3r2u,t1_cbvjfjr,t1_cbvi11k,0.0,0.0,0.0
p_2251,t3_1l3r2u,t1_cbvieup,t1_cbvi6i2,0.0,0.0,0.0
p_2258,t3_1l39f3,t1_cbvj6st,t1_cbvdl8d,0.0,0.0,0.0
p_2256,t3_1l39f3,t1_cbvi8i7,t1_cbvetvc,0.0,0.0,0.0
p_2257,t3_1l39f3,t1_cbvdnid,t1_cbvf3rq,0.0,0.0,0.0
p_2259,t3_1l3115,t1_cbv9wfo,t1_cbva0et,0.0,0.0,0.0
p_2260,t3_1l2ixq,t1_cbvbxs8,t1_cbv59md,0.0,0.0,0.0
p_2261,t3_1l09gg,t1_cbuio96,t1_cbugz8z,0.0,0.0,0.0
p_2262,t3_1kzxcm,t1_cbuf9oo,t1_cbuiv91,0.00129366106080207,0.0,0.00129366106080207
p_2265,t3_1kye6l,t1_cbtvo8l,t1_cbtvkil,0.0,0.0,0.0
p_2266,t3_1kye6l,t1_cbtwkat,t1_cbtwnnn,0.0,0.0,0.0
p_2268,t3_1kye6l,t1_cbtzwlt,t1_cbtwnnn,0.0,0.0,0.0
p_2267,t3_1kye6l,t1_cbtzgqh,t1_cbtwnnn,0.0,0.0,0.0
p_2269,t3_1kxyyv,t1_cbtru4t,t1_cbtrv0z,0.0,0.0,0.0
p_2270,t3_1kxyyv,t1_cbtr9p6,t1_cbtrv0z,0.0,0.0,0.0
p_2271,t3_1kxyyv,t1_cbtu5q5,t1_cbtrrbq,0.0,0.0,0.0
p_2272,t3_1kxyyv,t1_cbu7zd4,t1_cbtrv0z,0.0,0.0,0.0
p_2275,t3_1kwoib,t1_cbtku99,t1_cbtll2e,0.0,0.0,0.0
p_2274,t3_1kwoib,t1_cbteqkq,t1_cbtlv0w,0.0,0.0,0.0
p_2276,t3_1kwewh,t1_cbtagyo,t1_cbta7mx,0.0,0.0,0.0
p_2278,t3_1ktrbd,t1_cbsiyod,t1_cbsj55w,0.0,0.0,0.0
p_2280,t3_1ks6p4,t1_cbsevj6,t1_cbs6oi2,0.0,0.0,0.0
p_2282,t3_1kqo2m,t1_cbrp5dn,t1_cbrtmtf,0.0,0.0,0.0
p_2283,t3_1kpmvy,t1_cbril3l,t1_cbrg01p,0.0,0.0,0.0
p_2284,t3_1kplpx,t1_cbs1lbf,t1_cbrbl9b,0.0,0.0,0.0
p_2285,t3_1kpcy7,t1_cbrbl5x,t1_cbrbcp0,0.0,0.0,0.0
p_2288,t3_1kmwmn,t1_cbqml03,t1_cbqlofq,0.0,0.0,0.0
p_2289,t3_1kmr9u,t1_cbqlmoj,t1_cbqkl2t,0.0,0.0,0.0
p_2290,t3_1klvsk,t1_cbqdd78,t1_cbqjkwj,0.0,0.0,0.0
p_2291,t3_1klpoz,t1_cbqe15e,t1_cbqay82,0.007692307692307693,0.0055248618784530384,0.0021674458138546543
p_2295,t3_1kkzei,t1_cbq19sn,t1_cbq4s14,0.0,0.0,0.0
p_2293,t3_1kkzei,t1_cbq6gfx,t1_cbq019j,0.0,0.0,0.0
p_2294,t3_1kkzei,t1_cbq17si,t1_cbq019j,0.0,0.0,0.0
p_2297,t3_1kkvd3,t1_cbpzbps,t1_cbpzant,0.0,0.0,0.0
p_2298,t3_1kkvd3,t1_cbpzjlg,t1_cbqba5y,0.0,0.0,0.0
p_2299,t3_1kkl0k,t1_cbpvqsr,t1_cbpwrwm,0.0,0.0,0.0
p_2300,t3_1kjxxx,t1_cbpq618,t1_cbprup5,0.0,0.0,0.0
p_2302,t3_1kji31,t1_cbpp0hg,t1_cbpp4cn,0.01090909090909091,0.0,0.01090909090909091
p_2303,t3_1kj8ll,t1_cbpjmas,t1_cbpisrw,0.0,0.0,0.0
p_2304,t3_1kj8ll,t1_cbpl5sq,t1_cbpotjh,0.0,0.0,0.0
p_2306,t3_1kic79,t1_cbp88fr,t1_cbp8lam,0.0,0.0,0.0
p_2307,t3_1ki40o,t1_cbp9u33,t1_cbp85kd,0.0,0.0,0.0
p_2308,t3_1ki1zh,t1_cbp9dea,t1_cbp5nt9,0.0,0.001564945226917058,-0.001564945226917058
p_2310,t3_1khlm7,t1_cbp1ln5,t1_cbp1ph1,0.002398081534772182,0.0,0.002398081534772182
p_2311,t3_1kgh0u,t1_cboq4u7,t1_cbooh2r,0.0,0.0,0.0
p_2313,t3_1ke0w4,t1_cbnzi22,t1_cbo6d5s,0.0,0.0,0.0
p_2314,t3_1ke0w4,t1_cbo3zx9,t1_cbo5iau,0.004739336492890996,0.0,0.004739336492890996
p_2316,t3_1kdlwj,t1_cbnxd5h,t1_cbnvo71,0.0,0.0,0.0
p_2319,t3_1kcd3m,t1_cbnhq6g,t1_cbni0el,0.0,0.0,0.0
p_2320,t3_1kbzmn,t1_cbng0go,t1_cbnipaa,0.0,0.0,0.0
p_2323,t3_1kag5w,t1_cbn0mxn,t1_cbmzov5,0.0,0.0,0.0
p_2324,t3_1kabrs,t1_cbmzr37,t1_cbn67aw,0.0,0.0,0.0
p_2325,t3_1ka5uj,t1_cbmyev9,t1_cbmxfh8,0.008771929824561403,0.0,0.008771929824561403
p_2327,t3_1k9jlv,t1_cbmxvcd,t1_cbmuvxx,0.0,0.0,0.0
p_2328,t3_1k6xfn,t1_cbm0lyq,t1_cbm3nd0,0.0,0.0,0.0
p_2329,t3_1k6i9t,t1_cblyg6g,t1_cblyvvv,0.0,0.0,0.0
p_2330,t3_1k5pd2,t1_cbln0wk,t1_cblry91,0.0,0.0,0.0
p_2331,t3_1k5c52,t1_cblj535,t1_cbll85k,0.0,0.0,0.0
p_2332,t3_1k5c52,t1_cblu6s5,t1_cblltll,0.0,0.0,0.0
p_2333,t3_1k4u9p,t1_cbldzfo,t1_cblfrem,0.018867924528301886,0.0,0.018867924528301886
p_2334,t3_1k3fd5,t1_cbkz187,t1_cblb6qd,0.002890173410404624,0.0,0.002890173410404624
p_2335,t3_1k3fd5,t1_cbl0mqo,t1_cbl14ki,0.0,0.0007722007722007722,-0.0007722007722007722
p_2336,t3_1k394r,t1_cbl39x0,t1_cbkxpz4,0.0,0.0,0.0
p_2337,t3_1k2ucr,t1_cbl0joo,t1_cbl04y4,0.0,0.0,0.0
p_2338,t3_1k2m9c,t1_cbku0j5,t1_cbkqfau,0.0,0.0,0.0
p_2339,t3_1k1bz3,t1_cbkdhyg,t1_cbkd9lg,0.0,0.0,0.0
p_2340,t3_1k12l4,t1_cbk9xjc,t1_cbkfcm9,0.0,0.0,0.0
p_2341,t3_1k0rar,t1_cbk9gjo,t1_cbk70ve,0.0,0.0,0.0
p_2343,t3_1k0o35,t1_cbk7t0b,t1_cbk5xan,0.0,0.0,0.0
p_2346,t3_1jxenp,t1_cbjhhbv,t1_cbjh4y3,0.0,0.0,0.0
p_2348,t3_1jxb7d,t1_cbj7ksk,t1_cbjiqx2,0.0,0.0,0.0
p_2349,t3_1jxb7d,t1_cbj8nos,t1_cbjiqx2,0.0,0.0,0.0
p_2350,t3_1jx75l,t1_cbj6dz7,t1_cbj5su9,0.0,0.0,0.0
p_2352,t3_1jx75l,t1_cbj9dmd,t1_cbj5t4n,0.0,0.010135135135135136,-0.010135135135135136
p_2351,t3_1jx75l,t1_cbj8v5p,t1_cbj5t4n,0.0,0.010135135135135136,-0.010135135135135136
p_2353,t3_1jx75l,t1_cbjctxf,t1_cbja2vi,0.0,0.0,0.0
p_2355,t3_1jw0vh,t1_cbj2fl6,t1_cbivzx1,0.0,0.02973977695167286,-0.02973977695167286
p_2356,t3_1jukj2,t1_cbihbve,t1_cbifo1m,0.0,0.0,0.0
p_2357,t3_1juhcd,t1_cbih6kh,t1_cbiftjn,0.0,0.005,-0.005
p_2358,t3_1jtizm,t1_cbi5iji,t1_cbi4vwr,0.0,0.0,0.0
p_2359,t3_1jnzxi,t1_cbgl9y6,t1_cbgko2s,0.009174311926605505,0.0,0.009174311926605505
p_2360,t3_1jnzxi,t1_cbgq6ri,t1_cbgmmil,0.0,0.0,0.0
p_2361,t3_1jnzxi,t1_cbgrq6w,t1_cbgqs66,0.0,0.0,0.0
p_2362,t3_1jmadm,t1_cbgfvpm,t1_cbg3jnw,0.0,0.0,0.0
p_2363,t3_1jm5z2,t1_cbg3zbr,t1_cbg1tau,0.0,0.0,0.0
p_2365,t3_1jl2l0,t1_cbfrj60,t1_cbfqlt5,0.0,0.0,0.0
p_2366,t3_1jkp1k,t1_cbfp0g2,t1_cbfoawn,0.0,0.0,0.0
p_2367,t3_1jiw0b,t1_cbf6lgo,t1_cbf4sac,0.0,0.0,0.0
p_2370,t3_1jb0wl,t1_cbcxgu5,t1_cbcy8p6,0.0,0.0,0.0
p_2371,t3_1jaqjx,t1_cbctgfc,t1_cbcsn53,0.0,0.0,0.0
p_2372,t3_1j9xnf,t1_cbcq5wa,t1_cbcvqxh,0.0,0.0016420361247947454,-0.0016420361247947454
p_2373,t3_1j8dv1,t1_cbc52ax,t1_cbcofch,0.0,0.0,0.0
p_2374,t3_1j8dv1,t1_cbc65mq,t1_cbcofch,0.0,0.0,0.0
p_2375,t3_1j8dv1,t1_cbc693d,t1_cbcofch,0.0,0.0,0.0
p_2376,t3_1j8dv1,t1_cbc7rzj,t1_cbcofch,0.0,0.0,0.0
p_2377,t3_1j7p6i,t1_cbbxr56,t1_cbby8gg,0.0,0.0,0.0
p_2378,t3_1j5z5p,t1_cbbgma6,t1_cbbghpi,0.0,0.0,0.0
p_2379,t3_1j583o,t1_cbba0li,t1_cbbbhg1,0.0,0.0,0.0
p_2381,t3_1j3vw4,t1_cbavu90,t1_cbawlm4,0.0,0.0,0.0
p_2384,t3_1j0ghg,t1_cb9w70x,t1_cba1v9x,0.0028957528957528956,0.0,0.0028957528957528956
p_2385,t3_1j0ghg,t1_cbag4fl,t1_cba1v9x,0.0,0.0,0.0
p_2387,t3_1j04ik,t1_cb9skkn,t1_cb9rtf6,0.0,0.0,0.0
p_2386,t3_1j04ik,t1_cb9ssza,t1_cb9rtf6,0.0,0.0,0.0
p_2388,t3_1j012y,t1_cb9qkne,t1_cb9wf8r,0.004651162790697674,0.0,0.004651162790697674
p_2390,t3_1j00y5,t1_cb9tnv2,t1_cb9rf5x,0.0,0.0,0.0
p_2393,t3_1iw2um,t1_cb8lac4,t1_cb8mbl8,0.0,0.0,0.0
p_2402,t3_1is4qd,t1_cb7j9ci,t1_cb7wbhu,0.0,0.0,0.0
p_2403,t3_1iqys7,t1_cb7bor5,t1_cb7844x,0.0,0.0,0.0
p_2404,t3_1iqys7,t1_cb7gfzl,t1_cb7gxgm,0.0,0.0,0.0
p_2405,t3_1ipjv3,t1_cb6tcwm,t1_cb7052e,0.0,0.0,0.0
p_2406,t3_1ioyfw,t1_cb6negu,t1_cb6p567,0.0,0.0035211267605633804,-0.0035211267605633804
p_2408,t3_1io050,t1_cb6z8bd,t1_cb6d59l,0.0,0.0,0.0
p_2409,t3_1io050,t1_cb6te7v,t1_cb6k495,0.0,0.0,0.0
p_2410,t3_1inwvh,t1_cb6clxk,t1_cb6b3un,0.0,0.0,0.0
p_2412,t3_1in64c,t1_cb6akju,t1_cb64t09,0.0,0.0,0.0
p_2413,t3_1in3mk,t1_cb6bfkt,t1_cb62n6y,0.005115089514066497,0.0,0.005115089514066497
p_2415,t3_1iimoi,t1_cb5m28u,t1_cb4v5by,0.0,0.0,0.0
p_2418,t3_1ihnzp,t1_cb4juyf,t1_cb4ukap,0.0041841004184100415,0.0111731843575419,-0.006989083939131858
p_2420,t3_1igbwh,t1_cb4649p,t1_cb464hg,0.011235955056179775,0.0,0.011235955056179775
p_2421,t3_1ied1a,t1_cb3rv5u,t1_cb3p38u,0.0028735632183908046,0.005917159763313609,-0.0030435965449228048
p_2424,t3_1ib9o8,t1_cb2tz88,t1_cb33du7,0.0018450184501845018,0.0,0.0018450184501845018
p_2427,t3_1ia9x8,t1_cb2j72l,t1_cb2rlb2,0.0,0.0,0.0
p_2429,t3_1ia3zd,t1_cb2lbid,t1_cb2h5ll,0.0,0.0,0.0
p_2430,t3_1i94l9,t1_cb28ef0,t1_cb26209,0.0,0.0,0.0
p_2434,t3_1i5tlt,t1_cb1cje7,t1_cb1t7x1,0.0,0.0,0.0
p_2436,t3_1i4vt4,t1_cb1h533,t1_cb1252u,0.0,0.0,0.0
p_2435,t3_1i4vt4,t1_cb13nik,t1_cb16bo0,0.0,0.0,0.0
p_2438,t3_1i2u57,t1_cb0fo0o,t1_cb0gz21,0.0,0.0,0.0
p_2439,t3_1i2u57,t1_cb0fbc9,t1_cb0hvyo,0.0,0.0,0.0
p_2440,t3_1i2oju,t1_cb0dt2p,t1_cb0e4bx,0.0,0.0,0.0
p_2442,t3_1i11n0,t1_cazz418,t1_cb0464x,0.0,0.0,0.0
p_2443,t3_1i11n0,t1_cazy97z,t1_cb0464x,0.0,0.0,0.0
p_2444,t3_1i0zds,t1_cazx780,t1_cazy8n0,0.0,0.0,0.0
p_2445,t3_1i0zds,t1_cb005e0,t1_cb05afm,0.0,0.0,0.0
p_2446,t3_1i0zds,t1_cb00x7k,t1_cazy1tv,0.0,0.0,0.0
p_2447,t3_1i0zds,t1_cazx7qm,t1_cb0ano0,0.0,0.0,0.0
p_2448,t3_1i00hp,t1_cazmh6c,t1_cazmud9,0.013888888888888888,0.0,0.013888888888888888
p_2449,t3_1hzs2p,t1_cazkd1r,t1_cazpzes,0.0,0.0,0.0
p_2451,t3_1hz0cv,t1_cazgpfl,t1_cazc5lr,0.0,0.0,0.0
p_2452,t3_1hxzas,t1_caz1kcn,t1_caz1z09,0.0,0.0,0.0
p_2453,t3_1hxrtn,t1_caz1hv5,t1_cayzct9,0.0,0.0,0.0
p_2454,t3_1hxjqk,t1_cayxqwq,t1_cazcc7l,0.0,0.0,0.0
p_2455,t3_1hxf9i,t1_cayvh0d,t1_caz1x0o,0.0,0.0,0.0
p_2456,t3_1hw3be,t1_cayi1o3,t1_caykf0u,0.0,0.0,0.0
p_2460,t3_1htdmd,t1_caxqkk2,t1_caxz72q,0.0,0.0,0.0
p_2461,t3_1ht05v,t1_caxtz6j,t1_caxzvix,0.0,0.0,0.0
p_2462,t3_1ht05v,t1_caxvc7y,t1_caxzvix,0.003787878787878788,0.0,0.003787878787878788
p_2463,t3_1hrko3,t1_caxe7v8,t1_cax6nz3,0.0,0.0,0.0
p_2464,t3_1hrjgc,t1_cax6dff,t1_cax6b4o,0.0,0.0,0.0
p_2465,t3_1hraph,t1_cax407i,t1_cax3up7,0.0,0.0,0.0
p_2467,t3_1hqd66,t1_cax3idc,t1_cawz4oe,0.0,0.0,0.0
p_2468,t3_1hq0v5,t1_cawqmgo,t1_cawqm34,0.0,0.0,0.0
p_2469,t3_1hp8cm,t1_cawnmau,t1_cawra52,0.0,0.0,0.0
p_2470,t3_1hp8cm,t1_caws05i,t1_cawsaki,0.0,0.0,0.0
p_2472,t3_1hnrv5,t1_cawg0mo,t1_caw90ul,0.0032822757111597373,0.0016313213703099511,0.0016509543408497862
p_2473,t3_1hnmg0,t1_caw4fwf,t1_caw2pvi,0.0,0.0,0.0
p_2474,t3_1hnesi,t1_caw5etn,t1_caw1oxb,0.0,0.003246753246753247,-0.003246753246753247
p_2475,t3_1hmzrg,t1_cavwamg,t1_caw3w4j,0.0,0.0,0.0
p_2477,t3_1hmzrg,t1_cavxhoe,t1_cavwx38,0.0,0.0,0.0
p_2476,t3_1hmzrg,t1_cavwmqq,t1_cavylue,0.0,0.00245398773006135,-0.00245398773006135
p_2478,t3_1hm7uw,t1_cavpkpg,t1_cavot1s,0.0027548209366391185,0.0,0.0027548209366391185
p_2479,t3_1hj6bs,t1_cauxv2z,t1_cauydog,0.009174311926605505,0.007407407407407408,0.0017669045191980974
p_2480,t3_1hilol,t1_cav0vb9,t1_cauv0dj,0.0,0.0,0.0
p_2482,t3_1hijgw,t1_cauqk4k,t1_cauqjev,0.005025125628140704,0.0,0.005025125628140704
p_2484,t3_1hhk6u,t1_caueb77,t1_cauj7mz,0.0,0.0,0.0
p_2485,t3_1hhk6u,t1_caui6qo,t1_caukhoj,0.0,0.006329113924050633,-0.006329113924050633
p_2486,t3_1hhk6u,t1_cauhmlk,t1_cauj7mz,0.0,0.0,0.0
p_2489,t3_1hc58i,t1_catea2n,t1_casxbel,0.0,0.0025252525252525255,-0.0025252525252525255
p_2490,t3_1hc0j1,t1_caszio1,t1_casup0b,0.0,0.0,0.0
p_2494,t3_1hajcc,t1_casg265,t1_casiv8b,0.003205128205128205,0.0,0.003205128205128205
p_2495,t3_1h9sqe,t1_cas8w59,t1_cas8g4g,0.0,0.0015600624024961,-0.0015600624024961
p_2496,t3_1h9ldb,t1_cas5ysb,t1_cas7mja,0.0,0.0,0.0
p_2497,t3_1h9hye,t1_cas4sd4,t1_cas74f3,0.0,0.0,0.0
p_2498,t3_1h9hye,t1_casb6t3,t1_cas9uz8,0.0,0.0,0.0
p_2499,t3_1h9hye,t1_casew9n,t1_cas88m0,0.0,0.0,0.0
p_2500,t3_1h8lmm,t1_cary5pj,t1_carxthq,0.0,0.0,0.0
p_2502,t3_1h6ah2,t1_caredw7,t1_car9nmn,0.0,0.0,0.0
p_2505,t3_1h6ah2,t1_caridnc,t1_car9nmn,0.0,0.0,0.0
p_2504,t3_1h6ah2,t1_care65c,t1_car9nmn,0.0,0.0,0.0
p_2503,t3_1h6ah2,t1_card2bl,t1_car9nmn,0.0,0.0,0.0
p_2506,t3_1h63cg,t1_car7qah,t1_care0ds,0.0,0.0,0.0
p_2508,t3_1h5h5m,t1_car0y9s,t1_cardbx1,0.0,0.0,0.0
p_2509,t3_1h5h5m,t1_car4w5y,t1_car24xz,0.0,0.0,0.0
p_2510,t3_1h5bo4,t1_car3t1w,t1_car096v,0.00228310502283105,0.0,0.00228310502283105
p_2511,t3_1h4fc4,t1_caquh1j,t1_car011b,0.0,0.0,0.0
p_2513,t3_1h2wxx,t1_caqbfxa,t1_caqen9z,0.0,0.0,0.0
p_2514,t3_1h13j4,t1_capskux,t1_capsire,0.0,0.0,0.0
p_2516,t3_1h0wi9,t1_capqqek,t1_caq16q7,0.0,0.0,0.0
p_2517,t3_1h0dvp,t1_caplvg0,t1_caplfrl,0.0,0.0,0.0
p_2518,t3_1h0dvp,t1_capmaqi,t1_caplfrl,0.0,0.0,0.0
p_2519,t3_1h0dvp,t1_capljsr,t1_capm2dv,0.0,0.0,0.0
p_2520,t3_1gzgyi,t1_capch39,t1_capcztw,0.0,0.0,0.0
p_2521,t3_1gzgyi,t1_capd988,t1_capcztw,0.0,0.0,0.0
p_2522,t3_1gzggd,t1_capcxm0,t1_capga0b,0.0,0.0,0.0
p_2523,t3_1gzggd,t1_capc8wf,t1_capc3ac,0.0,0.0,0.0
p_2526,t3_1gubei,t1_canwrtx,t1_canwwia,0.0,0.0,0.0
p_2527,t3_1gubei,t1_cao0mq9,t1_cao4o8w,0.0,0.0,0.0
p_2528,t3_1gubei,t1_cao0kka,t1_cao0vy0,0.0,0.0,0.0
p_2529,t3_1gtx5u,t1_canrwqs,t1_canrwi1,0.0,0.0,0.0
p_2530,t3_1gtewi,t1_canwe7h,t1_cannxmk,0.0,0.0,0.0
p_2533,t3_1gs77u,t1_canaax8,t1_canbqse,0.0,0.0,0.0
p_2535,t3_1gqrrj,t1_camvlk1,t1_camv6ti,0.0,0.0,0.0
p_2536,t3_1gqfyr,t1_camsoga,t1_camr1ip,0.0,0.0,0.0
p_2537,t3_1go76m,t1_cama3zy,t1_cam5u2v,0.0,0.0,0.0
p_2538,t3_1go0nk,t1_cam94e3,t1_cam2sp0,0.0,0.0,0.0
p_2539,t3_1gndd7,t1_calvf4q,t1_caly3r9,0.0,0.0,0.0
p_2542,t3_1gndd7,t1_calw2lu,t1_calzbfi,0.0,0.0,0.0
p_2543,t3_1gn5gq,t1_caltt0o,t1_cam4fco,0.0,0.0,0.0
p_2544,t3_1gn5gq,t1_caluwrn,t1_cam99y3,0.0,0.0,0.0
p_2546,t3_1gmopb,t1_calpm58,t1_caloeep,0.0,0.0,0.0
p_2547,t3_1glkkw,t1_caljuen,t1_calho9m,0.0,0.0,0.0
p_2548,t3_1gkvdj,t1_cal8gbr,t1_calht6p,0.0,0.0017985611510791368,-0.0017985611510791368
p_2549,t3_1gkvdj,t1_cal9bjy,t1_cal95oe,0.0,0.0,0.0
p_2550,t3_1gk7i3,t1_cal9gz2,t1_cakzxzy,0.0048449612403100775,0.0,0.0048449612403100775
p_2552,t3_1gjdzq,t1_caks2pc,t1_cakv42m,0.0,0.0,0.0
p_2553,t3_1ghuhk,t1_cakst8b,t1_cakfe6t,0.0,0.0,0.0
p_2554,t3_1ghq26,t1_cakd83v,t1_cakbhef,0.0,0.0,0.0
p_2556,t3_1gf3p8,t1_cajmk48,t1_cajlq76,0.0,0.0,0.0
p_2558,t3_1gekcs,t1_cajgr6p,t1_cajgnqh,0.0,0.0,0.0
p_2559,t3_1gdhz9,t1_cajoefo,t1_caj8zpy,0.0,0.0,0.0
p_2561,t3_1gcmgh,t1_caizgrm,t1_caix4yf,0.0,0.0,0.0
p_2563,t3_1ga9it,t1_caiavmi,t1_caiacwj,0.0036231884057971015,0.0,0.0036231884057971015
p_2564,t3_1ga5u6,t1_caifnvs,t1_caigbsx,0.0,0.0,0.0
p_2565,t3_1g98dv,t1_caicko1,t1_cai00w1,0.0017574692442882249,0.0,0.0017574692442882249
p_2566,t3_1g912k,t1_cahy4j6,t1_cai00qt,0.0,0.0,0.0
p_2567,t3_1g8ye7,t1_caiqwaz,t1_caia71j,0.0,0.0,0.0
p_2568,t3_1g8tam,t1_cahvvfw,t1_cahvh3g,0.0,0.0,0.0
p_2569,t3_1g8dms,t1_cahqtw0,t1_cahrjrv,0.0,0.0,0.0
p_2570,t3_1g4ij0,t1_cagmwe5,t1_cagn2vw,0.0,0.0,0.0
p_2571,t3_1g4ij0,t1_cagti1b,t1_cagn2vw,0.0010787486515641855,0.0,0.0010787486515641855
p_2573,t3_1g0zyi,t1_cafq2a4,t1_cafq68p,0.0,0.0,0.0
p_2575,t3_1g0nr4,t1_cafnpu1,t1_cafo41o,0.0,0.0,0.0
p_2576,t3_1g05un,t1_cafhm9s,t1_cafhkpm,0.021897810218978103,0.0,0.021897810218978103
p_2577,t3_1g05un,t1_cafi4wo,t1_cafhkpm,0.0,0.0,0.0
p_2578,t3_1fze4z,t1_cafajkn,t1_cafb9bx,0.0,0.0,0.0
p_2579,t3_1fzbuj,t1_cafam2z,t1_cafeb2o,0.004891684136967156,0.0021321961620469083,0.0027594879749202475
p_2580,t3_1fzbuj,t1_cafpf1y,t1_cafeb2o,0.0,0.0021321961620469083,-0.0021321961620469083
p_2581,t3_1fz6yz,t1_cafa0ej,t1_cafbiew,0.0,0.0,0.0
p_2582,t3_1fvef0,t1_caehkc7,t1_caegj92,0.0,0.0,0.0
p_2583,t3_1ftvzl,t1_cadqq2m,t1_cadtuox,0.0,0.018518518518518517,-0.018518518518518517
p_2584,t3_1fthzm,t1_cads3uf,t1_cadpyxu,0.0,0.0,0.0
p_2585,t3_1fsg25,t1_cadecc8,t1_cadh9xp,0.0,0.0,0.0
p_2586,t3_1fsg25,t1_cadcq9r,t1_cadfxhh,0.0,0.0,0.0
p_2589,t3_1fqxs6,t1_cacz78q,t1_cad0uj4,0.00425531914893617,0.0,0.00425531914893617
p_2590,t3_1fpnku,t1_cacm10c,t1_cacyujo,0.0,0.0,0.0
p_2592,t3_1fl90i,t1_cabjfyp,t1_cabh6n4,0.0,0.0,0.0
p_2594,t3_1fkqyp,t1_cab9l3c,t1_cab7rfj,0.0,0.0,0.0
p_2596,t3_1fjzw1,t1_cab14u9,t1_cabbfp2,0.02335456475583864,0.08469055374592833,-0.0613359889900897
p_2597,t3_1fjy6l,t1_cabf966,t1_cab0k1n,0.0014064697609001407,0.0,0.0014064697609001407
p_2598,t3_1fjy6l,t1_cabcutd,t1_cabche6,0.0,0.0,0.0
p_2599,t3_1fj2qs,t1_caar36f,t1_caas3s0,0.0,0.0,0.0
p_2600,t3_1fi40v,t1_caahiii,t1_caahjdz,0.0,0.0,0.0
p_2601,t3_1fi40v,t1_caai66k,t1_caahj8x,0.0,0.0,0.0
p_2603,t3_1fh2ge,t1_caa6pnq,t1_caaaphg,0.0,0.0,0.0
p_2604,t3_1fgwoe,t1_caadxv7,t1_caaa1fu,0.0,0.0,0.0
p_2606,t3_1felg8,t1_ca9jegt,t1_ca9j1g5,0.0,0.0,0.0
p_2607,t3_1fdu9t,t1_ca9jfv7,t1_ca9emjy,0.0,0.0,0.0
p_2608,t3_1fdqr9,t1_ca9b99t,t1_ca997cz,0.0,0.0,0.0
p_2609,t3_1fbyld,t1_ca8s1d1,t1_ca92m1w,0.0,0.0,0.0
p_2610,t3_1fakkk,t1_ca8gu3m,t1_ca8gpeh,0.0,0.0,0.0
p_2613,t3_1f9bqn,t1_ca85ryy,t1_ca81ox0,0.022935779816513763,0.0,0.022935779816513763
p_2619,t3_1f3fkz,t1_ca6ix69,t1_ca6j47b,0.0,0.0,0.0
p_2621,t3_1f378x,t1_ca6d9pg,t1_ca6d9s8,0.0,0.0,0.0
p_2624,t3_1f08yy,t1_ca5jdzb,t1_ca5nkp8,0.0,0.0,0.0
p_2625,t3_1f08yy,t1_ca5jcz6,t1_ca5nkp8,,0.0,
p_2627,t3_1eyhc9,t1_ca511j6,t1_ca514mx,0.0,0.0,0.0
p_2628,t3_1eyhc9,t1_ca54mod,t1_ca514mx,0.0,0.0,0.0
p_2629,t3_1evztt,t1_ca4bru8,t1_ca4e1xc,0.0,0.0,0.0
p_2631,t3_1er14x,t1_ca2wy31,t1_ca2w8zb,0.00186219739292365,0.0,0.00186219739292365
p_2632,t3_1er14x,t1_ca2wyds,t1_ca2w8zb,0.0,0.0,0.0
p_2633,t3_1eqzdv,t1_ca2xas3,t1_ca2vznl,0.007462686567164179,0.0,0.007462686567164179
p_2634,t3_1eqzdv,t1_ca31l47,t1_ca2vznl,0.0,0.0,0.0
p_2636,t3_1eqpep,t1_ca2wutl,t1_ca2vk92,0.0,0.0,0.0
p_2637,t3_1enop4,t1_ca26n3f,t1_ca24wnz,0.0160857908847185,0.0028089887640449437,0.013276802120673555
p_2640,t3_1ekr96,t1_ca18olx,t1_ca1bmet,0.0,0.0,0.0
p_2642,t3_1ejwsi,t1_ca0z4yj,t1_ca124sd,0.0,0.0,0.0
p_2643,t3_1ejwsi,t1_ca14g2z,t1_ca11uac,0.0022471910112359553,0.0,0.0022471910112359553
p_2649,t3_1eeqwi,t1_c9zk246,t1_c9zlxhm,0.0,0.0,0.0
p_2648,t3_1eeqwi,t1_c9zisf5,t1_c9zjpoy,0.0,0.0,0.0
p_2650,t3_1edx91,t1_c9z9hpy,t1_c9zbt49,0.0,0.0,0.0
p_2651,t3_1edr56,t1_c9z8p9f,t1_c9z9qmk,0.0,0.0,0.0
p_2652,t3_1edqbg,t1_c9z7ura,t1_c9zayfy,0.0,0.0,0.0
p_2657,t3_1e897d,t1_c9xr4w4,t1_c9xr0vc,0.0,0.0,0.0
p_2659,t3_1e7fgs,t1_c9xm6o9,t1_c9xlvv7,0.0,0.0,0.0
p_2661,t3_1e7dc0,t1_c9xteak,t1_c9xkdnr,0.0,0.0,0.0
p_2663,t3_1e71tp,t1_c9xlk4m,t1_c9xez56,0.0,0.0,0.0
p_2664,t3_1e5uet,t1_c9x38yb,t1_c9x7ac3,0.0,0.0,0.0
p_2666,t3_1e5dod,t1_c9wyrgk,t1_c9wz4h9,0.0,0.0,0.0
p_2667,t3_1e4w3h,t1_c9x0hy8,t1_c9wwhb6,0.0,0.0,0.0
p_2668,t3_1e4v4u,t1_c9wtome,t1_c9ww06i,0.0,0.0,0.0
p_2669,t3_1e4gla,t1_c9wpcpk,t1_c9wqjyf,0.0,0.0,0.0
p_2671,t3_1e30x9,t1_c9wfnbb,t1_c9wbvj3,0.0,0.0,0.0
p_2673,t3_1e1yw5,t1_c9wdtql,t1_c9w0hvd,0.0,0.0,0.0
p_2674,t3_1e0qz1,t1_c9vwslq,t1_c9vruwl,0.0,0.0,0.0
p_2675,t3_1e0ejy,t1_c9vl8aa,t1_c9vp3i5,0.0,0.0,0.0
p_2678,t3_1e0dd7,t1_c9vvh9i,t1_c9vmii6,0.0,0.0,0.0
p_2676,t3_1e0dd7,t1_c9vn11c,t1_c9vkmsv,0.0,0.0,0.0
p_2679,t3_1dzqaz,t1_c9vevvr,t1_c9ves68,0.0,0.0,0.0
p_2680,t3_1dyb7o,t1_c9v8bw6,t1_c9v7j0n,0.0,0.0,0.0
p_2681,t3_1dy3sl,t1_c9uym99,t1_c9uxyzk,0.0016181229773462784,0.0,0.0016181229773462784
p_2683,t3_1dx9dj,t1_c9ut84g,t1_c9v8b9b,0.0,0.0,0.0
p_2684,t3_1dx9dj,t1_c9uvfc4,t1_c9usq08,0.0,0.003952569169960474,-0.003952569169960474
p_2685,t3_1duzzk,t1_c9u8l52,t1_c9u8yoe,0.0,0.0,0.0
p_2688,t3_1drv8o,t1_c9twcr8,t1_c9tdt5r,0.0,0.0,0.0
p_2690,t3_1dro9y,t1_c9t93tz,t1_c9tb0nm,0.0,0.0,0.0
p_2691,t3_1dro9y,t1_c9t95ad,t1_c9tb0nm,0.0,0.0,0.0
p_2692,t3_1dro9y,t1_c9tar20,t1_c9tb0nm,0.0,0.0,0.0
p_2693,t3_1dr38j,t1_c9t4zgp,t1_c9t15sb,0.016666666666666666,0.0,0.016666666666666666
p_2694,t3_1dr38j,t1_c9t6qfq,t1_c9t3tv5,0.0,0.0,0.0
p_2696,t3_1dqocq,t1_c9sxlof,t1_c9t1per,0.0,0.0,0.0
p_2698,t3_1dpa0j,t1_c9si9a1,t1_c9sjq6e,0.0,0.0,0.0
p_2699,t3_1dmdji,t1_c9s8tbs,t1_c9rvfop,0.0028653295128939827,0.0,0.0028653295128939827
p_2702,t3_1djzxv,t1_c9rfg9d,t1_c9r258n,0.0,0.0,0.0
p_2704,t3_1dj741,t1_c9qwjmm,t1_c9qu7yd,0.0,0.0,0.0
p_2706,t3_1ditdn,t1_c9r0krj,t1_c9qpsh8,0.00408997955010225,0.0,0.00408997955010225
p_2707,t3_1dilyh,t1_c9qq93z,t1_c9qukp7,0.0,0.005917159763313609,-0.005917159763313609
p_2711,t3_1dfy2a,t1_c9pz92y,t1_c9pzk15,0.0,0.0,0.0
p_2713,t3_1dfnx1,t1_c9pwrti,t1_c9pydqv,0.0,0.0,0.0
p_2714,t3_1deu6m,t1_c9pm9ei,t1_c9pq3i8,0.010362694300518135,0.0,0.010362694300518135
p_2715,t3_1ddn6p,t1_c9r192d,t1_c9ptde6,0.0,0.0,0.0
p_2717,t3_1dbeji,t1_c9opv9e,t1_c9oplaa,0.0,0.0,0.0
p_2718,t3_1dahpy,t1_c9oi7rq,t1_c9ohbfe,0.0029411764705882353,0.0,0.0029411764705882353
p_2720,t3_1daaz2,t1_c9om232,t1_c9oicxr,0.0,0.0,0.0
p_2721,t3_1daa73,t1_c9of3p7,t1_c9of537,0.0,0.0,0.0
p_2722,t3_1da9km,t1_c9ogr0a,t1_c9oels5,0.0,0.0,0.0
p_2723,t3_1d93tu,t1_c9o543i,t1_c9o48f1,0.0035211267605633804,0.0,0.0035211267605633804
p_2724,t3_1d93tu,t1_c9o9bv4,t1_c9o5bzv,0.0,0.0,0.0
p_2725,t3_1d7g4o,t1_c9noa5m,t1_c9nwpbl,0.0,0.0,0.0
p_2728,t3_1d4oyg,t1_c9mvjvz,t1_c9n2oa9,0.0,0.0,0.0
p_2729,t3_1d44p3,t1_c9mq0ns,t1_c9mtvks,0.0,0.0,0.0
p_2731,t3_1d44p3,t1_c9mw0w9,t1_c9mpkz3,0.0,0.0,0.0
p_2732,t3_1d44p3,t1_c9n1elj,t1_c9mtvks,0.0,0.0,0.0
p_2733,t3_1d44p3,t1_c9mu8cn,t1_c9mrjf5,0.0,0.0,0.0
p_2734,t3_1d44p3,t1_c9msi95,t1_c9mtvks,0.0,0.0,0.0
p_2738,t3_1d1i55,t1_c9mxv6l,t1_c9lzhfl,0.008771929824561403,0.0,0.008771929824561403
p_2739,t3_1d1i55,t1_c9oegh1,t1_c9lzhfl,0.0,0.0,0.0
p_2740,t3_1d0elu,t1_c9lsj8v,t1_c9lp7p0,0.0,0.0,0.0
p_2741,t3_1cymw8,t1_c9l9z8j,t1_c9l7omc,0.0,0.0,0.0
p_2743,t3_1cyjeb,t1_c9l6moi,t1_c9l7796,0.0,0.0,0.0
p_2748,t3_1cxteo,t1_c9l5sr6,t1_c9kz9h3,0.014925373134328358,0.0,0.014925373134328358
p_2746,t3_1cxteo,t1_c9l0ptr,t1_c9kztp0,0.005291005291005291,0.0,0.005291005291005291
p_2747,t3_1cxteo,t1_c9kzw1u,t1_c9l5bzb,0.0,0.0,0.0
p_2749,t3_1cwsse,t1_c9kr52k,t1_c9kr5qt,0.0,0.0,0.0
p_2750,t3_1cwsse,t1_c9kqato,t1_c9ks4cr,0.0,0.0,0.0
p_2751,t3_1cwsse,t1_c9kvex6,t1_c9ks4cr,0.0,0.0,0.0
p_2752,t3_1cvzbx,t1_c9km9nx,t1_c9khsqw,0.0,0.008333333333333333,-0.008333333333333333
p_2753,t3_1ctkhw,t1_c9juokl,t1_c9jubz0,0.0,0.0,0.0
p_2754,t3_1cskpb,t1_c9jkqxa,t1_c9jlje5,0.0,0.0,0.0
p_2755,t3_1crpmd,t1_c9jdeua,t1_c9jkwqp,0.0,0.0,0.0
p_2756,t3_1cq2e6,t1_c9ix0cz,t1_c9ixpvx,0.0,0.0,0.0
p_2760,t3_1cjeto,t1_c9h2lgb,t1_c9h6sc6,0.0,0.0,0.0
p_2761,t3_1chlts,t1_c9gmbnn,t1_c9gqj74,0.0021008403361344537,0.0,0.0021008403361344537
p_2762,t3_1cgo5k,t1_c9gcsj9,t1_c9gc5rg,0.0,0.0,0.0
p_2765,t3_1cfa2w,t1_c9fzmpv,t1_c9g116t,0.0,0.0,0.0
p_2766,t3_1cdk1m,t1_c9fscps,t1_c9fnhsl,0.0,0.0,0.0
p_2767,t3_1cc9ma,t1_c9f4mbw,t1_c9f4gvx,0.004273504273504274,0.0,0.004273504273504274
p_2770,t3_1cc8uk,t1_c9fbcfp,t1_c9f55x0,0.0,0.0,0.0
p_2771,t3_1cbyg8,t1_c9f2fbr,t1_c9f2f7z,0.0,0.0,0.0
p_2772,t3_1cbyg8,t1_c9f37yw,t1_c9f2f7z,0.0012062726176115801,0.0,0.0012062726176115801
p_2773,t3_1cbyg8,t1_c9f2oxn,t1_c9f2f7z,0.0,0.0,0.0
p_2774,t3_1c9rnm,t1_c9efq9f,t1_c9enhzn,0.0,0.0,0.0
p_2776,t3_1c9lan,t1_c9eoxbt,t1_c9edlfu,0.0,0.0,0.0
p_2777,t3_1c8ym3,t1_c9e9zzx,t1_c9e9fk0,0.0,0.0,0.0
p_2778,t3_1c8ym3,t1_c9e9ga5,t1_c9ea09a,0.009375,0.0,0.009375
p_2779,t3_1c7z1a,t1_c9dyhme,t1_c9edsm6,0.0,0.0,0.0
p_2782,t3_1c5ps9,t1_c9da3im,t1_c9dg1q3,0.0,0.0,0.0
p_2783,t3_1c3mds,t1_c9cpeax,t1_c9cpssy,0.012552301255230125,0.0,0.012552301255230125
p_2784,t3_1c11cx,t1_c9c5trq,t1_c9c6lsq,0.0,0.0,0.0
p_2785,t3_1byb8b,t1_c9bdajc,t1_c9bdsul,0.0,0.0,0.0
p_2786,t3_1by7rb,t1_c9b8dbb,t1_c9ba21c,0.0,0.0,0.0
p_2787,t3_1bxkri,t1_c9b3vi9,t1_c9b4eux,0.0,0.0,0.0
p_2789,t3_1bxgut,t1_c9b118k,t1_c9b0bxi,0.0,0.0,0.0
p_2788,t3_1bxgut,t1_c9b3hgo,t1_c9b7q7o,0.0,0.0,0.0
p_2790,t3_1bxgut,t1_c9b7tag,t1_c9b7q7o,0.0,0.0,0.0
p_2791,t3_1bwu2v,t1_c9avcwo,t1_c9auie0,0.0,0.003076923076923077,-0.003076923076923077
p_2792,t3_1buffw,t1_c9a7bi9,t1_c9a70o8,0.0,0.0,0.0
p_2793,t3_1brihl,t1_c9bfojt,t1_c99k4tp,0.0,0.0,0.0
p_2794,t3_1bp6uw,t1_c98y60i,t1_c994sb5,0.0,0.0,0.0
p_2795,t3_1bodtx,t1_c98jlb4,t1_c98lik7,0.0,0.0,0.0
p_2796,t3_1bljky,t1_c97sfu3,t1_c97rjrx,0.0,0.0,0.0
p_2798,t3_1bkpef,t1_c97l3q7,t1_c97m0dm,0.0,0.0,0.0
p_2799,t3_1bkdeq,t1_c97g05g,t1_c97ggko,0.0,0.0,0.0
p_2803,t3_1bjaaz,t1_c977sxm,t1_c979i5l,0.0,0.0,0.0
p_2804,t3_1bitj0,t1_c971omg,t1_c978xo7,0.0,0.0,0.0
p_2805,t3_1bggat,t1_c96k0ap,t1_c96jw6l,0.0,0.0,0.0
p_2806,t3_1bce8x,t1_c95l5od,t1_c95l7sx,0.0,0.0,0.0
p_2807,t3_1bcaat,t1_c95jx1p,t1_c95k33e,0.0,0.0,0.0
p_2808,t3_1bc8lk,t1_c95jtsa,t1_c95k5tq,0.0,0.0,0.0
p_2809,t3_1bc7uw,t1_c95jgdf,t1_c95jk08,0.0,0.0,0.0
p_2810,t3_1b757j,t1_c947mfz,t1_c947z02,0.0,0.0,0.0
p_2811,t3_1b5h4r,t1_c93tvyq,t1_c93sauz,0.001455604075691412,0.0,0.001455604075691412
p_2812,t3_1b532g,t1_c93p2p5,t1_c93uzd4,0.007575757575757576,0.0,0.007575757575757576
p_2813,t3_1b4ngo,t1_c93mgx3,t1_c93juyb,0.0,0.0,0.0
p_2815,t3_1ayifp,t1_c91z4wm,t1_c91y4yc,0.0,0.0,0.0
p_2817,t3_1avuk1,t1_c919bkc,t1_c918ch7,0.0,0.0,0.0
p_2818,t3_1aszfk,t1_c90i0vi,t1_c90i1xg,0.0,0.0,0.0
p_2819,t3_1assos,t1_c90fnc1,t1_c90rkrt,0.0,0.0,0.0
p_2820,t3_1assos,t1_c90ewks,t1_c90rkrt,0.0,0.0,0.0
p_2822,t3_1are2i,t1_c902a8w,t1_c901w5o,0.0,0.0045045045045045045,-0.0045045045045045045
p_2823,t3_1are2i,t1_c9063xi,t1_c901w5o,0.0,0.0045045045045045045,-0.0045045045045045045
p_2827,t3_1am01f,t1_c8yqvyz,t1_c90q7d9,0.0,0.0,0.0
p_2830,t3_1ajjfw,t1_c8y1lzd,t1_c8xzdi6,0.003215434083601286,0.0,0.003215434083601286
p_2831,t3_1ajjfw,t1_c8y2o8t,t1_c8y2jox,0.0,0.0,0.0
p_2832,t3_1ahaci,t1_c8xhcoi,t1_c8xhwel,0.0,0.0,0.0
p_2833,t3_1ahaci,t1_c8ycdr7,t1_c8y9ehd,0.0,0.0,0.0
p_2834,t3_1adnuj,t1_c8wgwzb,t1_c8wgx6y,0.0,0.0,0.0
p_2835,t3_1adnuj,t1_c8wkxho,t1_c8wgx6y,0.0,0.0,0.0
p_2836,t3_1aah63,t1_c8vkumc,t1_c8w7eb9,0.0,0.0,0.0
p_2837,t3_1a823k,t1_c8uxrzz,t1_c8uxj2q,0.001277139208173691,0.0,0.001277139208173691
p_2838,t3_1a74or,t1_c8yb8lh,t1_c8wi3uo,0.0,0.0,0.0
p_2841,t3_1a1svv,t1_c8tcnlg,t1_c8tbh45,0.0,0.0,0.0
p_2842,t3_19x40l,t1_c8s3ojs,t1_c8sam0l,0.0,0.0,0.0
p_2843,t3_19umvm,t1_c8ri6ek,t1_c8rgbi8,0.0,0.006622516556291391,-0.006622516556291391
p_2845,t3_19n9ak,t1_c8pkzma,t1_c8polhe,0.0,0.0,0.0
p_2846,t3_19huby,t1_c8ojliw,t1_c8oh7z7,0.0,0.0,0.0
p_2847,t3_19e3q6,t1_c8n7zld,t1_c8n6yn4,0.0016260162601626016,0.0,0.0016260162601626016
p_2850,t3_19avin,t1_c8mdkft,t1_c8mqodh,0.0,0.0,0.0
p_2851,t3_19aahz,t1_c8m9s7p,t1_c8m98ui,0.0,0.0,0.0
p_2853,t3_1960jw,t1_c8te8em,t1_c8lq3vy,0.008771929824561403,0.0,0.008771929824561403
p_2854,t3_18nf32,t1_c8gjif8,t1_c8glzi2,0.0,0.0,0.0
p_2855,t3_18n2uc,t1_c8g7yj9,t1_c8g7vdb,0.0,0.0,0.0
p_2856,t3_18n2uc,t1_c8gjaly,t1_c8hjbxc,0.0,0.0,0.0
p_2857,t3_18hfbb,t1_c8euhsu,t1_c8f4pon,0.0,0.0,0.0
p_2858,t3_18fnmc,t1_c8ehi0y,t1_c8fbyk9,0.0,0.0,0.0
p_2859,t3_18fnmc,t1_c8eztwo,t1_c8efsxa,0.0,0.0,0.0
p_2861,t3_18dj9h,t1_c8go2f3,t1_c8du0qd,0.0,0.0,0.0
p_2862,t3_181jmd,t1_c8b2w35,t1_c8b80s2,0.0,0.0,0.0
p_2864,t3_353z1x,t1_cr0txe5,t1_cr0sypq,0.04310344827586207,0.0,0.04310344827586207
p_2865,t3_35007e,t1_cqzpsh4,t1_cr08now,0.0,0.0,0.0
p_2868,t3_34uoe6,t1_cqy8iqs,t1_cqydmf0,0.0,0.0,0.0
p_2869,t3_34uhcs,t1_cqy6f3z,t1_cqy5yg6,0.0,0.0,0.0
p_2871,t3_34r42c,t1_cqx9tcw,t1_cqxcheq,0.0,0.0,0.0
p_2872,t3_34r42c,t1_cqx9isf,t1_cqxhmy0,0.0,0.0,0.0
p_2873,t3_34qpil,t1_cqxbpip,t1_cqx6biz,0.0,0.0,0.0
p_2875,t3_34nm86,t1_cqwfwqa,t1_cqwdlqs,0.0,0.0,0.0
p_2876,t3_34mjz7,t1_cqw3q36,t1_cqw297k,0.0,0.0,0.0
p_2877,t3_34mi2s,t1_cqw2pwr,t1_cqw1jmd,0.0,0.0,0.0
p_2880,t3_34f19m,t1_cqumcdt,t1_cqu4xnk,0.02127659574468085,0.007575757575757576,0.013700838168923275
p_2881,t3_34ew6y,t1_cqu16sw,t1_cqu66qp,0.02127659574468085,0.0,0.02127659574468085
p_2883,t3_34dp1h,t1_cqtp0m2,t1_cqtpbha,0.006234413965087282,0.0,0.006234413965087282
p_2885,t3_3458ym,t1_cqrehbr,t1_cqrp6kw,0.0,0.0,0.0
p_2886,t3_344wiz,t1_cqras5q,t1_cqre4xb,0.0,0.0,0.0
p_2887,t3_344wiz,t1_cqrc214,t1_cqrdlm0,0.008403361344537815,0.0,0.008403361344537815
p_2889,t3_3421jf,t1_cqqjotj,t1_cqqk365,0.0,0.0,0.0
p_2890,t3_341ysq,t1_cqqjryw,t1_cqqx1kp,0.0,0.0,0.0
p_2891,t3_341ysq,t1_cqqk0tn,t1_cqqijqw,0.0,0.0,0.0
p_2892,t3_341rgm,t1_cqr37bi,t1_cqqnhph,0.0,0.0,0.0
p_2893,t3_341qpv,t1_cqqkadf,t1_cqqj5q6,0.0,0.0,0.0
p_2896,t3_340hb6,t1_cqq5pcx,t1_cqq45sd,0.0,0.0036101083032490976,-0.0036101083032490976
p_2897,t3_33yolt,t1_cqq8ib0,t1_cqpnhfk,0.0,0.0,0.0
p_2898,t3_33y71i,t1_cqpkqw3,t1_cqphhsd,0.0,0.0,0.0
p_2899,t3_33xvlb,t1_cqpizv2,t1_cqpe1w3,0.0,0.0,0.0
p_2900,t3_33x4zd,t1_cqq3w8x,t1_cqph109,0.0,0.0,0.0
p_2901,t3_33vwxp,t1_cqp9clo,t1_cqp3iwt,0.008849557522123894,0.0,0.008849557522123894
p_2902,t3_33vb7v,t1_cqop50f,t1_cqoq78g,0.0,0.0,0.0
p_2903,t3_33vb7v,t1_cqoqk6x,t1_cqoq78g,0.0,0.0,0.0
p_2906,t3_33t6ee,t1_cqo6dks,t1_cqocdox,0.0,0.0,0.0
p_2910,t3_33qkee,t1_cqnhkzy,t1_cqnfxbg,0.0,0.0,0.0
p_2911,t3_33odih,t1_cqmwrzp,t1_cqn43qi,0.0,0.0,0.0
p_2912,t3_33odih,t1_cqmx2gy,t1_cqn43qi,0.0,0.0,0.0
p_2914,t3_33m1d7,t1_cqmao20,t1_cqmqlk3,0.0,0.0,0.0
p_2915,t3_33ltmy,t1_cqm3qgs,t1_cqm6tlv,0.0,0.0,0.0
p_2916,t3_33ltmy,t1_cqm5fmo,t1_cqmj35v,0.010869565217391304,0.0,0.010869565217391304
p_2917,t3_33ltmy,t1_cqma7wu,t1_cqmj35v,0.0,0.0,0.0
p_2918,t3_33ltmy,t1_cqm52oz,t1_cqmjkd0,0.0,0.0,0.0
p_2919,t3_33ltmy,t1_cqmees1,t1_cqmlryg,0.0,0.0,0.0
p_2920,t3_33ltmy,t1_cqmhim7,t1_cqmlryg,0.0,0.0,0.0
p_2921,t3_33ltmy,t1_cqme4zj,t1_cqmjkd0,0.0,0.0,0.0
p_2922,t3_33ltmy,t1_cqmf5u4,t1_cqm8bcb,0.0,0.0,0.0
p_2923,t3_33ltmy,t1_cqmaxor,t1_cqmj35v,0.0,0.0,0.0
p_2925,t3_33ltmy,t1_cqmgnjb,t1_cqmjkd0,0.0,0.0,0.0
p_2927,t3_33ky08,t1_cqlv92o,t1_cqm0p5u,0.0,0.0,0.0
p_2928,t3_33jriw,t1_cqlmafs,t1_cqlrxku,0.0,0.008746355685131196,-0.008746355685131196
p_2929,t3_33jriw,t1_cqlrjh2,t1_cqlvlpo,0.0,0.0,0.0
p_2930,t3_33gagt,t1_cqknwye,t1_cqkneou,0.0,0.0,0.0
p_2935,t3_33fzqf,t1_cqkkas1,t1_cqkomla,0.0,0.0,0.0
p_2934,t3_33fzqf,t1_cqkyc6a,t1_cqkomla,0.0,0.0,0.0
p_2932,t3_33fzqf,t1_cqkmagz,t1_cql6a4m,0.0,0.0,0.0
p_2933,t3_33fzqf,t1_cqksog6,t1_cql5nf4,0.0,0.0,0.0
p_2936,t3_33fvr1,t1_cql32pv,t1_cqkpqqx,0.0,0.0,0.0
p_2937,t3_33f4nn,t1_cqkapdq,t1_cqktzi5,0.0,0.0,0.0
p_2938,t3_33d5wv,t1_cqjs9av,t1_cqjqmmc,0.0,0.0,0.0
p_2939,t3_33c9pv,t1_cqjn7rh,t1_cqji5jr,0.0,0.0,0.0
p_2940,t3_33b9np,t1_cqj96fh,t1_cqj9uef,0.0,0.0,0.0
p_2942,t3_337yvz,t1_cqift17,t1_cqigsgq,0.0,0.0,0.0
p_2943,t3_337yvz,t1_cqigbq2,t1_cqigknb,0.007853403141361256,0.0,0.007853403141361256
p_2947,t3_335312,t1_cqhqb8z,t1_cqhmvlk,0.0,0.0,0.0
p_2948,t3_334q3e,t1_cqhpv4a,t1_cqhioox,0.0020491803278688526,0.0,0.0020491803278688526
p_2949,t3_333cqy,t1_cqh6yao,t1_cqh6bst,0.000791765637371338,0.0,0.000791765637371338
p_2952,t3_330zv9,t1_cqgjrcd,t1_cqgm5ch,0.0,0.0,0.0
p_2953,t3_32yo7o,t1_cqghj8r,t1_cqggpsa,0.003861003861003861,0.0,0.003861003861003861
p_2955,t3_32x792,t1_cqfgbx0,t1_cqfhboc,0.0,0.0,0.0
p_2957,t3_32x5bg,t1_cqffwwh,t1_cqfjbx4,0.0,0.0,0.0
p_2959,t3_32w62j,t1_cqf8h6r,t1_cqf8ttp,0.0,0.0078125,-0.0078125
p_2960,t3_32tuwr,t1_cqekvu6,t1_cqev05z,0.0,0.0,0.0
p_2961,t3_32rqew,t1_cqe1or9,t1_cqedg0y,0.0,0.0,0.0
p_2962,t3_32qem9,t1_cqdngsq,t1_cqdmrey,0.0,0.0,0.0
p_2963,t3_32nvz9,t1_cqd3dgw,t1_cqdlwp9,0.0,0.0,0.0
p_2964,t3_32mxxb,t1_cqcq0fj,t1_cqcpdn2,0.0,0.0,0.0
p_2966,t3_32ml8o,t1_cqcp8hx,t1_cqcmdxj,0.005277044854881266,0.0,0.005277044854881266
p_2967,t3_32ml8o,t1_cqcmvme,t1_cqcmdxj,0.0,0.0,0.0
p_2969,t3_32kaxa,t1_cqc1ps3,t1_cqbztib,0.0,0.0,0.0
p_2970,t3_32jy1s,t1_cqc7xo9,t1_cqc76t8,0.0,0.0,0.0
p_2972,t3_32jy1s,t1_cqc312r,t1_cqc2knn,0.0,0.0,0.0
p_2973,t3_32hrcu,t1_cqbf680,t1_cqc157c,0.0,0.0,0.0
p_2974,t3_32hrcu,t1_cqbuas1,t1_cqberet,0.0,0.0,0.0
p_2975,t3_32hhvc,t1_cqb981l,t1_cqb97nw,0.0,0.0,0.0
p_2977,t3_32heuy,t1_cqbcbkl,t1_cqb8b3a,0.0,0.0,0.0
p_2978,t3_32e9dz,t1_cqag1ei,t1_cqaeq9p,0.0,0.0,0.0
p_2979,t3_32dzr6,t1_cqabzcm,t1_cqavot8,0.0,0.0,0.0
p_2980,t3_32dzr6,t1_cqabzdy,t1_cqavot8,0.0,0.0,0.0
p_2981,t3_32cuug,t1_cqa2kcg,t1_cqamp4r,0.0,0.0,0.0
p_2985,t3_32br6b,t1_cq9r1xc,t1_cq9xojx,0.0,0.0,0.0
p_2987,t3_3295fa,t1_cq95v66,t1_cq97eov,0.0,0.002386634844868735,-0.002386634844868735
p_2989,t3_328mdv,t1_cq8wilr,t1_cq8wllc,0.0,0.0,0.0
p_2990,t3_328mdv,t1_cq90btb,t1_cq8xsei,0.0,0.0,0.0
p_2991,t3_328mdv,t1_cq924w9,t1_cq8wmf8,0.0,0.0,0.0
p_2992,t3_328mdv,t1_cq962cf,t1_cq909zj,0.0,0.0,0.0
p_2993,t3_328cqj,t1_cq8twul,t1_cq8u7k8,0.0,0.0,0.0
p_2994,t3_328cqj,t1_cq8u123,t1_cq8vtom,0.0,0.0,0.0
p_2995,t3_328cqj,t1_cq8urjg,t1_cq8uwgb,0.0027100271002710027,0.0,0.0027100271002710027
p_2996,t3_325owi,t1_cq85rgn,t1_cq85o61,0.0,0.016260162601626018,-0.016260162601626018
p_2997,t3_324yj6,t1_cq7zfq6,t1_cq8dhwu,0.0,0.0,0.0
p_2998,t3_3247v7,t1_cq81v9f,t1_cq7q1h2,0.0,0.0,0.0
p_2999,t3_3247v7,t1_cq7rkyr,t1_cq7q1h2,0.0,0.0,0.0
p_3001,t3_321v5o,t1_cq7b3vb,t1_cq75mj1,0.0027247956403269754,0.0,0.0027247956403269754
p_3004,t3_320ncw,t1_cq6vyp0,t1_cq6qa48,0.004484304932735426,0.0,0.004484304932735426
p_3005,t3_320ncw,t1_cq6qbjc,t1_cq7attb,0.0,0.0,0.0
p_3006,t3_320cdd,t1_cq6n5nk,t1_cq6tjhk,0.0,0.0,0.0
p_3007,t3_320ag4,t1_cq6qvbi,t1_cq73ikh,0.0,0.0,0.0
p_3008,t3_31z0jc,t1_cq6cink,t1_cq6dcu3,0.0,0.0,0.0
p_3009,t3_31z0jc,t1_cq6elfk,t1_cq6fijn,0.0,0.0,0.0
p_3010,t3_31y24o,t1_cq6353c,t1_cq69x2n,0.0,0.0,0.0
p_3013,t3_31tru7,t1_cq4z6e3,t1_cq4ypy8,0.011235955056179775,0.0,0.011235955056179775
p_3015,t3_31pc9q,t1_cq3qpv3,t1_cq3pcmq,0.0,0.0,0.0
p_3016,t3_31p2g2,t1_cq3sydv,t1_cq3oxs7,0.0019455252918287938,0.0,0.0019455252918287938
p_3017,t3_31p0pl,t1_cq3n1ay,t1_cq3nys0,0.0,0.0,0.0
p_3020,t3_31oejp,t1_cq3gtyk,t1_cq3t550,0.0,0.0,0.0
p_3021,t3_31oejp,t1_cq462r7,t1_cq3zns0,0.0,0.012048192771084338,-0.012048192771084338
p_3022,t3_31ocvw,t1_cq3fcas,t1_cq3hias,0.0,0.0,0.0
p_3024,t3_31n763,t1_cq339uk,t1_cq33n1j,0.0,0.0,0.0
p_3026,t3_31m7ag,t1_cq2w03g,t1_cq2v22k,0.0,0.0,0.0
p_3027,t3_31kfkt,t1_cq2ethi,t1_cq38ca1,0.0,0.0,0.0
p_3028,t3_31kfkt,t1_cq2m1cu,t1_cq2q8ub,0.0,0.0,0.0
p_3029,t3_31kfkt,t1_cq2iwml,t1_cq2xd07,0.0,0.0,0.0
p_3031,t3_31j4y8,t1_cq2dy2t,t1_cq2seqm,0.0,0.0,0.0
p_3032,t3_31iyzr,t1_cq20phi,t1_cq241hx,0.0,,
p_3033,t3_31iyzr,t1_cq2hqkc,t1_cq2ggm1,0.0,0.0,0.0
p_3034,t3_31extq,t1_cq0xwpm,t1_cq0zj18,0.0,0.0,0.0
p_3036,t3_319lcf,t1_cpzoe1h,t1_cpzou3x,0.0,0.0,0.0
p_3038,t3_317c4q,t1_cpz4dkk,t1_cq08xc2,0.0,0.0,0.0
p_3039,t3_316t8m,t1_cpz81dp,t1_cpz1tm8,0.0,0.0,0.0
p_3043,t3_30zgez,t1_cpx91x7,t1_cpx8d30,0.0,0.0,0.0
p_3046,t3_30uf3s,t1_cpvyas0,t1_cpvxc6j,0.0,0.0,0.0
p_3047,t3_30rmk0,t1_cpv7mht,t1_cpv6fnx,0.0,0.0,0.0
p_3048,t3_30rk8b,t1_cpv5sfc,t1_cpvae5t,0.0,0.0,0.0
p_3051,t3_30plxu,t1_cpumi9h,t1_cpv3rnn,0.0,0.0,0.0
p_3052,t3_30plxu,t1_cpusr84,t1_cpvc5cu,0.0,0.0,0.0
p_3053,t3_30piom,t1_cpuvrbx,t1_cpuk6e9,0.0,0.0,0.0
p_3054,t3_30piom,t1_cpukcf7,t1_cpuk6e9,0.0,0.0,0.0
p_3055,t3_30oi71,t1_cpudcxf,t1_cpuhqza,0.0,0.0,0.0
p_3056,t3_30oi71,t1_cpudthh,t1_cpuin82,0.0,0.0,0.0
p_3057,t3_30oi71,t1_cpufpbf,t1_cpuh9jr,0.0,0.0,0.0
p_3058,t3_30oi71,t1_cpumucv,t1_cpubj6z,0.0,0.0,0.0
p_3059,t3_30nwta,t1_cpu5jus,t1_cpufh76,0.010638297872340425,0.0,0.010638297872340425
p_3060,t3_30lwfn,t1_cptlz3s,t1_cpu097g,0.0,0.0,0.0
p_3061,t3_30kxn3,t1_cptgjwa,t1_cptkn0r,0.0,0.0,0.0
p_3062,t3_30kxn3,t1_cpud2ds,t1_cpuj9yz,0.0,0.0,0.0
p_3064,t3_30ikr2,t1_cpssgy6,t1_cpstqu7,0.0,0.0,0.0
p_3066,t3_30ijtn,t1_cpsuz6r,t1_cptjxj0,0.0,0.0,0.0
p_3067,t3_30ijtn,t1_cpsvg1e,t1_cpt2lkh,0.0,0.0,0.0
p_3069,t3_30ieon,t1_cpspikm,t1_cpspmsa,0.0,0.0,0.0
p_3070,t3_30ieon,t1_cpsqhcv,t1_cpsr9x0,0.0,0.0,0.0
p_3071,t3_30ieon,t1_cpsq3bq,t1_cpsptk3,0.0,0.0,0.0
p_3072,t3_30ieon,t1_cpssq8c,t1_cpsr9x0,0.0,0.0,0.0
p_3073,t3_30ieh0,t1_cpss8ht,t1_cpsq8hn,0.0,0.0,0.0
p_3074,t3_30dwuy,t1_cprwysn,t1_cprwrn8,0.0,0.0,0.0
p_3075,t3_30dwuy,t1_cprim4b,t1_cpris3v,0.0,0.0,0.0
p_3076,t3_30dwuy,t1_cps4x4a,t1_cprittq,0.0,0.0,0.0
p_3077,t3_30dn4s,t1_cpri1a1,t1_cprghef,0.0,0.0,0.0
p_3078,t3_30dc3y,t1_cpreini,t1_cprdlqm,0.0,0.0,0.0
p_3079,t3_30dc3y,t1_cprho0c,t1_cprczq0,0.0,0.0,0.0
p_3080,t3_30bmbr,t1_cpqwrqy,t1_cpqwt64,0.006329113924050633,0.0,0.006329113924050633
p_3081,t3_30bmbr,t1_cpqx53s,t1_cpsdnqv,0.0,0.0,0.0
p_3082,t3_30bmbr,t1_cpr9rhs,t1_cpr0he2,0.0,0.0,0.0
p_3083,t3_30bmbr,t1_cprfcjr,t1_cpr0he2,0.0,0.0,0.0
p_3084,t3_30bmbr,t1_cpqx6q7,t1_cpr0he2,0.0,0.0,0.0
p_3085,t3_30bmbr,t1_cpqxz84,t1_cpr0he2,0.0,0.0,0.0
p_3086,t3_30bmbr,t1_cpqwxxi,t1_cpr0he2,0.003676470588235294,0.0,0.003676470588235294
p_3087,t3_30addl,t1_cpqlm0n,t1_cpqmxt8,0.0,0.0,0.0
p_3088,t3_30abxj,t1_cpql1jr,t1_cpqkw2q,0.0,0.0,0.0
p_3089,t3_30a5zk,t1_cpqjney,t1_cpqkg7f,0.0,0.0,0.0
p_3090,t3_309gc1,t1_cpr1ni1,t1_cpqcrp3,0.0,0.0,0.0
p_3091,t3_309bvo,t1_cpqqtlm,t1_cpqbaln,0.0,0.0,0.0
p_3093,t3_306owt,t1_cppof4n,t1_cpq6ae3,0.0,0.0,0.0
p_3094,t3_306o9o,t1_cpq1gb9,t1_cpqt20q,0.007462686567164179,0.013157894736842105,-0.005695208169677926
p_3095,t3_306jm9,t1_cppkm2t,t1_cppkw7s,0.0,0.0,0.0
p_3096,t3_306b19,t1_cppjkxe,t1_cppv03t,0.0,0.0036496350364963502,-0.0036496350364963502
p_3097,t3_306b19,t1_cppt43v,t1_cppiyoy,0.0,0.0,0.0
p_3098,t3_305ejo,t1_cppptb8,t1_cppbmsd,0.0,0.0,0.0
p_3099,t3_304vk8,t1_cpp4467,t1_cpp4mqn,0.0,0.002702702702702703,-0.002702702702702703
p_3100,t3_304vk8,t1_cpp57rx,t1_cpp6nth,0.0,0.0,0.0
p_3102,t3_304vk8,t1_cpp5fv2,t1_cppe5uc,0.0,0.0,0.0
p_3104,t3_304nx9,t1_cpp3be4,t1_cppcie7,0.0,0.0,0.0
p_3105,t3_302atl,t1_cponldu,t1_cpogvf1,0.0,0.0,0.0
p_3106,t3_302atl,t1_cpom4hm,t1_cpoj5rs,0.0,0.010752688172043012,-0.010752688172043012
p_3107,t3_301n6h,t1_cpolqex,t1_cpoikva,0.001941747572815534,0.0,0.001941747572815534
p_3108,t3_301aim,t1_cpo9ccq,t1_cpoaljq,0.0,0.0,0.0
p_3109,t3_300pmw,t1_cpo5gbr,t1_cpo0aso,0.0,0.0,0.0
p_3110,t3_30059g,t1_cpo18q6,t1_cpo1wjy,0.0027624309392265192,0.0,0.0027624309392265192
p_3111,t3_30059g,t1_cpo9jne,t1_cppa1ar,0.0,0.0,0.0
p_3113,t3_3002wd,t1_cpnx795,t1_cpo9jc4,0.0,0.0,0.0
p_3115,t3_2zxa1c,t1_cpn5f5x,t1_cpn5ksl,0.0,0.0,0.0
p_3117,t3_2zwjql,t1_cpmyqyw,t1_cpmyrsa,0.0,0.0,0.0
p_3118,t3_2zpo9g,t1_cpl6qj2,t1_cplbwrd,0.0,0.0,0.0
p_3122,t3_2zpo9g,t1_cpl8ybn,t1_cpl4rwr,0.0,0.0,0.0
p_3123,t3_2zpo9g,t1_cplrjw9,t1_cpl4rwr,0.0,0.0,0.0
p_3119,t3_2zpo9g,t1_cpl854i,t1_cpl7tlw,0.0,0.007042253521126761,-0.007042253521126761
p_3121,t3_2zpo9g,t1_cpl8iis,t1_cplq1xf,0.0036968576709796672,0.0,0.0036968576709796672
p_3124,t3_2zp1g2,t1_cpkyv4o,t1_cpl0p62,0.0,0.0,0.0
p_3125,t3_2zow2m,t1_cpl22pp,t1_cpkxsis,0.0,0.0013386880856760374,-0.0013386880856760374
p_3126,t3_2znn1r,t1_cpkp3j2,t1_cpkoqed,0.0,0.0,0.0
p_3127,t3_2zlzlv,t1_cpk8hwi,t1_cpk6a3p,0.0,0.0,0.0
p_3128,t3_2zlzlv,t1_cpk93ep,t1_cpk6a3p,0.0,0.0,0.0
p_3129,t3_2zkscb,t1_cpjt71i,t1_cpjth0r,0.03636363636363636,0.0,0.03636363636363636
p_3130,t3_2zke3b,t1_cpjq913,t1_cpktfa4,0.0,0.0,0.0
p_3131,t3_2zj7ra,t1_cpjeo7s,t1_cpjezx4,0.0,0.0,0.0
p_3132,t3_2zivuy,t1_cpjd5bs,t1_cpjkvlu,0.0,0.0,0.0
p_3135,t3_2ziiud,t1_cpjgxr8,t1_cpjahut,0.0,0.0,0.0
p_3138,t3_2zi3o2,t1_cpj9uww,t1_cpj94l8,0.004347826086956522,0.0017543859649122807,0.002593440122044241
p_3139,t3_2zhhcc,t1_cpixs4l,t1_cpiyfa2,0.004629629629629629,0.009389671361502348,-0.004760041731872718
p_3141,t3_2zhhcc,t1_cpj0ejq,t1_cpiyco1,0.0049261083743842365,0.0,0.0049261083743842365
p_3140,t3_2zhhcc,t1_cpizz9m,t1_cpiyxlc,0.0,0.0,0.0
p_3143,t3_2zhaim,t1_cpix9ia,t1_cpivskg,0.0,0.0,0.0
p_3144,t3_2zgvgy,t1_cpissdd,t1_cpirsph,0.0,0.0,0.0
p_3145,t3_2zgowg,t1_cpiuav4,t1_cpiq1oq,0.0,0.0,0.0
p_3146,t3_2zgndx,t1_cpiqn17,t1_cpj5r70,0.0,0.0,0.0
p_3149,t3_2zgan1,t1_cpiqsg0,t1_cpimxfr,0.0,0.0,0.0
p_3150,t3_2zflih,t1_cpih4fg,t1_cpih5fr,0.005076142131979695,0.0,0.005076142131979695
p_3152,t3_2zejsa,t1_cpi6gay,t1_cpi6o6i,0.0,0.0,0.0
p_3154,t3_2zdsjs,t1_cpidnuu,t1_cphz7yi,0.005235602094240838,0.0,0.005235602094240838
p_3155,t3_2zdsjs,t1_cpiftnl,t1_cpi0g46,0.0,0.0,0.0
p_3156,t3_2zdhff,t1_cphy235,t1_cphw99k,0.004784688995215311,0.0,0.004784688995215311
p_3158,t3_2zaqct,t1_cph7lsp,t1_cph6x3y,0.0,0.0,0.0
p_3160,t3_2z2msj,t1_cpfd4uy,t1_cpf7g2a,0.0,0.003194888178913738,-0.003194888178913738
p_3161,t3_2z2e9y,t1_cpf2whk,t1_cpf8cro,0.010050251256281407,0.0,0.010050251256281407
p_3162,t3_2z1yoq,t1_cpezn48,t1_cpezlhg,0.0,0.0,0.0
p_3163,t3_2z1yoq,t1_cpf0qg3,t1_cpezlhg,0.0,0.0,0.0
p_3164,t3_2z0k1s,t1_cpeslkw,t1_cpeslxz,0.0,0.0,0.0
p_3167,t3_2ywkr1,t1_cpdxs52,t1_cpdmm80,0.0,0.0,0.0
p_3168,t3_2ytkfu,t1_cpcu8rh,t1_cpd1eku,0.0,0.0,0.0
p_3169,t3_2ytkfu,t1_cpctmwq,t1_cpcxopb,0.0,0.0,0.0
p_3170,t3_2yszp3,t1_cpcsn2z,t1_cpcuf7e,0.007425742574257425,0.0,0.007425742574257425
p_3171,t3_2yrv0y,t1_cpcgnrg,t1_cpced64,0.0,0.0,0.0
p_3172,t3_2yrv0y,t1_cpcjpjf,t1_cpced64,0.0,0.0,0.0
p_3174,t3_2yrv0y,t1_cpclzng,t1_cpced64,0.0,0.0,0.0
p_3173,t3_2yrv0y,t1_cpcjvrd,t1_cpcgmdh,0.0,0.0,0.0
p_3175,t3_2yrog1,t1_cpcgl5a,t1_cpch611,0.0,0.0,0.0
p_3177,t3_2yrgi3,t1_cpcaxrs,t1_cpcbda3,0.0,0.0,0.0
p_3178,t3_2yp08w,t1_cpblyoq,t1_cpbm3vx,0.0,0.0,0.0
p_3179,t3_2yowak,t1_cpbktny,t1_cpbk5kw,0.0,0.0,0.0
p_3181,t3_2yo9nm,t1_cpbgpkf,t1_cpbjpt4,0.0,0.0,0.0
p_3182,t3_2yo9k1,t1_cpbhs8l,t1_cpberxa,0.008075370121130552,0.0,0.008075370121130552
p_3184,t3_2ymgjr,t1_cpax7jo,t1_cpax3xp,0.0,0.0,0.0
p_3186,t3_2ylpc2,t1_cparq20,t1_cpbnfyg,0.0,0.0,0.0
p_3187,t3_2ylpc2,t1_cpb3atq,t1_cpb6ctl,0.01646090534979424,0.0,0.01646090534979424
p_3188,t3_2ylpc2,t1_cpbibr5,t1_cpas8xx,0.0,0.0,0.0
p_3190,t3_2yjfmh,t1_cpa36dq,t1_cpa3an8,0.0,0.0,0.0
p_3191,t3_2yiq39,t1_cpa9xce,t1_cpa631o,0.02336448598130841,0.0,0.02336448598130841
p_3192,t3_2yf7qq,t1_cp99lvc,t1_cp93f2r,0.0,0.0,0.0
p_3193,t3_2yd5o8,t1_cp8vpwz,t1_cp958ck,0.0,0.0,0.0
p_3195,t3_2ybbix,t1_cp82nwy,t1_cp82f52,0.0,0.0,0.0
p_3197,t3_2y7emy,t1_cp7dtp8,t1_cp6zfsl,0.0,0.0,0.0
p_3198,t3_2y3ey0,t1_cp602x0,t1_cp5xnrf,0.0,0.0,0.0
p_3200,t3_2y2x3h,t1_cp7ahf4,t1_cp5u0ky,0.0,0.0,0.0
p_3202,t3_2y1qef,t1_cp5gz36,t1_cp5f7p9,0.0,0.0,0.0
p_3203,t3_2y1qef,t1_cp5grqp,t1_cp5h19u,0.0,0.0,0.0
p_3206,t3_2xucsd,t1_cp3kg1w,t1_cp40o0d,0.0,0.0,0.0
p_3209,t3_2xrgw2,t1_cp37nug,t1_cp2vkvv,0.0,0.0,0.0
p_3210,t3_2xrgw2,t1_cp37f33,t1_cp2xn1u,0.0,0.0,0.0
p_3213,t3_2xmiyf,t1_cp1j8w5,t1_cp1iumq,0.0,0.0,0.0
p_3214,t3_2xmiyf,t1_cp1jnin,t1_cp1g0ku,0.0,0.0,0.0
p_3215,t3_2xlisq,t1_cp1abkg,t1_cp1754z,0.0,0.0,0.0
p_3216,t3_2xl4rw,t1_cp15lwr,t1_cp11sf7,0.0,0.0,0.0
p_3218,t3_2xi4wd,t1_cp0ef5z,t1_cp0slmn,0.0,0.0,0.0
p_3219,t3_2xi4wd,t1_cp0fl3c,t1_cp0bc52,0.0,0.0,0.0
p_3220,t3_2xi4wd,t1_cp0t5wj,t1_cp0kyaf,0.0,0.0,0.0
p_3222,t3_2xhx6v,t1_cp0bt5j,t1_cp08ljs,0.0,0.0,0.0
p_3224,t3_2xdq2l,t1_coz8sbl,t1_coz76r3,0.0,0.0,0.0
p_3230,t3_2x8z4g,t1_coxy4hg,t1_coxyxff,0.0,0.0,0.0
p_3231,t3_2x8z4g,t1_coy04h5,t1_coy2j1k,0.0,0.0,0.0
p_3232,t3_2x8d5x,t1_coxvk7s,t1_coxt9pp,0.0049261083743842365,0.0,0.0049261083743842365
p_3233,t3_2x854p,t1_coxwtm2,t1_coy1knj,0.0,0.0,0.0
p_3234,t3_2x854p,t1_coxtndh,t1_coy1knj,0.0,0.0,0.0
p_3235,t3_2x5tun,t1_coxelmy,t1_coxhqfc,0.0,0.0,0.0
p_3241,t3_2x3mqe,t1_cown511,t1_cox3bqe,0.0,0.0,0.0
p_3244,t3_2wzag2,t1_covh1ws,t1_covh7lg,0.0,0.0,0.0
p_3245,t3_2wwm6s,t1_cousnad,t1_couzrzu,0.0,0.0,0.0
p_3246,t3_2wwm6s,t1_cov25ri,t1_couwhek,0.0023584905660377358,0.0,0.0023584905660377358
p_3247,t3_2wwm6s,t1_covr47l,t1_covi6v6,0.0,0.0,0.0
p_3248,t3_2ww2gf,t1_coumecu,t1_coupssh,0.0,0.0,0.0
p_3249,t3_2ww2gf,t1_coumzr3,t1_coun5bz,0.006024096385542169,0.0,0.006024096385542169
p_3250,t3_2ww2gf,t1_coupfz0,t1_counjd7,0.0,0.0,0.0
p_3252,t3_2wtckq,t1_cotyhdv,t1_cotxl7k,0.0,0.0,0.0
p_3253,t3_2wtckq,t1_coty9wt,t1_cotxl7k,0.0,0.0,0.0
p_3251,t3_2wtckq,t1_coty7wj,t1_cotxl7k,0.0,0.0,0.0
p_3256,t3_2wspy2,t1_cots6nh,t1_cotul63,0.0,0.0,0.0
p_3257,t3_2wspy2,t1_cotrm84,t1_cou6ocd,0.0,0.0,0.0
p_3258,t3_2wspy2,t1_cotslxs,t1_cotul63,0.003389830508474576,0.0,0.003389830508474576
p_3259,t3_2wspy2,t1_cou8if8,t1_cottxbc,0.0,0.0,0.0
p_3262,t3_2wl741,t1_cos0ngi,t1_corvz2b,0.0,0.0,0.0
p_3263,t3_2wj2qe,t1_corgf7j,t1_corcu44,0.0,0.0,0.0
p_3265,t3_2wgq7w,t1_coqolb4,t1_coqta6c,0.0024691358024691358,0.0020242914979757085,0.00044484430449342723
p_3266,t3_2wfe25,t1_coqawpy,t1_coqc7s9,0.0,0.0,0.0
p_3267,t3_2wf11t,t1_coq7vrq,t1_coq82am,0.0,0.0,0.0
p_3268,t3_2wf11t,t1_corlylz,t1_coq82am,0.0,0.0,0.0
p_3270,t3_2wcx6l,t1_copog5z,t1_copo9fg,0.0,0.0,0.0
p_3271,t3_2wcx6l,t1_copowc4,t1_copoa4v,0.0,0.0,0.0
p_3272,t3_2wcx6l,t1_copq0ro,t1_copo9fg,0.0,0.0,0.0
p_3273,t3_2wc5yt,t1_copid03,t1_copia1s,0.0,0.0,0.0
p_3274,t3_2wb845,t1_copm7s7,t1_copoz9h,0.0,0.0,0.0
p_3275,t3_2w73vi,t1_coo9czm,t1_coo5eto,0.0,0.0,0.0
p_3276,t3_2w5ycw,t1_conwntb,t1_coo1wjv,0.0,0.0,0.0
p_3279,t3_2w51ti,t1_conqpc0,t1_conu1n5,0.0,0.0,0.0
p_3282,t3_2w4u2j,t1_conpvd6,t1_coo2owl,0.008620689655172414,0.0,0.008620689655172414
p_3283,t3_2w4etw,t1_conlvbr,t1_conk598,0.0,0.0,0.0
p_3284,t3_2w4e2u,t1_conpgz6,t1_conybza,0.0,0.0,0.0
p_3285,t3_2w0xan,t1_comot8c,t1_comm43e,0.0,0.0,0.0
p_3287,t3_2vzx7m,t1_comdev9,t1_comd7eb,0.0024154589371980675,0.0,0.0024154589371980675
p_3288,t3_2vxtol,t1_colviyq,t1_com0vy0,0.0,0.002638522427440633,-0.002638522427440633
p_3289,t3_2vxd18,t1_com8usv,t1_colq917,0.0,0.0,0.0
p_3290,t3_2vxd18,t1_colwsdb,t1_colrkuv,0.0,0.0,0.0
p_3291,t3_2vwn9m,t1_colkgfu,t1_coljf0b,0.0,0.0,0.0
p_3295,t3_2vtswv,t1_cokxnxq,t1_cokvvwj,0.0,0.0,0.0
p_3299,t3_2vnyz6,t1_cojodl0,t1_cojlnsv,0.0,0.0,0.0
p_3300,t3_2vmfvq,t1_coj80q1,t1_coj81nh,0.0,0.0,0.0
p_3301,t3_2vks7u,t1_coilce0,t1_coijwtu,0.0,0.0,0.0
p_3303,t3_2vks7u,t1_coitx3o,t1_coin5gm,0.0,0.0,0.0
p_3304,t3_2vks7u,t1_cojb022,t1_coiskjc,0.0,0.0,0.0
p_3305,t3_2vhhar,t1_cohoh2a,t1_cohtbiq,0.0,0.0,0.0
p_3307,t3_2vhgab,t1_cohtk17,t1_cohodzj,0.0,0.0,0.0
p_3308,t3_2vgfjl,t1_cohjcql,t1_cohe4zu,0.0,0.0,0.0
p_3309,t3_2vfdjb,t1_coh87xk,t1_coihv1q,0.0,0.0,0.0
p_3310,t3_2vcz0j,t1_cogkf1c,t1_cogkxsx,0.004405286343612335,0.0,0.004405286343612335
p_3311,t3_2vc9nj,t1_cogd61z,t1_cogex21,0.0,0.0,0.0
p_3312,t3_2vb7n1,t1_cog7zan,t1_cojqi77,0.0,0.0,0.0
p_3313,t3_2vayhb,t1_cog0004,t1_cog18c4,0.0,0.0,0.0
p_3317,t3_2v54ba,t1_coeixh4,t1_coemcyd,0.0,0.0,0.0
p_3320,t3_2v54ba,t1_coeiwgf,t1_coeno30,0.0,0.0,0.0
p_3321,t3_2v4vs4,t1_coeisbz,t1_coenx4c,0.0,0.0,0.0
p_3322,t3_2v3dbt,t1_coeuya9,t1_coe54na,0.0,0.0,0.0
p_3323,t3_2v3b2v,t1_coe2hj4,t1_coe3kad,0.0,0.0,0.0
p_3324,t3_2v3b2v,t1_coe3dx6,t1_coe41ib,0.0,0.0,0.0
p_3326,t3_2uzgtq,t1_coda73s,t1_codi9w9,0.0223463687150838,0.0,0.0223463687150838
p_3327,t3_2uyf2j,t1_cocy4sv,t1_cocts31,0.0,0.0,0.0
p_3328,t3_2uyc2l,t1_codgr1k,t1_cod6jiu,0.0,0.0,0.0
p_3330,t3_2uudze,t1_cobt14z,t1_cobzyv2,0.0,0.0,0.0
p_3331,t3_2utwnf,t1_cobnk6q,t1_cobujy3,0.0,0.0,0.0
p_3335,t3_2uocbs,t1_coa6e3k,t1_coa6g1k,0.003289473684210526,0.0,0.003289473684210526
p_3339,t3_2unn7n,t1_coa4d4b,t1_co9zgj7,0.0,0.0,0.0
p_3341,t3_2unkg9,t1_co9z0gg,t1_coa3lkt,0.0,0.0,0.0
p_3342,t3_2unkg9,t1_coadcvv,t1_coaqczi,0.0,0.0,0.0
p_3343,t3_2unhtm,t1_coaivyc,t1_coajh6t,0.0,0.0,0.0
p_3344,t3_2umw9b,t1_co9t3iu,t1_co9sw89,0.0,0.0,0.0
p_3345,t3_2umw9b,t1_coa4zj9,t1_co9sudq,0.01282051282051282,0.0,0.01282051282051282
p_3346,t3_2ul1df,t1_co9kcnl,t1_co9c0rj,0.0,0.0,0.0
p_3347,t3_2uk6fx,t1_co94y3l,t1_co9o182,0.0,0.005154639175257732,-0.005154639175257732
p_3348,t3_2uk6fx,t1_co9423q,t1_co98hm4,0.0,0.0,0.0
p_3349,t3_2ujo2u,t1_co9an3h,t1_co98y0r,0.0,0.0,0.0
p_3352,t3_2uj4yv,t1_co9ncgk,t1_co8y43y,0.0,0.0,0.0
p_3353,t3_2uiin1,t1_co8sei3,t1_co8ond6,0.0,0.0,0.0
p_3354,t3_2uid44,t1_co8o0es,t1_co8s8kd,0.0,0.0,0.0
p_3358,t3_2ug2wi,t1_co82vuw,t1_co834w1,0.0,0.0,0.0
p_3360,t3_2ucr50,t1_co7790p,t1_co77bgv,0.0,0.0,0.0
p_3362,t3_2ubt5m,t1_co75rce,t1_co70e85,0.0,0.0,0.0
p_3363,t3_2ubl1z,t1_co6xfgb,t1_co70me4,0.0,0.0,0.0
p_3364,t3_2ubbe0,t1_co73l5g,t1_co6tosu,0.0,0.0,0.0
p_3367,t3_2u8qcj,t1_co67jc2,t1_co670vd,0.0,0.0,0.0
p_3368,t3_2u8hi5,t1_co65nrh,t1_co69ood,0.004329004329004329,0.0014347202295552368,0.002894284099449092
p_3369,t3_2u7z7v,t1_co5yytr,t1_co63mr3,0.0,0.0,0.0
p_3371,t3_2u7i4q,t1_co62evd,t1_co5xcqu,0.0,0.0,0.0
p_3374,t3_2u460b,t1_co4yacj,t1_co5wbvc,0.0,0.0,0.0
p_3376,t3_2u2fpm,t1_co4ivor,t1_co4n7du,0.0,0.0,0.0
p_3377,t3_2u2fpm,t1_co4qgkz,t1_co4iks0,0.0,0.0,0.0
p_3378,t3_2u1s4k,t1_co4efyx,t1_co5t3kb,0.0,0.0,0.0
p_3379,t3_2tz5od,t1_co3mhs2,t1_co3mqwu,0.0,0.0,0.0
p_3381,t3_2txwe7,t1_co3hzuu,t1_co3b93t,0.0,0.0,0.0
p_3384,t3_2tquws,t1_co1i3vy,t1_co1iyez,0.0,0.0,0.0
p_3385,t3_2tpl0x,t1_co1i4k5,t1_co16br0,0.0,0.0,0.0
p_3387,t3_2tn8qu,t1_co0jf5s,t1_co11da9,0.0027816411682892906,0.0,0.0027816411682892906
p_3389,t3_2tlyzs,t1_co0mpip,t1_co0gu67,0.0,0.0,0.0
p_3388,t3_2tlyzs,t1_co15kpv,t1_co0httm,0.0,0.0,0.0
p_3390,t3_2tj4pv,t1_cnzy3ou,t1_cnzjggb,0.0,0.0,0.0
p_3391,t3_2tiipu,t1_cnzc4fs,t1_cnzca9l,0.0,0.0,0.0
p_3392,t3_2tf0y4,t1_cnz5c7v,t1_cnz2826,0.0,0.0,0.0
p_3393,t3_2teulf,t1_cnyf7vq,t1_cnyyfu0,0.0,0.0,0.0
p_3394,t3_2tet25,t1_cnye2j4,t1_cnydh7a,0.0,0.0,0.0
p_3395,t3_2tet25,t1_cnyfwsr,t1_cnygkjb,0.0,0.0,0.0
p_3397,t3_2tekkp,t1_cnyd3k9,t1_cnzrdgm,0.0,0.0,0.0
p_3398,t3_2td8d4,t1_cny8efd,t1_cny3yi2,0.0,0.0,0.0
p_3399,t3_2tct9j,t1_cny4adc,t1_cnxvd59,0.0,0.0030211480362537764,-0.0030211480362537764
p_3400,t3_2tct9j,t1_cny4b3k,t1_cnxvd59,0.0,0.0030211480362537764,-0.0030211480362537764
p_3402,t3_2t6ote,t1_cnw8hwh,t1_cnwnwz0,0.0032258064516129032,0.0,0.0032258064516129032
p_3403,t3_2t6ote,t1_cnwehlh,t1_cnw9vyp,0.0,0.0,0.0
p_3404,t3_2t5d0k,t1_cnw2fgz,t1_cnw6d8q,0.0,0.0,0.0
p_3405,t3_2t5d0k,t1_cnw7mj4,t1_cnw9ce5,0.0,0.0,0.0
p_3406,t3_2t26nx,t1_cnv8j11,t1_cnvag08,0.0,0.0,0.0
p_3407,t3_2sy7r5,t1_cnu0c1p,t1_cnubeuy,0.0,0.0,0.0
p_3409,t3_2su8e2,t1_cnsz4kn,t1_cnsx5ru,0.0,0.0,0.0
p_3411,t3_2su8e2,t1_cnt1y8t,t1_cntdr6s,0.0,0.0,0.0
p_3412,t3_2su8e2,t1_cnt845z,t1_cnt8tg7,0.0,0.0,0.0
p_3413,t3_2su8e2,t1_cnsxgsn,t1_cntprhw,0.0,0.0,0.0
p_3414,t3_2su8e2,t1_cnsxse0,t1_cnsz1rt,0.0,0.0,0.0
p_3415,t3_2su8e2,t1_cnunryh,t1_cnsyy4i,0.0,0.0,0.0
p_3416,t3_2su8e2,t1_cnt3umh,t1_cnsyin0,0.0,0.0,0.0
p_3417,t3_2su8e2,t1_cnte5ku,t1_cnt3fdn,0.0,0.0,0.0
p_3419,t3_2su8e2,t1_cntbdmc,t1_cnsyin0,0.0,0.0,0.0
p_3421,t3_2su8e2,t1_cnt9axw,t1_cnt2iz3,0.0,0.0,0.0
p_3422,t3_2su8e2,t1_cnt85u7,t1_cntf8xd,0.0,0.0,0.0
p_3423,t3_2su8e2,t1_cntdvgn,t1_cnsyin0,0.0,0.0,0.0
p_3424,t3_2su8e2,t1_cnt1ycn,t1_cnt2h0f,0.0,0.0,0.0
p_3425,t3_2su8e2,t1_cnt4b86,t1_cnsyin0,0.0,0.0,0.0
p_3426,t3_2su6pz,t1_cnsuxnr,t1_cntesru,0.012048192771084338,0.0,0.012048192771084338
p_3427,t3_2su6pz,t1_cnsv16y,t1_cnt8h1t,0.0,0.0,0.0
p_3428,t3_2stah2,t1_cnsnfp3,t1_cnso055,0.0,0.0,0.0
p_3429,t3_2sqh6c,t1_cnsh391,t1_cns23nc,0.0,0.0,0.0
p_3432,t3_2sjck6,t1_cnq11eh,t1_cnq7kou,0.0,0.0,0.0
p_3433,t3_2siye9,t1_cnpvesh,t1_cnpw7ts,0.0,0.0,0.0
p_3435,t3_2sf2we,t1_cnp48f2,t1_cnp29jv,0.0,0.0,0.0
p_3437,t3_2sbnxo,t1_cno05ek,t1_cnnz3ot,0.0,0.0,0.0
p_3438,t3_2sagug,t1_cnnmwvw,t1_cno8oxd,0.0,0.0,0.0
p_3439,t3_2s8qu4,t1_cnn8scl,t1_cnn8yko,0.0,0.0,0.0
p_3441,t3_2s3ey4,t1_cnlta5w,t1_cnn50va,0.0,0.0,0.0
p_3442,t3_2s38n0,t1_cnltsuz,t1_cnm8elm,0.005154639175257732,0.0,0.005154639175257732
p_3443,t3_2s311o,t1_cnlr4r5,t1_cnlpavt,0.0,0.0,0.0
p_3445,t3_2s0mca,t1_cnlmsyb,t1_cnl4rwb,0.0,0.0,0.0
p_3446,t3_2s04yv,t1_cnl68x9,t1_cnldfng,0.0,0.0,0.0
p_3447,t3_2ryflh,t1_cnknvgl,t1_cnknbq4,0.0,0.0,0.0
p_3449,t3_2rtxcw,t1_cnjo1jr,t1_cnj9t8c,0.0,0.0,0.0
p_3450,t3_2rtxcw,t1_cnjlno1,t1_cnj9t8c,0.0,0.0,0.0
p_3451,t3_2rspje,t1_cnizgmn,t1_cnj8tea,0.0,0.0,0.0
p_3452,t3_2rsgv3,t1_cniw4jr,t1_cniu655,0.0,0.0,0.0
p_3454,t3_2rs57a,t1_cnjiwww,t1_cnjrwds,0.0,0.0,0.0
p_3455,t3_2rqvf8,t1_cnii75i,t1_cnijhp3,0.0,0.0,0.0
p_3457,t3_3j8yfq,t1_cundk5r,t1_cunbl8g,0.005434782608695652,0.0,0.005434782608695652
p_3458,t3_3j8yfq,t1_cunbkbz,t1_cuncrke,0.0,0.0,0.0
p_3461,t3_3j5b7g,t1_cumhf65,t1_cumi9vr,0.0,0.0,0.0
p_3462,t3_3j4xz5,t1_cumcunp,t1_cun4urq,0.0,0.0,0.0
p_3463,t3_3j4xz5,t1_cumbp9z,t1_cun012v,0.0,0.0,0.0
p_3465,t3_3j348p,t1_culv71v,t1_cum06j5,0.0196078431372549,0.0,0.0196078431372549
p_3466,t3_3j2zal,t1_cult31h,t1_culspcu,0.0,0.006289308176100629,-0.006289308176100629
p_3469,t3_3izsdq,t1_culv1a1,t1_cul3ok3,0.0,0.0,0.0
p_3472,t3_3iz617,t1_cul2p8q,t1_culbyou,0.0,0.002770083102493075,-0.002770083102493075
p_3473,t3_3iynfo,t1_culekhe,t1_cul3cub,0.0,0.0,0.0
p_3474,t3_3iymmk,t1_cukv841,t1_cukv8bl,0.0,0.0,0.0
p_3475,t3_3iymd6,t1_cukus68,t1_cuktt0z,0.0,0.0,0.0
p_3476,t3_3iymd6,t1_cukvhtm,t1_cuktt0z,0.004032258064516129,0.0,0.004032258064516129
p_3479,t3_3ixtu4,t1_cukm93p,t1_cuklqh9,0.0,0.0,0.0
p_3480,t3_3ixtu4,t1_cukmf21,t1_cukm0pr,0.0,0.0,0.0
p_3483,t3_3isviu,t1_cujohec,t1_cujcyeh,0.0,0.0,0.0
p_3484,t3_3isviu,t1_cujddsn,t1_cujfb9o,0.0,0.0,0.0
p_3485,t3_3irqrk,t1_cuk3web,t1_cuje0x7,0.0,0.0,0.0
p_3486,t3_3irqrk,t1_cujfvvz,t1_cujmo9h,0.0,0.004784688995215311,-0.004784688995215311
p_3487,t3_3irh3k,t1_cuj0bdo,t1_cuizlek,0.0,0.0,0.0
p_3488,t3_3iqu4d,t1_cuj1ozx,t1_cuiwucd,0.0,0.0,0.0
p_3489,t3_3iqty5,t1_cuj86a7,t1_cuj36j4,0.0,0.0,0.0
p_3490,t3_3iq6j0,t1_cuiy6h8,t1_cuj2qp1,0.0,0.0,0.0
p_3491,t3_3inybw,t1_cui3v06,t1_cuicq4r,0.0,0.0,0.0
p_3492,t3_3injsb,t1_cui5ld0,t1_cui565b,0.0,0.0,0.0
p_3495,t3_3ijsss,t1_cuh6kys,t1_cuhg7b8,0.0,0.0,0.0
p_3496,t3_3ijsss,t1_cuh4arm,t1_cuhg7b8,0.0,0.0,0.0
p_3500,t3_3iammm,t1_cues26b,t1_cueuwm5,0.0,0.0,0.0
p_3501,t3_3iammm,t1_cuete5w,t1_cuerzgs,0.0,0.0,0.0
p_3502,t3_3iammm,t1_cuew3c0,t1_cueu3av,0.0,0.0,0.0
p_3503,t3_3i9n2q,t1_cueircr,t1_cuenxor,0.0,0.0,0.0
p_3504,t3_3i9n2q,t1_cufiuhn,t1_cueyyfo,0.003076923076923077,0.0,0.003076923076923077
p_3505,t3_3i8nmh,t1_cue9cr1,t1_cuea24l,0.0,0.0,0.0
p_3507,t3_3i8834,t1_cue4ikv,t1_cue5fsj,0.0,0.005076142131979695,-0.005076142131979695
p_3508,t3_3i8834,t1_cue7on2,t1_cue83jy,0.0,0.03793103448275862,-0.03793103448275862
p_3513,t3_3i7k0u,t1_cue07hc,t1_cudypb4,0.0,0.0,0.0
p_3511,t3_3i7k0u,t1_cue31x0,t1_cue1sot,0.0,0.0,0.0
p_3512,t3_3i7k0u,t1_cue0k0p,t1_cue5g6f,0.0,0.006389776357827476,-0.006389776357827476
p_3514,t3_3i7k0u,t1_cuee0d9,t1_cudzumt,0.0,0.0,0.0
p_3516,t3_3i74qy,t1_cudw08r,t1_cudux0k,0.0,0.0,0.0
p_3517,t3_3i5x6k,t1_cudnqtj,t1_cue4n29,0.0,0.0,0.0
p_3519,t3_3i5a78,t1_cudjp1z,t1_cudst66,0.0,0.0,0.0
p_3521,t3_3i3wn7,t1_cud76ln,t1_cud3r2z,0.0,0.0,0.0
p_3523,t3_3i3vx9,t1_cud2a4g,t1_cud2qth,0.0,0.0,0.0
p_3522,t3_3i3vx9,t1_cud5nsy,t1_cud2qth,0.0,0.0,0.0
p_3524,t3_3i2plj,t1_cucv4aa,t1_cucxjt7,0.0045662100456621,0.0,0.0045662100456621
p_3525,t3_3i2plj,t1_cucthi0,t1_cuctx89,0.0,0.0,0.0
p_3526,t3_3i283w,t1_cud0fa0,t1_cucolyj,0.0,0.0,0.0
p_3527,t3_3i0b0w,t1_cuchpgk,t1_cuc59ef,0.0,0.0,0.0
p_3530,t3_3hsvl2,t1_cuad8r8,t1_cuaqsqb,0.0,0.0,0.0
p_3531,t3_3hrivr,t1_cua0vt2,t1_cu9xxve,0.0,0.0,0.0
p_3534,t3_3hpq7g,t1_cu9josn,t1_cu9k41i,0.0,0.0,0.0
p_3535,t3_3hpq7g,t1_cu9kipp,t1_cu9x1z9,0.0,0.0,0.0
p_3536,t3_3hosv2,t1_cu9at72,t1_cu9cml6,0.0,0.0,0.0
p_3537,t3_3hoq7p,t1_cu9k2tb,t1_cu9atrb,0.0,0.009900990099009901,-0.009900990099009901
p_3538,t3_3hmpv3,t1_cu8qdp9,t1_cu8pb7k,0.0,0.0,0.0
p_3539,t3_3hkh5j,t1_cu8ovlu,t1_cu8ovof,0.0,0.0,0.0
p_3541,t3_3hh46c,t1_cu7c27f,t1_cu7c1z2,0.0,0.0,0.0
p_3543,t3_3hgl6d,t1_cu7ehx8,t1_cu79azc,0.0,0.00823045267489712,-0.00823045267489712
p_3542,t3_3hgl6d,t1_cu7d0px,t1_cu7azy6,0.0,0.0,0.0
p_3544,t3_3hg6gk,t1_cu72vgj,t1_cu7213o,0.0,0.0,0.0
p_3546,t3_3hfjxc,t1_cu6z830,t1_cu71g18,0.0,0.0,0.0
p_3547,t3_3hfioz,t1_cuc0fou,t1_cu7ifcw,0.0,0.0,0.0
p_3548,t3_3hel60,t1_cu6qm9g,t1_cu6prd9,0.0,0.0,0.0
p_3552,t3_3hdp4a,t1_cu6jlng,t1_cu6jn61,0.0,0.0,0.0
p_3555,t3_3hcpmz,t1_cu6c4si,t1_cu6f8lz,0.0,0.0017421602787456446,-0.0017421602787456446
p_3556,t3_3hcfg2,t1_cu65tgy,t1_cu65kqn,0.0,0.005747126436781609,-0.005747126436781609
p_3557,t3_3hcfg2,t1_cu65sqs,t1_cu65hi9,0.014184397163120567,0.0,0.014184397163120567
p_3558,t3_3hcfg2,t1_cu68tq4,t1_cu65vdo,0.0,0.008620689655172414,-0.008620689655172414
p_3560,t3_3h8y7m,t1_cu5ao33,t1_cu5bjz7,0.0,0.0,0.0
p_3563,t3_3h69kp,t1_cu5o71n,t1_cu4mp4v,0.0,0.0,0.0
p_3566,t3_3h1dud,t1_cu3e462,t1_cu3dhym,0.0,0.0,0.0
p_3568,t3_3h13pq,t1_cu3c98a,t1_cu3bnnc,0.012145748987854251,0.003257328990228013,0.008888419997626238
p_3569,t3_3h0s9a,t1_cu3bh3m,t1_cu383tr,0.0,0.0,0.0
p_3570,t3_3gz2bd,t1_cu2qwnu,t1_cu2zo0y,0.0,0.0,0.0
p_3571,t3_3gys03,t1_cu2q2lr,t1_cu2pmm6,0.0019455252918287938,0.0,0.0019455252918287938
p_3572,t3_3gw6np,t1_cu252mj,t1_cu20nky,0.0,0.0,0.0
p_3576,t3_3gri3k,t1_cu0uiw1,t1_cu0sztg,0.0,0.0,0.0
p_3577,t3_3gri3k,t1_cu0urd0,t1_cu0vpsk,0.0,0.0,0.0
p_3583,t3_3gp6g1,t1_cu0aq54,t1_cu08mnw,0.0,0.0,0.0
p_3582,t3_3gp6g1,t1_cu09x63,t1_cu08mnw,0.0,0.0,0.0
p_3585,t3_3gnc86,t1_ctzot2x,t1_ctzq8hf,0.0,0.0,0.0
p_3586,t3_3gincm,t1_ctyigsj,t1_ctyhn4v,0.005,0.007518796992481203,-0.0025187969924812025
p_3587,t3_3gincm,t1_ctyhn4x,t1_ctyinar,0.0,0.0,0.0
p_3589,t3_3ghl3t,t1_cty7tlm,t1_cty6dyx,0.0,0.0,0.0
p_3590,t3_3ghl3t,t1_cty9isx,t1_cty8sv7,0.0,0.0,0.0
p_3592,t3_3ggp32,t1_cty0r06,t1_cty0aec,0.0,0.0,0.0
p_3593,t3_3ggp32,t1_cty35gw,t1_cty0aec,0.0,0.0,0.0
p_3595,t3_3gec73,t1_ctxli3x,t1_ctxhga8,0.0,0.0,0.0
p_3596,t3_3ge5mc,t1_ctxb1ki,t1_ctxeqe8,0.0,0.0,0.0
p_3598,t3_3gdtg4,t1_ctylxuf,t1_ctxaqee,0.0,0.004098360655737705,-0.004098360655737705
p_3599,t3_3gdndp,t1_ctx5qis,t1_ctx98zl,0.0,0.0,0.0
p_3600,t3_3gdish,t1_ctx6te9,t1_ctx7vni,0.0,0.0,0.0
p_3601,t3_3gdibt,t1_ctx56mf,t1_ctx4od4,0.0,0.0,0.0
p_3602,t3_3gcrbs,t1_ctx0d41,t1_ctx24yu,0.0,0.0,0.0
p_3604,t3_3gbhud,t1_ctwlw6q,t1_ctwmyam,0.0,0.0,0.0
p_3605,t3_3gbhud,t1_ctwlm4k,t1_ctwv3j1,0.0,0.0,0.0
p_3606,t3_3gbhud,t1_ctwml50,t1_ctwlr8k,0.0,0.0,0.0
p_3607,t3_3gbhud,t1_ctwlqf1,t1_ctwlr8k,0.0,0.0,0.0
p_3608,t3_3gb6h1,t1_ctwso7w,t1_ctwnm4g,0.007722007722007722,0.0,0.007722007722007722
p_3609,t3_3gb461,t1_ctwjnpu,t1_ctwkc6d,0.0,0.0,0.0
p_3610,t3_3ga6xh,t1_ctwcf34,t1_ctw9u8c,0.0,0.0,0.0
p_3612,t3_3ga0yc,t1_ctwa3zr,t1_ctw8bfs,0.0,0.002793296089385475,-0.002793296089385475
p_3613,t3_3ga0yc,t1_ctwc8h0,t1_ctw824i,0.008064516129032258,0.0,0.008064516129032258
p_3614,t3_3ga0yc,t1_ctwe0ok,t1_ctw8bfs,0.002976190476190476,0.002793296089385475,0.00018289438680500108
p_3615,t3_3g9no7,t1_ctw54al,t1_ctw52em,0.0,0.0,0.0
p_3616,t3_3g93j6,t1_ctw0e9h,t1_ctw6elj,0.0,0.0,0.0
p_3617,t3_3g8r7o,t1_ctvx3y3,t1_ctwc690,0.0,0.0,0.0
p_3622,t3_3g646u,t1_ctvb9vl,t1_ctvc59g,0.0,0.0,0.0
p_3623,t3_3g53av,t1_ctuxpb3,t1_ctvf9tq,0.0,0.0,0.0
p_3624,t3_3g51jj,t1_ctv0l5x,t1_ctvcg39,0.0,0.0,0.0
p_3625,t3_3g51jj,t1_ctv269f,t1_ctvcg39,0.0,0.0,0.0
p_3626,t3_3g51jj,t1_ctv3mds,t1_ctv9uzx,0.0,0.0,0.0
p_3630,t3_3g1pcd,t1_ctu19ea,t1_ctu17ql,0.0,0.0,0.0
p_3635,t3_3g1fhs,t1_cttyuge,t1_cttxvho,0.0,0.0,0.0
p_3633,t3_3g1fhs,t1_ctu95h3,t1_cttxvho,0.0,0.0,0.0
p_3636,t3_3g1fhs,t1_cttzgzr,t1_cttxvho,0.0,0.0,0.0
p_3632,t3_3g1fhs,t1_cttxzvr,t1_cttxvho,0.0,0.0,0.0
p_3631,t3_3g1fhs,t1_ctty06w,t1_cttxzi1,0.0,0.0,0.0
p_3637,t3_3g1bgv,t1_cttw7r4,t1_ctu593g,0.0,0.0,0.0
p_3640,t3_3g02ia,t1_cttuj7v,t1_cttrhlu,0.0,0.0,0.0
p_3642,t3_3fz5pa,t1_cttcblp,t1_cttc9b6,0.0,0.0,0.0
p_3644,t3_3fvhvp,t1_ctsbzuq,t1_ctsdw9m,0.0,0.0,0.0
p_3645,t3_3fvhjh,t1_ctscnii,t1_ctsbg6s,0.0,0.0,0.0
p_3646,t3_3fvhjh,t1_ctse486,t1_ctsbtva,0.0,0.003875968992248062,-0.003875968992248062
p_3647,t3_3fvhjh,t1_ctsbifp,t1_ctsvne2,0.0,0.0,0.0
p_3648,t3_3fvhjh,t1_ctsc6ss,t1_ctsbtva,0.0,0.003875968992248062,-0.003875968992248062
p_3649,t3_3fveyg,t1_ctsa8js,t1_cts9pfj,0.0,0.0,0.0
p_3650,t3_3fu1s8,t1_cts3fhv,t1_cts5hav,0.0,0.0,0.0
p_3651,t3_3fsgbp,t1_ctrisu9,t1_ctshlnm,0.0,0.0034602076124567475,-0.0034602076124567475
p_3652,t3_3fs1zm,t1_ctrhh5j,t1_ctrefi0,0.0,0.0,0.0
p_3653,t3_3frc1d,t1_ctr9vhi,t1_ctr7h2r,0.0,0.0,0.0
p_3655,t3_3fql48,t1_ctr20mq,t1_ctr0pwr,0.0,0.0,0.0
p_3656,t3_3fqb1z,t1_ctqze4g,t1_ctr0cf6,0.0,0.0,0.0
p_3658,t3_3fqb1z,t1_ctr0vi4,t1_ctr0cf6,0.0,0.0,0.0
p_3657,t3_3fqb1z,t1_ctr0caa,t1_ctr0cf6,0.0,0.0,0.0
p_3659,t3_3fpfyb,t1_ctqrhgh,t1_ctqsan9,0.0,0.0,0.0
p_3660,t3_3fp3n9,t1_ctqolc7,t1_ctqnhek,0.01282051282051282,0.0,0.01282051282051282
p_3661,t3_3fp2bi,t1_ctqnbaz,t1_ctqt3i2,0.0,0.0,0.0
p_3663,t3_3fnwpa,t1_ctqdqno,t1_ctqbvw6,0.0,0.0,0.0
p_3664,t3_3fnv5p,t1_ctqbrad,t1_ctqwxiu,0.0,0.0,0.0
p_3665,t3_3fnv5p,t1_ctqn9r7,t1_ctr22l4,0.0,0.0,0.0
p_3667,t3_3fnpby,t1_ctqb537,t1_ctqb5ui,0.0,0.0,0.0
p_3666,t3_3fnpby,t1_ctqa65w,t1_ctqb5ui,0.0,0.0,0.0
p_3669,t3_3fnkrz,t1_ctq8t3q,t1_ctq9oiz,0.0,0.0,0.0
p_3671,t3_3fnkrz,t1_ctqas8t,t1_ctq9ar9,0.0,0.0,0.0
p_3670,t3_3fnkrz,t1_ctq9o0e,t1_ctq9oiz,0.0,0.0,0.0
p_3672,t3_3fnkrz,t1_ctq9j16,t1_ctqa3ka,0.0,0.0,0.0
p_3675,t3_3fme5v,t1_ctpwnu7,t1_ctpy2fx,0.0,0.0,0.0
p_3676,t3_3fh6ko,t1_ctoktht,t1_ctoqkfl,0.0,0.0,0.0
p_3677,t3_3fg061,t1_cto8r5z,t1_cto8tdw,0.0,0.0,0.0
p_3679,t3_3fg061,t1_cto97vg,t1_cto8tdw,0.0,0.0,0.0
p_3680,t3_3ffta7,t1_cto7io9,t1_ctoe9av,0.0,0.0,0.0
p_3681,t3_3ff3g6,t1_cto0i1n,t1_cto1zos,0.0,0.0,0.0
p_3682,t3_3feqzt,t1_ctq3vzp,t1_ctnylzg,0.0,0.0,0.0
p_3683,t3_3fcrvd,t1_ctnhp4o,t1_cto31ft,0.0,0.0,0.0
p_3684,t3_3fcrvd,t1_ctns9wz,t1_ctnfqp7,0.0,0.0,0.0
p_3686,t3_3fcf5e,t1_ctndfg4,t1_ctnry92,0.0,0.0,0.0
p_3688,t3_3fc3o6,t1_ctnx69r,t1_ctngp5n,0.0,0.0,0.0
p_3687,t3_3fc3o6,t1_ctnaow2,t1_ctn9aav,0.0,0.0,0.0
p_3692,t3_3fau90,t1_ctmxjyf,t1_ctmw18p,0.0,0.0,0.0
p_3693,t3_3fa3pf,t1_ctmq4rm,t1_ctmvo0g,0.004491017964071856,0.0,0.004491017964071856
p_3694,t3_3fa3pf,t1_ctmq6wk,t1_ctmpzx1,0.0,0.0,0.0
p_3695,t3_3f8yj7,t1_ctmfz6p,t1_ctmip5y,0.0,0.0,0.0
p_3696,t3_3f8yj7,t1_ctmi79z,t1_ctmip5y,0.0,0.0,0.0
p_3697,t3_3f8yj7,t1_ctmgbxn,t1_ctmip5y,0.0,0.0,0.0
p_3701,t3_3f6ga9,t1_ctlqooj,t1_ctlqdbh,0.0,0.0,0.0
p_3703,t3_3f65v8,t1_ctlqq52,t1_ctm1y1p,0.0,0.0,0.0
p_3704,t3_3f38fh,t1_ctlm7ia,t1_ctkwb7j,0.0,0.0,0.0
p_3705,t3_3f2sbt,t1_ctm98ge,t1_ctkrr8t,0.0,0.0030211480362537764,-0.0030211480362537764
p_3708,t3_3f20yi,t1_ctkkr6u,t1_ctkjeol,0.0,0.0,0.0
p_3709,t3_3f20yi,t1_ctkoehq,t1_ctkokut,0.0,0.0,0.0
p_3712,t3_3f18mt,t1_ctkcw2a,t1_ctkb9dn,0.0,0.0,0.0
p_3711,t3_3f18mt,t1_ctkc4tg,t1_ctkn5z3,0.0,0.0,0.0
p_3714,t3_3f16ju,t1_ctkcxak,t1_ctkajc6,0.0,0.0,0.0
p_3716,t3_3f0uzz,t1_ctkbyhm,t1_ctkdayj,0.0,0.0016286644951140066,-0.0016286644951140066
p_3717,t3_3exng6,t1_ctjf76q,t1_ctjdefn,0.0,0.0,0.0
p_3718,t3_3ex1vr,t1_ctj5yub,t1_ctj6pr7,0.0,0.0,0.0
p_3719,t3_3ewva7,t1_ctj4jx8,t1_ctj8g6w,0.0,0.0,0.0
p_3722,t3_3ewva7,t1_ctj8djb,t1_ctj8g6w,0.0,0.0,0.0
p_3720,t3_3ewva7,t1_ctj5oik,t1_ctjcs9z,0.0,0.0,0.0
p_3721,t3_3ewva7,t1_ctj7ibv,t1_ctjcs9z,0.0,0.0,0.0
p_3723,t3_3ewjnh,t1_ctj1fb4,t1_ctj26kt,0.0,0.0,0.0
p_3724,t3_3ewjnh,t1_ctj1ye4,t1_ctj1lht,0.0,0.0,0.0
p_3725,t3_3euagb,t1_ctigcut,t1_ctihu3a,0.0,0.0,0.0
p_3726,t3_3eu8tm,t1_ctigaob,t1_ctiq52g,0.0,0.0,0.0
p_3727,t3_3eu8tm,t1_ctijckt,t1_ctigceq,0.0,0.0,0.0
p_3728,t3_3etxto,t1_ctid3ea,t1_cticpfj,0.006779661016949152,0.0,0.006779661016949152
p_3730,t3_3es79p,t1_cthw2r2,t1_cthwdaq,0.0,0.0,0.0
p_3731,t3_3es79p,t1_cthxdez,t1_cthwn0n,0.0,0.0,0.0
p_3732,t3_3ertta,t1_cti6rd8,t1_ctht1zk,0.0,0.0,0.0
p_3733,t3_3ertdy,t1_cthr80b,t1_cthr99r,0.0,0.0,0.0
p_3734,t3_3erhhr,t1_ctiarao,t1_cti58vh,0.0,0.0,0.0
p_3735,t3_3eq514,t1_ctho613,t1_cthcqg3,0.0,0.003105590062111801,-0.003105590062111801
p_3737,t3_3epjfs,t1_cth5t0q,t1_cthcvt3,0.0,0.0,0.0
p_3739,t3_3enur5,t1_ctgrxoh,t1_ctgz8y0,0.0,0.0,0.0
p_3740,t3_3emsdn,t1_cth30is,t1_ctgqvc3,0.0,0.0,0.0
p_3742,t3_3elw95,t1_ctg6r9r,t1_ctg9cb8,0.0,0.0,0.0
p_3743,t3_3eknr4,t1_ctglikz,t1_ctfyt7d,0.0,0.0,0.0
p_3744,t3_3ekjn3,t1_ctgdi0f,t1_ctg4na1,0.0,0.0,0.0
p_3751,t3_3ee553,t1_cte3wfh,t1_cte2z0f,0.0,0.0,0.0
p_3752,t3_3ee553,t1_cte5ytw,t1_cte2z0f,0.0,0.0,0.0
p_3754,t3_3ecjmj,t1_ctdn8gf,t1_ctdm7dj,0.0,0.0,0.0
p_3755,t3_3ecjmj,t1_ctdnq7f,t1_ctdm7dj,0.0,0.0,0.0
p_3756,t3_3ecjmj,t1_ctdoi4m,t1_ctdm7dj,0.0,0.0,0.0
p_3753,t3_3ecjmj,t1_ctdmtn2,t1_ctdoo3p,0.0,0.0012755102040816326,-0.0012755102040816326
p_3757,t3_3ec84d,t1_ctdlgzm,t1_ctdj2og,0.0,0.005649717514124294,-0.005649717514124294
p_3759,t3_3ebxxu,t1_ctdn0oz,t1_ctdjt1a,0.006024096385542169,0.0,0.006024096385542169
p_3761,t3_3ebqsa,t1_ctdwdgw,t1_ctdgbbx,0.0,0.0,0.0
p_3762,t3_3eb9u6,t1_ctda3bt,t1_ctdi2vm,0.0,0.0,0.0
p_3763,t3_3eb9u6,t1_ctdaich,t1_ctdi2vm,0.0,0.0,0.0
p_3764,t3_3eai2b,t1_ctdmsz0,t1_ctdas7y,0.0,0.0,0.0
p_3765,t3_3eai2b,t1_ctdc31l,t1_ctdas7y,0.0,0.0,0.0
p_3766,t3_3ea4kl,t1_ctczlq4,t1_ctcz6mu,0.0,0.0,0.0
p_3768,t3_3e811o,t1_ctcjrd5,t1_ctcd4vr,0.0015151515151515152,0.0,0.0015151515151515152
p_3775,t3_3dt3vy,t1_ct8epzw,t1_ct8xeko,0.0,0.0,0.0
p_3776,t3_3drmw1,t1_ct7z6k1,t1_ct7zd7f,0.0,0.0,0.0
p_3777,t3_3dqi0b,t1_ct7ojzo,t1_ct7o4hu,0.0,0.0,0.0
p_3779,t3_3dnhsi,t1_ct6vf40,t1_ct7n9bz,0.0,0.0,0.0
p_3786,t3_3dkeyo,t1_ct60a1q,t1_ct60gf9,0.0,0.0,0.0
p_3787,t3_3dk4k6,t1_ct68k3i,t1_ct5ylmw,0.0,0.0,0.0
p_3789,t3_3dj5zp,t1_ct5ndqg,t1_ct5pov6,0.0,0.0,0.0
p_3790,t3_3dhxmu,t1_ct59siv,t1_ct5em85,0.009615384615384616,0.0,0.009615384615384616
p_3791,t3_3dhww4,t1_ct59ny2,t1_ct5c1n1,0.0,0.0,0.0
p_3792,t3_3dhvig,t1_ct5cmrc,t1_ct5dd1p,0.0,0.0,0.0
p_3793,t3_3dhde9,t1_ct68xez,t1_ct55tgc,0.0,0.0,0.0
p_3794,t3_3dh1ns,t1_ct5dtcs,t1_ct5eykr,0.0,0.0,0.0
p_3795,t3_3dgf6j,t1_ct54lyk,t1_ct5gs7l,0.0,0.0,0.0
p_3796,t3_3dgf6j,t1_ct5oi70,t1_ct5c1wd,0.0,0.0,0.0
p_3797,t3_3dfjej,t1_ct4p5yg,t1_ct4yewo,0.005235602094240838,0.0,0.005235602094240838
p_3800,t3_3df1t2,t1_ct4iy6y,t1_ct4ij06,0.0,0.0,0.0
p_3801,t3_3det6i,t1_ct4g7xl,t1_ct4gbpx,0.019867549668874173,0.0,0.019867549668874173
p_3802,t3_3deose,t1_ct4eh79,t1_ct4g0jb,0.0,0.0,0.0
p_3803,t3_3deose,t1_ct4f9rz,t1_ct4g0jb,0.0,0.0,0.0
p_3804,t3_3deose,t1_ct4fbji,t1_ct5641w,0.0,0.0012239902080783353,-0.0012239902080783353
p_3805,t3_3deose,t1_ct4ewzd,t1_ct4g0jb,0.0,0.0,0.0
p_3806,t3_3de3uy,t1_ct4agqd,t1_ct494c3,0.0,0.0,0.0
p_3807,t3_3ddw70,t1_ct47mit,t1_ct4jbe5,0.0,0.0,0.0
p_3808,t3_3ddw70,t1_ct481p1,t1_ct48oqy,0.0033444816053511705,0.0,0.0033444816053511705
p_3814,t3_3dbole,t1_ct3p6ns,t1_ct478ih,0.0027100271002710027,0.0,0.0027100271002710027
p_3815,t3_3dbm0n,t1_ct3lx2j,t1_ct3ly0v,0.0,0.0,0.0
p_3816,t3_3dbkzb,t1_ct3ojfw,t1_ct3m5s5,0.0,0.0,0.0
p_3819,t3_3d7ar8,t1_ct2lat5,t1_ct2ki11,0.0,0.0,0.0
p_3821,t3_3d70nm,t1_ct2ew4r,t1_ct2j33u,0.0,0.0,0.0
p_3822,t3_3d70nm,t1_ct2dshn,t1_ct2eddg,0.0,0.0,0.0
p_3824,t3_3d6eeo,t1_ct28lpu,t1_ct2avdj,0.0,0.0,0.0
p_3825,t3_3d5kur,t1_ct1ztbe,t1_ct1zr52,0.0,0.0,0.0
p_3827,t3_3d4z8m,t1_ct20a6w,t1_ct1t0m5,0.0,0.0,0.0
p_3829,t3_3d26wz,t1_ct28b6n,t1_ct16kmz,0.0,0.0,0.0
p_3830,t3_3d0d6p,t1_ct0o5u1,t1_ct0n6t4,0.0,0.0,0.0
p_3831,t3_3d01ke,t1_ct0juu5,t1_ct0mdna,0.0,0.0,0.0
p_3833,t3_3czjmn,t1_ct0n1h1,t1_ct0p4tx,0.0,0.0018115942028985507,-0.0018115942028985507
p_3834,t3_3cze07,t1_ct0u8p8,t1_ct1w2jq,0.007874015748031496,0.0,0.007874015748031496
p_3836,t3_3cze07,t1_ct10eyn,t1_ct10av3,0.0,0.0,0.0
p_3837,t3_3cz50i,t1_ct0beon,t1_ct0crzd,0.0,0.0,0.0
p_3838,t3_3cyvok,t1_ct09dsg,t1_ct0cry8,0.0,0.0,0.0
p_3840,t3_3cwzdr,t1_cszqsrm,t1_csztuip,0.0,0.0,0.0
p_3841,t3_3cwzdr,t1_cszr0ac,t1_cszzijk,0.0,0.0,0.0
p_3842,t3_3cwzdr,t1_cszsao6,t1_cszzijk,0.0,0.0,0.0
p_3843,t3_3curfb,t1_cszctr2,t1_cszdmwi,0.0,0.001002004008016032,-0.001002004008016032
p_3846,t3_3ctbdn,t1_csywwyk,t1_csyw0z6,0.0,0.0,0.0
p_3848,t3_3csry4,t1_csyq5kj,t1_csypjon,0.0,0.0,0.0
p_3849,t3_3csg70,t1_csyk6pl,t1_csyj9wf,0.0,0.0,0.0
p_3850,t3_3csg70,t1_csyjkqi,t1_csyt2k1,0.0,0.0,0.0
p_3852,t3_3cqwqj,t1_csy6eer,t1_csyclib,0.0,0.0,0.0
p_3853,t3_3cpk6q,t1_csxrzz6,t1_csxtt55,0.0,0.003787878787878788,-0.003787878787878788
p_3855,t3_3cp5ze,t1_csxym6c,t1_csynpti,0.0010834236186348862,0.007389162561576354,-0.006305738942941468
p_3856,t3_3cp5ze,t1_csxnidr,t1_csxornz,0.0,0.0,0.0
p_3859,t3_3cntuq,t1_csxdzvx,t1_csxc29e,0.0,0.0,0.0
p_3861,t3_3cm04x,t1_csx5p48,t1_csxeu2k,0.0,0.0,0.0
p_3862,t3_3clrl2,t1_csx7zrc,t1_csx8zq4,0.0,0.0,0.0
p_3863,t3_3cjime,t1_csw3vb7,t1_csw3t7x,0.0,0.0,0.0
p_3865,t3_3chnd1,t1_csvsvf5,t1_csw6ssk,0.0,0.0,0.0
p_3866,t3_3ch5ru,t1_csvhoip,t1_csvipb5,0.0,0.0,0.0
p_3867,t3_3cgwcw,t1_csvjbyd,t1_csvi6d6,0.0,0.0,0.0
p_3868,t3_3cgf0e,t1_cswm70o,t1_csvf90l,0.0,0.0,0.0
p_3869,t3_3cgb39,t1_csvchfw,t1_csva8ip,0.0,0.0,0.0
p_3871,t3_3cexf4,t1_csvberp,t1_csv33hr,0.005154639175257732,0.0,0.005154639175257732
p_3872,t3_3cemxp,t1_csuzkq9,t1_csuwsj4,0.0,0.0,0.0
p_3873,t3_3cccrj,t1_csuafa7,t1_csu9eyk,0.0,0.0,0.0
p_3874,t3_3cayqx,t1_cstvm0f,t1_csunb3m,0.0,0.0,0.0
p_3875,t3_3cayqx,t1_cstvlmi,t1_csuqreg,0.0,0.0,0.0
p_3877,t3_3cavj4,t1_cstv538,t1_cstveu6,0.0,0.005194805194805195,-0.005194805194805195
p_3879,t3_3c98q4,t1_csu2svh,t1_cstm5hj,0.0,0.0,0.0
p_3882,t3_3c7i98,t1_cst34iw,t1_cstc95e,0.0,0.0,0.0
p_3883,t3_3c7i98,t1_cst4n6b,t1_cssyowf,0.0,0.0,0.0
p_3884,t3_3c7hdt,t1_cssyep4,t1_cssyplh,0.0,0.0,0.0
p_3885,t3_3c7bxx,t1_cssy476,t1_cssz8bw,0.0,0.0022935779816513763,-0.0022935779816513763
p_3886,t3_3c7bxx,t1_cssx724,t1_cssyebj,0.0,0.0,0.0
p_3887,t3_3c7bxx,t1_csswyf9,t1_cssyx4a,0.0,0.0,0.0
p_3888,t3_3c79ax,t1_cstmdkn,t1_cst2h3f,0.0,0.0,0.0
p_3889,t3_3c4zj4,t1_cssgey0,t1_cssmoek,0.0,0.0,0.0
p_3892,t3_3c4ur8,t1_csstz3k,t1_cssgupg,0.0,0.0,0.0
p_3893,t3_3c4cgb,t1_css5ynt,t1_css4koj,0.0,0.0,0.0
p_3894,t3_3c1zj9,t1_csrkkl3,t1_csrki9f,0.001876172607879925,0.0,0.001876172607879925
p_3895,t3_3c17uc,t1_csrdlff,t1_csrifkt,0.0,0.0,0.0
p_3897,t3_3bxmo5,t1_csqhtr5,t1_csql6b1,0.0,0.0,0.0
p_3898,t3_3bxfo6,t1_csqmc1m,t1_csqifhm,0.0,0.004484304932735426,-0.004484304932735426
p_3899,t3_3bvjuk,t1_cspw440,t1_csrek47,0.0033112582781456954,0.0,0.0033112582781456954
p_3901,t3_3bth79,t1_csq2nx8,t1_cspwvty,0.0,0.0,0.0
p_3902,t3_3bsou9,t1_csp5h2g,t1_cspiswo,0.0,0.0,0.0
p_3904,t3_3brtn7,t1_csozaec,t1_csoyw8u,0.0,0.0,0.0
p_3905,t3_3bqwex,t1_csompka,t1_csomtdh,0.0,0.0,0.0
p_3906,t3_3bqwex,t1_csorp8q,t1_cson8bj,0.029411764705882353,0.0,0.029411764705882353
p_3908,t3_3bo4jt,t1_cso0zon,t1_csnwp3y,0.0,0.0,0.0
p_3909,t3_3bnf96,t1_csnpy6t,t1_csnprkc,0.0,0.0,0.0
p_3910,t3_3bnan1,t1_csnruno,t1_csnpv63,0.009345794392523364,0.0,0.009345794392523364
p_3911,t3_3blafk,t1_csn7a18,t1_csndd8w,0.0,0.0,0.0
p_3913,t3_3bh98p,t1_csmf3ub,t1_csmc3eh,0.01694915254237288,0.0,0.01694915254237288
p_3914,t3_3bgni1,t1_cslzxdh,t1_cslyqv4,0.0,0.0,0.0
p_3915,t3_3bfy1c,t1_csls1iv,t1_cslt1od,0.0,0.0,0.0
p_3916,t3_3bfsz3,t1_cslqq37,t1_cslrrds,0.0,0.0,0.0
p_3917,t3_3bfrve,t1_csmj6kc,t1_cslufx2,0.0,0.0,0.0
p_3920,t3_3be88i,t1_cslgmna,t1_cslflrz,0.014492753623188406,0.0,0.014492753623188406
p_3923,t3_3bdv00,t1_csld97c,t1_csl9q5t,0.0,0.0,0.0
p_3924,t3_3bdv00,t1_csltmou,t1_cslb8xi,0.0,0.0,0.0
p_3925,t3_3bd8kh,t1_csl6slc,t1_csl587l,0.04054054054054054,0.0,0.04054054054054054
p_3926,t3_3bd8kh,t1_csl5ba1,t1_csl587l,0.005,0.0,0.005
p_3927,t3_3bcp2n,t1_csl43ts,t1_csl3e30,0.0,0.0,0.0
p_3929,t3_3bc4if,t1_cslj62e,t1_cskt9uf,0.0,0.0,0.0
p_3930,t3_3bbxyv,t1_cskwmb5,t1_cskrtjj,0.0,0.0,0.0
p_3932,t3_3b7rjo,t1_csjnvbr,t1_csjnx6u,0.0,0.0,0.0
p_3934,t3_3b60s8,t1_csj6vl4,t1_csj6ucq,0.0,0.0,0.0
p_3935,t3_3b60s8,t1_csj6qcn,t1_csj6ucq,0.0,0.0,0.0
p_3936,t3_3b5udg,t1_csj5cco,t1_csj62ym,0.027777777777777776,0.0,0.027777777777777776
p_3937,t3_3b3s26,t1_csikhqa,t1_csizt4g,0.0,0.0,0.0
p_3938,t3_3b3s26,t1_csinn2z,t1_csilwsy,0.0,0.0,0.0
p_3940,t3_3b3s26,t1_csj8r3h,t1_csjh1er,0.0,0.0,0.0
p_3943,t3_3aweej,t1_csgl5n3,t1_csgl50z,0.0,0.0,0.0
p_3944,t3_3aw1uk,t1_csghmnt,t1_csghmsc,0.0,0.0,0.0
p_3945,t3_3avhws,t1_csgfhi0,t1_csh8ors,0.0,0.0,0.0
p_3947,t3_3atkce,t1_csgbg47,t1_csfw4e2,0.0,0.0,0.0
p_3948,t3_3atkce,t1_csfy1wp,t1_csfynp2,0.0,0.0,0.0
p_3951,t3_3asyzb,t1_csfojsx,t1_csfoidu,0.0,0.0,0.0
p_3949,t3_3asyzb,t1_csfoiyw,t1_csfp13b,0.0,0.0,0.0
p_3952,t3_3argex,t1_csfb50r,t1_csf9txd,0.0,0.0,0.0
p_3953,t3_3argex,t1_csf9rhm,t1_csfa4gt,0.0,0.0,0.0
p_3954,t3_3aq0ij,t1_cseyfmf,t1_csf3dvk,0.0,0.0,0.0
p_3955,t3_3apczi,t1_cseq9zw,t1_csf36xd,0.0,0.0,0.0
p_3956,t3_3anzqm,t1_cseek90,t1_csf57m7,0.010250569476082005,0.0,0.010250569476082005
p_3958,t3_3anfy4,t1_csezvw7,t1_csfvxf5,0.0,0.0,0.0
p_3959,t3_3amks3,t1_cse04e1,t1_cse06yf,0.0,0.0,0.0
p_3960,t3_3amks3,t1_cse088c,t1_csdzw5z,0.0,0.0,0.0
p_3961,t3_3amjrk,t1_cse2b43,t1_cse2e1a,0.0,0.0,0.0
p_3963,t3_3ajn0a,t1_csda1xc,t1_csd7usc,0.0,0.0,0.0
p_3964,t3_3ajaa6,t1_csd6bdb,t1_csdib45,0.0,0.0,0.0
p_3965,t3_3aimk2,t1_csd7mip,t1_csd1vz4,0.0,0.0,0.0
p_3966,t3_3afuie,t1_csc8p2d,t1_cscbdx0,0.0,0.0,0.0
p_3967,t3_3acxa4,t1_csbkvf8,t1_csbgdpk,0.0,0.0,0.0
p_3968,t3_3aco44,t1_csblx8d,t1_csbjlck,0.003076923076923077,0.0,0.003076923076923077
p_3969,t3_3acm0d,t1_csbe584,t1_csbdx0v,0.0,0.027210884353741496,-0.027210884353741496
p_3971,t3_3abfdn,t1_csb9hv6,t1_csb2as0,0.0,0.0,0.0
p_3972,t3_3abaqq,t1_csb38zu,t1_csb0t4r,0.0,0.003367003367003367,-0.003367003367003367
p_3976,t3_3a8arj,t1_csb25uo,t1_csa740s,0.0,0.0,0.0
p_3975,t3_3a8arj,t1_csa7uvc,t1_csag2ec,0.0,0.0,0.0
p_3977,t3_3a7ys8,t1_csa4ppt,t1_csakjm1,0.0,0.0,0.0
p_3978,t3_3a7ys8,t1_csa41uf,t1_csakjm1,0.0,0.0,0.0
p_3979,t3_3a7ys8,t1_csa7eao,t1_csaftry,0.0,0.0,0.0
p_3980,t3_3a6yg4,t1_cs9xgqf,t1_csaitas,0.014084507042253521,0.012121212121212121,0.0019632949210414002
p_3981,t3_3a6sfg,t1_cs9tnoi,t1_cs9t2mb,0.0,0.0,0.0
p_3982,t3_3a6sfg,t1_cs9u81l,t1_csa0tu8,0.0,0.0,0.0
p_3983,t3_3a6sfg,t1_cs9uuka,t1_cs9v38y,0.0,0.0,0.0
p_3985,t3_3a6sfg,t1_cs9ty4c,t1_cs9tcqo,0.0,0.0,0.0
p_3984,t3_3a6sfg,t1_cs9tqur,t1_csa781a,0.0,0.0,0.0
p_3986,t3_3a6sfg,t1_csacapm,t1_cs9wsj6,0.0,0.0,0.0
p_3987,t3_3a6nix,t1_cs9ymgy,t1_cs9xs4k,0.0,0.0,0.0
p_3988,t3_3a6nix,t1_csa3hjg,t1_cs9xpu5,0.0,0.0,0.0
p_3989,t3_3a47yn,t1_cs96cyo,t1_cs96mzz,0.0,0.0,0.0
p_3990,t3_3a44py,t1_cs97753,t1_cs95esh,0.0,0.0,0.0
p_3991,t3_3a44py,t1_cs94osm,t1_cs95esh,0.0,0.0,0.0
p_3992,t3_3a44py,t1_cs95hzu,t1_cs95esh,0.0,0.0,0.0
p_3996,t3_3a2kst,t1_cs8otu7,t1_cs8qjhb,0.0,0.0,0.0
p_3997,t3_3a2kps,t1_cs8oy5s,t1_cs8pl4s,0.0,0.01,-0.01
p_3998,t3_3a2kps,t1_cs8w2yw,t1_cs8voy5,0.0,0.013513513513513514,-0.013513513513513514
p_3999,t3_3a27yg,t1_cs8nx8v,t1_cs8njw2,0.0,0.0,0.0
p_4000,t3_3a27yg,t1_cs8u90i,t1_cs8z4yz,0.0,0.0,0.0
p_4001,t3_3a27yg,t1_cs98bq1,t1_cs8lemy,0.0,0.0,0.0
p_4002,t3_3a1zva,t1_cs8kcyk,t1_cs8k3ho,0.0,0.0,0.0
p_4003,t3_3a1llw,t1_cs8f5f6,t1_cs8grh5,0.0,0.0,0.0
p_4004,t3_3a1llw,t1_cs8otpf,t1_cs8epuj,0.0,0.0,0.0
p_4006,t3_39y3l4,t1_cs7hm0x,t1_cs7hrpe,0.0,0.0,0.0
p_4007,t3_39xc0u,t1_cs7s05a,t1_cs7ksi5,0.0,0.0017513134851138354,-0.0017513134851138354
p_4008,t3_39vjw8,t1_cs6yty8,t1_cs75jk8,0.0,0.0,0.0
p_4009,t3_39tm84,t1_cs6dg04,t1_cs6p5zn,0.0,0.0,0.0
p_4010,t3_39rlhg,t1_cs604vg,t1_cs5u7z4,0.0,0.0,0.0
p_4011,t3_39rlhg,t1_cs61rw2,t1_cs5u7z4,0.0035211267605633804,0.0,0.0035211267605633804
p_4012,t3_39r7s6,t1_cs5qjkd,t1_cs5pexs,0.0,0.0,0.0
p_4013,t3_39pwzl,t1_cs5e1x6,t1_cs5dyl3,0.0,0.0,0.0
p_4015,t3_39o24x,t1_cs51oox,t1_cs53w1p,0.010416666666666666,0.0,0.010416666666666666
p_4019,t3_39o24x,t1_cs519gf,t1_cs53w1p,0.0,0.0,0.0
p_4018,t3_39o24x,t1_cs51cou,t1_cs51mes,0.0,0.0,0.0
p_4020,t3_39mibw,t1_cs4mto6,t1_cs4n3wq,0.0,0.0,0.0
p_4022,t3_39mgic,t1_cs4lprf,t1_cs6cp67,0.0,0.0,0.0
p_4024,t3_39kdu2,t1_cs44pon,t1_cs433uj,0.0,0.0,0.0
p_4025,t3_39jwup,t1_cs46pqo,t1_cs4a7ru,0.0,0.008791208791208791,-0.008791208791208791
p_4026,t3_39int7,t1_cs3rx5b,t1_cs3s38w,0.0,0.0,0.0
p_4027,t3_39int7,t1_cs3qpta,t1_cs3s2nm,0.0,0.0,0.0
p_4028,t3_39gzr7,t1_cs3agsc,t1_cs3ibde,0.0,0.0,0.0
p_4029,t3_39gecw,t1_cs34hhp,t1_cs34bq6,0.0,0.0,0.0
p_4032,t3_39fdgq,t1_cs2vs00,t1_cs3vhdu,0.0,0.0,0.0
p_4034,t3_39cnaw,t1_cs2c2cg,t1_cs2ak8s,0.003367003367003367,0.0,0.003367003367003367
p_4037,t3_39an4v,t1_cs1rnz3,t1_cs1qvzv,0.0,0.0,0.0
p_4038,t3_3973q1,t1_cs0zdjz,t1_cs0x3jw,0.0,0.0,0.0
p_4040,t3_396i03,t1_cs0u4rr,t1_cs1pfx6,0.0,0.0,0.0
p_4041,t3_396ds4,t1_cs0r30x,t1_cs0rkfk,0.0,0.0,0.0
p_4042,t3_396ds4,t1_cs0pu9z,t1_cs0rkfk,0.0,0.0,0.0
p_4045,t3_394d49,t1_cs0kixk,t1_cs0kzwk,0.0,0.0,0.0
p_4046,t3_393acp,t1_cs0gkne,t1_cs03ftc,0.0,0.0,0.0
p_4047,t3_391syd,t1_crzm90i,t1_crzmejp,0.0,0.0,0.0
p_4050,t3_38x3jr,t1_cryip44,t1_crys2g6,0.0,0.007462686567164179,-0.007462686567164179
p_4051,t3_38wxwu,t1_cryi2ij,t1_crygq09,0.0,0.0,0.0
p_4052,t3_38wrju,t1_crygoz5,t1_cryxmv8,0.0,0.0,0.0
p_4054,t3_38s7v1,t1_crxxvxw,t1_crxhlos,0.0,0.0,0.0
p_4056,t3_38qcbx,t1_crx7b22,t1_crx75t9,0.0,0.0,0.0
p_4057,t3_38pbd5,t1_crwsbqv,t1_crxjvmc,0.0,0.0,0.0
p_4060,t3_38nv4x,t1_crwj8qj,t1_crwnz8i,0.0070921985815602835,0.0,0.0070921985815602835
p_4061,t3_38nv4x,t1_crwoni8,t1_crwub6q,0.0,0.0,0.0
p_4062,t3_38lqjc,t1_crvzt6q,t1_crvzmx5,0.02040816326530612,0.0,0.02040816326530612
p_4063,t3_38kv3z,t1_crwg43c,t1_crxycdw,0.0,0.0,0.0
p_4064,t3_38ks5m,t1_crvtej9,t1_crvxmr6,0.004032258064516129,0.0,0.004032258064516129
p_4065,t3_38jijq,t1_crvigw7,t1_crvi4ft,0.0,0.0,0.0
p_4068,t3_38hvec,t1_crv5pod,t1_crva2wu,0.0,0.0,0.0
p_4070,t3_38hvec,t1_crvb81l,t1_crvbp5u,0.0,0.0,0.0
p_4071,t3_38esaa,t1_cruufn4,t1_cruhp7v,0.0,0.0,0.0
p_4072,t3_38ehc6,t1_crug3c6,t1_cruge8m,0.0,0.0,0.0
p_4073,t3_38ehc6,t1_crufbnb,t1_cruge8m,0.0,0.0,0.0
p_4074,t3_38b3d9,t1_crtqxff,t1_crtzoqd,0.0,0.0021645021645021645,-0.0021645021645021645
p_4075,t3_38ah82,t1_crtkrsw,t1_crtl6k2,0.0017094017094017094,0.0,0.0017094017094017094
p_4078,t3_3856c4,t1_crsfw83,t1_crsdpxt,0.0,0.0,0.0
p_4079,t3_383qcb,t1_crs0xzi,t1_crs1phn,0.0,0.0,0.0
p_4080,t3_383qcb,t1_crs37s2,t1_crs5obi,0.0,0.0,0.0
p_4081,t3_382uqn,t1_crrvd7b,t1_crsvp2m,0.0,0.0,0.0
p_4084,t3_382uqn,t1_crsgxg7,t1_crsvp2m,0.0,0.0,0.0
p_4085,t3_381ey6,t1_crrlwhm,t1_crrsigq,0.008639308855291577,0.01694915254237288,-0.008309843687081304
p_4086,t3_381ey6,t1_crrj8n5,t1_crrl2sb,0.0,0.0,0.0
p_4087,t3_381ey6,t1_crrj6x9,t1_crrsoh1,0.0,0.0,0.0
p_4088,t3_3814fe,t1_crs7vs7,t1_crrr3vr,0.0,0.0,0.0
p_4089,t3_3814fe,t1_crrqjbh,t1_crrr3vr,0.0,0.0,0.0
p_4090,t3_37ypcc,t1_crqzfaw,t1_crrcx9w,0.0,0.0,0.0
p_4092,t3_37x4xe,t1_crqnq2r,t1_crqlwke,0.0,0.0,0.0
p_4095,t3_37ug2e,t1_crpxli7,t1_crpxq2o,0.0,0.0,0.0
p_4096,t3_37u8cs,t1_crpxfwt,t1_crq0vt4,0.0,0.0,0.0
p_4098,t3_37te7r,t1_crq15b7,t1_crpr6qy,0.0,0.0,0.0
p_4100,t3_37scpk,t1_crpm7rq,t1_crphi3e,0.0,0.0,0.0
p_4099,t3_37scpk,t1_crpjym2,t1_crpj42q,0.0,0.0,0.0
p_4101,t3_37r5aa,t1_crp4yya,t1_crp52u5,0.0,0.0,0.0
p_4102,t3_37p0d8,t1_crolmg0,t1_cros9jk,0.021052631578947368,0.0,0.021052631578947368
p_4103,t3_37p0d8,t1_crolte5,t1_cror8od,0.0,0.0,0.0
p_4105,t3_37okwz,t1_crol9eo,t1_crohrkg,0.0,0.0,0.0
p_4104,t3_37okwz,t1_croli1i,t1_croiuun,0.002531645569620253,0.0,0.002531645569620253
p_4107,t3_37nxjn,t1_crotvnl,t1_crobn4e,0.0,0.0,0.0
p_4108,t3_37nv7l,t1_crobgcl,t1_croatus,0.0,0.0,0.0
p_4109,t3_37nv7l,t1_crod5fw,t1_crobejx,0.0,0.0,0.0
p_4113,t3_37jfl3,t1_crn7z3i,t1_crn9n8h,0.0,0.0,0.0
p_4114,t3_37jfl3,t1_cro542n,t1_crn9n8h,0.0,0.0,0.0
p_4115,t3_37jfl3,t1_crn8fep,t1_crnb7qs,0.0,0.0,0.0
p_4116,t3_37j0tw,t1_crnmek9,t1_crn4uka,0.0,0.006396588486140725,-0.006396588486140725
p_4117,t3_37i8f6,t1_crn97hc,t1_crn6u5k,0.0,0.0,0.0
p_4119,t3_37i8f6,t1_crnc1m6,t1_crn6u5k,0.0,0.0,0.0
p_4122,t3_37h70b,t1_crnpv8h,t1_crmnqm8,0.0,0.0,0.0
p_4124,t3_37h2pb,t1_crmzdc2,t1_crn24i7,0.0,0.0,0.0
p_4125,t3_37gzdo,t1_crmlb6i,t1_crml5su,0.0,0.0,0.0
p_4127,t3_37gzdo,t1_crn13m3,t1_crmleve,0.006172839506172839,0.0,0.006172839506172839
p_4126,t3_37gzdo,t1_crmpjd9,t1_crmq520,0.0,0.0,0.0
p_4128,t3_37gq9y,t1_crmtqyf,t1_crmj7w5,0.006369426751592357,0.0,0.006369426751592357
p_4129,t3_37fpzj,t1_crmgunx,t1_crmev4y,0.0,0.0,0.0
p_4130,t3_37e6il,t1_crlxhoh,t1_crlycu1,0.0,0.010869565217391304,-0.010869565217391304
p_4131,t3_37e6il,t1_crmbvpl,t1_crmbrw9,0.0,0.02027027027027027,-0.02027027027027027
p_4132,t3_37c5ei,t1_crmai65,t1_crlk9hq,0.004333694474539545,0.0,0.004333694474539545
p_4133,t3_37b2pr,t1_crlhcyw,t1_crld5qe,0.0,0.0045045045045045045,-0.0045045045045045045
p_4134,t3_37956u,t1_crku1nj,t1_crktasi,0.0,0.0,0.0
p_4136,t3_376s9u,t1_crkaoej,t1_crk67b4,0.0,0.0,0.0
p_4137,t3_376s9u,t1_crkcdfq,t1_crk61cm,0.0,0.0,0.0
p_4138,t3_375cgq,t1_crjtlue,t1_crkdcxu,0.0,0.0,0.0
p_4139,t3_375cgq,t1_crju8kq,t1_crju0u6,0.0,0.0,0.0
p_4140,t3_374p4i,t1_crjo7t9,t1_crjoxub,0.0,0.0,0.0
p_4141,t3_373lxk,t1_crjfcxr,t1_crjh3wk,0.0,0.0,0.0
p_4146,t3_371vcx,t1_crj0j6i,t1_crj1d9h,0.0,0.0,0.0
p_4147,t3_371t9v,t1_criyct1,t1_criz1vm,0.016666666666666666,0.0,0.016666666666666666
p_4148,t3_371jts,t1_crj5qge,t1_crj0124,0.0,0.0,0.0
p_4149,t3_371iek,t1_criw393,t1_criw4gt,0.0,0.0,0.0
p_4151,t3_37131i,t1_crit8xo,t1_crise8t,0.0,0.0,0.0
p_4152,t3_37131i,t1_crizuk3,t1_crise8t,0.0,0.0,0.0
p_4153,t3_370rik,t1_crj6cfx,t1_crj8cj7,0.0,0.0,0.0
p_4154,t3_36wmyv,t1_crhsd0m,t1_crhpets,0.0,0.0,0.0
p_4155,t3_36utu6,t1_crhapyz,t1_crhjyof,0.0,0.0,0.0
p_4156,t3_36utu6,t1_crh9yic,t1_crhhhv0,0.0,0.0,0.0
p_4157,t3_36utu6,t1_crhghlc,t1_crhhhv0,0.0,0.0,0.0
p_4158,t3_36utu6,t1_crhdevz,t1_crhc46p,0.004158004158004158,0.0,0.004158004158004158
p_4159,t3_36utu6,t1_crhsu1b,t1_crhjyof,0.0,0.0,0.0
p_4160,t3_36utu6,t1_crhkv7d,t1_crhubbh,0.0,0.0,0.0
p_4161,t3_36utu6,t1_crhdith,t1_crhc46p,0.0,0.0,0.0
p_4163,t3_36u3s6,t1_crh9c6f,t1_crh4b3c,0.0,0.0,0.0
p_4164,t3_36tyf9,t1_crh4v0f,t1_crh37pw,0.0,0.0,0.0
p_4165,t3_36t890,t1_crgxzpm,t1_crhepb2,0.0,0.0,0.0
p_4166,t3_36rxl7,t1_crlw8uo,t1_crgw0wb,0.0,0.0,0.0
p_4168,t3_36r305,t1_crgcbrk,t1_crgb0m6,0.0,0.0,0.0
p_4169,t3_36r305,t1_crgbung,t1_crgk9p9,0.0,0.0,0.0
p_4170,t3_36r305,t1_crgbjl7,t1_crgfecc,0.0,0.0,0.0
p_4171,t3_36r305,t1_crgf3i9,t1_crgfecc,0.0,0.0,0.0
p_4172,t3_36r305,t1_crgfk2y,t1_crgfecc,0.0,0.0,0.0
p_4175,t3_36nz4d,t1_crfsbub,t1_crfkxmv,0.02631578947368421,0.0,0.02631578947368421
p_4176,t3_36nz4d,t1_crfn04f,t1_crfnywz,0.0,0.0038910505836575876,-0.0038910505836575876
p_4177,t3_36ncax,t1_crfgebl,t1_crffh1u,0.0,0.0,0.0
p_4180,t3_36iee8,t1_cre9a2g,t1_cretabl,0.0,0.0015455950540958269,-0.0015455950540958269
p_4181,t3_36iee8,t1_crez4hc,t1_cretabl,0.001759014951627089,0.0015455950540958269,0.00021341989753126205
p_4182,t3_36htjx,t1_cre64ad,t1_cre4lsx,0.0,0.0,0.0
p_4187,t3_36gp4w,t1_crdult8,t1_cree54y,0.0,0.0,0.0
p_4188,t3_36fnl9,t1_crdkebp,t1_crdk3ku,0.0,0.0,0.0
p_4189,t3_36fllr,t1_cre4905,t1_crdk6ds,0.0,0.0,0.0
p_4190,t3_36eadt,t1_crd7ceh,t1_crdmuo9,0.0,0.0,0.0
p_4191,t3_36dprt,t1_crd5jwj,t1_crd60jm,0.0,0.0,0.0
p_4192,t3_36ckmk,t1_crcyaft,t1_crcrx2m,0.00234192037470726,0.0,0.00234192037470726
p_4193,t3_36cadv,t1_crd31fu,t1_crcyh42,0.003968253968253968,0.0,0.003968253968253968
p_4195,t3_36az4a,t1_crccjno,t1_crcd94m,0.0,0.0,0.0
p_4196,t3_36az4a,t1_crcdumw,t1_crcd94m,0.0,0.0,0.0
p_4203,t3_366935,t1_crb48sd,t1_crb93o7,0.0,0.0,0.0
p_4204,t3_366935,t1_crb5ovt,t1_crb4po1,0.0,0.0,0.0
p_4205,t3_366935,t1_crb3q3x,t1_crb93o7,0.0,0.0,0.0
p_4207,t3_3633hr,t1_cracfoy,t1_craetek,0.0,0.03225806451612903,-0.03225806451612903
p_4213,t3_362xxo,t1_craazhe,t1_cra7vj8,0.0,0.0,0.0
p_4212,t3_362xxo,t1_cra91kz,t1_cra8egz,0.0,0.0,0.0
p_4208,t3_362xxo,t1_cra9nj2,t1_cra8egz,0.0016863406408094434,0.0,0.0016863406408094434
p_4209,t3_362xxo,t1_cra9bnt,t1_cra8egz,0.0,0.0,0.0
p_4214,t3_362xxo,t1_crabevn,t1_cra82mu,0.0,0.0,0.0
p_4211,t3_362xxo,t1_cra8ccq,t1_cra85vs,0.0,0.0,0.0
p_4215,t3_361st8,t1_cr9wx17,t1_craeuvo,0.0,0.0,0.0
p_4216,t3_361st8,t1_cra0mwx,t1_cra9gv9,0.0,0.0,0.0
p_4217,t3_361st8,t1_craiwvx,t1_cra9gv9,0.0,0.0,0.0
p_4218,t3_361cys,t1_cr9yzkw,t1_cr9y5g8,0.0,0.0,0.0
p_4219,t3_361cys,t1_cr9xgc0,t1_cr9t6qc,0.0,0.0,0.0
p_4220,t3_360lwk,t1_cr9nixj,t1_cr9oak1,0.0025575447570332483,0.0,0.0025575447570332483
p_4221,t3_360du5,t1_cr9k2gr,t1_cr9jhq4,0.0,0.006802721088435374,-0.006802721088435374
p_4222,t3_35zzer,t1_cr9gnue,t1_cr9i6m0,0.0,0.0,0.0
p_4223,t3_35zi4m,t1_cr9bdwl,t1_cr9fc4y,0.0,0.0,0.0
p_4224,t3_35zguh,t1_cr9iv5x,t1_cr9h75a,0.0,0.0,0.0
p_4226,t3_35z1es,t1_cr96tzb,t1_cr9571k,0.0056179775280898875,0.0,0.0056179775280898875
p_4227,t3_35z1es,t1_cr99c3w,t1_cr9d0dl,0.0,0.0,0.0
p_4228,t3_35y0qf,t1_cr8wgnx,t1_cr8vi2j,0.0,0.0,0.0
p_4229,t3_35wjd8,t1_cr8v07h,t1_cr8jbs1,0.0,0.0,0.0
p_4230,t3_35w8v2,t1_cr8f3v2,t1_cr8f9ax,0.0,0.0,0.0
p_4231,t3_35w8v2,t1_cr8irdf,t1_cr8gplq,0.0,0.0,0.0
p_4233,t3_35toyd,t1_cr7qd1b,t1_cr85c8b,0.0,0.0,0.0
p_4234,t3_35toyd,t1_cr7oo3y,t1_cr7xf53,0.0,0.0,0.0
p_4235,t3_35sw2p,t1_cr7kk4p,t1_cr7ne8m,0.0,0.0,0.0
p_4237,t3_35s5bb,t1_cr7fgpo,t1_cr7juob,0.0,0.0,0.0
p_4240,t3_35ruv5,t1_cr7clfr,t1_cr7cinv,0.0,0.0,0.0
p_4239,t3_35ruv5,t1_cr7bycz,t1_cr7d0y4,0.0,0.0,0.0
p_4241,t3_35peeu,t1_cr6ssh1,t1_cr7l53q,0.0,0.0020964360587002098,-0.0020964360587002098
p_4242,t3_35oag9,t1_cr6dn1m,t1_cr6gxvj,0.0,0.0,0.0
p_4243,t3_35oag9,t1_cr6m2hi,t1_cr6gxvj,0.0,0.0,0.0
p_4244,t3_35mgfp,t1_cr5tt2i,t1_cr68z3e,0.0,0.0,0.0
p_4245,t3_35mgfp,t1_cr61twj,t1_cr5t999,0.0,0.0,0.0
p_4246,t3_35mgfp,t1_cr5rof8,t1_cr68z3e,0.0,0.0,0.0
p_4247,t3_35md5x,t1_cr5qlbl,t1_cr6fywq,0.0048543689320388345,0.0,0.0048543689320388345
p_4249,t3_35k9i9,t1_cr5buw4,t1_cr5km5t,0.0,0.009259259259259259,-0.009259259259259259
p_4252,t3_35gi8x,t1_cr4ky6p,t1_cr49czs,0.0,0.0,0.0
p_4253,t3_35gi8x,t1_cr4s724,t1_cr49czs,0.0,0.0,0.0
p_4254,t3_35foy9,t1_cr3z6dk,t1_cr4asiu,0.0,0.0,0.0
p_4257,t3_35foy9,t1_cr3z34g,t1_cr46bgq,0.0,0.0,0.0
p_4258,t3_35foy9,t1_cr45f27,t1_cr4asiu,0.0,0.0,0.0
p_4260,t3_35fjb1,t1_cr49j5s,t1_cr3xa7x,0.0,0.0,0.0
p_4262,t3_35bc4b,t1_cr2suj3,t1_cr2s3nt,0.0,0.0,0.0
p_4263,t3_35bc4b,t1_cr2sadm,t1_cr2soeg,0.0,0.0,0.0
