pair_id,root_id,success_id,failure_id,jaccard_in_all_success,jaccard_in_all_failure,difference_success_minus_failure
p_1,t3_2ro9ux,t1_cnhplrm,t1_cnhqcwz,0.12418300653594772,0.13836477987421383,-0.014181773338266118
p_2,t3_2ro0ti,t1_cnhuxye,t1_cnhowj2,0.09302325581395349,0.13513513513513514,-0.042111879321181656
p_3,t3_2rnr30,t1_cni3o83,t1_cnhlmdo,0.17192982456140352,0.1484848484848485,0.02344497607655502
p_5,t3_2rnfn0,t1_cnigfd9,t1_cnhjtqq,0.2108695652173913,0.2075,0.003369565217391318
p_6,t3_2rmy6e,t1_cnhc8a5,t1_cnhmkxc,0.13138686131386862,0.14285714285714285,-0.01147028154327423
p_7,t3_2rmy6e,t1_cnhjqws,t1_cnhmkxc,0.16,0.14285714285714285,0.017142857142857154
p_11,t3_2rkzen,t1_cngw4hp,t1_cnhjlf9,0.10552763819095477,0.13247863247863248,-0.026950994287677707
p_12,t3_2rkjr3,t1_cngqb7p,t1_cnhhz9u,0.20786516853932585,0.1724137931034483,0.03545137543587756
p_13,t3_2rk7my,t1_cngooa8,t1_cngpiso,0.1342281879194631,0.1839080459770115,-0.049679858057548404
p_14,t3_2rk7my,t1_cngoaq7,t1_cngoke7,0.125,0.09929078014184398,0.025709219858156024
p_15,t3_2rgs7o,t1_cngkdic,t1_cnfu7mt,0.2145748987854251,0.17050691244239632,0.044067986343028775
p_18,t3_2rd7mg,t1_cnetiqi,t1_cnfbr75,0.15714285714285714,0.16192560175054704,-0.004782744607689904
p_19,t3_2rd7mg,t1_cnethg8,t1_cnevo8r,0.07608695652173914,0.15759312320916904,-0.08150616668742991
p_20,t3_2rcsdh,t1_cneonwb,t1_cnerq8q,0.17916666666666667,0.14225941422594143,0.036907252440725236
p_21,t3_2rcsdh,t1_cnepre9,t1_cneta9f,0.2,0.10256410256410256,0.09743589743589745
p_22,t3_2rcsdh,t1_cnerrix,t1_cnerq8q,0.15,0.14225941422594143,0.0077405857740585615
p_24,t3_2rcpqy,t1_cnen833,t1_cneniy0,0.14545454545454545,0.18181818181818182,-0.036363636363636376
p_25,t3_2rc3p3,t1_cnelqn6,t1_cnejze0,0.20276497695852536,0.20725388601036268,-0.004488909051837325
p_26,t3_2rawgb,t1_cneyhn7,t1_cnerfm7,0.17011494252873563,0.16473317865429235,0.005381763874443279
p_28,t3_2r7f0g,t1_cnd8t6p,t1_cnd4xb4,0.1095890410958904,0.14551083591331268,-0.035921794817422276
p_29,t3_2r6fw9,t1_cnczhfc,t1_cncxwgs,0.1323529411764706,0.11811023622047244,0.01424270495599815
p_30,t3_2r6a86,t1_cncxf4c,t1_cncxj5i,0.16877637130801687,0.19642857142857142,-0.027652200120554554
p_31,t3_2r6a86,t1_cncz7ep,t1_cnd1czm,0.14396887159533073,0.12944983818770225,0.014519033407628473
p_32,t3_2r6a86,t1_cncx9n7,t1_cnd9u6t,0.17777777777777778,0.16339869281045752,0.014379084967320266
p_33,t3_2r5o9o,t1_cncqcjt,t1_cncwesf,0.17592592592592593,0.1005586592178771,0.07536726670804883
p_34,t3_2r5o9o,t1_cncp4k9,t1_cncvoxh,0.14673913043478262,0.10795454545454546,0.038784584980237166
p_35,t3_2r5o9o,t1_cncqhhb,t1_cncpluh,0.14601769911504425,0.1452513966480447,0.0007663024669995466
p_36,t3_2r4u3k,t1_cncry40,t1_cncnikt,0.15469613259668508,0.18875502008032127,-0.0340588874836362
p_37,t3_2r4b8f,t1_cnch3ur,t1_cnchpr4,0.2020997375328084,0.19455252918287938,0.00754720834992903
p_38,t3_2r3fa4,t1_cnc4l6o,t1_cnc6h09,0.19724770642201836,0.15104166666666666,0.0462060397553517
p_39,t3_2r39y4,t1_cnc2apj,t1_cnc69pi,0.17277486910994763,0.17801047120418848,-0.005235602094240843
p_41,t3_2r1qfw,t1_cnd3gva,t1_cnbpxtc,0.21379310344827587,0.14388489208633093,0.06990821136194494
p_42,t3_2r1omi,t1_cnblplo,t1_cnblyk8,0.13142857142857142,0.125,0.006428571428571422
p_43,t3_2r1omi,t1_cnby5pl,t1_cnbl7tt,0.1729957805907173,0.14857142857142858,0.02442435201928872
p_44,t3_2r17g1,t1_cnbjfmc,t1_cnbjh0e,0.13157894736842105,0.13846153846153847,-0.006882591093117424
p_45,t3_2r0eyf,t1_cncjlq6,t1_cnb8f1r,0.1534090909090909,0.20422535211267606,-0.05081626120358515
p_47,t3_2r07cv,t1_cnb5yjj,t1_cnbl2z0,0.22058823529411764,0.1625,0.058088235294117635
p_50,t3_2qzudy,t1_cnb75td,t1_cnb72w5,0.16339869281045752,0.09433962264150944,0.06905907016894808
p_51,t3_2qy21w,t1_cnaozch,t1_cnaxt0m,0.0913978494623656,0.19900497512437812,-0.10760712566201253
p_52,t3_2qvzyh,t1_cna6cd3,t1_cna4m9p,0.12403100775193798,0.15555555555555556,-0.031524547803617575
p_54,t3_2qu6fg,t1_cn9rm4s,t1_cn9jqcy,0.11267605633802817,0.15294117647058825,-0.040265120132560075
p_55,t3_2qtorn,t1_cn9ejzb,t1_cn9ezot,0.22660098522167488,0.20670391061452514,0.019897074607149734
p_56,t3_2qslmz,t1_cn96gyu,t1_cn96797,0.2433392539964476,0.1716101694915254,0.07172908450492219
p_57,t3_2qrlmm,t1_cn8uzj9,t1_cna3vcn,0.08225108225108226,0.11811023622047244,-0.035859153969390184
p_58,t3_2qrlmm,t1_cn8va27,t1_cna3vcn,0.16712328767123288,0.11811023622047244,0.049013051450760445
p_59,t3_2qrbaf,t1_cn9b6ar,t1_cnajqzu,0.176,0.1891891891891892,-0.01318918918918921
p_60,t3_2qr8gn,t1_cn8tm9p,t1_cn8zxwa,0.16417910447761194,0.16494845360824742,-0.0007693491306354772
p_61,t3_2qr8gn,t1_cn9b5po,t1_cn8tfsm,0.23157894736842105,0.23342175066312998,-0.001842803294708928
p_62,t3_2qqxoy,t1_cn8oez8,t1_cn8o8sq,0.1511111111111111,0.1619718309859155,-0.010860719874804386
p_63,t3_2qqa7z,t1_cn8hti0,t1_cn8hi2i,0.19282511210762332,0.1736842105263158,0.019140901581307518
p_64,t3_2qnzap,t1_cn7zx81,t1_cn7wwbo,0.18688524590163935,0.19083969465648856,-0.00395444875484921
p_65,t3_2qnzap,t1_cn7x1ic,t1_cn7zlhv,0.228310502283105,0.17073170731707318,0.05757879496603183
p_66,t3_2qnu4z,t1_cn7xcvt,t1_cn8idg6,0.19753086419753085,0.21176470588235294,-0.014233841684822085
p_67,t3_2qnu4z,t1_cn7wrhe,t1_cn8idg6,0.188,0.21176470588235294,-0.023764705882352938
p_68,t3_2qncj3,t1_cn7tqy5,t1_cn7wgim,0.14393939393939395,0.15625,-0.01231060606060605
p_73,t3_2qia6o,t1_cn7l5g4,t1_cn6ogzo,0.16470588235294117,0.1390728476821192,0.02563303467082198
p_72,t3_2qia6o,t1_cn6rxow,t1_cn6ot0g,0.11933174224343675,0.17061611374407584,-0.051284371500639095
p_74,t3_2qgpie,t1_cn620d0,t1_cn5z7c0,0.11764705882352941,0.1390728476821192,-0.021425788858589784
p_77,t3_2qc1rl,t1_cn5sqpz,t1_cn50cq3,0.12794612794612795,0.16279069767441862,-0.03484456972829067
p_80,t3_2qaf6l,t1_cn4h6d8,t1_cn4ba9v,0.11659192825112108,0.13953488372093023,-0.02294295546980915
p_81,t3_2q9fkx,t1_cn46e20,t1_cn4ebjb,0.16897506925207756,0.19576719576719576,-0.026792126515118198
p_83,t3_2q6x54,t1_cn3lhe7,t1_cn3f94v,0.15584415584415584,0.140625,0.01521915584415584
p_84,t3_2q6k6o,t1_cn3clj6,t1_cn3c0uh,0.15268456375838926,0.16750418760469013,-0.014819623846300867
p_85,t3_2q6816,t1_cn3a5px,t1_cn38xe9,0.2222222222222222,0.21115537848605578,0.011066843736166426
p_86,t3_2q6816,t1_cn3875x,t1_cn3b495,0.12857142857142856,0.16326530612244897,-0.03469387755102041
p_90,t3_2q388d,t1_cn2e530,t1_cn2pyft,0.2057142857142857,0.15476190476190477,0.05095238095238094
p_91,t3_2q388d,t1_cn2eaqu,t1_cn2pyft,0.10256410256410256,0.15476190476190477,-0.05219780219780221
p_92,t3_2q388d,t1_cn2re9b,t1_cn2pyft,0.16111111111111112,0.15476190476190477,0.006349206349206354
p_93,t3_2q388d,t1_cn2e6rz,t1_cn2j7o1,0.143646408839779,0.12,0.023646408839779004
p_94,t3_2q2cxc,t1_cn28of2,t1_cn2g775,0.16194331983805668,0.17518248175182483,-0.013239161913768144
p_96,t3_2q0dpm,t1_cn1ti5g,t1_cn1p49g,0.15283842794759825,0.1761006289308176,-0.02326220098321935
p_101,t3_2pxqz4,t1_cn13ybe,t1_cn0y99z,0.13924050632911392,0.19444444444444445,-0.05520393811533053
p_98,t3_2pxqz4,t1_cn11dcw,t1_cn0y99z,0.18604651162790697,0.19444444444444445,-0.008397932816537473
p_99,t3_2pxqz4,t1_cn0znyb,t1_cn0y99z,0.1834319526627219,0.19444444444444445,-0.011012491781722561
p_100,t3_2pxqz4,t1_cn11u7e,t1_cn12dq3,0.17117117117117117,0.21739130434782608,-0.04622013317665491
p_103,t3_2pww37,t1_cn0q1m7,t1_cn0vhkj,0.14556962025316456,0.15671641791044777,-0.011146797657283214
p_105,t3_2pt2b2,t1_cmztgqz,t1_cmzvst5,0.1895424836601307,0.14925373134328357,0.04028875231684714
p_106,t3_2pt2b2,t1_cmzx0i4,t1_cmzv05o,0.10416666666666667,0.12156862745098039,-0.01740196078431372
p_107,t3_2ps2mr,t1_cmzhxux,t1_cmzyju1,0.25597269624573377,0.25290697674418605,0.0030657195015477146
p_108,t3_2pqfx4,t1_cmzmqbt,t1_cmz3fhx,0.1192214111922141,0.11387900355871886,0.00534240763349525
p_109,t3_2ppxgu,t1_cmz3fxo,t1_cmz3hz0,0.1741424802110818,0.14375,0.030392480211081818
p_110,t3_2pp7pp,t1_cmyupjh,t1_cmyxcrc,0.13527851458885942,0.1273972602739726,0.007881254314886815
p_112,t3_2pnm9s,t1_cmytc0t,t1_cmycunf,0.23622047244094488,0.2474747474747475,-0.011254275033802608
p_114,t3_2pm08t,t1_cmxwzlp,t1_cmxwyti,0.15824915824915825,0.1935483870967742,-0.03529922884761594
p_116,t3_2pjmrj,t1_cmxddb6,t1_cmxj3jh,0.18093385214007782,0.17834394904458598,0.002589903095491841
p_117,t3_2pjbkm,t1_cmx7wpk,t1_cmx81vs,0.1708542713567839,0.15023474178403756,0.020619529572746348
p_119,t3_2pjbkm,t1_cmx86kb,t1_cmx81vs,0.0748502994011976,0.15023474178403756,-0.07538444238283996
p_118,t3_2pjbkm,t1_cmx7tet,t1_cmx7r0l,0.14444444444444443,0.14450867052023122,-6.422607578679407e-05
p_120,t3_2pimzj,t1_cmx2c61,t1_cmy635r,0.09230769230769231,0.10550458715596331,-0.013196894848270996
p_122,t3_2phwfa,t1_cmwy98c,t1_cmwvzit,0.09146341463414634,0.10526315789473684,-0.013799743260590497
p_123,t3_2pfatz,t1_cmw8af0,t1_cmw5dme,0.18222222222222223,0.12169312169312169,0.060529100529100544
p_124,t3_2pf19b,t1_cmw30ng,t1_cmw5vwc,0.16412213740458015,0.19827586206896552,-0.034153724664385376
p_125,t3_2pb90y,t1_cmw6nes,t1_cmv8x0x,0.06521739130434782,0.07567567567567568,-0.010458284371327856
p_126,t3_2pata1,t1_cmuzv8n,t1_cmuzku3,0.22167487684729065,0.17647058823529413,0.04520428861199652
p_128,t3_2pata1,t1_cmv1bja,t1_cmuzw1v,0.18981481481481483,0.16304347826086957,0.026771336553945257
p_129,t3_2pata1,t1_cmv1kvh,t1_cmuzw1v,0.11494252873563218,0.16304347826086957,-0.048100949525237385
p_130,t3_2paiy7,t1_cmuuepa,t1_cmuuubv,0.12962962962962962,0.14906832298136646,-0.01943869335173684
p_132,t3_2pa8qe,t1_cmvck77,t1_cmuygdo,0.13333333333333333,0.17006802721088435,-0.03673469387755102
p_134,t3_2p8w9e,t1_cmuem3l,t1_cmuesb3,0.1736111111111111,0.1736842105263158,-7.30994152046971e-05
p_135,t3_2p8d3m,t1_cmub3xl,t1_cmuaujo,0.19607843137254902,0.22137404580152673,-0.02529561442897771
p_140,t3_2p3d0h,t1_cmsyikr,t1_cmt2dzd,0.15841584158415842,0.19900497512437812,-0.0405891335402197
p_141,t3_2p3d0h,t1_cmszlym,t1_cmszanf,0.2179930795847751,0.1906474820143885,0.0273455975703866
p_144,t3_2p11bw,t1_cmsf46p,t1_cmsib92,0.08994708994708994,0.18025751072961374,-0.0903104207825238
p_145,t3_2p0xu8,t1_cmsgy2p,t1_cmsbh89,0.12403100775193798,0.18604651162790697,-0.06201550387596899
p_148,t3_2ox2nh,t1_cmrepwp,t1_cms5gvq,0.1346938775510204,0.15669515669515668,-0.02200127914413627
p_149,t3_2ox2nh,t1_cmrgr22,t1_cms5gvq,0.13851351351351351,0.15669515669515668,-0.01818164318164317
p_151,t3_2ouj9f,t1_cmqnl31,t1_cmqrfg1,0.25980392156862747,0.16312056737588654,0.09668335419274093
p_153,t3_2ottrr,t1_cmqmfx7,t1_cmqnqbl,0.2037037037037037,0.16725978647686832,0.036443917226835376
p_155,t3_2osnqc,t1_cmqhv5l,t1_cmresyd,0.16761363636363635,0.12790697674418605,0.0397066596194503
p_157,t3_2orfda,t1_cmpt6sy,t1_cmpxkl7,0.18181818181818182,0.1591240875912409,0.022694094226940936
p_158,t3_2opfa2,t1_cmpp5ft,t1_cmpbzl7,0.1165644171779141,0.0945945945945946,0.021969822583319504
p_159,t3_2opfa2,t1_cmpb0pv,t1_cmpbzl7,0.15384615384615385,0.0945945945945946,0.059251559251559255
p_162,t3_2ook4i,t1_cmp3ql5,t1_cmp6pe7,0.19285714285714287,0.09782608695652174,0.09503105590062112
p_163,t3_2ook4i,t1_cmp3sav,t1_cmp6pe7,0.13901345291479822,0.09782608695652174,0.041187365958276476
p_164,t3_2oo3qw,t1_cmp0nen,t1_cmoz1u8,0.17922606924643583,0.21875,-0.03952393075356417
p_165,t3_2onx4o,t1_cmpcp85,t1_cmowl2j,0.16483516483516483,0.12903225806451613,0.03580290677064871
p_166,t3_2olm34,t1_cmogsmw,t1_cmobov1,0.16587677725118483,0.1507537688442211,0.015123008406963734
p_167,t3_2okzs7,t1_cmo88eb,t1_cmo4r1b,0.14583333333333334,0.1437125748502994,0.0021207584830339465
p_168,t3_2okzs7,t1_cmobl8p,t1_cmo50pz,0.17229729729729729,0.17595307917888564,-0.0036557818815883547
p_170,t3_2okad4,t1_cmo23yr,t1_cmo8tg2,0.19863013698630136,0.20833333333333334,-0.009703196347031984
p_171,t3_2okad4,t1_cmo8ojn,t1_cmoaise,0.17993079584775087,0.17625899280575538,0.0036718030419954917
p_172,t3_2oj6fq,t1_cmnogog,t1_cmnorxs,0.17338709677419356,0.11278195488721804,0.06060514188697552
p_173,t3_2oihml,t1_cmnhr07,t1_cmnhhi8,0.21465968586387435,0.17777777777777778,0.036881908086096565
p_176,t3_2od6s9,t1_cmm80hm,t1_cmm6iu4,0.15789473684210525,0.10666666666666667,0.05122807017543858
p_177,t3_2o6paa,t1_cmkar1d,t1_cmk90wu,0.19678714859437751,0.17061611374407584,0.026171034850301672
p_178,t3_2o66aa,t1_cmktxrs,t1_cmkb48q,0.22023809523809523,0.16666666666666666,0.053571428571428575
p_179,t3_2o3imb,t1_cmjfisw,t1_cmjf4wj,0.15139442231075698,0.1043956043956044,0.04699881791515258
p_180,t3_2o2kga,t1_cmj4gzw,t1_cmj4j7t,0.19463087248322147,0.17708333333333334,0.01754753914988813
p_182,t3_2o0cgz,t1_cmijvd2,t1_cmj6omn,0.12637362637362637,0.10687022900763359,0.019503397365992783
p_184,t3_2nzz4f,t1_cmig3tq,t1_cmigugj,0.23222748815165878,0.20361990950226244,0.028607578649396337
p_185,t3_2nzz4f,t1_cmig8jp,t1_cmigugj,0.228310502283105,0.20361990950226244,0.02469059278084257
p_188,t3_2nycpk,t1_cmi2cok,t1_cmi07y5,0.18,0.20202020202020202,-0.022020202020202023
p_189,t3_2nycpk,t1_cmi0pj8,t1_cmi1upk,0.12562814070351758,0.13658536585365855,-0.01095722515014097
p_192,t3_2nvoj9,t1_cmhbmic,t1_cmhh0hd,0.07692307692307693,0.19900497512437812,-0.12208189820130119
p_194,t3_2nurqb,t1_cmhj4k1,t1_cmh25d1,0.14893617021276595,0.17391304347826086,-0.024976873265494914
p_197,t3_2ns94k,t1_cmge1ce,t1_cmgdr4w,0.16923076923076924,0.19230769230769232,-0.023076923076923078
p_201,t3_2nn1t8,t1_cmf6dis,t1_cmf9lck,0.1806981519507187,0.15690866510538642,0.023789486845332275
p_203,t3_2nlqpd,t1_cmep4vb,t1_cmescql,0.14953271028037382,0.1310344827586207,0.01849822752175312
p_204,t3_2njpov,t1_cme8uee,t1_cme7zu7,0.20567375886524822,0.16666666666666666,0.03900709219858156
p_207,t3_2nhvh5,t1_cme6tfj,t1_cme00q3,0.15702479338842976,0.20618556701030927,-0.04916077362187951
p_208,t3_2nfgyu,t1_cmd8966,t1_cmdakad,0.17834394904458598,0.1322314049586777,0.046112544085908286
p_210,t3_2nfgyu,t1_cmdtb2g,t1_cmdla4k,0.07954545454545454,0.14285714285714285,-0.0633116883116883
p_211,t3_2neyur,t1_cmd1tqr,t1_cmd1oh5,0.16151202749140894,0.15878378378378377,0.002728243707625172
p_212,t3_2nejw6,t1_cmcw398,t1_cmcx4w0,0.14583333333333334,0.11764705882352941,0.028186274509803932
p_213,t3_2ndhkz,t1_cmd8rka,t1_cmco92x,0.09195402298850575,0.17318435754189945,-0.08123033455339371
p_214,t3_2nccrb,t1_cmcdwlz,t1_cmcd35f,0.12578616352201258,0.171875,-0.04608883647798742
p_215,t3_2nbz5b,t1_cmca2tl,t1_cmcmvds,0.15625,0.18681318681318682,-0.030563186813186816
p_218,t3_2nbeuf,t1_cmcfhk8,t1_cmc4eif,0.1565217391304348,0.11707317073170732,0.03944856839872747
p_217,t3_2nbeuf,t1_cmcdl7k,t1_cmcs0t1,0.13114754098360656,0.0989010989010989,0.03224644208250767
p_222,t3_2n8psp,t1_cmbkvaw,t1_cmbempi,0.16666666666666666,0.18385650224215247,-0.017189835575485812
p_224,t3_2n8psp,t1_cmbnpay,t1_cmbzbs2,0.17094017094017094,0.15988372093023256,0.011056450009938379
p_225,t3_2n8psp,t1_cmc2p7e,t1_cmbi6o3,0.20238095238095238,0.18181818181818182,0.02056277056277056
p_226,t3_2n6s5w,t1_cmav500,t1_cmax5qt,0.14647887323943662,0.15025906735751296,-0.003780194118076341
p_227,t3_2n4aay,t1_cmac7sf,t1_cma6qfq,0.0915032679738562,0.18110236220472442,-0.08959909423086822
p_229,t3_2n2wu5,t1_cm9u4m0,t1_cm9uau6,0.16923076923076924,0.12987012987012986,0.03936063936063938
p_230,t3_2mzkhr,t1_cm931kl,t1_cm92k7o,0.14634146341463414,0.2054794520547945,-0.05913798864016037
p_232,t3_2mw3l4,t1_cm83s8f,t1_cm875yc,0.1569767441860465,0.12987012987012986,0.027106614315916655
p_234,t3_2mv3n4,t1_cm83yv8,t1_cm805jt,0.21967963386727687,0.15859030837004406,0.06108932549723281
p_236,t3_2mr590,t1_cm6tqwt,t1_cm6umtg,0.18902439024390244,0.16901408450704225,0.02001030573686019
p_237,t3_2mqzo8,t1_cm6skkb,t1_cm6usez,0.10723860589812333,0.15846994535519127,-0.05123133945706794
p_238,t3_2mqujn,t1_cm7jdj2,t1_cm6wgd3,0.1036036036036036,0.17575757575757575,-0.07215397215397215
p_239,t3_2mq7ib,t1_cm6ltar,t1_cm6oe3f,0.12080536912751678,0.1510791366906475,-0.030273767563130702
p_240,t3_2mptvb,t1_cm6m7jr,t1_cm6q0wq,0.23121387283236994,0.2107728337236534,0.02044103910871653
p_241,t3_2mo4fl,t1_cm613kx,t1_cm5zuuo,0.20149253731343283,0.13524590163934427,0.06624663567408856
p_242,t3_2mnthx,t1_cm5xikh,t1_cm660yf,0.15846994535519127,0.1388888888888889,0.01958105646630237
p_245,t3_2mnthx,t1_cm627rv,t1_cm660yf,0.1323529411764706,0.1388888888888889,-0.006535947712418305
p_246,t3_2mnpdh,t1_cm6nlky,t1_cm65r7g,0.1583011583011583,0.16272189349112426,-0.004420735189965969
p_248,t3_2mm2dl,t1_cm5j6hr,t1_cm5iqtr,0.10784313725490197,0.18699186991869918,-0.07914873266379721
p_247,t3_2mm2dl,t1_cm5ikfo,t1_cm5imes,0.11949685534591195,0.17699115044247787,-0.05749429509656592
p_249,t3_2mlvww,t1_cm5gv0j,t1_cm5fmvt,0.18660287081339713,0.14871794871794872,0.037884922095448414
p_250,t3_2mikc0,t1_cm4o1vc,t1_cm4l9f4,0.18253968253968253,0.16083916083916083,0.021700521700521697
p_251,t3_2mfr85,t1_cm3vvc3,t1_cm3xij2,0.15668202764976957,0.1256544502617801,0.031027577387989475
p_252,t3_2mfr85,t1_cm3wzw1,t1_cm3s6tg,0.15326633165829145,0.20238095238095238,-0.04911462072266093
p_255,t3_2mczo6,t1_cm330i1,t1_cm36hij,0.12021857923497267,0.1590909090909091,-0.038872329855936416
p_257,t3_2m9le3,t1_cm2e6er,t1_cm31flt,0.18807339449541285,0.2255125284738041,-0.03743913397839124
p_258,t3_2m9le3,t1_cm2g5du,t1_cm31flt,0.21379310344827587,0.2255125284738041,-0.011719425025528224
p_259,t3_2m9ifg,t1_cm26bmh,t1_cm2cio0,0.08090614886731391,0.07641196013289037,0.004494188734423546
p_260,t3_2m5248,t1_cm11puj,t1_cm1w5lh,0.13445378151260504,0.13414634146341464,0.0003074400491903939
p_261,t3_2m34jb,t1_cm0licf,t1_cm0sbmk,0.1890547263681592,0.15773809523809523,0.03131663113006397
p_262,t3_2lzrmg,t1_clzo5rz,t1_clzn6zp,0.2242152466367713,0.20634920634920634,0.01786604028756497
p_263,t3_2lzrmg,t1_clzq2xu,t1_clzow1h,0.26337448559670784,0.20759493670886076,0.055779548887847086
p_264,t3_2lzhcj,t1_clzk61h,t1_clzmzlv,0.15934065934065933,0.15337423312883436,0.005966426211824971
p_265,t3_2lxha7,t1_clz4fjz,t1_clz6u94,0.203579418344519,0.11470588235294117,0.08887353599157784
p_266,t3_2lxha7,t1_clz6dii,t1_clz2zlh,0.23684210526315788,0.14606741573033707,0.09077468953282081
p_267,t3_2lxha7,t1_clz6jmw,t1_clz6u94,0.1860986547085202,0.11470588235294117,0.07139277235557902
p_268,t3_2lwzlt,t1_clyyqcm,t1_clyz82q,0.14334470989761092,0.14516129032258066,-0.0018165804249697382
p_269,t3_2lwzlt,t1_clz3eem,t1_clyzhrn,0.1721132897603486,0.14241486068111456,0.029698429079234034
p_270,t3_2lwv67,t1_clywrsu,t1_clywnxb,0.14705882352941177,0.14473684210526316,0.002321981424148606
p_272,t3_2lvdpt,t1_clykbog,t1_clyi7eq,0.15458937198067632,0.16939890710382513,-0.01480953512314881
p_274,t3_2lvano,t1_clyh39w,t1_clyhfb1,0.1320754716981132,0.14432989690721648,-0.012254425209103276
p_275,t3_2luhkp,t1_clyejs2,t1_clyfg14,0.16049382716049382,0.1574074074074074,0.0030864197530864057
p_277,t3_2ls0mt,t1_clxsuzu,t1_clxs28i,0.11297071129707113,0.1073170731707317,0.0056536381263394275
p_278,t3_2lrnbm,t1_clxhtmt,t1_clxl2fj,0.21153846153846154,0.1875,0.024038461538461536
p_279,t3_2lqmp9,t1_clxaoqd,t1_clxmady,0.11347517730496454,0.14450867052023122,-0.03103349321526669
p_283,t3_2lorq2,t1_clwr4fw,t1_clwvc1q,0.20233463035019456,0.17293233082706766,0.029402299523126896
p_286,t3_2lo786,t1_clwsiei,t1_clwl8yv,0.15081967213114755,0.15450643776824036,-0.0036867656370928037
p_287,t3_2lo786,t1_clwrur8,t1_clwvtrz,0.1291866028708134,0.16756756756756758,-0.03838096469675417
p_289,t3_2llfy2,t1_clvxvqf,t1_clvyf5z,0.23684210526315788,0.14798206278026907,0.08886004248288881
p_288,t3_2llfy2,t1_clvxvbb,t1_clvyf5z,0.22868217054263565,0.14798206278026907,0.08070010776236658
p_290,t3_2ljn6y,t1_clvf7hk,t1_clvgued,0.15767634854771784,0.09302325581395349,0.06465309273376435
p_291,t3_2ljn6y,t1_clvf3sn,t1_clvg96j,0.11726384364820847,0.15267175572519084,-0.03540791207698238
p_293,t3_2lhzxl,t1_cluxxzr,t1_cluy5d5,0.16727272727272727,0.1576923076923077,0.00958041958041958
p_294,t3_2lhzxl,t1_cluy594,t1_cluzvgm,0.1543859649122807,0.1993006993006993,-0.04491473438841859
p_296,t3_2le6r2,t1_cltxkan,t1_cltxdco,0.14857142857142858,0.14473684210526316,0.0038345864661654128
p_298,t3_2ldsgu,t1_cltyfh2,t1_cltt3fn,0.16129032258064516,0.2823529411764706,-0.12106261859582543
p_302,t3_2l9paa,t1_clspte1,t1_clsvj5h,0.20089285714285715,0.13664596273291926,0.06424689440993789
p_303,t3_2l6x4s,t1_cls2ahn,t1_cls2eiw,0.16058394160583941,0.10408921933085502,0.056494722274984394
p_305,t3_2l6s0m,t1_cls56tt,t1_cls5hqx,0.1558139534883721,0.1708185053380783,-0.0150045518497062
p_306,t3_2l3xj1,t1_clrpq69,t1_clrfe8c,0.13471502590673576,0.08974358974358974,0.044971436163146014
p_307,t3_2kypt8,t1_clpvnyi,t1_clpvnbz,0.1414141414141414,0.16521739130434782,-0.023803249890206407
p_308,t3_2kypt8,t1_clpwjwi,t1_clpzajn,0.16374269005847952,0.18125,-0.01750730994152047
p_309,t3_2kx0t8,t1_clphwg9,t1_clpl2cj,0.1206896551724138,0.09259259259259259,0.02809706257982121
p_311,t3_2kuu7n,t1_clp4w50,t1_cloyjd8,0.18396226415094338,0.22957198443579765,-0.04560972028485427
p_310,t3_2kuu7n,t1_clp4b7x,t1_clp3n3x,0.14576271186440679,0.19736842105263158,-0.051605709188224796
p_313,t3_2kqfel,t1_clnulai,t1_clntjxy,0.07142857142857142,0.10495049504950495,-0.03352192362093352
p_314,t3_2kqfel,t1_clnttl9,t1_clomsf7,0.17221135029354206,0.15157116451016636,0.020640185783375703
p_315,t3_2kose9,t1_clnb50a,t1_clnb6hg,0.15324165029469547,0.16725978647686832,-0.014018136182172847
p_316,t3_2ko5tx,t1_cln523m,t1_cln4fit,0.16666666666666666,0.18115942028985507,-0.014492753623188415
p_318,t3_2kkqbm,t1_clmbeod,t1_clm9hyb,0.1771117166212534,0.2411764705882353,-0.06406475396698189
p_319,t3_2kko3q,t1_clm9cj5,t1_clmew0k,0.18503937007874016,0.10964912280701754,0.07539024727172262
p_322,t3_2kko3q,t1_clmb52s,t1_clm9cuo,0.1927710843373494,0.17875647668393782,0.014014607653411587
p_324,t3_2kk7pc,t1_clm4luc,t1_clm2hsa,0.16475095785440613,0.23696682464454977,-0.07221586679014363
p_325,t3_2kgrtb,t1_cll64ro,t1_cll7z9y,0.1477832512315271,0.16379310344827586,-0.01600985221674875
p_326,t3_2kgrtb,t1_cll6vkk,t1_cll7z9y,0.1605351170568562,0.16379310344827586,-0.003257986391419665
p_328,t3_2kdqq8,t1_clkkhs8,t1_clktv9z,0.14767932489451477,0.16666666666666666,-0.01898734177215189
p_330,t3_2kcnzq,t1_clk2ygk,t1_clk0kv6,0.11875,0.2019704433497537,-0.0832204433497537
p_331,t3_2kacra,t1_cljftmb,t1_cljqwum,0.16939890710382513,0.2087912087912088,-0.03939230168738367
p_332,t3_2ka7la,t1_cljglg2,t1_cljepyl,0.12142857142857143,0.20496894409937888,-0.08354037267080745
p_333,t3_2k7hdx,t1_clirc4j,t1_clio0tt,0.13846153846153847,0.171875,-0.03341346153846153
p_334,t3_2k6r90,t1_clih2os,t1_clih4bd,0.13554987212276215,0.13677811550151975,-0.0012282433787575986
p_335,t3_2k6r90,t1_clij0jm,t1_clih4bd,0.1334841628959276,0.13677811550151975,-0.0032939526055921486
p_336,t3_2k6r90,t1_cliklzw,t1_cligqv5,0.144,0.15625,-0.012250000000000011
p_337,t3_2k6r90,t1_clifxg1,t1_cligjkm,0.12886597938144329,0.07386363636363637,0.05500234301780692
p_338,t3_2k6gif,t1_clicob1,t1_clifs1j,0.14018691588785046,0.14285714285714285,-0.002670226969292394
p_339,t3_2k4hym,t1_clhtpwj,t1_clhv3j1,0.1111111111111111,0.140625,-0.029513888888888895
p_340,t3_2k49mm,t1_clhusz2,t1_clhupbu,0.1926605504587156,0.18064516129032257,0.012015389168393037
p_341,t3_2k3k0f,t1_clhk37s,t1_clhkbr9,0.1888111888111888,0.14615384615384616,0.04265734265734264
p_342,t3_2k3k0f,t1_clhqb2i,t1_clhkbr9,0.14507772020725387,0.14615384615384616,-0.0010761259465922879
p_343,t3_2k38kl,t1_clhr282,t1_clhhr4x,0.11614730878186968,0.09202453987730061,0.024122768904569075
p_344,t3_2k36w0,t1_clhgvwv,t1_cli2kib,0.19310344827586207,0.2323943661971831,-0.03929091792132103
p_345,t3_2k36w0,t1_cli8oco,t1_clhjrth,0.1487603305785124,0.1718213058419244,-0.023060975263411998
p_346,t3_2k2szz,t1_clhdjlr,t1_clhg601,0.15135135135135136,0.125,0.02635135135135136
p_347,t3_2k1utj,t1_clh4smk,t1_clh4kow,0.18518518518518517,0.11764705882352941,0.06753812636165576
p_348,t3_2k1utj,t1_clh4t7a,t1_clhgd1b,0.19444444444444445,0.1323529411764706,0.06209150326797386
p_349,t3_2k1utj,t1_clhb9mi,t1_clh4kow,0.125,0.11764705882352941,0.00735294117647059
p_351,t3_2k1puo,t1_clh63i4,t1_clh5f05,0.08349900596421471,0.07296137339055794,0.010537632573656766
p_352,t3_2k1puo,t1_clh65uf,t1_clhvr2d,0.23397435897435898,0.13636363636363635,0.09761072261072262
p_353,t3_2k1puo,t1_clh65j4,t1_clhvr2d,0.16015625,0.13636363636363635,0.023792613636363646
p_354,t3_2k1puo,t1_cli979e,t1_clhkzsx,0.09369024856596558,0.1306930693069307,-0.037002820740965114
p_355,t3_2k19cr,t1_clgz4c8,t1_clh5opp,0.12167300380228137,0.14516129032258066,-0.023488286520299287
p_357,t3_2k19cr,t1_clgz8mq,t1_clh4fvz,0.20365535248041775,0.18507462686567164,0.018580725614746108
p_358,t3_2k17kl,t1_clhphu8,t1_clgytu5,0.0,0.15677966101694915,-0.15677966101694915
p_359,t3_2k16fy,t1_clh464b,t1_clh7dae,0.17142857142857143,0.16883116883116883,0.0025974025974025983
p_360,t3_2k0t4m,t1_clh2kiw,t1_cliiz93,0.17295597484276728,0.14855072463768115,0.024405250205086132
p_362,t3_2k08pw,t1_clgrnar,t1_clgppqb,0.1518987341772152,0.109375,0.042523734177215194
p_367,t3_2jvv3h,t1_clfmf4m,t1_clfkc2t,0.12663755458515283,0.096,0.030637554585152826
p_368,t3_2jug85,t1_clf92x6,t1_clfbqwz,0.16,0.125,0.035
p_369,t3_2jug85,t1_clf7frm,t1_clffyeo,0.20754716981132076,0.14146341463414633,0.06608375517717444
p_370,t3_2ju07o,t1_clf6o33,t1_clf2f0m,0.16265060240963855,0.18232044198895028,-0.019669839579311732
p_371,t3_2jtpcj,t1_clf007u,t1_clf0si6,0.2715654952076677,0.1910569105691057,0.080508584638562
p_372,t3_2jr2px,t1_clec1be,t1_clefsfa,0.19138755980861244,0.2122905027932961,-0.020902942984683648
p_373,t3_2jpazx,t1_cldtopl,t1_cldtw4w,0.11895910780669144,0.14285714285714285,-0.023898035050451405
p_374,t3_2jp9x4,t1_cldt2z1,t1_cldu76n,0.1210762331838565,0.16292134831460675,-0.041845115130750246
p_375,t3_2jp9x4,t1_clekeze,t1_clegi91,0.14166666666666666,0.12972972972972974,0.011936936936936926
p_378,t3_2jk5tw,t1_clciqy4,t1_clcualb,0.18213058419243985,0.1329479768786127,0.04918260731382715
p_380,t3_2jk4dx,t1_clcyeh9,t1_clcuzkf,0.17889908256880735,0.1574074074074074,0.021491675161399937
p_382,t3_2jgtvo,t1_clbpx86,t1_clbm2rj,0.12121212121212122,0.15454545454545454,-0.033333333333333326
p_383,t3_2jd1e2,t1_clal24g,t1_clanf9e,0.125,0.15527950310559005,-0.03027950310559005
p_384,t3_2jd1e2,t1_clarvlb,t1_clanf9e,0.16666666666666666,0.15527950310559005,0.011387163561076608
p_385,t3_2jd1e2,t1_claktmk,t1_clanf9e,0.15846994535519127,0.15527950310559005,0.0031904422496012164
p_387,t3_2jaz9o,t1_claaior,t1_cla6j13,0.1111111111111111,0.16296296296296298,-0.05185185185185187
p_388,t3_2jalt8,t1_clawz3s,t1_cla00dw,0.16544117647058823,0.171875,-0.00643382352941177
p_389,t3_2jalrh,t1_cl9xfk4,t1_cl9zbqs,0.12682926829268293,0.09859154929577464,0.028237718996908287
p_390,t3_2jaiv1,t1_cl9wvir,t1_cl9x4n6,0.22009569377990432,0.17415730337078653,0.04593839040911779
p_391,t3_2j7xhu,t1_cl97sqh,t1_cl96t4g,0.1564625850340136,0.1276595744680851,0.028803010565928516
p_394,t3_2j7gwy,t1_cl96wx9,t1_cl9fm82,0.20038167938931298,0.19433198380566802,0.0060496955836449595
p_395,t3_2j7gwy,t1_cl9cn39,t1_cl9dn9l,0.14798206278026907,0.11633663366336634,0.031645429116902726
p_396,t3_2j7d65,t1_cl91nh6,t1_cl91k1d,0.20987654320987653,0.1510791366906475,0.058797406519229045
p_398,t3_2j6t16,t1_cl92lzn,t1_cl97wok,0.14606741573033707,0.14782608695652175,-0.0017586712261846715
p_400,t3_2j5jvu,t1_cl9bkpg,t1_cl8o6tc,0.18153846153846154,0.13142857142857142,0.050109890109890115
p_403,t3_2j3b5u,t1_cl80w0h,t1_cl8gnj4,0.08173076923076923,0.0881057268722467,-0.006374957641477469
p_407,t3_2j3b5u,t1_cl8dhjd,t1_cl85v1i,0.1975806451612903,0.17647058823529413,0.021110056925996185
p_406,t3_2j3b5u,t1_cl89ycu,t1_cl85v1i,0.2253968253968254,0.17647058823529413,0.04892623716153127
p_408,t3_2j3aav,t1_cl840b4,t1_cl849y1,0.155,0.18518518518518517,-0.030185185185185176
p_409,t3_2j28la,t1_cl7q1dy,t1_cl858g0,0.16666666666666666,0.1375,0.029166666666666646
p_410,t3_2j28la,t1_cl7p4at,t1_cl83vyl,0.1523809523809524,0.1595744680851064,-0.0071935157041539965
p_411,t3_2j28la,t1_cl7ri4n,t1_cl858g0,0.21559633027522937,0.1375,0.07809633027522936
p_412,t3_2j28la,t1_cl81bji,t1_cl858g0,0.17006802721088435,0.1375,0.03256802721088434
p_413,t3_2j196u,t1_cl7nh5y,t1_cl7qbkn,0.17445482866043613,0.17664670658682635,-0.0021918779263902233
p_415,t3_2izt1m,t1_cl7icjq,t1_cl7elqy,0.1536231884057971,0.12666666666666668,0.026956521739130435
p_416,t3_2izt1m,t1_cl7sekd,t1_cl75zb3,0.17795275590551182,0.19571865443425077,-0.017765898528738944
p_418,t3_2izjkk,t1_cl6xo3s,t1_cl74g9q,0.20224719101123595,0.1641025641025641,0.03814462690867185
p_419,t3_2izjkk,t1_cl6ygkg,t1_cl6xy7n,0.2,0.16153846153846155,0.038461538461538464
p_420,t3_2izeqi,t1_cl6wpkg,t1_cl6w17t,0.14022140221402213,0.22994652406417113,-0.089725121850149
p_422,t3_2ixmih,t1_cl6muq9,t1_cl6mipr,0.12585812356979406,0.1590909090909091,-0.03323278552111503
p_423,t3_2ixmih,t1_cl6ozsr,t1_cl6o7jv,0.2154255319148936,0.20689655172413793,0.00852898019075568
p_427,t3_2ixatz,t1_cl8dw9u,t1_cl6g9da,0.09375,0.15128205128205127,-0.05753205128205127
p_425,t3_2ixatz,t1_cl6fauf,t1_cl6z31r,0.14979757085020243,0.095,0.054797570850202426
p_426,t3_2ixatz,t1_cl6iqft,t1_cl6gf5b,0.11822660098522167,0.11398963730569948,0.004236963679522185
p_428,t3_2iwzsp,t1_cl6ay84,t1_cl6c988,0.1576923076923077,0.15425531914893617,0.0034369885433715164
p_429,t3_2iwzsp,t1_cl6bhfy,t1_cl6c988,0.14634146341463414,0.15425531914893617,-0.007913855734302033
p_430,t3_2iwveo,t1_cl6b8u3,t1_cl69lxd,0.1972318339100346,0.19827586206896552,-0.0010440281589309264
p_431,t3_2iwveo,t1_cl800qa,t1_cl69lxd,0.15555555555555556,0.19827586206896552,-0.04272030651340997
p_432,t3_2ivx0l,t1_cl67lqu,t1_cl67bty,0.21511627906976744,0.22167487684729065,-0.006558597777523212
p_434,t3_2iv4za,t1_cl5slm3,t1_cl5s53p,0.0967741935483871,0.1323529411764706,-0.035578747628083496
p_435,t3_2iuaxc,t1_cl5nwpb,t1_cl5jk46,0.18685121107266436,0.1449814126394052,0.041869798433259164
p_437,t3_2isiv7,t1_cl525xl,t1_cl549xt,0.1643192488262911,0.11538461538461539,0.0489346334416757
p_439,t3_2irrk7,t1_cl4wjj0,t1_cl4u4v3,0.195,0.1457286432160804,0.04927135678391961
p_438,t3_2irrk7,t1_cl4wdvv,t1_cl52znp,0.16182572614107885,0.19953596287703015,-0.03771023673595131
p_440,t3_2irrk7,t1_cl4y7m2,t1_cl58m5a,0.2003610108303249,0.16129032258064516,0.03907068824967974
p_441,t3_2ir1vh,t1_cl4nafc,t1_cl4pno4,0.26380368098159507,0.17333333333333334,0.09047034764826173
p_443,t3_2iovvi,t1_cl43i7i,t1_cl42uon,0.16272965879265092,0.1700507614213198,-0.007321102628668891
p_444,t3_2inzpj,t1_cl3wpb9,t1_cl3udkv,0.15486725663716813,0.1875,-0.03263274336283187
p_445,t3_2ina28,t1_cl3s9jc,t1_cl3neuz,0.1791044776119403,0.11278195488721804,0.06632252272472225
p_449,t3_2il3zi,t1_cl3rzx9,t1_cl3bvmc,0.18592964824120603,0.20152091254752852,-0.015591264306322489
p_450,t3_2ikw3y,t1_cl371yt,t1_cl333zm,0.11627906976744186,0.11734693877551021,-0.0010678690080683506
p_451,t3_2iht9m,t1_cl2lqsw,t1_cl2gvmp,0.13105413105413105,0.1148936170212766,0.016160514032854456
p_452,t3_2igw1u,t1_cl25sfq,t1_cl22odo,0.2109004739336493,0.17333333333333334,0.03756714060031596
p_453,t3_2idrbt,t1_cl1a71q,t1_cl1ab8j,0.2,0.15918367346938775,0.04081632653061226
p_454,t3_2idrbt,t1_cl1duod,t1_cl1dfkj,0.1810344827586207,0.2139917695473251,-0.03295728678870441
p_455,t3_2icu72,t1_cl11doa,t1_cl1s0iw,0.17142857142857143,0.17488789237668162,-0.0034593209481101894
p_456,t3_2ia71k,t1_cl0aa4e,t1_cl09ezh,0.18023255813953487,0.2074468085106383,-0.02721425037110342
p_457,t3_2ia687,t1_cl09frn,t1_cl0qx79,0.10891089108910891,0.15476190476190477,-0.04585101367279586
p_460,t3_2i87x9,t1_ckzt3jo,t1_ckzrx1b,0.09954751131221719,0.13612565445026178,-0.0365781431380446
p_461,t3_2i7mpy,t1_ckzo815,t1_ckzptel,0.1735159817351598,0.13953488372093023,0.03398109801422958
p_464,t3_2i74db,t1_ckzhoas,t1_ckzmg42,0.1927710843373494,0.18442622950819673,0.008344854829152676
p_466,t3_2i74db,t1_ckzk199,t1_ckzh5vf,0.12571428571428572,0.11392405063291139,0.011790235081374334
p_465,t3_2i74db,t1_ckzhr6u,t1_ckzmg42,0.18719211822660098,0.18442622950819673,0.002765888718404247
p_467,t3_2i74db,t1_ckzp8g2,t1_ckzhplg,0.09933774834437085,0.14285714285714285,-0.043519394512771994
p_468,t3_2i74db,t1_cl0olzx,t1_ckzivxw,0.18932038834951456,0.13186813186813187,0.05745225648138269
p_469,t3_2i6wcg,t1_ckzjivu,t1_ckzqgtr,0.18211920529801323,0.15163934426229508,0.030479861035718148
p_470,t3_2i6sq2,t1_ckzd013,t1_ckzmvnc,0.06875,0.06707317073170732,0.0016768292682926844
p_472,t3_2i53gm,t1_ckyxxzr,t1_ckzkrjm,0.16666666666666666,0.16326530612244897,0.003401360544217691
p_474,t3_2i53gm,t1_ckyxdye,t1_ckyz4tk,0.15833333333333333,0.13513513513513514,0.023198198198198183
p_473,t3_2i53gm,t1_ckz0h04,t1_ckzj5lk,0.16346153846153846,0.1906779661016949,-0.027216427640156443
p_475,t3_2i4ujn,t1_ckz1of3,t1_ckyu5rm,0.1858974358974359,0.1327683615819209,0.053129074315515
p_476,t3_2i48ap,t1_ckyt6o8,t1_ckyqbf3,0.21363636363636362,0.17714285714285713,0.036493506493506495
p_477,t3_2i1d99,t1_ckxyj6k,t1_cky3jbs,0.18050541516245489,0.11956521739130435,0.060940197771150534
p_479,t3_2i0v1l,t1_ckxu8a4,t1_cky4z54,0.13559322033898305,0.16230366492146597,-0.026710444582482923
p_480,t3_2i0v1l,t1_ckxvp3i,t1_cky4z54,0.1347305389221557,0.16230366492146597,-0.027573125999310277
p_481,t3_2i0v1l,t1_ckxu3sn,t1_cky4z54,0.11988304093567251,0.16230366492146597,-0.042420623985793465
p_483,t3_2i0v1l,t1_ckxu3jp,t1_cky4z54,0.20232558139534884,0.16230366492146597,0.04002191647388287
p_482,t3_2i0v1l,t1_cky0241,t1_ckyf89q,0.14714714714714713,0.16875,-0.021602852852852877
p_484,t3_2hzyl1,t1_cky1hsp,t1_ckxtqoy,0.12727272727272726,0.13306451612903225,-0.005791788856304991
p_485,t3_2hxjbt,t1_ckx3oiu,t1_ckwx420,0.17090069284064666,0.11748633879781421,0.05341435404283244
p_486,t3_2hxjbt,t1_ckx4axr,t1_ckwx420,0.16818181818181818,0.11748633879781421,0.05069547938400397
p_488,t3_2hwulu,t1_ckwq1jd,t1_ckwq945,0.11734693877551021,0.13551401869158877,-0.018167079916078563
p_490,t3_2htrl3,t1_ckw2y0n,t1_ckvy6x4,0.22186495176848875,0.18691588785046728,0.03494906391802147
p_491,t3_2htk52,t1_ckvvxkp,t1_ckvx0ev,0.12169312169312169,0.13580246913580246,-0.014109347442680775
p_492,t3_2htk52,t1_ckvxkvc,t1_ckvx0ev,0.13157894736842105,0.13580246913580246,-0.004223521767381416
p_493,t3_2hr75i,t1_ckv9zqs,t1_ckv9rr3,0.1746031746031746,0.15873015873015872,0.015873015873015872
p_496,t3_2hpa2d,t1_ckuqod3,t1_ckuzhiu,0.18181818181818182,0.19072164948453607,-0.008903467666354248
p_498,t3_2ho91q,t1_ckvcw78,t1_ckuhjc3,0.1513157894736842,0.1724137931034483,-0.02109800362976408
p_499,t3_2hiuav,t1_ckt28ag,t1_ckt2g63,0.2166172106824926,0.21153846153846154,0.005078749144031058
p_500,t3_2hfggr,t1_cks62en,t1_cks5dxq,0.1457142857142857,0.23076923076923078,-0.08505494505494507
p_501,t3_2hevmr,t1_cks71oj,t1_cks21ow,0.13636363636363635,0.16798732171156894,-0.031623685347932584
p_503,t3_2hcsbm,t1_ckrirh7,t1_ckrgs3i,0.049586776859504134,0.04,0.009586776859504133
p_504,t3_2hcsbm,t1_ckrm2w9,t1_ckrhha6,0.04375,0.0625,-0.018750000000000003
p_505,t3_2hcri1,t1_ckrh2wh,t1_ckrggw4,0.1711229946524064,0.11764705882352941,0.053475935828877
p_506,t3_2hcri1,t1_ckrjgy3,t1_ckrggw4,0.21604938271604937,0.11764705882352941,0.09840232389251996
p_508,t3_2h86d3,t1_ckqarz7,t1_ckqhhuu,0.18032786885245902,0.17159763313609466,0.00873023571636436
p_509,t3_2h86d3,t1_ckqafe5,t1_ckqce1l,0.16521739130434782,0.12365591397849462,0.04156147732585319
p_511,t3_2h4eyz,t1_ckpc76o,t1_ckp9n1i,0.1297709923664122,0.13076923076923078,-0.0009982384028185687
p_513,t3_2h0jzj,t1_ckohl81,t1_ckodwsx,0.18958611481975968,0.13346613545816732,0.056119979361592354
p_514,t3_2h0jzj,t1_ckoe0hf,t1_ckodwsx,0.18021201413427562,0.13346613545816732,0.0467458786761083
p_516,t3_2gzzdj,t1_cko4w0c,t1_cko704v,0.17341040462427745,0.12169312169312169,0.05171728293115577
p_519,t3_2gydya,t1_cknrbir,t1_cknn53g,0.22777777777777777,0.1925133689839572,0.03526440879382056
p_520,t3_2gydya,t1_ckoa0em,t1_ckoa7jr,0.20093457943925233,0.19135802469135801,0.009576554747894317
p_522,t3_2gutfw,t1_ckmqhcy,t1_ckmsmic,0.15810276679841898,0.15202702702702703,0.006075739771391947
p_523,t3_2gutfw,t1_ckmsso5,t1_ckmp2m8,0.17875647668393782,0.17625899280575538,0.0024974838781824382
p_524,t3_2gutfw,t1_ckmpz17,t1_ckn0chh,0.1760797342192691,0.1091703056768559,0.06690942854241319
p_525,t3_2gsjt4,t1_ckm3eez,t1_ckm57gi,0.17567567567567569,0.23636363636363636,-0.060687960687960674
p_526,t3_2gsjkx,t1_ckm3upz,t1_ckm3me9,0.17763157894736842,0.16417910447761194,0.013452474469756476
p_527,t3_2gscl8,t1_ckm3j6s,t1_ckm1x6y,0.17032967032967034,0.21304347826086956,-0.04271380793119922
p_529,t3_2gpy69,t1_cklkgsr,t1_cklrd7q,0.11917098445595854,0.14285714285714285,-0.023686158401184307
p_532,t3_2gmkz2,t1_ckkm4uh,t1_ckkl832,0.16129032258064516,0.1791044776119403,-0.01781415503129513
p_534,t3_2glozx,t1_ckkahw7,t1_ckkcrue,0.20634920634920634,0.18579234972677597,0.02055685662243037
p_535,t3_2glozx,t1_ckkb7k5,t1_ckkcgtt,0.17880794701986755,0.20408163265306123,-0.025273685633193682
p_536,t3_2gliyk,t1_ckk9blv,t1_ckk9cif,0.1829787234042553,0.1306122448979592,0.05236647850629611
p_537,t3_2gliyk,t1_ckkaypu,t1_ckkhubk,0.16720257234726688,0.11764705882352941,0.049555513523737466
p_538,t3_2gkv97,t1_ckk5d7b,t1_ckk2eje,0.10596026490066225,0.20238095238095238,-0.09642068748029013
p_541,t3_2ghosx,t1_ckj7oyl,t1_ckj8bt9,0.1955128205128205,0.17721518987341772,0.01829763063940279
p_542,t3_2ggq4d,t1_ckiyftg,t1_ckiyjmb,0.1711229946524064,0.1744186046511628,-0.003295609998756388
p_543,t3_2ggppl,t1_ckixuwj,t1_ckixo4m,0.16101694915254236,0.14009661835748793,0.020920330795054426
p_545,t3_2ggppl,t1_ckiyv6o,t1_ckiz87f,0.15668202764976957,0.12844036697247707,0.0282416606772925
p_547,t3_2ggeie,t1_ckj0ypi,t1_ckiurpd,0.11602209944751381,0.1335149863760218,-0.017492886928507992
p_548,t3_2gf3at,t1_ckjbl54,t1_ckioyq4,0.18285714285714286,0.13333333333333333,0.049523809523809526
p_551,t3_2gdd35,t1_cki0iqm,t1_cki80vu,0.14583333333333334,0.13978494623655913,0.006048387096774216
p_554,t3_2g83sk,t1_ckgpxl1,t1_ckgjkvd,0.13157894736842105,0.102803738317757,0.02877520905066404
p_555,t3_2g6mpl,t1_ckg55ez,t1_ckg4zgn,0.20422535211267606,0.2222222222222222,-0.017996870109546148
p_556,t3_2g4ifu,t1_ckfqk9u,t1_ckfshmt,0.12992125984251968,0.17721518987341772,-0.047293930030898046
p_559,t3_2g2vzd,t1_ckf6qtu,t1_ckf4pc7,0.2391304347826087,0.12037037037037036,0.11876006441223834
p_561,t3_2g2dg1,t1_ckf6526,t1_ckg1de7,0.16777041942604856,0.19471947194719472,-0.026949052521146155
p_562,t3_2g1ea5,t1_ckeqq3q,t1_ckesi7g,0.2100456621004566,0.18598382749326145,0.02406183460719516
p_564,t3_2g1ea5,t1_ckersg9,t1_cket437,0.18023255813953487,0.2,-0.01976744186046514
p_565,t3_2g1ea5,t1_cket8bk,t1_cket39p,0.06930693069306931,0.12171052631578948,-0.052403595622720164
p_566,t3_2g0wmr,t1_ckenwa6,t1_ckemqjl,0.13043478260869565,0.13829787234042554,-0.007863089731729889
p_569,t3_2fwq1i,t1_ckdlfbp,t1_ckdpk3y,0.11235955056179775,0.13744075829383887,-0.025081207732041116
p_570,t3_2fwmff,t1_ckdlodj,t1_ckdfg3r,0.1895424836601307,0.19047619047619047,-0.0009337068160597539
p_572,t3_2fuvyn,t1_ckd2th4,t1_ckd051u,0.17041800643086816,0.21721311475409835,-0.046795108323230195
p_573,t3_2fu5da,t1_ckcwa0l,t1_ckd7g94,0.19285714285714287,0.15555555555555556,0.03730158730158731
p_575,t3_2fu5da,t1_ckd2dqa,t1_ckd7g94,0.17177914110429449,0.15555555555555556,0.016223585548738928
p_576,t3_2fu5da,t1_ckdjfgl,t1_cke4u4s,0.17297297297297298,0.19161676646706588,-0.018643793494092897
p_577,t3_2fty9r,t1_ckd78uk,t1_ckcsyfa,0.1781609195402299,0.14619883040935672,0.03196208913087317
p_579,t3_2fr87u,t1_ckcche8,t1_ckbz0d4,0.2080536912751678,0.2,0.00805369127516778
p_581,t3_2fo07m,t1_ckb6wte,t1_ckbi4rn,0.165625,0.2018348623853211,-0.03620986238532112
p_582,t3_2fo07m,t1_ckb4dmq,t1_ckbi4rn,0.17667844522968199,0.2018348623853211,-0.025156417155639127
p_586,t3_2fkhgs,t1_cka4baq,t1_ckagd1v,0.20987654320987653,0.21245421245421245,-0.0025776692443359173
p_587,t3_2fkhgs,t1_cka71xp,t1_ckahr81,0.14873417721518986,0.23209169054441262,-0.08335751332922275
p_588,t3_2fkhgs,t1_ckabepp,t1_ckab7k5,0.2012987012987013,0.21940928270042195,-0.018110581401720643
p_589,t3_2fjsjb,t1_ck9wx7u,t1_cka49p5,0.22135416666666666,0.18156424581005587,0.03978992085661079
p_590,t3_2fh3qu,t1_ck99mwb,t1_ck94xpk,0.16129032258064516,0.14606741573033707,0.015222906850308082
p_592,t3_2fgshm,t1_ck9f5l1,t1_ck98ujh,0.208955223880597,0.18324607329842932,0.02570915058216769
p_593,t3_2fgrxm,t1_ck91zkd,t1_ck91m7r,0.14106583072100312,0.18412698412698414,-0.04306115340598102
p_595,t3_2fg916,t1_ck8x3ob,t1_ck8wogg,0.1981981981981982,0.15228426395939088,0.045913934238807325
p_597,t3_2fduqy,t1_ck8t6he,t1_ck8px65,0.1836734693877551,0.15079365079365079,0.032879818594104326
p_598,t3_2fduqy,t1_ck8agrx,t1_ck94f1t,0.17684887459807075,0.15447154471544716,0.022377329882623587
p_602,t3_2fdmwl,t1_ck8hcxb,t1_ck8aoqa,0.11538461538461539,0.17647058823529413,-0.06108597285067874
p_603,t3_2fdmwl,t1_ck8rib6,t1_ck8aoqa,0.15140186915887852,0.17647058823529413,-0.025068719076415613
p_605,t3_2fd87u,t1_ck83yle,t1_ck84612,0.18950437317784258,0.1607843137254902,0.02872005945235237
p_606,t3_2fd87u,t1_ck859ka,t1_ck843v2,0.13178294573643412,0.1308016877637131,0.000981257972721028
p_607,t3_2fbbv9,t1_ck84tkw,t1_ck88yhl,0.21011673151750973,0.19289340101522842,0.01722333050228131
p_611,t3_2f78ys,t1_ck6mvg6,t1_ck6wzql,0.11170212765957446,0.11242603550295859,-0.0007239078433841223
p_616,t3_2f3w7f,t1_ck60pkf,t1_ck68kw6,0.15037593984962405,0.17624521072796934,-0.025869270878345285
p_617,t3_2f3fma,t1_ck5uh5i,t1_ck5jj2i,0.15542521994134897,0.19313304721030042,-0.037707827268951444
p_618,t3_2f2p8u,t1_ck5cmsy,t1_ck5f41j,0.11801242236024845,0.125,-0.006987577639751552
p_620,t3_2f1tka,t1_ck54mdm,t1_ck53prd,0.16606498194945848,0.11702127659574468,0.0490437053537138
p_623,t3_2f0a4a,t1_ck5qg13,t1_ck4vnzo,0.14551083591331268,0.10909090909090909,0.036419926822403595
p_626,t3_2erf2t,t1_ck2ljcj,t1_ck2gk4u,0.19784172661870503,0.18466898954703834,0.01317273707166669
p_628,t3_2eqf4w,t1_ck2dhsc,t1_ck22nty,0.11258278145695365,0.13953488372093023,-0.026952102263976582
p_635,t3_2emkns,t1_ck1194m,t1_ck13p6l,0.1286549707602339,0.14937759336099585,-0.020722622600761936
p_634,t3_2emkns,t1_ck0zrjm,t1_ck13p6l,0.15207373271889402,0.14937759336099585,0.0026961393578981696
p_632,t3_2emkns,t1_ck12zme,t1_ck13upr,0.16932907348242812,0.1935483870967742,-0.024219313614346066
p_637,t3_2emdo8,t1_ck0wlix,t1_ck0ugt9,0.15517241379310345,0.16753926701570682,-0.012366853222603363
p_639,t3_2ehl9h,t1_cjzpkr3,t1_cjzk8g5,0.18110236220472442,0.1865671641791045,-0.005464801974380068
p_641,t3_2eez7x,t1_cjzf2j8,t1_cjzgw4v,0.13815789473684212,0.2139917695473251,-0.07583387481048298
p_642,t3_2eeedl,t1_cjyrp0h,t1_cjyos4x,0.10218978102189781,0.14655172413793102,-0.04436194311603321
p_643,t3_2eeedl,t1_cjyo1c4,t1_cjyz90m,0.14285714285714285,0.12142857142857143,0.021428571428571422
p_644,t3_2eeedl,t1_cjyny2g,t1_cjyos4x,0.08163265306122448,0.14655172413793102,-0.06491907107670654
p_645,t3_2eeedl,t1_cjypfnn,t1_cjyy8zl,0.09401709401709402,0.13043478260869565,-0.03641768859160163
p_647,t3_2edzcv,t1_cjyy0v9,t1_cjysuzd,0.08203125,0.08444444444444445,-0.002413194444444447
p_648,t3_2ebw2y,t1_cjy2hvj,t1_cjy4ceu,0.14035087719298245,0.10714285714285714,0.03320802005012531
p_649,t3_2ebkiy,t1_cjxxcwt,t1_cjy5nhm,0.2222222222222222,0.18604651162790697,0.036175710594315236
p_650,t3_2ebj49,t1_cjxyzxn,t1_cjxzs8p,0.0962962962962963,0.1366906474820144,-0.0403943511857181
p_651,t3_2eahyl,t1_cjxnpf1,t1_cjxqeut,0.09090909090909091,0.137546468401487,-0.046637377492396076
p_652,t3_2eahyl,t1_cjxo529,t1_cjxtave,0.13008130081300814,0.21933962264150944,-0.0892583218285013
p_654,t3_2e9s6m,t1_cjxf8x8,t1_cjxl9tb,0.19672131147540983,0.21686746987951808,-0.020146158404108244
p_655,t3_2e9rt1,t1_cjxgilw,t1_cjxfkcw,0.17959183673469387,0.15178571428571427,0.027806122448979592
p_656,t3_2e9q8o,t1_cjxdy6w,t1_cjxkoca,0.1861198738170347,0.25274725274725274,-0.06662737893021803
p_657,t3_2e98b1,t1_cjxb5sz,t1_cjxexte,0.16990291262135923,0.12883435582822086,0.04106855679313837
p_659,t3_2e98b1,t1_cjxanmm,t1_cjx9qkg,0.21100917431192662,0.1839080459770115,0.027101128334915126
p_660,t3_2e8yse,t1_cjx89ru,t1_cjxdz78,0.15708812260536398,0.16,-0.0029118773946360255
p_661,t3_2e8yse,t1_cjx7g3z,t1_cjxdz78,0.14782608695652175,0.16,-0.012173913043478257
p_662,t3_2e8ach,t1_cjxi71v,t1_cjx17o5,0.1932367149758454,0.2054794520547945,-0.0122427370789491
p_663,t3_2e6v25,t1_cjxa35m,t1_cjx2bzp,0.11295681063122924,0.13142857142857142,-0.018471760797342182
p_667,t3_2e4crb,t1_cjvy9v7,t1_cjwlak3,0.1498371335504886,0.09950248756218906,0.05033464598829955
p_668,t3_2e4crb,t1_cjxll0p,t1_cjw5uck,0.1383399209486166,0.1504424778761062,-0.0121025569274896
p_669,t3_2e4b5f,t1_cjvxnfz,t1_cjwigez,0.14468085106382977,0.14942528735632185,-0.004744436292492077
p_670,t3_2e439b,t1_cjw2n76,t1_cjvvbcf,0.20125786163522014,0.18055555555555555,0.020702306079664584
p_672,t3_2e3t22,t1_cjvs6w2,t1_cjvzvc8,0.13404825737265416,0.14814814814814814,-0.014099890775493978
p_674,t3_2e3f98,t1_cjvox9d,t1_cjvp856,0.1565217391304348,0.19444444444444445,-0.03792270531400965
p_676,t3_2e2rb6,t1_cjvi6ow,t1_cjvzfop,0.18220338983050846,0.13692946058091288,0.045273929249595585
p_677,t3_2e2rb6,t1_cjx8ys6,t1_cjvin9n,0.13135593220338984,0.13157894736842105,-0.000223015165031204
p_678,t3_2e2jug,t1_cjvwam2,t1_cjvvj7z,0.15335463258785942,0.14434523809523808,0.009009394492621337
p_679,t3_2e2jug,t1_cjvuw76,t1_cjvoyh6,0.1632047477744807,0.13178294573643412,0.03142180203804659
p_680,t3_2e1fah,t1_cjv53s3,t1_cjv5s7v,0.12034383954154727,0.07738095238095238,0.04296288716059489
p_681,t3_2e1fah,t1_cjv86o4,t1_cjvncqn,0.2182952182952183,0.221505376344086,-0.003210158048867706
p_682,t3_2e1fah,t1_cjvi92b,t1_cjv5s7v,0.09968847352024922,0.07738095238095238,0.022307521139296835
p_683,t3_2dzrhq,t1_cjunv4h,t1_cjunnw5,0.14074074074074075,0.1446280991735537,-0.0038873584328129596
p_684,t3_2dzrhq,t1_cjv2nbp,t1_cjunbkn,0.22692307692307692,0.1446280991735537,0.08229497774952321
p_685,t3_2dzrhq,t1_cjuplp1,t1_cjunss7,0.15120274914089346,0.20921985815602837,-0.058017109015134904
p_686,t3_2dzqgj,t1_cjurtqh,t1_cjv9hrw,0.06636155606407322,0.11422413793103449,-0.04786258186696127
p_688,t3_2dzqgj,t1_cjv7aa2,t1_cjv9hrw,0.13894736842105262,0.11422413793103449,0.024723230490018136
p_687,t3_2dzqgj,t1_cjun4m4,t1_cjuorfi,0.09979633401221996,0.15728155339805824,-0.05748521938583828
p_690,t3_2dy3mw,t1_cju8xei,t1_cjuc7t4,0.14213197969543148,0.11403508771929824,0.028096891976133243
p_692,t3_2dxa7k,t1_cjtzqak,t1_cju9ahc,0.11,0.1891891891891892,-0.0791891891891892
p_695,t3_2dw5ig,t1_cjtn82k,t1_cjtn850,0.11538461538461539,0.15037593984962405,-0.03499132446500866
p_696,t3_2dvguy,t1_cjtqfdm,t1_cjty2p2,0.21967213114754097,0.15925925925925927,0.060412871888281705
p_697,t3_2dtng7,t1_cjsz593,t1_cjt08iq,0.21787709497206703,0.1736111111111111,0.044265983860955926
p_699,t3_2dtng7,t1_cjt0gp1,t1_cjt08iq,0.22012578616352202,0.1736111111111111,0.046514675052410914
p_701,t3_2dsh9z,t1_cjsm7s0,t1_cjsp93m,0.19428571428571428,0.16666666666666666,0.027619047619047626
p_702,t3_2dsh9z,t1_cjso3hu,t1_cjsprfv,0.19736842105263158,0.14285714285714285,0.05451127819548873
p_706,t3_2drox8,t1_cjsefiu,t1_cjshzfo,0.11987381703470032,0.11195928753180662,0.007914529502893702
p_707,t3_2dqwmd,t1_cjs75j7,t1_cjtbaaf,0.15337423312883436,0.11320754716981132,0.040166685959023035
p_710,t3_2dqiwg,t1_cjs3gzc,t1_cjs43w0,0.10638297872340426,0.19285714285714287,-0.08647416413373861
p_713,t3_2dnntx,t1_cjrb5qh,t1_cjr97o9,0.16791044776119404,0.19413919413919414,-0.0262287463780001
p_714,t3_2dn3f8,t1_cjr9dnd,t1_cjrqm60,0.1391304347826087,0.137546468401487,0.0015839663811217097
p_717,t3_2dn11e,t1_cjrjl9x,t1_cjr71xy,0.14254859611231102,0.17012448132780084,-0.027575885215489815
p_715,t3_2dn11e,t1_cjr2n9b,t1_cjr6whw,0.19913419913419914,0.1990521327014218,8.20664327773335e-05
p_718,t3_2dlheo,t1_cjqnd51,t1_cjqtrub,0.20245398773006135,0.1826086956521739,0.019845292077887433
p_725,t3_2dhno3,t1_cjpkrey,t1_cjpktss,0.13286713286713286,0.17218543046357615,-0.039318297596443286
p_726,t3_2dhno3,t1_cjpl1mi,t1_cjpl00t,0.18840579710144928,0.1953125,-0.006906702898550721
p_729,t3_2dgu6l,t1_cjpdy8k,t1_cjpe59d,0.20949720670391062,0.2265625,-0.017065293296089384
p_727,t3_2dgu6l,t1_cjpdn9v,t1_cjpklzu,0.12903225806451613,0.14613180515759314,-0.01709954709307701
p_730,t3_2dgqx2,t1_cjpbloq,t1_cjpbk3l,0.15447154471544716,0.13076923076923078,0.023702313946216386
p_732,t3_2dg6ti,t1_cjp6klt,t1_cjp63yk,0.14659685863874344,0.15555555555555556,-0.008958696916812114
p_733,t3_2dg4c1,t1_cjpx7h2,t1_cjpio9w,0.10514541387024609,0.18061674008810572,-0.07547132621785962
p_734,t3_2dfvv8,t1_cjp4zw9,t1_cjps9sv,0.1450980392156863,0.11076923076923077,0.034328808446455514
p_735,t3_2dfees,t1_cjoyyhb,t1_cjoyhsi,0.19313304721030042,0.2746478873239437,-0.08151484011364327
p_736,t3_2df7cg,t1_cjp0py1,t1_cjp0eg0,0.08823529411764706,0.13592233009708737,-0.04768703597944031
p_738,t3_2ddrqc,t1_cjos8fl,t1_cjoj8pn,0.15432098765432098,0.17142857142857143,-0.01710758377425045
p_739,t3_2ddrqc,t1_cjoqu2v,t1_cjok2vp,0.15263157894736842,0.175,-0.022368421052631565
p_744,t3_2d9qj2,t1_cjnklzx,t1_cjnknol,0.10273972602739725,0.1141732283464567,-0.011433502319059444
p_748,t3_2d80rd,t1_cjn0zyz,t1_cjn0l56,0.20875420875420875,0.23529411764705882,-0.026539908892850073
p_749,t3_2d80rd,t1_cjmzj1k,t1_cjn0l56,0.16908212560386474,0.23529411764705882,-0.06621199204319408
p_751,t3_2d70dq,t1_cjmpn2y,t1_cjmqlfg,0.15079365079365079,0.12444444444444444,0.026349206349206344
p_752,t3_2d70dq,t1_cjmpqr5,t1_cjmq3hk,0.14847161572052403,0.12393162393162394,0.024539991788900095
p_754,t3_2d4iry,t1_cjm06yw,t1_cjlzkdu,0.09865470852017937,0.12972972972972974,-0.03107502120955037
p_753,t3_2d4iry,t1_cjm03nb,t1_cjm7yyk,0.12449799196787148,0.13186813186813187,-0.007370139900260392
p_755,t3_2d45vn,t1_cjlwas2,t1_cjmfdmh,0.1891891891891892,0.12605042016806722,0.06313876902112198
p_756,t3_2d45gd,t1_cjlw24h,t1_cjm4puq,0.09444444444444444,0.20398009950248755,-0.10953565505804311
p_757,t3_2d45gd,t1_cjlvwcv,t1_cjm05zn,0.21559633027522937,0.2028985507246377,0.012697779550591676
p_758,t3_2d3v5a,t1_cjlwcf0,t1_cjm3zmu,0.183206106870229,0.1656441717791411,0.017561935091087916
p_759,t3_2d2as3,t1_cjlfahj,t1_cjlf2q0,0.18981481481481483,0.1643835616438356,0.025431253170979218
p_760,t3_2czuse,t1_cjkv8v3,t1_cjkt5uj,0.15286624203821655,0.16793893129770993,-0.015072689259493371
p_761,t3_2cziel,t1_cjkkwxr,t1_cjkpo0a,0.16872427983539096,0.12903225806451613,0.03969202177087483
p_762,t3_2czhb2,t1_cjkm7nm,t1_cjkm0r4,0.16810344827586207,0.11764705882352941,0.05045638945233266
p_763,t3_2cz5rq,t1_cjkk570,t1_cjkjx53,0.1793103448275862,0.19708029197080293,-0.017769947143216724
p_766,t3_2cwals,t1_cjjmt5t,t1_cjjmrg7,0.17679558011049723,0.13125,0.045545580110497225
p_767,t3_2cuup8,t1_cjj91pc,t1_cjj8z52,0.115,0.15714285714285714,-0.042142857142857135
p_769,t3_2cuup8,t1_cjj95ae,t1_cjj95r7,0.19572953736654805,0.13861386138613863,0.057115675980409425
p_768,t3_2cuup8,t1_cjj8vwc,t1_cjj93qh,0.21568627450980393,0.14492753623188406,0.07075873827791987
p_770,t3_2ctoax,t1_cjl2zn4,t1_cjiw921,0.13043478260869565,0.1657754010695187,-0.035340618460823064
p_773,t3_2cpj4p,t1_cjhqqcp,t1_cjhqbq0,0.18442622950819673,0.2242152466367713,-0.03978901712857458
p_774,t3_2cpj4p,t1_cjhreeh,t1_cjhqbq0,0.19747899159663865,0.2242152466367713,-0.02673625504013266
p_775,t3_2cotfm,t1_cjhpm9j,t1_cjhkm9q,0.15976331360946747,0.12571428571428572,0.034049027895181744
p_778,t3_2cm5jd,t1_cjh0bre,t1_cjguy6j,0.1346444780635401,0.15186915887850466,-0.01722468081496456
p_779,t3_2cm3oh,t1_cjgsk1z,t1_cjgv6jc,0.09523809523809523,0.10810810810810811,-0.012870012870012881
p_780,t3_2clk6c,t1_cjgn3ba,t1_cjgqd1y,0.18435754189944134,0.16,0.024357541899441337
p_781,t3_2ck2yw,t1_cjga8kb,t1_cjgci5s,0.12953367875647667,0.12745098039215685,0.0020826983643198183
p_783,t3_2cjh91,t1_cjg6chd,t1_cjg4iir,0.10438413361169102,0.16634429400386846,-0.061960160392177444
p_784,t3_2cixjs,t1_cjfyd92,t1_cjfxj4o,0.14606741573033707,0.11627906976744186,0.029788345962895216
p_786,t3_2cimfd,t1_cjfuup7,t1_cjftym1,0.14814814814814814,0.19900497512437812,-0.05085682697622998
p_787,t3_2cimfd,t1_cjfxnwo,t1_cjftym1,0.20491803278688525,0.19900497512437812,0.005913057662507132
p_789,t3_2chy2d,t1_cjfpbub,t1_cjfnmjy,0.16203703703703703,0.13043478260869565,0.031602254428341386
p_792,t3_2ch2je,t1_cjfeou6,t1_cjff0g8,0.1752988047808765,0.1639871382636656,0.011311666517210911
p_794,t3_2cflx0,t1_cjfajp7,t1_cjfm8m1,0.13664596273291926,0.2062043795620438,-0.06955841682912453
p_796,t3_2cfco7,t1_cjf04a9,t1_cjexi6m,0.2154255319148936,0.11814345991561181,0.0972820719992818
p_799,t3_2cayvr,t1_cjdvbhe,t1_cjdu0ta,0.20212765957446807,0.10469314079422383,0.09743451878024424
p_801,t3_2c8rcd,t1_cjd7pz3,t1_cjd6lze,0.20077220077220076,0.24394785847299813,-0.04317565770079737
p_802,t3_2c8fea,t1_cjcyect,t1_cjd2c3b,0.12578616352201258,0.13815789473684212,-0.01237173121482954
p_803,t3_2c7yah,t1_cjd2kql,t1_cjcxj9f,0.18820577164366373,0.2041343669250646,-0.015928595281400865
p_805,t3_2c5zac,t1_cjc9611,t1_cjc924m,0.1382488479262673,0.08823529411764706,0.05001355380862023
p_806,t3_2c5zac,t1_cjctvr0,t1_cjcbahh,0.14347826086956522,0.08558558558558559,0.057892675283979636
p_807,t3_2c5p5y,t1_cjcho3h,t1_cjc7uan,0.1746031746031746,0.18410041841004185,-0.009497243806867256
p_808,t3_2c5p5y,t1_cjcd7nc,t1_cjccm8m,0.12650602409638553,0.12195121951219512,0.004554804584190414
p_810,t3_2c3fc3,t1_cjbjw5y,t1_cjbjkju,0.14814814814814814,0.14285714285714285,0.005291005291005291
p_813,t3_2c1mga,t1_cjb2jw5,t1_cjc4wg5,0.16129032258064516,0.10474631751227496,0.05654400506837019
p_815,t3_2c0frm,t1_cjb1qx6,t1_cjause4,0.18932038834951456,0.22321428571428573,-0.033893897364771164
p_816,t3_2c0frm,t1_cjb1sid,t1_cjb85xf,0.09368635437881874,0.12773722627737227,-0.034050871898553534
p_818,t3_2bys5g,t1_cja9ddx,t1_cja81tm,0.1848184818481848,0.18210862619808307,0.0027098556501017335
p_820,t3_2byn0m,t1_cja7f9f,t1_cjabwg5,0.11851851851851852,0.13178294573643412,-0.013264427217915598
p_821,t3_2btxhq,t1_cj8vmab,t1_cj8xbmk,0.1422924901185771,0.16417910447761194,-0.021886614359034856
p_822,t3_2bt248,t1_cj8mfi7,t1_cj8m3h7,0.20606060606060606,0.16055045871559634,0.045510147345009716
p_823,t3_2bt248,t1_cj8m0lg,t1_cj8mwsz,0.20149253731343283,0.22905027932960895,-0.027557742016176112
p_824,t3_2bsdbd,t1_cj8tbiu,t1_cj8hvl7,0.12749003984063745,0.16326530612244897,-0.03577526628181152
p_826,t3_2brzwb,t1_cj8hzbv,t1_cj8gj0l,0.1543859649122807,0.1452513966480447,0.009134568264236004
p_827,t3_2brzmq,t1_cj8bm67,t1_cj8cjmm,0.1303030303030303,0.1467065868263473,-0.016403556523316987
p_828,t3_2brzmq,t1_cj8ba9r,t1_cj8b7ms,0.10469314079422383,0.08896797153024912,0.015725169263974714
p_829,t3_2bqtzl,t1_cj80j9s,t1_cj810fl,0.18090452261306533,0.14285714285714285,0.038047379755922484
p_832,t3_2boeux,t1_cj7b6r1,t1_cj7b5jv,0.17180616740088106,0.20588235294117646,-0.0340761855402954
p_833,t3_2boeux,t1_cj7bl1t,t1_cj7igwx,0.16766467065868262,0.10619469026548672,0.0614699803931959
p_834,t3_2boe3r,t1_cj7c5d5,t1_cj7cbq5,0.17674418604651163,0.17045454545454544,0.0062896405919661835
p_836,t3_2bo3al,t1_cj7h31j,t1_cj7dkvq,0.1271186440677966,0.16233766233766234,-0.03521901826986573
p_837,t3_2bnfju,t1_cj716f4,t1_cj718af,0.17391304347826086,0.12030075187969924,0.05361229159856162
p_838,t3_2bnfju,t1_cj71qqf,t1_cj717cb,0.23243243243243245,0.17355371900826447,0.05887871342416798
p_840,t3_2bmc2p,t1_cj6s9ct,t1_cj6qflr,0.14035087719298245,0.10185185185185185,0.0384990253411306
p_841,t3_2bmble,t1_cj6qs8o,t1_cj6v78p,0.14225941422594143,0.14685314685314685,-0.004593732627205416
p_844,t3_2bkf5u,t1_cj684og,t1_cj6d292,0.07459207459207459,0.06779661016949153,0.006795464422583067
p_846,t3_2bk0qs,t1_cj63kvq,t1_cj63fve,0.13372093023255813,0.12021857923497267,0.013502350997585455
p_849,t3_2bk0qs,t1_cj64yf0,t1_cj63fve,0.09523809523809523,0.12021857923497267,-0.02498048399687744
p_847,t3_2bk0qs,t1_cj66iuo,t1_cj6420b,0.1661721068249258,0.12359550561797752,0.042576601206948284
p_850,t3_2bk0qs,t1_cj65d7h,t1_cj66gvl,0.13596491228070176,0.08108108108108109,0.054883831199620675
p_852,t3_2bh5ak,t1_cj5b5uh,t1_cj5jak2,0.17355371900826447,0.14049586776859505,0.03305785123966942
p_854,t3_2bf94q,t1_cj4sh2e,t1_cj4qy6o,0.13903743315508021,0.14423076923076922,-0.0051933360756890035
p_855,t3_2bev6f,t1_cj4mn6v,t1_cj4o0am,0.19337016574585636,0.18994413407821228,0.003426031667644075
p_857,t3_2bdmlg,t1_cj4r6pc,t1_cj4uv2h,0.14594594594594595,0.12345679012345678,0.02248915582248917
p_858,t3_2bdgci,t1_cj49439,t1_cj49ckx,0.19306930693069307,0.15048543689320387,0.0425838700374892
p_859,t3_2bd0wa,t1_cj442sl,t1_cj43vgx,0.21810699588477367,0.17475728155339806,0.043349714331375605
p_861,t3_2bbyzd,t1_cj3zuoq,t1_cj3tx1c,0.1864406779661017,0.21739130434782608,-0.030950626381724383
p_863,t3_2bbbrd,t1_cj3qs8q,t1_cj3ln9x,0.14682539682539683,0.13100436681222707,0.015821030013169757
p_864,t3_2bbbrd,t1_cj3mpby,t1_cj3ln9x,0.11627906976744186,0.13100436681222707,-0.014725297044785216
p_865,t3_2bb58m,t1_cj3lcvm,t1_cj3jor5,0.18518518518518517,0.18032786885245902,0.004857316332726153
p_868,t3_2bag31,t1_cj3e0bt,t1_cj3f08t,0.1793103448275862,0.165374677002584,0.013935667825002218
p_869,t3_2ba5xo,t1_cj3aqld,t1_cj3bm6j,0.140625,0.09090909090909091,0.04971590909090909
p_873,t3_2b6skg,t1_cj2glpl,t1_cj2cg6m,0.13496932515337423,0.20634920634920634,-0.0713798811958321
p_876,t3_2b3pi0,t1_cj1uavk,t1_cj1m2xo,0.12454212454212454,0.17747440273037543,-0.052932278188250886
p_877,t3_2b3lad,t1_cj1iybx,t1_cj1jqxa,0.15833333333333333,0.19285714285714287,-0.03452380952380954
p_879,t3_2b2yjr,t1_cj1hktf,t1_cj1b4e2,0.2200488997555012,0.18434343434343434,0.03570546541206687
p_881,t3_2b1rwv,t1_cj15lfe,t1_cj10jtx,0.19305019305019305,0.24888888888888888,-0.05583869583869583
p_882,t3_2b1rab,t1_cj0ycid,t1_cj0zinx,0.21071428571428572,0.21630094043887146,-0.005586654724585749
p_883,t3_2az65z,t1_cj0805c,t1_cj0g6d8,0.1259259259259259,0.1459227467811159,-0.019996820855189973
p_884,t3_2az65z,t1_cj0afqo,t1_cj07su5,0.14659685863874344,0.19642857142857142,-0.04983171278982798
p_887,t3_2ayhxt,t1_cj01q09,t1_cj05jan,0.1457286432160804,0.16182572614107885,-0.01609708292499845
p_888,t3_2ayhnp,t1_cj0eawe,t1_cj0dm90,0.09036144578313253,0.14606741573033707,-0.055705969947204545
p_889,t3_2ay3kf,t1_cizxi5e,t1_cj0f52z,0.22040816326530613,0.18604651162790697,0.034361651637399154
p_892,t3_2axbu7,t1_cizphk8,t1_cizp4id,0.22178988326848248,0.23595505617977527,-0.014165172911292795
p_894,t3_2ax1is,t1_cizxbqp,t1_cizm2oq,0.13402061855670103,0.136,-0.001979381443298983
p_896,t3_2avwd8,t1_cizdu3g,t1_cizbvza,0.1320754716981132,0.13122171945701358,0.0008537522410996257
p_898,t3_2av5cs,t1_ciz2pkz,t1_ciz33sn,0.1796116504854369,0.10382513661202186,0.07578651387341503
p_899,t3_2av5cs,t1_cizd4ad,t1_ciz33th,0.18292682926829268,0.1858108108108108,-0.0028839815425181214
p_900,t3_2av5cs,t1_ciz37g5,t1_cizbl7q,0.15223097112860892,0.1910828025477707,-0.03885183141916179
p_901,t3_2av4l0,t1_ciz5qhg,t1_ciz3zz1,0.19957081545064378,0.17330210772833723,0.02626870772230655
p_902,t3_2av4l0,t1_ciz4rvg,t1_cizdobh,0.20363636363636364,0.2540322580645161,-0.05039589442815248
p_903,t3_2auttr,t1_ciyyxji,t1_ciyz918,0.2,0.20491803278688525,-0.00491803278688524
p_904,t3_2auttr,t1_ciz267w,t1_cizcakn,0.16091954022988506,0.1095890410958904,0.05133049913399465
p_905,t3_2auttr,t1_ciz01zx,t1_ciyz5z2,0.16740088105726872,0.10666666666666667,0.060734214390602045
p_907,t3_2autm6,t1_ciyzdgj,t1_ciyzc4o,0.12056737588652482,0.136986301369863,-0.01641892548333819
p_908,t3_2au1li,t1_ciytem3,t1_ciytn6n,0.1759656652360515,0.1524390243902439,0.023526640845807606
p_909,t3_2atya5,t1_ciyu2jf,t1_ciza7xp,0.14960629921259844,0.125,0.024606299212598437
p_910,t3_2atya5,t1_ciytbvr,t1_ciyug3x,0.18181818181818182,0.1488673139158576,0.03295086790232421
p_911,t3_2atkq9,t1_ciyvkn0,t1_ciysfit,0.21792260692464357,0.21468926553672316,0.0032333413879204187
p_912,t3_2atkq9,t1_ciyvfhd,t1_ciz0aqa,0.18857142857142858,0.10727969348659004,0.08129173508483854
p_914,t3_2aprj3,t1_cixk3ln,t1_cixjumt,0.20430107526881722,0.145,0.05930107526881723
p_915,t3_2apfnp,t1_cixj7ex,t1_cixm7i4,0.17553191489361702,0.14218009478672985,0.03335182010688717
p_916,t3_2aotoi,t1_cixcw5d,t1_cixbgnz,0.2145748987854251,0.17625899280575538,0.03831590597966972
p_917,t3_2ao6r9,t1_cix76va,t1_cix3fsy,0.1473922902494331,0.1732283464566929,-0.025836056207259817
p_918,t3_2ao6r9,t1_cix7iph,t1_cix8b7l,0.18377088305489261,0.17754569190600522,0.0062251911488873934
p_919,t3_2ao0uk,t1_cix3ypn,t1_cix3ejo,0.21904761904761905,0.1328125,0.08623511904761905
p_920,t3_2ao0uk,t1_cix237u,t1_cix3ejo,0.09565217391304348,0.1328125,-0.03716032608695652
p_921,t3_2ancgk,t1_cizbef2,t1_ciwwlp0,0.22545454545454546,0.19248826291079812,0.03296628254374734
p_922,t3_2am3iw,t1_ciwjxse,t1_ciwj1us,0.2236842105263158,0.19230769230769232,0.03137651821862347
p_923,t3_2am3iw,t1_ciwjejz,t1_ciwtkzm,0.16428571428571428,0.12385321100917432,0.040432503276539966
p_924,t3_2aksc1,t1_ciwatzs,t1_ciwai0k,0.17407407407407408,0.19069767441860466,-0.016623600344530587
p_925,t3_2aklm2,t1_ciwffud,t1_ciwbxu9,0.12883435582822086,0.10909090909090909,0.01974344673731178
p_926,t3_2akhk0,t1_ciw2gow,t1_ciw2nfc,0.15384615384615385,0.12953367875647667,0.024312475089677182
p_927,t3_2ajnzj,t1_ciwqij6,t1_ciwemsm,0.1328125,0.1510791366906475,-0.018266636690647486
p_928,t3_2aj9r3,t1_ciwcbuo,t1_civud7i,0.15918367346938775,0.1503267973856209,0.00885687608376684
p_931,t3_2aj1mk,t1_civssxr,t1_civm58k,0.1184573002754821,0.11702127659574468,0.0014360236797374137
p_930,t3_2aj1mk,t1_civrhnv,t1_civrvjf,0.1597222222222222,0.175,-0.015277777777777779
p_933,t3_2ah2al,t1_civd1ci,t1_civ856q,0.1544502617801047,0.16169154228855723,-0.007241280508452519
p_935,t3_2afgwo,t1_ciujkwd,t1_ciuknh0,0.15822784810126583,0.2235294117647059,-0.06530156366344006
p_937,t3_2afeix,t1_civ4udg,t1_ciui2wk,0.12385321100917432,0.07575757575757576,0.04809563525159856
p_936,t3_2afeix,t1_ciuiq4g,t1_civ1g4o,0.14144736842105263,0.09813084112149532,0.0433165272995573
p_940,t3_2a9tub,t1_cisxezp,t1_cisyu2q,0.17872340425531916,0.15656565656565657,0.022157747689662582
p_942,t3_2a9dnv,t1_cit209o,t1_cissjh9,0.12408759124087591,0.2316715542521994,-0.10758396301132349
p_943,t3_2a9dnv,t1_cisrycq,t1_cisrkq6,0.1390728476821192,0.1,0.03907284768211919
p_945,t3_2a7l9t,t1_cisdojk,t1_cisar6g,0.13253012048192772,0.17040358744394618,-0.03787346696201846
p_946,t3_2a7f52,t1_cisdl2d,t1_cisbb3e,0.14356435643564355,0.1794871794871795,-0.035922823051535935
p_947,t3_2a7f52,t1_cisbwf3,t1_cisf85e,0.14652014652014653,0.12781954887218044,0.018700597647966083
p_948,t3_2a7f52,t1_cisazcd,t1_cisbb3e,0.1834319526627219,0.1794871794871795,0.003944773175542399
p_950,t3_2a71ap,t1_cis8nhw,t1_cis9yiw,0.1419939577039275,0.17647058823529413,-0.034476630531366625
p_951,t3_2a6vk3,t1_cis5k8v,t1_cisibct,0.1926605504587156,0.2186046511627907,-0.0259441007040751
p_952,t3_2a6vk3,t1_cis6qmv,t1_cisibct,0.18907563025210083,0.2186046511627907,-0.029529020910689874
p_954,t3_2a5fi8,t1_ciro19q,t1_cirnern,0.2043343653250774,0.1958041958041958,0.008530169520881592
p_955,t3_2a54d2,t1_cirmdvw,t1_cirrtjb,0.20512820512820512,0.2028985507246377,0.002229654403567427
p_957,t3_2a3mhz,t1_cirdfug,t1_cirn0uk,0.1519756838905775,0.13924050632911392,0.012735177561463584
p_959,t3_2a2ccx,t1_ciqt2gd,t1_ciqstk4,0.1761904761904762,0.14883720930232558,0.027353266888150624
p_958,t3_2a2ccx,t1_ciqt1fb,t1_ciqt0ds,0.11764705882352941,0.13978494623655913,-0.022137887413029717
p_960,t3_2a299i,t1_ciqsytr,t1_ciqs72a,0.17142857142857143,0.13120567375886524,0.04022289766970619
p_961,t3_2a299i,t1_ciqsl3r,t1_ciqt0e3,0.13353115727002968,0.15342465753424658,-0.019893500264216907
p_963,t3_2a1jkp,t1_ciqmtf7,t1_ciqlutb,0.19742489270386265,0.2374429223744292,-0.04001802967056656
p_964,t3_2a1jkp,t1_ciqrmpo,t1_ciqn0ib,0.21100917431192662,0.255,-0.04399082568807339
p_966,t3_2a197z,t1_ciqil5b,t1_ciqobmw,0.13934426229508196,0.17894736842105263,-0.03960310612597068
p_967,t3_2a197z,t1_ciqihn1,t1_ciqobmw,0.21241050119331742,0.17894736842105263,0.033463132772264786
p_968,t3_29zmtz,t1_ciq2ol0,t1_ciq3149,0.12401055408970976,0.08108108108108109,0.04292947300862868
p_969,t3_29wdwj,t1_cip54i9,t1_cip4gi2,0.16521739130434782,0.17045454545454544,-0.005237154150197626
p_970,t3_29vb8t,t1_cioupvy,t1_cip1yki,0.14285714285714285,0.12244897959183673,0.020408163265306117
p_971,t3_29uigy,t1_cioolhq,t1_ciopo2e,0.16666666666666666,0.17088607594936708,-0.004219409282700426
p_972,t3_29twg4,t1_ciohbmn,t1_ciofrjv,0.1111111111111111,0.2265625,-0.1154513888888889
p_973,t3_29thke,t1_cioct3t,t1_ciofixu,0.045234248788368334,0.06918238993710692,-0.023948141148738583
p_974,t3_29thke,t1_ciod9j6,t1_ciof299,0.1263318112633181,0.12130637636080871,0.005025434902509396
p_975,t3_29thke,t1_ciod9wn,t1_ciof299,0.14035087719298245,0.12130637636080871,0.01904450083217374
p_976,t3_29t2lw,t1_cio8k31,t1_ciorv42,0.1834319526627219,0.196,-0.012568047337278121
p_978,t3_29sw94,t1_cioket0,t1_ciolk7r,0.125,0.11666666666666667,0.008333333333333331
p_979,t3_29s43k,t1_cinyd5x,t1_cinyyyn,0.10869565217391304,0.1357142857142857,-0.027018633540372664
p_981,t3_29q8ct,t1_cinh7w0,t1_cing94q,0.17391304347826086,0.17415730337078653,-0.00024425989252566116
p_983,t3_29pjwk,t1_cinfrtq,t1_cin94yc,0.1518987341772152,0.18947368421052632,-0.03757495003331113
p_984,t3_29oi1n,t1_cimz15m,t1_cimy8x8,0.1907514450867052,0.18238993710691823,0.008361507979786964
p_985,t3_29o2de,t1_cimtmrk,t1_cin0747,0.13815789473684212,0.14545454545454545,-0.007296650717703329
p_988,t3_29nx6g,t1_cimrrzy,t1_cimrry5,0.1901840490797546,0.12949640287769784,0.06068764620205677
p_990,t3_29n4wo,t1_cio9nnh,t1_cimnztj,0.22268326417704012,0.22911694510739858,-0.006433680930358454
p_992,t3_29mv5t,t1_cimhn69,t1_cimm4sj,0.11330049261083744,0.20434782608695654,-0.0910473334761191
p_993,t3_29kyod,t1_cily6cd,t1_cilx8xd,0.1968503937007874,0.21890547263681592,-0.02205507893602851
p_994,t3_29koa9,t1_ciluvuu,t1_cim8wkw,0.22900763358778625,0.21477663230240548,0.014231001285380768
p_996,t3_29koa9,t1_cim0cmu,t1_cim8wkw,0.23350923482849603,0.21477663230240548,0.018732602526090547
p_997,t3_29koa9,t1_cilvgjv,t1_cim8wkw,0.24479166666666666,0.21477663230240548,0.030015034364261173
p_998,t3_29koa9,t1_cilvqev,t1_cilxj9y,0.23042505592841164,0.16348195329087048,0.06694310263754116
p_999,t3_29gpjt,t1_cilbryz,t1_cikqtwr,0.2182741116751269,0.20476190476190476,0.013512206913222136
p_1000,t3_29fpzd,t1_cikhu2y,t1_cikh4e8,0.2,0.08465608465608465,0.11534391534391536
p_1001,t3_29fb1d,t1_cikeni2,t1_cikla8t,0.22099447513812154,0.21890547263681592,0.0020890025013056146
p_1002,t3_29ex1p,t1_cik9jgg,t1_ciko7yy,0.20972644376899696,0.1712707182320442,0.038455725536952756
p_1003,t3_29elqv,t1_cik5t8y,t1_cik747j,0.2,0.17154811715481172,0.028451882845188292
p_1005,t3_29dde1,t1_cijuats,t1_cijzw8d,0.13636363636363635,0.19653179190751446,-0.06016815554387811
p_1008,t3_29cqd5,t1_cijp4yk,t1_cijvb22,0.13513513513513514,0.16483516483516483,-0.02970002970002969
p_1009,t3_29c3ml,t1_cikuj8t,t1_cijh4ci,0.1722488038277512,0.21561338289962825,-0.043364579071877046
p_1010,t3_299mpb,t1_ciiv880,t1_cijf48t,0.2517985611510791,0.20599250936329588,0.04580605178778324
p_1012,t3_299m1u,t1_cij2hf7,t1_ciirgle,0.1791044776119403,0.15508021390374332,0.024024263708196963
p_1011,t3_299m1u,t1_cij1roi,t1_ciisuex,0.1320754716981132,0.15168539325842698,-0.01960992156031377
p_1015,t3_298jbk,t1_ciircqo,t1_ciijbdz,0.18779342723004694,0.19923371647509577,-0.011440289245048835
p_1016,t3_295zr6,t1_cihud2v,t1_cihuma6,0.20084566596194503,0.1851145038167939,0.015731162145151134
p_1018,t3_293ei6,t1_cih7ua8,t1_cih1isj,0.20848056537102475,0.14705882352941177,0.061421741841612976
p_1020,t3_292154,t1_cignun4,t1_cigrv7m,0.1784037558685446,0.13761467889908258,0.04078907696946202
p_1022,t3_28xzqn,t1_cig26mw,t1_cifrcsx,0.21171171171171171,0.18699186991869918,0.024719841793012537
p_1023,t3_28xbw7,t1_cifjy3z,t1_cifovj7,0.13636363636363635,0.11374407582938388,0.022619560534252472
p_1024,t3_28xbw7,t1_cig1fzx,t1_cifl87i,0.10952380952380952,0.2149122807017544,-0.10538847117794486
p_1025,t3_28wpvg,t1_cif8zbc,t1_cif9t6k,0.09948979591836735,0.16296296296296298,-0.06347316704459563
p_1026,t3_28wp3q,t1_cif8e82,t1_cif88e5,0.14218009478672985,0.17266187050359713,-0.030481775716867276
p_1027,t3_28vthp,t1_cieyolc,t1_cif42z9,0.1532258064516129,0.22137404580152673,-0.06814823934991382
p_1028,t3_28sivx,t1_cie0w6q,t1_cie3rwm,0.2857142857142857,0.17333333333333334,0.11238095238095236
p_1029,t3_28sivx,t1_cie32oy,t1_cie6c67,0.14666666666666667,0.1927710843373494,-0.04610441767068274
p_1030,t3_28sivx,t1_cie3t4x,t1_ciexvov,0.17829457364341086,0.15384615384615385,0.02444841979725701
p_1031,t3_28rftj,t1_cidpqyo,t1_cidq2o7,0.19411764705882353,0.2215568862275449,-0.027439239168721374
p_1033,t3_28l9bo,t1_cicbcrc,t1_cicnduy,0.10930232558139535,0.11510791366906475,-0.0058055880876694
p_1034,t3_28kmxf,t1_cibufhn,t1_cic57nm,0.14864864864864866,0.125,0.023648648648648657
p_1036,t3_28k1k9,t1_cic5k0x,t1_cibo1r9,0.16030534351145037,0.13118279569892474,0.02912254781252563
p_1037,t3_28jnxp,t1_cibl8h0,t1_cibmdqw,0.16292134831460675,0.12681159420289856,0.03610975411170819
p_1039,t3_28io13,t1_cibbreq,t1_cic1705,0.14222222222222222,0.1511111111111111,-0.00888888888888889
p_1040,t3_28io13,t1_cibhh0f,t1_cibq1ek,0.21333333333333335,0.10185185185185185,0.1114814814814815
p_1042,t3_28io13,t1_cibcinr,t1_cic1705,0.15942028985507245,0.1511111111111111,0.008309178743961337
p_1044,t3_28hqnq,t1_cib224e,t1_cib40ah,0.14556962025316456,0.08333333333333333,0.06223628691983123
p_1045,t3_28c0xt,t1_ciasocp,t1_cia500d,0.15671641791044777,0.11386138613861387,0.042855031771833904
p_1046,t3_28butd,t1_ci9glxs,t1_ci9f4fm,0.13253012048192772,0.1780821917808219,-0.04555207129889419
p_1047,t3_28b5n6,t1_ci9a3vl,t1_ci99ope,0.13793103448275862,0.17898832684824903,-0.04105729236549041
p_1052,t3_28a5fu,t1_ci9bqem,t1_ci8yety,0.1388888888888889,0.1348314606741573,0.004057428214731595
p_1053,t3_28a4rk,t1_ci8xy5w,t1_ci90bbf,0.21690140845070421,0.21140142517814728,0.005499983272556935
p_1055,t3_2881g3,t1_ci8embi,t1_ci8bs9b,0.13157894736842105,0.216,-0.08442105263157895
p_1056,t3_287z9c,t1_ci8aubw,t1_ci8apra,0.1388888888888889,0.22602739726027396,-0.08713850837138506
p_1057,t3_287z9c,t1_ci8d0ed,t1_ci8apra,0.19135802469135801,0.22602739726027396,-0.034669372568915946
p_1058,t3_287cab,t1_ci86zv4,t1_ci87ifw,0.16589861751152074,0.14213197969543148,0.02376663781608926
p_1059,t3_2870cx,t1_ci81vqj,t1_ci8137l,0.14485981308411214,0.16393442622950818,-0.019074613145396047
p_1060,t3_286wmt,t1_ci81k1d,t1_ci80xo1,0.140625,0.18012422360248448,-0.03949922360248448
p_1061,t3_286wmt,t1_ci817z2,t1_ci8clpg,0.16455696202531644,0.17801047120418848,-0.01345350917887203
p_1062,t3_2848jg,t1_ci7igy9,t1_ci7f6gw,0.14685314685314685,0.14878892733564014,-0.0019357804824932934
p_1064,t3_282r7k,t1_ci758gf,t1_ci6xs0m,0.12408759124087591,0.16541353383458646,-0.04132594259371054
p_1065,t3_282lgu,t1_ci6xcds,t1_ci6wglw,0.2,0.16025641025641027,0.03974358974358974
p_1068,t3_281bde,t1_ci6f2vp,t1_ci73217,0.2012987012987013,0.18032786885245902,0.020970832446242288
p_1069,t3_2803o3,t1_ci69ena,t1_ci63g5z,0.20615384615384616,0.16326530612244897,0.04288854003139719
p_1070,t3_2803o3,t1_ci63w8c,t1_ci63kpj,0.19915254237288135,0.19158878504672897,0.007563757326152387
p_1071,t3_27ywun,t1_ci5q8xy,t1_ci5rb2e,0.2222222222222222,0.176,0.04622222222222222
p_1072,t3_27yn4n,t1_ci5p6hk,t1_ci5nwbp,0.15498154981549817,0.18374558303886926,-0.028764033223371094
p_1073,t3_27wog4,t1_ci54b7y,t1_ci54sne,0.15673981191222572,0.13135593220338984,0.025383879708835877
p_1074,t3_27w5po,t1_ci4zmff,t1_ci4ziae,0.17886178861788618,0.1984126984126984,-0.01955090979481222
p_1075,t3_27w4g2,t1_ci52xge,t1_ci500mh,0.09606986899563319,0.11836734693877551,-0.022297477943142324
p_1076,t3_27tb09,t1_ci498s2,t1_ci45ypy,0.17857142857142858,0.15591397849462366,0.02265745007680492
p_1077,t3_27r91j,t1_ci3qcct,t1_ci3r4y5,0.125,0.16993464052287582,-0.044934640522875824
p_1078,t3_27r91j,t1_ci469aj,t1_ci3lbw6,0.1796875,0.24431818181818182,-0.06463068181818182
p_1080,t3_27r91j,t1_ci3v5tq,t1_ci3lbw6,0.16556291390728478,0.24431818181818182,-0.07875526791089704
p_1079,t3_27r91j,t1_ci3s6fn,t1_ci4g5dm,0.15942028985507245,0.17164179104477612,-0.012221501189703665
p_1081,t3_27qqap,t1_ci3mz0v,t1_ci3fwt5,0.11061946902654868,0.15584415584415584,-0.04522468681760716
p_1082,t3_27polk,t1_ci34zl5,t1_ci34y3o,0.1384083044982699,0.14049586776859505,-0.002087563270325138
p_1083,t3_27poi8,t1_ci35etu,t1_ci36j29,0.15086206896551724,0.11428571428571428,0.036576354679802955
p_1084,t3_27p2fu,t1_ci302xh,t1_ci2zv2i,0.15804597701149425,0.13653136531365315,0.021514611697841107
p_1085,t3_27nxly,t1_ci2o2dq,t1_ci2ox33,0.175,0.14705882352941177,0.02794117647058822
p_1087,t3_27mbdo,t1_ci2lk26,t1_ci271f9,0.14193548387096774,0.0958904109589041,0.04604507291206364
p_1088,t3_27m0gw,t1_ci29ixa,t1_ci2e7bo,0.16290726817042606,0.15432098765432098,0.008586280516105077
p_1089,t3_27ltja,t1_ci22bw3,t1_ci221eg,0.13733905579399142,0.1111111111111111,0.02622794468288031
p_1090,t3_27lpkf,t1_ci21sv8,t1_ci22b62,0.19292604501607716,0.2,-0.007073954983922853
p_1091,t3_27lmyu,t1_ci25ehz,t1_ci292ni,0.14130434782608695,0.140625,0.0006793478260869457
p_1092,t3_27l0kn,t1_ci22hoe,t1_ci1usgp,0.19327731092436976,0.13004484304932734,0.06323246787504241
p_1094,t3_27jl8c,t1_ci1fdd3,t1_ci1q6ug,0.11235955056179775,0.08333333333333333,0.02902621722846442
p_1095,t3_27jl8c,t1_ci1g3eq,t1_ci1o724,0.11458333333333333,0.10152284263959391,0.013060490693739421
p_1096,t3_27jl8c,t1_ci1ybru,t1_ci1ghse,0.20161290322580644,0.22707423580786026,-0.025461332582053825
p_1097,t3_27hht5,t1_ci0v62f,t1_ci0xj1h,0.12352941176470589,0.1337579617834395,-0.010228550018733601
p_1098,t3_27hht5,t1_ci0v0t9,t1_ci0xj1h,0.12413793103448276,0.1337579617834395,-0.009620030748956732
p_1099,t3_27hf7o,t1_ci1a4gk,t1_ci1l4fi,0.22573839662447256,0.1260053619302949,0.09973303469417766
p_1101,t3_27gnxb,t1_ci0ta3o,t1_ci0mgmp,0.16346153846153846,0.1977401129943503,-0.03427857453281183
p_1103,t3_27ea43,t1_chzyi0v,t1_chzyvc9,0.1893939393939394,0.1625615763546798,0.026832363039259594
p_1104,t3_27ea43,t1_chzydy2,t1_chzyi89,0.152,0.08843537414965986,0.06356462585034013
p_1105,t3_27ea43,t1_ci00m2q,t1_chzyvc9,0.16382252559726962,0.1625615763546798,0.0012609492425898206
p_1106,t3_27ea43,t1_ci00sgm,t1_ci005dx,0.1419141914191419,0.15733333333333333,-0.015419141914191414
p_1107,t3_27dypa,t1_ci0bdgm,t1_ci07fb6,0.2560706401766004,0.24768518518518517,0.008385454991415242
p_1108,t3_27divm,t1_chzwhlt,t1_chzuja4,0.13068181818181818,0.1366120218579235,-0.005930203676105333
p_1109,t3_27cn8y,t1_chzj6p6,t1_chziyko,0.15566037735849056,0.23045267489711935,-0.07479229753862879
p_1111,t3_27atxw,t1_chz6xha,t1_chz1u36,0.19844357976653695,0.13071895424836602,0.06772462551817093
p_1112,t3_27arev,t1_chzar7e,t1_chyzift,0.17341040462427745,0.1910828025477707,-0.01767239792349326
p_1113,t3_27aea6,t1_chywdcb,t1_chywfdl,0.15165876777251186,0.17543859649122806,-0.0237798287187162
p_1114,t3_27aa6m,t1_chyw1lz,t1_chyuott,0.1722488038277512,0.13095238095238096,0.04129642287537025
p_1116,t3_278w0f,t1_chynby5,t1_chyjibx,0.1267605633802817,0.13970588235294118,-0.012945318972659492
p_1118,t3_277y4m,t1_chydgtq,t1_chywat7,0.11428571428571428,0.10320284697508897,0.011082867310625313
p_1119,t3_277y4m,t1_chydb1h,t1_chyw4kk,0.08582089552238806,0.09926470588235294,-0.013443810359964878
p_1120,t3_277x8k,t1_chyttqk,t1_chy9d0r,0.17266187050359713,0.17575757575757575,-0.00309570525397862
p_1121,t3_276tlp,t1_chy7sh3,t1_chy0rmg,0.24532224532224534,0.18157894736842106,0.06374329795382427
p_1124,t3_274620,t1_chxaxd7,t1_chx8gds,0.2023121387283237,0.12878787878787878,0.07352425994044492
p_1126,t3_273kmd,t1_chxd1h9,t1_chxj63m,0.1948608137044968,0.11799410029498525,0.07686671340951154
p_1127,t3_273kmd,t1_chx2u1h,t1_chxabgz,0.19721577726218098,0.18686868686868688,0.010347090393494102
p_1129,t3_271kgs,t1_chwkzvw,t1_chwjkzk,0.1876675603217158,0.17302798982188294,0.01463957049983286
p_1130,t3_270lsq,t1_chwcze1,t1_chw9d8q,0.11061946902654868,0.16666666666666666,-0.05604719764011798
p_1131,t3_26zspu,t1_chw19hq,t1_chw183d,0.13504823151125403,0.09491525423728814,0.04013297727396589
p_1134,t3_26zc51,t1_chwc4g5,t1_chvxpww,0.17537313432835822,0.2140221402214022,-0.038649005893043986
p_1136,t3_26yks9,t1_chvwhll,t1_chvq9oq,0.12751677852348994,0.13138686131386862,-0.003870082790378676
p_1137,t3_26wd6r,t1_chv5dr8,t1_chv4tni,0.20535714285714285,0.2,0.005357142857142838
p_1139,t3_26vy78,t1_chv29xs,t1_chv09i1,0.0875,0.12916666666666668,-0.041666666666666685
p_1140,t3_26uqns,t1_chuofxc,t1_chur6nz,0.09473684210526316,0.14942528735632185,-0.05468844525105869
p_1141,t3_26ua0u,t1_chujiwj,t1_chujocf,0.19895287958115182,0.175,0.02395287958115183
p_1142,t3_26u9dw,t1_chuufxu,t1_chukxnl,0.10714285714285714,0.16030534351145037,-0.053162486368593234
p_1143,t3_26sh4n,t1_chu3p5h,t1_chu15ia,0.1598360655737705,0.16292134831460675,-0.003085282740836248
p_1146,t3_26rdo4,t1_chtuhl8,t1_chtxxpb,0.15204678362573099,0.14492753623188406,0.0071192473938469225
p_1147,t3_26rdo4,t1_chu67p6,t1_chtrpps,0.11188811188811189,0.13953488372093023,-0.027646771832818343
p_1148,t3_26q635,t1_chtgusq,t1_chtf56s,0.11538461538461539,0.08823529411764706,0.027149321266968326
p_1149,t3_26p8jo,t1_cht981c,t1_chtj2ux,0.14163090128755365,0.12658227848101267,0.015048622806540984
p_1150,t3_26p8jo,t1_cht9qr7,t1_chts9np,0.10982658959537572,0.12834224598930483,-0.018515656393929103
p_1152,t3_26oalr,t1_chsxcva,t1_chsx48j,0.16226415094339622,0.17557251908396945,-0.013308368140573235
p_1153,t3_26nxhn,t1_chsvwxu,t1_chsv0n8,0.2131578947368421,0.17678100263852242,0.03637689209831968
p_1154,t3_26nryd,t1_chsrqt8,t1_chsrvxo,0.14112903225806453,0.17796610169491525,-0.03683706943685072
p_1155,t3_26nhjw,t1_cht4pkp,t1_chsu79i,0.13445378151260504,0.1935483870967742,-0.05909460558416915
p_1156,t3_26nayb,t1_chssa9d,t1_chsv92t,0.2292358803986711,0.21107266435986158,0.01816321603880952
p_1157,t3_26klj1,t1_chs03g4,t1_chryx19,0.20535714285714285,0.14715719063545152,0.05819995222169133
p_1158,t3_26klj1,t1_chs24pt,t1_chrz6c7,0.18181818181818182,0.184,-0.0021818181818181737
p_1160,t3_26hzf8,t1_chr8s7x,t1_chrles3,0.17032967032967034,0.16580310880829016,0.0045265615213801735
p_1161,t3_26hwea,t1_chrabe3,t1_chr8ld6,0.10625,0.19858156028368795,-0.09233156028368796
p_1162,t3_26gh41,t1_chrb2s3,t1_chrbbrp,0.1484848484848485,0.1349206349206349,0.013564213564213584
p_1163,t3_26dl3h,t1_chqfdzg,t1_chqb2dv,0.1566265060240964,0.1103448275862069,0.046281678437889495
p_1164,t3_26d2uo,t1_chpypl8,t1_chpy5h4,0.14285714285714285,0.14285714285714285,0.0
p_1166,t3_26chd9,t1_chprxii,t1_chpqlc3,0.21710526315789475,0.2465753424657534,-0.029470079307858665
p_1165,t3_26chd9,t1_chpu05i,t1_chpunzb,0.19047619047619047,0.2184873949579832,-0.02801120448179273
p_1168,t3_26b7qy,t1_chpe7k0,t1_chpfdw6,0.16498316498316498,0.23015873015873015,-0.06517556517556516
p_1167,t3_26b7qy,t1_chpl60e,t1_chpgldh,0.11313868613138686,0.14930555555555555,-0.03616686942416869
p_1169,t3_26b1l1,t1_chphzs8,t1_chpj8nd,0.18181818181818182,0.125,0.05681818181818182
p_1170,t3_26b1l1,t1_chpkxvq,t1_chpr7to,0.16470588235294117,0.156794425087108,0.007911457265833172
p_1171,t3_26axzi,t1_chpfpjf,t1_chpch30,0.1282051282051282,0.17490494296577946,-0.04669981476065127
p_1173,t3_26avz4,t1_chpvoyz,t1_chpdbyq,0.16071428571428573,0.1694915254237288,-0.00877723970944308
p_1172,t3_26avz4,t1_chpk0aq,t1_chpkmh2,0.16942148760330578,0.33858267716535434,-0.16916118956204856
p_1175,t3_266yvm,t1_cho98qb,t1_cho9whe,0.162227602905569,0.18048780487804877,-0.018260201972479767
p_1176,t3_264xi6,t1_chnu7dr,t1_chntgnu,0.18674698795180722,0.14739884393063585,0.03934814402117137
p_1177,t3_264iek,t1_chnlkj6,t1_chnpgap,0.125,0.12025316455696203,0.004746835443037972
p_1178,t3_26478q,t1_chnuzwc,t1_chni6ea,0.21238938053097345,0.2100456621004566,0.002343718430516839
p_1180,t3_26388i,t1_chn9wjm,t1_chn949h,0.1892744479495268,0.17543859649122806,0.013835851458298742
p_1179,t3_26388i,t1_chn995p,t1_chnvien,0.10526315789473684,0.1409090909090909,-0.035645933014354064
p_1182,t3_25xo3j,t1_chm80yd,t1_chlvz4j,0.11483253588516747,0.1346153846153846,-0.019782848730217142
p_1183,t3_25xl5s,t1_chm54oj,t1_chlqmz0,0.17708333333333334,0.16908212560386474,0.008001207729468607
p_1184,t3_25x7qp,t1_chlltit,t1_chlyib1,0.1864406779661017,0.19148936170212766,-0.005048683736025961
p_1185,t3_25vncd,t1_chldip6,t1_chl5c1u,0.20320855614973263,0.12173913043478261,0.08146942571495001
p_1187,t3_25ttah,t1_chknoam,t1_chknr46,0.1353135313531353,0.25333333333333335,-0.11801980198019804
p_1188,t3_25tb6s,t1_chkkbgt,t1_chkmpg8,0.17478510028653296,0.10616438356164383,0.06862071672488913
p_1189,t3_25tb6s,t1_chkkdg1,t1_chknu20,0.11333333333333333,0.128125,-0.014791666666666661
p_1190,t3_25suor,t1_chkfvbm,t1_chkg3m5,0.1394422310756972,0.18633540372670807,-0.04689317265101087
p_1193,t3_25scj1,t1_chkzgwk,t1_chkmkdy,0.11392405063291139,0.11864406779661017,-0.004720017163698784
p_1194,t3_25r1ji,t1_chjyik3,t1_chk8w7b,0.15352697095435686,0.19667590027700832,-0.043148929322651464
p_1195,t3_25po6v,t1_chjkkx8,t1_chjubyn,0.2153846153846154,0.1956521739130435,0.01973244147157191
p_1196,t3_25po6v,t1_chk8sqa,t1_chjubyn,0.141439205955335,0.1956521739130435,-0.0542129679577085
p_1197,t3_25pnxw,t1_chjirvh,t1_chjpfx2,0.14084507042253522,0.07339449541284404,0.06745057500969118
p_1198,t3_25pnxw,t1_chjjtas,t1_chjj0yp,0.09774436090225563,0.18604651162790697,-0.08830215072565134
p_1199,t3_25oyan,t1_chjdqy8,t1_chjem5p,0.18951612903225806,0.15079365079365079,0.03872247823860728
p_1200,t3_25nvz4,t1_chj0cy6,t1_chj0i1f,0.07391304347826087,0.12903225806451613,-0.05511921458625525
p_1201,t3_25n272,t1_chiubth,t1_chitirm,0.11764705882352941,0.0954356846473029,0.02221137417622651
p_1202,t3_25n272,t1_chiu5hs,t1_chiulpy,0.1495601173020528,0.11952191235059761,0.030038204951455177
p_1205,t3_25lg8m,t1_chigspr,t1_chiogt6,0.11804008908685969,0.0945054945054945,0.023534594581365184
p_1206,t3_25l0uy,t1_chi8i2g,t1_chi832d,0.13909774436090225,0.09036144578313253,0.04873629857776972
p_1207,t3_25l0uy,t1_chi7njk,t1_chi7tu1,0.18992248062015504,0.13291139240506328,0.057011088215091765
p_1211,t3_25itrj,t1_chhmwgg,t1_chi69ds,0.14285714285714285,0.12921348314606743,0.013643659711075423
p_1212,t3_25im4s,t1_chhkumz,t1_chhjyki,0.1383399209486166,0.16488222698072805,-0.02654230603211144
p_1213,t3_25ha18,t1_chh8ifw,t1_chheuzj,0.16791044776119404,0.15966386554621848,0.008246582214975567
p_1214,t3_25ha18,t1_chh6qmk,t1_chhe1dy,0.17509727626459143,0.16972477064220184,0.005372505622389584
p_1216,t3_25gqr3,t1_chh26by,t1_chhh81o,0.14736842105263157,0.12663755458515283,0.020730866467478737
p_1217,t3_25gqr3,t1_chh8rrt,t1_chhh81o,0.16183986371379896,0.12663755458515283,0.035202309128646136
p_1218,t3_25fjdx,t1_chgsfko,t1_chgwtsq,0.1016949152542373,0.1557377049180328,-0.0540427896637955
p_1219,t3_25emz1,t1_chgg0g9,t1_chgig4z,0.152317880794702,0.0970873786407767,0.05523050215392529
p_1220,t3_25emz1,t1_chgg5ng,t1_chgir2d,0.15031315240083507,0.09738717339667459,0.052925979004160476
p_1221,t3_25e9jx,t1_chggnry,t1_chge47o,0.2054794520547945,0.20179372197309417,0.003685730081700339
p_1223,t3_25dxbd,t1_chg9dqe,t1_chg8ogo,0.1660377358490566,0.17883211678832117,-0.012794380939264577
p_1227,t3_255hmb,t1_chdweq6,t1_chemebp,0.19827586206896552,0.178743961352657,0.01953190071630853
p_1229,t3_254zub,t1_chdvkgy,t1_chdwf9h,0.1452991452991453,0.09405940594059406,0.05123973935855125
p_1231,t3_254y08,t1_cheumim,t1_chds6fo,0.1358695652173913,0.09917355371900827,0.03669601149838303
p_1233,t3_25397z,t1_chda336,t1_chdw4w9,0.17037037037037037,0.14814814814814814,0.022222222222222227
p_1237,t3_251sp2,t1_chcu4b5,t1_chctls6,0.20212765957446807,0.20496894409937888,-0.0028412845249108087
p_1238,t3_251sp2,t1_chct90x,t1_chctls6,0.1437908496732026,0.20496894409937888,-0.06117809442617628
p_1239,t3_24y1ch,t1_chbuciq,t1_chbrxsr,0.1794871794871795,0.21182266009852216,-0.03233548061134267
p_1240,t3_24xvdh,t1_chc0kbp,t1_chbz1m4,0.16317991631799164,0.16964285714285715,-0.00646294082486551
p_1241,t3_24xu2q,t1_chbubti,t1_chbry7z,0.12628865979381443,0.15472779369627507,-0.02843913390246064
p_1242,t3_24xu2q,t1_chc4ef4,t1_chbry7z,0.19047619047619047,0.15472779369627507,0.0357483967799154
p_1244,t3_24w4ny,t1_chb93ff,t1_chb9gll,0.2032520325203252,0.1820388349514563,0.021213197568868886
p_1245,t3_24w2l9,t1_chb9cc8,t1_chb90uk,0.1889763779527559,0.20175438596491227,-0.012778008012156367
p_1246,t3_24v6pp,t1_chbpbt5,t1_chb0vnk,0.12359550561797752,0.152317880794702,-0.028722375176724463
p_1247,t3_24v4li,t1_chb1bwz,t1_chb0q8j,0.1259259259259259,0.1452991452991453,-0.019373219373219397
p_1249,t3_24v147,t1_chbavh7,t1_chbf3nm,0.21007194244604316,0.19298245614035087,0.017089486305692292
p_1251,t3_24u1tt,t1_chatgr3,t1_chap2b6,0.16621983914209115,0.11602209944751381,0.050197739694577345
p_1252,t3_24svid,t1_chabtmq,t1_chabwh6,0.17391304347826086,0.15841584158415842,0.015497201894102447
p_1255,t3_24se6g,t1_cha8lpp,t1_cha7yte,0.11437908496732026,0.13008130081300814,-0.015702215845687886
p_1256,t3_24sb0f,t1_cha6mi6,t1_cha8ryw,0.12658227848101267,0.09900990099009901,0.027572377490913652
p_1257,t3_24qqog,t1_ch9zipy,t1_ch9sfw0,0.16793893129770993,0.13029315960912052,0.0376457716885894
p_1258,t3_24pgmg,t1_ch9fo96,t1_ch9x7xg,0.1652892561983471,0.1806282722513089,-0.015339016052961785
p_1261,t3_24mdbl,t1_ch8og6w,t1_ch8j52p,0.22272727272727272,0.22641509433962265,-0.0036878216123499286
p_1262,t3_24m6ig,t1_ch8nkas,t1_ch8kf1q,0.14960629921259844,0.13690476190476192,0.012701537307836519
p_1264,t3_24j7qu,t1_ch7qjkg,t1_ch7uy3e,0.07020872865275142,0.1539855072463768,-0.08377677859362538
p_1265,t3_24io3e,t1_ch7na38,t1_ch7ieyl,0.1782178217821782,0.19487179487179487,-0.016653973089616664
p_1266,t3_24io3e,t1_ch7pz3m,t1_ch7ieyl,0.16822429906542055,0.19487179487179487,-0.02664749580637432
p_1267,t3_24hwd5,t1_ch7gi99,t1_ch7affk,0.1130952380952381,0.11875,-0.0056547619047618985
p_1268,t3_24h3zr,t1_ch72c4s,t1_ch72cof,0.17689530685920576,0.1702127659574468,0.00668254090175896
p_1269,t3_24g8ii,t1_ch71nlc,t1_ch6tmiv,0.13249211356466878,0.08878504672897196,0.04370706683569682
p_1270,t3_24g4hq,t1_ch7257w,t1_ch6va5a,0.09950248756218906,0.11666666666666667,-0.01716417910447761
p_1278,t3_24c5qv,t1_ch5oa5w,t1_ch5ogse,0.2090032154340836,0.17391304347826086,0.03509017195582273
p_1279,t3_24c5qv,t1_ch5ow4l,t1_ch5ogse,0.18627450980392157,0.17391304347826086,0.012361466325660708
p_1280,t3_24c1q3,t1_ch5uakf,t1_ch60ays,0.18250950570342206,0.11458333333333333,0.06792617237008873
p_1281,t3_24c1q3,t1_ch61d0c,t1_ch5ursh,0.1977401129943503,0.17088607594936708,0.02685403704498321
p_1282,t3_24c1q3,t1_ch5uoui,t1_ch5ugkf,0.10849056603773585,0.1065989847715736,0.0018915812661622483
p_1283,t3_24c1q3,t1_ch5zt5k,t1_ch5p4qj,0.1556420233463035,0.1511111111111111,0.004530912235192391
p_1284,t3_24bx3p,t1_ch5nu6w,t1_ch5ot5q,0.1881720430107527,0.13836477987421383,0.049807263136538854
p_1285,t3_24bof3,t1_ch5k7ny,t1_ch5m04n,0.13736263736263737,0.14792899408284024,-0.010566356720202869
p_1286,t3_24bof3,t1_ch5k4dl,t1_ch5phng,0.2112676056338028,0.19831223628691982,0.012955369346882989
p_1287,t3_24b8ko,t1_ch5ozwp,t1_ch66f4q,0.1431159420289855,0.19047619047619047,-0.04736024844720496
p_1288,t3_249sxa,t1_ch53so7,t1_ch4zs42,0.18834080717488788,0.10897435897435898,0.0793664482005289
p_1289,t3_249l1k,t1_ch4xsez,t1_ch57rrn,0.1,0.13218390804597702,-0.03218390804597701
p_1290,t3_248s83,t1_ch4snfe,t1_ch4qx6q,0.22459893048128343,0.14173228346456693,0.0828666470167165
p_1291,t3_248bcr,t1_ch4oftd,t1_ch51bt3,0.11214953271028037,0.16312056737588654,-0.050971034665606166
p_1295,t3_24509o,t1_ch3osvi,t1_ch3yyjg,0.13428571428571429,0.13675213675213677,-0.00246642246642248
p_1296,t3_244kp1,t1_ch3jo95,t1_ch3iw1o,0.12804878048780488,0.09090909090909091,0.03713968957871397
p_1297,t3_244bft,t1_ch3gjc7,t1_ch3m2j3,0.14012738853503184,0.12658227848101267,0.013545110054019177
p_1301,t3_23yke6,t1_ch1tbc6,t1_ch22rmp,0.10434782608695652,0.13333333333333333,-0.028985507246376815
p_1302,t3_23yke6,t1_ch21i1v,t1_ch21o13,0.13380281690140844,0.10970464135021098,0.024098175551197462
p_1305,t3_23yke6,t1_ch29mf9,t1_ch1y1ws,0.12345679012345678,0.13333333333333333,-0.009876543209876548
p_1303,t3_23yke6,t1_ch1xh6r,t1_ch20pf2,0.1391304347826087,0.1111111111111111,0.028019323671497592
p_1304,t3_23yke6,t1_ch1vy27,t1_ch22rmp,0.1171875,0.13333333333333333,-0.01614583333333333
p_1308,t3_23xw5n,t1_ch20pmq,t1_ch1orox,0.14450867052023122,0.18354430379746836,-0.039035633277237136
p_1311,t3_23xekl,t1_ch1ihvg,t1_ch1ih9d,0.1520912547528517,0.12883435582822086,0.023256898924630842
p_1310,t3_23xekl,t1_ch1lcbj,t1_ch1tafi,0.16793893129770993,0.12422360248447205,0.04371532881323788
p_1312,t3_23wvv9,t1_ch1cxo2,t1_ch1d10a,0.12578616352201258,0.1736842105263158,-0.047898047004303224
p_1315,t3_23wvv9,t1_ch1d1et,t1_ch1czsx,0.09740259740259741,0.1411042944785276,-0.04370169707593019
p_1314,t3_23wvv9,t1_ch1dgtk,t1_ch1czsx,0.1568627450980392,0.1411042944785276,0.015758450619511616
p_1313,t3_23wvv9,t1_ch1cuwx,t1_ch1d10a,0.1357142857142857,0.1736842105263158,-0.0379699248120301
p_1316,t3_23wvv9,t1_ch1dvsg,t1_ch1d10a,0.12849162011173185,0.1736842105263158,-0.045192590414583955
p_1317,t3_23vw8b,t1_ch130xw,t1_ch12knl,0.18181818181818182,0.21621621621621623,-0.034398034398034405
p_1318,t3_23vw8b,t1_ch13k3n,t1_ch12knl,0.09803921568627451,0.21621621621621623,-0.11817700052994172
p_1319,t3_23vw8b,t1_ch149yl,t1_ch13pcr,0.12280701754385964,0.13291139240506328,-0.010104374861203635
p_1320,t3_23vvzm,t1_ch1f49t,t1_ch12o3l,0.21863799283154123,0.21164021164021163,0.0069977811913295995
p_1322,t3_23ou3x,t1_cgz6lk9,t1_cgz4coy,0.14485981308411214,0.11834319526627218,0.026516617817839955
p_1324,t3_23mgec,t1_cgygajp,t1_cgyvk0r,0.17682926829268292,0.12658227848101267,0.05024698981167025
p_1326,t3_23lqtl,t1_cgybkki,t1_cgy8g3b,0.226775956284153,0.1476923076923077,0.0790836485918453
p_1327,t3_23lqtl,t1_cgy90vi,t1_cgyg9t2,0.09027777777777778,0.13402061855670103,-0.04374284077892325
p_1328,t3_23litg,t1_cgy73k6,t1_cgyu73z,0.15960912052117263,0.1595744680851064,3.4652436066234804e-05
p_1329,t3_23kv7b,t1_cgxzsco,t1_cgy6k1w,0.17142857142857143,0.1506276150627615,0.02080095636580992
p_1330,t3_23kv7b,t1_cgy0cn3,t1_cgy04hq,0.14634146341463414,0.11518324607329843,0.03115821734133571
p_1331,t3_23kv7b,t1_cgy2g6p,t1_cgy5vy7,0.07784431137724551,0.17032967032967034,-0.09248535895242482
p_1332,t3_23kv7b,t1_cgy0c2d,t1_cgy551n,0.15463917525773196,0.16751269035532995,-0.012873515097597987
p_1333,t3_23kv7b,t1_cgy6gid,t1_cgyrejw,0.1656441717791411,0.1464968152866242,0.019147356492516893
p_1334,t3_23kit3,t1_cgxz084,t1_cgxx7gu,0.15985130111524162,0.2,-0.04014869888475839
p_1335,t3_23k2q0,t1_cgxw1t2,t1_cgxturs,0.18324607329842932,0.22289156626506024,-0.03964549296663092
p_1336,t3_23jz53,t1_cgxr95k,t1_cgxqswm,0.15789473684210525,0.16216216216216217,-0.004267425320056917
p_1337,t3_23jmyp,t1_cgxs8kb,t1_cgxn99f,0.11822660098522167,0.1686746987951807,-0.05044809780995904
p_1338,t3_23ijp4,t1_cgxcr0l,t1_cgxdbde,0.23325062034739455,0.1707920792079208,0.062458541139473744
p_1341,t3_23c5x0,t1_cgvl8vi,t1_cgvm637,0.13559322033898305,0.1589958158995816,-0.023402595560598538
p_1342,t3_239u21,t1_cguzcxq,t1_cgv142h,0.11920529801324503,0.1536050156739812,-0.03439971766073616
p_1343,t3_238wk7,t1_cgumv5c,t1_cgvmt4w,0.12,0.1506849315068493,-0.03068493150684931
p_1344,t3_238afg,t1_cguflf3,t1_cgufoko,0.24786324786324787,0.17391304347826086,0.073950204384987
p_1345,t3_2375b2,t1_cgu92dz,t1_cgu3uvw,0.10756972111553785,0.1118421052631579,-0.004272384147620045
p_1346,t3_2371el,t1_cguakwg,t1_cgu6rya,0.17763157894736842,0.20670391061452514,-0.029072331667156726
p_1347,t3_2360o1,t1_cgtz3wv,t1_cgtwa3q,0.16363636363636364,0.10909090909090909,0.05454545454545455
p_1348,t3_2360o1,t1_cgu0cre,t1_cgtsaaa,0.1574585635359116,0.14029850746268657,0.017160056073225016
p_1353,t3_22z33y,t1_cgrsuna,t1_cgs2mn3,0.11009174311926606,0.152,-0.041908256880733935
p_1354,t3_22z33y,t1_cgrugp5,t1_cgs6ju7,0.1693548387096774,0.13934426229508196,0.030010576414595452
p_1355,t3_22y28i,t1_cgriyct,t1_cgrjo9h,0.175,0.2236842105263158,-0.0486842105263158
p_1358,t3_22xij5,t1_cgrqv9h,t1_cgrcwvc,0.1976401179941003,0.17567567567567569,0.02196444231842462
p_1356,t3_22xij5,t1_cgrcz5o,t1_cgrcq5k,0.21967213114754097,0.136,0.08367213114754096
p_1359,t3_22wdaq,t1_cgr4744,t1_cgr1g25,0.1518324607329843,0.1724137931034483,-0.020581332370464
p_1361,t3_22uku3,t1_cgqjbhc,t1_cgqivn8,0.06428571428571428,0.15877437325905291,-0.09448865897333864
p_1362,t3_22uku3,t1_cgqlrwl,t1_cgqjogl,0.19753086419753085,0.1978319783197832,-0.00030111412225233836
p_1364,t3_22uku3,t1_cgqquh7,t1_cgqjogl,0.1388101983002833,0.1978319783197832,-0.0590217800194999
p_1363,t3_22uku3,t1_cgqkdik,t1_cgqivn8,0.15757575757575756,0.15877437325905291,-0.001198615683295351
p_1365,t3_22ujpc,t1_cgqjh6c,t1_cgqk4rp,0.11728395061728394,0.10273972602739725,0.01454422458988669
p_1367,t3_22s6od,t1_cgpvjq6,t1_cgpumps,0.1676829268292683,0.12849162011173185,0.039191306717536456
p_1368,t3_22s540,t1_cgpw23e,t1_cgq0y5h,0.13541666666666666,0.1083223249669749,0.027094341699691757
p_1369,t3_22ro8l,t1_cgpubok,t1_cgpq38y,0.13011152416356878,0.15566037735849056,-0.025548853194921783
p_1373,t3_22rciz,t1_cgppvl3,t1_cgps3lm,0.14641744548286603,0.15457413249211358,-0.008156687009247543
p_1375,t3_22p8vc,t1_cgp1ivx,t1_cgp2qt7,0.18292682926829268,0.14869888475836432,0.03422794450992836
p_1376,t3_22p8vc,t1_cgph660,t1_cgp2qt7,0.13926940639269406,0.14869888475836432,-0.009429478365670263
p_1378,t3_22oxbh,t1_cgpbtta,t1_cgp8xyo,0.14432989690721648,0.18151815181518152,-0.03718825490796504
p_1381,t3_22kmvs,t1_cgnqvsu,t1_cgns9dq,0.22435897435897437,0.2028301886792453,0.021528785679729073
p_1382,t3_22kmvs,t1_cgnr65q,t1_cgnr89a,0.19480519480519481,0.20945945945945946,-0.014654264654264643
p_1383,t3_22kmvs,t1_cgnqzqt,t1_cgns9dq,0.15503875968992248,0.2028301886792453,-0.047791428989322815
p_1385,t3_22jhn2,t1_cgneze9,t1_cgnl46h,0.1875,0.18333333333333332,0.00416666666666668
p_1387,t3_22f1kj,t1_cgm6jha,t1_cgs195e,0.1724137931034483,0.16535433070866143,0.0070594623947868584
p_1388,t3_22f1kj,t1_cgm7mon,t1_cgmavew,0.12064343163538874,0.1503267973856209,-0.02968336575023217
p_1389,t3_22f1kj,t1_cgm6vi2,t1_cgm6jxw,0.10315186246418338,0.15178571428571427,-0.04863385182153089
p_1392,t3_22akzj,t1_cgl8lo1,t1_cgkxjgo,0.16030534351145037,0.2231404958677686,-0.06283515235631823
p_1394,t3_22aivj,t1_cglicrz,t1_cgl0x83,0.07120743034055728,0.10397553516819572,-0.032768104827638436
p_1395,t3_22aivj,t1_cgljc74,t1_cgl10xq,0.09649122807017543,0.0736196319018405,0.022871596168334937
p_1396,t3_22a5ni,t1_cgktqwp,t1_cgkttdk,0.18012422360248448,0.12837837837837837,0.05174584522410611
p_1397,t3_22a3qs,t1_cgkvrr0,t1_cgkykbh,0.14583333333333334,0.18867924528301888,-0.04284591194968554
p_1398,t3_22a3qs,t1_cgl1hm0,t1_cgkykbh,0.16260162601626016,0.18867924528301888,-0.026077619266758723
p_1399,t3_22a3qs,t1_cgl1h03,t1_cgkykbh,0.15151515151515152,0.18867924528301888,-0.03716409376786736
p_1400,t3_22a37m,t1_cgksfxc,t1_cgkymem,0.1569767441860465,0.145985401459854,0.01099134272619251
p_1401,t3_228zyi,t1_cgkk4t4,t1_cgklgw6,0.14935064935064934,0.14383561643835616,0.0055150329122931885
p_1402,t3_228zup,t1_cgkizxk,t1_cgklh2w,0.21481481481481482,0.15315315315315314,0.061661661661661676
p_1403,t3_227jtk,t1_cgkj9t2,t1_cgk3y74,0.215,0.18128654970760233,0.03371345029239767
p_1404,t3_2274kr,t1_cgk4b3c,t1_cgk2ayk,0.1634980988593156,0.17721518987341772,-0.013717091014102123
p_1406,t3_226qii,t1_cgjxbij,t1_cgjwndb,0.12777777777777777,0.1581196581196581,-0.030341880341880345
p_1408,t3_225n20,t1_cgjsq8n,t1_cgjxoyj,0.09836065573770492,0.18770226537216828,-0.08934160963446336
p_1409,t3_225n20,t1_cgjse9y,t1_cgjto4c,0.21476510067114093,0.1758957654723127,0.038869335198828237
p_1411,t3_2235f3,t1_cgj1syh,t1_cgj12cs,0.09405940594059406,0.11538461538461539,-0.02132520944402133
p_1413,t3_222civ,t1_cgiu51l,t1_cgiukpc,0.12944983818770225,0.12979351032448377,-0.00034367213678151987
p_1414,t3_222civ,t1_cgj0qyo,t1_cgir9ho,0.2076271186440678,0.23979591836734693,-0.03216879972327913
p_1416,t3_2225gv,t1_cgimlkk,t1_cgio20w,0.15492957746478872,0.15384615384615385,0.0010834236186348656
p_1417,t3_221bir,t1_cgif7kr,t1_cgixpf6,0.11825192802056556,0.1015625,0.016689428020565555
p_1418,t3_220tb9,t1_cgi94sd,t1_cgic9mq,0.14691943127962084,0.13654618473895583,0.010373246540665015
p_1422,t3_21ufiz,t1_cghj1f0,t1_cggsmnl,0.14594594594594595,0.05917159763313609,0.08677434831280986
p_1423,t3_21tk7p,t1_cgggqyw,t1_cgghrhl,0.1452513966480447,0.19444444444444445,-0.04919304779639974
p_1425,t3_21tdqe,t1_cggbp4k,t1_cggl2kk,0.08530805687203792,0.2028985507246377,-0.11759049385259977
p_1426,t3_21syfg,t1_cgg7z22,t1_cgg8cok,0.15873015873015872,0.1509433962264151,0.007786762503743633
p_1428,t3_21ssfi,t1_cgg6xv3,t1_cggf9u8,0.14358974358974358,0.17123287671232876,-0.02764313312258518
p_1436,t3_21pkk6,t1_cgfbywq,t1_cgfbp9c,0.10051546391752578,0.14492753623188406,-0.044412072314358286
p_1437,t3_21okwn,t1_cgf2798,t1_cgf5s9n,0.19557195571955718,0.135678391959799,0.059893563759758184
p_1438,t3_21lleu,t1_cgec0uu,t1_cgebs0x,0.275,0.2131782945736434,0.06182170542635662
p_1439,t3_21l4k2,t1_cge4eyu,t1_cge6hi9,0.22527472527472528,0.1232876712328767,0.10198705404184857
p_1441,t3_21id1m,t1_cgdf3o7,t1_cgdlgwq,0.13675213675213677,0.18584070796460178,-0.049088571212465015
p_1447,t3_21eskl,t1_cgcdlrz,t1_cgccad9,0.22429906542056074,0.19333333333333333,0.030965732087227416
p_1449,t3_21dzb8,t1_cgc6vmk,t1_cgcdz22,0.10734463276836158,0.11728395061728394,-0.009939317848922366
p_1450,t3_21ceh3,t1_cgbp7v2,t1_cgbpnct,0.14492753623188406,0.12552301255230125,0.019404523679582814
p_1451,t3_21c4g5,t1_cgbm0ol,t1_cgbmkir,0.15501519756838905,0.15384615384615385,0.0011690437222351968
p_1454,t3_21bodq,t1_cgbktwy,t1_cgboulw,0.1377049180327869,0.15544041450777202,-0.017735496474985124
p_1455,t3_21aaav,t1_cgb4hag,t1_cgb7k83,0.17415730337078653,0.14285714285714285,0.03130016051364368
p_1456,t3_219ie7,t1_cgawtkk,t1_cgaywpa,0.20948616600790515,0.15346534653465346,0.05602081947325169
p_1457,t3_219ie7,t1_cgay26g,t1_cgaxh04,0.17366946778711484,0.22641509433962265,-0.05274562655250781
p_1459,t3_219hll,t1_cgb9i7f,t1_cgawgmy,0.13636363636363635,0.14285714285714285,-0.006493506493506496
p_1461,t3_218cj0,t1_cgb7957,t1_cgakc8p,0.19491525423728814,0.2565789473684211,-0.06166369313113293
p_1460,t3_218cj0,t1_cgb4zyw,t1_cgalms8,0.14507772020725387,0.14893617021276595,-0.0038584500055120763
p_1462,t3_218cay,t1_cganctm,t1_cgb5b16,0.21518987341772153,0.18385650224215247,0.03133337117556906
p_1464,t3_217z08,t1_cgamd0q,t1_cgam4in,0.1774580335731415,0.2,-0.022541966426858517
p_1466,t3_216l8g,t1_cga5u8e,t1_cgaj501,0.15737704918032788,0.09774436090225563,0.05963268827807225
p_1468,t3_216l8g,t1_cgadifw,t1_cgamd1h,0.21749408983451538,0.17666666666666667,0.04082742316784871
p_1469,t3_216l8g,t1_cga5vm9,t1_cgad30r,0.16181229773462782,0.11406844106463879,0.04774385666998904
p_1470,t3_216c3c,t1_cgaclvt,t1_cgb76ib,0.16877637130801687,0.1506849315068493,0.018091439801167564
p_1471,t3_2156ec,t1_cg9t3jm,t1_cg9v9lh,0.1524390243902439,0.20261437908496732,-0.05017535469472342
p_1472,t3_2156ec,t1_cg9sith,t1_cg9v9lh,0.17261904761904762,0.20261437908496732,-0.029995331465919706
p_1473,t3_213mm2,t1_cg9agr0,t1_cg9bbci,0.18994413407821228,0.17587939698492464,0.01406473709328765
p_1474,t3_2130o9,t1_cg973lr,t1_cg99h0r,0.11855670103092783,0.19480519480519481,-0.07624849377426698
p_1475,t3_2108o3,t1_cg8g5m0,t1_cg8vacp,0.171875,0.174573055028463,-0.0026980550284629867
p_1477,t3_2108o3,t1_cg8pfcj,t1_cg8em1w,0.18220338983050846,0.21637426900584794,-0.03417087917533948
p_1476,t3_2108o3,t1_cg8g18c,t1_cg8gp2o,0.1773049645390071,0.1444043321299639,0.0329006324090432
p_1478,t3_2100tm,t1_cg8bjor,t1_cg8bpfd,0.08527131782945736,0.1640625,-0.07879118217054264
p_1479,t3_2100tm,t1_cg8bkva,t1_cg8cadv,0.09239130434782608,0.08866995073891626,0.003721353608909822
p_1480,t3_21006g,t1_cg8ektc,t1_cg8c67y,0.1610738255033557,0.1246376811594203,0.0364361443439354
p_1481,t3_21006g,t1_cg8d5l7,t1_cg8jki4,0.15348837209302327,0.15675675675675677,-0.003268384663733498
p_1482,t3_21006g,t1_cg8k5af,t1_cg8jacm,0.20327868852459016,0.1623246492985972,0.04095403922599297
p_1483,t3_20y74d,t1_cg7uqnx,t1_cg7xgcc,0.08878504672897196,0.09836065573770492,-0.009575609008732958
p_1484,t3_20xnem,t1_cg7p4ea,t1_cg872iu,0.18518518518518517,0.12452830188679245,0.06065688329839272
p_1485,t3_20xnem,t1_cg7py0i,t1_cg872iu,0.14114114114114115,0.12452830188679245,0.0166128392543487
p_1486,t3_20w0tt,t1_cg7p8xg,t1_cg7r3mc,0.12955465587044535,0.23909249563699825,-0.1095378397665529
p_1487,t3_20vzfs,t1_cg7cbh1,t1_cg7cj2w,0.15760869565217392,0.13186813186813187,0.025740563784042048
p_1488,t3_20v70n,t1_cg725lz,t1_cg73vfe,0.14285714285714285,0.1415929203539823,0.0012642225031605503
p_1489,t3_20smoi,t1_cg6kjc3,t1_cg6ejad,0.13063063063063063,0.1404494382022472,-0.009818807571616572
p_1495,t3_20ofb2,t1_cg5pkgq,t1_cg5ixhz,0.16853932584269662,0.1588235294117647,0.009715796430931928
p_1499,t3_20nrcb,t1_cg543t2,t1_cg552uu,0.12972972972972974,0.1282798833819242,0.001449846347805539
p_1502,t3_20mxh2,t1_cg5cj8f,t1_cg5k6xt,0.11428571428571428,0.15819209039548024,-0.04390637610976596
p_1504,t3_20mjdj,t1_cg682ww,t1_cg4t0cc,0.1111111111111111,0.1116751269035533,-0.0005640157924421962
p_1503,t3_20mjdj,t1_cg4pg7g,t1_cg4t0cc,0.13013698630136986,0.1116751269035533,0.018461859397816555
p_1505,t3_20madh,t1_cg4ndzh,t1_cg4rj03,0.11940298507462686,0.18099547511312217,-0.061592490038495304
p_1508,t3_20krmr,t1_cg48d5v,t1_cg4a1y8,0.20462046204620463,0.1680327868852459,0.03658767516095873
p_1509,t3_20k8w4,t1_cg4aii2,t1_cg48eux,0.17034700315457413,0.15568862275449102,0.014658380400083104
p_1510,t3_20k2rr,t1_cg419ms,t1_cg412ex,0.16554809843400448,0.16350710900473933,0.0020409894292651443
p_1511,t3_20jx3a,t1_cg3ylll,t1_cg3zhj7,0.1348314606741573,0.13812154696132597,-0.0032900862871686753
p_1512,t3_20iv9v,t1_cg3ns2w,t1_cg44wwu,0.16580310880829016,0.15841584158415842,0.007387267224131744
p_1513,t3_20iv9v,t1_cg3y5m7,t1_cg44wwu,0.15217391304347827,0.15841584158415842,-0.006241928540680147
p_1515,t3_20i4lp,t1_cg3uys9,t1_cg3hmbl,0.14285714285714285,0.10096153846153846,0.041895604395604386
p_1516,t3_20i4lp,t1_cg48c3a,t1_cg3j6v8,0.1141552511415525,0.1336405529953917,-0.019485301853839204
p_1517,t3_20i32o,t1_cg3g5qn,t1_cg3h1s6,0.14367816091954022,0.14556962025316456,-0.0018914593336243346
p_1518,t3_20hoh2,t1_cg3e8tj,t1_cg3e1q3,0.1523809523809524,0.1517509727626459,0.0006299796183064921
p_1519,t3_20h3n2,t1_cg35tve,t1_cg35vpg,0.13220338983050847,0.13284132841328414,-0.0006379385827756656
p_1520,t3_20gyw4,t1_cg3bvu3,t1_cg3fsc7,0.11627906976744186,0.09090909090909091,0.025369978858350947
p_1521,t3_20gyw4,t1_cg3fs5u,t1_cg3fsc7,0.13877551020408163,0.09090909090909091,0.04786641929499072
p_1523,t3_20evic,t1_cg2s2cg,t1_cg2kgg6,0.18421052631578946,0.14948453608247422,0.03472599023331524
p_1524,t3_20er8m,t1_cg2kh0h,t1_cg349wx,0.04241071428571429,0.11597374179431072,-0.07356302750859643
p_1526,t3_20er8m,t1_cg2pphh,t1_cg349wx,0.1079913606911447,0.11597374179431072,-0.007982381103166014
p_1529,t3_20ccdh,t1_cg1yrvx,t1_cg21j64,0.15384615384615385,0.20809248554913296,-0.0542463317029791
p_1530,t3_20c7cz,t1_cg1yw0u,t1_cg1tdlz,0.1610738255033557,0.2982456140350877,-0.137171788531732
p_1531,t3_20bjzj,t1_cg1npcb,t1_cg1np4p,0.18326693227091634,0.22566371681415928,-0.042396784543242944
p_1532,t3_20bc4h,t1_cg1kcaj,t1_cg1q9b0,0.1792452830188679,0.27346938775510204,-0.09422410473623413
p_1533,t3_20bc4h,t1_cg1k60u,t1_cg1m2xr,0.20994475138121546,0.16304347826086957,0.04690127312034589
p_1536,t3_208uz9,t1_cg0x68o,t1_cg0vcfi,0.17488789237668162,0.18285714285714286,-0.007969250480461237
p_1538,t3_208uz9,t1_cg10g34,t1_cg0vx6c,0.11695906432748537,0.14634146341463414,-0.029382399087148764
p_1539,t3_20771y,t1_cg0g3o7,t1_cg0kgnu,0.12903225806451613,0.13131313131313133,-0.0022808732486152006
p_1541,t3_2067hy,t1_cg07wrp,t1_cg0fxc1,0.17735849056603772,0.1415929203539823,0.035765570212055425
p_1542,t3_2067hy,t1_cg0du69,t1_cg0fxc1,0.16033755274261605,0.1415929203539823,0.018744632388633747
p_1543,t3_205wgp,t1_cg034et,t1_cg0lm1r,0.14685314685314685,0.16560509554140126,-0.018751948688254416
p_1545,t3_2055ga,t1_cg005x6,t1_cfzyi1j,0.12318840579710146,0.2807017543859649,-0.15751334858886346
p_1546,t3_20552o,t1_cfzv2ca,t1_cfzutd1,0.20192307692307693,0.18627450980392157,0.015648567119155354
p_1547,t3_202dsz,t1_cfz5omt,t1_cfz8mj9,0.16044776119402984,0.17091836734693877,-0.010470606152908929
p_1548,t3_1zyxf5,t1_cfykpyh,t1_cfy8x1q,0.17791411042944785,0.1552346570397112,0.022679453389736648
p_1549,t3_1zwn1x,t1_cfxnbo6,t1_cfxnnsj,0.10695187165775401,0.10810810810810811,-0.0011562364503541062
p_1550,t3_1zw7ln,t1_cfxj320,t1_cfxj5az,0.14492753623188406,0.12213740458015267,0.022790131651731396
p_1551,t3_1zuvxw,t1_cfxe20o,t1_cfxmqh6,0.13333333333333333,0.1323529411764706,0.0009803921568627416
p_1552,t3_1zu61l,t1_cfwzylm,t1_cfx0hao,0.1827956989247312,0.21641791044776118,-0.03362221152302999
p_1553,t3_1ztvka,t1_cfwxsqx,t1_cfwws2r,0.16109422492401215,0.14814814814814814,0.012946076775864013
p_1555,t3_1zs621,t1_cfwvfc8,t1_cfwgped,0.13374805598755832,0.16981132075471697,-0.036063264767158654
p_1557,t3_1zradb,t1_cfwcpec,t1_cfwls65,0.10421836228287841,0.12813370473537605,-0.023915342452497643
p_1558,t3_1zmsp5,t1_cfv2q6b,t1_cfv12db,0.18032786885245902,0.20348837209302326,-0.023160503240564234
p_1561,t3_1zj8xe,t1_cfuhnxj,t1_cfu7ye4,0.18421052631578946,0.15294117647058825,0.031269349845201216
p_1563,t3_1zixnc,t1_cfu2ihk,t1_cfufvm6,0.1934156378600823,0.2175732217573222,-0.024157583897239876
p_1564,t3_1zixnc,t1_cfufgl4,t1_cfu8t82,0.20640569395017794,0.1728395061728395,0.03356618777733844
p_1565,t3_1zga9j,t1_cfth378,t1_cfthktn,0.22348484848484848,0.17412935323383086,0.04935549525101762
p_1566,t3_1zfi9r,t1_cft7656,t1_cft6dvp,0.13284132841328414,0.1793478260869565,-0.046506497673672376
p_1567,t3_1zdgxp,t1_cfspefn,t1_cfsoeq2,0.24545454545454545,0.20118343195266272,0.04427111350188273
p_1568,t3_1zav5a,t1_cfs128g,t1_cfs8we4,0.19282511210762332,0.17647058823529413,0.01635452387232919
p_1569,t3_1zav5a,t1_cfs14jd,t1_cfs27v4,0.16030534351145037,0.1984732824427481,-0.03816793893129772
p_1570,t3_1z9uki,t1_cfrtm9j,t1_cfrtrpp,0.143646408839779,0.1518987341772152,-0.008252325337436195
p_1571,t3_1z9nj1,t1_cfrvhp5,t1_cfrt1zr,0.143646408839779,0.17045454545454544,-0.026808136614766442
p_1572,t3_1z9nj1,t1_cfs2slp,t1_cfrt1zr,0.17567567567567569,0.17045454545454544,0.0052211302211302435
p_1575,t3_1z4j07,t1_cfqjgtm,t1_cfqfpgt,0.16774193548387098,0.12025316455696203,0.04748877092690895
p_1576,t3_1z3vej,t1_cfq9l33,t1_cfq9m7b,0.10655737704918032,0.1588785046728972,-0.052321127623716865
p_1577,t3_1z2m65,t1_cfpz5ni,t1_cfqe6na,0.1814516129032258,0.16184971098265896,0.01960190192056685
p_1579,t3_1z1x25,t1_cfps3jr,t1_cfprwz1,0.16103896103896104,0.19480519480519481,-0.03376623376623378
p_1581,t3_1z0efm,t1_cfpdtdk,t1_cfpdbjr,0.12781954887218044,0.18840579710144928,-0.060586248229268835
p_1582,t3_1yzk2r,t1_cfpix2k,t1_cfpb5e7,0.13029315960912052,0.13854351687388988,-0.008250357264769359
p_1584,t3_1ytd1y,t1_cfnl117,t1_cfnl2nq,0.15476190476190477,0.13259668508287292,0.022165219679031845
p_1585,t3_1yst0y,t1_cfngu5x,t1_cfngwn5,0.13333333333333333,0.22413793103448276,-0.09080459770114943
p_1586,t3_1ysjvs,t1_cfndapb,t1_cfnjy06,0.14432989690721648,0.14516129032258066,-0.0008313934153641733
p_1587,t3_1ysjvs,t1_cfnejdg,t1_cfndbpn,0.13186813186813187,0.1440677966101695,-0.012199664742037625
p_1588,t3_1yqbtv,t1_cfmvaww,t1_cfn3a9g,0.18181818181818182,0.19727891156462585,-0.015460729746444024
p_1589,t3_1yqbtv,t1_cfmvnmb,t1_cfnjhfp,0.1390728476821192,0.12413793103448276,0.014934916647636437
p_1590,t3_1ypfdt,t1_cfmn9ya,t1_cfmkj9p,0.16901408450704225,0.18543046357615894,-0.016416379069116693
p_1593,t3_1ylhiw,t1_cflpdf1,t1_cflrlgg,0.2226148409893993,0.2111801242236025,0.011434716765796799
p_1594,t3_1yksrs,t1_cfln3uw,t1_cflsynk,0.08723747980613894,0.05977382875605816,0.02746365105008078
p_1595,t3_1yk2nn,t1_cfmigm1,t1_cfl7jgs,0.14982578397212543,0.16153846153846155,-0.011712677566336122
p_1597,t3_1yj9yz,t1_cfkzuuw,t1_cfl3zb3,0.11382113821138211,0.13445378151260504,-0.020632643301222928
p_1598,t3_1yhd8w,t1_cfkunw0,t1_cfl04qs,0.14953271028037382,0.19248826291079812,-0.042955552630424304
p_1599,t3_1yg8sx,t1_cfkaxla,t1_cfk8844,0.18012422360248448,0.14383561643835616,0.03628860716412832
p_1600,t3_1yg2jo,t1_cfk66s1,t1_cfk729g,0.17391304347826086,0.12380952380952381,0.05010351966873705
p_1601,t3_1yf0hw,t1_cfk3gzm,t1_cfk3g6w,0.20705521472392638,0.20705521472392638,0.0
p_1602,t3_1ycqp3,t1_cfjcixz,t1_cfjex0e,0.09453781512605042,0.1651705565529623,-0.0706327414269119
p_1603,t3_1yccg0,t1_cfj7tna,t1_cfj836t,0.14414414414414414,0.1646586345381526,-0.02051449039400846
p_1604,t3_1yc8z3,t1_cfj8dok,t1_cfj6ut7,0.14285714285714285,0.17834394904458598,-0.035486806187443126
p_1607,t3_1y93n4,t1_cfilbka,t1_cfiga5n,0.19395465994962216,0.18505338078291814,0.008901279166704024
p_1609,t3_1y8e6p,t1_cfidj9k,t1_cfi8wne,0.15261044176706828,0.13846153846153847,0.014148903305529814
p_1610,t3_1y7dly,t1_cfi0whe,t1_cfi99ou,0.09876543209876543,0.1348314606741573,-0.03606602857539187
p_1611,t3_1y6r6n,t1_cfhuqmy,t1_cfhzeok,0.18412698412698414,0.20597014925373133,-0.021843165126747194
p_1613,t3_1y5kpj,t1_cfhngrl,t1_cfhmv6r,0.09027777777777778,0.13846153846153847,-0.04818376068376069
p_1614,t3_1y5jpe,t1_cfhjc63,t1_cfhoyvh,0.12962962962962962,0.1810344827586207,-0.05140485312899107
p_1615,t3_1y3vw7,t1_cfh6xl3,t1_cfhb3ig,0.20618556701030927,0.17703349282296652,0.029152074187342752
p_1616,t3_1y0z80,t1_cfgezmv,t1_cfgd9sg,0.16847826086956522,0.20491803278688525,-0.036439771917320035
p_1617,t3_1y0z80,t1_cfgebtx,t1_cfge83v,0.22929936305732485,0.1893939393939394,0.03990542366338545
p_1618,t3_1y0z80,t1_cfgff5w,t1_cfgdo8i,0.13,0.16346153846153846,-0.03346153846153846
p_1619,t3_1y0z80,t1_cfggmp9,t1_cfggdeg,0.145985401459854,0.13592233009708737,0.010063071362766629
p_1620,t3_1y0vu9,t1_cfgiaw0,t1_cfgl96g,0.11210762331838565,0.15413533834586465,-0.042027715027479
p_1621,t3_1y0q8w,t1_cfrq7cf,t1_cfgq10w,0.14833333333333334,0.21017699115044247,-0.06184365781710913
p_1622,t3_1xzpi7,t1_cfg2dzw,t1_cfg3is1,0.17647058823529413,0.20257234726688103,-0.026101759031586902
p_1623,t3_1xzf7d,t1_cfg00me,t1_cffz5zm,0.1875,0.23170731707317074,-0.04420731707317074
p_1624,t3_1xzeag,t1_cffzwu5,t1_cffzfv6,0.1592920353982301,0.16891891891891891,-0.009626883520688828
p_1625,t3_1xzdek,t1_cfg1zzx,t1_cfg0i1g,0.14354066985645933,0.17164179104477612,-0.028101121188316786
p_1626,t3_1xz6rw,t1_cffz8em,t1_cffxz9z,0.19936708860759494,0.14074074074074075,0.058626347866854195
p_1628,t3_1xx4hd,t1_cffpbcp,t1_cffe6q8,0.1423841059602649,0.14453125,-0.002147144039735094
p_1631,t3_1xvch2,t1_cff03ce,t1_cfeznzr,0.1611842105263158,0.1724137931034483,-0.011229582577132496
p_1632,t3_1xus3u,t1_cff4s1l,t1_cff7gyo,0.14102564102564102,0.22807017543859648,-0.08704453441295545
p_1633,t3_1xtu9a,t1_cfelt93,t1_cfek1hq,0.17578125,0.17307692307692307,0.0027043269230769273
p_1635,t3_1xt7na,t1_cfekvit,t1_cfehcuc,0.17763157894736842,0.19548872180451127,-0.01785714285714285
p_1636,t3_1xrsup,t1_cfe9wcm,t1_cfecpir,0.1643192488262911,0.12903225806451613,0.03528699076177497
p_1639,t3_1xqnjx,t1_cfdvt9y,t1_cfdt5y3,0.18681318681318682,0.19382022471910113,-0.0070070379059143095
p_1640,t3_1xqnjx,t1_cfdsxp9,t1_cfdvwqp,0.23670212765957446,0.20194647201946472,0.03475565564010974
p_1641,t3_1xqn05,t1_cfdr670,t1_cfdzhku,0.13089005235602094,0.18803418803418803,-0.05714413567816709
p_1647,t3_1xpli3,t1_cfdj416,t1_cfdz0is,0.13804713804713806,0.13744075829383887,0.000606379753299191
p_1648,t3_1xp9br,t1_cfddlr2,t1_cfdd9ab,0.1657754010695187,0.17676767676767677,-0.010992275698158055
p_1649,t3_1xowzb,t1_cfdatgs,t1_cfdbx3c,0.15471698113207547,0.14601769911504425,0.008699282017031212
p_1650,t3_1xowzb,t1_cfdbhsi,t1_cfdbx3c,0.1337386018237082,0.14601769911504425,-0.012279097291336055
p_1651,t3_1xofrl,t1_cfd7mvo,t1_cfd6avv,0.1746987951807229,0.18478260869565216,-0.010083813514929263
p_1652,t3_1xny71,t1_cfd4qsf,t1_cfd1p8s,0.1359447004608295,0.15692307692307692,-0.020978376462247428
p_1653,t3_1xne0t,t1_cfcwnyo,t1_cfcwuj0,0.20833333333333334,0.12962962962962962,0.07870370370370372
p_1654,t3_1xml8r,t1_cfcpq87,t1_cfcvgy3,0.15384615384615385,0.18848167539267016,-0.03463552154651631
p_1658,t3_1xj5t3,t1_cfbzgs9,t1_cfbsvrz,0.16487455197132617,0.14156626506024098,0.02330828691108519
p_1659,t3_1xj58k,t1_cfbw65l,t1_cfc1y4k,0.109375,0.1232876712328767,-0.013912671232876705
p_1660,t3_1xj1ga,t1_cfbsq9j,t1_cfbsdxa,0.18587360594795538,0.1474820143884892,0.03839159155946617
p_1661,t3_1xijwf,t1_cfbyqtw,t1_cfbs8fr,0.1423841059602649,0.15357142857142858,-0.011187322611163675
p_1662,t3_1xijwf,t1_cfbrxxo,t1_cfbs8fr,0.16145833333333334,0.15357142857142858,0.007886904761904762
p_1663,t3_1xi9t0,t1_cfbm43v,t1_cfbl44s,0.1746987951807229,0.2509505703422053,-0.0762517751614824
p_1664,t3_1xhrpt,t1_cfbkr47,t1_cfby4iv,0.13241379310344828,0.14506172839506173,-0.012647935291613455
p_1665,t3_1xhjo8,t1_cfbg2kr,t1_cfbe6yx,0.1483050847457627,0.25,-0.1016949152542373
p_1666,t3_1xhgv0,t1_cfbkzhu,t1_cfbpidx,0.21524663677130046,0.16806722689075632,0.04717940988054414
p_1668,t3_1xgop4,t1_cfb7zmh,t1_cfblib6,0.17073170731707318,0.23577235772357724,-0.06504065040650406
p_1670,t3_1xg9o8,t1_cfb5szp,t1_cfb8m1v,0.08385093167701864,0.09547738693467336,-0.011626455257654725
p_1671,t3_1xg9o8,t1_cfb7rha,t1_cfb8rco,0.10606060606060606,0.10276679841897234,0.003293807641633728
p_1672,t3_1xg07x,t1_cfb0ntv,t1_cfb1y56,0.21739130434782608,0.2,0.01739130434782607
p_1673,t3_1xg07x,t1_cfb029j,t1_cfb1y56,0.20987654320987653,0.2,0.00987654320987652
p_1674,t3_1xfxzz,t1_cfbqyq7,t1_cfb38lx,0.1986754966887417,0.12015503875968993,0.07852045792905178
p_1675,t3_1xecbw,t1_cfapwte,t1_cfavmea,0.18125,0.15294117647058825,0.028308823529411747
p_1676,t3_1xauzj,t1_cf9ryoi,t1_cf9rnej,0.16279069767441862,0.16129032258064516,0.0015003750937734595
p_1677,t3_1x9drc,t1_cf9aorl,t1_cf9drsg,0.2032854209445585,0.1421188630490956,0.06116655789546291
p_1678,t3_1x8fy5,t1_cf9c8ws,t1_cf9598e,0.12037037037037036,0.1402439024390244,-0.01987353206865404
p_1679,t3_1x7uoa,t1_cf8wl9o,t1_cf8z5i2,0.15695067264573992,0.11351351351351352,0.0434371591322264
p_1681,t3_1x5wrj,t1_cf8fe6i,t1_cf8h4zs,0.16423357664233576,0.14022140221402213,0.024012174428313632
p_1682,t3_1x5gri,t1_cf8ak7n,t1_cf8c7ra,0.1796875,0.14772727272727273,0.031960227272727265
p_1683,t3_1x4fll,t1_cf88dvu,t1_cf80gm0,0.10952380952380952,0.13656387665198239,-0.027040067128172862
p_1684,t3_1x4e9l,t1_cf8c6ja,t1_cf813g9,0.14285714285714285,0.14754098360655737,-0.004683840749414525
p_1685,t3_1x44be,t1_cf7y65l,t1_cffje6e,0.10762331838565023,0.14622641509433962,-0.03860309670868939
p_1686,t3_1x44be,t1_cf8ii0u,t1_cf7ynno,0.20118343195266272,0.16292134831460675,0.03826208363805597
p_1687,t3_1x3quk,t1_cf81vtd,t1_cf811b2,0.15416666666666667,0.19090909090909092,-0.03674242424242424
p_1688,t3_1x3quk,t1_cf82a08,t1_cf7xofq,0.17405063291139242,0.14673913043478262,0.027311502476609795
p_1689,t3_1x3jm2,t1_cf7t9mu,t1_cf7w0x1,0.19724770642201836,0.24878048780487805,-0.05153278138285969
p_1690,t3_1x3jm2,t1_cf7rvkt,t1_cf7xop4,0.20134228187919462,0.12418300653594772,0.0771592753432469
p_1691,t3_1x3jm2,t1_cf7tzua,t1_cf7v802,0.22279792746113988,0.1889763779527559,0.03382154950838398
p_1693,t3_1wxy0c,t1_cf6nwss,t1_cf6opjq,0.1746031746031746,0.18729096989966554,-0.012687795296490945
p_1694,t3_1wxy0c,t1_cf6r60y,t1_cf6opjq,0.16624040920716113,0.18729096989966554,-0.02105056069250441
p_1695,t3_1wwoop,t1_cf63aas,t1_cf61b67,0.19469026548672566,0.15337423312883436,0.0413160323578913
p_1696,t3_1wwoop,t1_cf61gbe,t1_cf642jh,0.1440677966101695,0.16666666666666666,-0.02259887005649716
p_1697,t3_1wvyf1,t1_cf5vcsr,t1_cf6onl2,0.1423076923076923,0.08088235294117647,0.06142533936651583
p_1699,t3_1wvths,t1_cf614t8,t1_cf5ugx7,0.14545454545454545,0.15859030837004406,-0.013135762915498617
p_1698,t3_1wvths,t1_cf5v50x,t1_cf5viuj,0.11612903225806452,0.14201183431952663,-0.02588280206146211
p_1700,t3_1wvouv,t1_cf5t6kg,t1_cf5ydyu,0.1242603550295858,0.10810810810810811,0.01615224692147768
p_1702,t3_1wvhao,t1_cf5t1xp,t1_cf63h51,0.0,0.15384615384615385,-0.15384615384615385
p_1703,t3_1wu9bx,t1_cf5ghfv,t1_cf5gzn8,0.13793103448275862,0.15639810426540285,-0.01846706978264423
p_1704,t3_1wtvq6,t1_cf5knmg,t1_cf5ocok,0.1559633027522936,0.19375,-0.03778669724770642
p_1705,t3_1wteqq,t1_cf5rh0q,t1_cf57as7,0.13432835820895522,0.1696969696969697,-0.035368611488014484
p_1706,t3_1wt8h7,t1_cf55ppi,t1_cf559e0,0.1417910447761194,0.14285714285714285,-0.0010660980810234533
p_1707,t3_1wsalo,t1_cf54lvq,t1_cf570gn,0.18598382749326145,0.07741935483870968,0.10856447265455177
p_1708,t3_1wqdpz,t1_cf4fnk7,t1_cf4fg38,0.13648293963254593,0.13846153846153847,-0.0019785988289925394
p_1709,t3_1wnvdn,t1_cf3s4a2,t1_cf3rvjd,0.17488789237668162,0.17164179104477612,0.0032461013319055043
p_1710,t3_1wmoca,t1_cf3hjc2,t1_cf3fxbx,0.2248995983935743,0.15625,0.06864959839357429
p_1714,t3_1wjggc,t1_cf2k4m9,t1_cf2zudy,0.19708029197080293,0.14473684210526316,0.052343449865539765
p_1719,t3_1we5ye,t1_cf181nq,t1_cf1drrq,0.18045112781954886,0.15019762845849802,0.030253499361050845
p_1721,t3_1we3gg,t1_cf15n2w,t1_cf1b9fg,0.16761363636363635,0.1776061776061776,-0.009992541242541259
p_1722,t3_1we3gg,t1_cf1aqki,t1_cf1mnjk,0.12745098039215685,0.25,-0.12254901960784315
p_1723,t3_1we3gg,t1_cf14k7c,t1_cf1b9fg,0.1566265060240964,0.1776061776061776,-0.020979671582081222
p_1727,t3_1w99ax,t1_cf08bgj,t1_cezuuhe,0.22167487684729065,0.16770186335403728,0.05397301349325337
p_1728,t3_1w91jl,t1_cezwkl3,t1_cezzr6g,0.17177914110429449,0.13138686131386862,0.04039227979042587
p_1729,t3_1w84rh,t1_cezjynx,t1_cezjtaz,0.18110236220472442,0.1743119266055046,0.006790435599219824
p_1731,t3_1w6uhl,t1_cezbyuy,t1_cez8odp,0.13733905579399142,0.20318725099601595,-0.06584819520202453
p_1730,t3_1w6uhl,t1_cezbjga,t1_cez8r6m,0.15953307392996108,0.15517241379310345,0.004360660136857625
p_1732,t3_1w6uhl,t1_cezwgtv,t1_cezh5ah,0.15960912052117263,0.17973856209150327,-0.020129441570330642
p_1733,t3_1w6uhl,t1_cezy174,t1_cezwt7d,0.19726027397260273,0.1559633027522936,0.04129697122030915
p_1734,t3_1w3r7a,t1_ceyfj6f,t1_ceyiqk4,0.15384615384615385,0.18548387096774194,-0.03163771712158808
p_1735,t3_1vz63d,t1_cex6xzs,t1_cexiref,0.12158469945355191,0.12551159618008187,-0.00392689672652996
p_1738,t3_1vqwtw,t1_ceuzj2d,t1_ceuycyu,0.09359605911330049,0.11682242990654206,-0.023226370793241566
p_1739,t3_1vq2nf,t1_ceupm5x,t1_ceup6x1,0.13953488372093023,0.16666666666666666,-0.027131782945736427
p_1740,t3_1vpp6t,t1_ceus11w,t1_ceuld78,0.1518324607329843,0.14871794871794872,0.00311451201503557
p_1742,t3_1voenh,t1_ceubelw,t1_ceu9m4y,0.11730205278592376,0.136986301369863,-0.019684248583939246
p_1743,t3_1vm911,t1_cetnn1i,t1_cettz33,0.11842105263157894,0.1148936170212766,0.0035274356103023458
p_1746,t3_1vitnu,t1_cesojok,t1_cet1d7h,0.12195121951219512,0.14084507042253522,-0.0188938509103401
p_1747,t3_1vil9h,t1_cesmz2f,t1_cesm93p,0.18289085545722714,0.18181818181818182,0.0010726736390453129
p_1748,t3_1vil80,t1_cet0nf1,t1_cesmfhu,0.15639810426540285,0.2052401746724891,-0.04884207040708624
p_1750,t3_1vhh7b,t1_cesb8l8,t1_ceso4j1,0.16298342541436464,0.2064516129032258,-0.043468187488861165
p_1753,t3_1vg6qn,t1_cerydvt,t1_ces7sw3,0.15207373271889402,0.14084507042253522,0.011228662296358799
p_1754,t3_1vg6qn,t1_ces7xdz,t1_ces4z4x,0.1366906474820144,0.15,-0.013309352517985595
p_1755,t3_1vfoko,t1_cersgwa,t1_cery1u3,0.13664596273291926,0.12857142857142856,0.008074534161490704
p_1756,t3_1veiwz,t1_cergs7r,t1_ceruu7h,0.18716577540106952,0.174496644295302,0.012669131105767506
p_1758,t3_1vc1ju,t1_ceqsvrq,t1_ceqsm8p,0.17660044150110377,0.17091836734693877,0.0056820741541649955
p_1759,t3_1vbtut,t1_ceqq9p8,t1_ceqwdz5,0.19318181818181818,0.13636363636363635,0.05681818181818182
p_1762,t3_1v97rw,t1_cepz02o,t1_ceq85nw,0.15846994535519127,0.17164179104477612,-0.013171845689584849
p_1763,t3_1v8xv5,t1_cepyw13,t1_cepvurr,0.16304347826086957,0.30991735537190085,-0.14687387711103128
p_1764,t3_1v8vbr,t1_ceq1g3n,t1_cepzl4s,0.2605042016806723,0.1111111111111111,0.14939309056956118
p_1765,t3_1v8hly,t1_ceps6kq,t1_cepr262,0.10638297872340426,0.10857142857142857,-0.0021884498480243125
p_1767,t3_1v6x7z,t1_cepcqsx,t1_cepbgx3,0.17471264367816092,0.16094986807387862,0.013762775604282296
p_1768,t3_1v6x7z,t1_cepbbkb,t1_ceplff5,0.10510510510510511,0.1875,-0.08239489489489489
p_1771,t3_1v6sc1,t1_cep8u6j,t1_cep920e,0.21212121212121213,0.21256038647342995,-0.00043917435221782486
p_1772,t3_1v6sc1,t1_cepbi6t,t1_cep9kye,0.1987179487179487,0.1702127659574468,0.0285051827605019
p_1773,t3_1v5dnm,t1_ceovabh,t1_ceovlgt,0.15483870967741936,0.1103448275862069,0.04449388209121247
p_1774,t3_1v5dnm,t1_ceovl5u,t1_ceov0pa,0.14720812182741116,0.184,-0.03679187817258883
p_1775,t3_1v44vp,t1_ceoj2ew,t1_ceonfda,0.16531165311653118,0.17914438502673796,-0.013832731910206786
p_1776,t3_1v44ig,t1_ceonb1b,t1_ceoluxq,0.1625441696113074,0.21254355400696864,-0.049999384395661234
p_1777,t3_1v37km,t1_ceof5q0,t1_ceoakgs,0.18733509234828497,0.13764044943820225,0.049694642910082715
p_1778,t3_1v2buu,t1_ceo3y9o,t1_ceo0vsq,0.1477832512315271,0.19491525423728814,-0.047132003005761036
p_1783,t3_1uw88g,t1_cemazwn,t1_cem9vxq,0.13565891472868216,0.1724137931034483,-0.036754878374766126
p_1784,t3_1uw88g,t1_cema7rn,t1_cematy2,0.1695501730103806,0.2551440329218107,-0.08559385991143009
p_1785,t3_1uu8f1,t1_celpb6x,t1_celpnop,0.21212121212121213,0.1650485436893204,0.04707266843189173
p_1787,t3_1uss24,t1_celd4ge,t1_cem21t7,0.12173913043478261,0.09876543209876543,0.022973698336017187
p_1788,t3_1us404,t1_celnjcf,t1_cel68zm,0.10972568578553615,0.13186813186813187,-0.022142446082595718
p_1789,t3_1us3bu,t1_cel70ih,t1_celagxd,0.13709677419354838,0.13229571984435798,0.004801054349190398
p_1790,t3_1urrut,t1_cel88d0,t1_cel1jwe,0.17472118959107807,0.1564625850340136,0.01825860455706446
p_1791,t3_1up36i,t1_cel5ryl,t1_cekasft,0.13442622950819672,0.08865248226950355,0.045773747238693166
p_1794,t3_1un1uh,t1_cejsnxi,t1_cejqr72,0.12857142857142856,0.13725490196078433,-0.008683473389355767
p_1795,t3_1umi67,t1_cejoc7z,t1_cejtg9p,0.13541666666666666,0.11515151515151516,0.0202651515151515
p_1796,t3_1um2og,t1_cejgnup,t1_cejgczp,0.1743119266055046,0.18,-0.0056880733944953965
p_1797,t3_1uldzf,t1_cejbhlx,t1_cejot4k,0.13488372093023257,0.14814814814814814,-0.01326442721791557
p_1800,t3_1uhnsm,t1_cei7518,t1_cei83kz,0.16706443914081145,0.2277580071174377,-0.060693567976626256
p_1801,t3_1uhj8f,t1_cei563f,t1_ceim6kr,0.17682926829268292,0.20418848167539266,-0.027359213382709746
p_1802,t3_1uhj8f,t1_cei5r73,t1_ceiav39,0.17674418604651163,0.224,-0.04725581395348838
p_1803,t3_1ugfg7,t1_cehxooj,t1_cehv3x9,0.13953488372093023,0.136986301369863,0.0025485823510672245
p_1804,t3_1ueg7f,t1_ceh8q6y,t1_ceh8am3,0.15873015873015872,0.21052631578947367,-0.05179615705931495
p_1806,t3_1udzn5,t1_ceh4p0r,t1_ceh6366,0.11670480549199085,0.14224137931034483,-0.02553657381835399
p_1808,t3_1udzn5,t1_cehcarm,t1_cehc82y,0.14367816091954022,0.15263157894736842,-0.008953418027828203
p_1811,t3_1udlql,t1_ceh07bk,t1_cegzp5m,0.16666666666666666,0.2753623188405797,-0.10869565217391305
p_1812,t3_1ud8fv,t1_cehjb3t,t1_ceh3glw,0.19936708860759494,0.18652849740932642,0.012838591198268523
p_1814,t3_1uctm7,t1_cegr7bn,t1_cegy5dc,0.20567375886524822,0.13953488372093023,0.06613887514431799
p_1815,t3_1ucj9u,t1_cegoldf,t1_cegt2yd,0.22265625,0.1387900355871886,0.08386621441281139
p_1816,t3_1ucgh6,t1_cegogz6,t1_cegohag,0.2396694214876033,0.15819209039548024,0.08147733109212307
p_1817,t3_1ucgh6,t1_cegqw1u,t1_cegohag,0.09090909090909091,0.15819209039548024,-0.06728299948638933
p_1818,t3_1uamtt,t1_cegcjhm,t1_cegb3ri,0.20855614973262032,0.22088353413654618,-0.012327384403925862
p_1821,t3_1u8yzo,t1_cefohe0,t1_cefnobg,0.20093457943925233,0.08823529411764706,0.11269928532160527
p_1824,t3_1u8om4,t1_cefkzid,t1_cefl804,0.13675213675213677,0.18503937007874016,-0.048287233326603396
p_1825,t3_1u8iv1,t1_cefj6lm,t1_cefr8n0,0.15303430079155672,0.17027027027027028,-0.01723596947871356
p_1827,t3_1u87uu,t1_cefgarg,t1_cefn2kn,0.09042553191489362,0.10869565217391304,-0.018270120259019418
p_1828,t3_1u7llg,t1_cefbw53,t1_cefb5g9,0.24060150375939848,0.16981132075471697,0.07079018300468151
p_1830,t3_1u4wxq,t1_ceenpjt,t1_ceekcir,0.15864022662889518,0.13071895424836602,0.02792127238052916
p_1829,t3_1u4wxq,t1_ceeovmf,t1_ceem22l,0.19230769230769232,0.19710144927536233,-0.00479375696767001
p_1831,t3_1u4fqn,t1_ceefsm0,t1_ceejtd2,0.1527777777777778,0.23717948717948717,-0.08440170940170938
p_1835,t3_1u28be,t1_cedssel,t1_cedt1r4,0.1773049645390071,0.15432098765432098,0.02298397688468612
p_1836,t3_1u0pt2,t1_cedkwy5,t1_cedqecc,0.19672131147540983,0.21645021645021645,-0.019728904974806616
p_1838,t3_1ty0ux,t1_cecozto,t1_cecpcit,0.13114754098360656,0.13636363636363635,-0.005216095380029789
p_1839,t3_1txyfq,t1_ceczo86,t1_cecktf3,0.12941176470588237,0.2733812949640288,-0.14396953025814643
p_1840,t3_1tx0tf,t1_ceca72e,t1_ceca9ns,0.1794871794871795,0.13023255813953488,0.049254621347644606
p_1841,t3_1twxa7,t1_cec9uo6,t1_cecflca,0.12598425196850394,0.12080536912751678,0.005178882840987151
p_1843,t3_1twegt,t1_cecee3s,t1_cecd78s,0.19457013574660634,0.19672131147540983,-0.002151175728803495
p_1844,t3_1tt75b,t1_cebccgh,t1_cebecvh,0.1686541737649063,0.24675324675324675,-0.07809907298834046
p_1845,t3_1tt5tb,t1_cebd1og,t1_cebemwn,0.11888111888111888,0.13068181818181818,-0.011800699300699297
p_1846,t3_1tt5tb,t1_cebcb60,t1_cebb05i,0.10294117647058823,0.11965811965811966,-0.016716943187531433
p_1850,t3_1tqttm,t1_cealwzd,t1_ceakm2y,0.2149321266968326,0.2200557103064067,-0.0051235836095741005
p_1851,t3_1tqttm,t1_ceaxcno,t1_ceak6vp,0.11231884057971014,0.20447284345047922,-0.09215400287076908
p_1853,t3_1tpqhr,t1_ceaod4e,t1_ceaei9g,0.11188811188811189,0.12558139534883722,-0.013693283460725333
p_1855,t3_1to7tw,t1_ce9wkz3,t1_ce9wfe0,0.11398963730569948,0.16,-0.04601036269430052
p_1856,t3_1tns6s,t1_ce9xde5,t1_ce9rgf8,0.17073170731707318,0.21428571428571427,-0.04355400696864109
p_1857,t3_1tm85z,t1_ce9dgau,t1_ce9co77,0.20618556701030927,0.18518518518518517,0.021000381825124093
p_1858,t3_1tku2p,t1_ce92cm3,t1_ce9099k,0.16666666666666666,0.14646464646464646,0.020202020202020193
p_1860,t3_1tg3nh,t1_ce7sc37,t1_ce7klpg,0.17647058823529413,0.09803921568627451,0.07843137254901962
p_1861,t3_1te39z,t1_ce70eid,t1_ce71ql3,0.13138686131386862,0.1342281879194631,-0.0028413266055944686
p_1862,t3_1td5fm,t1_ce6qqlt,t1_ce6qwq5,0.15151515151515152,0.2147239263803681,-0.06320877486521659
p_1863,t3_1t9y3s,t1_ce5u6t5,t1_ce5u33e,0.13664596273291926,0.2,-0.06335403726708075
p_1864,t3_1t9irv,t1_ce5qvxa,t1_ce5r69v,0.14942528735632185,0.11895910780669144,0.030466179549630407
p_1866,t3_1t9irv,t1_ce5spfk,t1_ce5r134,0.15503875968992248,0.1592356687898089,-0.004196909099886431
p_1867,t3_1t8yrt,t1_ce5k8r6,t1_ce5jxeb,0.17751479289940827,0.2446236559139785,-0.06710886301457022
p_1869,t3_1t83kb,t1_ce5bsdz,t1_ce5bvhb,0.13987138263665594,0.1889763779527559,-0.049104995316099964
p_1870,t3_1t5izv,t1_ce4jsh6,t1_ce4oagv,0.1962962962962963,0.102803738317757,0.0934925579785393
p_1872,t3_1t4p86,t1_ce4jasj,t1_ce4clfo,0.15706806282722513,0.1337579617834395,0.02331010104378564
p_1873,t3_1t46ur,t1_ce4aypp,t1_ce46qsw,0.14112903225806453,0.2052980132450331,-0.06416898098696858
p_1877,t3_1t1i45,t1_ce3sops,t1_ce3g5h1,0.11333333333333333,0.18478260869565216,-0.07144927536231883
p_1878,t3_1t13mm,t1_ce3c4sb,t1_ce39wwh,0.13836477987421383,0.20689655172413793,-0.0685317718499241
p_1879,t3_1t0eax,t1_ce324pp,t1_ce36rhk,0.16966580976863754,0.18356164383561643,-0.01389583406697889
p_1880,t3_1sxioi,t1_ce27cna,t1_ce2bmpa,0.1542056074766355,0.12337662337662338,0.030828984100012127
p_1881,t3_1sxioi,t1_ce27fv0,t1_ce2dpe5,0.13963963963963963,0.13744075829383887,0.0021988813458007628
p_1884,t3_1sv960,t1_ce1x8f8,t1_ce1krmn,0.18779342723004694,0.144,0.04379342723004695
p_1885,t3_1sv7nj,t1_ce1m2fp,t1_ce1qbwt,0.12033195020746888,0.09876543209876543,0.021566518108703456
p_1886,t3_1suyq6,t1_ce1hrcm,t1_ce1i6wn,0.1782178217821782,0.1276595744680851,0.05055824731409311
p_1887,t3_1suyq6,t1_ce1jnf5,t1_ce1i6wn,0.12455516014234876,0.1276595744680851,-0.0031044143257363405
p_1888,t3_1suyq6,t1_ce1j07m,t1_ce1ivme,0.12624584717607973,0.19375,-0.06750415282392028
p_1890,t3_1suq0i,t1_ce1l6xb,t1_ce1frfu,0.13005780346820808,0.11351351351351352,0.016544289954694563
p_1889,t3_1suq0i,t1_ce1gpo7,t1_ce1g21s,0.11337209302325581,0.07766990291262135,0.035702190110634455
p_1891,t3_1sunm5,t1_ce1fx1q,t1_ce1fhql,0.18681318681318682,0.13186813186813187,0.054945054945054944
p_1893,t3_1sunm5,t1_ce1epim,t1_ce1fhql,0.18032786885245902,0.13186813186813187,0.04845973698432715
p_1892,t3_1sunm5,t1_ce1fxo1,t1_ce1gunr,0.13580246913580246,0.16304347826086957,-0.027241009125067106
p_1894,t3_1stysh,t1_ce1a8iy,t1_ce1k607,0.17940199335548174,0.12719298245614036,0.05220901089934138
p_1895,t3_1sslvc,t1_ce0xojx,t1_ce12asq,0.11347517730496454,0.15357142857142858,-0.040096251266464045
p_1896,t3_1sqkke,t1_ce09y0e,t1_ce08oy9,0.125,0.14383561643835616,-0.018835616438356156
p_1897,t3_1sktqj,t1_cdz832l,t1_cdymjwd,0.13513513513513514,0.16728624535315986,-0.03215111021802472
p_1898,t3_1sji3o,t1_cdy85sk,t1_cdyajck,0.12631578947368421,0.11827956989247312,0.00803621958121109
p_1900,t3_1sgr9m,t1_cdxkw1s,t1_cdxgrfu,0.12637362637362637,0.15384615384615385,-0.027472527472527486
p_1904,t3_1scv1e,t1_cdwaij1,t1_cdw8ydx,0.13215859030837004,0.15346534653465346,-0.02130675622628342
p_1905,t3_1sclwf,t1_cdwfawk,t1_cdw643w,0.16923076923076924,0.1651376146788991,0.004093154551870148
p_1907,t3_1scbek,t1_cdw4ucf,t1_cdw36rb,0.21487603305785125,0.15207373271889402,0.06280230033895723
p_1908,t3_1sbxik,t1_cdvzh4k,t1_cdvyz1u,0.21379310344827587,0.1935483870967742,0.020244716351501685
p_1909,t3_1saalt,t1_cdw0u51,t1_cdvmn1u,0.1641025641025641,0.22297297297297297,-0.05887040887040887
p_1910,t3_1s94cq,t1_cdv71qo,t1_cdv5luo,0.1377551020408163,0.16042780748663102,-0.022672705445814706
p_1911,t3_1s8zmg,t1_cdwf8t8,t1_cdvi2oo,0.165,0.20437956204379562,-0.03937956204379561
p_1912,t3_1s6w43,t1_cduin0o,t1_cduuorr,0.1542056074766355,0.15609756097560976,-0.0018919534989742526
p_1913,t3_1s60vl,t1_cdufjh4,t1_cdu9qiv,0.1483050847457627,0.1390728476821192,0.009232237063643511
p_1916,t3_1s3pxw,t1_cdtmhc2,t1_cdtmrcr,0.13392857142857142,0.17714285714285713,-0.043214285714285705
p_1919,t3_1s3ji2,t1_cdtq1rg,t1_cdtx77n,0.1716937354988399,0.17989417989417988,-0.008200444395339984
p_1920,t3_1s344f,t1_cdtj4bf,t1_cdtgb1d,0.21895424836601307,0.21428571428571427,0.004668534080298797
p_1921,t3_1s30ko,t1_cdtuayw,t1_cdtne36,0.1242603550295858,0.14222222222222222,-0.017961867192636427
p_1922,t3_1s1j8s,t1_cdtfxvy,t1_cdt6ohm,0.15289256198347106,0.17094017094017094,-0.01804760895669988
p_1923,t3_1rzqrw,t1_cdsphfd,t1_cdsigu7,0.11403508771929824,0.08771929824561403,0.02631578947368421
p_1924,t3_1rzqrw,t1_cdsm89r,t1_cdsmyt1,0.14689265536723164,0.1414141414141414,0.005478513953090236
p_1925,t3_1rw7vg,t1_cdrov9y,t1_cdrovjs,0.18092105263157895,0.20833333333333334,-0.027412280701754388
p_1927,t3_1rvnty,t1_cdre5so,t1_cdrdpkz,0.19272727272727272,0.11570247933884298,0.07702479338842974
p_1926,t3_1rvnty,t1_cdrgglu,t1_cdrgcu5,0.18276762402088773,0.13745704467353953,0.045310579347348195
p_1928,t3_1rvjrs,t1_cdrcnts,t1_cdre1mt,0.10747663551401869,0.09051724137931035,0.016959394134708344
p_1929,t3_1rsmsh,t1_cdqij94,t1_cdqx6xw,0.10852713178294573,0.10264900662251655,0.005878125160429182
p_1930,t3_1rsdfp,t1_cdqfs62,t1_cdqdh7o,0.15384615384615385,0.1485148514851485,0.005331302361005347
p_1931,t3_1rrios,t1_cdq5t7s,t1_cdq4pdm,0.2,0.18907563025210083,0.010924369747899176
p_1932,t3_1rrios,t1_cdq5vt8,t1_cdq58j7,0.1774193548387097,0.18181818181818182,-0.004398826979472137
p_1933,t3_1rqhfc,t1_cdq3h1d,t1_cdq716e,0.10810810810810811,0.07692307692307693,0.031185031185031187
p_1935,t3_1rlna3,t1_cdokmar,t1_cdoirhb,0.168,0.22115384615384615,-0.053153846153846135
p_1936,t3_1rkrbs,t1_cdoio50,t1_cdoe2j3,0.15718157181571815,0.1597444089456869,-0.0025628371299687425
p_1937,t3_1rj73b,t1_cdnzcb1,t1_cdo2ywx,0.09826589595375723,0.10397553516819572,-0.005709639214438483
p_1939,t3_1rgch2,t1_cdmzb2b,t1_cdn32a2,0.15384615384615385,0.13917525773195877,0.014670896114195087
p_1940,t3_1rgch2,t1_cdmzh7v,t1_cdn0d35,0.21341463414634146,0.19158878504672897,0.021825849099612493
p_1941,t3_1rgch2,t1_cdo0n79,t1_cdn1hk3,0.1590909090909091,0.20532319391634982,-0.04623228482544073
p_1942,t3_1rfn88,t1_cdmslq3,t1_cdn4bxg,0.09933774834437085,0.10746268656716418,-0.008124938222793324
p_1943,t3_1re89d,t1_cdmhfgx,t1_cdmequ6,0.13758389261744966,0.12110726643598616,0.016476626181463505
p_1944,t3_1re89d,t1_cdmem16,t1_cdme68p,0.17765042979942694,0.1945288753799392,-0.01687844558051227
p_1945,t3_1re89d,t1_cdmrzwp,t1_cdmh1c4,0.18599562363238512,0.22580645161290322,-0.039810827980518104
p_1946,t3_1re7tj,t1_cdmdid4,t1_cdmh6ca,0.07894736842105263,0.13043478260869565,-0.05148741418764302
p_1948,t3_1rddqv,t1_cdm3hlz,t1_cdm3kyd,0.2119205298013245,0.1301775147928994,0.0817430150084251
p_1949,t3_1rb6qj,t1_cdlewyd,t1_cdlyn3j,0.12096774193548387,0.2346368715083799,-0.11366912957289602
p_1950,t3_1rb6qj,t1_cdlrdyo,t1_cdlyn3j,0.16382252559726962,0.2346368715083799,-0.07081434591111027
p_1952,t3_1ra42n,t1_cdl4b7o,t1_cdl5bkn,0.20224719101123595,0.18421052631578946,0.018036664695446486
p_1953,t3_1ra42n,t1_cdl96cr,t1_cdmjkp2,0.14450867052023122,0.12987012987012986,0.014638540650101367
p_1954,t3_1r893j,t1_cdktb2l,t1_cdkklti,0.15300546448087432,0.19161676646706588,-0.03861130198619156
p_1955,t3_1r69xi,t1_cdk0ex9,t1_cdk3u15,0.1464968152866242,0.1875,-0.0410031847133758
p_1956,t3_1r69xi,t1_cdk0r67,t1_cdk3u15,0.19090909090909092,0.1875,0.003409090909090917
p_1960,t3_1qz653,t1_cdhyl9l,t1_cdiiqug,0.19937694704049844,0.21454545454545454,-0.015168507504956102
p_1962,t3_1qxn8r,t1_cdhle85,t1_cdhvq6g,0.15076923076923077,0.15691489361702127,-0.006145662847790501
p_1963,t3_1qxn8r,t1_cdhjvcw,t1_cdhvq6g,0.1712538226299694,0.15691489361702127,0.014338929012948143
p_1964,t3_1qwg8s,t1_cdhe2ys,t1_cdh6ozn,0.1760299625468165,0.12083333333333333,0.05519662921348316
p_1969,t3_1qvm1n,t1_cdgyu8j,t1_cdh0i8x,0.15261044176706828,0.24571428571428572,-0.09310384394721744
p_1970,t3_1qtuy4,t1_cdgib3s,t1_cdgy31a,0.2,0.21676300578034682,-0.016763005780346812
p_1972,t3_1qr0id,t1_cdfybue,t1_cdfkykr,0.1781818181818182,0.25,-0.07181818181818181
p_1975,t3_1qncnw,t1_cdely5f,t1_cden4p9,0.148014440433213,0.10828025477707007,0.03973418565614292
p_1977,t3_1qj48o,t1_cddqbp8,t1_cddn1vo,0.192090395480226,0.1592920353982301,0.03279836008199591
p_1978,t3_1qj032,t1_cdda585,t1_cddki3r,0.15090090090090091,0.13707865168539327,0.013822249215507648
p_1981,t3_1qi1dr,t1_cdd6x3m,t1_cdd4306,0.18181818181818182,0.1488095238095238,0.033008658008658015
p_1982,t3_1qhv03,t1_cdczknl,t1_cdcy1h9,0.19424460431654678,0.17872340425531916,0.015521200061227619
p_1983,t3_1qh0lb,t1_cdcowit,t1_cdcp122,0.11666666666666667,0.1111111111111111,0.005555555555555564
p_1984,t3_1qgtma,t1_cdcurim,t1_cdcq77q,0.15126050420168066,0.1848184818481848,-0.033557977646504145
p_1986,t3_1qfy2y,t1_cdcoftz,t1_cdcikj0,0.16393442622950818,0.1794871794871795,-0.015552753257671303
p_1985,t3_1qfy2y,t1_cdcu71x,t1_cdcgg2f,0.18518518518518517,0.1386861313868613,0.046499053798323864
p_1987,t3_1qfqj6,t1_cdcffak,t1_cdcgve9,0.1821561338289963,0.1494661921708185,0.03268994165817779
p_1988,t3_1qfo09,t1_cdcc9fw,t1_cdccpys,0.15934065934065933,0.23275862068965517,-0.07341796134899584
p_1989,t3_1qfo09,t1_cdcconr,t1_cdccpys,0.22018348623853212,0.23275862068965517,-0.012575134451123043
p_1991,t3_1qee3b,t1_cdc0hlx,t1_cdc0jw6,0.20186335403726707,0.18848167539267016,0.013381678644596912
p_1992,t3_1qe6d9,t1_cdbzgva,t1_cdckb1g,0.10864197530864197,0.11295681063122924,-0.004314835322587265
p_1993,t3_1qe6d9,t1_cdbwyxj,t1_cdckb1g,0.09090909090909091,0.11295681063122924,-0.02204771972213833
p_1994,t3_1qdzt5,t1_cdbyjvw,t1_cdbwdog,0.1501597444089457,0.21548821548821548,-0.06532847107926978
p_1996,t3_1qdlln,t1_cdc66t9,t1_cdby8z3,0.16260162601626016,0.19852941176470587,-0.03592778574844571
p_1998,t3_1qcw4r,t1_cdblxo9,t1_cdbsnq8,0.14285714285714285,0.1782608695652174,-0.03540372670807454
p_1999,t3_1qbvlh,t1_cdb9b5i,t1_cdbf5rp,0.14588859416445624,0.08385093167701864,0.0620376624874376
p_2000,t3_1qazk6,t1_cdb0lr2,t1_cdbddq0,0.17933130699088146,0.22653721682847897,-0.04720590983759751
p_2002,t3_1q82wf,t1_cda644z,t1_cda826v,0.17164179104477612,0.22847682119205298,-0.056835030147276866
p_2003,t3_1q5w5k,t1_cd9kwdu,t1_cd9kc11,0.16176470588235295,0.22784810126582278,-0.06608339538346983
p_2004,t3_1q5w5k,t1_cd9l1k7,t1_cd9kc11,0.13496932515337423,0.22784810126582278,-0.09287877611244855
p_2005,t3_1q4sao,t1_cd97j4q,t1_cd960cn,0.12014134275618374,0.13142857142857142,-0.011287228672387684
p_2007,t3_1q261p,t1_cd8g07m,t1_cd8gyhg,0.13719512195121952,0.16666666666666666,-0.029471544715447134
p_2008,t3_1q0s26,t1_cd87o5o,t1_cd81q6y,0.13432835820895522,0.13930348258706468,-0.004975124378109458
p_2009,t3_1q0fp2,t1_cd8calk,t1_cd7yekn,0.16289592760180996,0.16129032258064516,0.001605605021164802
p_2010,t3_1q01e8,t1_cd7t14x,t1_cd7zdia,0.16145833333333334,0.2222222222222222,-0.06076388888888887
p_2012,t3_1pyt0c,t1_cd9eqz1,t1_cd7z0cm,0.11788617886178862,0.12643678160919541,-0.008550602747406794
p_2013,t3_1pwwvj,t1_cd6wnyq,t1_cd6y877,0.11885245901639344,0.1467065868263473,-0.02785412780995386
p_2017,t3_1pux5t,t1_cd6evv3,t1_cd6cpnj,0.16766467065868262,0.19881305637982197,-0.031148385721139343
p_2018,t3_1ptwcr,t1_cd60rgh,t1_cd63zq4,0.16766467065868262,0.0755813953488372,0.09208327530984542
p_2021,t3_1pt86v,t1_cd5s3dd,t1_cd5rwd6,0.2125,0.15757575757575756,0.05492424242424243
p_2022,t3_1ps084,t1_cd5dy25,t1_cd5f1y4,0.1310344827586207,0.15873015873015872,-0.02769567597153802
p_2023,t3_1prxpn,t1_cd5d4w9,t1_cd5dujp,0.13385826771653545,0.0945945945945946,0.039263673121940845
p_2024,t3_1prkvt,t1_cd5q43p,t1_cd5p13p,0.11383928571428571,0.16517857142857142,-0.05133928571428571
p_2025,t3_1prhkh,t1_cd595rw,t1_cd5datb,0.11403508771929824,0.13063063063063063,-0.01659554291133239
p_2026,t3_1pqyv7,t1_cd536p8,t1_cd565uh,0.12307692307692308,0.11734693877551021,0.005729984301412874
p_2030,t3_1pomjr,t1_cd4gee8,t1_cd4in2k,0.1444043321299639,0.08796296296296297,0.05644136916700093
p_2031,t3_1pocaz,t1_cd4bjgk,t1_cd4c2wr,0.1693121693121693,0.1724137931034483,-0.0031016237912789846
p_2032,t3_1pmhql,t1_cd4a1wc,t1_cd3v545,0.15079365079365079,0.09937888198757763,0.05141476880607315
p_2033,t3_1pkngi,t1_cd3p5gz,t1_cd43pdi,0.20689655172413793,0.1759656652360515,0.030930886488086423
p_2035,t3_1pj0co,t1_cd2vnaa,t1_cd32tjh,0.1396508728179551,0.16917293233082706,-0.029522059512871957
p_2042,t3_1pdul1,t1_cd2og2j,t1_cd1d692,0.08662900188323917,0.0944558521560575,-0.00782685027281832
p_2044,t3_1pclk6,t1_cd17lfv,t1_cd106w4,0.15178571428571427,0.20080321285140562,-0.04901749856569135
p_2046,t3_1pacrh,t1_cd0cttu,t1_cd0ctfp,0.18,0.15104166666666666,0.028958333333333336
p_2047,t3_1p7ojf,t1_cczl7sy,t1_ccznfv7,0.09401709401709402,0.12334801762114538,-0.02933092360405136
p_2048,t3_1p7bao,t1_cczlh8c,t1_cczir1i,0.12903225806451613,0.2012987012987013,-0.07226644323418518
p_2049,t3_1p6fts,t1_ccz983e,t1_cczb06s,0.1459227467811159,0.1956521739130435,-0.0497294271319276
p_2050,t3_1p4x72,t1_ccysbbf,t1_ccysnss,0.20555555555555555,0.17488789237668162,0.030667663178873927
p_2051,t3_1p0cwf,t1_ccxh3kc,t1_ccxfymz,0.1493212669683258,0.16778523489932887,-0.018463967931003078
p_2055,t3_1ozb3s,t1_ccx9s2j,t1_ccxbwo9,0.1656441717791411,0.17714285714285713,-0.011498685363716038
p_2056,t3_1oz5lq,t1_ccx7aaw,t1_ccxafc2,0.14423076923076922,0.17777777777777778,-0.03354700854700857
p_2057,t3_1oyy6b,t1_ccxhhv9,t1_ccx2xpw,0.16336633663366337,0.11737089201877934,0.04599544461488403
p_2059,t3_1owes7,t1_ccwccg2,t1_ccwnrv4,0.1510204081632653,0.1506849315068493,0.0003354766564160061
p_2060,t3_1ow6zk,t1_ccw91og,t1_ccw92p0,0.18024691358024691,0.13194444444444445,0.04830246913580247
p_2062,t3_1ovrv9,t1_ccw51st,t1_ccw5ptr,0.16083916083916083,0.12690355329949238,0.033935607539668455
p_2063,t3_1ovrv9,t1_ccw6450,t1_ccw5ptr,0.15384615384615385,0.12690355329949238,0.026942600546661477
p_2064,t3_1otx5t,t1_ccvntps,t1_ccvkmsp,0.19081272084805653,0.19036144578313252,0.0004512750649240116
p_2065,t3_1otp1b,t1_ccvhvrl,t1_ccvi2vt,0.1651376146788991,0.17372881355932204,-0.008591198880422951
p_2066,t3_1osr3n,t1_ccvjj1n,t1_ccv833c,0.10091743119266056,0.14453125,-0.043613818807339444
p_2067,t3_1orrrs,t1_ccvj1c4,t1_ccv4ank,0.167192429022082,0.17391304347826086,-0.006720614456178858
p_2068,t3_1or8lr,t1_ccusett,t1_ccuruyz,0.13983050847457626,0.09090909090909091,0.04892141756548535
p_2069,t3_1or8lr,t1_ccutak2,t1_ccuruyz,0.1592920353982301,0.09090909090909091,0.06838294448913917
p_2070,t3_1ooyb1,t1_ccu41n1,t1_ccu4kfo,0.14788732394366197,0.2012987012987013,-0.05341137735503934
p_2071,t3_1onshz,t1_cctslvq,t1_ccttjcb,0.1564102564102564,0.2260061919504644,-0.06959593554020799
p_2072,t3_1onlj1,t1_ccts88g,t1_cctr8zg,0.13424657534246576,0.1327683615819209,0.0014782137605448553
p_2073,t3_1onlj1,t1_ccu8ayh,t1_cctr8zg,0.10277324632952692,0.1327683615819209,-0.029995115252393983
p_2074,t3_1on8j3,t1_cctmaun,t1_cctugxw,0.17434210526315788,0.1553030303030303,0.019039074960127578
p_2075,t3_1on0dg,t1_cctkuyk,t1_cctp521,0.21455938697318008,0.18947368421052632,0.02508570276265376
p_2076,t3_1on0dg,t1_cctncfz,t1_cctq519,0.1456953642384106,0.16666666666666666,-0.020971302428256067
p_2078,t3_1omnis,t1_ccthnrm,t1_cctnmc9,0.17479674796747968,0.19325842696629214,-0.01846167899881246
p_2079,t3_1okrb7,t1_cct05wy,t1_ccswjh5,0.17316017316017315,0.24157303370786518,-0.06841286054769202
p_2080,t3_1ok44s,t1_ccsqf0e,t1_ccsqryz,0.09871244635193133,0.1596958174904943,-0.060983371138562975
p_2081,t3_1oj3p9,t1_ccsggop,t1_ccsf2i1,0.11371237458193979,0.12692307692307692,-0.013210702341137123
p_2082,t3_1oix5b,t1_ccsopjf,t1_ccsdc7b,0.17159763313609466,0.1111111111111111,0.06048652202498356
p_2083,t3_1ohh43,t1_ccs14vq,t1_ccs087t,0.18604651162790697,0.13191489361702127,0.0541316180108857
p_2084,t3_1ofi5m,t1_ccrjxvz,t1_ccrkq5s,0.0979020979020979,0.15333333333333332,-0.05543123543123542
p_2085,t3_1off27,t1_ccroh74,t1_ccrsxqd,0.14767932489451477,0.16066481994459833,-0.012985495050083562
p_2086,t3_1off27,t1_ccrtt7v,t1_ccrndad,0.1450381679389313,0.13043478260869565,0.014603385330235641
p_2087,t3_1oee4l,t1_ccrfxpy,t1_ccrhx5q,0.2111111111111111,0.19747899159663865,0.013632119514472463
p_2088,t3_1oe5hc,t1_ccr69ni,t1_ccr52rk,0.1619047619047619,0.1858974358974359,-0.02399267399267399
p_2089,t3_1odlvm,t1_ccr09qw,t1_ccr136f,0.1917808219178082,0.16463414634146342,0.027146675576344786
p_2091,t3_1o8avl,t1_ccpruq6,t1_ccpueez,0.20149253731343283,0.14782608695652175,0.05366645035691109
p_2093,t3_1o7aa8,t1_ccqapn6,t1_ccq12oe,0.17045454545454544,0.18229166666666666,-0.011837121212121215
p_2096,t3_1o5c1a,t1_ccp27y8,t1_ccoz699,0.13690476190476192,0.14942528735632185,-0.012520525451559933
p_2097,t3_1o5321,t1_ccp3x7x,t1_ccq3lo4,0.14761904761904762,0.22556390977443608,-0.07794486215538846
p_2098,t3_1o3jlp,t1_ccoi13b,t1_ccoyngj,0.17703349282296652,0.1242603550295858,0.05277313779338072
p_2099,t3_1o2tau,t1_ccoc092,t1_ccofru6,0.2,0.20155038759689922,-0.001550387596899211
p_2100,t3_1o24hh,t1_cco736j,t1_ccoc4gk,0.1918918918918919,0.13043478260869565,0.061457109283196254
p_2102,t3_1nzucd,t1_ccnrlhj,t1_ccnphhf,0.15,0.17475728155339806,-0.02475728155339807
p_2103,t3_1ny6k8,t1_ccn5pat,t1_ccn8dgu,0.1564245810055866,0.1565217391304348,-9.715812484820119e-05
p_2104,t3_1ny38x,t1_ccn5uqg,t1_ccn4dy5,0.11552346570397112,0.13725490196078433,-0.021731436256813202
p_2105,t3_1nwpae,t1_ccmrf9r,t1_ccmt0m5,0.14869888475836432,0.14163090128755365,0.007067983470810668
p_2107,t3_1ntspd,t1_cclyzpy,t1_ccm05d5,0.11988304093567251,0.14615384615384616,-0.026270805218173654
p_2109,t3_1ntobs,t1_cclywzr,t1_ccma5pl,0.21912350597609562,0.12195121951219512,0.0971722864639005
p_2111,t3_1nrv36,t1_cclsxnj,t1_cclgi1r,0.2066420664206642,0.176056338028169,0.03058572839249521
p_2112,t3_1nqms4,t1_ccl8rf4,t1_ccl7xo5,0.17364016736401675,0.16793893129770993,0.0057012360663068196
p_2113,t3_1nqms4,t1_cclbk5y,t1_ccl66vn,0.1936416184971098,0.17475728155339806,0.01888433694371175
p_2116,t3_1np3ni,t1_cclh1r6,t1_cckxr1k,0.22151898734177214,0.25477707006369427,-0.03325808272192213
p_2118,t3_1nn68m,t1_cckc1k4,t1_cck59bw,0.1032258064516129,0.16666666666666666,-0.06344086021505375
p_2119,t3_1nkqn7,t1_ccjhnln,t1_ccjhz72,0.18202247191011237,0.15737704918032788,0.024645422729784483
p_2121,t3_1nj6q6,t1_ccj3wew,t1_ccj20in,0.12171052631578948,0.19827586206896552,-0.07656533575317605
p_2122,t3_1nixjm,t1_ccj4a7h,t1_ccj2t1v,0.16326530612244897,0.15492957746478872,0.008335728657660246
p_2123,t3_1nichn,t1_ccj007d,t1_cciuejb,0.15806988352745424,0.10707070707070707,0.050999176456747175
p_2124,t3_1nichn,t1_ccizsq8,t1_ccj7g5s,0.08858267716535433,0.06772908366533864,0.020853593500015685
p_2125,t3_1ni9rr,t1_ccj1rba,t1_ccitwf4,0.12719298245614036,0.1375,-0.010307017543859653
p_2126,t3_1ni983,t1_cciz076,t1_cciwjvy,0.21912350597609562,0.11794871794871795,0.10117478802737767
p_2127,t3_1nhxca,t1_ccisqrm,t1_ccirnyo,0.11278195488721804,0.1037344398340249,0.009047515053193136
p_2128,t3_1nhifl,t1_ccinn6v,t1_ccincyk,0.12154696132596685,0.18779342723004694,-0.06624646590408009
p_2130,t3_1ng8mo,t1_ccidw4s,t1_ccidsew,0.1388888888888889,0.08771929824561403,0.051169590643274865
p_2132,t3_1ncxna,t1_cchh67n,t1_cchgksg,0.14432989690721648,0.19117647058823528,-0.0468465736810188
p_2133,t3_1ncq4g,t1_cchg2hg,t1_cchn5ve,0.1806282722513089,0.19607843137254902,-0.01545015912124012
p_2135,t3_1n8s63,t1_ccge5q7,t1_ccgkhcd,0.19921875,0.22270742358078602,-0.023488673580786018
p_2136,t3_1n8542,t1_ccg95kd,t1_ccg99tj,0.19291338582677164,0.22727272727272727,-0.03435934144595562
p_2137,t3_1n6bmg,t1_ccgdc5o,t1_ccfzlcw,0.1377245508982036,0.15813953488372093,-0.020414983985517332
p_2139,t3_1n5lqn,t1_ccfncrg,t1_ccfnbjw,0.21652421652421652,0.11878453038674033,0.09773968613747619
p_2140,t3_1n5lqn,t1_ccfq99c,t1_ccfob65,0.16285714285714287,0.15229885057471265,0.010558292282430215
p_2141,t3_1n5lqn,t1_ccfqxqv,t1_ccfpzon,0.10122699386503067,0.1189710610932476,-0.01774406722821692
p_2142,t3_1n4xai,t1_ccfhgkp,t1_ccfg5if,0.15121951219512195,0.15217391304347827,-0.0009544008483563238
p_2144,t3_1n3wo2,t1_ccf9dhu,t1_ccf565b,0.08088235294117647,0.11397058823529412,-0.03308823529411764
p_2145,t3_1n3wo2,t1_ccfdwg9,t1_ccfhdpo,0.17771084337349397,0.153125,0.024585843373493954
p_2147,t3_1n3wo2,t1_ccfmxhg,t1_ccffwtl,0.21384928716904278,0.10485933503836317,0.10898995213067961
p_2146,t3_1n3wo2,t1_ccfmost,t1_ccfdvsg,0.08560311284046693,0.13780918727915195,-0.052206074438685024
p_2149,t3_1n0a5y,t1_cceltkh,t1_cce9tgv,0.12949640287769784,0.14705882352941177,-0.017562420651713928
p_2150,t3_1mxo4i,t1_ccdoxu0,t1_ccdla5i,0.14696485623003194,0.12987012987012986,0.017094726359902085
p_2151,t3_1mxf26,t1_ccdidvp,t1_ccdnuec,0.18932038834951456,0.17857142857142858,0.010748959778085987
p_2152,t3_1mvpmi,t1_ccd1q5w,t1_ccd6xyi,0.16352201257861634,0.171875,-0.008352987421383656
p_2153,t3_1mv3g3,t1_cccxjd9,t1_cccvmip,0.1510204081632653,0.13227513227513227,0.018745275888133045
p_2154,t3_1mv3g3,t1_cccwow7,t1_ccd56i2,0.14492753623188406,0.14767932489451477,-0.0027517886626307053
p_2155,t3_1mv3g3,t1_ccd581r,t1_ccd3k4q,0.15384615384615385,0.14594594594594595,0.0079002079002079
p_2157,t3_1ms5h6,t1_ccc5hfa,t1_cccbr1n,0.12244897959183673,0.11274509803921569,0.009703881552621044
p_2158,t3_1ms5h6,t1_ccc4apy,t1_ccc3e49,0.12,0.11842105263157894,0.0015789473684210548
p_2159,t3_1ms5h6,t1_ccc4zc0,t1_ccc6q8t,0.08333333333333333,0.15432098765432098,-0.07098765432098765
p_2160,t3_1ms5h6,t1_ccc8c0p,t1_ccca28r,0.1557377049180328,0.14624505928853754,0.009492645629495255
p_2161,t3_1ms5h6,t1_ccc849f,t1_ccc5y0d,0.18248175182481752,0.1044776119402985,0.07800413988451901
p_2162,t3_1mqh8t,t1_ccbop5x,t1_ccbnoar,0.19476744186046513,0.18848167539267016,0.006285766467794968
p_2163,t3_1mqfmi,t1_cccdkog,t1_ccbqtty,0.1504424778761062,0.1553398058252427,-0.0048973279491364985
p_2164,t3_1mq464,t1_ccbkgg8,t1_ccbrs5p,0.20597014925373133,0.1917808219178082,0.014189327335923124
p_2165,t3_1mor68,t1_ccbewh1,t1_ccbhzik,0.22946175637393768,0.24161073825503357,-0.012148981881095894
p_2166,t3_1mkkiu,t1_cca3jqo,t1_ccahv7s,0.13445378151260504,0.15458937198067632,-0.020135590468071285
p_2170,t3_1micrr,t1_cc9iise,t1_cc9i0l2,0.17737003058103976,0.17647058823529413,0.0008994423457456269
p_2171,t3_1mhox4,t1_cc9cr45,t1_cc9ewi1,0.23076923076923078,0.19665271966527198,0.0341165111039588
p_2175,t3_1mcs7s,t1_cc7zre6,t1_cc7zm90,0.23218997361477572,0.17321016166281755,0.05897981195195817
p_2176,t3_1mcs7s,t1_cc80xcj,t1_cc7yshf,0.19223300970873786,0.17142857142857143,0.020804438280166426
p_2177,t3_1mcgyq,t1_cc81pge,t1_cc833kb,0.12295081967213115,0.19230769230769232,-0.06935687263556117
p_2178,t3_1mc6y7,t1_cc7v8d9,t1_cc7wspd,0.16666666666666666,0.10891089108910891,0.05775577557755775
p_2179,t3_1mc6y7,t1_cc7uvd2,t1_cc7vp54,0.1187214611872146,0.13592233009708737,-0.01720086890987277
p_2180,t3_1mbqhy,t1_cc7pp5t,t1_cc7odp3,0.15128205128205127,0.132,0.019282051282051266
p_2183,t3_1ma1o7,t1_cc779hk,t1_cc779ih,0.1780821917808219,0.17682926829268292,0.0012529234881389906
p_2184,t3_1m9bf6,t1_cc71e1c,t1_cc71cv0,0.09027777777777778,0.15,-0.05972222222222222
p_2185,t3_1m7r92,t1_cc6nj16,t1_cc6k9ln,0.13333333333333333,0.15706806282722513,-0.0237347294938918
p_2186,t3_1m5nls,t1_cc65afh,t1_cc60rdt,0.11283185840707964,0.14093959731543623,-0.02810773890835659
p_2187,t3_1m5ckr,t1_cc65v0o,t1_cc5yz4a,0.16049382716049382,0.171875,-0.011381172839506182
p_2188,t3_1m4ncj,t1_cc6f4wf,t1_cc62exc,0.12195121951219512,0.18571428571428572,-0.0637630662020906
p_2189,t3_1m4j0f,t1_cc5pidn,t1_cc5prn9,0.16216216216216217,0.1803921568627451,-0.018229994700582924
p_2190,t3_1m3uw1,t1_cc5jurv,t1_cc5i9r4,0.20105820105820105,0.17777777777777778,0.023280423280423262
p_2193,t3_1m2ol2,t1_cc586c8,t1_cc583f9,0.24621212121212122,0.1091703056768559,0.13704181553526532
p_2192,t3_1m2ol2,t1_cc583n9,t1_cc58qz9,0.1724137931034483,0.12184873949579832,0.05056505360764997
p_2194,t3_1m2c8d,t1_cc53f9v,t1_cc57ndo,0.15030674846625766,0.1037344398340249,0.04657230863223276
p_2195,t3_1lyzc3,t1_cc4fofp,t1_cc4e0cy,0.17064846416382254,0.19433198380566802,-0.02368351964184548
p_2196,t3_1lykde,t1_cc4218e,t1_cc433r7,0.1891891891891892,0.19457013574660634,-0.005380946557417138
p_2198,t3_1lxn1p,t1_cc3sszy,t1_cc3tpy6,0.1894150417827298,0.1844380403458213,0.00497700143690849
p_2199,t3_1lvnj6,t1_cc37s7x,t1_cc3b2kq,0.17415730337078653,0.13541666666666666,0.03874063670411987
p_2200,t3_1lt0gt,t1_cc2od32,t1_cc2gt9x,0.16593886462882096,0.176,-0.01006113537117903
p_2201,t3_1ls55r,t1_cc274w7,t1_cc28zrg,0.16847826086956522,0.18888888888888888,-0.020410628019323668
p_2203,t3_1lpmle,t1_cc1kppg,t1_cc1ka02,0.188135593220339,0.1762295081967213,0.011906085023617674
p_2205,t3_1lpfcx,t1_cc1hmy1,t1_cc1xwz2,0.13059701492537312,0.16862745098039217,-0.038030436055019046
p_2206,t3_1lp8a5,t1_cc1fjpt,t1_cc1ftud,0.12923076923076923,0.11805555555555555,0.01117521367521368
p_2207,t3_1lni37,t1_cc102pd,t1_cc0yjrr,0.1348314606741573,0.19230769230769232,-0.05747623163353502
p_2208,t3_1ln8b5,t1_cc0x96h,t1_cc0vugf,0.12,0.11764705882352941,0.0023529411764705854
p_2212,t3_1lm1eb,t1_cc0l23w,t1_cc0x7m8,0.1092436974789916,0.2550335570469799,-0.1457898595679883
p_2213,t3_1lkz0j,t1_cc0ekn0,t1_cc0d09x,0.13793103448275862,0.16666666666666666,-0.02873563218390804
p_2214,t3_1lkxku,t1_cc0b6tb,t1_cc0c4yb,0.16292134831460675,0.12408759124087591,0.03883375707373084
p_2215,t3_1lkxku,t1_cc0nc73,t1_cc0gh2n,0.12416107382550336,0.12269938650306748,0.0014616873224358728
p_2218,t3_1lklmg,t1_cc06dl5,t1_cc070hz,0.1708185053380783,0.17627118644067796,-0.005452681102599666
p_2219,t3_1lklmg,t1_cc0gnzl,t1_cc0b8sj,0.14606741573033707,0.18208092485549132,-0.03601350912515425
p_2220,t3_1lj77i,t1_cc00mpq,t1_cbzwwyg,0.19375,0.12105263157894737,0.07269736842105264
p_2221,t3_1lj1a3,t1_cbzqvmp,t1_cbzslqc,0.1592356687898089,0.18604651162790697,-0.026810842838098065
p_2224,t3_1lhuz4,t1_cbzddsy,t1_cbze9hp,0.09497206703910614,0.16393442622950818,-0.06896235919040204
p_2225,t3_1lfrfd,t1_cbysfpy,t1_cbzh8fi,0.16666666666666666,0.21875,-0.05208333333333334
p_2226,t3_1lfjlx,t1_cbyrmgo,t1_cbyqak5,0.13574660633484162,0.16535433070866143,-0.02960772437381981
p_2227,t3_1lerv8,t1_cbyiaoi,t1_cbyhq86,0.14285714285714285,0.10152284263959391,0.04133430021754894
p_2230,t3_1ld6h6,t1_cby2a8w,t1_cby1lsh,0.15544041450777202,0.14534883720930233,0.010091577298469684
p_2232,t3_1lcywy,t1_cbxzp1t,t1_cby301t,0.15355805243445692,0.2028169014084507,-0.049258848973993796
p_2233,t3_1lbwhm,t1_cbxpt3g,t1_cbxs5nk,0.15625,0.15445544554455445,0.0017945544554455461
p_2234,t3_1lbmj6,t1_cbxpw34,t1_cbxodyk,0.13924050632911392,0.15359477124183007,-0.014354264912716158
p_2236,t3_1lacd7,t1_cbx94i4,t1_cbx9e6e,0.14029850746268657,0.1259259259259259,0.014372581536760659
p_2237,t3_1la7rw,t1_cbxgs50,t1_cbx89uo,0.1616,0.1382716049382716,0.023328395061728402
p_2238,t3_1l90aj,t1_cbwzd68,t1_cbwzbg8,0.1111111111111111,0.11267605633802817,-0.0015649452269170666
p_2241,t3_1l739z,t1_cbwgckn,t1_cbwhg4q,0.1262135922330097,0.16774193548387098,-0.04152834325086127
p_2242,t3_1l6so4,t1_cbwanvb,t1_cbwejit,0.14210526315789473,0.15348837209302327,-0.011383108935128533
p_2243,t3_1l6jx5,t1_cbwinoh,t1_cbwci89,0.17973856209150327,0.17880794701986755,0.0009306150716357209
p_2244,t3_1l5skj,t1_cbw2q93,t1_cbw5e2q,0.18981481481481483,0.17355371900826447,0.016261095806550357
p_2245,t3_1l4zh1,t1_cbvtytr,t1_cbwfrmm,0.19873817034700317,0.18686868686868688,0.01186948347831629
p_2246,t3_1l4s6s,t1_cbvtme3,t1_cbw349b,0.1888111888111888,0.15441176470588236,0.03439942410530644
p_2247,t3_1l4s6s,t1_cbvtd9h,t1_cbw1t11,0.15037593984962405,0.1183206106870229,0.03205532916260115
p_2249,t3_1l48mt,t1_cbvuocw,t1_cbvwhwi,0.11797752808988764,0.17357512953367876,-0.055597601443791125
p_2252,t3_1l3r2u,t1_cbvi0u6,t1_cbvi11k,0.24050632911392406,0.18082191780821918,0.05968441130570487
p_2253,t3_1l3r2u,t1_cbvjfjr,t1_cbvi11k,0.2210242587601078,0.18082191780821918,0.04020234095188863
p_2251,t3_1l3r2u,t1_cbvieup,t1_cbvi6i2,0.18298969072164947,0.2,-0.01701030927835054
p_2258,t3_1l39f3,t1_cbvj6st,t1_cbvdl8d,0.2103448275862069,0.1511627906976744,0.05918203688853249
p_2256,t3_1l39f3,t1_cbvi8i7,t1_cbvetvc,0.19205298013245034,0.1781115879828326,0.013941392149617732
p_2257,t3_1l39f3,t1_cbvdnid,t1_cbvf3rq,0.19047619047619047,0.13709677419354838,0.05337941628264209
p_2259,t3_1l3115,t1_cbv9wfo,t1_cbva0et,0.16201117318435754,0.096045197740113,0.06596597544424454
p_2260,t3_1l2ixq,t1_cbvbxs8,t1_cbv59md,0.16964285714285715,0.16346153846153846,0.006181318681318687
p_2261,t3_1l09gg,t1_cbuio96,t1_cbugz8z,0.12560386473429952,0.1532258064516129,-0.027621941717313386
p_2262,t3_1kzxcm,t1_cbuf9oo,t1_cbuiv91,0.17391304347826086,0.17562724014336917,-0.001714196665108303
p_2265,t3_1kye6l,t1_cbtvo8l,t1_cbtvkil,0.14732142857142858,0.1358695652173913,0.011451863354037278
p_2266,t3_1kye6l,t1_cbtwkat,t1_cbtwnnn,0.13445378151260504,0.15384615384615385,-0.01939237233354882
p_2268,t3_1kye6l,t1_cbtzwlt,t1_cbtwnnn,0.17982456140350878,0.15384615384615385,0.02597840755735492
p_2267,t3_1kye6l,t1_cbtzgqh,t1_cbtwnnn,0.1346153846153846,0.15384615384615385,-0.019230769230769246
p_2269,t3_1kxyyv,t1_cbtru4t,t1_cbtrv0z,0.17050691244239632,0.13986013986013987,0.030646772582256454
p_2270,t3_1kxyyv,t1_cbtr9p6,t1_cbtrv0z,0.15151515151515152,0.13986013986013987,0.011655011655011649
p_2271,t3_1kxyyv,t1_cbtu5q5,t1_cbtrrbq,0.2102803738317757,0.1388888888888889,0.0713914849428868
p_2272,t3_1kxyyv,t1_cbu7zd4,t1_cbtrv0z,0.22485207100591717,0.13986013986013987,0.0849919311457773
p_2275,t3_1kwoib,t1_cbtku99,t1_cbtll2e,0.08708708708708708,0.11965811965811966,-0.03257103257103258
p_2274,t3_1kwoib,t1_cbteqkq,t1_cbtlv0w,0.17134831460674158,0.12195121951219512,0.049397095094546456
p_2276,t3_1kwewh,t1_cbtagyo,t1_cbta7mx,0.14516129032258066,0.0873015873015873,0.05785970302099336
p_2278,t3_1ktrbd,t1_cbsiyod,t1_cbsj55w,0.16774193548387098,0.19137466307277629,-0.023632727588905306
p_2280,t3_1ks6p4,t1_cbsevj6,t1_cbs6oi2,0.09252669039145907,0.13013698630136986,-0.03761029590991079
p_2282,t3_1kqo2m,t1_cbrp5dn,t1_cbrtmtf,0.16546762589928057,0.18292682926829268,-0.017459203369012105
p_2283,t3_1kpmvy,t1_cbril3l,t1_cbrg01p,0.26258205689277897,0.30659025787965616,-0.04400820098687719
p_2284,t3_1kplpx,t1_cbs1lbf,t1_cbrbl9b,0.18947368421052632,0.14534883720930233,0.04412484700122399
p_2285,t3_1kpcy7,t1_cbrbl5x,t1_cbrbcp0,0.17518248175182483,0.14553990610328638,0.02964257564853845
p_2288,t3_1kmwmn,t1_cbqml03,t1_cbqlofq,0.11140583554376658,0.1197339246119734,-0.008328089068206812
p_2289,t3_1kmr9u,t1_cbqlmoj,t1_cbqkl2t,0.12903225806451613,0.09174311926605505,0.037289138798461074
p_2290,t3_1klvsk,t1_cbqdd78,t1_cbqjkwj,0.19069767441860466,0.17419354838709677,0.016504126031507887
p_2291,t3_1klpoz,t1_cbqe15e,t1_cbqay82,0.15053763440860216,0.12637362637362637,0.024164008034975787
p_2295,t3_1kkzei,t1_cbq19sn,t1_cbq4s14,0.13513513513513514,0.17857142857142858,-0.04343629343629343
p_2293,t3_1kkzei,t1_cbq6gfx,t1_cbq019j,0.2631578947368421,0.18439716312056736,0.07876073161627473
p_2294,t3_1kkzei,t1_cbq17si,t1_cbq019j,0.15602836879432624,0.18439716312056736,-0.02836879432624112
p_2297,t3_1kkvd3,t1_cbpzbps,t1_cbpzant,0.1543026706231454,0.14446952595936793,0.009833144663777466
p_2298,t3_1kkvd3,t1_cbpzjlg,t1_cbqba5y,0.1267605633802817,0.1360381861575179,-0.009277622777236205
p_2299,t3_1kkl0k,t1_cbpvqsr,t1_cbpwrwm,0.16019417475728157,0.14418604651162792,0.016008128245653647
p_2300,t3_1kjxxx,t1_cbpq618,t1_cbprup5,0.1626984126984127,0.20833333333333334,-0.04563492063492064
p_2302,t3_1kji31,t1_cbpp0hg,t1_cbpp4cn,0.14982578397212543,0.12903225806451613,0.0207935259076093
p_2303,t3_1kj8ll,t1_cbpjmas,t1_cbpisrw,0.19435736677115986,0.2261904761904762,-0.03183310941931633
p_2304,t3_1kj8ll,t1_cbpl5sq,t1_cbpotjh,0.14534883720930233,0.1981981981981982,-0.052849360988895866
p_2306,t3_1kic79,t1_cbp88fr,t1_cbp8lam,0.18471337579617833,0.19248826291079812,-0.007774887114619794
p_2307,t3_1ki40o,t1_cbp9u33,t1_cbp85kd,0.12396694214876033,0.1270718232044199,-0.003104881055659564
p_2308,t3_1ki1zh,t1_cbp9dea,t1_cbp5nt9,0.16358024691358025,0.2057877813504823,-0.04220753443690206
p_2310,t3_1khlm7,t1_cbp1ln5,t1_cbp1ph1,0.2260061919504644,0.21923076923076923,0.006775422719695168
p_2311,t3_1kgh0u,t1_cboq4u7,t1_cbooh2r,0.16666666666666666,0.16304347826086957,0.00362318840579709
p_2313,t3_1ke0w4,t1_cbnzi22,t1_cbo6d5s,0.14814814814814814,0.14043583535108958,0.007712312797058557
p_2314,t3_1ke0w4,t1_cbo3zx9,t1_cbo5iau,0.14475271411338964,0.1726027397260274,-0.027850025612637774
p_2316,t3_1kdlwj,t1_cbnxd5h,t1_cbnvo71,0.187683284457478,0.15053763440860216,0.03714565004887585
p_2319,t3_1kcd3m,t1_cbnhq6g,t1_cbni0el,0.15625,0.15789473684210525,-0.0016447368421052544
p_2320,t3_1kbzmn,t1_cbng0go,t1_cbnipaa,0.13615023474178403,0.14479638009049775,-0.008646145348713719
p_2323,t3_1kag5w,t1_cbn0mxn,t1_cbmzov5,0.12080536912751678,0.14285714285714285,-0.022051773729626065
p_2324,t3_1kabrs,t1_cbmzr37,t1_cbn67aw,0.1210762331838565,0.09223300970873786,0.02884322347511864
p_2325,t3_1ka5uj,t1_cbmyev9,t1_cbmxfh8,0.13259668508287292,0.0979381443298969,0.034658540752976016
p_2327,t3_1k9jlv,t1_cbmxvcd,t1_cbmuvxx,0.12444444444444444,0.1242603550295858,0.00018408941485864583
p_2328,t3_1k6xfn,t1_cbm0lyq,t1_cbm3nd0,0.09386281588447654,0.08288288288288288,0.010979933001593653
p_2329,t3_1k6i9t,t1_cblyg6g,t1_cblyvvv,0.15608465608465608,0.1476923076923077,0.00839234839234837
p_2330,t3_1k5pd2,t1_cbln0wk,t1_cblry91,0.16040955631399317,0.1625,-0.002090443686006832
p_2331,t3_1k5c52,t1_cblj535,t1_cbll85k,0.1371841155234657,0.1423611111111111,-0.005176995587645394
p_2332,t3_1k5c52,t1_cblu6s5,t1_cblltll,0.17421602787456447,0.17050691244239632,0.0037091154321681474
p_2333,t3_1k4u9p,t1_cbldzfo,t1_cblfrem,0.09392265193370165,0.0918918918918919,0.0020307600418097566
p_2334,t3_1k3fd5,t1_cbkz187,t1_cblb6qd,0.19861431870669746,0.25147347740667975,-0.052859158699982284
p_2335,t3_1k3fd5,t1_cbl0mqo,t1_cbl14ki,0.1977491961414791,0.22687861271676302,-0.029129416575283923
p_2336,t3_1k394r,t1_cbl39x0,t1_cbkxpz4,0.11161731207289294,0.11647727272727272,-0.004859960654379783
p_2337,t3_1k2ucr,t1_cbl0joo,t1_cbl04y4,0.16666666666666666,0.17452830188679244,-0.007861635220125784
p_2338,t3_1k2m9c,t1_cbku0j5,t1_cbkqfau,0.1793478260869565,0.2119205298013245,-0.03257270371436799
p_2339,t3_1k1bz3,t1_cbkdhyg,t1_cbkd9lg,0.15418502202643172,0.15028901734104047,0.0038960046853912522
p_2340,t3_1k12l4,t1_cbk9xjc,t1_cbkfcm9,0.15469613259668508,0.1456953642384106,0.009000768358274486
p_2341,t3_1k0rar,t1_cbk9gjo,t1_cbk70ve,0.1640625,0.205607476635514,-0.041544976635514014
p_2343,t3_1k0o35,t1_cbk7t0b,t1_cbk5xan,0.1330049261083744,0.16990291262135923,-0.03689798651298484
p_2346,t3_1jxenp,t1_cbjhhbv,t1_cbjh4y3,0.13623188405797101,0.13953488372093023,-0.003302999662959216
p_2348,t3_1jxb7d,t1_cbj7ksk,t1_cbjiqx2,0.19343065693430658,0.20552147239263804,-0.012090815458331461
p_2349,t3_1jxb7d,t1_cbj8nos,t1_cbjiqx2,0.18446601941747573,0.20552147239263804,-0.021055452975162314
p_2350,t3_1jx75l,t1_cbj6dz7,t1_cbj5su9,0.12716763005780346,0.18085106382978725,-0.053683433771983785
p_2352,t3_1jx75l,t1_cbj9dmd,t1_cbj5t4n,0.17218543046357615,0.16205533596837945,0.010130094495196695
p_2351,t3_1jx75l,t1_cbj8v5p,t1_cbj5t4n,0.13695090439276486,0.16205533596837945,-0.025104431575614594
p_2353,t3_1jx75l,t1_cbjctxf,t1_cbja2vi,0.15846994535519127,0.1411042944785276,0.01736565087666367
p_2355,t3_1jw0vh,t1_cbj2fl6,t1_cbivzx1,0.08797653958944282,0.12374581939799331,-0.03576927980855049
p_2356,t3_1jukj2,t1_cbihbve,t1_cbifo1m,0.14,0.13636363636363635,0.0036363636363636598
p_2357,t3_1juhcd,t1_cbih6kh,t1_cbiftjn,0.19727891156462585,0.2254335260115607,-0.028154614446934845
p_2358,t3_1jtizm,t1_cbi5iji,t1_cbi4vwr,0.17098445595854922,0.16216216216216217,0.008822293796387048
p_2359,t3_1jnzxi,t1_cbgl9y6,t1_cbgko2s,0.09815950920245399,0.14122137404580154,-0.04306186484334755
p_2360,t3_1jnzxi,t1_cbgq6ri,t1_cbgmmil,0.10526315789473684,0.0958904109589041,0.009372746935832732
p_2361,t3_1jnzxi,t1_cbgrq6w,t1_cbgqs66,0.084070796460177,0.1013215859030837,-0.0172507894429067
p_2362,t3_1jmadm,t1_cbgfvpm,t1_cbg3jnw,0.16981132075471697,0.10256410256410256,0.06724721819061441
p_2363,t3_1jm5z2,t1_cbg3zbr,t1_cbg1tau,0.13872832369942195,0.18285714285714286,-0.044128819157720905
p_2365,t3_1jl2l0,t1_cbfrj60,t1_cbfqlt5,0.13432835820895522,0.13194444444444445,0.0023839137645107755
p_2366,t3_1jkp1k,t1_cbfp0g2,t1_cbfoawn,0.1875,0.18045112781954886,0.007048872180451138
p_2367,t3_1jiw0b,t1_cbf6lgo,t1_cbf4sac,0.13043478260869565,0.2116788321167883,-0.08124404950809266
p_2370,t3_1jb0wl,t1_cbcxgu5,t1_cbcy8p6,0.16895874263261296,0.1407942238267148,0.028164518805898153
p_2371,t3_1jaqjx,t1_cbctgfc,t1_cbcsn53,0.13658536585365855,0.10967741935483871,0.026907946498819835
p_2372,t3_1j9xnf,t1_cbcq5wa,t1_cbcvqxh,0.12195121951219512,0.09224318658280922,0.029708032929385897
p_2373,t3_1j8dv1,t1_cbc52ax,t1_cbcofch,0.16233766233766234,0.17045454545454544,-0.008116883116883106
p_2374,t3_1j8dv1,t1_cbc65mq,t1_cbcofch,0.1509433962264151,0.17045454545454544,-0.019511149228130353
p_2375,t3_1j8dv1,t1_cbc693d,t1_cbcofch,0.17266187050359713,0.17045454545454544,0.0022073250490516894
p_2376,t3_1j8dv1,t1_cbc7rzj,t1_cbcofch,0.136986301369863,0.17045454545454544,-0.033468244084682436
p_2377,t3_1j7p6i,t1_cbbxr56,t1_cbby8gg,0.11695906432748537,0.1415929203539823,-0.024633856026496925
p_2378,t3_1j5z5p,t1_cbbgma6,t1_cbbghpi,0.23148148148148148,0.15492957746478872,0.07655190401669276
p_2379,t3_1j583o,t1_cbba0li,t1_cbbbhg1,0.18340611353711792,0.18137254901960784,0.002033564517510078
p_2381,t3_1j3vw4,t1_cbavu90,t1_cbawlm4,0.174496644295302,0.20212765957446807,-0.02763101527916606
p_2384,t3_1j0ghg,t1_cb9w70x,t1_cba1v9x,0.11654135338345864,0.10818713450292397,0.00835421888053467
p_2385,t3_1j0ghg,t1_cbag4fl,t1_cba1v9x,0.12429378531073447,0.10818713450292397,0.0161066508078105
p_2387,t3_1j04ik,t1_cb9skkn,t1_cb9rtf6,0.11965811965811966,0.10852713178294573,0.011130987875173928
p_2386,t3_1j04ik,t1_cb9ssza,t1_cb9rtf6,0.12173913043478261,0.10852713178294573,0.013211998651836879
p_2388,t3_1j012y,t1_cb9qkne,t1_cb9wf8r,0.1455223880597015,0.11864406779661017,0.026878320263091324
p_2390,t3_1j00y5,t1_cb9tnv2,t1_cb9rf5x,0.12921348314606743,0.12994350282485875,-0.0007300196787913271
p_2393,t3_1iw2um,t1_cb8lac4,t1_cb8mbl8,0.12337662337662338,0.12101910828025478,0.002357515096368598
p_2402,t3_1is4qd,t1_cb7j9ci,t1_cb7wbhu,0.1524390243902439,0.2155688622754491,-0.06312983788520521
p_2403,t3_1iqys7,t1_cb7bor5,t1_cb7844x,0.13157894736842105,0.16336633663366337,-0.03178738926524233
p_2404,t3_1iqys7,t1_cb7gfzl,t1_cb7gxgm,0.17695473251028807,0.18340611353711792,-0.00645138102682985
p_2405,t3_1ipjv3,t1_cb6tcwm,t1_cb7052e,0.17154811715481172,0.11009174311926606,0.06145637403554566
p_2406,t3_1ioyfw,t1_cb6negu,t1_cb6p567,0.09821428571428571,0.2109090909090909,-0.1126948051948052
p_2408,t3_1io050,t1_cb6z8bd,t1_cb6d59l,0.20496894409937888,0.17100371747211895,0.033965226627259926
p_2409,t3_1io050,t1_cb6te7v,t1_cb6k495,0.15081967213114755,0.10486891385767791,0.045950758273469644
p_2410,t3_1inwvh,t1_cb6clxk,t1_cb6b3un,0.12727272727272726,0.20869565217391303,-0.08142292490118577
p_2412,t3_1in64c,t1_cb6akju,t1_cb64t09,0.17467248908296942,0.2077922077922078,-0.03311971870923838
p_2413,t3_1in3mk,t1_cb6bfkt,t1_cb62n6y,0.13559322033898305,0.12206572769953052,0.013527492639452535
p_2415,t3_1iimoi,t1_cb5m28u,t1_cb4v5by,0.0875,0.1301775147928994,-0.04267751479289941
p_2418,t3_1ihnzp,t1_cb4juyf,t1_cb4ukap,0.12449799196787148,0.12149532710280374,0.0030026648650677418
p_2420,t3_1igbwh,t1_cb4649p,t1_cb464hg,0.15789473684210525,0.13793103448275862,0.019963702359346636
p_2421,t3_1ied1a,t1_cb3rv5u,t1_cb3p38u,0.1607843137254902,0.1518324607329843,0.008951852992505921
p_2424,t3_1ib9o8,t1_cb2tz88,t1_cb33du7,0.21241830065359477,0.20220588235294118,0.010212418300653586
p_2427,t3_1ia9x8,t1_cb2j72l,t1_cb2rlb2,0.14903846153846154,0.1746031746031746,-0.025564713064713057
p_2429,t3_1ia3zd,t1_cb2lbid,t1_cb2h5ll,0.13793103448275862,0.14979757085020243,-0.011866536367443808
p_2430,t3_1i94l9,t1_cb28ef0,t1_cb26209,0.11578947368421053,0.1598173515981735,-0.04402787791396298
p_2434,t3_1i5tlt,t1_cb1cje7,t1_cb1t7x1,0.11728395061728394,0.16,-0.04271604938271606
p_2436,t3_1i4vt4,t1_cb1h533,t1_cb1252u,0.13805970149253732,0.1377551020408163,0.00030459945172101044
p_2435,t3_1i4vt4,t1_cb13nik,t1_cb16bo0,0.07253886010362694,0.18461538461538463,-0.11207652451175769
p_2438,t3_1i2u57,t1_cb0fo0o,t1_cb0gz21,0.11442786069651742,0.17684887459807075,-0.06242101390155333
p_2439,t3_1i2u57,t1_cb0fbc9,t1_cb0hvyo,0.21825396825396826,0.15873015873015872,0.059523809523809534
p_2440,t3_1i2oju,t1_cb0dt2p,t1_cb0e4bx,0.19601328903654486,0.14054054054054055,0.05547274849600431
p_2442,t3_1i11n0,t1_cazz418,t1_cb0464x,0.1674641148325359,0.12568306010928962,0.04178105472324628
p_2443,t3_1i11n0,t1_cazy97z,t1_cb0464x,0.24019607843137256,0.12568306010928962,0.11451301832208294
p_2444,t3_1i0zds,t1_cazx780,t1_cazy8n0,0.14224137931034483,0.18018018018018017,-0.03793880086983534
p_2445,t3_1i0zds,t1_cb005e0,t1_cb05afm,0.12857142857142856,0.08759124087591241,0.040980187695516146
p_2446,t3_1i0zds,t1_cb00x7k,t1_cazy1tv,0.10204081632653061,0.1267123287671233,-0.02467151244059268
p_2447,t3_1i0zds,t1_cazx7qm,t1_cb0ano0,0.21212121212121213,0.16,0.052121212121212124
p_2448,t3_1i00hp,t1_cazmh6c,t1_cazmud9,0.16666666666666666,0.2073170731707317,-0.04065040650406504
p_2449,t3_1hzs2p,t1_cazkd1r,t1_cazpzes,0.13013698630136986,0.16030534351145037,-0.030168357210080515
p_2451,t3_1hz0cv,t1_cazgpfl,t1_cazc5lr,0.15447154471544716,0.1509433962264151,0.0035281484890320736
p_2452,t3_1hxzas,t1_caz1kcn,t1_caz1z09,0.17142857142857143,0.1704781704781705,0.0009504009504009425
p_2453,t3_1hxrtn,t1_caz1hv5,t1_cayzct9,0.15853658536585366,0.20055710306406685,-0.04202051769821319
p_2454,t3_1hxjqk,t1_cayxqwq,t1_cazcc7l,0.14977973568281938,0.12931034482758622,0.020469390855233166
p_2455,t3_1hxf9i,t1_cayvh0d,t1_caz1x0o,0.19594594594594594,0.21428571428571427,-0.01833976833976833
p_2456,t3_1hw3be,t1_cayi1o3,t1_caykf0u,0.08771929824561403,0.08391608391608392,0.0038032143295301107
p_2460,t3_1htdmd,t1_caxqkk2,t1_caxz72q,0.13707865168539327,0.138801261829653,-0.0017226101442597286
p_2461,t3_1ht05v,t1_caxtz6j,t1_caxzvix,0.12033195020746888,0.1498371335504886,-0.029505183343019728
p_2462,t3_1ht05v,t1_caxvc7y,t1_caxzvix,0.10970464135021098,0.1498371335504886,-0.040132492200277634
p_2463,t3_1hrko3,t1_caxe7v8,t1_cax6nz3,0.17061611374407584,0.21159420289855072,-0.04097808915447487
p_2464,t3_1hrjgc,t1_cax6dff,t1_cax6b4o,0.15873015873015872,0.14516129032258066,0.013568868407578066
p_2465,t3_1hraph,t1_cax407i,t1_cax3up7,0.20851063829787234,0.19230769230769232,0.016202945990180018
p_2467,t3_1hqd66,t1_cax3idc,t1_cawz4oe,0.1292517006802721,0.15083798882681565,-0.021586288146543536
p_2468,t3_1hq0v5,t1_cawqmgo,t1_cawqm34,0.11450381679389313,0.13524590163934427,-0.020742084845451148
p_2469,t3_1hp8cm,t1_cawnmau,t1_cawra52,0.16666666666666666,0.21052631578947367,-0.043859649122807015
p_2470,t3_1hp8cm,t1_caws05i,t1_cawsaki,0.16071428571428573,0.1485148514851485,0.012199434229137218
p_2472,t3_1hnrv5,t1_cawg0mo,t1_caw90ul,0.1233140655105973,0.15833333333333333,-0.035019267822736025
p_2473,t3_1hnmg0,t1_caw4fwf,t1_caw2pvi,0.19540229885057472,0.20670391061452514,-0.01130161176395042
p_2474,t3_1hnesi,t1_caw5etn,t1_caw1oxb,0.17355371900826447,0.16363636363636364,0.009917355371900832
p_2475,t3_1hmzrg,t1_cavwamg,t1_caw3w4j,0.14857142857142858,0.1608695652173913,-0.012298136645962715
p_2477,t3_1hmzrg,t1_cavxhoe,t1_cavwx38,0.2097560975609756,0.16990291262135923,0.03985318493961637
p_2476,t3_1hmzrg,t1_cavwmqq,t1_cavylue,0.12962962962962962,0.1450381679389313,-0.015408538309301667
p_2478,t3_1hm7uw,t1_cavpkpg,t1_cavot1s,0.1568627450980392,0.1746031746031746,-0.01774042950513538
p_2479,t3_1hj6bs,t1_cauxv2z,t1_cauydog,0.17410714285714285,0.17777777777777778,-0.0036706349206349353
p_2480,t3_1hilol,t1_cav0vb9,t1_cauv0dj,0.1736111111111111,0.1864406779661017,-0.012829566854990593
p_2482,t3_1hijgw,t1_cauqk4k,t1_cauqjev,0.1497326203208556,0.17289719626168223,-0.02316457594082663
p_2484,t3_1hhk6u,t1_caueb77,t1_cauj7mz,0.15246636771300448,0.17341040462427745,-0.020944036911272973
p_2485,t3_1hhk6u,t1_caui6qo,t1_caukhoj,0.17676767676767677,0.22058823529411764,-0.04382055852644087
p_2486,t3_1hhk6u,t1_cauhmlk,t1_cauj7mz,0.1588235294117647,0.17341040462427745,-0.014586875212512757
p_2489,t3_1hc58i,t1_catea2n,t1_casxbel,0.14573991031390135,0.1728395061728395,-0.027099595858938147
p_2490,t3_1hc0j1,t1_caszio1,t1_casup0b,0.15328467153284672,0.1493212669683258,0.003963404564520934
p_2494,t3_1hajcc,t1_casg265,t1_casiv8b,0.14215686274509803,0.16260162601626016,-0.020444763271162125
p_2495,t3_1h9sqe,t1_cas8w59,t1_cas8g4g,0.23940149625935161,0.26258205689277897,-0.023180560633427355
p_2496,t3_1h9ldb,t1_cas5ysb,t1_cas7mja,0.11643835616438356,0.14225941422594143,-0.025821058061557878
p_2497,t3_1h9hye,t1_cas4sd4,t1_cas74f3,0.12313432835820895,0.15161290322580645,-0.0284785748675975
p_2498,t3_1h9hye,t1_casb6t3,t1_cas9uz8,0.11960132890365449,0.17191283292978207,-0.05231150402612758
p_2499,t3_1h9hye,t1_casew9n,t1_cas88m0,0.14760147601476015,0.1152542372881356,0.03234723872662455
p_2500,t3_1h8lmm,t1_cary5pj,t1_carxthq,0.18282548476454294,0.11428571428571428,0.06853977047882866
p_2502,t3_1h6ah2,t1_caredw7,t1_car9nmn,0.1524822695035461,0.14102564102564102,0.011456628477905073
p_2505,t3_1h6ah2,t1_caridnc,t1_car9nmn,0.11255411255411256,0.14102564102564102,-0.028471528471528465
p_2504,t3_1h6ah2,t1_care65c,t1_car9nmn,0.14090019569471623,0.14102564102564102,-0.00012544533092478938
p_2503,t3_1h6ah2,t1_card2bl,t1_car9nmn,0.1856060606060606,0.14102564102564102,0.044580419580419584
p_2506,t3_1h63cg,t1_car7qah,t1_care0ds,0.22033898305084745,0.13636363636363635,0.0839753466872111
p_2508,t3_1h5h5m,t1_car0y9s,t1_cardbx1,0.1366120218579235,0.16489361702127658,-0.028281595163353074
p_2509,t3_1h5h5m,t1_car4w5y,t1_car24xz,0.13215859030837004,0.15425531914893617,-0.022096728840566127
p_2510,t3_1h5bo4,t1_car3t1w,t1_car096v,0.18786692759295498,0.1925925925925926,-0.004725664999637613
p_2511,t3_1h4fc4,t1_caquh1j,t1_car011b,0.1625,0.13580246913580246,0.026697530864197544
p_2513,t3_1h2wxx,t1_caqbfxa,t1_caqen9z,0.1782178217821782,0.15151515151515152,0.02670267026702669
p_2514,t3_1h13j4,t1_capskux,t1_capsire,0.21311475409836064,0.16161616161616163,0.05149859248219901
p_2516,t3_1h0wi9,t1_capqqek,t1_caq16q7,0.19811320754716982,0.24390243902439024,-0.045789231477220416
p_2517,t3_1h0dvp,t1_caplvg0,t1_caplfrl,0.18181818181818182,0.15202702702702703,0.029791154791154795
p_2518,t3_1h0dvp,t1_capmaqi,t1_caplfrl,0.10583941605839416,0.15202702702702703,-0.04618761096863287
p_2519,t3_1h0dvp,t1_capljsr,t1_capm2dv,0.14385964912280702,0.2371638141809291,-0.09330416505812208
p_2520,t3_1gzgyi,t1_capch39,t1_capcztw,0.22920203735144312,0.22066549912434325,0.008536538227099877
p_2521,t3_1gzgyi,t1_capd988,t1_capcztw,0.1213768115942029,0.22066549912434325,-0.09928868753014035
p_2522,t3_1gzggd,t1_capcxm0,t1_capga0b,0.11805555555555555,0.1411764705882353,-0.02312091503267974
p_2523,t3_1gzggd,t1_capc8wf,t1_capc3ac,0.13178294573643412,0.10227272727272728,0.02951021846370684
p_2526,t3_1gubei,t1_canwrtx,t1_canwwia,0.15,0.145,0.0050000000000000044
p_2527,t3_1gubei,t1_cao0mq9,t1_cao4o8w,0.16589861751152074,0.15283842794759825,0.013060189563922492
p_2528,t3_1gubei,t1_cao0kka,t1_cao0vy0,0.1588447653429603,0.08376963350785341,0.07507513183510689
p_2529,t3_1gtx5u,t1_canrwqs,t1_canrwi1,0.13592233009708737,0.13761467889908258,-0.0016923488019952027
p_2530,t3_1gtewi,t1_canwe7h,t1_cannxmk,0.208955223880597,0.14356435643564355,0.06539086744495345
p_2533,t3_1gs77u,t1_canaax8,t1_canbqse,0.12962962962962962,0.12643678160919541,0.003192848020434208
p_2535,t3_1gqrrj,t1_camvlk1,t1_camv6ti,0.1414141414141414,0.12258064516129032,0.018833496252851092
p_2536,t3_1gqfyr,t1_camsoga,t1_camr1ip,0.12941176470588237,0.1595744680851064,-0.030162703379224026
p_2537,t3_1go76m,t1_cama3zy,t1_cam5u2v,0.17052023121387283,0.1440677966101695,0.026452434603703334
p_2538,t3_1go0nk,t1_cam94e3,t1_cam2sp0,0.1402439024390244,0.17679558011049723,-0.036551677671472826
p_2539,t3_1gndd7,t1_calvf4q,t1_caly3r9,0.12802768166089964,0.15344827586206897,-0.025420594201169322
p_2542,t3_1gndd7,t1_calw2lu,t1_calzbfi,0.15220700152207,0.06569343065693431,0.0865135708651357
p_2543,t3_1gn5gq,t1_caltt0o,t1_cam4fco,0.17766497461928935,0.18840579710144928,-0.010740822482159934
p_2544,t3_1gn5gq,t1_caluwrn,t1_cam99y3,0.15217391304347827,0.14366197183098592,0.008511941212492352
p_2546,t3_1gmopb,t1_calpm58,t1_caloeep,0.1608695652173913,0.1951219512195122,-0.03425238600212091
p_2547,t3_1glkkw,t1_caljuen,t1_calho9m,0.171875,0.17482517482517482,-0.0029501748251748172
p_2548,t3_1gkvdj,t1_cal8gbr,t1_calht6p,0.15178571428571427,0.1933884297520661,-0.04160271546635183
p_2549,t3_1gkvdj,t1_cal9bjy,t1_cal95oe,0.17782026768642448,0.06304347826086956,0.11477678942555491
p_2550,t3_1gk7i3,t1_cal9gz2,t1_cakzxzy,0.21792260692464357,0.16058394160583941,0.05733866531880416
p_2552,t3_1gjdzq,t1_caks2pc,t1_cakv42m,0.1452991452991453,0.20915032679738563,-0.06385118149824032
p_2553,t3_1ghuhk,t1_cakst8b,t1_cakfe6t,0.17012448132780084,0.15508021390374332,0.015044267424057511
p_2554,t3_1ghq26,t1_cakd83v,t1_cakbhef,0.1891891891891892,0.23,-0.04081081081081081
p_2556,t3_1gf3p8,t1_cajmk48,t1_cajlq76,0.1553784860557769,0.09829059829059829,0.057087887765178605
p_2558,t3_1gekcs,t1_cajgr6p,t1_cajgnqh,0.12269938650306748,0.12048192771084337,0.0022174587922241112
p_2559,t3_1gdhz9,t1_cajoefo,t1_caj8zpy,0.14423076923076922,0.10256410256410256,0.04166666666666666
p_2561,t3_1gcmgh,t1_caizgrm,t1_caix4yf,0.20512820512820512,0.20394736842105263,0.001180836707152494
p_2563,t3_1ga9it,t1_caiavmi,t1_caiacwj,0.15897435897435896,0.17687074829931973,-0.017896389324960765
p_2564,t3_1ga5u6,t1_caifnvs,t1_caigbsx,0.1368421052631579,0.1568627450980392,-0.02002063983488131
p_2565,t3_1g98dv,t1_caicko1,t1_cai00w1,0.15483870967741936,0.1457286432160804,0.009110066461338967
p_2566,t3_1g912k,t1_cahy4j6,t1_cai00qt,0.21761658031088082,0.18674698795180722,0.030869592359073605
p_2567,t3_1g8ye7,t1_caiqwaz,t1_caia71j,0.17674418604651163,0.15337423312883436,0.023369952917677267
p_2568,t3_1g8tam,t1_cahvvfw,t1_cahvh3g,0.14222222222222222,0.14691943127962084,-0.004697209057398621
p_2569,t3_1g8dms,t1_cahqtw0,t1_cahrjrv,0.16829268292682928,0.15273775216138327,0.015554930765446007
p_2570,t3_1g4ij0,t1_cagmwe5,t1_cagn2vw,0.12571428571428572,0.1895910780669145,-0.06387679235262878
p_2571,t3_1g4ij0,t1_cagti1b,t1_cagn2vw,0.1244343891402715,0.1895910780669145,-0.065156688926643
p_2573,t3_1g0zyi,t1_cafq2a4,t1_cafq68p,0.13793103448275862,0.13304721030042918,0.004883824182329438
p_2575,t3_1g0nr4,t1_cafnpu1,t1_cafo41o,0.14772727272727273,0.17482517482517482,-0.027097902097902082
p_2576,t3_1g05un,t1_cafhm9s,t1_cafhkpm,0.19689119170984457,0.18902439024390244,0.007866801465942125
p_2577,t3_1g05un,t1_cafi4wo,t1_cafhkpm,0.17964071856287425,0.18902439024390244,-0.009383671681028188
p_2578,t3_1fze4z,t1_cafajkn,t1_cafb9bx,0.14163090128755365,0.17355371900826447,-0.03192281772071082
p_2579,t3_1fzbuj,t1_cafam2z,t1_cafeb2o,0.141804788213628,0.14192139737991266,-0.00011660916628467022
p_2580,t3_1fzbuj,t1_cafpf1y,t1_cafeb2o,0.14901960784313725,0.14192139737991266,0.007098210463224591
p_2581,t3_1fz6yz,t1_cafa0ej,t1_cafbiew,0.216,0.20300751879699247,0.012992481203007528
p_2582,t3_1fvef0,t1_caehkc7,t1_caegj92,0.11570247933884298,0.18181818181818182,-0.06611570247933884
p_2583,t3_1ftvzl,t1_cadqq2m,t1_cadtuox,0.13953488372093023,0.13157894736842105,0.007955936352509185
p_2584,t3_1fthzm,t1_cads3uf,t1_cadpyxu,0.17446808510638298,0.2388888888888889,-0.06442080378250592
p_2585,t3_1fsg25,t1_cadecc8,t1_cadh9xp,0.20810810810810812,0.1953125,0.01279560810810812
p_2586,t3_1fsg25,t1_cadcq9r,t1_cadfxhh,0.2393617021276596,0.1553398058252427,0.08402189630241688
p_2589,t3_1fqxs6,t1_cacz78q,t1_cad0uj4,0.14112903225806453,0.1495601173020528,-0.008431085043988262
p_2590,t3_1fpnku,t1_cacm10c,t1_cacyujo,0.20202020202020202,0.22580645161290322,-0.023786249592701203
p_2592,t3_1fl90i,t1_cabjfyp,t1_cabh6n4,0.1595744680851064,0.16730038022813687,-0.007725912143030478
p_2594,t3_1fkqyp,t1_cab9l3c,t1_cab7rfj,0.15841584158415842,0.17894736842105263,-0.020531526836894215
p_2596,t3_1fjzw1,t1_cab14u9,t1_cabbfp2,0.13054830287206268,0.06329113924050633,0.06725716363155634
p_2597,t3_1fjy6l,t1_cabf966,t1_cab0k1n,0.12637362637362637,0.14583333333333334,-0.019459706959706974
p_2598,t3_1fjy6l,t1_cabcutd,t1_cabche6,0.07865168539325842,0.11612903225806452,-0.037477346864806096
p_2599,t3_1fj2qs,t1_caar36f,t1_caas3s0,0.2147239263803681,0.16216216216216217,0.052561764218205936
p_2600,t3_1fi40v,t1_caahiii,t1_caahjdz,0.16718266253869968,0.125,0.04218266253869968
p_2601,t3_1fi40v,t1_caai66k,t1_caahj8x,0.22026431718061673,0.18877551020408162,0.03148880697653511
p_2603,t3_1fh2ge,t1_caa6pnq,t1_caaaphg,0.10526315789473684,0.125,-0.019736842105263164
p_2604,t3_1fgwoe,t1_caadxv7,t1_caaa1fu,0.1580547112462006,0.12956810631229235,0.028486604933908255
p_2606,t3_1felg8,t1_ca9jegt,t1_ca9j1g5,0.1350210970464135,0.14925373134328357,-0.014232634296870078
p_2607,t3_1fdu9t,t1_ca9jfv7,t1_ca9emjy,0.15343915343915343,0.15,0.003439153439153436
p_2608,t3_1fdqr9,t1_ca9b99t,t1_ca997cz,0.13924050632911392,0.1559633027522936,-0.01672279642317967
p_2609,t3_1fbyld,t1_ca8s1d1,t1_ca92m1w,0.11538461538461539,0.07142857142857142,0.043956043956043966
p_2610,t3_1fakkk,t1_ca8gu3m,t1_ca8gpeh,0.16167664670658682,0.1590909090909091,0.0025857376156777356
p_2613,t3_1f9bqn,t1_ca85ryy,t1_ca81ox0,0.13507625272331156,0.30963302752293576,-0.1745567747996242
p_2619,t3_1f3fkz,t1_ca6ix69,t1_ca6j47b,0.11258278145695365,0.23387096774193547,-0.12128818628498182
p_2621,t3_1f378x,t1_ca6d9pg,t1_ca6d9s8,0.10526315789473684,0.12941176470588237,-0.02414860681114553
p_2624,t3_1f08yy,t1_ca5jdzb,t1_ca5nkp8,0.14201183431952663,0.15254237288135594,-0.010530538561829311
p_2625,t3_1f08yy,t1_ca5jcz6,t1_ca5nkp8,0.0,0.15254237288135594,-0.15254237288135594
p_2627,t3_1eyhc9,t1_ca511j6,t1_ca514mx,0.09210526315789473,0.12121212121212122,-0.029106858054226484
p_2628,t3_1eyhc9,t1_ca54mod,t1_ca514mx,0.1,0.12121212121212122,-0.02121212121212121
p_2629,t3_1evztt,t1_ca4bru8,t1_ca4e1xc,0.1266233766233766,0.14224137931034483,-0.015618002686968224
p_2631,t3_1er14x,t1_ca2wy31,t1_ca2w8zb,0.11666666666666667,0.1875,-0.07083333333333333
p_2632,t3_1er14x,t1_ca2wyds,t1_ca2w8zb,0.16587677725118483,0.1875,-0.021623222748815174
p_2633,t3_1eqzdv,t1_ca2xas3,t1_ca2vznl,0.1864406779661017,0.19469026548672566,-0.008249587520623963
p_2634,t3_1eqzdv,t1_ca31l47,t1_ca2vznl,0.17006802721088435,0.19469026548672566,-0.024622238275841313
p_2636,t3_1eqpep,t1_ca2wutl,t1_ca2vk92,0.13440860215053763,0.11695906432748537,0.017449537823052252
p_2637,t3_1enop4,t1_ca26n3f,t1_ca24wnz,0.12274368231046931,0.171875,-0.04913131768953069
p_2640,t3_1ekr96,t1_ca18olx,t1_ca1bmet,0.102803738317757,0.11612903225806452,-0.013325293940307514
p_2642,t3_1ejwsi,t1_ca0z4yj,t1_ca124sd,0.12840466926070038,0.3269230769230769,-0.19851840766237655
p_2643,t3_1ejwsi,t1_ca14g2z,t1_ca11uac,0.1390728476821192,0.1368421052631579,0.00223074241896129
p_2649,t3_1eeqwi,t1_c9zk246,t1_c9zlxhm,0.09523809523809523,0.10426540284360189,-0.009027307605506657
p_2648,t3_1eeqwi,t1_c9zisf5,t1_c9zjpoy,0.08843537414965986,0.11267605633802817,-0.024240682188368307
p_2650,t3_1edx91,t1_c9z9hpy,t1_c9zbt49,0.17374517374517376,0.13705583756345177,0.03668933618172199
p_2651,t3_1edr56,t1_c9z8p9f,t1_c9z9qmk,0.14754098360655737,0.1553398058252427,-0.007798822218685331
p_2652,t3_1edqbg,t1_c9z7ura,t1_c9zayfy,0.16551724137931034,0.15178571428571427,0.013731527093596069
p_2657,t3_1e897d,t1_c9xr4w4,t1_c9xr0vc,0.21885521885521886,0.1834319526627219,0.03542326619249697
p_2659,t3_1e7fgs,t1_c9xm6o9,t1_c9xlvv7,0.14084507042253522,0.17123287671232876,-0.03038780628979354
p_2661,t3_1e7dc0,t1_c9xteak,t1_c9xkdnr,0.21224489795918366,0.19066147859922178,0.021583419359961886
p_2663,t3_1e71tp,t1_c9xlk4m,t1_c9xez56,0.18250950570342206,0.16554054054054054,0.016968965162881516
p_2664,t3_1e5uet,t1_c9x38yb,t1_c9x7ac3,0.14285714285714285,0.19047619047619047,-0.047619047619047616
p_2666,t3_1e5dod,t1_c9wyrgk,t1_c9wz4h9,0.136986301369863,0.20603015075376885,-0.06904384938390584
p_2667,t3_1e4w3h,t1_c9x0hy8,t1_c9wwhb6,0.10952380952380952,0.1732283464566929,-0.06370453693288339
p_2668,t3_1e4v4u,t1_c9wtome,t1_c9ww06i,0.12921348314606743,0.16463414634146342,-0.035420663195395996
p_2669,t3_1e4gla,t1_c9wpcpk,t1_c9wqjyf,0.14814814814814814,0.12077294685990338,0.027375201288244763
p_2671,t3_1e30x9,t1_c9wfnbb,t1_c9wbvj3,0.1732283464566929,0.1632047477744807,0.010023598682212198
p_2673,t3_1e1yw5,t1_c9wdtql,t1_c9w0hvd,0.10493827160493827,0.17894736842105263,-0.07400909681611437
p_2674,t3_1e0qz1,t1_c9vwslq,t1_c9vruwl,0.1615720524017467,0.22151898734177214,-0.059946934940025426
p_2675,t3_1e0ejy,t1_c9vl8aa,t1_c9vp3i5,0.12179487179487179,0.14646464646464646,-0.02466977466977467
p_2678,t3_1e0dd7,t1_c9vvh9i,t1_c9vmii6,0.1796875,0.10270270270270271,0.07698479729729729
p_2676,t3_1e0dd7,t1_c9vn11c,t1_c9vkmsv,0.1393939393939394,0.12962962962962962,0.009764309764309781
p_2679,t3_1dzqaz,t1_c9vevvr,t1_c9ves68,0.16964285714285715,0.1487603305785124,0.02088252656434475
p_2680,t3_1dyb7o,t1_c9v8bw6,t1_c9v7j0n,0.21739130434782608,0.18705035971223022,0.030340944635595862
p_2681,t3_1dy3sl,t1_c9uym99,t1_c9uxyzk,0.1479028697571744,0.137546468401487,0.010356401355687411
p_2683,t3_1dx9dj,t1_c9ut84g,t1_c9v8b9b,0.23711340206185566,0.16260162601626016,0.0745117760455955
p_2684,t3_1dx9dj,t1_c9uvfc4,t1_c9usq08,0.14432989690721648,0.22916666666666666,-0.08483676975945018
p_2685,t3_1duzzk,t1_c9u8l52,t1_c9u8yoe,0.055,0.10625,-0.05125
p_2688,t3_1drv8o,t1_c9twcr8,t1_c9tdt5r,0.11258278145695365,0.15428571428571428,-0.04170293282876063
p_2690,t3_1dro9y,t1_c9t93tz,t1_c9tb0nm,0.15053763440860216,0.30097087378640774,-0.1504332393778056
p_2691,t3_1dro9y,t1_c9t95ad,t1_c9tb0nm,0.19170984455958548,0.30097087378640774,-0.10926102922682226
p_2692,t3_1dro9y,t1_c9tar20,t1_c9tb0nm,0.19796954314720813,0.30097087378640774,-0.10300133063919961
p_2693,t3_1dr38j,t1_c9t4zgp,t1_c9t15sb,0.12578616352201258,0.1503267973856209,-0.02454063386360833
p_2694,t3_1dr38j,t1_c9t6qfq,t1_c9t3tv5,0.11538461538461539,0.13023255813953488,-0.014847942754919491
p_2696,t3_1dqocq,t1_c9sxlof,t1_c9t1per,0.05263157894736842,0.14583333333333334,-0.09320175438596492
p_2698,t3_1dpa0j,t1_c9si9a1,t1_c9sjq6e,0.10240963855421686,0.13596491228070176,-0.0335552737264849
p_2699,t3_1dmdji,t1_c9s8tbs,t1_c9rvfop,0.10232558139534884,0.17073170731707318,-0.06840612592172435
p_2702,t3_1djzxv,t1_c9rfg9d,t1_c9r258n,0.15083798882681565,0.18518518518518517,-0.034347196358369525
p_2704,t3_1dj741,t1_c9qwjmm,t1_c9qu7yd,0.1976401179941003,0.22113022113022113,-0.02349010313612082
p_2706,t3_1ditdn,t1_c9r0krj,t1_c9qpsh8,0.14713896457765668,0.14666666666666667,0.00047229791099001606
p_2707,t3_1dilyh,t1_c9qq93z,t1_c9qukp7,0.1111111111111111,0.08609271523178808,0.02501839587932303
p_2711,t3_1dfy2a,t1_c9pz92y,t1_c9pzk15,0.1951219512195122,0.176056338028169,0.0190656131913432
p_2713,t3_1dfnx1,t1_c9pwrti,t1_c9pydqv,0.14689265536723164,0.13333333333333333,0.013559322033898313
p_2714,t3_1deu6m,t1_c9pm9ei,t1_c9pq3i8,0.1893491124260355,0.17391304347826086,0.015436068947774634
p_2715,t3_1ddn6p,t1_c9r192d,t1_c9ptde6,0.12912912912912913,0.1179245283018868,0.01120460082724234
p_2717,t3_1dbeji,t1_c9opv9e,t1_c9oplaa,0.14545454545454545,0.1232876712328767,0.022166874221668742
p_2718,t3_1dahpy,t1_c9oi7rq,t1_c9ohbfe,0.16339869281045752,0.19322033898305085,-0.029821646172593336
p_2720,t3_1daaz2,t1_c9om232,t1_c9oicxr,0.0756578947368421,0.06493506493506493,0.010722829801777176
p_2721,t3_1daa73,t1_c9of3p7,t1_c9of537,0.07142857142857142,0.09195402298850575,-0.02052545155993432
p_2722,t3_1da9km,t1_c9ogr0a,t1_c9oels5,0.12195121951219512,0.1,0.021951219512195114
p_2723,t3_1d93tu,t1_c9o543i,t1_c9o48f1,0.15517241379310345,0.15934065934065933,-0.004168245547555877
p_2724,t3_1d93tu,t1_c9o9bv4,t1_c9o5bzv,0.15902964959568733,0.18095238095238095,-0.02192273135669362
p_2725,t3_1d7g4o,t1_c9noa5m,t1_c9nwpbl,0.21639344262295082,0.20754716981132076,0.008846272811630057
p_2728,t3_1d4oyg,t1_c9mvjvz,t1_c9n2oa9,0.13793103448275862,0.16666666666666666,-0.02873563218390804
p_2729,t3_1d44p3,t1_c9mq0ns,t1_c9mtvks,0.1912751677852349,0.18691588785046728,0.004359279934767618
p_2731,t3_1d44p3,t1_c9mw0w9,t1_c9mpkz3,0.1827956989247312,0.19753086419753085,-0.014735165272799666
p_2732,t3_1d44p3,t1_c9n1elj,t1_c9mtvks,0.19047619047619047,0.18691588785046728,0.003560302625723183
p_2733,t3_1d44p3,t1_c9mu8cn,t1_c9mrjf5,0.19791666666666666,0.21243523316062177,-0.01451856649395511
p_2734,t3_1d44p3,t1_c9msi95,t1_c9mtvks,0.17543859649122806,0.18691588785046728,-0.011477291359239222
p_2738,t3_1d1i55,t1_c9mxv6l,t1_c9lzhfl,0.02112676056338028,0.02040816326530612,0.0007185972980741605
p_2739,t3_1d1i55,t1_c9oegh1,t1_c9lzhfl,0.0,0.02040816326530612,-0.02040816326530612
p_2740,t3_1d0elu,t1_c9lsj8v,t1_c9lp7p0,0.17320261437908496,0.1504424778761062,0.022760136502978756
p_2741,t3_1cymw8,t1_c9l9z8j,t1_c9l7omc,0.12448132780082988,0.1896551724137931,-0.06517384461296322
p_2743,t3_1cyjeb,t1_c9l6moi,t1_c9l7796,0.15985130111524162,0.19661016949152543,-0.03675886837628381
p_2748,t3_1cxteo,t1_c9l5sr6,t1_c9kz9h3,0.12658227848101267,0.16666666666666666,-0.04008438818565399
p_2746,t3_1cxteo,t1_c9l0ptr,t1_c9kztp0,0.10628019323671498,0.1349206349206349,-0.028640441683919937
p_2747,t3_1cxteo,t1_c9kzw1u,t1_c9l5bzb,0.11702127659574468,0.14634146341463414,-0.029320186818889454
p_2749,t3_1cwsse,t1_c9kr52k,t1_c9kr5qt,0.09876543209876543,0.17346938775510204,-0.07470395565633661
p_2750,t3_1cwsse,t1_c9kqato,t1_c9ks4cr,0.1336405529953917,0.1724137931034483,-0.03877324010805658
p_2751,t3_1cwsse,t1_c9kvex6,t1_c9ks4cr,0.11442786069651742,0.1724137931034483,-0.05798593240693087
p_2752,t3_1cvzbx,t1_c9km9nx,t1_c9khsqw,0.14788732394366197,0.1875,-0.03961267605633803
p_2753,t3_1ctkhw,t1_c9juokl,t1_c9jubz0,0.1377245508982036,0.14545454545454545,-0.0077299945563418515
p_2754,t3_1cskpb,t1_c9jkqxa,t1_c9jlje5,0.1417910447761194,0.17525773195876287,-0.03346668718264348
p_2755,t3_1crpmd,t1_c9jdeua,t1_c9jkwqp,0.128,0.16058394160583941,-0.03258394160583941
p_2756,t3_1cq2e6,t1_c9ix0cz,t1_c9ixpvx,0.05517241379310345,0.07894736842105263,-0.02377495462794918
p_2760,t3_1cjeto,t1_c9h2lgb,t1_c9h6sc6,0.12244897959183673,0.11688311688311688,0.0055658627087198514
p_2761,t3_1chlts,t1_c9gmbnn,t1_c9gqj74,0.21505376344086022,0.11025641025641025,0.10479735318444997
p_2762,t3_1cgo5k,t1_c9gcsj9,t1_c9gc5rg,0.15139442231075698,0.19444444444444445,-0.04305002213368747
p_2765,t3_1cfa2w,t1_c9fzmpv,t1_c9g116t,0.15099009900990099,0.135,0.015990099009900977
p_2766,t3_1cdk1m,t1_c9fscps,t1_c9fnhsl,0.20087336244541484,0.18339100346020762,0.017482358985207225
p_2767,t3_1cc9ma,t1_c9f4mbw,t1_c9f4gvx,0.1443850267379679,0.23076923076923078,-0.08638420403126287
p_2770,t3_1cc8uk,t1_c9fbcfp,t1_c9f55x0,0.12403100775193798,0.1396103896103896,-0.015579381858451619
p_2771,t3_1cbyg8,t1_c9f2fbr,t1_c9f2f7z,0.1536231884057971,0.17098445595854922,-0.017361267552752108
p_2772,t3_1cbyg8,t1_c9f37yw,t1_c9f2f7z,0.11697247706422019,0.17098445595854922,-0.05401197889432903
p_2773,t3_1cbyg8,t1_c9f2oxn,t1_c9f2f7z,0.14028776978417265,0.17098445595854922,-0.03069668617437657
p_2774,t3_1c9rnm,t1_c9efq9f,t1_c9enhzn,0.20108695652173914,0.15789473684210525,0.04319221967963388
p_2776,t3_1c9lan,t1_c9eoxbt,t1_c9edlfu,0.15196078431372548,0.16517857142857142,-0.013217787114845947
p_2777,t3_1c8ym3,t1_c9e9zzx,t1_c9e9fk0,0.16447368421052633,0.17829457364341086,-0.013820889432884537
p_2778,t3_1c8ym3,t1_c9e9ga5,t1_c9ea09a,0.14814814814814814,0.11607142857142858,0.032076719576719565
p_2779,t3_1c7z1a,t1_c9dyhme,t1_c9edsm6,0.1015625,0.16449086161879894,-0.06292836161879894
p_2782,t3_1c5ps9,t1_c9da3im,t1_c9dg1q3,0.15846994535519127,0.17045454545454544,-0.011984600099354176
p_2783,t3_1c3mds,t1_c9cpeax,t1_c9cpssy,0.15488215488215487,0.26108374384236455,-0.10620158896020968
p_2784,t3_1c11cx,t1_c9c5trq,t1_c9c6lsq,0.1383399209486166,0.1689497716894977,-0.0306098507408811
p_2785,t3_1byb8b,t1_c9bdajc,t1_c9bdsul,0.17346938775510204,0.16666666666666666,0.006802721088435382
p_2786,t3_1by7rb,t1_c9b8dbb,t1_c9ba21c,0.13705583756345177,0.14814814814814814,-0.011092310584696369
p_2787,t3_1bxkri,t1_c9b3vi9,t1_c9b4eux,0.15454545454545454,0.08888888888888889,0.06565656565656565
p_2789,t3_1bxgut,t1_c9b118k,t1_c9b0bxi,0.20105820105820105,0.21164021164021163,-0.010582010582010581
p_2788,t3_1bxgut,t1_c9b3hgo,t1_c9b7q7o,0.19708029197080293,0.24873096446700507,-0.051650672496202144
p_2790,t3_1bxgut,t1_c9b7tag,t1_c9b7q7o,0.17539267015706805,0.24873096446700507,-0.07333829430993702
p_2791,t3_1bwu2v,t1_c9avcwo,t1_c9auie0,0.03896103896103896,0.010101010101010102,0.028860028860028857
p_2792,t3_1buffw,t1_c9a7bi9,t1_c9a70o8,0.21428571428571427,0.13541666666666666,0.07886904761904762
p_2793,t3_1brihl,t1_c9bfojt,t1_c99k4tp,0.1696969696969697,0.14193548387096774,0.027761485826001964
p_2794,t3_1bp6uw,t1_c98y60i,t1_c994sb5,0.15816326530612246,0.18181818181818182,-0.023654916512059365
p_2795,t3_1bodtx,t1_c98jlb4,t1_c98lik7,0.1686746987951807,0.14772727272727273,0.020947426067907976
p_2796,t3_1bljky,t1_c97sfu3,t1_c97rjrx,0.14427860696517414,0.25102880658436216,-0.10675019961918802
p_2798,t3_1bkpef,t1_c97l3q7,t1_c97m0dm,0.1925925925925926,0.14912280701754385,0.04346978557504874
p_2799,t3_1bkdeq,t1_c97g05g,t1_c97ggko,0.18333333333333332,0.18181818181818182,0.0015151515151514972
p_2803,t3_1bjaaz,t1_c977sxm,t1_c979i5l,0.22121896162528218,0.24305555555555555,-0.021836593930273374
p_2804,t3_1bitj0,t1_c971omg,t1_c978xo7,0.1228813559322034,0.08877284595300261,0.034108509979200785
p_2805,t3_1bggat,t1_c96k0ap,t1_c96jw6l,0.16,0.20149253731343283,-0.04149253731343283
p_2806,t3_1bce8x,t1_c95l5od,t1_c95l7sx,0.10967741935483871,0.2191780821917808,-0.1095006628369421
p_2807,t3_1bcaat,t1_c95jx1p,t1_c95k33e,0.17886178861788618,0.16666666666666666,0.012195121951219523
p_2808,t3_1bc8lk,t1_c95jtsa,t1_c95k5tq,0.04738154613466334,0.06015037593984962,-0.012768829805186281
p_2809,t3_1bc7uw,t1_c95jgdf,t1_c95jk08,0.07865168539325842,0.13333333333333333,-0.05468164794007491
p_2810,t3_1b757j,t1_c947mfz,t1_c947z02,0.12941176470588237,0.1712707182320442,-0.04185895352616184
p_2811,t3_1b5h4r,t1_c93tvyq,t1_c93sauz,0.15877437325905291,0.16956521739130434,-0.010790844132251426
p_2812,t3_1b532g,t1_c93p2p5,t1_c93uzd4,0.14220183486238533,0.17050691244239632,-0.028305077580010995
p_2813,t3_1b4ngo,t1_c93mgx3,t1_c93juyb,0.1906474820143885,0.14163090128755365,0.049016580726834846
p_2815,t3_1ayifp,t1_c91z4wm,t1_c91y4yc,0.22743682310469315,0.21967213114754097,0.007764691957152181
p_2817,t3_1avuk1,t1_c919bkc,t1_c918ch7,0.13805970149253732,0.14705882352941177,-0.008999122036874446
p_2818,t3_1aszfk,t1_c90i0vi,t1_c90i1xg,0.16243654822335024,0.2598870056497175,-0.09745045742636727
p_2819,t3_1assos,t1_c90fnc1,t1_c90rkrt,0.12582781456953643,0.11818181818181818,0.0076459963877182485
p_2820,t3_1assos,t1_c90ewks,t1_c90rkrt,0.15566037735849056,0.11818181818181818,0.03747855917667238
p_2822,t3_1are2i,t1_c902a8w,t1_c901w5o,0.05976095617529881,0.09696969696969697,-0.03720874079439816
p_2823,t3_1are2i,t1_c9063xi,t1_c901w5o,0.11312217194570136,0.09696969696969697,0.01615247497600439
p_2827,t3_1am01f,t1_c8yqvyz,t1_c90q7d9,0.08333333333333333,0.09734513274336283,-0.014011799410029502
p_2830,t3_1ajjfw,t1_c8y1lzd,t1_c8xzdi6,0.14,0.15306122448979592,-0.013061224489795908
p_2831,t3_1ajjfw,t1_c8y2o8t,t1_c8y2jox,0.14285714285714285,0.13953488372093023,0.0033222591362126186
p_2832,t3_1ahaci,t1_c8xhcoi,t1_c8xhwel,0.1223021582733813,0.176056338028169,-0.053754179754787704
p_2833,t3_1ahaci,t1_c8ycdr7,t1_c8y9ehd,0.12149532710280374,0.14068441064638784,-0.019189083543584104
p_2834,t3_1adnuj,t1_c8wgwzb,t1_c8wgx6y,0.15677966101694915,0.17063492063492064,-0.013855259617971488
p_2835,t3_1adnuj,t1_c8wkxho,t1_c8wgx6y,0.13807531380753138,0.17063492063492064,-0.03255960682738926
p_2836,t3_1aah63,t1_c8vkumc,t1_c8w7eb9,0.19262295081967212,0.10795454545454546,0.08466840536512667
p_2837,t3_1a823k,t1_c8uxrzz,t1_c8uxj2q,0.2347417840375587,0.23964497041420119,-0.004903186376642499
p_2838,t3_1a74or,t1_c8yb8lh,t1_c8wi3uo,0.07929515418502203,0.13559322033898305,-0.05629806615396102
p_2841,t3_1a1svv,t1_c8tcnlg,t1_c8tbh45,0.1953125,0.16556291390728478,0.02974958609271522
p_2842,t3_19x40l,t1_c8s3ojs,t1_c8sam0l,0.18292682926829268,0.18666666666666668,-0.0037398373983739963
p_2843,t3_19umvm,t1_c8ri6ek,t1_c8rgbi8,0.125,0.1271186440677966,-0.0021186440677966045
p_2845,t3_19n9ak,t1_c8pkzma,t1_c8polhe,0.14960629921259844,0.14285714285714285,0.006749156355455588
p_2846,t3_19huby,t1_c8ojliw,t1_c8oh7z7,0.1634980988593156,0.19760479041916168,-0.03410669155984608
p_2847,t3_19e3q6,t1_c8n7zld,t1_c8n6yn4,0.1757188498402556,0.21180555555555555,-0.036086705715299955
p_2850,t3_19avin,t1_c8mdkft,t1_c8mqodh,0.15606936416184972,0.18565400843881857,-0.029584644276968858
p_2851,t3_19aahz,t1_c8m9s7p,t1_c8m98ui,0.13414634146341464,0.12048192771084337,0.01366441375257127
p_2853,t3_1960jw,t1_c8te8em,t1_c8lq3vy,0.13687150837988826,0.12831858407079647,0.008552924309091797
p_2854,t3_18nf32,t1_c8gjif8,t1_c8glzi2,0.17307692307692307,0.16352201257861634,0.009554910498306729
p_2855,t3_18n2uc,t1_c8g7yj9,t1_c8g7vdb,0.17796610169491525,0.21621621621621623,-0.038250114521300976
p_2856,t3_18n2uc,t1_c8gjaly,t1_c8hjbxc,0.12299465240641712,0.15853658536585366,-0.03554193295943654
p_2857,t3_18hfbb,t1_c8euhsu,t1_c8f4pon,0.21084337349397592,0.17045454545454544,0.040388828039430474
p_2858,t3_18fnmc,t1_c8ehi0y,t1_c8fbyk9,0.0916030534351145,0.09392265193370165,-0.00231959849858715
p_2859,t3_18fnmc,t1_c8eztwo,t1_c8efsxa,0.08994708994708994,0.08366533864541832,0.00628175130167162
p_2861,t3_18dj9h,t1_c8go2f3,t1_c8du0qd,0.14166666666666666,0.16891891891891891,-0.02725225225225225
p_2862,t3_181jmd,t1_c8b2w35,t1_c8b80s2,0.19672131147540983,0.20484581497797358,-0.008124503502563746
p_2864,t3_353z1x,t1_cr0txe5,t1_cr0sypq,0.11174785100286533,0.08734939759036145,0.02439845341250388
p_2865,t3_35007e,t1_cqzpsh4,t1_cr08now,0.1736111111111111,0.16901408450704225,0.0045970266040688545
p_2868,t3_34uoe6,t1_cqy8iqs,t1_cqydmf0,0.18181818181818182,0.20535714285714285,-0.023538961038961026
p_2869,t3_34uhcs,t1_cqy6f3z,t1_cqy5yg6,0.14150943396226415,0.16363636363636364,-0.022126929674099488
p_2871,t3_34r42c,t1_cqx9tcw,t1_cqxcheq,0.11965811965811966,0.11522633744855967,0.00443178220955999
p_2872,t3_34r42c,t1_cqx9isf,t1_cqxhmy0,0.15384615384615385,0.15481171548117154,-0.000965561635017681
p_2873,t3_34qpil,t1_cqxbpip,t1_cqx6biz,0.22258064516129034,0.1380952380952381,0.08448540706605223
p_2875,t3_34nm86,t1_cqwfwqa,t1_cqwdlqs,0.20454545454545456,0.1575091575091575,0.04703629703629705
p_2876,t3_34mjz7,t1_cqw3q36,t1_cqw297k,0.21991701244813278,0.12886597938144329,0.09105103306668949
p_2877,t3_34mi2s,t1_cqw2pwr,t1_cqw1jmd,0.17258883248730963,0.16145833333333334,0.011130499153976292
p_2880,t3_34f19m,t1_cqumcdt,t1_cqu4xnk,0.08754208754208755,0.10784313725490197,-0.02030104971281442
p_2881,t3_34ew6y,t1_cqu16sw,t1_cqu66qp,0.10545454545454545,0.11678832116788321,-0.011333775713337754
p_2883,t3_34dp1h,t1_cqtp0m2,t1_cqtpbha,0.19385796545105566,0.18740157480314962,0.006456390647906041
p_2885,t3_3458ym,t1_cqrehbr,t1_cqrp6kw,0.176056338028169,0.14285714285714285,0.03319919517102615
p_2886,t3_344wiz,t1_cqras5q,t1_cqre4xb,0.13541666666666666,0.11244979919678715,0.022966867469879512
p_2887,t3_344wiz,t1_cqrc214,t1_cqrdlm0,0.12931034482758622,0.08571428571428572,0.0435960591133005
p_2889,t3_3421jf,t1_cqqjotj,t1_cqqk365,0.1,0.1073170731707317,-0.0073170731707317
p_2890,t3_341ysq,t1_cqqjryw,t1_cqqx1kp,0.15517241379310345,0.08870967741935484,0.06646273637374861
p_2891,t3_341ysq,t1_cqqk0tn,t1_cqqijqw,0.14367816091954022,0.14798206278026907,-0.004303901860728848
p_2892,t3_341rgm,t1_cqr37bi,t1_cqqnhph,0.10747663551401869,0.10526315789473684,0.0022134776192818534
p_2893,t3_341qpv,t1_cqqkadf,t1_cqqj5q6,0.13761467889908258,0.15217391304347827,-0.014559234144395694
p_2896,t3_340hb6,t1_cqq5pcx,t1_cqq45sd,0.16964285714285715,0.2,-0.03035714285714286
p_2897,t3_33yolt,t1_cqq8ib0,t1_cqpnhfk,0.13636363636363635,0.14492753623188406,-0.00856389986824771
p_2898,t3_33y71i,t1_cqpkqw3,t1_cqphhsd,0.1702127659574468,0.21774193548387097,-0.047529169526424164
p_2899,t3_33xvlb,t1_cqpizv2,t1_cqpe1w3,0.1385390428211587,0.1518987341772152,-0.013359691356056497
p_2900,t3_33x4zd,t1_cqq3w8x,t1_cqph109,0.1536050156739812,0.18848167539267016,-0.034876659718688974
p_2901,t3_33vwxp,t1_cqp9clo,t1_cqp3iwt,0.12422360248447205,0.1774193548387097,-0.05319575235423764
p_2902,t3_33vb7v,t1_cqop50f,t1_cqoq78g,0.17117117117117117,0.175,-0.0038288288288288175
p_2903,t3_33vb7v,t1_cqoqk6x,t1_cqoq78g,0.11194029850746269,0.175,-0.0630597014925373
p_2906,t3_33t6ee,t1_cqo6dks,t1_cqocdox,0.15789473684210525,0.12637362637362637,0.031521110468478886
p_2910,t3_33qkee,t1_cqnhkzy,t1_cqnfxbg,0.09195402298850575,0.17532467532467533,-0.08337065233616958
p_2911,t3_33odih,t1_cqmwrzp,t1_cqn43qi,0.16666666666666666,0.1223021582733813,0.04436450839328536
p_2912,t3_33odih,t1_cqmx2gy,t1_cqn43qi,0.14516129032258066,0.1223021582733813,0.022859132049199357
p_2914,t3_33m1d7,t1_cqmao20,t1_cqmqlk3,0.09433962264150944,0.14012738853503184,-0.0457877658935224
p_2915,t3_33ltmy,t1_cqm3qgs,t1_cqm6tlv,0.20802919708029197,0.11312217194570136,0.09490702513459061
p_2916,t3_33ltmy,t1_cqm5fmo,t1_cqmj35v,0.08641975308641975,0.17647058823529413,-0.09005083514887438
p_2917,t3_33ltmy,t1_cqma7wu,t1_cqmj35v,0.2059800664451827,0.17647058823529413,0.029509478209888584
p_2918,t3_33ltmy,t1_cqm52oz,t1_cqmjkd0,0.13815789473684212,0.15853658536585366,-0.020378690629011542
p_2919,t3_33ltmy,t1_cqmees1,t1_cqmlryg,0.15269461077844312,0.19936708860759494,-0.04667247782915182
p_2920,t3_33ltmy,t1_cqmhim7,t1_cqmlryg,0.1644295302013423,0.19936708860759494,-0.03493755840625265
p_2921,t3_33ltmy,t1_cqme4zj,t1_cqmjkd0,0.15845070422535212,0.15853658536585366,-8.588114050153695e-05
p_2922,t3_33ltmy,t1_cqmf5u4,t1_cqm8bcb,0.13333333333333333,0.0963302752293578,0.03700305810397553
p_2923,t3_33ltmy,t1_cqmaxor,t1_cqmj35v,0.1686746987951807,0.17647058823529413,-0.007795889440113418
p_2925,t3_33ltmy,t1_cqmgnjb,t1_cqmjkd0,0.17054263565891473,0.15853658536585366,0.012006050293061066
p_2927,t3_33ky08,t1_cqlv92o,t1_cqm0p5u,0.12318840579710146,0.14383561643835616,-0.0206472106412547
p_2928,t3_33jriw,t1_cqlmafs,t1_cqlrxku,0.07720588235294118,0.17983651226158037,-0.10263062990863919
p_2929,t3_33jriw,t1_cqlrjh2,t1_cqlvlpo,0.10726643598615918,0.1623931623931624,-0.055126726407003224
p_2930,t3_33gagt,t1_cqknwye,t1_cqkneou,0.15425531914893617,0.2328042328042328,-0.07854891365529662
p_2935,t3_33fzqf,t1_cqkkas1,t1_cqkomla,0.10825439783491204,0.14893617021276595,-0.040681772377853906
p_2934,t3_33fzqf,t1_cqkyc6a,t1_cqkomla,0.09672830725462304,0.14893617021276595,-0.052207862958142906
p_2932,t3_33fzqf,t1_cqkmagz,t1_cql6a4m,0.09495548961424333,0.06554878048780488,0.029406709126438446
p_2933,t3_33fzqf,t1_cqksog6,t1_cql5nf4,0.11010558069381599,0.03533026113671275,0.07477531955710323
p_2936,t3_33fvr1,t1_cql32pv,t1_cqkpqqx,0.2127659574468085,0.1646090534979424,0.048156903948866125
p_2937,t3_33f4nn,t1_cqkapdq,t1_cqktzi5,0.10802469135802469,0.152317880794702,-0.0442931894366773
p_2938,t3_33d5wv,t1_cqjs9av,t1_cqjqmmc,0.0962962962962963,0.09917355371900827,-0.0028772574227119707
p_2939,t3_33c9pv,t1_cqjn7rh,t1_cqji5jr,0.1384180790960452,0.10452961672473868,0.03388846237130652
p_2940,t3_33b9np,t1_cqj96fh,t1_cqj9uef,0.14084507042253522,0.13157894736842105,0.009266123054114173
p_2942,t3_337yvz,t1_cqift17,t1_cqigsgq,0.18815331010452963,0.13302752293577982,0.0551257871687498
p_2943,t3_337yvz,t1_cqigbq2,t1_cqigknb,0.20972644376899696,0.19909502262443438,0.010631421144562586
p_2947,t3_335312,t1_cqhqb8z,t1_cqhmvlk,0.0641025641025641,0.13114754098360656,-0.06704497688104247
p_2948,t3_334q3e,t1_cqhpv4a,t1_cqhioox,0.1509433962264151,0.14193548387096774,0.009007912355447345
p_2949,t3_333cqy,t1_cqh6yao,t1_cqh6bst,0.22906793048973143,0.21010638297872342,0.01896154751100801
p_2952,t3_330zv9,t1_cqgjrcd,t1_cqgm5ch,0.13114754098360656,0.20689655172413793,-0.07574901074053136
p_2953,t3_32yo7o,t1_cqghj8r,t1_cqggpsa,0.13274336283185842,0.14736842105263157,-0.014625058220773146
p_2955,t3_32x792,t1_cqfgbx0,t1_cqfhboc,0.0783132530120482,0.09803921568627451,-0.019725962674226313
p_2957,t3_32x5bg,t1_cqffwwh,t1_cqfjbx4,0.22433460076045628,0.20689655172413793,0.017438049036318348
p_2959,t3_32w62j,t1_cqf8h6r,t1_cqf8ttp,0.20118343195266272,0.1317365269461078,0.06944690500655493
p_2960,t3_32tuwr,t1_cqekvu6,t1_cqev05z,0.21296296296296297,0.215311004784689,-0.0023480418217260435
p_2961,t3_32rqew,t1_cqe1or9,t1_cqedg0y,0.2139917695473251,0.17786561264822134,0.036126156899103756
p_2962,t3_32qem9,t1_cqdngsq,t1_cqdmrey,0.17341040462427745,0.22556390977443608,-0.052153505150158624
p_2963,t3_32nvz9,t1_cqd3dgw,t1_cqdlwp9,0.15057915057915058,0.15695067264573992,-0.006371522066589336
p_2964,t3_32mxxb,t1_cqcq0fj,t1_cqcpdn2,0.15457413249211358,0.18475073313782991,-0.03017660064571634
p_2966,t3_32ml8o,t1_cqcp8hx,t1_cqcmdxj,0.13780918727915195,0.1794871794871795,-0.04167799220802754
p_2967,t3_32ml8o,t1_cqcmvme,t1_cqcmdxj,0.145985401459854,0.1794871794871795,-0.033501778027325485
p_2969,t3_32kaxa,t1_cqc1ps3,t1_cqbztib,0.12648221343873517,0.13537117903930132,-0.008888965600566151
p_2970,t3_32jy1s,t1_cqc7xo9,t1_cqc76t8,0.24145299145299146,0.17248908296943233,0.06896390848355913
p_2972,t3_32jy1s,t1_cqc312r,t1_cqc2knn,0.12578616352201258,0.08783783783783784,0.037948325684174736
p_2973,t3_32hrcu,t1_cqbf680,t1_cqc157c,0.140625,0.15577889447236182,-0.015153894472361817
p_2974,t3_32hrcu,t1_cqbuas1,t1_cqberet,0.15544041450777202,0.15527950310559005,0.00016091140218196798
p_2975,t3_32hhvc,t1_cqb981l,t1_cqb97nw,0.11475409836065574,0.1687344913151365,-0.053980392954480746
p_2977,t3_32heuy,t1_cqbcbkl,t1_cqb8b3a,0.09691629955947137,0.109375,-0.01245870044052863
p_2978,t3_32e9dz,t1_cqag1ei,t1_cqaeq9p,0.12254901960784313,0.13963963963963963,-0.017090620031796497
p_2979,t3_32dzr6,t1_cqabzcm,t1_cqavot8,0.16842105263157894,0.16778523489932887,0.0006358177322500769
p_2980,t3_32dzr6,t1_cqabzdy,t1_cqavot8,0.2154696132596685,0.16778523489932887,0.047684378360339646
p_2981,t3_32cuug,t1_cqa2kcg,t1_cqamp4r,0.21409921671018275,0.18214285714285713,0.03195635956732562
p_2985,t3_32br6b,t1_cq9r1xc,t1_cq9xojx,0.18592964824120603,0.2032967032967033,-0.017367055055497266
p_2987,t3_3295fa,t1_cq95v66,t1_cq97eov,0.026717557251908396,0.022988505747126436,0.00372905150478196
p_2989,t3_328mdv,t1_cq8wilr,t1_cq8wllc,0.17475728155339806,0.13333333333333333,0.04142394822006473
p_2990,t3_328mdv,t1_cq90btb,t1_cq8xsei,0.1569767441860465,0.1722689075630252,-0.015292163376978696
p_2991,t3_328mdv,t1_cq924w9,t1_cq8wmf8,0.14222222222222222,0.13692946058091288,0.005292761641309346
p_2992,t3_328mdv,t1_cq962cf,t1_cq909zj,0.14948453608247422,0.13432835820895522,0.015156177873519
p_2993,t3_328cqj,t1_cq8twul,t1_cq8u7k8,0.19213973799126638,0.1724137931034483,0.019725944887818092
p_2994,t3_328cqj,t1_cq8u123,t1_cq8vtom,0.14646464646464646,0.13043478260869565,0.016029863855950816
p_2995,t3_328cqj,t1_cq8urjg,t1_cq8uwgb,0.23166023166023167,0.16,0.07166023166023167
p_2996,t3_325owi,t1_cq85rgn,t1_cq85o61,0.10914454277286136,0.12427745664739884,-0.015132913874537482
p_2997,t3_324yj6,t1_cq7zfq6,t1_cq8dhwu,0.19784172661870503,0.3225806451612903,-0.12473891854258529
p_2998,t3_3247v7,t1_cq81v9f,t1_cq7q1h2,0.1933534743202417,0.17096018735362997,0.02239328696661172
p_2999,t3_3247v7,t1_cq7rkyr,t1_cq7q1h2,0.13212435233160622,0.17096018735362997,-0.03883583502202376
p_3001,t3_321v5o,t1_cq7b3vb,t1_cq75mj1,0.18098159509202455,0.1688888888888889,0.012092706203135656
p_3004,t3_320ncw,t1_cq6vyp0,t1_cq6qa48,0.14426229508196722,0.11203319502074689,0.03222910006122033
p_3005,t3_320ncw,t1_cq6qbjc,t1_cq7attb,0.15444015444015444,0.1634980988593156,-0.009057944419161162
p_3006,t3_320cdd,t1_cq6n5nk,t1_cq6tjhk,0.09740259740259741,0.11799410029498525,-0.020591502892387842
p_3007,t3_320ag4,t1_cq6qvbi,t1_cq73ikh,0.1590909090909091,0.195,-0.03590909090909092
p_3008,t3_31z0jc,t1_cq6cink,t1_cq6dcu3,0.13765182186234817,0.08247422680412371,0.05517759505822446
p_3009,t3_31z0jc,t1_cq6elfk,t1_cq6fijn,0.16262975778546712,0.17252396166134185,-0.009894203875874724
p_3010,t3_31y24o,t1_cq6353c,t1_cq69x2n,0.12446351931330472,0.1414141414141414,-0.016950622100836685
p_3013,t3_31tru7,t1_cq4z6e3,t1_cq4ypy8,0.12162162162162163,0.15859030837004406,-0.036968686748422436
p_3015,t3_31pc9q,t1_cq3qpv3,t1_cq3pcmq,0.2168141592920354,0.1717171717171717,0.04509698757486369
p_3016,t3_31p2g2,t1_cq3sydv,t1_cq3oxs7,0.1609442060085837,0.14741035856573706,0.013533847442846636
p_3017,t3_31p0pl,t1_cq3n1ay,t1_cq3nys0,0.18636363636363637,0.21608040201005024,-0.029716765646413873
p_3020,t3_31oejp,t1_cq3gtyk,t1_cq3t550,0.15517241379310345,0.15789473684210525,-0.0027223230490018013
p_3021,t3_31oejp,t1_cq462r7,t1_cq3zns0,0.15483870967741936,0.18095238095238095,-0.026113671274961586
p_3022,t3_31ocvw,t1_cq3fcas,t1_cq3hias,0.12598425196850394,0.15544041450777202,-0.029456162539268083
p_3024,t3_31n763,t1_cq339uk,t1_cq33n1j,0.15384615384615385,0.19333333333333333,-0.039487179487179475
p_3026,t3_31m7ag,t1_cq2w03g,t1_cq2v22k,0.1724137931034483,0.1792452830188679,-0.006831489915419625
p_3027,t3_31kfkt,t1_cq2ethi,t1_cq38ca1,0.15492957746478872,0.1266233766233766,0.02830620084141211
p_3028,t3_31kfkt,t1_cq2m1cu,t1_cq2q8ub,0.19477434679334918,0.21621621621621623,-0.02144186942286705
p_3029,t3_31kfkt,t1_cq2iwml,t1_cq2xd07,0.10248447204968944,0.10283687943262411,-0.0003524073829346691
p_3031,t3_31j4y8,t1_cq2dy2t,t1_cq2seqm,0.140893470790378,0.17410714285714285,-0.03321367206676484
p_3032,t3_31iyzr,t1_cq20phi,t1_cq241hx,0.20907297830374755,0.0,0.20907297830374755
p_3033,t3_31iyzr,t1_cq2hqkc,t1_cq2ggm1,0.22718052738336714,0.18181818181818182,0.045362345565185314
p_3034,t3_31extq,t1_cq0xwpm,t1_cq0zj18,0.17204301075268819,0.15406976744186046,0.017973243310827725
p_3036,t3_319lcf,t1_cpzoe1h,t1_cpzou3x,0.13846153846153847,0.1510791366906475,-0.012617598229109017
p_3038,t3_317c4q,t1_cpz4dkk,t1_cq08xc2,0.12979351032448377,0.09836065573770492,0.03143285458677886
p_3039,t3_316t8m,t1_cpz81dp,t1_cpz1tm8,0.14418604651162792,0.23333333333333334,-0.08914728682170542
p_3043,t3_30zgez,t1_cpx91x7,t1_cpx8d30,0.1626984126984127,0.1773049645390071,-0.014606551840594395
p_3046,t3_30uf3s,t1_cpvyas0,t1_cpvxc6j,0.17279411764705882,0.09,0.08279411764705882
p_3047,t3_30rmk0,t1_cpv7mht,t1_cpv6fnx,0.18181818181818182,0.12380952380952381,0.05800865800865801
p_3048,t3_30rk8b,t1_cpv5sfc,t1_cpvae5t,0.20238095238095238,0.17256637168141592,0.029814580699536464
p_3051,t3_30plxu,t1_cpumi9h,t1_cpv3rnn,0.15151515151515152,0.1839080459770115,-0.03239289446185997
p_3052,t3_30plxu,t1_cpusr84,t1_cpvc5cu,0.16541353383458646,0.14678899082568808,0.018624543008898375
p_3053,t3_30piom,t1_cpuvrbx,t1_cpuk6e9,0.17647058823529413,0.1870967741935484,-0.010626185958254264
p_3054,t3_30piom,t1_cpukcf7,t1_cpuk6e9,0.14705882352941177,0.1870967741935484,-0.04003795066413662
p_3055,t3_30oi71,t1_cpudcxf,t1_cpuhqza,0.06307129798903108,0.05468025949953661,0.00839103848949447
p_3056,t3_30oi71,t1_cpudthh,t1_cpuin82,0.16733386709367493,0.13344594594594594,0.03388792114772898
p_3057,t3_30oi71,t1_cpufpbf,t1_cpuh9jr,0.10498687664041995,0.08489722966934764,0.02008964697107231
p_3058,t3_30oi71,t1_cpumucv,t1_cpubj6z,0.05968778696051423,0.05488372093023256,0.004804066030281669
p_3059,t3_30nwta,t1_cpu5jus,t1_cpufh76,0.11538461538461539,0.13245033112582782,-0.017065715741212434
p_3060,t3_30lwfn,t1_cptlz3s,t1_cpu097g,0.2033898305084746,0.21487603305785125,-0.011486202549376656
p_3061,t3_30kxn3,t1_cptgjwa,t1_cptkn0r,0.14565826330532214,0.10034602076124567,0.04531224254407647
p_3062,t3_30kxn3,t1_cpud2ds,t1_cpuj9yz,0.2026315789473684,0.12903225806451613,0.07359932088285229
p_3064,t3_30ikr2,t1_cpssgy6,t1_cpstqu7,0.1723076923076923,0.1721311475409836,0.00017654476670869723
p_3066,t3_30ijtn,t1_cpsuz6r,t1_cptjxj0,0.14646464646464646,0.14465408805031446,0.001810558414332003
p_3067,t3_30ijtn,t1_cpsvg1e,t1_cpt2lkh,0.14772727272727273,0.13942307692307693,0.008304195804195807
p_3069,t3_30ieon,t1_cpspikm,t1_cpspmsa,0.19047619047619047,0.17894736842105263,0.011528822055137833
p_3070,t3_30ieon,t1_cpsqhcv,t1_cpsr9x0,0.18269230769230768,0.13333333333333333,0.04935897435897435
p_3071,t3_30ieon,t1_cpsq3bq,t1_cpsptk3,0.17204301075268819,0.17277486910994763,-0.0007318583572594461
p_3072,t3_30ieon,t1_cpssq8c,t1_cpsr9x0,0.27906976744186046,0.13333333333333333,0.14573643410852713
p_3073,t3_30ieh0,t1_cpss8ht,t1_cpsq8hn,0.10625,0.13580246913580246,-0.029552469135802464
p_3074,t3_30dwuy,t1_cprwysn,t1_cprwrn8,0.13498098859315588,0.16195372750642673,-0.026972738913270844
p_3075,t3_30dwuy,t1_cprim4b,t1_cpris3v,0.14925373134328357,0.12452830188679245,0.024725429456491116
p_3076,t3_30dwuy,t1_cps4x4a,t1_cprittq,0.15833333333333333,0.13924050632911392,0.01909282700421941
p_3077,t3_30dn4s,t1_cpri1a1,t1_cprghef,0.1319796954314721,0.19911504424778761,-0.06713534881631553
p_3078,t3_30dc3y,t1_cpreini,t1_cprdlqm,0.1598173515981735,0.1464968152866242,0.013320536311549308
p_3079,t3_30dc3y,t1_cprho0c,t1_cprczq0,0.18716577540106952,0.20125786163522014,-0.01409208623415062
p_3080,t3_30bmbr,t1_cpqwrqy,t1_cpqwt64,0.16463414634146342,0.14482758620689656,0.01980656013456686
p_3081,t3_30bmbr,t1_cpqx53s,t1_cpsdnqv,0.14285714285714285,0.11428571428571428,0.028571428571428567
p_3082,t3_30bmbr,t1_cpr9rhs,t1_cpr0he2,0.18253968253968253,0.14705882352941177,0.03548085901027076
p_3083,t3_30bmbr,t1_cprfcjr,t1_cpr0he2,0.1456953642384106,0.14705882352941177,-0.001363459291001179
p_3084,t3_30bmbr,t1_cpqx6q7,t1_cpr0he2,0.14482758620689656,0.14705882352941177,-0.002231237322515206
p_3085,t3_30bmbr,t1_cpqxz84,t1_cpr0he2,0.12686567164179105,0.14705882352941177,-0.02019315188762072
p_3086,t3_30bmbr,t1_cpqwxxi,t1_cpr0he2,0.09865470852017937,0.14705882352941177,-0.048404115009232404
p_3087,t3_30addl,t1_cpqlm0n,t1_cpqmxt8,0.125,0.12080536912751678,0.004194630872483215
p_3088,t3_30abxj,t1_cpql1jr,t1_cpqkw2q,0.22274881516587677,0.171875,0.05087381516587677
p_3089,t3_30a5zk,t1_cpqjney,t1_cpqkg7f,0.22653721682847897,0.21694915254237288,0.00958806428610609
p_3090,t3_309gc1,t1_cpr1ni1,t1_cpqcrp3,0.10264900662251655,0.1201923076923077,-0.017543301069791142
p_3091,t3_309bvo,t1_cpqqtlm,t1_cpqbaln,0.15447154471544716,0.21296296296296297,-0.0584914182475158
p_3093,t3_306owt,t1_cppof4n,t1_cpq6ae3,0.16271186440677965,0.15555555555555556,0.007156308851224091
p_3094,t3_306o9o,t1_cpq1gb9,t1_cpqt20q,0.16483516483516483,0.16265060240963855,0.002184562425526282
p_3095,t3_306jm9,t1_cppkm2t,t1_cppkw7s,0.1326530612244898,0.16597510373443983,-0.03332204250995002
p_3096,t3_306b19,t1_cppjkxe,t1_cppv03t,0.184,0.19805194805194806,-0.014051948051948066
p_3097,t3_306b19,t1_cppt43v,t1_cppiyoy,0.14465408805031446,0.16939890710382513,-0.02474481905351067
p_3098,t3_305ejo,t1_cppptb8,t1_cppbmsd,0.17195767195767195,0.11904761904761904,0.05291005291005291
p_3099,t3_304vk8,t1_cpp4467,t1_cpp4mqn,0.18248175182481752,0.47560975609756095,-0.29312800427274344
p_3100,t3_304vk8,t1_cpp57rx,t1_cpp6nth,0.20430107526881722,0.23728813559322035,-0.03298706032440313
p_3102,t3_304vk8,t1_cpp5fv2,t1_cppe5uc,0.19196428571428573,0.13592233009708737,0.05604195561719835
p_3104,t3_304nx9,t1_cpp3be4,t1_cppcie7,0.17708333333333334,0.21951219512195122,-0.04242886178861788
p_3105,t3_302atl,t1_cponldu,t1_cpogvf1,0.18289085545722714,0.1761904761904762,0.006700379266750933
p_3106,t3_302atl,t1_cpom4hm,t1_cpoj5rs,0.1782608695652174,0.17435897435897435,0.003901895206243039
p_3107,t3_301n6h,t1_cpolqex,t1_cpoikva,0.18729096989966554,0.1935483870967742,-0.00625741719710865
p_3108,t3_301aim,t1_cpo9ccq,t1_cpoaljq,0.1540880503144654,0.11805555555555555,0.03603249475890985
p_3109,t3_300pmw,t1_cpo5gbr,t1_cpo0aso,0.22023809523809523,0.16602316602316602,0.05421492921492921
p_3110,t3_30059g,t1_cpo18q6,t1_cpo1wjy,0.15699658703071673,0.15656565656565657,0.0004309304650601531
p_3111,t3_30059g,t1_cpo9jne,t1_cppa1ar,0.1340909090909091,0.182648401826484,-0.048557492735574914
p_3113,t3_3002wd,t1_cpnx795,t1_cpo9jc4,0.19008264462809918,0.16875,0.021332644628099168
p_3115,t3_2zxa1c,t1_cpn5f5x,t1_cpn5ksl,0.1799163179916318,0.22522522522522523,-0.04530890723359343
p_3117,t3_2zwjql,t1_cpmyqyw,t1_cpmyrsa,0.19421487603305784,0.18775510204081633,0.006459773992241513
p_3118,t3_2zpo9g,t1_cpl6qj2,t1_cplbwrd,0.11355311355311355,0.1743119266055046,-0.060758813052391045
p_3122,t3_2zpo9g,t1_cpl8ybn,t1_cpl4rwr,0.07960199004975124,0.14423076923076922,-0.06462877918101798
p_3123,t3_2zpo9g,t1_cplrjw9,t1_cpl4rwr,0.14240506329113925,0.14423076923076922,-0.001825705939629968
p_3119,t3_2zpo9g,t1_cpl854i,t1_cpl7tlw,0.1366906474820144,0.1297071129707113,0.006983534511303097
p_3121,t3_2zpo9g,t1_cpl8iis,t1_cplq1xf,0.1527777777777778,0.12779552715654952,0.024982250621228275
p_3124,t3_2zp1g2,t1_cpkyv4o,t1_cpl0p62,0.125,0.18181818181818182,-0.05681818181818182
p_3125,t3_2zow2m,t1_cpl22pp,t1_cpkxsis,0.1601423487544484,0.19148936170212766,-0.03134701294767925
p_3126,t3_2znn1r,t1_cpkp3j2,t1_cpkoqed,0.19424460431654678,0.1794871794871795,0.014757424829367288
p_3127,t3_2zlzlv,t1_cpk8hwi,t1_cpk6a3p,0.1726027397260274,0.18397626112759644,-0.011373521401569026
p_3128,t3_2zlzlv,t1_cpk93ep,t1_cpk6a3p,0.23030303030303031,0.18397626112759644,0.04632676917543388
p_3129,t3_2zkscb,t1_cpjt71i,t1_cpjth0r,0.1510791366906475,0.19205298013245034,-0.040973843441802854
p_3130,t3_2zke3b,t1_cpjq913,t1_cpktfa4,0.12686567164179105,0.18382352941176472,-0.05695785776997367
p_3131,t3_2zj7ra,t1_cpjeo7s,t1_cpjezx4,0.15151515151515152,0.14732142857142858,0.004193722943722944
p_3132,t3_2zivuy,t1_cpjd5bs,t1_cpjkvlu,0.07692307692307693,0.1276595744680851,-0.05073649754500817
p_3135,t3_2ziiud,t1_cpjgxr8,t1_cpjahut,0.18258426966292135,0.1536144578313253,0.028969811831596054
p_3138,t3_2zi3o2,t1_cpj9uww,t1_cpj94l8,0.22019867549668873,0.23684210526315788,-0.016643429766469153
p_3139,t3_2zhhcc,t1_cpixs4l,t1_cpiyfa2,0.1658291457286432,0.15121951219512195,0.014609633533521266
p_3141,t3_2zhhcc,t1_cpj0ejq,t1_cpiyco1,0.0794392523364486,0.1625615763546798,-0.0831223240182312
p_3140,t3_2zhhcc,t1_cpizz9m,t1_cpiyxlc,0.16483516483516483,0.2236842105263158,-0.05884904569115096
p_3143,t3_2zhaim,t1_cpix9ia,t1_cpivskg,0.1568627450980392,0.2320675105485232,-0.07520476545048399
p_3144,t3_2zgvgy,t1_cpissdd,t1_cpirsph,0.18085106382978725,0.20652173913043478,-0.02567067530064754
p_3145,t3_2zgowg,t1_cpiuav4,t1_cpiq1oq,0.20689655172413793,0.1619047619047619,0.044991789819376016
p_3146,t3_2zgndx,t1_cpiqn17,t1_cpj5r70,0.20833333333333334,0.14634146341463414,0.061991869918699205
p_3149,t3_2zgan1,t1_cpiqsg0,t1_cpimxfr,0.1557377049180328,0.10359408033826638,0.052143624579766415
p_3150,t3_2zflih,t1_cpih4fg,t1_cpih5fr,0.1388888888888889,0.09322033898305085,0.045668549905838046
p_3152,t3_2zejsa,t1_cpi6gay,t1_cpi6o6i,0.16666666666666666,0.2077922077922078,-0.04112554112554115
p_3154,t3_2zdsjs,t1_cpidnuu,t1_cphz7yi,0.1308016877637131,0.12962962962962962,0.0011720581340834701
p_3155,t3_2zdsjs,t1_cpiftnl,t1_cpi0g46,0.13752913752913754,0.12813370473537605,0.009395432793761482
p_3156,t3_2zdhff,t1_cphy235,t1_cphw99k,0.13095238095238096,0.11320754716981132,0.017744833782569636
p_3158,t3_2zaqct,t1_cph7lsp,t1_cph6x3y,0.13978494623655913,0.15328467153284672,-0.013499725296287596
p_3160,t3_2z2msj,t1_cpfd4uy,t1_cpf7g2a,0.1394335511982571,0.19929453262786595,-0.059860981429608856
p_3161,t3_2z2e9y,t1_cpf2whk,t1_cpf8cro,0.14285714285714285,0.14556962025316456,-0.0027124773960217063
p_3162,t3_2z1yoq,t1_cpezn48,t1_cpezlhg,0.12448132780082988,0.1271186440677966,-0.002637316266966727
p_3163,t3_2z1yoq,t1_cpf0qg3,t1_cpezlhg,0.1695906432748538,0.1271186440677966,0.04247199920705719
p_3164,t3_2z0k1s,t1_cpeslkw,t1_cpeslxz,0.16463414634146342,0.1651376146788991,-0.0005034683374356697
p_3167,t3_2ywkr1,t1_cpdxs52,t1_cpdmm80,0.18112244897959184,0.07643312101910828,0.10468932796048357
p_3168,t3_2ytkfu,t1_cpcu8rh,t1_cpd1eku,0.14285714285714285,0.11965811965811966,0.023199023199023186
p_3169,t3_2ytkfu,t1_cpctmwq,t1_cpcxopb,0.1111111111111111,0.13157894736842105,-0.02046783625730994
p_3170,t3_2yszp3,t1_cpcsn2z,t1_cpcuf7e,0.08389261744966443,0.0989010989010989,-0.015008481451434463
p_3171,t3_2yrv0y,t1_cpcgnrg,t1_cpced64,0.17370892018779344,0.23118279569892472,-0.057473875511131284
p_3172,t3_2yrv0y,t1_cpcjpjf,t1_cpced64,0.22185430463576158,0.23118279569892472,-0.009328491063163136
p_3174,t3_2yrv0y,t1_cpclzng,t1_cpced64,0.1888111888111888,0.23118279569892472,-0.04237160688773592
p_3173,t3_2yrv0y,t1_cpcjvrd,t1_cpcgmdh,0.2,0.1277533039647577,0.07224669603524231
p_3175,t3_2yrog1,t1_cpcgl5a,t1_cpch611,0.1552511415525114,0.075,0.08025114155251141
p_3177,t3_2yrgi3,t1_cpcaxrs,t1_cpcbda3,0.1246684350132626,0.21179039301310043,-0.08712195799983784
p_3178,t3_2yp08w,t1_cpblyoq,t1_cpbm3vx,0.1329479768786127,0.15979381443298968,-0.026845837554376972
p_3179,t3_2yowak,t1_cpbktny,t1_cpbk5kw,0.18867924528301888,0.12213740458015267,0.06654184070286621
p_3181,t3_2yo9nm,t1_cpbgpkf,t1_cpbjpt4,0.17333333333333334,0.2204724409448819,-0.04713910761154855
p_3182,t3_2yo9k1,t1_cpbhs8l,t1_cpberxa,0.18950437317784258,0.208955223880597,-0.01945085070275443
p_3184,t3_2ymgjr,t1_cpax7jo,t1_cpax3xp,0.16071428571428573,0.13211845102505695,0.028595834689228772
p_3186,t3_2ylpc2,t1_cparq20,t1_cpbnfyg,0.18446601941747573,0.18333333333333332,0.0011326860841424091
p_3187,t3_2ylpc2,t1_cpb3atq,t1_cpb6ctl,0.15454545454545454,0.18,-0.025454545454545452
p_3188,t3_2ylpc2,t1_cpbibr5,t1_cpas8xx,0.16666666666666666,0.1893491124260355,-0.02268244575936884
p_3190,t3_2yjfmh,t1_cpa36dq,t1_cpa3an8,0.135,0.13675213675213677,-0.001752136752136757
p_3191,t3_2yiq39,t1_cpa9xce,t1_cpa631o,0.15463917525773196,0.1497005988023952,0.004938576455336768
p_3192,t3_2yf7qq,t1_cp99lvc,t1_cp93f2r,0.1351931330472103,0.21428571428571427,-0.07909258123850396
p_3193,t3_2yd5o8,t1_cp8vpwz,t1_cp958ck,0.15778251599147122,0.203125,-0.04534248400852878
p_3195,t3_2ybbix,t1_cp82nwy,t1_cp82f52,0.23711340206185566,0.16666666666666666,0.070446735395189
p_3197,t3_2y7emy,t1_cp7dtp8,t1_cp6zfsl,0.11650485436893204,0.15053763440860216,-0.03403278003967011
p_3198,t3_2y3ey0,t1_cp602x0,t1_cp5xnrf,0.20918367346938777,0.19480519480519481,0.01437847866419295
p_3200,t3_2y2x3h,t1_cp7ahf4,t1_cp5u0ky,0.11904761904761904,0.24795640326975477,-0.12890878422213572
p_3202,t3_2y1qef,t1_cp5gz36,t1_cp5f7p9,0.17263843648208468,0.13099041533546327,0.04164802114662142
p_3203,t3_2y1qef,t1_cp5grqp,t1_cp5h19u,0.16733067729083664,0.1799163179916318,-0.012585640700795153
p_3206,t3_2xucsd,t1_cp3kg1w,t1_cp40o0d,0.17370892018779344,0.11702127659574468,0.05668764359204875
p_3209,t3_2xrgw2,t1_cp37nug,t1_cp2vkvv,0.16371681415929204,0.17985611510791366,-0.01613930094862162
p_3210,t3_2xrgw2,t1_cp37f33,t1_cp2xn1u,0.15765765765765766,0.17338709677419356,-0.015729439116535904
p_3213,t3_2xmiyf,t1_cp1j8w5,t1_cp1iumq,0.18146718146718147,0.1506276150627615,0.030839566404419955
p_3214,t3_2xmiyf,t1_cp1jnin,t1_cp1g0ku,0.11707317073170732,0.21120689655172414,-0.09413372582001682
p_3215,t3_2xlisq,t1_cp1abkg,t1_cp1754z,0.16296296296296298,0.2185792349726776,-0.05561627200971461
p_3216,t3_2xl4rw,t1_cp15lwr,t1_cp11sf7,0.10989010989010989,0.12612612612612611,-0.016236016236016226
p_3218,t3_2xi4wd,t1_cp0ef5z,t1_cp0slmn,0.18220338983050846,0.14634146341463414,0.03586192641587432
p_3219,t3_2xi4wd,t1_cp0fl3c,t1_cp0bc52,0.2311111111111111,0.20689655172413793,0.024214559386973172
p_3220,t3_2xi4wd,t1_cp0t5wj,t1_cp0kyaf,0.13425925925925927,0.24691358024691357,-0.1126543209876543
p_3222,t3_2xhx6v,t1_cp0bt5j,t1_cp08ljs,0.14285714285714285,0.22377622377622378,-0.08091908091908093
p_3224,t3_2xdq2l,t1_coz8sbl,t1_coz76r3,0.16932907348242812,0.09540636042402827,0.07392271305839986
p_3230,t3_2x8z4g,t1_coxy4hg,t1_coxyxff,0.19791666666666666,0.18435754189944134,0.013559124767225317
p_3231,t3_2x8z4g,t1_coy04h5,t1_coy2j1k,0.1650485436893204,0.2248062015503876,-0.05975765786106721
p_3232,t3_2x8d5x,t1_coxvk7s,t1_coxt9pp,0.11585365853658537,0.22522522522522523,-0.10937156668863986
p_3233,t3_2x854p,t1_coxwtm2,t1_coy1knj,0.14596949891067537,0.21254355400696864,-0.06657405509629327
p_3234,t3_2x854p,t1_coxtndh,t1_coy1knj,0.1238390092879257,0.21254355400696864,-0.08870454471904295
p_3235,t3_2x5tun,t1_coxelmy,t1_coxhqfc,0.1971153846153846,0.47368421052631576,-0.2765688259109311
p_3241,t3_2x3mqe,t1_cown511,t1_cox3bqe,0.17647058823529413,0.16541353383458646,0.011057054400707672
p_3244,t3_2wzag2,t1_covh1ws,t1_covh7lg,0.1939655172413793,0.13471502590673576,0.05925049133464355
p_3245,t3_2wwm6s,t1_cousnad,t1_couzrzu,0.1220472440944882,0.11688311688311688,0.005164127211371314
p_3246,t3_2wwm6s,t1_cov25ri,t1_couwhek,0.09642857142857143,0.13690476190476192,-0.040476190476190485
p_3247,t3_2wwm6s,t1_covr47l,t1_covi6v6,0.08149779735682819,0.08008658008658008,0.001411217270248108
p_3248,t3_2ww2gf,t1_coumecu,t1_coupssh,0.17543859649122806,0.19850187265917604,-0.023063276167947983
p_3249,t3_2ww2gf,t1_coumzr3,t1_coun5bz,0.14832535885167464,0.1751412429378531,-0.026815884086178465
p_3250,t3_2ww2gf,t1_coupfz0,t1_counjd7,0.18487394957983194,0.13756613756613756,0.047307812013694384
p_3252,t3_2wtckq,t1_cotyhdv,t1_cotxl7k,0.17682926829268292,0.21052631578947367,-0.033697047496790755
p_3253,t3_2wtckq,t1_coty9wt,t1_cotxl7k,0.155,0.21052631578947367,-0.055526315789473674
p_3251,t3_2wtckq,t1_coty7wj,t1_cotxl7k,0.1411764705882353,0.21052631578947367,-0.06934984520123838
p_3256,t3_2wspy2,t1_cots6nh,t1_cotul63,0.1834862385321101,0.11158798283261803,0.07189825569949207
p_3257,t3_2wspy2,t1_cotrm84,t1_cou6ocd,0.14942528735632185,0.11274509803921569,0.03668018931710616
p_3258,t3_2wspy2,t1_cotslxs,t1_cotul63,0.13664596273291926,0.11158798283261803,0.02505797990030123
p_3259,t3_2wspy2,t1_cou8if8,t1_cottxbc,0.15384615384615385,0.12601626016260162,0.027829893683552237
p_3262,t3_2wl741,t1_cos0ngi,t1_corvz2b,0.09734513274336283,0.11333333333333333,-0.015988200589970497
p_3263,t3_2wj2qe,t1_corgf7j,t1_corcu44,0.1126005361930295,0.17886178861788618,-0.06626125242485668
p_3265,t3_2wgq7w,t1_coqolb4,t1_coqta6c,0.13937282229965156,0.09880239520958084,0.04057042709007072
p_3266,t3_2wfe25,t1_coqawpy,t1_coqc7s9,0.14840989399293286,0.14285714285714285,0.005552751135790013
p_3267,t3_2wf11t,t1_coq7vrq,t1_coq82am,0.1417910447761194,0.15555555555555556,-0.013764510779436162
p_3268,t3_2wf11t,t1_corlylz,t1_coq82am,0.10273972602739725,0.15555555555555556,-0.0528158295281583
p_3270,t3_2wcx6l,t1_copog5z,t1_copo9fg,0.12158054711246201,0.12349397590361445,-0.001913428791152444
p_3271,t3_2wcx6l,t1_copowc4,t1_copoa4v,0.1806930693069307,0.2050561797752809,-0.024363110468350213
p_3272,t3_2wcx6l,t1_copq0ro,t1_copo9fg,0.2112676056338028,0.12349397590361445,0.08777362973018836
p_3273,t3_2wc5yt,t1_copid03,t1_copia1s,0.17012448132780084,0.13714285714285715,0.032981624184943686
p_3274,t3_2wb845,t1_copm7s7,t1_copoz9h,0.124,0.1811320754716981,-0.0571320754716981
p_3275,t3_2w73vi,t1_coo9czm,t1_coo5eto,0.11336032388663968,0.13815789473684212,-0.02479757085020244
p_3276,t3_2w5ycw,t1_conwntb,t1_coo1wjv,0.16738197424892703,0.13836477987421383,0.0290171943747132
p_3279,t3_2w51ti,t1_conqpc0,t1_conu1n5,0.18596491228070175,0.20081967213114754,-0.014854759850445792
p_3282,t3_2w4u2j,t1_conpvd6,t1_coo2owl,0.13138686131386862,0.17054263565891473,-0.03915577434504611
p_3283,t3_2w4etw,t1_conlvbr,t1_conk598,0.132,0.16428571428571428,-0.03228571428571428
p_3284,t3_2w4e2u,t1_conpgz6,t1_conybza,0.13981042654028436,0.22007722007722008,-0.08026679353693572
p_3285,t3_2w0xan,t1_comot8c,t1_comm43e,0.12598425196850394,0.18787878787878787,-0.06189453591028393
p_3287,t3_2vzx7m,t1_comdev9,t1_comd7eb,0.2478386167146974,0.18947368421052632,0.058364932504171074
p_3288,t3_2vxtol,t1_colviyq,t1_com0vy0,0.16080402010050251,0.1615720524017467,-0.0007680323012441981
p_3289,t3_2vxd18,t1_com8usv,t1_colq917,0.16923076923076924,0.14450867052023122,0.024722098710538015
p_3290,t3_2vxd18,t1_colwsdb,t1_colrkuv,0.1518987341772152,0.20618556701030927,-0.05428683283309407
p_3291,t3_2vwn9m,t1_colkgfu,t1_coljf0b,0.15384615384615385,0.16037735849056603,-0.006531204644412175
p_3295,t3_2vtswv,t1_cokxnxq,t1_cokvvwj,0.14093959731543623,0.08333333333333333,0.057606263982102904
p_3299,t3_2vnyz6,t1_cojodl0,t1_cojlnsv,0.21022727272727273,0.21311475409836064,-0.0028874813710879077
p_3300,t3_2vmfvq,t1_coj80q1,t1_coj81nh,0.08653846153846154,0.18604651162790697,-0.09950805008944544
p_3301,t3_2vks7u,t1_coilce0,t1_coijwtu,0.11029411764705882,0.11666666666666667,-0.006372549019607848
p_3303,t3_2vks7u,t1_coitx3o,t1_coin5gm,0.14661654135338345,0.1791044776119403,-0.03248793625855684
p_3304,t3_2vks7u,t1_cojb022,t1_coiskjc,0.19607843137254902,0.16666666666666666,0.02941176470588236
p_3305,t3_2vhhar,t1_cohoh2a,t1_cohtbiq,0.14953271028037382,0.18032786885245902,-0.0307951585720852
p_3307,t3_2vhgab,t1_cohtk17,t1_cohodzj,0.1510204081632653,0.10267857142857142,0.04834183673469389
p_3308,t3_2vgfjl,t1_cohjcql,t1_cohe4zu,0.11299435028248588,0.1657142857142857,-0.05271993543179983
p_3309,t3_2vfdjb,t1_coh87xk,t1_coihv1q,0.11671087533156499,0.15675675675675677,-0.040045881425191776
p_3310,t3_2vcz0j,t1_cogkf1c,t1_cogkxsx,0.16267942583732056,0.18620689655172415,-0.023527470714403587
p_3311,t3_2vc9nj,t1_cogd61z,t1_cogex21,0.15789473684210525,0.13983050847457626,0.018064228367528995
p_3312,t3_2vb7n1,t1_cog7zan,t1_cojqi77,0.12777777777777777,0.10828025477707007,0.0194975230007077
p_3313,t3_2vayhb,t1_cog0004,t1_cog18c4,0.17010309278350516,0.16176470588235295,0.008338386901152212
p_3317,t3_2v54ba,t1_coeixh4,t1_coemcyd,0.165,0.17695473251028807,-0.011954732510288058
p_3320,t3_2v54ba,t1_coeiwgf,t1_coeno30,0.14705882352941177,0.16176470588235295,-0.01470588235294118
p_3321,t3_2v4vs4,t1_coeisbz,t1_coenx4c,0.13131313131313133,0.16455696202531644,-0.03324383071218512
p_3322,t3_2v3dbt,t1_coeuya9,t1_coe54na,0.1948529411764706,0.2676056338028169,-0.07275269262634629
p_3323,t3_2v3b2v,t1_coe2hj4,t1_coe3kad,0.12666666666666668,0.1686046511627907,-0.041937984496124014
p_3324,t3_2v3b2v,t1_coe3dx6,t1_coe41ib,0.12698412698412698,0.1746031746031746,-0.047619047619047616
p_3326,t3_2uzgtq,t1_coda73s,t1_codi9w9,0.11602209944751381,0.12,-0.003977900552486188
p_3327,t3_2uyf2j,t1_cocy4sv,t1_cocts31,0.1477832512315271,0.13559322033898305,0.012190030892544057
p_3328,t3_2uyc2l,t1_codgr1k,t1_cod6jiu,0.19664634146341464,0.17825311942959002,0.018393222033824624
p_3330,t3_2uudze,t1_cobt14z,t1_cobzyv2,0.14014251781472684,0.22021660649819494,-0.0800740886834681
p_3331,t3_2utwnf,t1_cobnk6q,t1_cobujy3,0.10328638497652583,0.1452991452991453,-0.04201276032261948
p_3335,t3_2uocbs,t1_coa6e3k,t1_coa6g1k,0.1638655462184874,0.13440860215053763,0.02945694406794977
p_3339,t3_2unn7n,t1_coa4d4b,t1_co9zgj7,0.11176470588235295,0.06369426751592357,0.04807043836642938
p_3341,t3_2unkg9,t1_co9z0gg,t1_coa3lkt,0.09669811320754718,0.12742980561555076,-0.03073169240800358
p_3342,t3_2unkg9,t1_coadcvv,t1_coaqczi,0.1328976034858388,0.12296983758700696,0.009927765898831833
p_3343,t3_2unhtm,t1_coaivyc,t1_coajh6t,0.20207253886010362,0.18309859154929578,0.018973947310807843
p_3344,t3_2umw9b,t1_co9t3iu,t1_co9sw89,0.16923076923076924,0.17117117117117117,-0.0019404019404019313
p_3345,t3_2umw9b,t1_coa4zj9,t1_co9sudq,0.08333333333333333,0.1827956989247312,-0.09946236559139786
p_3346,t3_2ul1df,t1_co9kcnl,t1_co9c0rj,0.1513157894736842,0.1897810218978102,-0.038465232424126
p_3347,t3_2uk6fx,t1_co94y3l,t1_co9o182,0.15544041450777202,0.10119047619047619,0.054249938317295826
p_3348,t3_2uk6fx,t1_co9423q,t1_co98hm4,0.18248175182481752,0.16875,0.013731751824817506
p_3349,t3_2ujo2u,t1_co9an3h,t1_co98y0r,0.140625,0.13414634146341464,0.006478658536585358
p_3352,t3_2uj4yv,t1_co9ncgk,t1_co8y43y,0.11597374179431072,0.1116751269035533,0.004298614890757418
p_3353,t3_2uiin1,t1_co8sei3,t1_co8ond6,0.176056338028169,0.19402985074626866,-0.01797351271809966
p_3354,t3_2uid44,t1_co8o0es,t1_co8s8kd,0.15483870967741936,0.11764705882352941,0.03719165085388995
p_3358,t3_2ug2wi,t1_co82vuw,t1_co834w1,0.14516129032258066,0.128,0.017161290322580652
p_3360,t3_2ucr50,t1_co7790p,t1_co77bgv,0.16489361702127658,0.16326530612244897,0.0016283108988276174
p_3362,t3_2ubt5m,t1_co75rce,t1_co70e85,0.13253012048192772,0.12643678160919541,0.006093338872732307
p_3363,t3_2ubl1z,t1_co6xfgb,t1_co70me4,0.19230769230769232,0.1595744680851064,0.03273322422258593
p_3364,t3_2ubbe0,t1_co73l5g,t1_co6tosu,0.22085889570552147,0.11965811965811966,0.10120077604740181
p_3367,t3_2u8qcj,t1_co67jc2,t1_co670vd,0.14150943396226415,0.19130434782608696,-0.049794913863822815
p_3368,t3_2u8hi5,t1_co65nrh,t1_co69ood,0.14479638009049775,0.14929577464788732,-0.004499394557389569
p_3369,t3_2u7z7v,t1_co5yytr,t1_co63mr3,0.12552301255230125,0.12903225806451613,-0.003509245512214876
p_3371,t3_2u7i4q,t1_co62evd,t1_co5xcqu,0.14516129032258066,0.18112244897959184,-0.03596115865701119
p_3374,t3_2u460b,t1_co4yacj,t1_co5wbvc,0.22110552763819097,0.18229166666666666,0.03881386097152431
p_3376,t3_2u2fpm,t1_co4ivor,t1_co4n7du,0.1368421052631579,0.0891089108910891,0.0477331943720688
p_3377,t3_2u2fpm,t1_co4qgkz,t1_co4iks0,0.13333333333333333,0.13286713286713286,0.00046620046620046707
p_3378,t3_2u1s4k,t1_co4efyx,t1_co5t3kb,0.0707070707070707,0.09734513274336283,-0.026638062036292126
p_3379,t3_2tz5od,t1_co3mhs2,t1_co3mqwu,0.13596491228070176,0.14798206278026907,-0.012017150499567308
p_3381,t3_2txwe7,t1_co3hzuu,t1_co3b93t,0.12149532710280374,0.24806201550387597,-0.1265666884010722
p_3384,t3_2tquws,t1_co1i3vy,t1_co1iyez,0.16942148760330578,0.13839285714285715,0.031028630460448625
p_3385,t3_2tpl0x,t1_co1i4k5,t1_co16br0,0.203125,0.18256130790190736,0.02056369209809264
p_3387,t3_2tn8qu,t1_co0jf5s,t1_co11da9,0.1804949053857351,0.17179902755267423,0.008695877833060861
p_3389,t3_2tlyzs,t1_co0mpip,t1_co0gu67,0.12761020881670534,0.15521064301552107,-0.02760043419881572
p_3388,t3_2tlyzs,t1_co15kpv,t1_co0httm,0.2356828193832599,0.1421188630490956,0.09356395633416431
p_3390,t3_2tj4pv,t1_cnzy3ou,t1_cnzjggb,0.1956521739130435,0.08374384236453201,0.11190833154851147
p_3391,t3_2tiipu,t1_cnzc4fs,t1_cnzca9l,0.16289592760180996,0.20408163265306123,-0.04118570505125127
p_3392,t3_2tf0y4,t1_cnz5c7v,t1_cnz2826,0.1323529411764706,0.14396887159533073,-0.011615930418860138
p_3393,t3_2teulf,t1_cnyf7vq,t1_cnyyfu0,0.19063545150501673,0.0966183574879227,0.09401709401709403
p_3394,t3_2tet25,t1_cnye2j4,t1_cnydh7a,0.1826625386996904,0.19672131147540983,-0.01405877277571943
p_3395,t3_2tet25,t1_cnyfwsr,t1_cnygkjb,0.17231638418079095,0.22774869109947643,-0.055432306918685476
p_3397,t3_2tekkp,t1_cnyd3k9,t1_cnzrdgm,0.18699186991869918,0.18141592920353983,0.00557594071515935
p_3398,t3_2td8d4,t1_cny8efd,t1_cny3yi2,0.11267605633802817,0.1388888888888889,-0.026212832550860724
p_3399,t3_2tct9j,t1_cny4adc,t1_cnxvd59,0.1784037558685446,0.1862348178137652,-0.007831061945220597
p_3400,t3_2tct9j,t1_cny4b3k,t1_cnxvd59,0.1509433962264151,0.1862348178137652,-0.0352914215873501
p_3402,t3_2t6ote,t1_cnw8hwh,t1_cnwnwz0,0.15857605177993528,0.16761363636363635,-0.009037584583701075
p_3403,t3_2t6ote,t1_cnwehlh,t1_cnw9vyp,0.17543859649122806,0.16176470588235295,0.013673890608875111
p_3404,t3_2t5d0k,t1_cnw2fgz,t1_cnw6d8q,0.1926829268292683,0.13333333333333333,0.059349593495934966
p_3405,t3_2t5d0k,t1_cnw7mj4,t1_cnw9ce5,0.10557184750733138,0.09404388714733543,0.011527960359995953
p_3406,t3_2t26nx,t1_cnv8j11,t1_cnvag08,0.24369747899159663,0.21052631578947367,0.03317116320212296
p_3407,t3_2sy7r5,t1_cnu0c1p,t1_cnubeuy,0.09923664122137404,0.12254901960784313,-0.023312378386469088
p_3409,t3_2su8e2,t1_cnsz4kn,t1_cnsx5ru,0.1475826972010178,0.19946808510638298,-0.05188538790536518
p_3411,t3_2su8e2,t1_cnt1y8t,t1_cntdr6s,0.17616580310880828,0.14705882352941177,0.029106979579396508
p_3412,t3_2su8e2,t1_cnt845z,t1_cnt8tg7,0.17519685039370078,0.19873150105708245,-0.023534650663381673
p_3413,t3_2su8e2,t1_cnsxgsn,t1_cntprhw,0.16279069767441862,0.1266490765171504,0.03614162115726821
p_3414,t3_2su8e2,t1_cnsxse0,t1_cnsz1rt,0.21428571428571427,0.1485148514851485,0.06577086280056577
p_3415,t3_2su8e2,t1_cnunryh,t1_cnsyy4i,0.1425233644859813,0.15196078431372548,-0.009437419827744181
p_3416,t3_2su8e2,t1_cnt3umh,t1_cnsyin0,0.12903225806451613,0.10057471264367816,0.028457545420837962
p_3417,t3_2su8e2,t1_cnte5ku,t1_cnt3fdn,0.13881748071979436,0.11780104712041885,0.02101643359937551
p_3419,t3_2su8e2,t1_cntbdmc,t1_cnsyin0,0.1256544502617801,0.10057471264367816,0.025079737618101935
p_3421,t3_2su8e2,t1_cnt9axw,t1_cnt2iz3,0.18949771689497716,0.08547008547008547,0.10402763142489169
p_3422,t3_2su8e2,t1_cnt85u7,t1_cntf8xd,0.11868686868686869,0.1362397820163488,-0.0175529133294801
p_3423,t3_2su8e2,t1_cntdvgn,t1_cnsyin0,0.1266490765171504,0.10057471264367816,0.026074363873472242
p_3424,t3_2su8e2,t1_cnt1ycn,t1_cnt2h0f,0.1529126213592233,0.1687344913151365,-0.015821869955913198
p_3425,t3_2su8e2,t1_cnt4b86,t1_cnsyin0,0.10571428571428572,0.10057471264367816,0.005139573070607556
p_3426,t3_2su6pz,t1_cnsuxnr,t1_cntesru,0.176,0.125,0.05099999999999999
p_3427,t3_2su6pz,t1_cnsv16y,t1_cnt8h1t,0.12244897959183673,0.14871794871794872,-0.026268969126111985
p_3428,t3_2stah2,t1_cnsnfp3,t1_cnso055,0.19889502762430938,0.193717277486911,0.005177750137398379
p_3429,t3_2sqh6c,t1_cnsh391,t1_cns23nc,0.14007782101167315,0.13673469387755102,0.0033431271341221314
p_3432,t3_2sjck6,t1_cnq11eh,t1_cnq7kou,0.22346368715083798,0.18769230769230769,0.03577137945853029
p_3433,t3_2siye9,t1_cnpvesh,t1_cnpw7ts,0.15671641791044777,0.14606741573033707,0.010649002180110695
p_3435,t3_2sf2we,t1_cnp48f2,t1_cnp29jv,0.15286624203821655,0.15086206896551724,0.0020041730726993168
p_3437,t3_2sbnxo,t1_cno05ek,t1_cnnz3ot,0.1534090909090909,0.1721311475409836,-0.018722056631892692
p_3438,t3_2sagug,t1_cnnmwvw,t1_cno8oxd,0.15748031496062992,0.1889763779527559,-0.031496062992125984
p_3439,t3_2s8qu4,t1_cnn8scl,t1_cnn8yko,0.14015151515151514,0.14009661835748793,5.489679402720382e-05
p_3441,t3_2s3ey4,t1_cnlta5w,t1_cnn50va,0.20353982300884957,0.11320754716981132,0.09033227583903825
p_3442,t3_2s38n0,t1_cnltsuz,t1_cnm8elm,0.15767634854771784,0.10628019323671498,0.05139615531100286
p_3443,t3_2s311o,t1_cnlr4r5,t1_cnlpavt,0.14553990610328638,0.1377245508982036,0.00781535520508278
p_3445,t3_2s0mca,t1_cnlmsyb,t1_cnl4rwb,0.1582089552238806,0.17613636363636365,-0.017927408412483054
p_3446,t3_2s04yv,t1_cnl68x9,t1_cnldfng,0.16205533596837945,0.19553072625698323,-0.033475390288603774
p_3447,t3_2ryflh,t1_cnknvgl,t1_cnknbq4,0.1875,0.15028901734104047,0.03721098265895953
p_3449,t3_2rtxcw,t1_cnjo1jr,t1_cnj9t8c,0.125,0.10795454545454546,0.017045454545454544
p_3450,t3_2rtxcw,t1_cnjlno1,t1_cnj9t8c,0.08843537414965986,0.10795454545454546,-0.01951917130488559
p_3451,t3_2rspje,t1_cnizgmn,t1_cnj8tea,0.10087719298245613,0.18421052631578946,-0.08333333333333333
p_3452,t3_2rsgv3,t1_cniw4jr,t1_cniu655,0.0995850622406639,0.1092436974789916,-0.009658635238327704
p_3454,t3_2rs57a,t1_cnjiwww,t1_cnjrwds,0.17365269461077845,0.12244897959183673,0.05120371501894172
p_3455,t3_2rqvf8,t1_cnii75i,t1_cnijhp3,0.11267605633802817,0.10967741935483871,0.0029986369831894594
p_3457,t3_3j8yfq,t1_cundk5r,t1_cunbl8g,0.2535612535612536,0.16515837104072398,0.08840288252052961
p_3458,t3_3j8yfq,t1_cunbkbz,t1_cuncrke,0.12073490813648294,0.18912529550827423,-0.06839038737179129
p_3461,t3_3j5b7g,t1_cumhf65,t1_cumi9vr,0.17680608365019013,0.13814432989690723,0.0386617537532829
p_3462,t3_3j4xz5,t1_cumcunp,t1_cun4urq,0.13392857142857142,0.16942148760330578,-0.03549291617473435
p_3463,t3_3j4xz5,t1_cumbp9z,t1_cun012v,0.14492753623188406,0.12844036697247707,0.016487169259406992
p_3465,t3_3j348p,t1_culv71v,t1_cum06j5,0.09251101321585903,0.17985611510791366,-0.08734510189205463
p_3466,t3_3j2zal,t1_cult31h,t1_culspcu,0.1793478260869565,0.1875,-0.008152173913043487
p_3469,t3_3izsdq,t1_culv1a1,t1_cul3ok3,0.17333333333333334,0.12727272727272726,0.04606060606060608
p_3472,t3_3iz617,t1_cul2p8q,t1_culbyou,0.14285714285714285,0.21359223300970873,-0.07073509015256588
p_3473,t3_3iynfo,t1_culekhe,t1_cul3cub,0.09013605442176871,0.1411764705882353,-0.05104041616646658
p_3474,t3_3iymmk,t1_cukv841,t1_cukv8bl,0.14189189189189189,0.21016166281755197,-0.06826977092566008
p_3475,t3_3iymd6,t1_cukus68,t1_cuktt0z,0.19480519480519481,0.15879828326180256,0.03600691154339225
p_3476,t3_3iymd6,t1_cukvhtm,t1_cuktt0z,0.21305841924398625,0.15879828326180256,0.05426013598218368
p_3479,t3_3ixtu4,t1_cukm93p,t1_cuklqh9,0.11894273127753303,0.15675675675675677,-0.03781402547922373
p_3480,t3_3ixtu4,t1_cukmf21,t1_cukm0pr,0.11462450592885376,0.1484375,-0.03381299407114624
p_3483,t3_3isviu,t1_cujohec,t1_cujcyeh,0.11788617886178862,0.09606986899563319,0.02181630986615543
p_3484,t3_3isviu,t1_cujddsn,t1_cujfb9o,0.1280193236714976,0.16463414634146342,-0.036614822669965824
p_3485,t3_3irqrk,t1_cuk3web,t1_cuje0x7,0.16878980891719744,0.12173913043478261,0.04705067848241483
p_3486,t3_3irqrk,t1_cujfvvz,t1_cujmo9h,0.13105413105413105,0.1005586592178771,0.03049547183625395
p_3487,t3_3irh3k,t1_cuj0bdo,t1_cuizlek,0.26406926406926406,0.22807017543859648,0.035999088630667586
p_3488,t3_3iqu4d,t1_cuj1ozx,t1_cuiwucd,0.20634920634920634,0.15942028985507245,0.04692891649413389
p_3489,t3_3iqty5,t1_cuj86a7,t1_cuj36j4,0.16778523489932887,0.10486891385767791,0.06291632104165096
p_3490,t3_3iq6j0,t1_cuiy6h8,t1_cuj2qp1,0.10483870967741936,0.1625,-0.05766129032258065
p_3491,t3_3inybw,t1_cui3v06,t1_cuicq4r,0.19469026548672566,0.15584415584415584,0.03884610964256982
p_3492,t3_3injsb,t1_cui5ld0,t1_cui565b,0.1318181818181818,0.15873015873015872,-0.026911976911976915
p_3495,t3_3ijsss,t1_cuh6kys,t1_cuhg7b8,0.14473684210526316,0.1610738255033557,-0.01633698339809253
p_3496,t3_3ijsss,t1_cuh4arm,t1_cuhg7b8,0.16080402010050251,0.1610738255033557,-0.00026980540285317933
p_3500,t3_3iammm,t1_cues26b,t1_cueuwm5,0.13,0.1510204081632653,-0.02102040816326531
p_3501,t3_3iammm,t1_cuete5w,t1_cuerzgs,0.1417624521072797,0.14354066985645933,-0.0017782177491796336
p_3502,t3_3iammm,t1_cuew3c0,t1_cueu3av,0.11486486486486487,0.09302325581395349,0.021841609050911384
p_3503,t3_3i9n2q,t1_cueircr,t1_cuenxor,0.17229729729729729,0.17419354838709677,-0.0018962510897994889
p_3504,t3_3i9n2q,t1_cufiuhn,t1_cueyyfo,0.19953596287703015,0.2492836676217765,-0.04974770474474635
p_3505,t3_3i8nmh,t1_cue9cr1,t1_cuea24l,0.16972477064220184,0.23170731707317074,-0.0619825464309689
p_3507,t3_3i8834,t1_cue4ikv,t1_cue5fsj,0.11475409836065574,0.16666666666666666,-0.05191256830601092
p_3508,t3_3i8834,t1_cue7on2,t1_cue83jy,0.13218390804597702,0.12121212121212122,0.010971786833855801
p_3513,t3_3i7k0u,t1_cue07hc,t1_cudypb4,0.1450980392156863,0.2857142857142857,-0.1406162464985994
p_3511,t3_3i7k0u,t1_cue31x0,t1_cue1sot,0.1722689075630252,0.1865671641791045,-0.01429825661607928
p_3512,t3_3i7k0u,t1_cue0k0p,t1_cue5g6f,0.15263157894736842,0.15481171548117154,-0.002180136533803112
p_3514,t3_3i7k0u,t1_cuee0d9,t1_cudzumt,0.15584415584415584,0.17777777777777778,-0.021933621933621944
p_3516,t3_3i74qy,t1_cudw08r,t1_cudux0k,0.1774193548387097,0.2159090909090909,-0.038489736070381225
p_3517,t3_3i5x6k,t1_cudnqtj,t1_cue4n29,0.16393442622950818,0.13011152416356878,0.03382290206593941
p_3519,t3_3i5a78,t1_cudjp1z,t1_cudst66,0.1611842105263158,0.1865671641791045,-0.025382953652788698
p_3521,t3_3i3wn7,t1_cud76ln,t1_cud3r2z,0.12149532710280374,0.15416666666666667,-0.032671339563862936
p_3523,t3_3i3vx9,t1_cud2a4g,t1_cud2qth,0.13986013986013987,0.21145374449339208,-0.0715936046332522
p_3522,t3_3i3vx9,t1_cud5nsy,t1_cud2qth,0.19345238095238096,0.21145374449339208,-0.018001363541011117
p_3524,t3_3i2plj,t1_cucv4aa,t1_cucxjt7,0.19424460431654678,0.16883116883116883,0.025413435485377944
p_3525,t3_3i2plj,t1_cucthi0,t1_cuctx89,0.08755760368663594,0.1450980392156863,-0.057540435529050346
p_3526,t3_3i283w,t1_cud0fa0,t1_cucolyj,0.1978021978021978,0.1350210970464135,0.0627811007557843
p_3527,t3_3i0b0w,t1_cuchpgk,t1_cuc59ef,0.19298245614035087,0.23333333333333334,-0.04035087719298247
p_3530,t3_3hsvl2,t1_cuad8r8,t1_cuaqsqb,0.1308641975308642,0.11413043478260869,0.016733762748255512
p_3531,t3_3hrivr,t1_cua0vt2,t1_cu9xxve,0.23148148148148148,0.20212765957446807,0.02935382190701341
p_3534,t3_3hpq7g,t1_cu9josn,t1_cu9k41i,0.16442048517520216,0.15282392026578073,0.01159656490942143
p_3535,t3_3hpq7g,t1_cu9kipp,t1_cu9x1z9,0.15,0.16374269005847952,-0.013742690058479529
p_3536,t3_3hosv2,t1_cu9at72,t1_cu9cml6,0.1345565749235474,0.15807560137457044,-0.02351902645102305
p_3537,t3_3hoq7p,t1_cu9k2tb,t1_cu9atrb,0.2127659574468085,0.17039106145251395,0.04237489599429456
p_3538,t3_3hmpv3,t1_cu8qdp9,t1_cu8pb7k,0.23684210526315788,0.17391304347826086,0.06292906178489702
p_3539,t3_3hkh5j,t1_cu8ovlu,t1_cu8ovof,0.13089005235602094,0.1643192488262911,-0.03342919647027015
p_3541,t3_3hh46c,t1_cu7c27f,t1_cu7c1z2,0.23,0.24115755627009647,-0.011157556270096458
p_3543,t3_3hgl6d,t1_cu7ehx8,t1_cu79azc,0.16901408450704225,0.15,0.019014084507042256
p_3542,t3_3hgl6d,t1_cu7d0px,t1_cu7azy6,0.12062256809338522,0.16666666666666666,-0.04604409857328144
p_3544,t3_3hg6gk,t1_cu72vgj,t1_cu7213o,0.15925925925925927,0.1517509727626459,0.0075082864966133644
p_3546,t3_3hfjxc,t1_cu6z830,t1_cu71g18,0.14838709677419354,0.15,-0.0016129032258064557
p_3547,t3_3hfioz,t1_cuc0fou,t1_cu7ifcw,0.13392857142857142,0.167420814479638,-0.03349224305106657
p_3548,t3_3hel60,t1_cu6qm9g,t1_cu6prd9,0.17763157894736842,0.16153846153846155,0.01609311740890687
p_3552,t3_3hdp4a,t1_cu6jlng,t1_cu6jn61,0.12264150943396226,0.10778443113772455,0.01485707829623771
p_3555,t3_3hcpmz,t1_cu6c4si,t1_cu6f8lz,0.2027231467473525,0.18882466281310212,0.013898483934250389
p_3556,t3_3hcfg2,t1_cu65tgy,t1_cu65kqn,0.14189189189189189,0.16477272727272727,-0.02288083538083538
p_3557,t3_3hcfg2,t1_cu65sqs,t1_cu65hi9,0.14864864864864866,0.1962025316455696,-0.047553882996920954
p_3558,t3_3hcfg2,t1_cu68tq4,t1_cu65vdo,0.0962962962962963,0.16216216216216217,-0.06586586586586587
p_3560,t3_3h8y7m,t1_cu5ao33,t1_cu5bjz7,0.1440677966101695,0.17482517482517482,-0.03075737821500532
p_3563,t3_3h69kp,t1_cu5o71n,t1_cu4mp4v,0.15384615384615385,0.09433962264150944,0.059506531204644414
p_3566,t3_3h1dud,t1_cu3e462,t1_cu3dhym,0.12883435582822086,0.125,0.0038343558282208645
p_3568,t3_3h13pq,t1_cu3c98a,t1_cu3bnnc,0.13966480446927373,0.17983651226158037,-0.04017170779230664
p_3569,t3_3h0s9a,t1_cu3bh3m,t1_cu383tr,0.15891472868217055,0.17010309278350516,-0.011188364101334614
p_3570,t3_3gz2bd,t1_cu2qwnu,t1_cu2zo0y,0.13658536585365855,0.16810344827586207,-0.031518082422203525
p_3571,t3_3gys03,t1_cu2q2lr,t1_cu2pmm6,0.1554054054054054,0.17613636363636365,-0.020730958230958246
p_3572,t3_3gw6np,t1_cu252mj,t1_cu20nky,0.1509433962264151,0.14193548387096774,0.009007912355447345
p_3576,t3_3gri3k,t1_cu0uiw1,t1_cu0sztg,0.20051413881748073,0.13071895424836602,0.06979518456911471
p_3577,t3_3gri3k,t1_cu0urd0,t1_cu0vpsk,0.17006802721088435,0.15479876160990713,0.015269265600977217
p_3583,t3_3gp6g1,t1_cu0aq54,t1_cu08mnw,0.1518987341772152,0.1589958158995816,-0.007097081722366394
p_3582,t3_3gp6g1,t1_cu09x63,t1_cu08mnw,0.16423357664233576,0.1589958158995816,0.005237760742754172
p_3585,t3_3gnc86,t1_ctzot2x,t1_ctzq8hf,0.14136125654450263,0.20982142857142858,-0.06846017202692595
p_3586,t3_3gincm,t1_ctyigsj,t1_ctyhn4v,0.17465753424657535,0.19021739130434784,-0.015559857057772492
p_3587,t3_3gincm,t1_ctyhn4x,t1_ctyinar,0.12837837837837837,0.13291139240506328,-0.004533014026684906
p_3589,t3_3ghl3t,t1_cty7tlm,t1_cty6dyx,0.11510791366906475,0.15894039735099338,-0.04383248368192863
p_3590,t3_3ghl3t,t1_cty9isx,t1_cty8sv7,0.1377551020408163,0.2824427480916031,-0.14468764605078677
p_3592,t3_3ggp32,t1_cty0r06,t1_cty0aec,0.18396226415094338,0.17002881844380405,0.013933445707139336
p_3593,t3_3ggp32,t1_cty35gw,t1_cty0aec,0.15074626865671642,0.17002881844380405,-0.019282549787087627
p_3595,t3_3gec73,t1_ctxli3x,t1_ctxhga8,0.1261682242990654,0.14096916299559473,-0.01480093869652932
p_3596,t3_3ge5mc,t1_ctxb1ki,t1_ctxeqe8,0.11785714285714285,0.14634146341463414,-0.028484320557491283
p_3598,t3_3gdtg4,t1_ctylxuf,t1_ctxaqee,0.14626865671641792,0.19753086419753085,-0.05126220748111293
p_3599,t3_3gdndp,t1_ctx5qis,t1_ctx98zl,0.14144736842105263,0.15636363636363637,-0.014916267942583744
p_3600,t3_3gdish,t1_ctx6te9,t1_ctx7vni,0.26737967914438504,0.13333333333333333,0.1340463458110517
p_3601,t3_3gdibt,t1_ctx56mf,t1_ctx4od4,0.16352201257861634,0.20853080568720378,-0.045008793108587436
p_3602,t3_3gcrbs,t1_ctx0d41,t1_ctx24yu,0.14606741573033707,0.1419753086419753,0.004092107088361774
p_3604,t3_3gbhud,t1_ctwlw6q,t1_ctwmyam,0.20388349514563106,0.21875,-0.01486650485436894
p_3605,t3_3gbhud,t1_ctwlm4k,t1_ctwv3j1,0.14193548387096774,0.16167664670658682,-0.01974116283561908
p_3606,t3_3gbhud,t1_ctwml50,t1_ctwlr8k,0.1963470319634703,0.18309859154929578,0.013248440414174528
p_3607,t3_3gbhud,t1_ctwlqf1,t1_ctwlr8k,0.18238993710691823,0.18309859154929578,-0.0007086544423775543
p_3608,t3_3gb6h1,t1_ctwso7w,t1_ctwnm4g,0.12714285714285714,0.18345864661654135,-0.05631578947368421
p_3609,t3_3gb461,t1_ctwjnpu,t1_ctwkc6d,0.12359550561797752,0.13194444444444445,-0.008348938826466923
p_3610,t3_3ga6xh,t1_ctwcf34,t1_ctw9u8c,0.10416666666666667,0.16042780748663102,-0.05626114081996435
p_3612,t3_3ga0yc,t1_ctwa3zr,t1_ctw8bfs,0.11737089201877934,0.12546125461254612,-0.008090362593766776
p_3613,t3_3ga0yc,t1_ctwc8h0,t1_ctw824i,0.14396887159533073,0.11643835616438356,0.027530515430947172
p_3614,t3_3ga0yc,t1_ctwe0ok,t1_ctw8bfs,0.1328125,0.12546125461254612,0.007351245387453881
p_3615,t3_3g9no7,t1_ctw54al,t1_ctw52em,0.07246376811594203,0.10431654676258993,-0.0318527786466479
p_3616,t3_3g93j6,t1_ctw0e9h,t1_ctw6elj,0.2533783783783784,0.14375,0.10962837837837841
p_3617,t3_3g8r7o,t1_ctvx3y3,t1_ctwc690,0.1967741935483871,0.12837837837837837,0.06839581517000873
p_3622,t3_3g646u,t1_ctvb9vl,t1_ctvc59g,0.11920529801324503,0.175,-0.05579470198675496
p_3623,t3_3g53av,t1_ctuxpb3,t1_ctvf9tq,0.1619047619047619,0.11165048543689321,0.0502542764678687
p_3624,t3_3g51jj,t1_ctv0l5x,t1_ctvcg39,0.2028301886792453,0.15025906735751296,0.052571121321732334
p_3625,t3_3g51jj,t1_ctv269f,t1_ctvcg39,0.13114754098360656,0.15025906735751296,-0.019111526373906396
p_3626,t3_3g51jj,t1_ctv3mds,t1_ctv9uzx,0.21243523316062177,0.17032967032967034,0.04210556283095143
p_3630,t3_3g1pcd,t1_ctu19ea,t1_ctu17ql,0.17293233082706766,0.20161290322580644,-0.02868057239873878
p_3635,t3_3g1fhs,t1_cttyuge,t1_cttxvho,0.11940298507462686,0.1853932584269663,-0.06599027335233944
p_3633,t3_3g1fhs,t1_ctu95h3,t1_cttxvho,0.13802816901408452,0.1853932584269663,-0.04736508941288178
p_3636,t3_3g1fhs,t1_cttzgzr,t1_cttxvho,0.13924050632911392,0.1853932584269663,-0.046152752097852384
p_3632,t3_3g1fhs,t1_cttxzvr,t1_cttxvho,0.1276595744680851,0.1853932584269663,-0.057733683958881205
p_3631,t3_3g1fhs,t1_ctty06w,t1_cttxzi1,0.11855670103092783,0.1357142857142857,-0.017157584683357874
p_3637,t3_3g1bgv,t1_cttw7r4,t1_ctu593g,0.1814516129032258,0.17582417582417584,0.005627437079049974
p_3640,t3_3g02ia,t1_cttuj7v,t1_cttrhlu,0.13580246913580246,0.13609467455621302,-0.0002922054204105573
p_3642,t3_3fz5pa,t1_cttcblp,t1_cttc9b6,0.1623931623931624,0.18181818181818182,-0.019425019425019424
p_3644,t3_3fvhvp,t1_ctsbzuq,t1_ctsdw9m,0.13131313131313133,0.13425925925925927,-0.0029461279461279466
p_3645,t3_3fvhjh,t1_ctscnii,t1_ctsbg6s,0.10382513661202186,0.16129032258064516,-0.057465185968623295
p_3646,t3_3fvhjh,t1_ctse486,t1_ctsbtva,0.1815068493150685,0.15555555555555556,0.02595129375951294
p_3647,t3_3fvhjh,t1_ctsbifp,t1_ctsvne2,0.16129032258064516,0.14444444444444443,0.016845878136200726
p_3648,t3_3fvhjh,t1_ctsc6ss,t1_ctsbtva,0.1593625498007968,0.15555555555555556,0.003806994245241252
p_3649,t3_3fveyg,t1_ctsa8js,t1_cts9pfj,0.15671641791044777,0.19047619047619047,-0.033759772565742696
p_3650,t3_3fu1s8,t1_cts3fhv,t1_cts5hav,0.1870748299319728,0.17763157894736842,0.009443250984604384
p_3651,t3_3fsgbp,t1_ctrisu9,t1_ctshlnm,0.14857142857142858,0.14347826086956522,0.005093167701863355
p_3652,t3_3fs1zm,t1_ctrhh5j,t1_ctrefi0,0.10545454545454545,0.15770609318996415,-0.052251547735418694
p_3653,t3_3frc1d,t1_ctr9vhi,t1_ctr7h2r,0.21649484536082475,0.18803418803418803,0.028460657326636718
p_3655,t3_3fql48,t1_ctr20mq,t1_ctr0pwr,0.14255765199161424,0.15030674846625766,-0.007749096474643419
p_3656,t3_3fqb1z,t1_ctqze4g,t1_ctr0cf6,0.09120521172638436,0.13815789473684212,-0.046952683010457755
p_3658,t3_3fqb1z,t1_ctr0vi4,t1_ctr0cf6,0.08709677419354839,0.13815789473684212,-0.05106112054329373
p_3657,t3_3fqb1z,t1_ctr0caa,t1_ctr0cf6,0.07692307692307693,0.13815789473684212,-0.06123481781376519
p_3659,t3_3fpfyb,t1_ctqrhgh,t1_ctqsan9,0.16201117318435754,0.13609467455621302,0.02591649862814452
p_3660,t3_3fp3n9,t1_ctqolc7,t1_ctqnhek,0.15853658536585366,0.1382488479262673,0.020287737439586367
p_3661,t3_3fp2bi,t1_ctqnbaz,t1_ctqt3i2,0.1350210970464135,0.11666666666666667,0.018354430379746822
p_3663,t3_3fnwpa,t1_ctqdqno,t1_ctqbvw6,0.14728682170542637,0.18032786885245902,-0.033041047147032654
p_3664,t3_3fnv5p,t1_ctqbrad,t1_ctqwxiu,0.20276497695852536,0.16145833333333334,0.04130664362519201
p_3665,t3_3fnv5p,t1_ctqn9r7,t1_ctr22l4,0.18238993710691823,0.18695652173913044,-0.004566584632212212
p_3667,t3_3fnpby,t1_ctqb537,t1_ctqb5ui,0.18067226890756302,0.23529411764705882,-0.0546218487394958
p_3666,t3_3fnpby,t1_ctqa65w,t1_ctqb5ui,0.2046783625730994,0.23529411764705882,-0.030615755073959416
p_3669,t3_3fnkrz,t1_ctq8t3q,t1_ctq9oiz,0.14925373134328357,0.14615384615384616,0.003099885189437407
p_3671,t3_3fnkrz,t1_ctqas8t,t1_ctq9ar9,0.17034068136272545,0.14054054054054055,0.029800140822184906
p_3670,t3_3fnkrz,t1_ctq9o0e,t1_ctq9oiz,0.1183206106870229,0.14615384615384616,-0.02783323546682326
p_3672,t3_3fnkrz,t1_ctq9j16,t1_ctqa3ka,0.08609271523178808,0.12109375,-0.035001034768211925
p_3675,t3_3fme5v,t1_ctpwnu7,t1_ctpy2fx,0.16312056737588654,0.22448979591836735,-0.06136922854248081
p_3676,t3_3fh6ko,t1_ctoktht,t1_ctoqkfl,0.16111111111111112,0.21390374331550802,-0.052792632204396894
p_3677,t3_3fg061,t1_cto8r5z,t1_cto8tdw,0.18439716312056736,0.18543046357615894,-0.0010333004555915792
p_3679,t3_3fg061,t1_cto97vg,t1_cto8tdw,0.19428571428571428,0.18543046357615894,0.00885525070955534
p_3680,t3_3ffta7,t1_cto7io9,t1_ctoe9av,0.15702479338842976,0.16428571428571428,-0.0072609208972845285
p_3681,t3_3ff3g6,t1_cto0i1n,t1_cto1zos,0.1306532663316583,0.08936170212765958,0.041291564203998724
p_3682,t3_3feqzt,t1_ctq3vzp,t1_ctnylzg,0.10676156583629894,0.12040133779264214,-0.013639771956343208
p_3683,t3_3fcrvd,t1_ctnhp4o,t1_cto31ft,0.12883435582822086,0.1875,-0.058665644171779135
p_3684,t3_3fcrvd,t1_ctns9wz,t1_ctnfqp7,0.15822784810126583,0.13970588235294118,0.018521965748324654
p_3686,t3_3fcf5e,t1_ctndfg4,t1_ctnry92,0.16568047337278108,0.152317880794702,0.013362592578079091
p_3688,t3_3fc3o6,t1_ctnx69r,t1_ctngp5n,0.22924901185770752,0.1375,0.09174901185770751
p_3687,t3_3fc3o6,t1_ctnaow2,t1_ctn9aav,0.1712707182320442,0.115625,0.0556457182320442
p_3692,t3_3fau90,t1_ctmxjyf,t1_ctmw18p,0.2,0.15808823529411764,0.04191176470588237
p_3693,t3_3fa3pf,t1_ctmq4rm,t1_ctmvo0g,0.2376237623762376,0.22180451127819548,0.015819251098042136
p_3694,t3_3fa3pf,t1_ctmq6wk,t1_ctmpzx1,0.1981981981981982,0.1511627906976744,0.04703540750052379
p_3695,t3_3f8yj7,t1_ctmfz6p,t1_ctmip5y,0.17701863354037267,0.11737089201877934,0.05964774152159333
p_3696,t3_3f8yj7,t1_ctmi79z,t1_ctmip5y,0.15384615384615385,0.11737089201877934,0.03647526182737451
p_3697,t3_3f8yj7,t1_ctmgbxn,t1_ctmip5y,0.16972477064220184,0.11737089201877934,0.0523538786234225
p_3701,t3_3f6ga9,t1_ctlqooj,t1_ctlqdbh,0.09090909090909091,0.18032786885245902,-0.08941877794336811
p_3703,t3_3f65v8,t1_ctlqq52,t1_ctm1y1p,0.12466124661246612,0.1752808988764045,-0.05061965226393837
p_3704,t3_3f38fh,t1_ctlm7ia,t1_ctkwb7j,0.16233766233766234,0.20430107526881722,-0.04196341293115488
p_3705,t3_3f2sbt,t1_ctm98ge,t1_ctkrr8t,0.1180327868852459,0.18055555555555555,-0.06252276867030965
p_3708,t3_3f20yi,t1_ctkkr6u,t1_ctkjeol,0.17681159420289855,0.1440329218106996,0.03277867239219895
p_3709,t3_3f20yi,t1_ctkoehq,t1_ctkokut,0.2334293948126801,0.16606498194945848,0.06736441286322162
p_3712,t3_3f18mt,t1_ctkcw2a,t1_ctkb9dn,0.19798657718120805,0.2356020942408377,-0.03761551705962965
p_3711,t3_3f18mt,t1_ctkc4tg,t1_ctkn5z3,0.212,0.125,0.087
p_3714,t3_3f16ju,t1_ctkcxak,t1_ctkajc6,0.15418502202643172,0.13963963963963963,0.014545382386792094
p_3716,t3_3f0uzz,t1_ctkbyhm,t1_ctkdayj,0.19272727272727272,0.2515090543259557,-0.058781781598683
p_3717,t3_3exng6,t1_ctjf76q,t1_ctjdefn,0.25735294117647056,0.19230769230769232,0.06504524886877824
p_3718,t3_3ex1vr,t1_ctj5yub,t1_ctj6pr7,0.18316831683168316,0.13496932515337423,0.04819899167830893
p_3719,t3_3ewva7,t1_ctj4jx8,t1_ctj8g6w,0.1388888888888889,0.1568627450980392,-0.01797385620915032
p_3722,t3_3ewva7,t1_ctj8djb,t1_ctj8g6w,0.11849710982658959,0.1568627450980392,-0.03836563527144962
p_3720,t3_3ewva7,t1_ctj5oik,t1_ctjcs9z,0.17405063291139242,0.17326732673267325,0.000783306178719162
p_3721,t3_3ewva7,t1_ctj7ibv,t1_ctjcs9z,0.09865470852017937,0.17326732673267325,-0.07461261821249389
p_3723,t3_3ewjnh,t1_ctj1fb4,t1_ctj26kt,0.14285714285714285,0.16666666666666666,-0.023809523809523808
p_3724,t3_3ewjnh,t1_ctj1ye4,t1_ctj1lht,0.18452380952380953,0.16847826086956522,0.016045548654244318
p_3725,t3_3euagb,t1_ctigcut,t1_ctihu3a,0.13636363636363635,0.09401709401709402,0.04234654234654234
p_3726,t3_3eu8tm,t1_ctigaob,t1_ctiq52g,0.1582089552238806,0.20710059171597633,-0.04889163649209574
p_3727,t3_3eu8tm,t1_ctijckt,t1_ctigceq,0.20666666666666667,0.19692307692307692,0.009743589743589742
p_3728,t3_3etxto,t1_ctid3ea,t1_cticpfj,0.14957264957264957,0.15730337078651685,-0.007730721213867281
p_3730,t3_3es79p,t1_cthw2r2,t1_cthwdaq,0.221875,0.1798780487804878,0.04199695121951219
p_3731,t3_3es79p,t1_cthxdez,t1_cthwn0n,0.18315018315018314,0.23735408560311283,-0.05420390245292969
p_3732,t3_3ertta,t1_cti6rd8,t1_ctht1zk,0.15281501340482573,0.09900990099009901,0.05380511241472671
p_3733,t3_3ertdy,t1_cthr80b,t1_cthr99r,0.0990990990990991,0.23809523809523808,-0.138996138996139
p_3734,t3_3erhhr,t1_ctiarao,t1_cti58vh,0.13744075829383887,0.14661654135338345,-0.009175783059544584
p_3735,t3_3eq514,t1_ctho613,t1_cthcqg3,0.12371134020618557,0.18579234972677597,-0.0620810095205904
p_3737,t3_3epjfs,t1_cth5t0q,t1_cthcvt3,0.15602836879432624,0.20134228187919462,-0.045313913084868374
p_3739,t3_3enur5,t1_ctgrxoh,t1_ctgz8y0,0.1431451612903226,0.14285714285714285,0.00028801843317974307
p_3740,t3_3emsdn,t1_cth30is,t1_ctgqvc3,0.1407035175879397,0.183206106870229,-0.04250258928228931
p_3742,t3_3elw95,t1_ctg6r9r,t1_ctg9cb8,0.16441441441441443,0.12303664921465969,0.04137776519975474
p_3743,t3_3eknr4,t1_ctglikz,t1_ctfyt7d,0.13537117903930132,0.10674157303370786,0.028629606005593458
p_3744,t3_3ekjn3,t1_ctgdi0f,t1_ctg4na1,0.17522658610271905,0.1687116564417178,0.006514929661001256
p_3751,t3_3ee553,t1_cte3wfh,t1_cte2z0f,0.18309859154929578,0.17123287671232876,0.011865714836967023
p_3752,t3_3ee553,t1_cte5ytw,t1_cte2z0f,0.13725490196078433,0.17123287671232876,-0.03397797475154443
p_3754,t3_3ecjmj,t1_ctdn8gf,t1_ctdm7dj,0.24198250728862974,0.17624521072796934,0.06573729656066041
p_3755,t3_3ecjmj,t1_ctdnq7f,t1_ctdm7dj,0.20046620046620048,0.17624521072796934,0.02422098973823114
p_3756,t3_3ecjmj,t1_ctdoi4m,t1_ctdm7dj,0.24664879356568364,0.17624521072796934,0.0704035828377143
p_3753,t3_3ecjmj,t1_ctdmtn2,t1_ctdoo3p,0.2646239554317549,0.16877637130801687,0.095847584123738
p_3757,t3_3ec84d,t1_ctdlgzm,t1_ctdj2og,0.15527950310559005,0.15416666666666667,0.0011128364389233758
p_3759,t3_3ebxxu,t1_ctdn0oz,t1_ctdjt1a,0.25333333333333335,0.08418367346938775,0.1691496598639456
p_3761,t3_3ebqsa,t1_ctdwdgw,t1_ctdgbbx,0.18815331010452963,0.25680933852140075,-0.06865602841687113
p_3762,t3_3eb9u6,t1_ctda3bt,t1_ctdi2vm,0.16551724137931034,0.17886178861788618,-0.013344547238575838
p_3763,t3_3eb9u6,t1_ctdaich,t1_ctdi2vm,0.24550898203592814,0.17886178861788618,0.06664719341804196
p_3764,t3_3eai2b,t1_ctdmsz0,t1_ctdas7y,0.1787709497206704,0.21893491124260356,-0.04016396152193316
p_3765,t3_3eai2b,t1_ctdc31l,t1_ctdas7y,0.18313953488372092,0.21893491124260356,-0.035795376358882636
p_3766,t3_3ea4kl,t1_ctczlq4,t1_ctcz6mu,0.09923664122137404,0.08823529411764706,0.01100134710372698
p_3768,t3_3e811o,t1_ctcjrd5,t1_ctcd4vr,0.11042944785276074,0.1242603550295858,-0.013830907176825058
p_3775,t3_3dt3vy,t1_ct8epzw,t1_ct8xeko,0.1700404858299595,0.1596244131455399,0.010416072684419603
p_3776,t3_3drmw1,t1_ct7z6k1,t1_ct7zd7f,0.1484375,0.17543859649122806,-0.02700109649122806
p_3777,t3_3dqi0b,t1_ct7ojzo,t1_ct7o4hu,0.15789473684210525,0.13175675675675674,0.02613798008534851
p_3779,t3_3dnhsi,t1_ct6vf40,t1_ct7n9bz,0.1588235294117647,0.1724137931034483,-0.01359026369168359
p_3786,t3_3dkeyo,t1_ct60a1q,t1_ct60gf9,0.1875,0.1134020618556701,0.0740979381443299
p_3787,t3_3dk4k6,t1_ct68k3i,t1_ct5ylmw,0.1433389544688027,0.08366533864541832,0.05967361582338439
p_3789,t3_3dj5zp,t1_ct5ndqg,t1_ct5pov6,0.16842105263157894,0.16455696202531644,0.003864090606262499
p_3790,t3_3dhxmu,t1_ct59siv,t1_ct5em85,0.16981132075471697,0.19230769230769232,-0.022496371552975347
p_3791,t3_3dhww4,t1_ct59ny2,t1_ct5c1n1,0.11073825503355705,0.15841584158415842,-0.047677586550601364
p_3792,t3_3dhvig,t1_ct5cmrc,t1_ct5dd1p,0.28160919540229884,0.1909814323607427,0.09062776304155615
p_3793,t3_3dhde9,t1_ct68xez,t1_ct55tgc,0.1978021978021978,0.09375,0.1040521978021978
p_3794,t3_3dh1ns,t1_ct5dtcs,t1_ct5eykr,0.14330218068535824,0.15960912052117263,-0.016306939835814382
p_3795,t3_3dgf6j,t1_ct54lyk,t1_ct5gs7l,0.13405797101449277,0.09433962264150944,0.039718348372983325
p_3796,t3_3dgf6j,t1_ct5oi70,t1_ct5c1wd,0.1282051282051282,0.10062893081761007,0.027576197387518125
p_3797,t3_3dfjej,t1_ct4p5yg,t1_ct4yewo,0.10723192019950124,0.1663286004056795,-0.05909668020617827
p_3800,t3_3df1t2,t1_ct4iy6y,t1_ct4ij06,0.16299559471365638,0.2062780269058296,-0.04328243219217323
p_3801,t3_3det6i,t1_ct4g7xl,t1_ct4gbpx,0.13612565445026178,0.14705882352941177,-0.010933169079149985
p_3802,t3_3deose,t1_ct4eh79,t1_ct4g0jb,0.1556420233463035,0.1889763779527559,-0.0333343546064524
p_3803,t3_3deose,t1_ct4f9rz,t1_ct4g0jb,0.18604651162790697,0.1889763779527559,-0.0029298663248489287
p_3804,t3_3deose,t1_ct4fbji,t1_ct5641w,0.1696969696969697,0.19114688128772636,-0.021449911590756654
p_3805,t3_3deose,t1_ct4ewzd,t1_ct4g0jb,0.18772563176895307,0.1889763779527559,-0.001250746183802831
p_3806,t3_3de3uy,t1_ct4agqd,t1_ct494c3,0.145748987854251,0.1625615763546798,-0.0168125885004288
p_3807,t3_3ddw70,t1_ct47mit,t1_ct4jbe5,0.16666666666666666,0.16981132075471697,-0.0031446540880503138
p_3808,t3_3ddw70,t1_ct481p1,t1_ct48oqy,0.16129032258064516,0.19047619047619047,-0.02918586789554531
p_3814,t3_3dbole,t1_ct3p6ns,t1_ct478ih,0.21,0.17142857142857143,0.03857142857142856
p_3815,t3_3dbm0n,t1_ct3lx2j,t1_ct3ly0v,0.17716535433070865,0.14782608695652175,0.029339267374186906
p_3816,t3_3dbkzb,t1_ct3ojfw,t1_ct3m5s5,0.19708029197080293,0.33636363636363636,-0.13928334439283344
p_3819,t3_3d7ar8,t1_ct2lat5,t1_ct2ki11,0.17791411042944785,0.11666666666666667,0.061247443762781184
p_3821,t3_3d70nm,t1_ct2ew4r,t1_ct2j33u,0.12269938650306748,0.15920398009950248,-0.036504593596435
p_3822,t3_3d70nm,t1_ct2dshn,t1_ct2eddg,0.0875,0.0979020979020979,-0.01040209790209791
p_3824,t3_3d6eeo,t1_ct28lpu,t1_ct2avdj,0.18181818181818182,0.15719063545150502,0.0246275463666768
p_3825,t3_3d5kur,t1_ct1ztbe,t1_ct1zr52,0.13872832369942195,0.19254658385093168,-0.05381826015150973
p_3827,t3_3d4z8m,t1_ct20a6w,t1_ct1t0m5,0.16964285714285715,0.09090909090909091,0.07873376623376624
p_3829,t3_3d26wz,t1_ct28b6n,t1_ct16kmz,0.14215686274509803,0.13953488372093023,0.002621979024167803
p_3830,t3_3d0d6p,t1_ct0o5u1,t1_ct0n6t4,0.18439716312056736,0.13653136531365315,0.04786579780691422
p_3831,t3_3d01ke,t1_ct0juu5,t1_ct0mdna,0.0683453237410072,0.11764705882352941,-0.04930173508252221
p_3833,t3_3czjmn,t1_ct0n1h1,t1_ct0p4tx,0.16158536585365854,0.19724770642201836,-0.03566234056835982
p_3834,t3_3cze07,t1_ct0u8p8,t1_ct1w2jq,0.17582417582417584,0.1875,-0.011675824175824162
p_3836,t3_3cze07,t1_ct10eyn,t1_ct10av3,0.17341040462427745,0.1464968152866242,0.026913589337653254
p_3837,t3_3cz50i,t1_ct0beon,t1_ct0crzd,0.16753926701570682,0.2318840579710145,-0.06434479095530768
p_3838,t3_3cyvok,t1_ct09dsg,t1_ct0cry8,0.14583333333333334,0.16932907348242812,-0.02349574014909478
p_3840,t3_3cwzdr,t1_cszqsrm,t1_csztuip,0.14948453608247422,0.14166666666666666,0.00781786941580756
p_3841,t3_3cwzdr,t1_cszr0ac,t1_cszzijk,0.13926499032882012,0.14285714285714285,-0.003592152528322734
p_3842,t3_3cwzdr,t1_cszsao6,t1_cszzijk,0.1440501043841336,0.14285714285714285,0.001192961526990749
p_3843,t3_3curfb,t1_cszctr2,t1_cszdmwi,0.16417910447761194,0.13,0.03417910447761194
p_3846,t3_3ctbdn,t1_csywwyk,t1_csyw0z6,0.12886597938144329,0.18902439024390244,-0.060158410862459155
p_3848,t3_3csry4,t1_csyq5kj,t1_csypjon,0.16062176165803108,0.14146341463414633,0.019158347023884748
p_3849,t3_3csg70,t1_csyk6pl,t1_csyj9wf,0.14429530201342283,0.20075757575757575,-0.05646227374415291
p_3850,t3_3csg70,t1_csyjkqi,t1_csyt2k1,0.2153846153846154,0.1032258064516129,0.1121588089330025
p_3852,t3_3cqwqj,t1_csy6eer,t1_csyclib,0.17415730337078653,0.20361990950226244,-0.029462606131475916
p_3853,t3_3cpk6q,t1_csxrzz6,t1_csxtt55,0.16964285714285715,0.15476190476190477,0.014880952380952384
p_3855,t3_3cp5ze,t1_csxym6c,t1_csynpti,0.2413793103448276,0.19121447028423771,0.05016484006058988
p_3856,t3_3cp5ze,t1_csxnidr,t1_csxornz,0.10963455149501661,0.13013698630136986,-0.020502434806353248
p_3859,t3_3cntuq,t1_csxdzvx,t1_csxc29e,0.14642857142857144,0.1643059490084986,-0.01787737757992716
p_3861,t3_3cm04x,t1_csx5p48,t1_csxeu2k,0.10050251256281408,0.1099476439790576,-0.009445131416243521
p_3862,t3_3clrl2,t1_csx7zrc,t1_csx8zq4,0.13712374581939799,0.14965986394557823,-0.012536118126180246
p_3863,t3_3cjime,t1_csw3vb7,t1_csw3t7x,0.26512968299711814,0.172,0.09312968299711816
p_3865,t3_3chnd1,t1_csvsvf5,t1_csw6ssk,0.13793103448275862,0.17733990147783252,-0.0394088669950739
p_3866,t3_3ch5ru,t1_csvhoip,t1_csvipb5,0.14285714285714285,0.17757009345794392,-0.03471295060080107
p_3867,t3_3cgwcw,t1_csvjbyd,t1_csvi6d6,0.16829268292682928,0.21428571428571427,-0.045993031358884995
p_3868,t3_3cgf0e,t1_cswm70o,t1_csvf90l,0.15196078431372548,0.14556962025316456,0.006391164060560922
p_3869,t3_3cgb39,t1_csvchfw,t1_csva8ip,0.1813186813186813,0.19213973799126638,-0.010821056672585067
p_3871,t3_3cexf4,t1_csvberp,t1_csv33hr,0.1634980988593156,0.19292604501607716,-0.02942794615676156
p_3872,t3_3cemxp,t1_csuzkq9,t1_csuwsj4,0.05357142857142857,0.12446351931330472,-0.07089209074187616
p_3873,t3_3cccrj,t1_csuafa7,t1_csu9eyk,0.16578947368421051,0.11513157894736842,0.050657894736842096
p_3874,t3_3cayqx,t1_cstvm0f,t1_csunb3m,0.11466666666666667,0.09868421052631579,0.015982456140350876
p_3875,t3_3cayqx,t1_cstvlmi,t1_csuqreg,0.13933415536374846,0.12777053455019557,0.011563620813552888
p_3877,t3_3cavj4,t1_cstv538,t1_cstveu6,0.18106995884773663,0.14046822742474915,0.04060173142298748
p_3879,t3_3c98q4,t1_csu2svh,t1_cstm5hj,0.06802721088435375,0.14485981308411214,-0.07683260219975839
p_3882,t3_3c7i98,t1_cst34iw,t1_cstc95e,0.15339233038348082,0.1568627450980392,-0.0034704147145583897
p_3883,t3_3c7i98,t1_cst4n6b,t1_cssyowf,0.1510791366906475,0.1917808219178082,-0.04070168522716072
p_3884,t3_3c7hdt,t1_cssyep4,t1_cssyplh,0.1320754716981132,0.17415730337078653,-0.04208183167267332
p_3885,t3_3c7bxx,t1_cssy476,t1_cssz8bw,0.13507625272331156,0.12094395280235988,0.014132299920951677
p_3886,t3_3c7bxx,t1_cssx724,t1_cssyebj,0.12735849056603774,0.12264150943396226,0.004716981132075471
p_3887,t3_3c7bxx,t1_csswyf9,t1_cssyx4a,0.156794425087108,0.16591928251121077,-0.009124857424102767
p_3888,t3_3c79ax,t1_cstmdkn,t1_cst2h3f,0.12692307692307692,0.12612612612612611,0.0007969507969508016
p_3889,t3_3c4zj4,t1_cssgey0,t1_cssmoek,0.1348314606741573,0.1619718309859155,-0.0271403703117582
p_3892,t3_3c4ur8,t1_csstz3k,t1_cssgupg,0.18633540372670807,0.18617021276595744,0.00016519096075062745
p_3893,t3_3c4cgb,t1_css5ynt,t1_css4koj,0.176056338028169,0.12096774193548387,0.05508859609268513
p_3894,t3_3c1zj9,t1_csrkkl3,t1_csrki9f,0.1636828644501279,0.10424710424710425,0.059435760203023644
p_3895,t3_3c17uc,t1_csrdlff,t1_csrifkt,0.11737089201877934,0.1630901287553648,-0.045719236736585456
p_3897,t3_3bxmo5,t1_csqhtr5,t1_csql6b1,0.17412935323383086,0.1291866028708134,0.04494275036301745
p_3898,t3_3bxfo6,t1_csqmc1m,t1_csqifhm,0.15755627009646303,0.16140350877192983,-0.0038472386754667964
p_3899,t3_3bvjuk,t1_cspw440,t1_csrek47,0.1773049645390071,0.14240506329113925,0.03489990124786785
p_3901,t3_3bth79,t1_csq2nx8,t1_cspwvty,0.11885245901639344,0.12345679012345678,-0.0046043311070633475
p_3902,t3_3bsou9,t1_csp5h2g,t1_cspiswo,0.1595744680851064,0.09561752988047809,0.0639569382046283
p_3904,t3_3brtn7,t1_csozaec,t1_csoyw8u,0.11458333333333333,0.1232876712328767,-0.008704337899543377
p_3905,t3_3bqwex,t1_csompka,t1_csomtdh,0.21708185053380782,0.15625,0.060831850533807824
p_3906,t3_3bqwex,t1_csorp8q,t1_cson8bj,0.1559633027522936,0.21722846441947566,-0.06126516166718207
p_3908,t3_3bo4jt,t1_cso0zon,t1_csnwp3y,0.15897435897435896,0.15270935960591134,0.006264999368447627
p_3909,t3_3bnf96,t1_csnpy6t,t1_csnprkc,0.1450381679389313,0.16216216216216217,-0.01712399422323088
p_3910,t3_3bnan1,t1_csnruno,t1_csnpv63,0.10909090909090909,0.11209439528023599,-0.003003486189326901
p_3911,t3_3blafk,t1_csn7a18,t1_csndd8w,0.16595744680851063,0.17872340425531916,-0.012765957446808529
p_3913,t3_3bh98p,t1_csmf3ub,t1_csmc3eh,0.11214953271028037,0.125,-0.012850467289719628
p_3914,t3_3bgni1,t1_cslzxdh,t1_cslyqv4,0.12578616352201258,0.10606060606060606,0.019725557461406515
p_3915,t3_3bfy1c,t1_csls1iv,t1_cslt1od,0.1746031746031746,0.1328125,0.041790674603174593
p_3916,t3_3bfsz3,t1_cslqq37,t1_cslrrds,0.1643835616438356,0.18867924528301888,-0.024295683639183274
p_3917,t3_3bfrve,t1_csmj6kc,t1_cslufx2,0.15942028985507245,0.16483516483516483,-0.005414874980092382
p_3920,t3_3be88i,t1_cslgmna,t1_cslflrz,0.1232876712328767,0.1891891891891892,-0.0659015179563125
p_3923,t3_3bdv00,t1_csld97c,t1_csl9q5t,0.1246376811594203,0.15261044176706828,-0.027972760607647987
p_3924,t3_3bdv00,t1_csltmou,t1_cslb8xi,0.135678391959799,0.17647058823529413,-0.04079219627549513
p_3925,t3_3bd8kh,t1_csl6slc,t1_csl587l,0.08597285067873303,0.12796208530805686,-0.04198923462932383
p_3926,t3_3bd8kh,t1_csl5ba1,t1_csl587l,0.15354330708661418,0.12796208530805686,0.025581221778557317
p_3927,t3_3bcp2n,t1_csl43ts,t1_csl3e30,0.1890909090909091,0.22171945701357465,-0.03262854792266556
p_3929,t3_3bc4if,t1_cslj62e,t1_cskt9uf,0.1794871794871795,0.13903743315508021,0.04044974633209927
p_3930,t3_3bbxyv,t1_cskwmb5,t1_cskrtjj,0.1630901287553648,0.15873015873015872,0.004359970025206078
p_3932,t3_3b7rjo,t1_csjnvbr,t1_csjnx6u,0.14189189189189189,0.24253731343283583,-0.10064542154094394
p_3934,t3_3b60s8,t1_csj6vl4,t1_csj6ucq,0.175,0.18518518518518517,-0.010185185185185186
p_3935,t3_3b60s8,t1_csj6qcn,t1_csj6ucq,0.1647940074906367,0.18518518518518517,-0.020391177694548485
p_3936,t3_3b5udg,t1_csj5cco,t1_csj62ym,0.15,0.14,0.009999999999999981
p_3937,t3_3b3s26,t1_csikhqa,t1_csizt4g,0.22348484848484848,0.2145922746781116,0.008892573806736886
p_3938,t3_3b3s26,t1_csinn2z,t1_csilwsy,0.15932203389830507,0.19011406844106463,-0.030792034542759555
p_3940,t3_3b3s26,t1_csj8r3h,t1_csjh1er,0.1201923076923077,0.23107569721115537,-0.11088338951884767
p_3943,t3_3aweej,t1_csgl5n3,t1_csgl50z,0.1836734693877551,0.20454545454545456,-0.020871985157699446
p_3944,t3_3aw1uk,t1_csghmnt,t1_csghmsc,0.1781609195402299,0.12345679012345678,0.054704129416773106
p_3945,t3_3avhws,t1_csgfhi0,t1_csh8ors,0.13507109004739337,0.13012048192771083,0.004950608119682537
p_3947,t3_3atkce,t1_csgbg47,t1_csfw4e2,0.12654320987654322,0.16181229773462782,-0.03526908785808461
p_3948,t3_3atkce,t1_csfy1wp,t1_csfynp2,0.17857142857142858,0.14482758620689656,0.03374384236453201
p_3951,t3_3asyzb,t1_csfojsx,t1_csfoidu,0.189873417721519,0.1588785046728972,0.030994913048621814
p_3949,t3_3asyzb,t1_csfoiyw,t1_csfp13b,0.11818181818181818,0.1981981981981982,-0.08001638001638002
p_3952,t3_3argex,t1_csfb50r,t1_csf9txd,0.125,0.1830065359477124,-0.058006535947712407
p_3953,t3_3argex,t1_csf9rhm,t1_csfa4gt,0.20689655172413793,0.1652892561983471,0.041607295525790816
p_3954,t3_3aq0ij,t1_cseyfmf,t1_csf3dvk,0.16560509554140126,0.16083916083916083,0.004765934702240432
p_3955,t3_3apczi,t1_cseq9zw,t1_csf36xd,0.17765042979942694,0.1955128205128205,-0.017862390713393572
p_3956,t3_3anzqm,t1_cseek90,t1_csf57m7,0.12903225806451613,0.14242424242424243,-0.0133919843597263
p_3958,t3_3anfy4,t1_csezvw7,t1_csfvxf5,0.16526610644257703,0.20079522862823063,-0.0355291221856536
p_3959,t3_3amks3,t1_cse04e1,t1_cse06yf,0.1382488479262673,0.1348314606741573,0.0034173872521099935
p_3960,t3_3amks3,t1_cse088c,t1_csdzw5z,0.172,0.16149068322981366,0.010509316770186322
p_3961,t3_3amjrk,t1_cse2b43,t1_cse2e1a,0.17842323651452283,0.1711229946524064,0.007300241862116419
p_3963,t3_3ajn0a,t1_csda1xc,t1_csd7usc,0.1440329218106996,0.15207373271889402,-0.008040810908194418
p_3964,t3_3ajaa6,t1_csd6bdb,t1_csdib45,0.10204081632653061,0.1386861313868613,-0.036645315060330697
p_3965,t3_3aimk2,t1_csd7mip,t1_csd1vz4,0.22087745839636913,0.2570888468809074,-0.036211388484538254
p_3966,t3_3afuie,t1_csc8p2d,t1_cscbdx0,0.07114624505928854,0.1457142857142857,-0.07456804065499717
p_3967,t3_3acxa4,t1_csbkvf8,t1_csbgdpk,0.14655172413793102,0.20121951219512196,-0.05466778805719094
p_3968,t3_3aco44,t1_csblx8d,t1_csbjlck,0.1875,0.10927152317880795,0.07822847682119205
p_3969,t3_3acm0d,t1_csbe584,t1_csbdx0v,0.1532258064516129,0.12903225806451613,0.02419354838709678
p_3971,t3_3abfdn,t1_csb9hv6,t1_csb2as0,0.109717868338558,0.12063492063492064,-0.01091705229636264
p_3972,t3_3abaqq,t1_csb38zu,t1_csb0t4r,0.19047619047619047,0.19886363636363635,-0.008387445887445888
p_3976,t3_3a8arj,t1_csb25uo,t1_csa740s,0.23484848484848486,0.1703056768558952,0.06454280799258966
p_3975,t3_3a8arj,t1_csa7uvc,t1_csag2ec,0.2007168458781362,0.1927710843373494,0.0079457615407868
p_3977,t3_3a7ys8,t1_csa4ppt,t1_csakjm1,0.19140625,0.11261261261261261,0.07879363738738739
p_3978,t3_3a7ys8,t1_csa41uf,t1_csakjm1,0.13063063063063063,0.11261261261261261,0.018018018018018014
p_3979,t3_3a7ys8,t1_csa7eao,t1_csaftry,0.23793103448275862,0.20481927710843373,0.033111757374324896
p_3980,t3_3a6yg4,t1_cs9xgqf,t1_csaitas,0.14553990610328638,0.19433198380566802,-0.04879207770238164
p_3981,t3_3a6sfg,t1_cs9tnoi,t1_cs9t2mb,0.16666666666666666,0.14482758620689656,0.021839080459770094
p_3982,t3_3a6sfg,t1_cs9u81l,t1_csa0tu8,0.1708542713567839,0.11188811188811189,0.05896615946867202
p_3983,t3_3a6sfg,t1_cs9uuka,t1_cs9v38y,0.125,0.10588235294117647,0.01911764705882353
p_3985,t3_3a6sfg,t1_cs9ty4c,t1_cs9tcqo,0.1392857142857143,0.10256410256410256,0.03672161172161173
p_3984,t3_3a6sfg,t1_cs9tqur,t1_csa781a,0.1507537688442211,0.15894039735099338,-0.008186628506772292
p_3986,t3_3a6sfg,t1_csacapm,t1_cs9wsj6,0.15444015444015444,0.09941520467836257,0.05502494976179187
p_3987,t3_3a6nix,t1_cs9ymgy,t1_cs9xs4k,0.05917159763313609,0.0874751491053678,-0.02830355147223171
p_3988,t3_3a6nix,t1_csa3hjg,t1_cs9xpu5,0.08097928436911488,0.18053375196232338,-0.0995544675932085
p_3989,t3_3a47yn,t1_cs96cyo,t1_cs96mzz,0.0967741935483871,0.1111111111111111,-0.01433691756272401
p_3990,t3_3a44py,t1_cs97753,t1_cs95esh,0.19937694704049844,0.2508710801393728,-0.05149413309887438
p_3991,t3_3a44py,t1_cs94osm,t1_cs95esh,0.1606425702811245,0.2508710801393728,-0.09022850985824832
p_3992,t3_3a44py,t1_cs95hzu,t1_cs95esh,0.16182572614107885,0.2508710801393728,-0.08904535399829397
p_3996,t3_3a2kst,t1_cs8otu7,t1_cs8qjhb,0.16494845360824742,0.1715686274509804,-0.006620173842732974
p_3997,t3_3a2kps,t1_cs8oy5s,t1_cs8pl4s,0.14594594594594595,0.14361702127659576,0.0023289246693501964
p_3998,t3_3a2kps,t1_cs8w2yw,t1_cs8voy5,0.19183673469387755,0.08888888888888889,0.10294784580498866
p_3999,t3_3a27yg,t1_cs8nx8v,t1_cs8njw2,0.1444043321299639,0.1524163568773234,-0.008012024747359514
p_4000,t3_3a27yg,t1_cs8u90i,t1_cs8z4yz,0.1471698113207547,0.15354330708661418,-0.006373495765859466
p_4001,t3_3a27yg,t1_cs98bq1,t1_cs8lemy,0.21179039301310043,0.18412698412698414,0.027663408886116292
p_4002,t3_3a1zva,t1_cs8kcyk,t1_cs8k3ho,0.14130434782608695,0.1695906432748538,-0.028286295448766846
p_4003,t3_3a1llw,t1_cs8f5f6,t1_cs8grh5,0.1858974358974359,0.14220183486238533,0.043695601035050574
p_4004,t3_3a1llw,t1_cs8otpf,t1_cs8epuj,0.18857142857142858,0.15333333333333332,0.03523809523809526
p_4006,t3_39y3l4,t1_cs7hm0x,t1_cs7hrpe,0.16666666666666666,0.17511520737327188,-0.008448540706605223
p_4007,t3_39xc0u,t1_cs7s05a,t1_cs7ksi5,0.14545454545454545,0.16028708133971292,-0.014832535885167475
p_4008,t3_39vjw8,t1_cs6yty8,t1_cs75jk8,0.12396694214876033,0.22488038277511962,-0.10091344062635929
p_4009,t3_39tm84,t1_cs6dg04,t1_cs6p5zn,0.128,0.10497237569060773,0.023027624309392272
p_4010,t3_39rlhg,t1_cs604vg,t1_cs5u7z4,0.16080402010050251,0.15625,0.004554020100502515
p_4011,t3_39rlhg,t1_cs61rw2,t1_cs5u7z4,0.18911917098445596,0.15625,0.032869170984455964
p_4012,t3_39r7s6,t1_cs5qjkd,t1_cs5pexs,0.1658291457286432,0.1987179487179487,-0.03288880298930549
p_4013,t3_39pwzl,t1_cs5e1x6,t1_cs5dyl3,0.15053763440860216,0.17647058823529413,-0.025932953826691973
p_4015,t3_39o24x,t1_cs51oox,t1_cs53w1p,0.1291759465478842,0.09268292682926829,0.036493019718615904
p_4019,t3_39o24x,t1_cs519gf,t1_cs53w1p,0.08980582524271845,0.09268292682926829,-0.0028771015865498434
p_4018,t3_39o24x,t1_cs51cou,t1_cs51mes,0.06766917293233082,0.11851851851851852,-0.0508493455861877
p_4020,t3_39mibw,t1_cs4mto6,t1_cs4n3wq,0.21978021978021978,0.18404907975460122,0.03573114002561856
p_4022,t3_39mgic,t1_cs4lprf,t1_cs6cp67,0.1038961038961039,0.10677083333333333,-0.0028747294372294258
p_4024,t3_39kdu2,t1_cs44pon,t1_cs433uj,0.1858108108108108,0.11888111888111888,0.06692969192969192
p_4025,t3_39jwup,t1_cs46pqo,t1_cs4a7ru,0.12113055181695828,0.15163147792706333,-0.030500926110105048
p_4026,t3_39int7,t1_cs3rx5b,t1_cs3s38w,0.18701298701298702,0.20506329113924052,-0.018050304126253497
p_4027,t3_39int7,t1_cs3qpta,t1_cs3s2nm,0.15555555555555556,0.08873720136518772,0.06681835419036784
p_4028,t3_39gzr7,t1_cs3agsc,t1_cs3ibde,0.19402985074626866,0.19205298013245034,0.001976870613818321
p_4029,t3_39gecw,t1_cs34hhp,t1_cs34bq6,0.13157894736842105,0.12987012987012986,0.0017088174982911875
p_4032,t3_39fdgq,t1_cs2vs00,t1_cs3vhdu,0.1865671641791045,0.16379310344827586,0.022774060730828632
p_4034,t3_39cnaw,t1_cs2c2cg,t1_cs2ak8s,0.13095238095238096,0.0668693009118541,0.06408308004052686
p_4037,t3_39an4v,t1_cs1rnz3,t1_cs1qvzv,0.2391304347826087,0.375,-0.1358695652173913
p_4038,t3_3973q1,t1_cs0zdjz,t1_cs0x3jw,0.18,0.1796116504854369,0.00038834951456309663
p_4040,t3_396i03,t1_cs0u4rr,t1_cs1pfx6,0.10344827586206896,0.12041884816753927,-0.016970572305470305
p_4041,t3_396ds4,t1_cs0r30x,t1_cs0rkfk,0.14473684210526316,0.1377245508982036,0.007012291207059568
p_4042,t3_396ds4,t1_cs0pu9z,t1_cs0rkfk,0.21782178217821782,0.1377245508982036,0.08009723128001422
p_4045,t3_394d49,t1_cs0kixk,t1_cs0kzwk,0.17452830188679244,0.1306532663316583,0.04387503555513414
p_4046,t3_393acp,t1_cs0gkne,t1_cs03ftc,0.1807909604519774,0.21428571428571427,-0.03349475383373687
p_4047,t3_391syd,t1_crzm90i,t1_crzmejp,0.20652173913043478,0.14798206278026907,0.058539676350165715
p_4050,t3_38x3jr,t1_cryip44,t1_crys2g6,0.11075949367088607,0.17518248175182483,-0.06442298808093876
p_4051,t3_38wxwu,t1_cryi2ij,t1_crygq09,0.17142857142857143,0.174496644295302,-0.003068072866730581
p_4052,t3_38wrju,t1_crygoz5,t1_cryxmv8,0.12307692307692308,0.18032786885245902,-0.05725094577553594
p_4054,t3_38s7v1,t1_crxxvxw,t1_crxhlos,0.1694915254237288,0.14498933901918976,0.02450218640453905
p_4056,t3_38qcbx,t1_crx7b22,t1_crx75t9,0.15294117647058825,0.1366906474820144,0.016250528988573848
p_4057,t3_38pbd5,t1_crwsbqv,t1_crxjvmc,0.17751479289940827,0.152,0.02551479289940828
p_4060,t3_38nv4x,t1_crwj8qj,t1_crwnz8i,0.09923664122137404,0.11160714285714286,-0.012370501635768819
p_4061,t3_38nv4x,t1_crwoni8,t1_crwub6q,0.15902964959568733,0.17405063291139242,-0.015020983315705089
p_4062,t3_38lqjc,t1_crvzt6q,t1_crvzmx5,0.17682926829268292,0.1643835616438356,0.01244570664884731
p_4063,t3_38kv3z,t1_crwg43c,t1_crxycdw,0.16736401673640167,0.1630901287553648,0.004273887981036867
p_4064,t3_38ks5m,t1_crvtej9,t1_crvxmr6,0.09561752988047809,0.13909774436090225,-0.04348021448042416
p_4065,t3_38jijq,t1_crvigw7,t1_crvi4ft,0.15611814345991562,0.1509433962264151,0.005174747233500532
p_4068,t3_38hvec,t1_crv5pod,t1_crva2wu,0.1724137931034483,0.17410714285714285,-0.0016933497536945619
p_4070,t3_38hvec,t1_crvb81l,t1_crvbp5u,0.12878787878787878,0.13178294573643412,-0.002995066948555336
p_4071,t3_38esaa,t1_cruufn4,t1_cruhp7v,0.11194029850746269,0.13333333333333333,-0.02139303482587064
p_4072,t3_38ehc6,t1_crug3c6,t1_cruge8m,0.15789473684210525,0.15458937198067632,0.0033053648614289333
p_4073,t3_38ehc6,t1_crufbnb,t1_cruge8m,0.1981981981981982,0.15458937198067632,0.04360882621752188
p_4074,t3_38b3d9,t1_crtqxff,t1_crtzoqd,0.1258741258741259,0.1245136186770428,0.0013605071970830829
p_4075,t3_38ah82,t1_crtkrsw,t1_crtl6k2,0.11428571428571428,0.13953488372093023,-0.02524916943521595
p_4078,t3_3856c4,t1_crsfw83,t1_crsdpxt,0.13756613756613756,0.12179487179487179,0.015771265771265766
p_4079,t3_383qcb,t1_crs0xzi,t1_crs1phn,0.09285714285714286,0.17532467532467533,-0.08246753246753247
p_4080,t3_383qcb,t1_crs37s2,t1_crs5obi,0.16883116883116883,0.17903930131004367,-0.010208132478874837
p_4081,t3_382uqn,t1_crrvd7b,t1_crsvp2m,0.11864406779661017,0.08791208791208792,0.030731979884522254
p_4084,t3_382uqn,t1_crsgxg7,t1_crsvp2m,0.12844036697247707,0.08791208791208792,0.04052827906038915
p_4085,t3_381ey6,t1_crrlwhm,t1_crrsigq,0.1784776902887139,0.12211221122112212,0.05636547906759179
p_4086,t3_381ey6,t1_crrj8n5,t1_crrl2sb,0.11462450592885376,0.12704918032786885,-0.012424674399015095
p_4087,t3_381ey6,t1_crrj6x9,t1_crrsoh1,0.20987654320987653,0.19811320754716982,0.011763335662706709
p_4088,t3_3814fe,t1_crs7vs7,t1_crrr3vr,0.09482758620689655,0.17796610169491525,-0.0831385154880187
p_4089,t3_3814fe,t1_crrqjbh,t1_crrr3vr,0.10606060606060606,0.17796610169491525,-0.07190549563430919
p_4090,t3_37ypcc,t1_crqzfaw,t1_crrcx9w,0.1456953642384106,0.18181818181818182,-0.03612281757977123
p_4092,t3_37x4xe,t1_crqnq2r,t1_crqlwke,0.12025316455696203,0.2062780269058296,-0.08602486234886758
p_4095,t3_37ug2e,t1_crpxli7,t1_crpxq2o,0.16901408450704225,0.10569105691056911,0.06332302759647314
p_4096,t3_37u8cs,t1_crpxfwt,t1_crq0vt4,0.15037593984962405,0.17801047120418848,-0.027634531354564423
p_4098,t3_37te7r,t1_crq15b7,t1_crpr6qy,0.1509433962264151,0.1527777777777778,-0.0018343815513627015
p_4100,t3_37scpk,t1_crpm7rq,t1_crphi3e,0.15141955835962145,0.10344827586206896,0.04797128249755249
p_4099,t3_37scpk,t1_crpjym2,t1_crpj42q,0.1522491349480969,0.1183206106870229,0.03392852426107398
p_4101,t3_37r5aa,t1_crp4yya,t1_crp52u5,0.09433962264150944,0.10222222222222223,-0.007882599580712787
p_4102,t3_37p0d8,t1_crolmg0,t1_cros9jk,0.18248175182481752,0.13658536585365855,0.04589638597115897
p_4103,t3_37p0d8,t1_crolte5,t1_cror8od,0.18090452261306533,0.17842323651452283,0.0024812860985425067
p_4105,t3_37okwz,t1_crol9eo,t1_crohrkg,0.14883720930232558,0.19480519480519481,-0.045967985502869235
p_4104,t3_37okwz,t1_croli1i,t1_croiuun,0.22372881355932203,0.16161616161616163,0.0621126519431604
p_4107,t3_37nxjn,t1_crotvnl,t1_crobn4e,0.18324607329842932,0.185,-0.0017539267015706794
p_4108,t3_37nv7l,t1_crobgcl,t1_croatus,0.25773195876288657,0.2538860103626943,0.003845948400192256
p_4109,t3_37nv7l,t1_crod5fw,t1_crobejx,0.2076271186440678,0.1415929203539823,0.0660341982900855
p_4113,t3_37jfl3,t1_crn7z3i,t1_crn9n8h,0.21929824561403508,0.1357615894039735,0.08353665621006157
p_4114,t3_37jfl3,t1_cro542n,t1_crn9n8h,0.14871794871794872,0.1357615894039735,0.012956359313975208
p_4115,t3_37jfl3,t1_crn8fep,t1_crnb7qs,0.2019704433497537,0.15217391304347827,0.04979653030627543
p_4116,t3_37j0tw,t1_crnmek9,t1_crn4uka,0.17751479289940827,0.2198952879581152,-0.04238049505870692
p_4117,t3_37i8f6,t1_crn97hc,t1_crn6u5k,0.16619718309859155,0.1598360655737705,0.006361117524821047
p_4119,t3_37i8f6,t1_crnc1m6,t1_crn6u5k,0.13818181818181818,0.1598360655737705,-0.02165424739195232
p_4122,t3_37h70b,t1_crnpv8h,t1_crmnqm8,0.14814814814814814,0.15841584158415842,-0.010267693436010278
p_4124,t3_37h2pb,t1_crmzdc2,t1_crn24i7,0.12468193384223919,0.15644820295983086,-0.03176626911759167
p_4125,t3_37gzdo,t1_crmlb6i,t1_crml5su,0.10891089108910891,0.1188118811881188,-0.009900990099009896
p_4127,t3_37gzdo,t1_crn13m3,t1_crmleve,0.1476510067114094,0.176,-0.028348993288590585
p_4126,t3_37gzdo,t1_crmpjd9,t1_crmq520,0.14,0.10909090909090909,0.030909090909090928
p_4128,t3_37gq9y,t1_crmtqyf,t1_crmj7w5,0.08753315649867374,0.15228426395939088,-0.06475110746071713
p_4129,t3_37fpzj,t1_crmgunx,t1_crmev4y,0.16544117647058823,0.13541666666666666,0.030024509803921573
p_4130,t3_37e6il,t1_crlxhoh,t1_crlycu1,0.11570247933884298,0.12340425531914893,-0.0077017759803059554
p_4131,t3_37e6il,t1_crmbvpl,t1_crmbrw9,0.16927899686520376,0.1634980988593156,0.005780898005888158
p_4132,t3_37c5ei,t1_crmai65,t1_crlk9hq,0.09744779582366589,0.08414872798434442,0.013299067839321471
p_4133,t3_37b2pr,t1_crlhcyw,t1_crld5qe,0.19032258064516128,0.14444444444444443,0.045878136200716846
p_4134,t3_37956u,t1_crku1nj,t1_crktasi,0.19135802469135801,0.212707182320442,-0.021349157629083987
p_4136,t3_376s9u,t1_crkaoej,t1_crk67b4,0.16990291262135923,0.14285714285714285,0.027045769764216382
p_4137,t3_376s9u,t1_crkcdfq,t1_crk61cm,0.147239263803681,0.20863309352517986,-0.06139382972149887
p_4138,t3_375cgq,t1_crjtlue,t1_crkdcxu,0.14136125654450263,0.12666666666666668,0.01469458987783595
p_4139,t3_375cgq,t1_crju8kq,t1_crju0u6,0.14213197969543148,0.13247863247863248,0.009653347216799002
p_4140,t3_374p4i,t1_crjo7t9,t1_crjoxub,0.08441558441558442,0.14759036144578314,-0.06317477703019872
p_4141,t3_373lxk,t1_crjfcxr,t1_crjh3wk,0.125,0.13168724279835392,-0.006687242798353921
p_4146,t3_371vcx,t1_crj0j6i,t1_crj1d9h,0.14634146341463414,0.10666666666666667,0.039674796747967464
p_4147,t3_371t9v,t1_criyct1,t1_criz1vm,0.11,0.08383233532934131,0.02616766467065869
p_4148,t3_371jts,t1_crj5qge,t1_crj0124,0.07604562737642585,0.18518518518518517,-0.10913955780875932
p_4149,t3_371iek,t1_criw393,t1_criw4gt,0.1564625850340136,0.13850415512465375,0.017958429909359863
p_4151,t3_37131i,t1_crit8xo,t1_crise8t,0.11707317073170732,0.12093023255813953,-0.0038570618264322093
p_4152,t3_37131i,t1_crizuk3,t1_crise8t,0.08169934640522876,0.12093023255813953,-0.039230886152910774
p_4153,t3_370rik,t1_crj6cfx,t1_crj8cj7,0.1366120218579235,0.24647887323943662,-0.10986685138151311
p_4154,t3_36wmyv,t1_crhsd0m,t1_crhpets,0.22325581395348837,0.16022099447513813,0.06303481947835024
p_4155,t3_36utu6,t1_crhapyz,t1_crhjyof,0.17105263157894737,0.1558073654390935,0.015245266139853886
p_4156,t3_36utu6,t1_crh9yic,t1_crhhhv0,0.2020997375328084,0.1608187134502924,0.04128102408251602
p_4157,t3_36utu6,t1_crhghlc,t1_crhhhv0,0.13569321533923304,0.1608187134502924,-0.025125498111059352
p_4158,t3_36utu6,t1_crhdevz,t1_crhc46p,0.19599109131403117,0.20279720279720279,-0.006806111483171617
p_4159,t3_36utu6,t1_crhsu1b,t1_crhjyof,0.19060773480662985,0.1558073654390935,0.03480036936753636
p_4160,t3_36utu6,t1_crhkv7d,t1_crhubbh,0.20192307692307693,0.25301204819277107,-0.05108897126969414
p_4161,t3_36utu6,t1_crhdith,t1_crhc46p,0.13432835820895522,0.20279720279720279,-0.06846884458824756
p_4163,t3_36u3s6,t1_crh9c6f,t1_crh4b3c,0.16964285714285715,0.17985611510791366,-0.01021325796505651
p_4164,t3_36tyf9,t1_crh4v0f,t1_crh37pw,0.2410358565737052,0.17567567567567569,0.0653601808980295
p_4165,t3_36t890,t1_crgxzpm,t1_crhepb2,0.12408759124087591,0.10429447852760736,0.019793112713268557
p_4166,t3_36rxl7,t1_crlw8uo,t1_crgw0wb,0.12669683257918551,0.1471861471861472,-0.020489314606961684
p_4168,t3_36r305,t1_crgcbrk,t1_crgb0m6,0.15025906735751296,0.14705882352941177,0.0032002438281011902
p_4169,t3_36r305,t1_crgbung,t1_crgk9p9,0.19313304721030042,0.13333333333333333,0.05979971387696709
p_4170,t3_36r305,t1_crgbjl7,t1_crgfecc,0.14917127071823205,0.10404624277456648,0.045125027943665574
p_4171,t3_36r305,t1_crgf3i9,t1_crgfecc,0.17553191489361702,0.10404624277456648,0.07148567211905055
p_4172,t3_36r305,t1_crgfk2y,t1_crgfecc,0.0979381443298969,0.10404624277456648,-0.006108098444669571
p_4175,t3_36nz4d,t1_crfsbub,t1_crfkxmv,0.13095238095238096,0.1456953642384106,-0.014742983286029632
p_4176,t3_36nz4d,t1_crfn04f,t1_crfnywz,0.20647773279352227,0.20588235294117646,0.000595379852345812
p_4177,t3_36ncax,t1_crfgebl,t1_crffh1u,0.09868421052631579,0.07964601769911504,0.019038192827200748
p_4180,t3_36iee8,t1_cre9a2g,t1_cretabl,0.11855670103092783,0.09510869565217392,0.02344800537875391
p_4181,t3_36iee8,t1_crez4hc,t1_cretabl,0.05009633911368015,0.09510869565217392,-0.04501235653849377
p_4182,t3_36htjx,t1_cre64ad,t1_cre4lsx,0.14285714285714285,0.1689497716894977,-0.02609262883235486
p_4187,t3_36gp4w,t1_crdult8,t1_cree54y,0.1322314049586777,0.1459227467811159,-0.013691341822438197
p_4188,t3_36fnl9,t1_crdkebp,t1_crdk3ku,0.1746031746031746,0.1792452830188679,-0.004642108415693319
p_4189,t3_36fllr,t1_cre4905,t1_crdk6ds,0.2222222222222222,0.16770186335403728,0.05452035886818493
p_4190,t3_36eadt,t1_crd7ceh,t1_crdmuo9,0.11475409836065574,0.19753086419753085,-0.08277676583687511
p_4191,t3_36dprt,t1_crd5jwj,t1_crd60jm,0.12274368231046931,0.14732142857142858,-0.024577746260959266
p_4192,t3_36ckmk,t1_crcyaft,t1_crcrx2m,0.16193181818181818,0.1392857142857143,0.022646103896103886
p_4193,t3_36cadv,t1_crd31fu,t1_crcyh42,0.18253968253968253,0.17712177121771217,0.0054179113219703645
p_4195,t3_36az4a,t1_crccjno,t1_crcd94m,0.16083916083916083,0.19902912621359223,-0.038189965374431395
p_4196,t3_36az4a,t1_crcdumw,t1_crcd94m,0.15384615384615385,0.19902912621359223,-0.04518297236743837
p_4203,t3_366935,t1_crb48sd,t1_crb93o7,0.17463617463617465,0.17130620985010706,0.0033299647860675907
p_4204,t3_366935,t1_crb5ovt,t1_crb4po1,0.16865079365079366,0.10298102981029811,0.06566976384049555
p_4205,t3_366935,t1_crb3q3x,t1_crb93o7,0.18834080717488788,0.17130620985010706,0.017034597324780826
p_4207,t3_3633hr,t1_cracfoy,t1_craetek,0.09329446064139942,0.11331444759206799,-0.020019986950668575
p_4213,t3_362xxo,t1_craazhe,t1_cra7vj8,0.10569105691056911,0.14285714285714285,-0.03716608594657374
p_4212,t3_362xxo,t1_cra91kz,t1_cra8egz,0.22702702702702704,0.18835616438356165,0.03867086264346539
p_4208,t3_362xxo,t1_cra9nj2,t1_cra8egz,0.19293478260869565,0.18835616438356165,0.004578618225134001
p_4209,t3_362xxo,t1_cra9bnt,t1_cra8egz,0.15139442231075698,0.18835616438356165,-0.03696174207280467
p_4214,t3_362xxo,t1_crabevn,t1_cra82mu,0.09545454545454546,0.1520912547528517,-0.05663670929830625
p_4211,t3_362xxo,t1_cra8ccq,t1_cra85vs,0.08444444444444445,0.15413533834586465,-0.0696908939014202
p_4215,t3_361st8,t1_cr9wx17,t1_craeuvo,0.15458937198067632,0.16666666666666666,-0.012077294685990336
p_4216,t3_361st8,t1_cra0mwx,t1_cra9gv9,0.1875,0.22270742358078602,-0.03520742358078602
p_4217,t3_361st8,t1_craiwvx,t1_cra9gv9,0.24472573839662448,0.22270742358078602,0.022018314815838463
p_4218,t3_361cys,t1_cr9yzkw,t1_cr9y5g8,0.13131313131313133,0.1388888888888889,-0.007575757575757569
p_4219,t3_361cys,t1_cr9xgc0,t1_cr9t6qc,0.17562724014336917,0.1188118811881188,0.05681535895525036
p_4220,t3_360lwk,t1_cr9nixj,t1_cr9oak1,0.1910828025477707,0.12807881773399016,0.06300398481378056
p_4221,t3_360du5,t1_cr9k2gr,t1_cr9jhq4,0.19613259668508287,0.14695340501792115,0.049179191667161726
p_4222,t3_35zzer,t1_cr9gnue,t1_cr9i6m0,0.15053763440860216,0.21098265895953758,-0.06044502455093542
p_4223,t3_35zi4m,t1_cr9bdwl,t1_cr9fc4y,0.16923076923076924,0.15966386554621848,0.009566903684550765
p_4224,t3_35zguh,t1_cr9iv5x,t1_cr9h75a,0.1566265060240964,0.17343173431734318,-0.016805228293246793
p_4226,t3_35z1es,t1_cr96tzb,t1_cr9571k,0.1111111111111111,0.11320754716981132,-0.0020964360587002184
p_4227,t3_35z1es,t1_cr99c3w,t1_cr9d0dl,0.11764705882352941,0.11538461538461539,0.002262443438914019
p_4228,t3_35y0qf,t1_cr8wgnx,t1_cr8vi2j,0.23,0.1946564885496183,0.0353435114503817
p_4229,t3_35wjd8,t1_cr8v07h,t1_cr8jbs1,0.1380952380952381,0.16806722689075632,-0.029971988795518212
p_4230,t3_35w8v2,t1_cr8f3v2,t1_cr8f9ax,0.14393939393939395,0.20689655172413793,-0.06295715778474398
p_4231,t3_35w8v2,t1_cr8irdf,t1_cr8gplq,0.0851063829787234,0.19158878504672897,-0.10648240206800556
p_4233,t3_35toyd,t1_cr7qd1b,t1_cr85c8b,0.1206896551724138,0.12154696132596685,-0.0008573061535530474
p_4234,t3_35toyd,t1_cr7oo3y,t1_cr7xf53,0.1722488038277512,0.12169312169312169,0.05055568213462952
p_4235,t3_35sw2p,t1_cr7kk4p,t1_cr7ne8m,0.1393188854489164,0.1608695652173913,-0.021550679768474884
p_4237,t3_35s5bb,t1_cr7fgpo,t1_cr7juob,0.12444444444444444,0.22924901185770752,-0.10480456741326308
p_4240,t3_35ruv5,t1_cr7clfr,t1_cr7cinv,0.1148936170212766,0.09090909090909091,0.023984526112185683
p_4239,t3_35ruv5,t1_cr7bycz,t1_cr7d0y4,0.16326530612244897,0.12367491166077739,0.03959039446167158
p_4241,t3_35peeu,t1_cr6ssh1,t1_cr7l53q,0.14563106796116504,0.13978494623655913,0.005846121724605913
p_4242,t3_35oag9,t1_cr6dn1m,t1_cr6gxvj,0.1865079365079365,0.1909722222222222,-0.004464285714285698
p_4243,t3_35oag9,t1_cr6m2hi,t1_cr6gxvj,0.19473684210526315,0.1909722222222222,0.0037646198830409427
p_4244,t3_35mgfp,t1_cr5tt2i,t1_cr68z3e,0.23129251700680273,0.13656387665198239,0.09472864035482034
p_4245,t3_35mgfp,t1_cr61twj,t1_cr5t999,0.16129032258064516,0.11914893617021277,0.042141386410432385
p_4246,t3_35mgfp,t1_cr5rof8,t1_cr68z3e,0.14414414414414414,0.13656387665198239,0.0075802674921617574
p_4247,t3_35md5x,t1_cr5qlbl,t1_cr6fywq,0.18823529411764706,0.19112627986348124,-0.0028909857458341848
p_4249,t3_35k9i9,t1_cr5buw4,t1_cr5km5t,0.16153846153846155,0.13664596273291926,0.024892498805542285
p_4252,t3_35gi8x,t1_cr4ky6p,t1_cr49czs,0.07462686567164178,0.1320754716981132,-0.05744860602647142
p_4253,t3_35gi8x,t1_cr4s724,t1_cr49czs,0.18652849740932642,0.1320754716981132,0.054453025711213215
p_4254,t3_35foy9,t1_cr3z6dk,t1_cr4asiu,0.22675736961451248,0.1746031746031746,0.05215419501133789
p_4257,t3_35foy9,t1_cr3z34g,t1_cr46bgq,0.12921348314606743,0.18453865336658354,-0.05532517022051611
p_4258,t3_35foy9,t1_cr45f27,t1_cr4asiu,0.20253164556962025,0.1746031746031746,0.027928470966445657
p_4260,t3_35fjb1,t1_cr49j5s,t1_cr3xa7x,0.17647058823529413,0.13675213675213677,0.03971845148315736
p_4262,t3_35bc4b,t1_cr2suj3,t1_cr2s3nt,0.11705685618729098,0.21262458471760798,-0.095567728530317
p_4263,t3_35bc4b,t1_cr2sadm,t1_cr2soeg,0.09482758620689655,0.1471698113207547,-0.052342225113858165
