pair_id,root_id,success_id,failure_id,jaccard_in_content_success,jaccard_in_content_failure,difference_success_minus_failure
p_1,t3_2ro9ux,t1_cnhplrm,t1_cnhqcwz,0.0392156862745098,0.06363636363636363,-0.024420677361853826
p_2,t3_2ro0ti,t1_cnhuxye,t1_cnhowj2,0.023809523809523808,0.049019607843137254,-0.025210084033613446
p_3,t3_2rnr30,t1_cni3o83,t1_cnhlmdo,0.07906976744186046,0.06201550387596899,0.017054263565891473
p_5,t3_2rnfn0,t1_cnigfd9,t1_cnhjtqq,0.11420612813370473,0.12337662337662338,-0.009170495242918644
p_6,t3_2rmy6e,t1_cnhc8a5,t1_cnhmkxc,0.06060606060606061,0.07352941176470588,-0.012923351158645277
p_7,t3_2rmy6e,t1_cnhjqws,t1_cnhmkxc,0.07633587786259542,0.07352941176470588,0.0028064660978895373
p_11,t3_2rkzen,t1_cngw4hp,t1_cnhjlf9,0.05223880597014925,0.050314465408805034,0.0019243405613442177
p_12,t3_2rkjr3,t1_cngqb7p,t1_cnhhz9u,0.12087912087912088,0.10714285714285714,0.013736263736263743
p_13,t3_2rk7my,t1_cngooa8,t1_cngpiso,0.038834951456310676,0.10526315789473684,-0.06642820643842616
p_14,t3_2rk7my,t1_cngoaq7,t1_cngoke7,0.05555555555555555,0.0449438202247191,0.010611735330836453
p_15,t3_2rgs7o,t1_cngkdic,t1_cnfu7mt,0.12280701754385964,0.09859154929577464,0.024215468248085
p_18,t3_2rd7mg,t1_cnetiqi,t1_cnfbr75,0.07250755287009064,0.08469945355191257,-0.012191900681821924
p_19,t3_2rd7mg,t1_cnethg8,t1_cnevo8r,0.03546099290780142,0.10266159695817491,-0.06720060405037348
p_20,t3_2rcsdh,t1_cneonwb,t1_cnerq8q,0.09550561797752809,0.057803468208092484,0.0377021497694356
p_21,t3_2rcsdh,t1_cnepre9,t1_cneta9f,0.11464968152866242,0.05555555555555555,0.05909412597310687
p_22,t3_2rcsdh,t1_cnerrix,t1_cnerq8q,0.04285714285714286,0.057803468208092484,-0.014946325350949627
p_24,t3_2rcpqy,t1_cnen833,t1_cneniy0,0.07142857142857142,0.11904761904761904,-0.047619047619047616
p_25,t3_2rc3p3,t1_cnelqn6,t1_cnejze0,0.12337662337662338,0.11194029850746269,0.011436324869160686
p_26,t3_2rawgb,t1_cneyhn7,t1_cnerfm7,0.0935672514619883,0.08358208955223881,0.00998516190974949
p_28,t3_2r7f0g,t1_cnd8t6p,t1_cnd4xb4,0.023148148148148147,0.06504065040650407,-0.041892502258355925
p_29,t3_2r6fw9,t1_cnczhfc,t1_cncxwgs,0.03225806451612903,0.05813953488372093,-0.025881470367591898
p_30,t3_2r6a86,t1_cncxf4c,t1_cncxj5i,0.07878787878787878,0.08411214953271028,-0.005324270744831494
p_31,t3_2r6a86,t1_cncz7ep,t1_cnd1czm,0.0481283422459893,0.05405405405405406,-0.005925711808064754
p_32,t3_2r6a86,t1_cncx9n7,t1_cnd9u6t,0.08943089430894309,0.061855670103092786,0.027575224205850304
p_33,t3_2r5o9o,t1_cncqcjt,t1_cncwesf,0.10897435897435898,0.045112781954887216,0.06386157701947176
p_34,t3_2r5o9o,t1_cncp4k9,t1_cncvoxh,0.07971014492753623,0.045454545454545456,0.03425559947299077
p_35,t3_2r5o9o,t1_cncqhhb,t1_cncpluh,0.06470588235294118,0.09923664122137404,-0.03453075886843286
p_36,t3_2r4u3k,t1_cncry40,t1_cncnikt,0.056451612903225805,0.07909604519774012,-0.022644432294514315
p_37,t3_2r4b8f,t1_cnch3ur,t1_cnchpr4,0.09154929577464789,0.11235955056179775,-0.02081025478714986
p_38,t3_2r3fa4,t1_cnc4l6o,t1_cnc6h09,0.06622516556291391,0.06870229007633588,-0.002477124513421969
p_39,t3_2r39y4,t1_cnc2apj,t1_cnc69pi,0.0967741935483871,0.08396946564885496,0.012804727899532131
p_41,t3_2r1qfw,t1_cnd3gva,t1_cnbpxtc,0.14130434782608695,0.05555555555555555,0.0857487922705314
p_42,t3_2r1omi,t1_cnblplo,t1_cnblyk8,0.05217391304347826,0.05785123966942149,-0.005677326625943231
p_43,t3_2r1omi,t1_cnby5pl,t1_cnbl7tt,0.07738095238095238,0.07017543859649122,0.007205513784461159
p_44,t3_2r17g1,t1_cnbjfmc,t1_cnbjh0e,0.010416666666666666,0.08433734939759036,-0.07392068273092368
p_45,t3_2r0eyf,t1_cncjlq6,t1_cnb8f1r,0.05737704918032787,0.0989010989010989,-0.04152404972077103
p_47,t3_2r07cv,t1_cnb5yjj,t1_cnbl2z0,0.13095238095238096,0.07692307692307693,0.05402930402930403
p_50,t3_2qzudy,t1_cnb75td,t1_cnb72w5,0.07983193277310924,0.07792207792207792,0.0019098548510313174
p_51,t3_2qy21w,t1_cnaozch,t1_cnaxt0m,0.046875,0.12030075187969924,-0.07342575187969924
p_52,t3_2qvzyh,t1_cna6cd3,t1_cna4m9p,0.07228915662650602,0.07692307692307693,-0.004633920296570906
p_54,t3_2qu6fg,t1_cn9rm4s,t1_cn9jqcy,0.04861111111111111,0.0625,-0.013888888888888888
p_55,t3_2qtorn,t1_cn9ejzb,t1_cn9ezot,0.13043478260869565,0.11016949152542373,0.020265291083271922
p_56,t3_2qslmz,t1_cn96gyu,t1_cn96797,0.15536105032822758,0.09840425531914894,0.056956795009078645
p_57,t3_2qrlmm,t1_cn8uzj9,t1_cna3vcn,0.045454545454545456,0.04568527918781726,-0.00023073373327180124
p_58,t3_2qrlmm,t1_cn8va27,t1_cna3vcn,0.09278350515463918,0.04568527918781726,0.04709822596682192
p_59,t3_2qrbaf,t1_cn9b6ar,t1_cnajqzu,0.07329842931937172,0.09326424870466321,-0.01996581938529149
p_60,t3_2qr8gn,t1_cn8tm9p,t1_cn8zxwa,0.058394160583941604,0.06060606060606061,-0.002211900022119004
p_61,t3_2qr8gn,t1_cn9b5po,t1_cn8tfsm,0.1262135922330097,0.15,-0.023786407766990286
p_62,t3_2qqxoy,t1_cn8oez8,t1_cn8o8sq,0.06097560975609756,0.06862745098039216,-0.007651841224294603
p_63,t3_2qqa7z,t1_cn8hti0,t1_cn8hi2i,0.11834319526627218,0.12878787878787878,-0.010444683521606601
p_64,t3_2qnzap,t1_cn7zx81,t1_cn7wwbo,0.11555555555555555,0.09090909090909091,0.02464646464646464
p_65,t3_2qnzap,t1_cn7x1ic,t1_cn7zlhv,0.11409395973154363,0.08771929824561403,0.026374661485929596
p_66,t3_2qnu4z,t1_cn7xcvt,t1_cn8idg6,0.11764705882352941,0.12777777777777777,-0.010130718954248358
p_67,t3_2qnu4z,t1_cn7wrhe,t1_cn8idg6,0.1016949152542373,0.12777777777777777,-0.026082862523540473
p_68,t3_2qncj3,t1_cn7tqy5,t1_cn7wgim,0.078125,0.0970873786407767,-0.018962378640776698
p_73,t3_2qia6o,t1_cn7l5g4,t1_cn6ogzo,0.0749063670411985,0.05508474576271186,0.01982162127848664
p_72,t3_2qia6o,t1_cn6rxow,t1_cn6ot0g,0.03927492447129909,0.09221902017291066,-0.052944095701611564
p_74,t3_2qgpie,t1_cn620d0,t1_cn5z7c0,0.04794520547945205,0.08,-0.03205479452054795
p_77,t3_2qc1rl,t1_cn5sqpz,t1_cn50cq3,0.03862660944206009,0.09322033898305085,-0.05459372954099076
p_80,t3_2qaf6l,t1_cn4h6d8,t1_cn4ba9v,0.05555555555555555,0.06962025316455696,-0.014064697609001406
p_81,t3_2q9fkx,t1_cn46e20,t1_cn4ebjb,0.10714285714285714,0.11564625850340136,-0.008503401360544227
p_83,t3_2q6x54,t1_cn3lhe7,t1_cn3f94v,0.05434782608695652,0.0684931506849315,-0.014145324597974983
p_84,t3_2q6k6o,t1_cn3clj6,t1_cn3c0uh,0.08298755186721991,0.08921161825726141,-0.006224066390041499
p_85,t3_2q6816,t1_cn3a5px,t1_cn38xe9,0.08264462809917356,0.1043956043956044,-0.021750976296430843
p_86,t3_2q6816,t1_cn3875x,t1_cn3b495,0.047058823529411764,0.03225806451612903,0.014800759013282733
p_90,t3_2q388d,t1_cn2e530,t1_cn2pyft,0.05309734513274336,0.05555555555555555,-0.0024582104228121904
p_91,t3_2q388d,t1_cn2eaqu,t1_cn2pyft,0.04950495049504951,0.05555555555555555,-0.006050605060506045
p_92,t3_2q388d,t1_cn2re9b,t1_cn2pyft,0.0749063670411985,0.05555555555555555,0.019350811485642952
p_93,t3_2q388d,t1_cn2e6rz,t1_cn2j7o1,0.034482758620689655,0.041666666666666664,-0.00718390804597701
p_94,t3_2q2cxc,t1_cn28of2,t1_cn2g775,0.1,0.08542713567839195,0.01457286432160805
p_96,t3_2q0dpm,t1_cn1ti5g,t1_cn1p49g,0.055900621118012424,0.125,-0.06909937888198758
p_101,t3_2pxqz4,t1_cn13ybe,t1_cn0y99z,0.0891089108910891,0.09183673469387756,-0.002727823802788451
p_98,t3_2pxqz4,t1_cn11dcw,t1_cn0y99z,0.08771929824561403,0.09183673469387756,-0.004117436448263526
p_99,t3_2pxqz4,t1_cn0znyb,t1_cn0y99z,0.08403361344537816,0.09183673469387756,-0.007803121248499398
p_100,t3_2pxqz4,t1_cn11u7e,t1_cn12dq3,0.09375,0.14953271028037382,-0.05578271028037382
p_103,t3_2pww37,t1_cn0q1m7,t1_cn0vhkj,0.037037037037037035,0.06666666666666667,-0.02962962962962963
p_105,t3_2pt2b2,t1_cmztgqz,t1_cmzvst5,0.09090909090909091,0.06965174129353234,0.02125734961555857
p_106,t3_2pt2b2,t1_cmzx0i4,t1_cmzv05o,0.03428571428571429,0.057291666666666664,-0.023005952380952377
p_107,t3_2ps2mr,t1_cmzhxux,t1_cmzyju1,0.16591928251121077,0.16730038022813687,-0.0013810977169260996
p_108,t3_2pqfx4,t1_cmzmqbt,t1_cmz3fhx,0.03048780487804878,0.04784688995215311,-0.01735908507410433
p_109,t3_2ppxgu,t1_cmz3fxo,t1_cmz3hz0,0.07744107744107744,0.07083333333333333,0.006607744107744104
p_110,t3_2pp7pp,t1_cmyupjh,t1_cmyxcrc,0.0576271186440678,0.07479674796747968,-0.01716962932341188
p_112,t3_2pnm9s,t1_cmytc0t,t1_cmycunf,0.12087912087912088,0.15441176470588236,-0.03353264382676148
p_114,t3_2pm08t,t1_cmxwzlp,t1_cmxwyti,0.07174887892376682,0.11764705882352941,-0.045898179899762595
p_116,t3_2pjmrj,t1_cmxddb6,t1_cmxj3jh,0.12064965197215777,0.11666666666666667,0.003982985305491099
p_117,t3_2pjbkm,t1_cmx7wpk,t1_cmx81vs,0.09285714285714286,0.07792207792207792,0.01493506493506494
p_119,t3_2pjbkm,t1_cmx86kb,t1_cmx81vs,0.02973977695167286,0.07792207792207792,-0.04818230097040506
p_118,t3_2pjbkm,t1_cmx7tet,t1_cmx7r0l,0.07751937984496124,0.08064516129032258,-0.003125781445361339
p_120,t3_2pimzj,t1_cmx2c61,t1_cmy635r,0.02877697841726619,0.037267080745341616,-0.008490102328075427
p_122,t3_2phwfa,t1_cmwy98c,t1_cmwvzit,0.04201680672268908,0.04895104895104895,-0.006934242228359873
p_123,t3_2pfatz,t1_cmw8af0,t1_cmw5dme,0.11538461538461539,0.03816793893129771,0.07721667645331767
p_124,t3_2pf19b,t1_cmw30ng,t1_cmw5vwc,0.07368421052631578,0.09302325581395349,-0.019339045287637704
p_125,t3_2pb90y,t1_cmw6nes,t1_cmv8x0x,0.05303030303030303,0.03759398496240601,0.015436318067897019
p_126,t3_2pata1,t1_cmuzv8n,t1_cmuzku3,0.1366906474820144,0.10638297872340426,0.030307668758610143
p_128,t3_2pata1,t1_cmv1bja,t1_cmuzw1v,0.09655172413793103,0.09016393442622951,0.006387789711701522
p_129,t3_2pata1,t1_cmv1kvh,t1_cmuzw1v,0.0603448275862069,0.09016393442622951,-0.029819106840022612
p_130,t3_2paiy7,t1_cmuuepa,t1_cmuuubv,0.06,0.0392156862745098,0.020784313725490194
p_132,t3_2pa8qe,t1_cmvck77,t1_cmuygdo,0.05185185185185185,0.08333333333333333,-0.03148148148148148
p_134,t3_2p8w9e,t1_cmuem3l,t1_cmuesb3,0.09278350515463918,0.09448818897637795,-0.0017046838217387728
p_135,t3_2p8d3m,t1_cmub3xl,t1_cmuaujo,0.1076923076923077,0.12658227848101267,-0.01888997078870497
p_140,t3_2p3d0h,t1_cmsyikr,t1_cmt2dzd,0.0661764705882353,0.12781954887218044,-0.06164307828394515
p_141,t3_2p3d0h,t1_cmszlym,t1_cmszanf,0.1323529411764706,0.10152284263959391,0.030830098536876682
p_144,t3_2p11bw,t1_cmsf46p,t1_cmsib92,0.022727272727272728,0.0736196319018405,-0.05089235917456777
p_145,t3_2p0xu8,t1_cmsgy2p,t1_cmsbh89,0.03608247422680412,0.058823529411764705,-0.022741055184960585
p_148,t3_2ox2nh,t1_cmrepwp,t1_cms5gvq,0.08021390374331551,0.10408921933085502,-0.02387531558753951
p_149,t3_2ox2nh,t1_cmrgr22,t1_cms5gvq,0.06896551724137931,0.10408921933085502,-0.03512370208947571
p_151,t3_2ouj9f,t1_cmqnl31,t1_cmqrfg1,0.15333333333333332,0.08256880733944955,0.07076452599388378
p_153,t3_2ottrr,t1_cmqmfx7,t1_cmqnqbl,0.12886597938144329,0.07582938388625593,0.053036595495187355
p_155,t3_2osnqc,t1_cmqhv5l,t1_cmresyd,0.07971014492753623,0.05612244897959184,0.02358769594794439
p_157,t3_2orfda,t1_cmpt6sy,t1_cmpxkl7,0.10049423393739704,0.09106529209621993,0.00942894184117711
p_158,t3_2opfa2,t1_cmpp5ft,t1_cmpbzl7,0.06140350877192982,0.04,0.02140350877192982
p_159,t3_2opfa2,t1_cmpb0pv,t1_cmpbzl7,0.08403361344537816,0.04,0.04403361344537816
p_162,t3_2ook4i,t1_cmp3ql5,t1_cmp6pe7,0.10294117647058823,0.04032258064516129,0.06261859582542695
p_163,t3_2ook4i,t1_cmp3sav,t1_cmp6pe7,0.08024691358024691,0.04032258064516129,0.03992433293508562
p_164,t3_2oo3qw,t1_cmp0nen,t1_cmoz1u8,0.09343434343434344,0.11524163568773234,-0.0218072922533889
p_165,t3_2onx4o,t1_cmpcp85,t1_cmowl2j,0.09448818897637795,0.04516129032258064,0.04932689865379731
p_166,t3_2olm34,t1_cmogsmw,t1_cmobov1,0.05921052631578947,0.06474820143884892,-0.00553767512305945
p_167,t3_2okzs7,t1_cmo88eb,t1_cmo4r1b,0.07727272727272727,0.11570247933884298,-0.03842975206611571
p_168,t3_2okzs7,t1_cmobl8p,t1_cmo50pz,0.10638297872340426,0.10646387832699619,-8.089960359193571e-05
p_170,t3_2okad4,t1_cmo23yr,t1_cmo8tg2,0.107981220657277,0.11904761904761904,-0.011066398390342042
p_171,t3_2okad4,t1_cmo8ojn,t1_cmoaise,0.09302325581395349,0.0625,0.030523255813953487
p_172,t3_2oj6fq,t1_cmnogog,t1_cmnorxs,0.10227272727272728,0.036585365853658534,0.06568736141906875
p_173,t3_2oihml,t1_cmnhr07,t1_cmnhhi8,0.0967741935483871,0.06779661016949153,0.02897758337889557
p_176,t3_2od6s9,t1_cmm80hm,t1_cmm6iu4,0.1111111111111111,0.049689440993788817,0.06142167011732229
p_177,t3_2o6paa,t1_cmkar1d,t1_cmk90wu,0.11494252873563218,0.10344827586206896,0.011494252873563218
p_178,t3_2o66aa,t1_cmktxrs,t1_cmkb48q,0.10975609756097561,0.037037037037037035,0.07271906052393858
p_179,t3_2o3imb,t1_cmjfisw,t1_cmjf4wj,0.07368421052631578,0.043795620437956206,0.029888590088359576
p_180,t3_2o2kga,t1_cmj4gzw,t1_cmj4j7t,0.0891089108910891,0.07633587786259542,0.012773033028493683
p_182,t3_2o0cgz,t1_cmijvd2,t1_cmj6omn,0.022388059701492536,0.05952380952380952,-0.03713574982231699
p_184,t3_2nzz4f,t1_cmig3tq,t1_cmigugj,0.13986013986013987,0.13815789473684212,0.001702245123297752
p_185,t3_2nzz4f,t1_cmig8jp,t1_cmigugj,0.14102564102564102,0.13815789473684212,0.002867746288798906
p_188,t3_2nycpk,t1_cmi2cok,t1_cmi07y5,0.1016949152542373,0.11475409836065574,-0.013059183106418445
p_189,t3_2nycpk,t1_cmi0pj8,t1_cmi1upk,0.05673758865248227,0.06802721088435375,-0.01128962223187148
p_192,t3_2nvoj9,t1_cmhbmic,t1_cmhh0hd,0.02586206896551724,0.072992700729927,-0.047130631764409764
p_194,t3_2nurqb,t1_cmhj4k1,t1_cmh25d1,0.050955414012738856,0.05,0.0009554140127388533
p_197,t3_2ns94k,t1_cmge1ce,t1_cmgdr4w,0.07954545454545454,0.109375,-0.029829545454545456
p_201,t3_2nn1t8,t1_cmf6dis,t1_cmf9lck,0.10526315789473684,0.09226190476190477,0.013001253132832069
p_203,t3_2nlqpd,t1_cmep4vb,t1_cmescql,0.04285714285714286,0.03125,0.011607142857142858
p_204,t3_2njpov,t1_cme8uee,t1_cme7zu7,0.12222222222222222,0.06451612903225806,0.057706093189964155
p_207,t3_2nhvh5,t1_cme6tfj,t1_cme00q3,0.09407665505226481,0.12828947368421054,-0.034212818631945724
p_208,t3_2nfgyu,t1_cmd8966,t1_cmdakad,0.0660377358490566,0.04,0.026037735849056602
p_210,t3_2nfgyu,t1_cmdtb2g,t1_cmdla4k,0.03111111111111111,0.050505050505050504,-0.019393939393939394
p_211,t3_2neyur,t1_cmd1tqr,t1_cmd1oh5,0.08755760368663594,0.07239819004524888,0.015159413641387065
p_212,t3_2nejw6,t1_cmcw398,t1_cmcx4w0,0.08571428571428572,0.04195804195804196,0.043756243756243755
p_213,t3_2ndhkz,t1_cmd8rka,t1_cmco92x,0.03515625,0.08582089552238806,-0.05066464552238806
p_214,t3_2nccrb,t1_cmcdwlz,t1_cmcd35f,0.061855670103092786,0.08,-0.018144329896907216
p_215,t3_2nbz5b,t1_cmca2tl,t1_cmcmvds,0.07407407407407407,0.08866995073891626,-0.014595876664842189
p_218,t3_2nbeuf,t1_cmcfhk8,t1_cmc4eif,0.07602339181286549,0.052980132450331126,0.023043259362534367
p_217,t3_2nbeuf,t1_cmcdl7k,t1_cmcs0t1,0.09090909090909091,0.046511627906976744,0.04439746300211417
p_222,t3_2n8psp,t1_cmbkvaw,t1_cmbempi,0.0728476821192053,0.07236842105263158,0.0004792610665737135
p_224,t3_2n8psp,t1_cmbnpay,t1_cmbzbs2,0.09803921568627451,0.0846774193548387,0.013361796331435805
p_225,t3_2n8psp,t1_cmc2p7e,t1_cmbi6o3,0.11602209944751381,0.07407407407407407,0.04194802537343974
p_226,t3_2n6s5w,t1_cmav500,t1_cmax5qt,0.07037037037037037,0.05925925925925926,0.011111111111111113
p_227,t3_2n4aay,t1_cmac7sf,t1_cma6qfq,0.01,0.08860759493670886,-0.07860759493670887
p_229,t3_2n2wu5,t1_cm9u4m0,t1_cm9uau6,0.06172839506172839,0.058823529411764705,0.0029048656499636866
p_230,t3_2mzkhr,t1_cm931kl,t1_cm92k7o,0.05084745762711865,0.14285714285714285,-0.0920096852300242
p_232,t3_2mw3l4,t1_cm83s8f,t1_cm875yc,0.06956521739130435,0.052941176470588235,0.016624040920716114
p_234,t3_2mv3n4,t1_cm83yv8,t1_cm805jt,0.14836795252225518,0.07734806629834254,0.07101988622391264
p_236,t3_2mr590,t1_cm6tqwt,t1_cm6umtg,0.08163265306122448,0.08536585365853659,-0.0037332005973121085
p_237,t3_2mqzo8,t1_cm6skkb,t1_cm6usez,0.05423728813559322,0.07958477508650519,-0.02534748695091197
p_238,t3_2mqujn,t1_cm7jdj2,t1_cm6wgd3,0.03488372093023256,0.11673151750972763,-0.08184779657949506
p_239,t3_2mq7ib,t1_cm6ltar,t1_cm6oe3f,0.05825242718446602,0.05154639175257732,0.0067060354318887044
p_240,t3_2mptvb,t1_cm6m7jr,t1_cm6q0wq,0.12992125984251968,0.11676646706586827,0.013154792776651408
p_241,t3_2mo4fl,t1_cm613kx,t1_cm5zuuo,0.08808290155440414,0.05202312138728324,0.0360597801671209
p_242,t3_2mnthx,t1_cm5xikh,t1_cm660yf,0.07142857142857142,0.05555555555555555,0.015873015873015872
p_245,t3_2mnthx,t1_cm627rv,t1_cm660yf,0.061855670103092786,0.05555555555555555,0.006300114547537233
p_246,t3_2mnpdh,t1_cm6nlky,t1_cm65r7g,0.0845771144278607,0.08015267175572519,0.0044244426721355146
p_248,t3_2mm2dl,t1_cm5j6hr,t1_cm5iqtr,0.051470588235294115,0.08333333333333333,-0.031862745098039214
p_247,t3_2mm2dl,t1_cm5ikfo,t1_cm5imes,0.030303030303030304,0.09090909090909091,-0.06060606060606061
p_249,t3_2mlvww,t1_cm5gv0j,t1_cm5fmvt,0.10135135135135136,0.08695652173913043,0.014394829612220925
p_250,t3_2mikc0,t1_cm4o1vc,t1_cm4l9f4,0.10052910052910052,0.08247422680412371,0.018054873724976814
p_251,t3_2mfr85,t1_cm3vvc3,t1_cm3xij2,0.08441558441558442,0.05185185185185185,0.032563732563732566
p_252,t3_2mfr85,t1_cm3wzw1,t1_cm3s6tg,0.07717041800643087,0.07142857142857142,0.00574184657785945
p_255,t3_2mczo6,t1_cm330i1,t1_cm36hij,0.048,0.05042016806722689,-0.002420168067226891
p_257,t3_2m9le3,t1_cm2e6er,t1_cm31flt,0.09792284866468842,0.14076246334310852,-0.042839614678420096
p_258,t3_2m9le3,t1_cm2g5du,t1_cm31flt,0.11730205278592376,0.14076246334310852,-0.023460410557184758
p_259,t3_2m9ifg,t1_cm26bmh,t1_cm2cio0,0.03463203463203463,0.048458149779735685,-0.013826115147701053
p_260,t3_2m5248,t1_cm11puj,t1_cm1w5lh,0.08092485549132948,0.06818181818181818,0.012743037309511304
p_261,t3_2m34jb,t1_cm0licf,t1_cm0sbmk,0.12341772151898735,0.08712121212121213,0.03629650939777522
p_262,t3_2lzrmg,t1_clzo5rz,t1_clzn6zp,0.10810810810810811,0.09482758620689655,0.013280521901211567
p_263,t3_2lzrmg,t1_clzq2xu,t1_clzow1h,0.13496932515337423,0.11551155115511551,0.019457773998258723
p_264,t3_2lzhcj,t1_clzk61h,t1_clzmzlv,0.06140350877192982,0.06862745098039216,-0.007223942208462342
p_265,t3_2lxha7,t1_clz4fjz,t1_clz6u94,0.1246376811594203,0.05533596837944664,0.06930171277997366
p_266,t3_2lxha7,t1_clz6dii,t1_clz2zlh,0.15041782729805014,0.05925925925925926,0.09115856803879088
p_267,t3_2lxha7,t1_clz6jmw,t1_clz6u94,0.10404624277456648,0.05533596837944664,0.04871027439511984
p_268,t3_2lwzlt,t1_clyyqcm,t1_clyz82q,0.05504587155963303,0.08583690987124463,-0.030791038311611604
p_269,t3_2lwzlt,t1_clz3eem,t1_clyzhrn,0.1008174386920981,0.06882591093117409,0.03199152776092401
p_270,t3_2lwv67,t1_clywrsu,t1_clywnxb,0.06493506493506493,0.07692307692307693,-0.011988011988011998
p_272,t3_2lvdpt,t1_clykbog,t1_clyi7eq,0.04794520547945205,0.09230769230769231,-0.04436248682824026
p_274,t3_2lvano,t1_clyh39w,t1_clyhfb1,0.07339449541284404,0.07352941176470588,-0.00013491635186184403
p_275,t3_2luhkp,t1_clyejs2,t1_clyfg14,0.05357142857142857,0.05970149253731343,-0.006130063965884863
p_277,t3_2ls0mt,t1_clxsuzu,t1_clxs28i,0.034482758620689655,0.04487179487179487,-0.010389036251105217
p_278,t3_2lrnbm,t1_clxhtmt,t1_clxl2fj,0.1258741258741259,0.07339449541284404,0.052479630461281845
p_279,t3_2lqmp9,t1_clxaoqd,t1_clxmady,0.043478260869565216,0.043859649122807015,-0.0003813882532417989
p_283,t3_2lorq2,t1_clwr4fw,t1_clwvc1q,0.11979166666666667,0.09045226130653267,0.029339405360134005
p_286,t3_2lo786,t1_clwsiei,t1_clwl8yv,0.07234042553191489,0.07954545454545454,-0.007205029013539657
p_287,t3_2lo786,t1_clwrur8,t1_clwvtrz,0.05128205128205128,0.06923076923076923,-0.017948717948717954
p_289,t3_2llfy2,t1_clvxvqf,t1_clvyf5z,0.14659685863874344,0.07692307692307693,0.06967378171566652
p_288,t3_2llfy2,t1_clvxvbb,t1_clvyf5z,0.1366120218579235,0.07692307692307693,0.05968894493484658
p_290,t3_2ljn6y,t1_clvf7hk,t1_clvgued,0.0755813953488372,0.03896103896103896,0.036620356387798245
p_291,t3_2ljn6y,t1_clvf3sn,t1_clvg96j,0.03765690376569038,0.04568527918781726,-0.00802837542212688
p_293,t3_2lhzxl,t1_cluxxzr,t1_cluy5d5,0.06598984771573604,0.0797872340425532,-0.013797386326817151
p_294,t3_2lhzxl,t1_cluy594,t1_cluzvgm,0.0947867298578199,0.11320754716981132,-0.018420817311991425
p_296,t3_2le6r2,t1_cltxkan,t1_cltxdco,0.06504065040650407,0.049019607843137254,0.016021042563366818
p_298,t3_2ldsgu,t1_cltyfh2,t1_cltt3fn,0.06569343065693431,0.22033898305084745,-0.15464555239391314
p_302,t3_2l9paa,t1_clspte1,t1_clsvj5h,0.13291139240506328,0.08256880733944955,0.05034258506561373
p_303,t3_2l6x4s,t1_cls2ahn,t1_cls2eiw,0.07575757575757576,0.03015075376884422,0.04560682198873154
p_305,t3_2l6s0m,t1_cls56tt,t1_cls5hqx,0.08262108262108261,0.11440677966101695,-0.031785697039934335
p_306,t3_2l3xj1,t1_clrpq69,t1_clrfe8c,0.02962962962962963,0.057692307692307696,-0.028062678062678065
p_307,t3_2kypt8,t1_clpvnyi,t1_clpvnbz,0.08333333333333333,0.08450704225352113,-0.0011737089201877965
p_308,t3_2kypt8,t1_clpwjwi,t1_clpzajn,0.08695652173913043,0.09734513274336283,-0.010388611004232398
p_309,t3_2kx0t8,t1_clphwg9,t1_clpl2cj,0.05263157894736842,0.05128205128205128,0.0013495276653171379
p_311,t3_2kuu7n,t1_clp4w50,t1_cloyjd8,0.06802721088435375,0.11458333333333333,-0.04655612244897958
p_310,t3_2kuu7n,t1_clp4b7x,t1_clp3n3x,0.04524886877828054,0.05421686746987952,-0.008967998691598977
p_313,t3_2kqfel,t1_clnulai,t1_clntjxy,0.0379746835443038,0.04785894206549118,-0.009884258521187385
p_314,t3_2kqfel,t1_clnttl9,t1_clomsf7,0.1044776119402985,0.09767441860465116,0.006803193335647342
p_315,t3_2kose9,t1_clnb50a,t1_clnb6hg,0.09268292682926829,0.08866995073891626,0.004012976090352033
p_316,t3_2ko5tx,t1_cln523m,t1_cln4fit,0.07407407407407407,0.11827956989247312,-0.044205495818399054
p_318,t3_2kkqbm,t1_clmbeod,t1_clm9hyb,0.08362369337979095,0.16216216216216217,-0.07853846878237122
p_319,t3_2kko3q,t1_clm9cj5,t1_clmew0k,0.09239130434782608,0.041666666666666664,0.05072463768115942
p_322,t3_2kko3q,t1_clmb52s,t1_clm9cuo,0.12576687116564417,0.09803921568627451,0.02772765547936966
p_324,t3_2kk7pc,t1_clm4luc,t1_clm2hsa,0.09473684210526316,0.1357142857142857,-0.04097744360902254
p_325,t3_2kgrtb,t1_cll64ro,t1_cll7z9y,0.08843537414965986,0.10714285714285714,-0.018707482993197272
p_326,t3_2kgrtb,t1_cll6vkk,t1_cll7z9y,0.10176991150442478,0.10714285714285714,-0.005372945638432353
p_328,t3_2kdqq8,t1_clkkhs8,t1_clktv9z,0.07954545454545454,0.08270676691729323,-0.0031613123718386843
p_330,t3_2kcnzq,t1_clk2ygk,t1_clk0kv6,0.0625,0.11842105263157894,-0.05592105263157894
p_331,t3_2kacra,t1_cljftmb,t1_cljqwum,0.109375,0.09923664122137404,0.010138358778625955
p_332,t3_2ka7la,t1_cljglg2,t1_cljepyl,0.05319148936170213,0.10619469026548672,-0.053003200903784596
p_333,t3_2k7hdx,t1_clirc4j,t1_clio0tt,0.044444444444444446,0.10714285714285714,-0.0626984126984127
p_334,t3_2k6r90,t1_clih2os,t1_clih4bd,0.06451612903225806,0.07539682539682539,-0.01088069636456733
p_335,t3_2k6r90,t1_clij0jm,t1_clih4bd,0.0664819944598338,0.07539682539682539,-0.008914830936991594
p_336,t3_2k6r90,t1_cliklzw,t1_cligqv5,0.06878306878306878,0.0663265306122449,0.002456538170823877
p_337,t3_2k6r90,t1_clifxg1,t1_cligjkm,0.05555555555555555,0.016129032258064516,0.03942652329749104
p_338,t3_2k6gif,t1_clicob1,t1_clifs1j,0.06535947712418301,0.0593607305936073,0.005998746530575708
p_339,t3_2k4hym,t1_clhtpwj,t1_clhv3j1,0.023809523809523808,0.08235294117647059,-0.05854341736694678
p_340,t3_2k49mm,t1_clhusz2,t1_clhupbu,0.10828025477707007,0.11009174311926606,-0.0018114883421959938
p_341,t3_2k3k0f,t1_clhk37s,t1_clhkbr9,0.07142857142857142,0.08333333333333333,-0.011904761904761904
p_342,t3_2k3k0f,t1_clhqb2i,t1_clhkbr9,0.056910569105691054,0.08333333333333333,-0.026422764227642274
p_343,t3_2k38kl,t1_clhr282,t1_clhhr4x,0.05263157894736842,0.03278688524590164,0.019844693701466777
p_344,t3_2k36w0,t1_clhgvwv,t1_cli2kib,0.0898876404494382,0.0989010989010989,-0.009013458451660697
p_345,t3_2k36w0,t1_cli8oco,t1_clhjrth,0.07272727272727272,0.08372093023255814,-0.010993657505285415
p_346,t3_2k2szz,t1_clhdjlr,t1_clhg601,0.05737704918032787,0.07874015748031496,-0.02136310829998709
p_347,t3_2k1utj,t1_clh4smk,t1_clh4kow,0.08,0.05063291139240506,0.02936708860759494
p_348,t3_2k1utj,t1_clh4t7a,t1_clhgd1b,0.0847457627118644,0.05813953488372093,0.026606227828143474
p_349,t3_2k1utj,t1_clhb9mi,t1_clh4kow,0.046511627906976744,0.05063291139240506,-0.004121283485428319
p_351,t3_2k1puo,t1_clh63i4,t1_clh5f05,0.045563549160671464,0.02857142857142857,0.016992120589242894
p_352,t3_2k1puo,t1_clh65uf,t1_clhvr2d,0.16377649325626203,0.08755760368663594,0.0762188895696261
p_353,t3_2k1puo,t1_clh65j4,t1_clhvr2d,0.09456264775413711,0.08755760368663594,0.007005044067501173
p_354,t3_2k1puo,t1_cli979e,t1_clhkzsx,0.052752293577981654,0.06067961165048544,-0.007927318072503783
p_355,t3_2k19cr,t1_clgz4c8,t1_clh5opp,0.06382978723404255,0.06666666666666667,-0.0028368794326241176
p_357,t3_2k19cr,t1_clgz8mq,t1_clh4fvz,0.11960132890365449,0.108,0.011601328903654493
p_358,t3_2k17kl,t1_clhphu8,t1_clgytu5,0.0,0.08074534161490683,-0.08074534161490683
p_359,t3_2k16fy,t1_clh464b,t1_clh7dae,0.1,0.12149532710280374,-0.021495327102803732
p_360,t3_2k0t4m,t1_clh2kiw,t1_cliiz93,0.08097165991902834,0.06829268292682927,0.012678976992199067
p_362,t3_2k08pw,t1_clgrnar,t1_clgppqb,0.08835341365461848,0.039473684210526314,0.04887972944409216
p_367,t3_2jvv3h,t1_clfmf4m,t1_clfkc2t,0.07926829268292683,0.03763440860215054,0.04163388408077629
p_368,t3_2jug85,t1_clf92x6,t1_clfbqwz,0.07547169811320754,0.06870229007633588,0.006769408036871663
p_369,t3_2jug85,t1_clf7frm,t1_clffyeo,0.08666666666666667,0.06338028169014084,0.023286384976525826
p_370,t3_2ju07o,t1_clf6o33,t1_clf2f0m,0.05217391304347826,0.07142857142857142,-0.019254658385093167
p_371,t3_2jtpcj,t1_clf007u,t1_clf0si6,0.15859030837004406,0.09714285714285714,0.06144745122718692
p_372,t3_2jr2px,t1_clec1be,t1_clefsfa,0.10144927536231885,0.11864406779661017,-0.017194792434291326
p_373,t3_2jpazx,t1_cldtopl,t1_cldtw4w,0.03333333333333333,0.07653061224489796,-0.04319727891156463
p_374,t3_2jp9x4,t1_cldt2z1,t1_cldu76n,0.05555555555555555,0.06557377049180328,-0.01001821493624773
p_375,t3_2jp9x4,t1_clekeze,t1_clegi91,0.06060606060606061,0.0625,-0.0018939393939393923
p_378,t3_2jk5tw,t1_clciqy4,t1_clcualb,0.0794392523364486,0.07627118644067797,0.003168065895770622
p_380,t3_2jk4dx,t1_clcyeh9,t1_clcuzkf,0.10967741935483871,0.1076923076923077,0.001985111662531014
p_382,t3_2jgtvo,t1_clbpx86,t1_clbm2rj,0.041666666666666664,0.06756756756756757,-0.025900900900900907
p_383,t3_2jd1e2,t1_clal24g,t1_clanf9e,0.054901960784313725,0.11607142857142858,-0.06116946778711485
p_384,t3_2jd1e2,t1_clarvlb,t1_clanf9e,0.0892018779342723,0.11607142857142858,-0.026869550637156278
p_385,t3_2jd1e2,t1_claktmk,t1_clanf9e,0.09917355371900827,0.11607142857142858,-0.016897874852420308
p_387,t3_2jaz9o,t1_claaior,t1_cla6j13,0.043010752688172046,0.07865168539325842,-0.03564093270508638
p_388,t3_2jalt8,t1_clawz3s,t1_cla00dw,0.07317073170731707,0.08205128205128205,-0.008880550343964982
p_389,t3_2jalrh,t1_cl9xfk4,t1_cl9zbqs,0.06206896551724138,0.039603960396039604,0.022465005121201774
p_390,t3_2jaiv1,t1_cl9wvir,t1_cl9x4n6,0.1554054054054054,0.09090909090909091,0.06449631449631449
p_391,t3_2j7xhu,t1_cl97sqh,t1_cl96t4g,0.04081632653061224,0.07777777777777778,-0.03696145124716554
p_394,t3_2j7gwy,t1_cl96wx9,t1_cl9fm82,0.11737089201877934,0.1065989847715736,0.01077190724720574
p_395,t3_2j7gwy,t1_cl9cn39,t1_cl9dn9l,0.06983240223463687,0.07006369426751592,-0.00023129203287905464
p_396,t3_2j7d65,t1_cl91nh6,t1_cl91k1d,0.1523809523809524,0.10989010989010989,0.042490842490842506
p_398,t3_2j6t16,t1_cl92lzn,t1_cl97wok,0.06504065040650407,0.055900621118012424,0.009140029288491648
p_400,t3_2j5jvu,t1_cl9bkpg,t1_cl8o6tc,0.1111111111111111,0.03225806451612903,0.07885304659498207
p_403,t3_2j3b5u,t1_cl80w0h,t1_cl8gnj4,0.020689655172413793,0.025477707006369428,-0.004788051833955635
p_407,t3_2j3b5u,t1_cl8dhjd,t1_cl85v1i,0.10795454545454546,0.10975609756097561,-0.0018015521064301543
p_406,t3_2j3b5u,t1_cl89ycu,t1_cl85v1i,0.1608695652173913,0.10975609756097561,0.05111346765641568
p_408,t3_2j3aav,t1_cl840b4,t1_cl849y1,0.07913669064748201,0.09803921568627451,-0.0189025250387925
p_409,t3_2j28la,t1_cl7q1dy,t1_cl858g0,0.08064516129032258,0.05504587155963303,0.025599289730689548
p_410,t3_2j28la,t1_cl7p4at,t1_cl83vyl,0.04,0.06818181818181818,-0.028181818181818176
p_411,t3_2j28la,t1_cl7ri4n,t1_cl858g0,0.10191082802547771,0.05504587155963303,0.04686495646584468
p_412,t3_2j28la,t1_cl81bji,t1_cl858g0,0.06726457399103139,0.05504587155963303,0.01221870243139836
p_413,t3_2j196u,t1_cl7nh5y,t1_cl7qbkn,0.0942622950819672,0.09019607843137255,0.004066216650594659
p_415,t3_2izt1m,t1_cl7icjq,t1_cl7elqy,0.07063197026022305,0.05752212389380531,0.013109846366417745
p_416,t3_2izt1m,t1_cl7sekd,t1_cl75zb3,0.10526315789473684,0.09055118110236221,0.014711976792374626
p_418,t3_2izjkk,t1_cl6xo3s,t1_cl74g9q,0.11864406779661017,0.125,-0.0063559322033898275
p_419,t3_2izjkk,t1_cl6ygkg,t1_cl6xy7n,0.11764705882352941,0.08602150537634409,0.03162555344718532
p_420,t3_2izeqi,t1_cl6wpkg,t1_cl6w17t,0.075,0.140625,-0.065625
p_422,t3_2ixmih,t1_cl6muq9,t1_cl6mipr,0.04885057471264368,0.07142857142857142,-0.022577996715927744
p_423,t3_2ixmih,t1_cl6ozsr,t1_cl6o7jv,0.11764705882352941,0.12658227848101267,-0.008935219657483257
p_427,t3_2ixatz,t1_cl8dw9u,t1_cl6g9da,0.022388059701492536,0.06557377049180328,-0.04318571079031075
p_425,t3_2ixatz,t1_cl6fauf,t1_cl6z31r,0.04891304347826087,0.02054794520547945,0.02836509827278142
p_426,t3_2ixatz,t1_cl6iqft,t1_cl6gf5b,0.035211267605633804,0.03546099290780142,-0.00024972530216761657
p_428,t3_2iwzsp,t1_cl6ay84,t1_cl6c988,0.09644670050761421,0.07092198581560284,0.02552471469201137
p_429,t3_2iwzsp,t1_cl6bhfy,t1_cl6c988,0.05172413793103448,0.07092198581560284,-0.01919784788456836
p_430,t3_2iwveo,t1_cl6b8u3,t1_cl69lxd,0.1179245283018868,0.10828025477707007,0.009644273524816727
p_431,t3_2iwveo,t1_cl800qa,t1_cl69lxd,0.07017543859649122,0.10828025477707007,-0.03810481618057884
p_432,t3_2ivx0l,t1_cl67lqu,t1_cl67bty,0.10434782608695652,0.11267605633802817,-0.008328230251071655
p_434,t3_2iv4za,t1_cl5slm3,t1_cl5s53p,0.03488372093023256,0.020618556701030927,0.01426516422920163
p_435,t3_2iuaxc,t1_cl5nwpb,t1_cl5jk46,0.0947867298578199,0.09137055837563451,0.0034161714821853845
p_437,t3_2isiv7,t1_cl525xl,t1_cl549xt,0.06289308176100629,0.045454545454545456,0.017438536306460833
p_439,t3_2irrk7,t1_cl4wjj0,t1_cl4u4v3,0.08709677419354839,0.08496732026143791,0.0021294539321104755
p_438,t3_2irrk7,t1_cl4wdvv,t1_cl52znp,0.06842105263157895,0.11178247734138973,-0.043361424709810775
p_440,t3_2irrk7,t1_cl4y7m2,t1_cl58m5a,0.10888888888888888,0.07669616519174041,0.03219272369714847
p_441,t3_2ir1vh,t1_cl4nafc,t1_cl4pno4,0.1702127659574468,0.09782608695652174,0.07238667900092506
p_443,t3_2iovvi,t1_cl43i7i,t1_cl42uon,0.10526315789473684,0.09415584415584416,0.011107313738892677
p_444,t3_2inzpj,t1_cl3wpb9,t1_cl3udkv,0.043478260869565216,0.07758620689655173,-0.03410794602698651
p_445,t3_2ina28,t1_cl3s9jc,t1_cl3neuz,0.10344827586206896,0.04597701149425287,0.05747126436781609
p_449,t3_2il3zi,t1_cl3rzx9,t1_cl3bvmc,0.10884353741496598,0.11055276381909548,-0.0017092264041295019
p_450,t3_2ikw3y,t1_cl371yt,t1_cl333zm,0.055900621118012424,0.05442176870748299,0.0014788524105294326
p_451,t3_2iht9m,t1_cl2lqsw,t1_cl2gvmp,0.056818181818181816,0.031055900621118012,0.025762281197063804
p_452,t3_2igw1u,t1_cl25sfq,t1_cl22odo,0.12835820895522387,0.08071748878923767,0.04764072016598621
p_453,t3_2idrbt,t1_cl1a71q,t1_cl1ab8j,0.13087248322147652,0.07262569832402235,0.05824678489745416
p_454,t3_2idrbt,t1_cl1duod,t1_cl1dfkj,0.0893854748603352,0.13333333333333333,-0.04394785847299813
p_455,t3_2icu72,t1_cl11doa,t1_cl1s0iw,0.0898876404494382,0.08917197452229299,0.000715665927145212
p_456,t3_2ia71k,t1_cl0aa4e,t1_cl09ezh,0.06837606837606838,0.1076923076923077,-0.039316239316239315
p_457,t3_2ia687,t1_cl09frn,t1_cl0qx79,0.034934497816593885,0.05263157894736842,-0.017697081130774533
p_460,t3_2i87x9,t1_ckzt3jo,t1_ckzrx1b,0.03205128205128205,0.0859375,-0.05388621794871795
p_461,t3_2i7mpy,t1_ckzo815,t1_ckzptel,0.11875,0.10204081632653061,0.01670918367346938
p_464,t3_2i74db,t1_ckzhoas,t1_ckzmg42,0.11764705882352941,0.12154696132596685,-0.0038999025024374356
p_466,t3_2i74db,t1_ckzk199,t1_ckzh5vf,0.0546875,0.045454545454545456,0.009232954545454544
p_465,t3_2i74db,t1_ckzhr6u,t1_ckzmg42,0.10204081632653061,0.12154696132596685,-0.01950614499943623
p_467,t3_2i74db,t1_ckzp8g2,t1_ckzhplg,0.0297029702970297,0.08403361344537816,-0.054330643148348456
p_468,t3_2i74db,t1_cl0olzx,t1_ckzivxw,0.10759493670886076,0.08888888888888889,0.01870604781997187
p_469,t3_2i6wcg,t1_ckzjivu,t1_ckzqgtr,0.09259259259259259,0.058823529411764705,0.03376906318082788
p_470,t3_2i6sq2,t1_ckzd013,t1_ckzmvnc,0.02727272727272727,0.03389830508474576,-0.006625577812018491
p_472,t3_2i53gm,t1_ckyxxzr,t1_ckzkrjm,0.07142857142857142,0.09803921568627451,-0.026610644257703084
p_474,t3_2i53gm,t1_ckyxdye,t1_ckyz4tk,0.058823529411764705,0.04807692307692308,0.010746606334841625
p_473,t3_2i53gm,t1_ckz0h04,t1_ckzj5lk,0.06,0.11242603550295859,-0.05242603550295859
p_475,t3_2i4ujn,t1_ckz1of3,t1_ckyu5rm,0.10933333333333334,0.053763440860215055,0.05556989247311828
p_476,t3_2i48ap,t1_ckyt6o8,t1_ckyqbf3,0.1524390243902439,0.10256410256410256,0.04987492182614134
p_477,t3_2i1d99,t1_ckxyj6k,t1_cky3jbs,0.0825242718446602,0.06201550387596899,0.020508767968691208
p_479,t3_2i0v1l,t1_ckxu8a4,t1_cky4z54,0.06666666666666667,0.10423452768729642,-0.037567861020629756
p_480,t3_2i0v1l,t1_ckxvp3i,t1_cky4z54,0.07251908396946564,0.10423452768729642,-0.03171544371783078
p_481,t3_2i0v1l,t1_ckxu3sn,t1_cky4z54,0.04887218045112782,0.10423452768729642,-0.055362347236168605
p_483,t3_2i0v1l,t1_ckxu3jp,t1_cky4z54,0.1327683615819209,0.10423452768729642,0.02853383389462448
p_482,t3_2i0v1l,t1_cky0241,t1_ckyf89q,0.060836501901140684,0.0982367758186398,-0.03740027391749911
p_484,t3_2hzyl1,t1_cky1hsp,t1_ckxtqoy,0.05172413793103448,0.06321839080459771,-0.011494252873563225
p_485,t3_2hxjbt,t1_ckx3oiu,t1_ckwx420,0.12094395280235988,0.07829181494661921,0.042652137855740666
p_486,t3_2hxjbt,t1_ckx4axr,t1_ckwx420,0.10263929618768329,0.07829181494661921,0.024347481241064076
p_488,t3_2hwulu,t1_ckwq1jd,t1_ckwq945,0.029197080291970802,0.06451612903225806,-0.03531904874028726
p_490,t3_2htrl3,t1_ckw2y0n,t1_ckvy6x4,0.12916666666666668,0.10416666666666667,0.02500000000000001
p_491,t3_2htk52,t1_ckvvxkp,t1_ckvx0ev,0.029850746268656716,0.04504504504504504,-0.015194298776388327
p_492,t3_2htk52,t1_ckvxkvc,t1_ckvx0ev,0.06,0.04504504504504504,0.014954954954954955
p_493,t3_2hr75i,t1_ckv9zqs,t1_ckv9rr3,0.09411764705882353,0.04819277108433735,0.045924875974486176
p_496,t3_2hpa2d,t1_ckuqod3,t1_ckuzhiu,0.09701492537313433,0.08148148148148149,0.015533443891652843
p_498,t3_2ho91q,t1_ckvcw78,t1_ckuhjc3,0.043478260869565216,0.045454545454545456,-0.0019762845849802396
p_499,t3_2hiuav,t1_ckt28ag,t1_ckt2g63,0.15625,0.11764705882352941,0.03860294117647059
p_500,t3_2hfggr,t1_cks62en,t1_cks5dxq,0.0546875,0.11513157894736842,-0.06044407894736842
p_501,t3_2hevmr,t1_cks71oj,t1_cks21ow,0.06417112299465241,0.11553030303030302,-0.05135918003565061
p_503,t3_2hcsbm,t1_ckrirh7,t1_ckrgs3i,0.024390243902439025,0.0078125,0.016577743902439025
p_504,t3_2hcsbm,t1_ckrm2w9,t1_ckrhha6,0.01694915254237288,0.0392156862745098,-0.022266533732136922
p_505,t3_2hcri1,t1_ckrh2wh,t1_ckrggw4,0.07633587786259542,0.052083333333333336,0.024252544529262086
p_506,t3_2hcri1,t1_ckrjgy3,t1_ckrggw4,0.12280701754385964,0.052083333333333336,0.0707236842105263
p_508,t3_2h86d3,t1_ckqarz7,t1_ckqhhuu,0.07103825136612021,0.08846153846153847,-0.017423287095418252
p_509,t3_2h86d3,t1_ckqafe5,t1_ckqce1l,0.08187134502923976,0.03816793893129771,0.04370340609794205
p_511,t3_2h4eyz,t1_ckpc76o,t1_ckp9n1i,0.043478260869565216,0.05434782608695652,-0.010869565217391304
p_513,t3_2h0jzj,t1_ckohl81,t1_ckodwsx,0.12267080745341614,0.07710843373493977,0.04556237371847638
p_514,t3_2h0jzj,t1_ckoe0hf,t1_ckodwsx,0.1031578947368421,0.07710843373493977,0.026049461001902335
p_516,t3_2gzzdj,t1_cko4w0c,t1_cko704v,0.11570247933884298,0.05970149253731343,0.05600098680152955
p_519,t3_2gydya,t1_cknrbir,t1_cknn53g,0.1322314049586777,0.109375,0.02285640495867769
p_520,t3_2gydya,t1_ckoa0em,t1_ckoa7jr,0.11842105263157894,0.1111111111111111,0.007309941520467836
p_522,t3_2gutfw,t1_ckmqhcy,t1_ckmsmic,0.0782122905027933,0.07441860465116279,0.003793685851630507
p_523,t3_2gutfw,t1_ckmsso5,t1_ckmp2m8,0.09152542372881356,0.08374384236453201,0.007781581364281545
p_524,t3_2gutfw,t1_ckmpz17,t1_ckn0chh,0.10426540284360189,0.049079754601226995,0.055185648242374895
p_525,t3_2gsjt4,t1_ckm3eez,t1_ckm57gi,0.14285714285714285,0.18840579710144928,-0.04554865424430643
p_526,t3_2gsjkx,t1_ckm3upz,t1_ckm3me9,0.07407407407407407,0.07865168539325842,-0.004577611319184355
p_527,t3_2gscl8,t1_ckm3j6s,t1_ckm1x6y,0.08461538461538462,0.13496932515337423,-0.05035394053798961
p_529,t3_2gpy69,t1_cklkgsr,t1_cklrd7q,0.02962962962962963,0.022988505747126436,0.006641123882503194
p_532,t3_2gmkz2,t1_ckkm4uh,t1_ckkl832,0.013513513513513514,0.10975609756097561,-0.0962425840474621
p_534,t3_2glozx,t1_ckkahw7,t1_ckkcrue,0.12048192771084337,0.09375,0.026731927710843373
p_535,t3_2glozx,t1_ckkb7k5,t1_ckkcgtt,0.07920792079207921,0.07766990291262135,0.0015380178794578564
p_536,t3_2gliyk,t1_ckk9blv,t1_ckk9cif,0.07738095238095238,0.041176470588235294,0.03620448179271709
p_537,t3_2gliyk,t1_ckkaypu,t1_ckkhubk,0.08860759493670886,0.029940119760479042,0.05866747517622982
p_538,t3_2gkv97,t1_ckk5d7b,t1_ckk2eje,0.05154639175257732,0.11009174311926606,-0.058545351366688744
p_541,t3_2ghosx,t1_ckj7oyl,t1_ckj8bt9,0.11618257261410789,0.08849557522123894,0.02768699739286895
p_542,t3_2ggq4d,t1_ckiyftg,t1_ckiyjmb,0.104,0.12844036697247707,-0.024440366972477076
p_543,t3_2ggppl,t1_ckixuwj,t1_ckixo4m,0.06666666666666667,0.0410958904109589,0.025570776255707764
p_545,t3_2ggppl,t1_ckiyv6o,t1_ckiz87f,0.09433962264150944,0.07547169811320754,0.018867924528301896
p_547,t3_2ggeie,t1_ckj0ypi,t1_ckiurpd,0.05357142857142857,0.06521739130434782,-0.011645962732919256
p_548,t3_2gf3at,t1_ckjbl54,t1_ckioyq4,0.11504424778761062,0.039603960396039604,0.07544028739157102
p_551,t3_2gdd35,t1_cki0iqm,t1_cki80vu,0.031746031746031744,0.04878048780487805,-0.017034456058846306
p_554,t3_2g83sk,t1_ckgpxl1,t1_ckgjkvd,0.07142857142857142,0.014285714285714285,0.05714285714285714
p_555,t3_2g6mpl,t1_ckg55ez,t1_ckg4zgn,0.10344827586206896,0.11206896551724138,-0.008620689655172417
p_556,t3_2g4ifu,t1_ckfqk9u,t1_ckfshmt,0.05913978494623656,0.09012875536480687,-0.030988970418570308
p_559,t3_2g2vzd,t1_ckf6qtu,t1_ckf4pc7,0.14606741573033707,0.043478260869565216,0.10258915486077186
p_561,t3_2g2dg1,t1_ckf6526,t1_ckg1de7,0.09090909090909091,0.1038961038961039,-0.012987012987012991
p_562,t3_2g1ea5,t1_ckeqq3q,t1_ckesi7g,0.1267605633802817,0.11188811188811189,0.0148724514921698
p_564,t3_2g1ea5,t1_ckersg9,t1_cket437,0.10820895522388059,0.132890365448505,-0.024681410224624403
p_565,t3_2g1ea5,t1_cket8bk,t1_cket39p,0.02575107296137339,0.07391304347826087,-0.04816197051688748
p_566,t3_2g0wmr,t1_ckenwa6,t1_ckemqjl,0.06741573033707865,0.066006600660066,0.0014091296770126494
p_569,t3_2fwq1i,t1_ckdlfbp,t1_ckdpk3y,0.0390625,0.052980132450331126,-0.013917632450331126
p_570,t3_2fwmff,t1_ckdlodj,t1_ckdfg3r,0.091324200913242,0.11742424242424243,-0.026100041511000427
p_572,t3_2fuvyn,t1_ckd2th4,t1_ckd051u,0.06779661016949153,0.14906832298136646,-0.08127171281187494
p_573,t3_2fu5da,t1_ckcwa0l,t1_ckd7g94,0.08045977011494253,0.06741573033707865,0.013044039777863878
p_575,t3_2fu5da,t1_ckd2dqa,t1_ckd7g94,0.08411214953271028,0.06741573033707865,0.016696419195631626
p_576,t3_2fu5da,t1_ckdjfgl,t1_cke4u4s,0.08208955223880597,0.10714285714285714,-0.025053304904051166
p_577,t3_2fty9r,t1_ckd78uk,t1_ckcsyfa,0.08,0.0603448275862069,0.019655172413793102
p_579,t3_2fr87u,t1_ckcche8,t1_ckbz0d4,0.12244897959183673,0.14678899082568808,-0.02434001123385135
p_581,t3_2fo07m,t1_ckb6wte,t1_ckbi4rn,0.09016393442622951,0.10843373493975904,-0.018269800513529527
p_582,t3_2fo07m,t1_ckb4dmq,t1_ckbi4rn,0.08530805687203792,0.10843373493975904,-0.023125678067721117
p_586,t3_2fkhgs,t1_cka4baq,t1_ckagd1v,0.15469613259668508,0.13793103448275862,0.016765098113926458
p_587,t3_2fkhgs,t1_cka71xp,t1_ckahr81,0.06611570247933884,0.16030534351145037,-0.09418964103211153
p_588,t3_2fkhgs,t1_ckabepp,t1_ckab7k5,0.11983471074380166,0.1724137931034483,-0.05257908235964663
p_589,t3_2fjsjb,t1_ck9wx7u,t1_cka49p5,0.13680781758957655,0.11743772241992882,0.01937009516964773
p_590,t3_2fh3qu,t1_ck99mwb,t1_ck94xpk,0.08536585365853659,0.07253886010362694,0.012826993554909655
p_592,t3_2fgshm,t1_ck9f5l1,t1_ck98ujh,0.1079136690647482,0.08333333333333333,0.024580335731414868
p_593,t3_2fgrxm,t1_ck91zkd,t1_ck91m7r,0.055793991416309016,0.0851063829787234,-0.029312391562414386
p_595,t3_2fg916,t1_ck8x3ob,t1_ck8wogg,0.1103448275862069,0.0625,0.047844827586206895
p_597,t3_2fduqy,t1_ck8t6he,t1_ck8px65,0.1,0.05172413793103448,0.048275862068965524
p_598,t3_2fduqy,t1_ck8agrx,t1_ck94f1t,0.08071748878923767,0.07100591715976332,0.00971157162947435
p_602,t3_2fdmwl,t1_ck8hcxb,t1_ck8aoqa,0.07123287671232877,0.10025706940874037,-0.0290241926964116
p_603,t3_2fdmwl,t1_ck8rib6,t1_ck8aoqa,0.08314087759815242,0.10025706940874037,-0.017116191810587947
p_605,t3_2fd87u,t1_ck83yle,t1_ck84612,0.09803921568627451,0.0782122905027933,0.01982692518348121
p_606,t3_2fd87u,t1_ck859ka,t1_ck843v2,0.08196721311475409,0.06918238993710692,0.012784823177647175
p_607,t3_2fbbv9,t1_ck84tkw,t1_ck88yhl,0.12087912087912088,0.10606060606060606,0.014818514818514816
p_611,t3_2f78ys,t1_ck6mvg6,t1_ck6wzql,0.04316546762589928,0.04365079365079365,-0.00048532602489436555
p_616,t3_2f3w7f,t1_ck60pkf,t1_ck68kw6,0.06735751295336788,0.07103825136612021,-0.003680738412752335
p_617,t3_2f3fma,t1_ck5uh5i,t1_ck5jj2i,0.07251908396946564,0.12,-0.04748091603053435
p_618,t3_2f2p8u,t1_ck5cmsy,t1_ck5f41j,0.061946902654867256,0.048,0.013946902654867255
p_620,t3_2f1tka,t1_ck54mdm,t1_ck53prd,0.05472636815920398,0.05084745762711865,0.0038789105320853334
p_623,t3_2f0a4a,t1_ck5qg13,t1_ck4vnzo,0.09523809523809523,0.06763285024154589,0.027605244996549344
p_626,t3_2erf2t,t1_ck2ljcj,t1_ck2gk4u,0.07425742574257425,0.09268292682926829,-0.018425501086694038
p_628,t3_2eqf4w,t1_ck2dhsc,t1_ck22nty,0.0562015503875969,0.07267441860465117,-0.016472868217054265
p_635,t3_2emkns,t1_ck1194m,t1_ck13p6l,0.025,0.06818181818181818,-0.043181818181818175
p_634,t3_2emkns,t1_ck0zrjm,t1_ck13p6l,0.05063291139240506,0.06818181818181818,-0.017548906789413114
p_632,t3_2emkns,t1_ck12zme,t1_ck13upr,0.08403361344537816,0.1111111111111111,-0.027077497665732947
p_637,t3_2emdo8,t1_ck0wlix,t1_ck0ugt9,0.06358381502890173,0.0916030534351145,-0.028019238406212774
p_639,t3_2ehl9h,t1_cjzpkr3,t1_cjzk8g5,0.0875,0.10843373493975904,-0.020933734939759044
p_641,t3_2eez7x,t1_cjzf2j8,t1_cjzgw4v,0.06306306306306306,0.1404494382022472,-0.07738637513918414
p_642,t3_2eeedl,t1_cjyrp0h,t1_cjyos4x,0.03409090909090909,0.05333333333333334,-0.01924242424242425
p_643,t3_2eeedl,t1_cjyo1c4,t1_cjyz90m,0.07,0.056179775280898875,0.013820224719101132
p_644,t3_2eeedl,t1_cjyny2g,t1_cjyos4x,0.019801980198019802,0.05333333333333334,-0.03353135313531354
p_645,t3_2eeedl,t1_cjypfnn,t1_cjyy8zl,0.013333333333333334,0.03125,-0.017916666666666664
p_647,t3_2edzcv,t1_cjyy0v9,t1_cjysuzd,0.046620046620046623,0.017142857142857144,0.02947718947718948
p_648,t3_2ebw2y,t1_cjy2hvj,t1_cjy4ceu,0.06074766355140187,0.052083333333333336,0.008664330218068533
p_649,t3_2ebkiy,t1_cjxxcwt,t1_cjy5nhm,0.14432989690721648,0.11538461538461539,0.02894528152260109
p_650,t3_2ebj49,t1_cjxyzxn,t1_cjxzs8p,0.053763440860215055,0.09375,-0.039986559139784945
p_651,t3_2eahyl,t1_cjxnpf1,t1_cjxqeut,0.04878048780487805,0.045454545454545456,0.0033259423503325947
p_652,t3_2eahyl,t1_cjxo529,t1_cjxtave,0.08,0.14153846153846153,-0.06153846153846153
p_654,t3_2e9s6m,t1_cjxf8x8,t1_cjxl9tb,0.09701492537313433,0.13043478260869565,-0.03341985723556132
p_655,t3_2e9rt1,t1_cjxgilw,t1_cjxfkcw,0.08743169398907104,0.07058823529411765,0.016843458694953392
p_656,t3_2e9q8o,t1_cjxdy6w,t1_cjxkoca,0.10344827586206896,0.16243654822335024,-0.05898827236128128
p_657,t3_2e98b1,t1_cjxb5sz,t1_cjxexte,0.09420289855072464,0.04716981132075472,0.04703308722996992
p_659,t3_2e98b1,t1_cjxanmm,t1_cjx9qkg,0.10596026490066225,0.10344827586206896,0.0025119890385932875
p_660,t3_2e8yse,t1_cjx89ru,t1_cjxdz78,0.08743169398907104,0.0759493670886076,0.011482326900463441
p_661,t3_2e8yse,t1_cjx7g3z,t1_cjxdz78,0.06493506493506493,0.0759493670886076,-0.011014302153542668
p_662,t3_2e8ach,t1_cjxi71v,t1_cjx17o5,0.1079136690647482,0.061224489795918366,0.04668917926882983
p_663,t3_2e6v25,t1_cjxa35m,t1_cjx2bzp,0.025423728813559324,0.05,-0.02457627118644068
p_667,t3_2e4crb,t1_cjvy9v7,t1_cjwlak3,0.08733624454148471,0.04,0.04733624454148471
p_668,t3_2e4crb,t1_cjxll0p,t1_cjw5uck,0.07142857142857142,0.09859154929577464,-0.027162977867203217
p_669,t3_2e4b5f,t1_cjvxnfz,t1_cjwigez,0.06134969325153374,0.08403361344537816,-0.022683920193844416
p_670,t3_2e439b,t1_cjw2n76,t1_cjvvbcf,0.09565217391304348,0.07291666666666667,0.02273550724637681
p_672,t3_2e3t22,t1_cjvs6w2,t1_cjvzvc8,0.07560137457044673,0.07720588235294118,-0.0016045077824944493
p_674,t3_2e3f98,t1_cjvox9d,t1_cjvp856,0.07142857142857142,0.09090909090909091,-0.019480519480519487
p_676,t3_2e2rb6,t1_cjvi6ow,t1_cjvzfop,0.09316770186335403,0.07926829268292683,0.013899409180427202
p_677,t3_2e2rb6,t1_cjx8ys6,t1_cjvin9n,0.03680981595092025,0.07643312101910828,-0.03962330506818803
p_678,t3_2e2jug,t1_cjvwam2,t1_cjvvj7z,0.08671586715867159,0.07692307692307693,0.009792790235594664
p_679,t3_2e2jug,t1_cjvuw76,t1_cjvoyh6,0.09913043478260869,0.07852193995381063,0.020608494828798063
p_680,t3_2e1fah,t1_cjv53s3,t1_cjv5s7v,0.06741573033707865,0.03543307086614173,0.03198265947093692
p_681,t3_2e1fah,t1_cjv86o4,t1_cjvncqn,0.13648293963254593,0.14092140921409213,-0.0044384695815462005
p_682,t3_2e1fah,t1_cjvi92b,t1_cjv5s7v,0.06910569105691057,0.03543307086614173,0.03367262019076884
p_683,t3_2dzrhq,t1_cjunv4h,t1_cjunnw5,0.06,0.05113636363636364,0.008863636363636358
p_684,t3_2dzrhq,t1_cjv2nbp,t1_cjunbkn,0.11827956989247312,0.07471264367816093,0.0435669262143122
p_685,t3_2dzrhq,t1_cjuplp1,t1_cjunss7,0.06912442396313365,0.10047846889952153,-0.03135404493638788
p_686,t3_2dzqgj,t1_cjurtqh,t1_cjv9hrw,0.03954802259887006,0.060526315789473685,-0.020978293190603625
p_688,t3_2dzqgj,t1_cjv7aa2,t1_cjv9hrw,0.06666666666666667,0.060526315789473685,0.006140350877192981
p_687,t3_2dzqgj,t1_cjun4m4,t1_cjuorfi,0.04228855721393035,0.08665105386416862,-0.04436249665023827
p_690,t3_2dy3mw,t1_cju8xei,t1_cjuc7t4,0.056338028169014086,0.06498194945848375,-0.008643921289469662
p_692,t3_2dxa7k,t1_cjtzqak,t1_cju9ahc,0.045454545454545456,0.08247422680412371,-0.037019681349578254
p_695,t3_2dw5ig,t1_cjtn82k,t1_cjtn850,0.0784313725490196,0.058823529411764705,0.0196078431372549
p_696,t3_2dvguy,t1_cjtqfdm,t1_cjty2p2,0.12093023255813953,0.06315789473684211,0.057772337821297426
p_697,t3_2dtng7,t1_cjsz593,t1_cjt08iq,0.11965811965811966,0.10112359550561797,0.01853452415250169
p_699,t3_2dtng7,t1_cjt0gp1,t1_cjt08iq,0.12631578947368421,0.10112359550561797,0.02519219396806624
p_701,t3_2dsh9z,t1_cjsm7s0,t1_cjsp93m,0.09917355371900827,0.08396946564885496,0.015204088070153304
p_702,t3_2dsh9z,t1_cjso3hu,t1_cjsprfv,0.09580838323353294,0.05,0.04580838323353294
p_706,t3_2drox8,t1_cjsefiu,t1_cjshzfo,0.044534412955465584,0.0436241610738255,0.0009102518816400812
p_707,t3_2dqwmd,t1_cjs75j7,t1_cjtbaaf,0.06172839506172839,0.03535353535353535,0.02637485970819304
p_710,t3_2dqiwg,t1_cjs3gzc,t1_cjs43w0,0.04597701149425287,0.11578947368421053,-0.06981246218995765
p_713,t3_2dnntx,t1_cjrb5qh,t1_cjr97o9,0.1073170731707317,0.1,0.0073170731707317
p_714,t3_2dn3f8,t1_cjr9dnd,t1_cjrqm60,0.040697674418604654,0.06796116504854369,-0.027263490629939033
p_717,t3_2dn11e,t1_cjrjl9x,t1_cjr71xy,0.06504065040650407,0.06918238993710692,-0.004141739530602845
p_715,t3_2dn11e,t1_cjr2n9b,t1_cjr6whw,0.06329113924050633,0.10714285714285714,-0.043851717902350804
p_718,t3_2dlheo,t1_cjqnd51,t1_cjqtrub,0.11538461538461539,0.1,0.015384615384615385
p_725,t3_2dhno3,t1_cjpkrey,t1_cjpktss,0.05825242718446602,0.08163265306122448,-0.023380225876758462
p_726,t3_2dhno3,t1_cjpl1mi,t1_cjpl00t,0.09574468085106383,0.047058823529411764,0.048685857321652065
p_729,t3_2dgu6l,t1_cjpdy8k,t1_cjpe59d,0.10622710622710622,0.12624584717607973,-0.020018740948973504
p_727,t3_2dgu6l,t1_cjpdn9v,t1_cjpklzu,0.05853658536585366,0.05947955390334572,-0.0009429685374920602
p_730,t3_2dgqx2,t1_cjpbloq,t1_cjpbk3l,0.08571428571428572,0.038461538461538464,0.04725274725274725
p_732,t3_2dg6ti,t1_cjp6klt,t1_cjp63yk,0.050359712230215826,0.07086614173228346,-0.020506429502067637
p_733,t3_2dg4c1,t1_cjpx7h2,t1_cjpio9w,0.04788732394366197,0.07643312101910828,-0.028545797075446307
p_734,t3_2dfvv8,t1_cjp4zw9,t1_cjps9sv,0.06855791962174941,0.041666666666666664,0.026891252955082746
p_735,t3_2dfees,t1_cjoyyhb,t1_cjoyhsi,0.11046511627906977,0.1761904761904762,-0.06572535991140643
p_736,t3_2df7cg,t1_cjp0py1,t1_cjp0eg0,0.030303030303030304,0.10144927536231885,-0.07114624505928854
p_738,t3_2ddrqc,t1_cjos8fl,t1_cjoj8pn,0.11214953271028037,0.09574468085106383,0.016404851859216543
p_739,t3_2ddrqc,t1_cjoqu2v,t1_cjok2vp,0.06060606060606061,0.10091743119266056,-0.04031137058659995
p_744,t3_2d9qj2,t1_cjnklzx,t1_cjnknol,0.0365296803652968,0.05263157894736842,-0.016101898582071617
p_748,t3_2d80rd,t1_cjn0zyz,t1_cjn0l56,0.12735849056603774,0.14210526315789473,-0.014746772591857
p_749,t3_2d80rd,t1_cjmzj1k,t1_cjn0l56,0.04861111111111111,0.14210526315789473,-0.09349415204678363
p_751,t3_2d70dq,t1_cjmpn2y,t1_cjmqlfg,0.07692307692307693,0.0718954248366013,0.005027652086475626
p_752,t3_2d70dq,t1_cjmpqr5,t1_cjmq3hk,0.08227848101265822,0.06060606060606061,0.021672420406597614
p_754,t3_2d4iry,t1_cjm06yw,t1_cjlzkdu,0.018072289156626505,0.046875,-0.028802710843373495
p_753,t3_2d4iry,t1_cjm03nb,t1_cjm7yyk,0.0425531914893617,0.06666666666666667,-0.024113475177304965
p_755,t3_2d45vn,t1_cjlwas2,t1_cjmfdmh,0.07462686567164178,0.05555555555555555,0.019071310116086232
p_756,t3_2d45gd,t1_cjlw24h,t1_cjm4puq,0.04878048780487805,0.13768115942028986,-0.0889006716154118
p_757,t3_2d45gd,t1_cjlvwcv,t1_cjm05zn,0.09316770186335403,0.10638297872340426,-0.013215276860050224
p_758,t3_2d3v5a,t1_cjlwcf0,t1_cjm3zmu,0.08974358974358974,0.06306306306306306,0.026680526680526687
p_759,t3_2d2as3,t1_cjlfahj,t1_cjlf2q0,0.08860759493670886,0.06862745098039216,0.019980143956316698
p_760,t3_2czuse,t1_cjkv8v3,t1_cjkt5uj,0.08737864077669903,0.14942528735632185,-0.06204664657962282
p_761,t3_2cziel,t1_cjkkwxr,t1_cjkpo0a,0.06896551724137931,0.038461538461538464,0.030503978779840846
p_762,t3_2czhb2,t1_cjkm7nm,t1_cjkm0r4,0.10650887573964497,0.058823529411764705,0.04768534632788027
p_763,t3_2cz5rq,t1_cjkk570,t1_cjkjx53,0.0898876404494382,0.10344827586206896,-0.013560635412630764
p_766,t3_2cwals,t1_cjjmt5t,t1_cjjmrg7,0.07758620689655173,0.049019607843137254,0.028566599053414472
p_767,t3_2cuup8,t1_cjj91pc,t1_cjj8z52,0.03731343283582089,0.09090909090909091,-0.05359565807327002
p_769,t3_2cuup8,t1_cjj95ae,t1_cjj95r7,0.0825242718446602,0.05673758865248227,0.02578668319217793
p_768,t3_2cuup8,t1_cjj8vwc,t1_cjj93qh,0.10071942446043165,0.034482758620689655,0.066236665839742
p_770,t3_2ctoax,t1_cjl2zn4,t1_cjiw921,0.03225806451612903,0.06870229007633588,-0.03644422556020685
p_773,t3_2cpj4p,t1_cjhqqcp,t1_cjhqbq0,0.10752688172043011,0.15950920245398773,-0.051982320733557616
p_774,t3_2cpj4p,t1_cjhreeh,t1_cjhqbq0,0.13450292397660818,0.15950920245398773,-0.025006278477379545
p_775,t3_2cotfm,t1_cjhpm9j,t1_cjhkm9q,0.059322033898305086,0.04132231404958678,0.01799971984871831
p_778,t3_2cm5jd,t1_cjh0bre,t1_cjguy6j,0.06759098786828423,0.0572289156626506,0.010362072205633628
p_779,t3_2cm3oh,t1_cjgsk1z,t1_cjgv6jc,0.023255813953488372,0.029411764705882353,-0.006155950752393981
p_780,t3_2clk6c,t1_cjgn3ba,t1_cjgqd1y,0.10434782608695652,0.07017543859649122,0.03417238749046529
p_781,t3_2ck2yw,t1_cjga8kb,t1_cjgci5s,0.04964539007092199,0.0379746835443038,0.01167070652661819
p_783,t3_2cjh91,t1_cjg6chd,t1_cjg4iir,0.05249343832020997,0.09832134292565947,-0.0458279046054495
p_784,t3_2cixjs,t1_cjfyd92,t1_cjfxj4o,0.0390625,0.07317073170731707,-0.03410823170731707
p_786,t3_2cimfd,t1_cjfuup7,t1_cjftym1,0.08387096774193549,0.09859154929577464,-0.014720581553839152
p_787,t3_2cimfd,t1_cjfxnwo,t1_cjftym1,0.11299435028248588,0.09859154929577464,0.014402800986711234
p_789,t3_2chy2d,t1_cjfpbub,t1_cjfnmjy,0.057692307692307696,0.022727272727272728,0.03496503496503497
p_792,t3_2ch2je,t1_cjfeou6,t1_cjff0g8,0.08602150537634409,0.09663865546218488,-0.010617150085840785
p_794,t3_2cflx0,t1_cjfajp7,t1_cjfm8m1,0.07124681933842239,0.11538461538461539,-0.044137796046193
p_796,t3_2cfco7,t1_cjf04a9,t1_cjexi6m,0.1387900355871886,0.06060606060606061,0.078183974981128
p_799,t3_2cayvr,t1_cjdvbhe,t1_cjdu0ta,0.13013698630136986,0.04926108374384237,0.0808759025575275
p_801,t3_2c8rcd,t1_cjd7pz3,t1_cjd6lze,0.12790697674418605,0.17381489841986456,-0.045907921675678504
p_802,t3_2c8fea,t1_cjcyect,t1_cjd2c3b,0.06930693069306931,0.0989010989010989,-0.029594168208029584
p_803,t3_2c7yah,t1_cjd2kql,t1_cjcxj9f,0.11730205278592376,0.12254160363086233,-0.005239550844938573
p_805,t3_2c5zac,t1_cjc9611,t1_cjc924m,0.08333333333333333,0.03355704697986577,0.04977628635346756
p_806,t3_2c5zac,t1_cjctvr0,t1_cjcbahh,0.06707317073170732,0.03821656050955414,0.028856610222153183
p_807,t3_2c5p5y,t1_cjcho3h,t1_cjc7uan,0.0661764705882353,0.08888888888888889,-0.022712418300653597
p_808,t3_2c5p5y,t1_cjcd7nc,t1_cjccm8m,0.040983606557377046,0.05128205128205128,-0.010298444724674234
p_810,t3_2c3fc3,t1_cjbjw5y,t1_cjbjkju,0.04807692307692308,0.05555555555555555,-0.007478632478632473
p_813,t3_2c1mga,t1_cjb2jw5,t1_cjc4wg5,0.08583690987124463,0.05263157894736842,0.03320533092387622
p_815,t3_2c0frm,t1_cjb1qx6,t1_cjause4,0.07971014492753623,0.1044776119402985,-0.02476746701276228
p_816,t3_2c0frm,t1_cjb1sid,t1_cjb85xf,0.046875,0.049019607843137254,-0.0021446078431372542
p_818,t3_2bys5g,t1_cja9ddx,t1_cja81tm,0.09663865546218488,0.08860759493670886,0.008031060525476016
p_820,t3_2byn0m,t1_cja7f9f,t1_cjabwg5,0.06965174129353234,0.08421052631578947,-0.014558785022257131
p_821,t3_2btxhq,t1_cj8vmab,t1_cj8xbmk,0.08064516129032258,0.06802721088435375,0.01261795040596883
p_822,t3_2bt248,t1_cj8mfi7,t1_cj8m3h7,0.1188118811881188,0.07586206896551724,0.042949812222601566
p_823,t3_2bt248,t1_cj8m0lg,t1_cj8mwsz,0.16666666666666666,0.14285714285714285,0.023809523809523808
p_824,t3_2bsdbd,t1_cj8tbiu,t1_cj8hvl7,0.032432432432432434,0.08520179372197309,-0.052769361289540656
p_826,t3_2brzwb,t1_cj8hzbv,t1_cj8gj0l,0.07239819004524888,0.06451612903225806,0.007882061012990813
p_827,t3_2brzmq,t1_cj8bm67,t1_cj8cjmm,0.0622568093385214,0.06201550387596899,0.00024130546255241025
p_828,t3_2brzmq,t1_cj8ba9r,t1_cj8b7ms,0.04326923076923077,0.023255813953488372,0.020013416815742396
p_829,t3_2bqtzl,t1_cj80j9s,t1_cj810fl,0.11510791366906475,0.08900523560209424,0.026102678066970517
p_832,t3_2boeux,t1_cj7b6r1,t1_cj7b5jv,0.07643312101910828,0.10344827586206896,-0.027015154842960687
p_833,t3_2boeux,t1_cj7bl1t,t1_cj7igwx,0.05714285714285714,0.030303030303030304,0.026839826839826837
p_834,t3_2boe3r,t1_cj7c5d5,t1_cj7cbq5,0.11188811188811189,0.11206896551724138,-0.0001808536291294932
p_836,t3_2bo3al,t1_cj7h31j,t1_cj7dkvq,0.06329113924050633,0.07692307692307693,-0.013631937682570594
p_837,t3_2bnfju,t1_cj716f4,t1_cj718af,0.06806282722513089,0.06741573033707865,0.0006470968880522426
p_838,t3_2bnfju,t1_cj71qqf,t1_cj717cb,0.1044776119402985,0.09090909090909091,0.013568521031207592
p_840,t3_2bmc2p,t1_cj6s9ct,t1_cj6qflr,0.056338028169014086,0.04054054054054054,0.015797487628473543
p_841,t3_2bmble,t1_cj6qs8o,t1_cj6v78p,0.08152173913043478,0.07109004739336493,0.010431691737069856
p_844,t3_2bkf5u,t1_cj684og,t1_cj6d292,0.034482758620689655,0.036036036036036036,-0.001553277415346381
p_846,t3_2bk0qs,t1_cj63kvq,t1_cj63fve,0.04201680672268908,0.007518796992481203,0.034498009730207876
p_849,t3_2bk0qs,t1_cj64yf0,t1_cj63fve,0.025210084033613446,0.007518796992481203,0.017691287041132243
p_847,t3_2bk0qs,t1_cj66iuo,t1_cj6420b,0.09019607843137255,0.048,0.04219607843137255
p_850,t3_2bk0qs,t1_cj65d7h,t1_cj66gvl,0.04093567251461988,0.015267175572519083,0.0256684969421008
p_852,t3_2bh5ak,t1_cj5b5uh,t1_cj5jak2,0.1044776119402985,0.1044776119402985,0.0
p_854,t3_2bf94q,t1_cj4sh2e,t1_cj4qy6o,0.0390625,0.06944444444444445,-0.030381944444444448
p_855,t3_2bev6f,t1_cj4mn6v,t1_cj4o0am,0.04878048780487805,0.06722689075630252,-0.018446402951424468
p_857,t3_2bdmlg,t1_cj4r6pc,t1_cj4uv2h,0.06810035842293907,0.06542056074766354,0.0026797976752755276
p_858,t3_2bdgci,t1_cj49439,t1_cj49ckx,0.09090909090909091,0.06521739130434782,0.025691699604743087
p_859,t3_2bd0wa,t1_cj442sl,t1_cj43vgx,0.14124293785310735,0.08843537414965986,0.05280756370344748
p_861,t3_2bbyzd,t1_cj3zuoq,t1_cj3tx1c,0.0935672514619883,0.1553398058252427,-0.061772554363254406
p_863,t3_2bbbrd,t1_cj3qs8q,t1_cj3ln9x,0.07291666666666667,0.05747126436781609,0.01544540229885058
p_864,t3_2bbbrd,t1_cj3mpby,t1_cj3ln9x,0.06134969325153374,0.05747126436781609,0.003878428883717651
p_865,t3_2bb58m,t1_cj3lcvm,t1_cj3jor5,0.0594059405940594,0.12698412698412698,-0.06757818639006757
p_868,t3_2bag31,t1_cj3e0bt,t1_cj3f08t,0.09763313609467456,0.10652920962199312,-0.008896073527318568
p_869,t3_2ba5xo,t1_cj3aqld,t1_cj3bm6j,0.06741573033707865,0.024390243902439025,0.043025486434639625
p_873,t3_2b6skg,t1_cj2glpl,t1_cj2cg6m,0.047619047619047616,0.09848484848484848,-0.050865800865800864
p_876,t3_2b3pi0,t1_cj1uavk,t1_cj1m2xo,0.04081632653061224,0.09047619047619047,-0.04965986394557823
p_877,t3_2b3lad,t1_cj1iybx,t1_cj1jqxa,0.06097560975609756,0.10416666666666667,-0.04319105691056911
p_879,t3_2b2yjr,t1_cj1hktf,t1_cj1b4e2,0.15654952076677317,0.13114754098360656,0.025401979783166606
p_881,t3_2b1rwv,t1_cj15lfe,t1_cj10jtx,0.0797872340425532,0.13815789473684212,-0.05837066069428892
p_882,t3_2b1rab,t1_cj0ycid,t1_cj0zinx,0.1380952380952381,0.14583333333333334,-0.007738095238095238
p_883,t3_2az65z,t1_cj0805c,t1_cj0g6d8,0.04568527918781726,0.07643312101910828,-0.03074784183129102
p_884,t3_2az65z,t1_cj0afqo,t1_cj07su5,0.07874015748031496,0.09803921568627451,-0.01929905820595955
p_887,t3_2ayhxt,t1_cj01q09,t1_cj05jan,0.07395498392282958,0.08092485549132948,-0.006969871568499902
p_888,t3_2ayhnp,t1_cj0eawe,t1_cj0dm90,0.025210084033613446,0.07142857142857142,-0.04621848739495798
p_889,t3_2ay3kf,t1_cizxi5e,t1_cj0f52z,0.08196721311475409,0.07627118644067797,0.005696026674076121
p_892,t3_2axbu7,t1_cizphk8,t1_cizp4id,0.12021857923497267,0.1271186440677966,-0.006900064832823932
p_894,t3_2ax1is,t1_cizxbqp,t1_cizm2oq,0.043478260869565216,0.03614457831325301,0.007333682556312206
p_896,t3_2avwd8,t1_cizdu3g,t1_cizbvza,0.03902439024390244,0.0625,-0.02347560975609756
p_898,t3_2av5cs,t1_ciz2pkz,t1_ciz33sn,0.11267605633802817,0.05042016806722689,0.06225588827080128
p_899,t3_2av5cs,t1_cizd4ad,t1_ciz33th,0.10248447204968944,0.0867579908675799,0.015726481182109536
p_900,t3_2av5cs,t1_ciz37g5,t1_cizbl7q,0.05964912280701754,0.09292035398230089,-0.03327123117528335
p_901,t3_2av4l0,t1_ciz5qhg,t1_ciz3zz1,0.13031914893617022,0.09763313609467456,0.032686012841495665
p_902,t3_2av4l0,t1_ciz4rvg,t1_cizdobh,0.11442786069651742,0.1511627906976744,-0.03673493000115699
p_903,t3_2auttr,t1_ciyyxji,t1_ciyz918,0.1065989847715736,0.13690476190476192,-0.030305777133188314
p_904,t3_2auttr,t1_ciz267w,t1_cizcakn,0.07936507936507936,0.06666666666666667,0.012698412698412695
p_905,t3_2auttr,t1_ciz01zx,t1_ciyz5z2,0.07741935483870968,0.032467532467532464,0.044951822371177216
p_907,t3_2autm6,t1_ciyzdgj,t1_ciyzc4o,0.06666666666666667,0.04950495049504951,0.01716171617161716
p_908,t3_2au1li,t1_ciytem3,t1_ciytn6n,0.104,0.07480314960629922,0.029196850393700777
p_909,t3_2atya5,t1_ciyu2jf,t1_ciza7xp,0.05813953488372093,0.06451612903225806,-0.006376594148537133
p_910,t3_2atya5,t1_ciytbvr,t1_ciyug3x,0.11428571428571428,0.09734513274336283,0.01694058154235145
p_911,t3_2atkq9,t1_ciyvkn0,t1_ciysfit,0.13819095477386933,0.12408759124087591,0.014103363532993421
p_912,t3_2atkq9,t1_ciyvfhd,t1_ciz0aqa,0.11363636363636363,0.057291666666666664,0.05634469696969697
p_914,t3_2aprj3,t1_cixk3ln,t1_cixjumt,0.11570247933884298,0.08270676691729323,0.03299571242154975
p_915,t3_2apfnp,t1_cixj7ex,t1_cixm7i4,0.09917355371900827,0.043795620437956206,0.05537793328105206
p_916,t3_2aotoi,t1_cixcw5d,t1_cixbgnz,0.13259668508287292,0.10144927536231885,0.031147409720554076
p_917,t3_2ao6r9,t1_cix76va,t1_cix3fsy,0.07580174927113703,0.09556313993174062,-0.01976139066060359
p_918,t3_2ao6r9,t1_cix7iph,t1_cix8b7l,0.10429447852760736,0.09863945578231292,0.005655022745294433
p_919,t3_2ao0uk,t1_cix3ypn,t1_cix3ejo,0.13043478260869565,0.09523809523809523,0.035196687370600416
p_920,t3_2ao0uk,t1_cix237u,t1_cix3ejo,0.01282051282051282,0.09523809523809523,-0.08241758241758242
p_921,t3_2ancgk,t1_cizbef2,t1_ciwwlp0,0.11398963730569948,0.12318840579710146,-0.00919876849140197
p_922,t3_2am3iw,t1_ciwjxse,t1_ciwj1us,0.1,0.10714285714285714,-0.007142857142857131
p_923,t3_2am3iw,t1_ciwjejz,t1_ciwtkzm,0.08450704225352113,0.05063291139240506,0.03387413086111606
p_924,t3_2aksc1,t1_ciwatzs,t1_ciwai0k,0.06565656565656566,0.09803921568627451,-0.032382650029708845
p_925,t3_2aklm2,t1_ciwffud,t1_ciwbxu9,0.04201680672268908,0.025974025974025976,0.016042780748663103
p_926,t3_2akhk0,t1_ciw2gow,t1_ciw2nfc,0.08860759493670886,0.07857142857142857,0.010036166365280291
p_927,t3_2ajnzj,t1_ciwqij6,t1_ciwemsm,0.05333333333333334,0.07228915662650602,-0.018955823293172684
p_928,t3_2aj9r3,t1_ciwcbuo,t1_civud7i,0.06936416184971098,0.038834951456310676,0.0305292103934003
p_931,t3_2aj1mk,t1_civssxr,t1_civm58k,0.05,0.059027777777777776,-0.009027777777777773
p_930,t3_2aj1mk,t1_civrhnv,t1_civrvjf,0.03260869565217391,0.05982905982905983,-0.02722036417688592
p_933,t3_2ah2al,t1_civd1ci,t1_civ856q,0.06188925081433225,0.09032258064516129,-0.028433329830829038
p_935,t3_2afgwo,t1_ciujkwd,t1_ciuknh0,0.05555555555555555,0.11764705882352941,-0.06209150326797386
p_937,t3_2afeix,t1_civ4udg,t1_ciui2wk,0.03164556962025317,0.022222222222222223,0.009423347398030944
p_936,t3_2afeix,t1_ciuiq4g,t1_civ1g4o,0.05240174672489083,0.033783783783783786,0.01861796294110704
p_940,t3_2a9tub,t1_cisxezp,t1_cisyu2q,0.11023622047244094,0.09554140127388536,0.014694819198555586
p_942,t3_2a9dnv,t1_cit209o,t1_cissjh9,0.07692307692307693,0.14661654135338345,-0.06969346443030652
p_943,t3_2a9dnv,t1_cisrycq,t1_cisrkq6,0.06866952789699571,0.03664921465968586,0.03202031323730985
p_945,t3_2a7l9t,t1_cisdojk,t1_cisar6g,0.0425531914893617,0.07975460122699386,-0.03720140973763216
p_946,t3_2a7f52,t1_cisdl2d,t1_cisbb3e,0.06666666666666667,0.09210526315789473,-0.025438596491228066
p_947,t3_2a7f52,t1_cisbwf3,t1_cisf85e,0.05741626794258373,0.05853658536585366,-0.0011203174232699287
p_948,t3_2a7f52,t1_cisazcd,t1_cisbb3e,0.07627118644067797,0.09210526315789473,-0.01583407671721676
p_950,t3_2a71ap,t1_cis8nhw,t1_cis9yiw,0.08366533864541832,0.09774436090225563,-0.014079022256837312
p_951,t3_2a6vk3,t1_cis5k8v,t1_cisibct,0.12162162162162163,0.1456953642384106,-0.024073742616788962
p_952,t3_2a6vk3,t1_cis6qmv,t1_cisibct,0.09036144578313253,0.1456953642384106,-0.05533391845527806
p_954,t3_2a5fi8,t1_ciro19q,t1_cirnern,0.10833333333333334,0.11961722488038277,-0.011283891547049438
p_955,t3_2a54d2,t1_cirmdvw,t1_cirrtjb,0.125,0.10884353741496598,0.016156462585034018
p_957,t3_2a3mhz,t1_cirdfug,t1_cirn0uk,0.08366533864541832,0.037815126050420166,0.045850212594998156
p_959,t3_2a2ccx,t1_ciqt2gd,t1_ciqstk4,0.08843537414965986,0.0784313725490196,0.010004001600640258
p_958,t3_2a2ccx,t1_ciqt1fb,t1_ciqt0ds,0.059322033898305086,0.07874015748031496,-0.019418123582009873
p_960,t3_2a299i,t1_ciqsytr,t1_ciqs72a,0.09302325581395349,0.06896551724137931,0.024057738572574178
p_961,t3_2a299i,t1_ciqsl3r,t1_ciqt0e3,0.06640625,0.07636363636363637,-0.00995738636363637
p_963,t3_2a1jkp,t1_ciqmtf7,t1_ciqlutb,0.08484848484848485,0.13013698630136986,-0.045288501452885
p_964,t3_2a1jkp,t1_ciqrmpo,t1_ciqn0ib,0.11805555555555555,0.14615384615384616,-0.02809829059829061
p_966,t3_2a197z,t1_ciqil5b,t1_ciqobmw,0.0726643598615917,0.1111111111111111,-0.038446751249519406
p_967,t3_2a197z,t1_ciqihn1,t1_ciqobmw,0.14540059347181009,0.1111111111111111,0.03428948236069898
p_968,t3_29zmtz,t1_ciq2ol0,t1_ciq3149,0.06206896551724138,0.02962962962962963,0.03243933588761175
p_969,t3_29wdwj,t1_cip54i9,t1_cip4gi2,0.07643312101910828,0.11170212765957446,-0.035269006640466186
p_970,t3_29vb8t,t1_cioupvy,t1_cip1yki,0.08108108108108109,0.049019607843137254,0.03206147323794383
p_971,t3_29uigy,t1_cioolhq,t1_ciopo2e,0.06722689075630252,0.047619047619047616,0.0196078431372549
p_972,t3_29twg4,t1_ciohbmn,t1_ciofrjv,0.046511627906976744,0.18292682926829268,-0.13641520136131594
p_973,t3_29thke,t1_cioct3t,t1_ciofixu,0.025193798449612403,0.03383458646616541,-0.008640788016553009
p_974,t3_29thke,t1_ciod9j6,t1_ciof299,0.07775768535262206,0.06133828996282528,0.01641939538979678
p_975,t3_29thke,t1_ciod9wn,t1_ciof299,0.07093425605536333,0.06133828996282528,0.009595966092538044
p_976,t3_29t2lw,t1_cio8k31,t1_ciorv42,0.08737864077669903,0.13218390804597702,-0.044805267269277985
p_978,t3_29sw94,t1_cioket0,t1_ciolk7r,0.03821656050955414,0.05384615384615385,-0.01562959333659971
p_979,t3_29s43k,t1_cinyd5x,t1_cinyyyn,0.05319148936170213,0.05747126436781609,-0.004279775006113963
p_981,t3_29q8ct,t1_cinh7w0,t1_cing94q,0.09558823529411764,0.08,0.015588235294117639
p_983,t3_29pjwk,t1_cinfrtq,t1_cin94yc,0.06481481481481481,0.09836065573770492,-0.033545840922890105
p_984,t3_29oi1n,t1_cimz15m,t1_cimy8x8,0.1044776119402985,0.1134453781512605,-0.008967766210962
p_985,t3_29o2de,t1_cimtmrk,t1_cin0747,0.027522935779816515,0.06832298136645963,-0.040800045586643116
p_988,t3_29nx6g,t1_cimrrzy,t1_cimrry5,0.07017543859649122,0.053763440860215055,0.01641199773627617
p_990,t3_29n4wo,t1_cio9nnh,t1_cimnztj,0.1566068515497553,0.12727272727272726,0.02933412427702803
p_992,t3_29mv5t,t1_cimhn69,t1_cimm4sj,0.03676470588235294,0.12345679012345678,-0.08669208424110383
p_993,t3_29kyod,t1_cily6cd,t1_cilx8xd,0.1452513966480447,0.14814814814814814,-0.002896751500103434
p_994,t3_29koa9,t1_ciluvuu,t1_cim8wkw,0.16273584905660377,0.13987473903966596,0.022861110016937802
p_996,t3_29koa9,t1_cim0cmu,t1_cim8wkw,0.17701863354037267,0.13987473903966596,0.03714389450070671
p_997,t3_29koa9,t1_cilvgjv,t1_cim8wkw,0.17547568710359407,0.13987473903966596,0.035600948063928106
p_998,t3_29koa9,t1_cilvqev,t1_cilxj9y,0.16997167138810199,0.0889487870619946,0.08102288432610738
p_999,t3_29gpjt,t1_cilbryz,t1_cikqtwr,0.0962962962962963,0.09859154929577464,-0.002295252999478345
p_1000,t3_29fpzd,t1_cikhu2y,t1_cikh4e8,0.0949367088607595,0.023809523809523808,0.07112718505123569
p_1001,t3_29fb1d,t1_cikeni2,t1_cikla8t,0.128,0.13043478260869565,-0.002434782608695646
p_1002,t3_29ex1p,t1_cik9jgg,t1_ciko7yy,0.11934156378600823,0.09448818897637795,0.024853374809630277
p_1003,t3_29elqv,t1_cik5t8y,t1_cik747j,0.07853403141361257,0.10989010989010989,-0.03135607847649732
p_1005,t3_29dde1,t1_cijuats,t1_cijzw8d,0.09278350515463918,0.08403361344537816,0.00874989170926102
p_1008,t3_29cqd5,t1_cijp4yk,t1_cijvb22,0.06222222222222222,0.07575757575757576,-0.01353535353535354
p_1009,t3_29c3ml,t1_cikuj8t,t1_cijh4ci,0.10135135135135136,0.10945273631840796,-0.008101384967056605
p_1010,t3_299mpb,t1_ciiv880,t1_cijf48t,0.15865384615384615,0.14948453608247422,0.009169310071371922
p_1012,t3_299m1u,t1_cij2hf7,t1_ciirgle,0.09595959595959595,0.06766917293233082,0.02829042302726513
p_1011,t3_299m1u,t1_cij1roi,t1_ciisuex,0.06481481481481481,0.07317073170731707,-0.008355916892502258
p_1015,t3_298jbk,t1_ciircqo,t1_ciijbdz,0.05921052631578947,0.1,-0.040789473684210535
p_1016,t3_295zr6,t1_cihud2v,t1_cihuma6,0.11351351351351352,0.10451306413301663,0.009000449380496892
p_1018,t3_293ei6,t1_cih7ua8,t1_cih1isj,0.14150943396226415,0.0975609756097561,0.043948458352508046
p_1020,t3_292154,t1_cignun4,t1_cigrv7m,0.1044776119402985,0.05714285714285714,0.04733475479744136
p_1022,t3_28xzqn,t1_cig26mw,t1_cifrcsx,0.13291139240506328,0.1038961038961039,0.029015288508959375
p_1023,t3_28xbw7,t1_cifjy3z,t1_cifovj7,0.07303370786516854,0.03870967741935484,0.0343240304458137
p_1024,t3_28xbw7,t1_cig1fzx,t1_cifl87i,0.0457516339869281,0.11585365853658537,-0.07010202454965728
p_1025,t3_28wpvg,t1_cif8zbc,t1_cif9t6k,0.035256410256410256,0.0898876404494382,-0.054631230193027944
p_1026,t3_28wp3q,t1_cif8e82,t1_cif88e5,0.052980132450331126,0.07729468599033816,-0.024314553540007035
p_1027,t3_28vthp,t1_cieyolc,t1_cif42z9,0.075,0.1111111111111111,-0.03611111111111111
p_1028,t3_28sivx,t1_cie0w6q,t1_cie3rwm,0.14084507042253522,0.049019607843137254,0.09182546257939797
p_1029,t3_28sivx,t1_cie32oy,t1_cie6c67,0.04950495049504951,0.08403361344537816,-0.03452866295032865
p_1030,t3_28sivx,t1_cie3t4x,t1_ciexvov,0.07228915662650602,0.04938271604938271,0.022906440577123308
p_1031,t3_28rftj,t1_cidpqyo,t1_cidq2o7,0.10384615384615385,0.12156862745098039,-0.01772247360482654
p_1033,t3_28l9bo,t1_cicbcrc,t1_cicnduy,0.05217391304347826,0.04504504504504504,0.007128867998433215
p_1034,t3_28kmxf,t1_cibufhn,t1_cic57nm,0.08620689655172414,0.046153846153846156,0.04005305039787799
p_1036,t3_28k1k9,t1_cic5k0x,t1_cibo1r9,0.0896551724137931,0.07105263157894737,0.018602540834845735
p_1037,t3_28jnxp,t1_cibl8h0,t1_cibmdqw,0.0711743772241993,0.05660377358490566,0.014570603639293633
p_1039,t3_28io13,t1_cibbreq,t1_cic1705,0.0392156862745098,0.03870967741935484,0.000506008855154963
p_1040,t3_28io13,t1_cibhh0f,t1_cibq1ek,0.1050228310502283,0.04,0.0650228310502283
p_1042,t3_28io13,t1_cibcinr,t1_cic1705,0.07462686567164178,0.03870967741935484,0.035917188252286944
p_1044,t3_28hqnq,t1_cib224e,t1_cib40ah,0.09,0.03225806451612903,0.057741935483870965
p_1045,t3_28c0xt,t1_ciasocp,t1_cia500d,0.07179487179487179,0.06293706293706294,0.008857808857808847
p_1046,t3_28butd,t1_ci9glxs,t1_ci9f4fm,0.04310344827586207,0.10869565217391304,-0.06559220389805097
p_1047,t3_28b5n6,t1_ci9a3vl,t1_ci99ope,0.043478260869565216,0.08241758241758242,-0.0389393215480172
p_1052,t3_28a5fu,t1_ci9bqem,t1_ci8yety,0.032679738562091505,0.059322033898305086,-0.02664229533621358
p_1053,t3_28a4rk,t1_ci8xy5w,t1_ci90bbf,0.10583941605839416,0.11411411411411411,-0.008274698055719953
p_1055,t3_2881g3,t1_ci8embi,t1_ci8bs9b,0.025974025974025976,0.1125,-0.08652597402597403
p_1056,t3_287z9c,t1_ci8aubw,t1_ci8apra,0.07222222222222222,0.13402061855670103,-0.06179839633447881
p_1057,t3_287z9c,t1_ci8d0ed,t1_ci8apra,0.11538461538461539,0.13402061855670103,-0.018636003172085636
p_1058,t3_287cab,t1_ci86zv4,t1_ci87ifw,0.09714285714285714,0.06624605678233439,0.030896800360522753
p_1059,t3_2870cx,t1_ci81vqj,t1_ci8137l,0.06040268456375839,0.09210526315789473,-0.03170257859413634
p_1060,t3_286wmt,t1_ci81k1d,t1_ci80xo1,0.07317073170731707,0.1,-0.026829268292682937
p_1061,t3_286wmt,t1_ci817z2,t1_ci8clpg,0.046296296296296294,0.08029197080291971,-0.03399567450662341
p_1062,t3_2848jg,t1_ci7igy9,t1_ci7f6gw,0.05504587155963303,0.07272727272727272,-0.017681401167639693
p_1064,t3_282r7k,t1_ci758gf,t1_ci6xs0m,0.08602150537634409,0.1,-0.013978494623655913
p_1065,t3_282lgu,t1_ci6xcds,t1_ci6wglw,0.12295081967213115,0.05357142857142857,0.06937939110070257
p_1068,t3_281bde,t1_ci6f2vp,t1_ci73217,0.08421052631578947,0.09859154929577464,-0.01438102297998517
p_1069,t3_2803o3,t1_ci69ena,t1_ci63g5z,0.09090909090909091,0.09774436090225563,-0.006835269993164722
p_1070,t3_2803o3,t1_ci63w8c,t1_ci63kpj,0.10429447852760736,0.08666666666666667,0.017627811860940687
p_1071,t3_27ywun,t1_ci5q8xy,t1_ci5rb2e,0.15104166666666666,0.10497237569060773,0.04606929097605893
p_1072,t3_27yn4n,t1_ci5p6hk,t1_ci5nwbp,0.09045226130653267,0.1111111111111111,-0.02065884980457844
p_1073,t3_27wog4,t1_ci54b7y,t1_ci54sne,0.07024793388429752,0.08092485549132948,-0.010676921607031958
p_1074,t3_27w5po,t1_ci4zmff,t1_ci4ziae,0.08791208791208792,0.12195121951219512,-0.0340391316001072
p_1075,t3_27w4g2,t1_ci52xge,t1_ci500mh,0.01935483870967742,0.047058823529411764,-0.027703984819734344
p_1076,t3_27tb09,t1_ci498s2,t1_ci45ypy,0.07633587786259542,0.08196721311475409,-0.00563133525215867
p_1077,t3_27r91j,t1_ci3qcct,t1_ci3r4y5,0.07894736842105263,0.06862745098039216,0.010319917440660464
p_1078,t3_27r91j,t1_ci469aj,t1_ci3lbw6,0.11398963730569948,0.17355371900826447,-0.05956408170256498
p_1080,t3_27r91j,t1_ci3v5tq,t1_ci3lbw6,0.12264150943396226,0.17355371900826447,-0.0509122095743022
p_1079,t3_27r91j,t1_ci3s6fn,t1_ci4g5dm,0.08666666666666667,0.09547738693467336,-0.008810720268006694
p_1081,t3_27qqap,t1_ci3mz0v,t1_ci3fwt5,0.03680981595092025,0.09259259259259259,-0.05578277664167234
p_1082,t3_27polk,t1_ci34zl5,t1_ci34y3o,0.06334841628959276,0.06976744186046512,-0.006419025570872358
p_1083,t3_27poi8,t1_ci35etu,t1_ci36j29,0.05263157894736842,0.03870967741935484,0.013921901528013578
p_1084,t3_27p2fu,t1_ci302xh,t1_ci2zv2i,0.06666666666666667,0.05853658536585366,0.008130081300813004
p_1085,t3_27nxly,t1_ci2o2dq,t1_ci2ox33,0.1037037037037037,0.04504504504504504,0.05865865865865866
p_1087,t3_27mbdo,t1_ci2lk26,t1_ci271f9,0.057692307692307696,0.03125,0.026442307692307696
p_1088,t3_27m0gw,t1_ci29ixa,t1_ci2e7bo,0.06622516556291391,0.08333333333333333,-0.017108167770419416
p_1089,t3_27ltja,t1_ci22bw3,t1_ci221eg,0.05813953488372093,0.05747126436781609,0.0006682705159048383
p_1090,t3_27lpkf,t1_ci21sv8,t1_ci22b62,0.12554112554112554,0.11278195488721804,0.012759170653907498
p_1091,t3_27lmyu,t1_ci25ehz,t1_ci292ni,0.05426356589147287,0.06474820143884892,-0.010484635547376053
p_1092,t3_27l0kn,t1_ci22hoe,t1_ci1usgp,0.09941520467836257,0.07407407407407407,0.025341130604288498
p_1094,t3_27jl8c,t1_ci1fdd3,t1_ci1q6ug,0.04,0.05042016806722689,-0.010420168067226891
p_1095,t3_27jl8c,t1_ci1g3eq,t1_ci1o724,0.022388059701492536,0.014492753623188406,0.00789530607830413
p_1096,t3_27jl8c,t1_ci1ybru,t1_ci1ghse,0.08823529411764706,0.13664596273291926,-0.0484106686152722
p_1097,t3_27hht5,t1_ci0v62f,t1_ci0xj1h,0.06870229007633588,0.08035714285714286,-0.011654852780806982
p_1098,t3_27hht5,t1_ci0v0t9,t1_ci0xj1h,0.05405405405405406,0.08035714285714286,-0.026303088803088806
p_1099,t3_27hf7o,t1_ci1a4gk,t1_ci1l4fi,0.13672922252010725,0.06620209059233449,0.07052713192777275
p_1101,t3_27gnxb,t1_ci0ta3o,t1_ci0mgmp,0.06535947712418301,0.1,-0.034640522875816995
p_1103,t3_27ea43,t1_chzyi0v,t1_chzyvc9,0.08333333333333333,0.050359712230215826,0.0329736211031175
p_1104,t3_27ea43,t1_chzydy2,t1_chzyi89,0.0641025641025641,0.03225806451612903,0.031844499586435066
p_1105,t3_27ea43,t1_ci00m2q,t1_chzyvc9,0.06829268292682927,0.050359712230215826,0.017932970696613447
p_1106,t3_27ea43,t1_ci00sgm,t1_ci005dx,0.05627705627705628,0.07931034482758621,-0.023033288550529933
p_1107,t3_27dypa,t1_ci0bdgm,t1_ci07fb6,0.15,0.14241486068111456,0.007585139318885437
p_1108,t3_27divm,t1_chzwhlt,t1_chzuja4,0.048,0.04477611940298507,0.003223880597014929
p_1109,t3_27cn8y,t1_chzj6p6,t1_chziyko,0.06896551724137931,0.13253012048192772,-0.06356460324054841
p_1111,t3_27atxw,t1_chz6xha,t1_chz1u36,0.1276595744680851,0.047619047619047616,0.08004052684903748
p_1112,t3_27arev,t1_chzar7e,t1_chyzift,0.0873015873015873,0.09174311926605505,-0.004441531964467754
p_1113,t3_27aea6,t1_chywdcb,t1_chywfdl,0.06,0.07563025210084033,-0.015630252100840333
p_1114,t3_27aa6m,t1_chyw1lz,t1_chyuott,0.11246200607902736,0.043478260869565216,0.06898374520946214
p_1116,t3_278w0f,t1_chynby5,t1_chyjibx,0.05263157894736842,0.033707865168539325,0.018923713778829093
p_1118,t3_277y4m,t1_chydgtq,t1_chywat7,0.05454545454545454,0.04954954954954955,0.004995904995904993
p_1119,t3_277y4m,t1_chydb1h,t1_chyw4kk,0.01904761904761905,0.037914691943127965,-0.018867072895508916
p_1120,t3_277x8k,t1_chyttqk,t1_chy9d0r,0.07608695652173914,0.12037037037037036,-0.04428341384863123
p_1121,t3_276tlp,t1_chy7sh3,t1_chy0rmg,0.16010498687664043,0.09060402684563758,0.06950096003100285
p_1124,t3_274620,t1_chxaxd7,t1_chx8gds,0.10526315789473684,0.060240963855421686,0.04502219403931515
p_1126,t3_273kmd,t1_chxd1h9,t1_chxj63m,0.10512129380053908,0.05952380952380952,0.045597484276729564
p_1127,t3_273kmd,t1_chx2u1h,t1_chxabgz,0.10746268656716418,0.11400651465798045,-0.006543828090816273
p_1129,t3_271kgs,t1_chwkzvw,t1_chwjkzk,0.11224489795918367,0.10679611650485436,0.00544878145432931
p_1130,t3_270lsq,t1_chwcze1,t1_chw9d8q,0.043478260869565216,0.0582010582010582,-0.014722797331492982
p_1131,t3_26zspu,t1_chw19hq,t1_chw183d,0.07456140350877193,0.06103286384976526,0.013528539659006668
p_1134,t3_26zc51,t1_chwc4g5,t1_chvxpww,0.06701030927835051,0.1,-0.03298969072164949
p_1136,t3_26yks9,t1_chvwhll,t1_chvq9oq,0.04950495049504951,0.05434782608695652,-0.004842875591907013
p_1137,t3_26wd6r,t1_chv5dr8,t1_chv4tni,0.10365853658536585,0.12376237623762376,-0.020103839652257913
p_1139,t3_26vy78,t1_chv29xs,t1_chv09i1,0.0449438202247191,0.06358381502890173,-0.01863999480418263
p_1140,t3_26uqns,t1_chuofxc,t1_chur6nz,0.02877697841726619,0.05785123966942149,-0.0290742612521553
p_1141,t3_26ua0u,t1_chujiwj,t1_chujocf,0.11262798634812286,0.08852459016393442,0.02410339618418844
p_1142,t3_26u9dw,t1_chuufxu,t1_chukxnl,0.044444444444444446,0.08045977011494253,-0.03601532567049808
p_1143,t3_26sh4n,t1_chu3p5h,t1_chu15ia,0.09195402298850575,0.11666666666666667,-0.024712643678160923
p_1146,t3_26rdo4,t1_chtuhl8,t1_chtxxpb,0.03361344537815126,0.06382978723404255,-0.03021634185589129
p_1147,t3_26rdo4,t1_chu67p6,t1_chtrpps,0.06451612903225806,0.0975609756097561,-0.03304484657749804
p_1148,t3_26q635,t1_chtgusq,t1_chtf56s,0.03,0.05217391304347826,-0.02217391304347826
p_1149,t3_26p8jo,t1_cht981c,t1_chtj2ux,0.08823529411764706,0.05263157894736842,0.035603715170278646
p_1150,t3_26p8jo,t1_cht9qr7,t1_chts9np,0.03305785123966942,0.064,-0.03094214876033058
p_1152,t3_26oalr,t1_chsxcva,t1_chsx48j,0.06030150753768844,0.09574468085106383,-0.03544317331337539
p_1153,t3_26nxhn,t1_chsvwxu,t1_chsv0n8,0.12280701754385964,0.09183673469387756,0.030970282849982086
p_1154,t3_26nryd,t1_chsrqt8,t1_chsrvxo,0.04,0.0684931506849315,-0.028493150684931502
p_1155,t3_26nhjw,t1_cht4pkp,t1_chsu79i,0.041916167664670656,0.07758620689655173,-0.03567003923188107
p_1156,t3_26nayb,t1_chssa9d,t1_chsv92t,0.1492842535787321,0.13924050632911392,0.010043747249618179
p_1157,t3_26klj1,t1_chs03g4,t1_chryx19,0.104,0.05,0.05399999999999999
p_1158,t3_26klj1,t1_chs24pt,t1_chrz6c7,0.08208955223880597,0.07386363636363637,0.008225915875169604
p_1160,t3_26hzf8,t1_chr8s7x,t1_chrles3,0.08196721311475409,0.0962962962962963,-0.014329083181542204
p_1161,t3_26hwea,t1_chrabe3,t1_chr8ld6,0.02702702702702703,0.10752688172043011,-0.08049985469340308
p_1162,t3_26gh41,t1_chrb2s3,t1_chrbbrp,0.07377049180327869,0.03296703296703297,0.04080345883624572
p_1163,t3_26dl3h,t1_chqfdzg,t1_chqb2dv,0.06666666666666667,0.022222222222222223,0.04444444444444444
p_1164,t3_26d2uo,t1_chpypl8,t1_chpy5h4,0.058823529411764705,0.05357142857142857,0.005252100840336137
p_1166,t3_26chd9,t1_chprxii,t1_chpqlc3,0.10576923076923077,0.16161616161616163,-0.05584693084693086
p_1165,t3_26chd9,t1_chpu05i,t1_chpunzb,0.11891891891891893,0.12921348314606743,-0.0102945642271485
p_1168,t3_26b7qy,t1_chpe7k0,t1_chpfdw6,0.1050228310502283,0.1326530612244898,-0.0276302301742615
p_1167,t3_26b7qy,t1_chpl60e,t1_chpgldh,0.06372549019607843,0.06976744186046512,-0.006041951664386688
p_1169,t3_26b1l1,t1_chphzs8,t1_chpj8nd,0.06369426751592357,0.0703125,-0.006618232484076433
p_1170,t3_26b1l1,t1_chpkxvq,t1_chpr7to,0.076,0.04716981132075472,0.028830188679245278
p_1171,t3_26axzi,t1_chpfpjf,t1_chpch30,0.061224489795918366,0.10396039603960396,-0.04273590624368559
p_1173,t3_26avz4,t1_chpvoyz,t1_chpdbyq,0.08173076923076923,0.0782122905027933,0.003518478727975935
p_1172,t3_26avz4,t1_chpk0aq,t1_chpkmh2,0.10869565217391304,0.2988505747126437,-0.19015492253873068
p_1175,t3_266yvm,t1_cho98qb,t1_cho9whe,0.0736196319018405,0.07523510971786834,-0.0016154778160278466
p_1176,t3_264xi6,t1_chnu7dr,t1_chntgnu,0.1,0.07251908396946564,0.02748091603053436
p_1177,t3_264iek,t1_chnlkj6,t1_chnpgap,0.030534351145038167,0.047619047619047616,-0.01708469647400945
p_1178,t3_26478q,t1_chnuzwc,t1_chni6ea,0.11728395061728394,0.11464968152866242,0.0026342690886215214
p_1180,t3_26388i,t1_chn9wjm,t1_chn949h,0.11063829787234042,0.09433962264150944,0.016298675230830978
p_1179,t3_26388i,t1_chn995p,t1_chnvien,0.04929577464788732,0.08666666666666667,-0.03737089201877935
p_1182,t3_25xo3j,t1_chm80yd,t1_chlvz4j,0.036231884057971016,0.06206896551724138,-0.025837081459270363
p_1183,t3_25xl5s,t1_chm54oj,t1_chlqmz0,0.08133971291866028,0.05555555555555555,0.02578415736310473
p_1184,t3_25x7qp,t1_chlltit,t1_chlyib1,0.11764705882352941,0.09090909090909091,0.0267379679144385
p_1185,t3_25vncd,t1_chldip6,t1_chl5c1u,0.11023622047244094,0.06666666666666667,0.04356955380577428
p_1187,t3_25ttah,t1_chknoam,t1_chknr46,0.04424778761061947,0.16279069767441862,-0.11854291006379915
p_1188,t3_25tb6s,t1_chkkbgt,t1_chkmpg8,0.08550185873605948,0.04205607476635514,0.04344578396970434
p_1189,t3_25tb6s,t1_chkkdg1,t1_chknu20,0.05909090909090909,0.05042016806722689,0.008670741023682198
p_1190,t3_25suor,t1_chkfvbm,t1_chkg3m5,0.0425531914893617,0.10476190476190476,-0.06220871327254306
p_1193,t3_25scj1,t1_chkzgwk,t1_chkmkdy,0.01818181818181818,0.04878048780487805,-0.03059866962305987
p_1194,t3_25r1ji,t1_chjyik3,t1_chk8w7b,0.07344632768361582,0.11702127659574468,-0.04357494891212886
p_1195,t3_25po6v,t1_chjkkx8,t1_chjubyn,0.1386861313868613,0.13333333333333333,0.0053527980535279795
p_1196,t3_25po6v,t1_chk8sqa,t1_chjubyn,0.0761904761904762,0.13333333333333333,-0.057142857142857134
p_1197,t3_25pnxw,t1_chjirvh,t1_chjpfx2,0.041666666666666664,0.015384615384615385,0.02628205128205128
p_1198,t3_25pnxw,t1_chjjtas,t1_chjj0yp,0.022988505747126436,0.14,-0.11701149425287358
p_1199,t3_25oyan,t1_chjdqy8,t1_chjem5p,0.09340659340659341,0.07936507936507936,0.014041514041514047
p_1200,t3_25nvz4,t1_chj0cy6,t1_chj0i1f,0.022857142857142857,0.058823529411764705,-0.03596638655462185
p_1201,t3_25n272,t1_chiubth,t1_chitirm,0.04455445544554455,0.03723404255319149,0.007320412892353065
p_1202,t3_25n272,t1_chiu5hs,t1_chiulpy,0.08029197080291971,0.08163265306122448,-0.0013406822583047762
p_1205,t3_25lg8m,t1_chigspr,t1_chiogt6,0.05352112676056338,0.05307262569832402,0.0004485010622393565
p_1206,t3_25l0uy,t1_chi8i2g,t1_chi832d,0.06153846153846154,0.04424778761061947,0.017290673927842073
p_1207,t3_25l0uy,t1_chi7njk,t1_chi7tu1,0.11290322580645161,0.06422018348623854,0.048683042320213074
p_1211,t3_25itrj,t1_chhmwgg,t1_chi69ds,0.06060606060606061,0.038461538461538464,0.022144522144522144
p_1212,t3_25im4s,t1_chhkumz,t1_chhjyki,0.06483790523690773,0.08011049723756906,-0.015272592000661334
p_1213,t3_25ha18,t1_chh8ifw,t1_chheuzj,0.07853403141361257,0.06547619047619048,0.013057840937422086
p_1214,t3_25ha18,t1_chh6qmk,t1_chhe1dy,0.09473684210526316,0.1038961038961039,-0.009159261790840742
p_1216,t3_25gqr3,t1_chh26by,t1_chhh81o,0.0731070496083551,0.06793478260869565,0.005172266999659447
p_1217,t3_25gqr3,t1_chh8rrt,t1_chhh81o,0.07883817427385892,0.06793478260869565,0.01090339166516327
p_1218,t3_25fjdx,t1_chgsfko,t1_chgwtsq,0.024390243902439025,0.06976744186046512,-0.04537719795802609
p_1219,t3_25emz1,t1_chgg0g9,t1_chgig4z,0.10136986301369863,0.06626506024096386,0.03510480277273477
p_1220,t3_25emz1,t1_chgg5ng,t1_chgir2d,0.06701030927835051,0.0469208211143695,0.020089488163981012
p_1221,t3_25e9jx,t1_chggnry,t1_chge47o,0.10787172011661808,0.1111111111111111,-0.0032393909944930244
p_1223,t3_25dxbd,t1_chg9dqe,t1_chg8ogo,0.08673469387755102,0.06896551724137931,0.01776917663617171
p_1227,t3_255hmb,t1_chdweq6,t1_chemebp,0.10828025477707007,0.09154929577464789,0.016730959002422177
p_1229,t3_254zub,t1_chdvkgy,t1_chdwf9h,0.0650887573964497,0.04225352112676056,0.02283523626968914
p_1231,t3_254y08,t1_cheumim,t1_chds6fo,0.045112781954887216,0.04878048780487805,-0.003667705849990835
p_1233,t3_25397z,t1_chda336,t1_chdw4w9,0.12087912087912088,0.07142857142857142,0.049450549450549455
p_1237,t3_251sp2,t1_chcu4b5,t1_chctls6,0.10852713178294573,0.09615384615384616,0.012373285629099576
p_1238,t3_251sp2,t1_chct90x,t1_chctls6,0.0660377358490566,0.09615384615384616,-0.030116110304789556
p_1239,t3_24y1ch,t1_chbuciq,t1_chbrxsr,0.09923664122137404,0.13533834586466165,-0.0361017046432876
p_1240,t3_24xvdh,t1_chc0kbp,t1_chbz1m4,0.07344632768361582,0.09696969696969697,-0.023523369286081147
p_1241,t3_24xu2q,t1_chbubti,t1_chbry7z,0.05351170568561873,0.0916030534351145,-0.038091347749495776
p_1242,t3_24xu2q,t1_chc4ef4,t1_chbry7z,0.11494252873563218,0.0916030534351145,0.02333947530051768
p_1244,t3_24w4ny,t1_chb93ff,t1_chb9gll,0.10238907849829351,0.10153846153846154,0.0008506169598319763
p_1245,t3_24w2l9,t1_chb9cc8,t1_chb90uk,0.07446808510638298,0.10303030303030303,-0.028562217923920052
p_1246,t3_24v6pp,t1_chbpbt5,t1_chb0vnk,0.06766917293233082,0.08108108108108109,-0.013411908148750262
p_1247,t3_24v4li,t1_chb1bwz,t1_chb0q8j,0.05434782608695652,0.07058823529411765,-0.016240409207161126
p_1249,t3_24v147,t1_chbavh7,t1_chbf3nm,0.13217391304347825,0.09113300492610837,0.04104090811736988
p_1251,t3_24u1tt,t1_chatgr3,t1_chap2b6,0.10273972602739725,0.058394160583941604,0.04434556544345565
p_1252,t3_24svid,t1_chabtmq,t1_chabwh6,0.07777777777777778,0.10344827586206896,-0.025670498084291185
p_1255,t3_24se6g,t1_cha8lpp,t1_cha7yte,0.046610169491525424,0.04945054945054945,-0.002840379959024024
p_1256,t3_24sb0f,t1_cha6mi6,t1_cha8ryw,0.0650887573964497,0.04195804195804196,0.023130715438407744
p_1257,t3_24qqog,t1_ch9zipy,t1_ch9sfw0,0.10828025477707007,0.07468879668049792,0.033591458096572144
p_1258,t3_24pgmg,t1_ch9fo96,t1_ch9x7xg,0.08602150537634409,0.10437710437710437,-0.01835559900076028
p_1261,t3_24mdbl,t1_ch8og6w,t1_ch8j52p,0.13071895424836602,0.13089005235602094,-0.00017109810765492117
p_1262,t3_24m6ig,t1_ch8nkas,t1_ch8kf1q,0.08536585365853659,0.043859649122807015,0.04150620453572958
p_1264,t3_24j7qu,t1_ch7qjkg,t1_ch7uy3e,0.03529411764705882,0.0935412026726058,-0.05824708502554697
p_1265,t3_24io3e,t1_ch7na38,t1_ch7ieyl,0.06944444444444445,0.11194029850746269,-0.04249585406301824
p_1266,t3_24io3e,t1_ch7pz3m,t1_ch7ieyl,0.07792207792207792,0.11194029850746269,-0.03401822058538477
p_1267,t3_24hwd5,t1_ch7gi99,t1_ch7affk,0.03669724770642202,0.02912621359223301,0.00757103411418901
p_1268,t3_24h3zr,t1_ch72c4s,t1_ch72cof,0.075,0.07692307692307693,-0.0019230769230769301
p_1269,t3_24g8ii,t1_ch71nlc,t1_ch6tmiv,0.055776892430278883,0.018404907975460124,0.03737198445481876
p_1270,t3_24g4hq,t1_ch7257w,t1_ch6va5a,0.013422818791946308,0.05555555555555555,-0.04213273676360924
p_1278,t3_24c5qv,t1_ch5oa5w,t1_ch5ogse,0.12449799196787148,0.08056872037914692,0.04392927158872456
p_1279,t3_24c5qv,t1_ch5ow4l,t1_ch5ogse,0.09787234042553192,0.08056872037914692,0.017303620046385
p_1280,t3_24c1q3,t1_ch5uakf,t1_ch60ays,0.08205128205128205,0.05384615384615385,0.028205128205128202
p_1281,t3_24c1q3,t1_ch61d0c,t1_ch5ursh,0.0962962962962963,0.075,0.0212962962962963
p_1282,t3_24c1q3,t1_ch5uoui,t1_ch5ugkf,0.056338028169014086,0.043795620437956206,0.01254240773105788
p_1283,t3_24c1q3,t1_ch5zt5k,t1_ch5p4qj,0.05319148936170213,0.07236842105263158,-0.019176931690929454
p_1284,t3_24bx3p,t1_ch5nu6w,t1_ch5ot5q,0.08333333333333333,0.0761904761904762,0.007142857142857131
p_1285,t3_24bof3,t1_ch5k7ny,t1_ch5m04n,0.056910569105691054,0.08928571428571429,-0.03237514518002323
p_1286,t3_24bof3,t1_ch5k4dl,t1_ch5phng,0.1292517006802721,0.07784431137724551,0.0514073893030266
p_1287,t3_24b8ko,t1_ch5ozwp,t1_ch66f4q,0.06956521739130435,0.11655011655011654,-0.046984899158812196
p_1288,t3_249sxa,t1_ch53so7,t1_ch4zs42,0.0967741935483871,0.0196078431372549,0.07716635041113219
p_1289,t3_249l1k,t1_ch4xsez,t1_ch57rrn,0.03529411764705882,0.04918032786885246,-0.013886210221793635
p_1290,t3_248s83,t1_ch4snfe,t1_ch4qx6q,0.13043478260869565,0.07058823529411765,0.059846547314578
p_1291,t3_248bcr,t1_ch4oftd,t1_ch51bt3,0.06744868035190615,0.1291866028708134,-0.06173792251890725
p_1295,t3_24509o,t1_ch3osvi,t1_ch3yyjg,0.06691449814126393,0.07194244604316546,-0.0050279479019015305
p_1296,t3_244kp1,t1_ch3jo95,t1_ch3iw1o,0.05172413793103448,0.0449438202247191,0.006780317706315382
p_1297,t3_244bft,t1_ch3gjc7,t1_ch3m2j3,0.05405405405405406,0.02654867256637168,0.027505381487682376
p_1301,t3_23yke6,t1_ch1tbc6,t1_ch22rmp,0.060240963855421686,0.09333333333333334,-0.03309236947791165
p_1302,t3_23yke6,t1_ch21i1v,t1_ch21o13,0.07,0.06779661016949153,0.0022033898305084815
p_1305,t3_23yke6,t1_ch29mf9,t1_ch1y1ws,0.08849557522123894,0.06818181818181818,0.02031375703942076
p_1303,t3_23yke6,t1_ch1xh6r,t1_ch20pf2,0.12,0.05747126436781609,0.0625287356321839
p_1304,t3_23yke6,t1_ch1vy27,t1_ch22rmp,0.06818181818181818,0.09333333333333334,-0.02515151515151516
p_1308,t3_23xw5n,t1_ch20pmq,t1_ch1orox,0.05982905982905983,0.0707070707070707,-0.010878010878010873
p_1311,t3_23xekl,t1_ch1ihvg,t1_ch1ih9d,0.09947643979057591,0.06956521739130435,0.02991122239927156
p_1310,t3_23xekl,t1_ch1lcbj,t1_ch1tafi,0.10101010101010101,0.08771929824561403,0.013290802764486978
p_1312,t3_23wvv9,t1_ch1cxo2,t1_ch1d10a,0.050505050505050504,0.05511811023622047,-0.0046130597311699675
p_1315,t3_23wvv9,t1_ch1d1et,t1_ch1czsx,0.06,0.047619047619047616,0.012380952380952381
p_1314,t3_23wvv9,t1_ch1dgtk,t1_ch1czsx,0.04040404040404041,0.047619047619047616,-0.007215007215007209
p_1313,t3_23wvv9,t1_ch1cuwx,t1_ch1d10a,0.03260869565217391,0.05511811023622047,-0.02250941458404656
p_1316,t3_23wvv9,t1_ch1dvsg,t1_ch1d10a,0.032,0.05511811023622047,-0.02311811023622047
p_1317,t3_23vw8b,t1_ch130xw,t1_ch12knl,0.09523809523809523,0.10294117647058823,-0.007703081232492998
p_1318,t3_23vw8b,t1_ch13k3n,t1_ch12knl,0.03571428571428571,0.10294117647058823,-0.06722689075630252
p_1319,t3_23vw8b,t1_ch149yl,t1_ch13pcr,0.017391304347826087,0.046296296296296294,-0.028904991948470207
p_1320,t3_23vvzm,t1_ch1f49t,t1_ch12o3l,0.12745098039215685,0.14285714285714285,-0.015406162464985995
p_1322,t3_23ou3x,t1_cgz6lk9,t1_cgz4coy,0.039473684210526314,0.06837606837606838,-0.02890238416554207
p_1324,t3_23mgec,t1_cgygajp,t1_cgyvk0r,0.11864406779661017,0.05309734513274336,0.06554672266386681
p_1326,t3_23lqtl,t1_cgybkki,t1_cgy8g3b,0.13780918727915195,0.08097165991902834,0.05683752736012361
p_1327,t3_23lqtl,t1_cgy90vi,t1_cgyg9t2,0.041474654377880185,0.0684931506849315,-0.027018496307051318
p_1328,t3_23litg,t1_cgy73k6,t1_cgyu73z,0.0782608695652174,0.08411214953271028,-0.005851279967492878
p_1329,t3_23kv7b,t1_cgxzsco,t1_cgy6k1w,0.07079646017699115,0.05325443786982249,0.017542022307168663
p_1330,t3_23kv7b,t1_cgy0cn3,t1_cgy04hq,0.07575757575757576,0.040983606557377046,0.034773969200198714
p_1331,t3_23kv7b,t1_cgy2g6p,t1_cgy5vy7,0.028846153846153848,0.11926605504587157,-0.09041990119971771
p_1332,t3_23kv7b,t1_cgy0c2d,t1_cgy551n,0.048,0.07142857142857142,-0.023428571428571424
p_1333,t3_23kv7b,t1_cgy6gid,t1_cgyrejw,0.08163265306122448,0.1111111111111111,-0.02947845804988662
p_1334,t3_23kit3,t1_cgxz084,t1_cgxx7gu,0.08947368421052632,0.09302325581395349,-0.0035495716034271707
p_1335,t3_23k2q0,t1_cgxw1t2,t1_cgxturs,0.09448818897637795,0.11711711711711711,-0.022628928140739163
p_1336,t3_23jz53,t1_cgxr95k,t1_cgxqswm,0.10382513661202186,0.09615384615384616,0.007671290458175703
p_1337,t3_23jmyp,t1_cgxs8kb,t1_cgxn99f,0.04827586206896552,0.0990990990990991,-0.05082323703013358
p_1338,t3_23ijp4,t1_cgxcr0l,t1_cgxdbde,0.12903225806451613,0.08517350157728706,0.04385875648722906
p_1341,t3_23c5x0,t1_cgvl8vi,t1_cgvm637,0.06060606060606061,0.08670520231213873,-0.02609914170607812
p_1342,t3_239u21,t1_cguzcxq,t1_cgv142h,0.049773755656108594,0.075,-0.025226244343891403
p_1343,t3_238wk7,t1_cgumv5c,t1_cgvmt4w,0.07575757575757576,0.09876543209876543,-0.023007856341189667
p_1344,t3_238afg,t1_cguflf3,t1_cgufoko,0.2191780821917808,0.08,0.1391780821917808
p_1345,t3_2375b2,t1_cgu92dz,t1_cgu3uvw,0.04891304347826087,0.04716981132075472,0.0017432321575061513
p_1346,t3_2371el,t1_cguakwg,t1_cgu6rya,0.0707070707070707,0.1111111111111111,-0.0404040404040404
p_1347,t3_2360o1,t1_cgtz3wv,t1_cgtwa3q,0.10526315789473684,0.05454545454545454,0.05071770334928229
p_1348,t3_2360o1,t1_cgu0cre,t1_cgtsaaa,0.08214285714285714,0.06741573033707865,0.014727126805778493
p_1353,t3_22z33y,t1_cgrsuna,t1_cgs2mn3,0.04225352112676056,0.0379746835443038,0.004278837582456764
p_1354,t3_22z33y,t1_cgrugp5,t1_cgs6ju7,0.05555555555555555,0.06578947368421052,-0.01023391812865497
p_1355,t3_22y28i,t1_cgriyct,t1_cgrjo9h,0.05128205128205128,0.16666666666666666,-0.11538461538461538
p_1358,t3_22xij5,t1_cgrqv9h,t1_cgrcwvc,0.09885931558935361,0.09090909090909091,0.007950224680262699
p_1356,t3_22xij5,t1_cgrcz5o,t1_cgrcq5k,0.11637931034482758,0.07103825136612021,0.04534105897870737
p_1359,t3_22wdaq,t1_cgr4744,t1_cgr1g25,0.03968253968253968,0.06060606060606061,-0.020923520923520927
p_1361,t3_22uku3,t1_cgqjbhc,t1_cgqivn8,0.027649769585253458,0.07913669064748201,-0.05148692106222855
p_1362,t3_22uku3,t1_cgqlrwl,t1_cgqjogl,0.14430379746835442,0.12627986348122866,0.018023933987125762
p_1364,t3_22uku3,t1_cgqquh7,t1_cgqjogl,0.06545454545454546,0.12627986348122866,-0.0608253180266832
p_1363,t3_22uku3,t1_cgqkdik,t1_cgqivn8,0.09448818897637795,0.07913669064748201,0.015351498328895943
p_1365,t3_22ujpc,t1_cgqjh6c,t1_cgqk4rp,0.04065040650406504,0.046296296296296294,-0.005645889792231254
p_1367,t3_22s6od,t1_cgpvjq6,t1_cgpumps,0.1087866108786611,0.0390625,0.0697241108786611
p_1368,t3_22s540,t1_cgpw23e,t1_cgq0y5h,0.0728643216080402,0.05891472868217054,0.013949592925869655
p_1369,t3_22ro8l,t1_cgpubok,t1_cgpq38y,0.06091370558375635,0.06040268456375839,0.0005110210199979551
p_1373,t3_22rciz,t1_cgppvl3,t1_cgps3lm,0.07296137339055794,0.06167400881057269,0.011287364579985255
p_1375,t3_22p8vc,t1_cgp1ivx,t1_cgp2qt7,0.11173184357541899,0.07425742574257425,0.037474417832844734
p_1376,t3_22p8vc,t1_cgph660,t1_cgp2qt7,0.06744868035190615,0.07425742574257425,-0.0068087453906681
p_1378,t3_22oxbh,t1_cgpbtta,t1_cgp8xyo,0.08095238095238096,0.08520179372197309,-0.004249412769592134
p_1381,t3_22kmvs,t1_cgnqvsu,t1_cgns9dq,0.13,0.11258278145695365,0.017417218543046356
p_1382,t3_22kmvs,t1_cgnr65q,t1_cgnr89a,0.09183673469387756,0.12371134020618557,-0.031874605512308016
p_1383,t3_22kmvs,t1_cgnqzqt,t1_cgns9dq,0.08235294117647059,0.11258278145695365,-0.03022984028048306
p_1385,t3_22jhn2,t1_cgneze9,t1_cgnl46h,0.08421052631578947,0.09243697478991597,-0.0082264484741265
p_1387,t3_22f1kj,t1_cgm6jha,t1_cgs195e,0.07368421052631578,0.07317073170731707,0.0005134788189987138
p_1388,t3_22f1kj,t1_cgm7mon,t1_cgmavew,0.05964912280701754,0.04716981132075472,0.012479311486262822
p_1389,t3_22f1kj,t1_cgm6vi2,t1_cgm6jxw,0.044444444444444446,0.05952380952380952,-0.015079365079365074
p_1392,t3_22akzj,t1_cgl8lo1,t1_cgkxjgo,0.07446808510638298,0.13333333333333333,-0.058865248226950356
p_1394,t3_22aivj,t1_cglicrz,t1_cgl0x83,0.023255813953488372,0.034482758620689655,-0.011226944667201283
p_1395,t3_22aivj,t1_cgljc74,t1_cgl10xq,0.047619047619047616,0.030418250950570342,0.017200796668477274
p_1396,t3_22a5ni,t1_cgktqwp,t1_cgkttdk,0.1111111111111111,0.08163265306122448,0.02947845804988662
p_1397,t3_22a3qs,t1_cgkvrr0,t1_cgkykbh,0.0625,0.12307692307692308,-0.060576923076923084
p_1398,t3_22a3qs,t1_cgl1hm0,t1_cgkykbh,0.08641975308641975,0.12307692307692308,-0.036657169990503335
p_1399,t3_22a3qs,t1_cgl1h03,t1_cgkykbh,0.07407407407407407,0.12307692307692308,-0.049002849002849014
p_1400,t3_22a37m,t1_cgksfxc,t1_cgkymem,0.08620689655172414,0.08333333333333333,0.002873563218390815
p_1401,t3_228zyi,t1_cgkk4t4,t1_cgklgw6,0.0891089108910891,0.05154639175257732,0.03756251913851179
p_1402,t3_228zup,t1_cgkizxk,t1_cgklh2w,0.14444444444444443,0.0958904109589041,0.04855403348554033
p_1403,t3_227jtk,t1_cgkj9t2,t1_cgk3y74,0.136986301369863,0.1092436974789916,0.02774260389087141
p_1404,t3_2274kr,t1_cgk4b3c,t1_cgk2ayk,0.09324009324009325,0.0915032679738562,0.0017368252662370437
p_1406,t3_226qii,t1_cgjxbij,t1_cgjwndb,0.049586776859504134,0.06626506024096386,-0.016678283381459727
p_1408,t3_225n20,t1_cgjsq8n,t1_cgjxoyj,0.03278688524590164,0.10869565217391304,-0.0759087669280114
p_1409,t3_225n20,t1_cgjse9y,t1_cgjto4c,0.12903225806451613,0.0811965811965812,0.047835676867934926
p_1411,t3_2235f3,t1_cgj1syh,t1_cgj12cs,0.014492753623188406,0.04895104895104895,-0.034458295327860544
p_1413,t3_222civ,t1_cgiu51l,t1_cgiukpc,0.04291845493562232,0.0546875,-0.011769045064377683
p_1414,t3_222civ,t1_cgj0qyo,t1_cgir9ho,0.13953488372093023,0.14388489208633093,-0.004350008365400698
p_1416,t3_2225gv,t1_cgimlkk,t1_cgio20w,0.07865168539325842,0.0641025641025641,0.014549121290694328
p_1417,t3_221bir,t1_cgif7kr,t1_cgixpf6,0.07348242811501597,0.049342105263157895,0.024140322851858076
p_1418,t3_220tb9,t1_cgi94sd,t1_cgic9mq,0.04964539007092199,0.03910614525139665,0.01053924481952534
p_1422,t3_21ufiz,t1_cghj1f0,t1_cggsmnl,0.031496062992125984,0.02727272727272727,0.004223335719398712
p_1423,t3_21tk7p,t1_cgggqyw,t1_cgghrhl,0.0743801652892562,0.07428571428571429,9.445100354191216e-05
p_1425,t3_21tdqe,t1_cggbp4k,t1_cggl2kk,0.046357615894039736,0.11486486486486487,-0.06850724897082514
p_1426,t3_21syfg,t1_cgg7z22,t1_cgg8cok,0.06666666666666667,0.07692307692307693,-0.010256410256410262
p_1428,t3_21ssfi,t1_cgg6xv3,t1_cggf9u8,0.06993006993006994,0.09615384615384616,-0.026223776223776224
p_1436,t3_21pkk6,t1_cgfbywq,t1_cgfbp9c,0.030201342281879196,0.05263157894736842,-0.022430236665489222
p_1437,t3_21okwn,t1_cgf2798,t1_cgf5s9n,0.12121212121212122,0.04861111111111111,0.07260101010101011
p_1438,t3_21lleu,t1_cgec0uu,t1_cgebs0x,0.2011173184357542,0.16753926701570682,0.03357805142004738
p_1439,t3_21l4k2,t1_cge4eyu,t1_cge6hi9,0.13709677419354838,0.061224489795918366,0.07587228439763001
p_1441,t3_21id1m,t1_cgdf3o7,t1_cgdlgwq,0.07547169811320754,0.09210526315789473,-0.016633565044687187
p_1447,t3_21eskl,t1_cgcdlrz,t1_cgccad9,0.10810810810810811,0.11764705882352941,-0.009538950715421296
p_1449,t3_21dzb8,t1_cgc6vmk,t1_cgcdz22,0.029411764705882353,0.05172413793103448,-0.02231237322515213
p_1450,t3_21ceh3,t1_cgbp7v2,t1_cgbpnct,0.05853658536585366,0.07602339181286549,-0.01748680644701183
p_1451,t3_21c4g5,t1_cgbm0ol,t1_cgbmkir,0.0823045267489712,0.07092198581560284,0.011382540933368351
p_1454,t3_21bodq,t1_cgbktwy,t1_cgboulw,0.05627705627705628,0.028985507246376812,0.027291549030679468
p_1455,t3_21aaav,t1_cgb4hag,t1_cgb7k83,0.059322033898305086,0.07142857142857142,-0.012106537530266338
p_1456,t3_219ie7,t1_cgawtkk,t1_cgaywpa,0.1111111111111111,0.07092198581560284,0.04018912529550826
p_1457,t3_219ie7,t1_cgay26g,t1_cgaxh04,0.10507246376811594,0.13592233009708737,-0.030849866328971437
p_1459,t3_219hll,t1_cgb9i7f,t1_cgawgmy,0.06965174129353234,0.06428571428571428,0.005366027007818061
p_1461,t3_218cj0,t1_cgb7957,t1_cgakc8p,0.10606060606060606,0.11458333333333333,-0.008522727272727265
p_1460,t3_218cj0,t1_cgb4zyw,t1_cgalms8,0.05755395683453238,0.022988505747126436,0.03456545108740594
p_1462,t3_218cay,t1_cganctm,t1_cgb5b16,0.10526315789473684,0.09198813056379822,0.013275027330938619
p_1464,t3_217z08,t1_cgamd0q,t1_cgam4in,0.10658307210031348,0.11363636363636363,-0.007053291536050152
p_1466,t3_216l8g,t1_cga5u8e,t1_cgaj501,0.05752212389380531,0.04736842105263158,0.010153702841173728
p_1468,t3_216l8g,t1_cgadifw,t1_cgamd1h,0.12538226299694188,0.06787330316742081,0.057508959829521075
p_1469,t3_216l8g,t1_cga5vm9,t1_cgad30r,0.08085106382978724,0.06842105263157895,0.012430011198208288
p_1470,t3_216c3c,t1_cgaclvt,t1_cgb76ib,0.062111801242236024,0.06206896551724138,4.283572499464566e-05
p_1471,t3_2156ec,t1_cg9t3jm,t1_cg9v9lh,0.05504587155963303,0.049019607843137254,0.006026263716495776
p_1472,t3_2156ec,t1_cg9sith,t1_cg9v9lh,0.0625,0.049019607843137254,0.013480392156862746
p_1473,t3_213mm2,t1_cg9agr0,t1_cg9bbci,0.11764705882352941,0.08275862068965517,0.03488843813387424
p_1474,t3_2130o9,t1_cg973lr,t1_cg99h0r,0.05228758169934641,0.12048192771084337,-0.06819434601149696
p_1475,t3_2108o3,t1_cg8g5m0,t1_cg8vacp,0.12602739726027398,0.1345707656612529,-0.008543368400978912
p_1477,t3_2108o3,t1_cg8pfcj,t1_cg8em1w,0.0898876404494382,0.13805970149253732,-0.048172061043099124
p_1476,t3_2108o3,t1_cg8g18c,t1_cg8gp2o,0.10047846889952153,0.08571428571428572,0.014764183185235813
p_1478,t3_2100tm,t1_cg8bjor,t1_cg8bpfd,0.024390243902439025,0.1,-0.07560975609756099
p_1479,t3_2100tm,t1_cg8bkva,t1_cg8cadv,0.048109965635738834,0.013513513513513514,0.03459645212222532
p_1480,t3_21006g,t1_cg8ektc,t1_cg8c67y,0.05909090909090909,0.05859375,0.0004971590909090898
p_1481,t3_21006g,t1_cg8d5l7,t1_cg8jki4,0.08,0.0967741935483871,-0.016774193548387092
p_1482,t3_21006g,t1_cg8k5af,t1_cg8jacm,0.12612612612612611,0.09137055837563451,0.0347555677504916
p_1483,t3_20y74d,t1_cg7uqnx,t1_cg7xgcc,0.012422360248447204,0.02127659574468085,-0.008854235496233646
p_1484,t3_20xnem,t1_cg7p4ea,t1_cg872iu,0.10734463276836158,0.05970149253731343,0.047643140231048146
p_1485,t3_20xnem,t1_cg7py0i,t1_cg872iu,0.088,0.05970149253731343,0.028298507462686563
p_1486,t3_20w0tt,t1_cg7p8xg,t1_cg7r3mc,0.05721393034825871,0.16455696202531644,-0.10734303167705773
p_1487,t3_20vzfs,t1_cg7cbh1,t1_cg7cj2w,0.07874015748031496,0.04918032786885246,0.0295598296114625
p_1488,t3_20v70n,t1_cg725lz,t1_cg73vfe,0.055900621118012424,0.06172839506172839,-0.005827773943715968
p_1489,t3_20smoi,t1_cg6kjc3,t1_cg6ejad,0.0718954248366013,0.0782608695652174,-0.006365444728616096
p_1495,t3_20ofb2,t1_cg5pkgq,t1_cg5ixhz,0.07079646017699115,0.05263157894736842,0.01816488122962273
p_1499,t3_20nrcb,t1_cg543t2,t1_cg552uu,0.07744107744107744,0.08148148148148149,-0.0040404040404040525
p_1502,t3_20mxh2,t1_cg5cj8f,t1_cg5k6xt,0.03389830508474576,0.058823529411764705,-0.024925224327018942
p_1504,t3_20mjdj,t1_cg682ww,t1_cg4t0cc,0.06474820143884892,0.061224489795918366,0.003523711642930555
p_1503,t3_20mjdj,t1_cg4pg7g,t1_cg4t0cc,0.08333333333333333,0.061224489795918366,0.022108843537414963
p_1505,t3_20madh,t1_cg4ndzh,t1_cg4rj03,0.056179775280898875,0.11875,-0.06257022471910112
p_1508,t3_20krmr,t1_cg48d5v,t1_cg4a1y8,0.10666666666666667,0.07058823529411765,0.03607843137254903
p_1509,t3_20k8w4,t1_cg4aii2,t1_cg48eux,0.08163265306122448,0.06666666666666667,0.014965986394557818
p_1510,t3_20k2rr,t1_cg419ms,t1_cg412ex,0.10404624277456648,0.10397553516819572,7.070760637076234e-05
p_1511,t3_20jx3a,t1_cg3ylll,t1_cg3zhj7,0.03389830508474576,0.046153846153846156,-0.012255541069100394
p_1512,t3_20iv9v,t1_cg3ns2w,t1_cg44wwu,0.037037037037037035,0.04895104895104895,-0.011914011914011917
p_1513,t3_20iv9v,t1_cg3y5m7,t1_cg44wwu,0.05426356589147287,0.04895104895104895,0.005312516940423916
p_1515,t3_20i4lp,t1_cg3uys9,t1_cg3hmbl,0.05405405405405406,0.04081632653061224,0.013237727523441815
p_1516,t3_20i4lp,t1_cg48c3a,t1_cg3j6v8,0.05625,0.07142857142857142,-0.015178571428571423
p_1517,t3_20i32o,t1_cg3g5qn,t1_cg3h1s6,0.064,0.0673076923076923,-0.003307692307692303
p_1518,t3_20hoh2,t1_cg3e8tj,t1_cg3e1q3,0.06451612903225806,0.06666666666666667,-0.002150537634408603
p_1519,t3_20h3n2,t1_cg35tve,t1_cg35vpg,0.05263157894736842,0.05291005291005291,-0.000278473962684489
p_1520,t3_20gyw4,t1_cg3bvu3,t1_cg3fsc7,0.05806451612903226,0.04294478527607362,0.015119730852958639
p_1521,t3_20gyw4,t1_cg3fs5u,t1_cg3fsc7,0.059782608695652176,0.04294478527607362,0.016837823419578554
p_1523,t3_20evic,t1_cg2s2cg,t1_cg2kgg6,0.10404624277456648,0.05673758865248227,0.04730865412208421
p_1524,t3_20er8m,t1_cg2kh0h,t1_cg349wx,0.021798365122615803,0.0636604774535809,-0.041862112330965096
p_1526,t3_20er8m,t1_cg2pphh,t1_cg349wx,0.05426356589147287,0.0636604774535809,-0.009396911562108035
p_1529,t3_20ccdh,t1_cg1yrvx,t1_cg21j64,0.06956521739130435,0.10655737704918032,-0.03699215965787597
p_1530,t3_20c7cz,t1_cg1yw0u,t1_cg1tdlz,0.09473684210526316,0.20353982300884957,-0.10880298090358641
p_1531,t3_20bjzj,t1_cg1npcb,t1_cg1np4p,0.08426966292134831,0.11801242236024845,-0.033742759438900136
p_1532,t3_20bc4h,t1_cg1kcaj,t1_cg1q9b0,0.09777777777777778,0.1791907514450867,-0.08141297366730892
p_1533,t3_20bc4h,t1_cg1k60u,t1_cg1m2xr,0.12605042016806722,0.09523809523809523,0.03081232492997199
p_1536,t3_208uz9,t1_cg0x68o,t1_cg0vcfi,0.0718954248366013,0.09345794392523364,-0.02156251908863234
p_1538,t3_208uz9,t1_cg10g34,t1_cg0vx6c,0.05660377358490566,0.02158273381294964,0.03502103977195602
p_1539,t3_20771y,t1_cg0g3o7,t1_cg0kgnu,0.05504587155963303,0.03571428571428571,0.01933158584534732
p_1541,t3_2067hy,t1_cg07wrp,t1_cg0fxc1,0.08,0.05263157894736842,0.027368421052631584
p_1542,t3_2067hy,t1_cg0du69,t1_cg0fxc1,0.0782122905027933,0.05263157894736842,0.02558071155542488
p_1543,t3_205wgp,t1_cg034et,t1_cg0lm1r,0.08695652173913043,0.08737864077669903,-0.0004221190375685996
p_1545,t3_2055ga,t1_cg005x6,t1_cfzyi1j,0.057692307692307696,0.19444444444444445,-0.13675213675213677
p_1546,t3_20552o,t1_cfzv2ca,t1_cfzutd1,0.1056338028169014,0.0851063829787234,0.020527419838178004
p_1547,t3_202dsz,t1_cfz5omt,t1_cfz8mj9,0.08780487804878048,0.09904153354632587,-0.011236655497545392
p_1548,t3_1zyxf5,t1_cfykpyh,t1_cfy8x1q,0.09561752988047809,0.07009345794392523,0.02552407193655286
p_1549,t3_1zwn1x,t1_cfxnbo6,t1_cfxnnsj,0.023076923076923078,0.029411764705882353,-0.006334841628959274
p_1550,t3_1zw7ln,t1_cfxj320,t1_cfxj5az,0.07608695652173914,0.07142857142857142,0.004658385093167711
p_1551,t3_1zuvxw,t1_cfxe20o,t1_cfxmqh6,0.04929577464788732,0.06976744186046512,-0.020471667212577795
p_1552,t3_1zu61l,t1_cfwzylm,t1_cfx0hao,0.061068702290076333,0.09302325581395349,-0.031954553523877154
p_1553,t3_1ztvka,t1_cfwxsqx,t1_cfwws2r,0.07114624505928854,0.06711409395973154,0.004032151099556999
p_1555,t3_1zs621,t1_cfwvfc8,t1_cfwgped,0.07434944237918216,0.08247422680412371,-0.00812478442494155
p_1557,t3_1zradb,t1_cfwcpec,t1_cfwls65,0.039755351681957186,0.05860805860805861,-0.01885270692610142
p_1558,t3_1zmsp5,t1_cfv2q6b,t1_cfv12db,0.08148148148148149,0.12389380530973451,-0.042412323828253023
p_1561,t3_1zj8xe,t1_cfuhnxj,t1_cfu7ye4,0.11029411764705882,0.05217391304347826,0.05812020460358056
p_1563,t3_1zixnc,t1_cfu2ihk,t1_cfufvm6,0.11494252873563218,0.1286549707602339,-0.013712442024601729
p_1564,t3_1zixnc,t1_cfufgl4,t1_cfu8t82,0.11650485436893204,0.10227272727272728,0.014232127096204764
p_1565,t3_1zga9j,t1_cfth378,t1_cfthktn,0.13612565445026178,0.07913669064748201,0.05698896380277978
p_1566,t3_1zfi9r,t1_cft7656,t1_cft6dvp,0.06829268292682927,0.13533834586466165,-0.06704566293783237
p_1567,t3_1zdgxp,t1_cfspefn,t1_cfsoeq2,0.18666666666666668,0.11009174311926606,0.07657492354740061
p_1568,t3_1zav5a,t1_cfs128g,t1_cfs8we4,0.14285714285714285,0.08900523560209424,0.05385190725504861
p_1569,t3_1zav5a,t1_cfs14jd,t1_cfs27v4,0.10714285714285714,0.12195121951219512,-0.014808362369337982
p_1570,t3_1z9uki,t1_cfrtm9j,t1_cfrtrpp,0.07142857142857142,0.08256880733944955,-0.011140235910878121
p_1571,t3_1z9nj1,t1_cfrvhp5,t1_cfrt1zr,0.07633587786259542,0.136,-0.05966412213740459
p_1572,t3_1z9nj1,t1_cfs2slp,t1_cfrt1zr,0.0963855421686747,0.136,-0.039614457831325306
p_1575,t3_1z4j07,t1_cfqjgtm,t1_cfqfpgt,0.0784313725490196,0.0392156862745098,0.0392156862745098
p_1576,t3_1z3vej,t1_cfq9l33,t1_cfq9m7b,0.034482758620689655,0.08450704225352113,-0.05002428363283147
p_1577,t3_1z2m65,t1_cfpz5ni,t1_cfqe6na,0.08791208791208792,0.061946902654867256,0.025965185257220663
p_1579,t3_1z1x25,t1_cfps3jr,t1_cfprwz1,0.07432432432432433,0.11976047904191617,-0.04543615471759184
p_1581,t3_1z0efm,t1_cfpdtdk,t1_cfpdbjr,0.051829268292682924,0.12080536912751678,-0.06897610083483385
p_1582,t3_1yzk2r,t1_cfpix2k,t1_cfpb5e7,0.0670611439842209,0.08227848101265822,-0.01521733702843732
p_1584,t3_1ytd1y,t1_cfnl117,t1_cfnl2nq,0.07692307692307693,0.06611570247933884,0.010807374443738083
p_1585,t3_1yst0y,t1_cfngu5x,t1_cfngwn5,0.06467661691542288,0.1452991452991453,-0.08062252838372243
p_1586,t3_1ysjvs,t1_cfndapb,t1_cfnjy06,0.031007751937984496,0.04,-0.008992248062015505
p_1587,t3_1ysjvs,t1_cfnejdg,t1_cfndbpn,0.03571428571428571,0.04142011834319527,-0.005705832628909557
p_1588,t3_1yqbtv,t1_cfmvaww,t1_cfn3a9g,0.07563025210084033,0.09473684210526316,-0.01910659000442283
p_1589,t3_1yqbtv,t1_cfmvnmb,t1_cfnjhfp,0.05,0.0449438202247191,0.005056179775280903
p_1590,t3_1ypfdt,t1_cfmn9ya,t1_cfmkj9p,0.07526881720430108,0.12244897959183673,-0.047180162387535654
p_1593,t3_1ylhiw,t1_cflpdf1,t1_cflrlgg,0.13366336633663367,0.11650485436893204,0.01715851196770163
p_1594,t3_1yksrs,t1_cfln3uw,t1_cflsynk,0.03868471953578337,0.03461538461538462,0.004069334920398751
p_1595,t3_1yk2nn,t1_cfmigm1,t1_cfl7jgs,0.08256880733944955,0.04597701149425287,0.03659179584519667
p_1597,t3_1yj9yz,t1_cfkzuuw,t1_cfl3zb3,0.036585365853658534,0.06578947368421052,-0.02920410783055199
p_1598,t3_1yhd8w,t1_cfkunw0,t1_cfl04qs,0.08695652173913043,0.087248322147651,-0.0002918004085205733
p_1599,t3_1yg8sx,t1_cfkaxla,t1_cfk8844,0.13636363636363635,0.08080808080808081,0.05555555555555554
p_1600,t3_1yg2jo,t1_cfk66s1,t1_cfk729g,0.08130081300813008,0.045454545454545456,0.035846267553584624
p_1601,t3_1yf0hw,t1_cfk3gzm,t1_cfk3g6w,0.133086876155268,0.133086876155268,0.0
p_1602,t3_1ycqp3,t1_cfjcixz,t1_cfjex0e,0.04699738903394256,0.09782608695652174,-0.050828697922579186
p_1603,t3_1yccg0,t1_cfj7tna,t1_cfj836t,0.054878048780487805,0.0847457627118644,-0.029867713931376598
p_1604,t3_1yc8z3,t1_cfj8dok,t1_cfj6ut7,0.05521472392638037,0.05555555555555555,-0.00034083162917518395
p_1607,t3_1y93n4,t1_cfilbka,t1_cfiga5n,0.10576923076923077,0.10697674418604651,-0.001207513416815742
p_1609,t3_1y8e6p,t1_cfidj9k,t1_cfi8wne,0.06666666666666667,0.05185185185185185,0.014814814814814815
p_1610,t3_1y7dly,t1_cfi0whe,t1_cfi99ou,0.0423728813559322,0.10050251256281408,-0.058129631206881874
p_1611,t3_1y6r6n,t1_cfhuqmy,t1_cfhzeok,0.07692307692307693,0.10810810810810811,-0.031185031185031187
p_1613,t3_1y5kpj,t1_cfhngrl,t1_cfhmv6r,0.018867924528301886,0.06818181818181818,-0.049313893653516294
p_1614,t3_1y5jpe,t1_cfhjc63,t1_cfhoyvh,0.04225352112676056,0.09090909090909091,-0.04865556978233035
p_1615,t3_1y3vw7,t1_cfh6xl3,t1_cfhb3ig,0.11961722488038277,0.08609271523178808,0.0335245096485947
p_1616,t3_1y0z80,t1_cfgezmv,t1_cfgd9sg,0.08,0.08536585365853659,-0.00536585365853659
p_1617,t3_1y0z80,t1_cfgebtx,t1_cfge83v,0.16666666666666666,0.09876543209876543,0.06790123456790123
p_1618,t3_1y0z80,t1_cfgff5w,t1_cfgdo8i,0.06896551724137931,0.07575757575757576,-0.00679205851619645
p_1619,t3_1y0z80,t1_cfggmp9,t1_cfggdeg,0.05952380952380952,0.05970149253731343,-0.0001776830135039112
p_1620,t3_1y0vu9,t1_cfgiaw0,t1_cfgl96g,0.03205128205128205,0.04,-0.007948717948717952
p_1621,t3_1y0q8w,t1_cfrq7cf,t1_cfgq10w,0.10116731517509728,0.14130434782608695,-0.04013703265098967
p_1622,t3_1xzpi7,t1_cfg2dzw,t1_cfg3is1,0.08881578947368421,0.12552301255230125,-0.03670722307861704
p_1623,t3_1xzf7d,t1_cfg00me,t1_cffz5zm,0.08275862068965517,0.08653846153846154,-0.003779840848806365
p_1624,t3_1xzeag,t1_cffzwu5,t1_cffzfv6,0.05384615384615385,0.09259259259259259,-0.03874643874643874
p_1625,t3_1xzdek,t1_cfg1zzx,t1_cfg0i1g,0.06338028169014084,0.06818181818181818,-0.004801536491677333
p_1626,t3_1xz6rw,t1_cffz8em,t1_cffxz9z,0.09829059829059829,0.05670103092783505,0.04158956736276324
p_1628,t3_1xx4hd,t1_cffpbcp,t1_cffe6q8,0.046610169491525424,0.0663265306122449,-0.019716361120719478
p_1631,t3_1xvch2,t1_cff03ce,t1_cfeznzr,0.07423580786026202,0.09345794392523364,-0.019222136064971626
p_1632,t3_1xus3u,t1_cff4s1l,t1_cff7gyo,0.08536585365853659,0.1506849315068493,-0.06531907784831271
p_1633,t3_1xtu9a,t1_cfelt93,t1_cfek1hq,0.10752688172043011,0.06796116504854369,0.03956571667188642
p_1635,t3_1xt7na,t1_cfekvit,t1_cfehcuc,0.08080808080808081,0.07692307692307693,0.0038850038850038876
p_1636,t3_1xrsup,t1_cfe9wcm,t1_cfecpir,0.08843537414965986,0.038461538461538464,0.0499738356881214
p_1639,t3_1xqnjx,t1_cfdvt9y,t1_cfdt5y3,0.10211267605633803,0.09505703422053231,0.007055641835805718
p_1640,t3_1xqnjx,t1_cfdsxp9,t1_cfdvwqp,0.16901408450704225,0.12461059190031153,0.044403492606730724
p_1641,t3_1xqn05,t1_cfdr670,t1_cfdzhku,0.05185185185185185,0.09333333333333334,-0.04148148148148149
p_1647,t3_1xpli3,t1_cfdj416,t1_cfdz0is,0.048672566371681415,0.04895104895104895,-0.0002784825793675366
p_1648,t3_1xp9br,t1_cfddlr2,t1_cfdd9ab,0.08870967741935484,0.11363636363636363,-0.02492668621700879
p_1649,t3_1xowzb,t1_cfdatgs,t1_cfdbx3c,0.08762886597938144,0.06134969325153374,0.026279172727847695
p_1650,t3_1xowzb,t1_cfdbhsi,t1_cfdbx3c,0.05622489959839357,0.06134969325153374,-0.0051247936531401694
p_1651,t3_1xofrl,t1_cfd7mvo,t1_cfd6avv,0.1206896551724138,0.088,0.032689655172413803
p_1652,t3_1xny71,t1_cfd4qsf,t1_cfd1p8s,0.06340057636887608,0.0796812749003984,-0.016280698531522322
p_1653,t3_1xne0t,t1_cfcwnyo,t1_cfcwuj0,0.11538461538461539,0.059602649006622516,0.055781966377992875
p_1654,t3_1xml8r,t1_cfcpq87,t1_cfcvgy3,0.08108108108108109,0.09448818897637795,-0.013407107895296866
p_1658,t3_1xj5t3,t1_cfbzgs9,t1_cfbsvrz,0.08095238095238096,0.06772908366533864,0.013223297287042315
p_1659,t3_1xj58k,t1_cfbw65l,t1_cfc1y4k,0.045112781954887216,0.04716981132075472,-0.002057029365867505
p_1660,t3_1xj1ga,t1_cfbsq9j,t1_cfbsdxa,0.09223300970873786,0.08173076923076923,0.010502240477968633
p_1661,t3_1xijwf,t1_cfbyqtw,t1_cfbs8fr,0.08296943231441048,0.04591836734693878,0.0370510649674717
p_1662,t3_1xijwf,t1_cfbrxxo,t1_cfbs8fr,0.07407407407407407,0.04591836734693878,0.028155706727135292
p_1663,t3_1xi9t0,t1_cfbm43v,t1_cfbl44s,0.07936507936507936,0.13368983957219252,-0.05432476020711316
p_1664,t3_1xhrpt,t1_cfbkr47,t1_cfby4iv,0.07868852459016394,0.06584362139917696,0.012844903190986981
p_1665,t3_1xhjo8,t1_cfbg2kr,t1_cfbe6yx,0.042682926829268296,0.14893617021276595,-0.10625324338349765
p_1666,t3_1xhgv0,t1_cfbkzhu,t1_cfbpidx,0.12337662337662338,0.07581227436823104,0.047564349008392334
p_1668,t3_1xgop4,t1_cfb7zmh,t1_cfblib6,0.05952380952380952,0.08536585365853659,-0.02584204413472707
p_1670,t3_1xg9o8,t1_cfb5szp,t1_cfb8m1v,0.048,0.035211267605633804,0.012788732394366197
p_1671,t3_1xg9o8,t1_cfb7rha,t1_cfb8rco,0.06806282722513089,0.07692307692307693,-0.008860249697946035
p_1672,t3_1xg07x,t1_cfb0ntv,t1_cfb1y56,0.0967741935483871,0.1276595744680851,-0.030885380919698002
p_1673,t3_1xg07x,t1_cfb029j,t1_cfb1y56,0.12264150943396226,0.1276595744680851,-0.005018065034122832
p_1674,t3_1xfxzz,t1_cfbqyq7,t1_cfb38lx,0.08482142857142858,0.03664921465968586,0.048172213911742714
p_1675,t3_1xecbw,t1_cfapwte,t1_cfavmea,0.09345794392523364,0.07692307692307693,0.016534867002156714
p_1676,t3_1xauzj,t1_cf9ryoi,t1_cf9rnej,0.06711409395973154,0.061855670103092786,0.005258423856638758
p_1677,t3_1x9drc,t1_cf9aorl,t1_cf9drsg,0.13089005235602094,0.07342657342657342,0.05746347892944752
p_1678,t3_1x8fy5,t1_cf9c8ws,t1_cf9598e,0.058333333333333334,0.06086956521739131,-0.0025362318840579726
p_1679,t3_1x7uoa,t1_cf8wl9o,t1_cf8z5i2,0.06493506493506493,0.03305785123966942,0.03187721369539551
p_1681,t3_1x5wrj,t1_cf8fe6i,t1_cf8h4zs,0.09178743961352658,0.08374384236453201,0.00804359724899456
p_1682,t3_1x5gri,t1_cf8ak7n,t1_cf8c7ra,0.09655172413793103,0.06989247311827956,0.02665925101965147
p_1683,t3_1x4fll,t1_cf88dvu,t1_cf80gm0,0.06578947368421052,0.05454545454545454,0.01124401913875598
p_1684,t3_1x4e9l,t1_cf8c6ja,t1_cf813g9,0.0673076923076923,0.07650273224043716,-0.009195039932744856
p_1685,t3_1x44be,t1_cf7y65l,t1_cffje6e,0.038461538461538464,0.08,-0.04153846153846154
p_1686,t3_1x44be,t1_cf8ii0u,t1_cf7ynno,0.08695652173913043,0.06504065040650407,0.02191587133262636
p_1687,t3_1x3quk,t1_cf81vtd,t1_cf811b2,0.06779661016949153,0.06962025316455696,-0.0018236429950654331
p_1688,t3_1x3quk,t1_cf82a08,t1_cf7xofq,0.08333333333333333,0.05384615384615385,0.02948717948717948
p_1689,t3_1x3jm2,t1_cf7t9mu,t1_cf7w0x1,0.1,0.15942028985507245,-0.059420289855072445
p_1690,t3_1x3jm2,t1_cf7rvkt,t1_cf7xop4,0.13829787234042554,0.02912621359223301,0.10917165874819253
p_1691,t3_1x3jm2,t1_cf7tzua,t1_cf7v802,0.14728682170542637,0.0851063829787234,0.062180438726702966
p_1693,t3_1wxy0c,t1_cf6nwss,t1_cf6opjq,0.10434782608695652,0.09767441860465116,0.006673407482305355
p_1694,t3_1wxy0c,t1_cf6r60y,t1_cf6opjq,0.07641196013289037,0.09767441860465116,-0.021262458471760795
p_1695,t3_1wwoop,t1_cf63aas,t1_cf61b67,0.1076923076923077,0.09174311926605505,0.015949188426252647
p_1696,t3_1wwoop,t1_cf61gbe,t1_cf642jh,0.06944444444444445,0.08235294117647059,-0.01290849673202614
p_1697,t3_1wvyf1,t1_cf5vcsr,t1_cf6onl2,0.07446808510638298,0.03482587064676617,0.039642214459616805
p_1699,t3_1wvths,t1_cf614t8,t1_cf5ugx7,0.05527638190954774,0.062111801242236024,-0.006835419332688282
p_1698,t3_1wvths,t1_cf5v50x,t1_cf5viuj,0.04807692307692308,0.043478260869565216,0.004598662207357863
p_1700,t3_1wvouv,t1_cf5t6kg,t1_cf5ydyu,0.07377049180327869,0.038834951456310676,0.03493554034696801
p_1702,t3_1wvhao,t1_cf5t1xp,t1_cf63h51,0.0,0.044642857142857144,-0.044642857142857144
p_1703,t3_1wu9bx,t1_cf5ghfv,t1_cf5gzn8,0.04861111111111111,0.09395973154362416,-0.04534862043251305
p_1704,t3_1wtvq6,t1_cf5knmg,t1_cf5ocok,0.07042253521126761,0.10784313725490197,-0.03742060204363436
p_1705,t3_1wteqq,t1_cf5rh0q,t1_cf57as7,0.06741573033707865,0.1111111111111111,-0.043695380774032455
p_1706,t3_1wt8h7,t1_cf55ppi,t1_cf559e0,0.05,0.06172839506172839,-0.011728395061728389
p_1707,t3_1wsalo,t1_cf54lvq,t1_cf570gn,0.09154929577464789,0.03829787234042553,0.05325142343422236
p_1708,t3_1wqdpz,t1_cf4fnk7,t1_cf4fg38,0.07094594594594594,0.04697986577181208,0.02396608017413386
p_1709,t3_1wnvdn,t1_cf3s4a2,t1_cf3rvjd,0.11320754716981132,0.10989010989010989,0.003317437279701435
p_1710,t3_1wmoca,t1_cf3hjc2,t1_cf3fxbx,0.13218390804597702,0.03007518796992481,0.1021087200760522
p_1714,t3_1wjggc,t1_cf2k4m9,t1_cf2zudy,0.07954545454545454,0.06796116504854369,0.011584289496910857
p_1719,t3_1we5ye,t1_cf181nq,t1_cf1drrq,0.10204081632653061,0.07027027027027027,0.03177054605626034
p_1721,t3_1we3gg,t1_cf15n2w,t1_cf1b9fg,0.07037037037037037,0.1111111111111111,-0.04074074074074073
p_1722,t3_1we3gg,t1_cf1aqki,t1_cf1mnjk,0.05970149253731343,0.16463414634146342,-0.10493265380414998
p_1723,t3_1we3gg,t1_cf14k7c,t1_cf1b9fg,0.07058823529411765,0.1111111111111111,-0.04052287581699346
p_1727,t3_1w99ax,t1_cf08bgj,t1_cezuuhe,0.1640625,0.09183673469387756,0.07222576530612244
p_1728,t3_1w91jl,t1_cezwkl3,t1_cezzr6g,0.10301507537688442,0.0625,0.040515075376884424
p_1729,t3_1w84rh,t1_cezjynx,t1_cezjtaz,0.08860759493670886,0.05970149253731343,0.02890610239939543
p_1731,t3_1w6uhl,t1_cezbyuy,t1_cez8odp,0.055900621118012424,0.09497206703910614,-0.03907144592109372
p_1730,t3_1w6uhl,t1_cezbjga,t1_cez8r6m,0.05,0.07926829268292683,-0.029268292682926828
p_1732,t3_1w6uhl,t1_cezwgtv,t1_cezh5ah,0.05803571428571429,0.07456140350877193,-0.016525689223057638
p_1733,t3_1w6uhl,t1_cezy174,t1_cezwt7d,0.09157509157509157,0.06666666666666667,0.024908424908424903
p_1734,t3_1w3r7a,t1_ceyfj6f,t1_ceyiqk4,0.06578947368421052,0.08860759493670886,-0.02281812125249834
p_1735,t3_1vz63d,t1_cex6xzs,t1_cexiref,0.062402496099843996,0.06836248012718601,-0.005959984027342019
p_1738,t3_1vqwtw,t1_ceuzj2d,t1_ceuycyu,0.03289473684210526,0.05844155844155844,-0.02554682159945318
p_1739,t3_1vq2nf,t1_ceupm5x,t1_ceup6x1,0.07142857142857142,0.09090909090909091,-0.019480519480519487
p_1740,t3_1vpp6t,t1_ceus11w,t1_ceuld78,0.043478260869565216,0.07092198581560284,-0.027443724946037626
p_1742,t3_1voenh,t1_ceubelw,t1_ceu9m4y,0.058091286307053944,0.07547169811320754,-0.0173804118061536
p_1743,t3_1vm911,t1_cetnn1i,t1_cettz33,0.03870967741935484,0.037267080745341616,0.0014425966740132246
p_1746,t3_1vitnu,t1_cesojok,t1_cet1d7h,0.045454545454545456,0.07051282051282051,-0.025058275058275056
p_1747,t3_1vil9h,t1_cesmz2f,t1_cesm93p,0.09126984126984126,0.07874015748031496,0.012529683789526305
p_1748,t3_1vil80,t1_cet0nf1,t1_cesmfhu,0.046357615894039736,0.11875,-0.07239238410596026
p_1750,t3_1vhh7b,t1_cesb8l8,t1_ceso4j1,0.07719298245614035,0.11538461538461539,-0.038191632928475036
p_1753,t3_1vg6qn,t1_cerydvt,t1_ces7sw3,0.06451612903225806,0.043209876543209874,0.02130625248904819
p_1754,t3_1vg6qn,t1_ces7xdz,t1_ces4z4x,0.0425531914893617,0.052083333333333336,-0.009530141843971635
p_1755,t3_1vfoko,t1_cersgwa,t1_cery1u3,0.08620689655172414,0.043478260869565216,0.04272863568215893
p_1756,t3_1veiwz,t1_cergs7r,t1_ceruu7h,0.10852713178294573,0.0673076923076923,0.04121943947525343
p_1758,t3_1vc1ju,t1_ceqsvrq,t1_ceqsm8p,0.08635097493036212,0.09508196721311475,-0.008730992282752634
p_1759,t3_1vbtut,t1_ceqq9p8,t1_ceqwdz5,0.13903743315508021,0.08045977011494253,0.05857766304013769
p_1762,t3_1v97rw,t1_cepz02o,t1_ceq85nw,0.08,0.08235294117647059,-0.0023529411764705854
p_1763,t3_1v8xv5,t1_cepyw13,t1_cepvurr,0.07511737089201878,0.2777777777777778,-0.202660406885759
p_1764,t3_1v8vbr,t1_ceq1g3n,t1_cepzl4s,0.16463414634146342,0.06611570247933884,0.09851844386212458
p_1765,t3_1v8hly,t1_ceps6kq,t1_cepr262,0.04411764705882353,0.041666666666666664,0.002450980392156868
p_1767,t3_1v6x7z,t1_cepcqsx,t1_cepbgx3,0.08045977011494253,0.0777027027027027,0.0027570674122398275
p_1768,t3_1v6x7z,t1_cepbbkb,t1_ceplff5,0.03543307086614173,0.10320284697508897,-0.06776977610894724
p_1771,t3_1v6sc1,t1_cep8u6j,t1_cep920e,0.14285714285714285,0.10810810810810811,0.034749034749034735
p_1772,t3_1v6sc1,t1_cepbi6t,t1_cep9kye,0.06796116504854369,0.07865168539325842,-0.010690520344714738
p_1773,t3_1v5dnm,t1_ceovabh,t1_ceovlgt,0.04807692307692308,0.037037037037037035,0.011039886039886045
p_1774,t3_1v5dnm,t1_ceovl5u,t1_ceov0pa,0.07142857142857142,0.07954545454545454,-0.00811688311688312
p_1775,t3_1v44vp,t1_ceoj2ew,t1_ceonfda,0.075,0.10714285714285714,-0.03214285714285714
p_1776,t3_1v44ig,t1_ceonb1b,t1_ceoluxq,0.0821917808219178,0.13145539906103287,-0.04926361823911507
p_1777,t3_1v37km,t1_ceof5q0,t1_ceoakgs,0.07958477508650519,0.05514705882352941,0.024437716262975778
p_1778,t3_1v2buu,t1_ceo3y9o,t1_ceo0vsq,0.08571428571428572,0.1125,-0.026785714285714288
p_1783,t3_1uw88g,t1_cemazwn,t1_cem9vxq,0.06532663316582915,0.1111111111111111,-0.045784477945281954
p_1784,t3_1uw88g,t1_cema7rn,t1_cematy2,0.08520179372197309,0.19411764705882353,-0.10891585333685044
p_1785,t3_1uu8f1,t1_celpb6x,t1_celpnop,0.14754098360655737,0.125,0.022540983606557374
p_1787,t3_1uss24,t1_celd4ge,t1_cem21t7,0.03508771929824561,0.027777777777777776,0.007309941520467836
p_1788,t3_1us404,t1_celnjcf,t1_cel68zm,0.0529595015576324,0.06976744186046512,-0.016807940302832718
p_1789,t3_1us3bu,t1_cel70ih,t1_celagxd,0.06936416184971098,0.04736842105263158,0.021995740797079395
p_1790,t3_1urrut,t1_cel88d0,t1_cel1jwe,0.11330049261083744,0.1276595744680851,-0.014359081857247658
p_1791,t3_1up36i,t1_cel5ryl,t1_cekasft,0.05194805194805195,0.03317535545023697,0.018772696497814982
p_1794,t3_1un1uh,t1_cejsnxi,t1_cejqr72,0.06040268456375839,0.06428571428571428,-0.003883029721955887
p_1795,t3_1umi67,t1_cejoc7z,t1_cejtg9p,0.06153846153846154,0.026785714285714284,0.034752747252747254
p_1796,t3_1um2og,t1_cejgnup,t1_cejgczp,0.06962025316455696,0.05357142857142857,0.01604882459312839
p_1797,t3_1uldzf,t1_cejbhlx,t1_cejot4k,0.050955414012738856,0.06403940886699508,-0.013083994854256223
p_1800,t3_1uhnsm,t1_cei7518,t1_cei83kz,0.08307692307692308,0.12871287128712872,-0.04563594821020564
p_1801,t3_1uhj8f,t1_cei563f,t1_ceim6kr,0.06306306306306306,0.0967741935483871,-0.03371113048532404
p_1802,t3_1uhj8f,t1_cei5r73,t1_ceiav39,0.08163265306122448,0.11494252873563218,-0.0333098756744077
p_1803,t3_1ugfg7,t1_cehxooj,t1_cehv3x9,0.05701754385964912,0.08227848101265822,-0.025260937153009103
p_1804,t3_1ueg7f,t1_ceh8q6y,t1_ceh8am3,0.0794979079497908,0.1310344827586207,-0.05153657480882991
p_1806,t3_1udzn5,t1_ceh4p0r,t1_ceh6366,0.055401662049861494,0.06470588235294118,-0.009304220303079688
p_1808,t3_1udzn5,t1_cehcarm,t1_cehc82y,0.09016393442622951,0.08955223880597014,0.0006116956202593671
p_1811,t3_1udlql,t1_ceh07bk,t1_cegzp5m,0.07216494845360824,0.1368421052631579,-0.06467715680954966
p_1812,t3_1ud8fv,t1_cehjb3t,t1_ceh3glw,0.11065573770491803,0.1,0.010655737704918025
p_1814,t3_1uctm7,t1_cegr7bn,t1_cegy5dc,0.12631578947368421,0.10112359550561797,0.02519219396806624
p_1815,t3_1ucj9u,t1_cegoldf,t1_cegt2yd,0.13513513513513514,0.04205607476635514,0.09307906036878
p_1816,t3_1ucgh6,t1_cegogz6,t1_cegohag,0.10810810810810811,0.056910569105691054,0.05119753900241706
p_1817,t3_1ucgh6,t1_cegqw1u,t1_cegohag,0.027777777777777776,0.056910569105691054,-0.029132791327913278
p_1818,t3_1uamtt,t1_cegcjhm,t1_cegb3ri,0.1076923076923077,0.12,-0.012307692307692297
p_1821,t3_1u8yzo,t1_cefohe0,t1_cefnobg,0.0949367088607595,0.04065040650406504,0.05428630235669446
p_1824,t3_1u8om4,t1_cefkzid,t1_cefl804,0.04938271604938271,0.08064516129032258,-0.031262445240939865
p_1825,t3_1u8iv1,t1_cefj6lm,t1_cefr8n0,0.06164383561643835,0.08421052631578947,-0.02256669069935112
p_1827,t3_1u87uu,t1_cefgarg,t1_cefn2kn,0.038461538461538464,0.047619047619047616,-0.009157509157509153
p_1828,t3_1u7llg,t1_cefbw53,t1_cefb5g9,0.14634146341463414,0.10309278350515463,0.043248679909479504
p_1830,t3_1u4wxq,t1_ceenpjt,t1_ceekcir,0.08394160583941605,0.07456140350877193,0.009380202330644127
p_1829,t3_1u4wxq,t1_ceeovmf,t1_ceem22l,0.1111111111111111,0.1,0.0111111111111111
p_1831,t3_1u4fqn,t1_ceefsm0,t1_ceejtd2,0.06451612903225806,0.10679611650485436,-0.0422799874725963
p_1835,t3_1u28be,t1_cedssel,t1_cedt1r4,0.07526881720430108,0.047619047619047616,0.02764976958525346
p_1836,t3_1u0pt2,t1_cedkwy5,t1_cedqecc,0.0873015873015873,0.11627906976744186,-0.028977482465854562
p_1838,t3_1ty0ux,t1_cecozto,t1_cecpcit,0.03875968992248062,0.07792207792207792,-0.0391623879995973
p_1839,t3_1txyfq,t1_ceczo86,t1_cecktf3,0.03723404255319149,0.16091954022988506,-0.12368549767669357
p_1840,t3_1tx0tf,t1_ceca72e,t1_ceca9ns,0.07329842931937172,0.04827586206896552,0.025022567250406205
p_1841,t3_1twxa7,t1_cec9uo6,t1_cecflca,0.025974025974025976,0.05240174672489083,-0.02642772075086485
p_1843,t3_1twegt,t1_cecee3s,t1_cecd78s,0.09090909090909091,0.09558823529411764,-0.004679144385026729
p_1844,t3_1tt75b,t1_cebccgh,t1_cebecvh,0.11515151515151516,0.16299559471365638,-0.04784407956214122
p_1845,t3_1tt5tb,t1_cebd1og,t1_cebemwn,0.04040404040404041,0.056451612903225805,-0.016047572499185397
p_1846,t3_1tt5tb,t1_cebcb60,t1_cebb05i,0.010869565217391304,0.0379746835443038,-0.027105118326912495
p_1850,t3_1tqttm,t1_cealwzd,t1_ceakm2y,0.11849710982658959,0.12686567164179105,-0.008368561815201458
p_1851,t3_1tqttm,t1_ceaxcno,t1_ceak6vp,0.029850746268656716,0.11013215859030837,-0.08028141232165165
p_1853,t3_1tpqhr,t1_ceaod4e,t1_ceaei9g,0.028037383177570093,0.05521472392638037,-0.027177340748810275
p_1855,t3_1to7tw,t1_ce9wkz3,t1_ce9wfe0,0.058823529411764705,0.0784313725490196,-0.0196078431372549
p_1856,t3_1tns6s,t1_ce9xde5,t1_ce9rgf8,0.11538461538461539,0.11666666666666667,-0.0012820512820512775
p_1857,t3_1tm85z,t1_ce9dgau,t1_ce9co77,0.11961722488038277,0.11023622047244094,0.009381004407941831
p_1858,t3_1tku2p,t1_ce92cm3,t1_ce9099k,0.0658682634730539,0.0390625,0.026805763473053898
p_1860,t3_1tg3nh,t1_ce7sc37,t1_ce7klpg,0.08571428571428572,0.046632124352331605,0.03908216136195411
p_1861,t3_1te39z,t1_ce70eid,t1_ce71ql3,0.07954545454545454,0.021505376344086023,0.05804007820136852
p_1862,t3_1td5fm,t1_ce6qqlt,t1_ce6qwq5,0.07058823529411765,0.10909090909090909,-0.03850267379679144
p_1863,t3_1t9y3s,t1_ce5u6t5,t1_ce5u33e,0.06422018348623854,0.11428571428571428,-0.050065530799475746
p_1864,t3_1t9irv,t1_ce5qvxa,t1_ce5r69v,0.07142857142857142,0.05527638190954774,0.016152189519023682
p_1866,t3_1t9irv,t1_ce5spfk,t1_ce5r134,0.08839779005524862,0.06481481481481481,0.023582975240433804
p_1867,t3_1t8yrt,t1_ce5k8r6,t1_ce5jxeb,0.0933852140077821,0.1708185053380783,-0.0774332913302962
p_1869,t3_1t83kb,t1_ce5bsdz,t1_ce5bvhb,0.07961165048543689,0.11627906976744186,-0.03666741928200497
p_1870,t3_1t5izv,t1_ce4jsh6,t1_ce4oagv,0.11282051282051282,0.03205128205128205,0.08076923076923077
p_1872,t3_1t4p86,t1_ce4jasj,t1_ce4clfo,0.05925925925925926,0.03669724770642202,0.02256201155283724
p_1873,t3_1t46ur,t1_ce4aypp,t1_ce46qsw,0.03932584269662921,0.12903225806451613,-0.08970641536788691
p_1877,t3_1t1i45,t1_ce3sops,t1_ce3g5h1,0.02912621359223301,0.1,-0.070873786407767
p_1878,t3_1t13mm,t1_ce3c4sb,t1_ce39wwh,0.061946902654867256,0.14473684210526316,-0.08278993945039591
p_1879,t3_1t0eax,t1_ce324pp,t1_ce36rhk,0.09966777408637874,0.11619718309859155,-0.01652940901221281
p_1880,t3_1sxioi,t1_ce27cna,t1_ce2bmpa,0.060810810810810814,0.0392156862745098,0.02159512453630101
p_1881,t3_1sxioi,t1_ce27fv0,t1_ce2dpe5,0.058823529411764705,0.02,0.0388235294117647
p_1884,t3_1sv960,t1_ce1x8f8,t1_ce1krmn,0.09655172413793103,0.08974358974358974,0.006808134394341289
p_1885,t3_1sv7nj,t1_ce1m2fp,t1_ce1qbwt,0.06857142857142857,0.043010752688172046,0.02556067588325653
p_1886,t3_1suyq6,t1_ce1hrcm,t1_ce1i6wn,0.0684931506849315,0.04406779661016949,0.024425354074762012
p_1887,t3_1suyq6,t1_ce1jnf5,t1_ce1i6wn,0.022222222222222223,0.04406779661016949,-0.021845574387947268
p_1888,t3_1suyq6,t1_ce1j07m,t1_ce1ivme,0.04054054054054054,0.06481481481481481,-0.02427427427427427
p_1890,t3_1suq0i,t1_ce1l6xb,t1_ce1frfu,0.06792452830188679,0.060810810810810814,0.007113717491075977
p_1889,t3_1suq0i,t1_ce1gpo7,t1_ce1g21s,0.07037037037037037,0.05394190871369295,0.016428461656677426
p_1891,t3_1sunm5,t1_ce1fx1q,t1_ce1fhql,0.0821256038647343,0.07462686567164178,0.007498738193092519
p_1893,t3_1sunm5,t1_ce1epim,t1_ce1fhql,0.08695652173913043,0.07462686567164178,0.012329656067488648
p_1892,t3_1sunm5,t1_ce1fxo1,t1_ce1gunr,0.06172839506172839,0.07766990291262135,-0.01594150785089296
p_1894,t3_1stysh,t1_ce1a8iy,t1_ce1k607,0.10599078341013825,0.0379746835443038,0.06801609986583446
p_1895,t3_1sslvc,t1_ce0xojx,t1_ce12asq,0.05373134328358209,0.09047619047619047,-0.036744847192608385
p_1896,t3_1sqkke,t1_ce09y0e,t1_ce08oy9,0.0625,0.057692307692307696,0.0048076923076923045
p_1897,t3_1sktqj,t1_cdz832l,t1_cdymjwd,0.07766990291262135,0.1134020618556701,-0.03573215894304875
p_1898,t3_1sji3o,t1_cdy85sk,t1_cdyajck,0.03333333333333333,0.05555555555555555,-0.02222222222222222
p_1900,t3_1sgr9m,t1_cdxkw1s,t1_cdxgrfu,0.03125,0.054945054945054944,-0.023695054945054944
p_1904,t3_1scv1e,t1_cdwaij1,t1_cdw8ydx,0.039735099337748346,0.05185185185185185,-0.012116752514103504
p_1905,t3_1sclwf,t1_cdwfawk,t1_cdw643w,0.08196721311475409,0.08333333333333333,-0.0013661202185792365
p_1907,t3_1scbek,t1_cdw4ucf,t1_cdw36rb,0.10982658959537572,0.06040268456375839,0.04942390503161733
p_1908,t3_1sbxik,t1_cdvzh4k,t1_cdvyz1u,0.12903225806451613,0.10666666666666667,0.022365591397849452
p_1909,t3_1saalt,t1_cdw0u51,t1_cdvmn1u,0.07746478873239436,0.11428571428571428,-0.03682092555331992
p_1910,t3_1s94cq,t1_cdv71qo,t1_cdv5luo,0.07913669064748201,0.07692307692307693,0.0022136137244050808
p_1911,t3_1s8zmg,t1_cdwf8t8,t1_cdvi2oo,0.08823529411764706,0.07526881720430108,0.012966476913345987
p_1912,t3_1s6w43,t1_cduin0o,t1_cduuorr,0.07051282051282051,0.04827586206896552,0.022236958443854996
p_1913,t3_1s60vl,t1_cdufjh4,t1_cdu9qiv,0.05357142857142857,0.041666666666666664,0.011904761904761904
p_1916,t3_1s3pxw,t1_cdtmhc2,t1_cdtmrcr,0.05533596837944664,0.1,-0.044664031620553366
p_1919,t3_1s3ji2,t1_cdtq1rg,t1_cdtx77n,0.10029498525073746,0.07086614173228346,0.029428843518453998
p_1920,t3_1s344f,t1_cdtj4bf,t1_cdtgb1d,0.14782608695652175,0.15126050420168066,-0.003434417245158916
p_1921,t3_1s30ko,t1_cdtuayw,t1_cdtne36,0.04,0.06289308176100629,-0.02289308176100629
p_1922,t3_1s1j8s,t1_cdtfxvy,t1_cdt6ohm,0.07142857142857142,0.07272727272727272,-0.0012987012987012991
p_1923,t3_1rzqrw,t1_cdsphfd,t1_cdsigu7,0.04477611940298507,0.027777777777777776,0.016998341625207296
p_1924,t3_1rzqrw,t1_cdsm89r,t1_cdsmyt1,0.07142857142857142,0.0546875,0.016741071428571425
p_1925,t3_1rw7vg,t1_cdrov9y,t1_cdrovjs,0.07964601769911504,0.09424083769633508,-0.014594819997220038
p_1927,t3_1rvnty,t1_cdre5so,t1_cdrdpkz,0.09950248756218906,0.0658682634730539,0.03363422408913516
p_1926,t3_1rvnty,t1_cdrgglu,t1_cdrgcu5,0.10774410774410774,0.05116279069767442,0.05658131704643332
p_1928,t3_1rvjrs,t1_cdrcnts,t1_cdre1mt,0.037267080745341616,0.040697674418604654,-0.003430593673263038
p_1929,t3_1rsmsh,t1_cdqij94,t1_cdqx6xw,0.0582010582010582,0.05454545454545454,0.003655603655603655
p_1930,t3_1rsdfp,t1_cdqfs62,t1_cdqdh7o,0.078125,0.078125,0.0
p_1931,t3_1rrios,t1_cdq5t7s,t1_cdq4pdm,0.09009009009009009,0.09523809523809523,-0.005148005148005147
p_1932,t3_1rrios,t1_cdq5vt8,t1_cdq58j7,0.061946902654867256,0.10483870967741936,-0.0428918070225521
p_1933,t3_1rqhfc,t1_cdq3h1d,t1_cdq716e,0.05641025641025641,0.03614457831325301,0.0202656780970034
p_1935,t3_1rlna3,t1_cdokmar,t1_cdoirhb,0.07317073170731707,0.1267605633802817,-0.05358983167296462
p_1936,t3_1rkrbs,t1_cdoio50,t1_cdoe2j3,0.08992805755395683,0.0752212389380531,0.014706818615903727
p_1937,t3_1rj73b,t1_cdnzcb1,t1_cdo2ywx,0.03745318352059925,0.056,-0.01854681647940075
p_1939,t3_1rgch2,t1_cdmzb2b,t1_cdn32a2,0.07432432432432433,0.05185185185185185,0.022472472472472478
p_1940,t3_1rgch2,t1_cdmzh7v,t1_cdn0d35,0.09734513274336283,0.087248322147651,0.010096810595711825
p_1941,t3_1rgch2,t1_cdo0n79,t1_cdn1hk3,0.06349206349206349,0.11891891891891893,-0.05542685542685544
p_1942,t3_1rfn88,t1_cdmslq3,t1_cdn4bxg,0.06086956521739131,0.054474708171206226,0.00639485704618508
p_1943,t3_1re89d,t1_cdmhfgx,t1_cdmequ6,0.06787330316742081,0.05238095238095238,0.015492350786468427
p_1944,t3_1re89d,t1_cdmem16,t1_cdme68p,0.09737827715355805,0.10931174089068826,-0.01193346373713021
p_1945,t3_1re89d,t1_cdmrzwp,t1_cdmh1c4,0.0975609756097561,0.1341991341991342,-0.036638158589378106
p_1946,t3_1re7tj,t1_cdmdid4,t1_cdmh6ca,0.025,0.10040160642570281,-0.07540160642570282
p_1948,t3_1rddqv,t1_cdm3hlz,t1_cdm3kyd,0.12,0.05357142857142857,0.06642857142857142
p_1949,t3_1rb6qj,t1_cdlewyd,t1_cdlyn3j,0.04597701149425287,0.15966386554621848,-0.1136868540519656
p_1950,t3_1rb6qj,t1_cdlrdyo,t1_cdlyn3j,0.0958904109589041,0.15966386554621848,-0.06377345458731437
p_1952,t3_1ra42n,t1_cdl4b7o,t1_cdl5bkn,0.13385826771653545,0.1286549707602339,0.005203296956301534
p_1953,t3_1ra42n,t1_cdl96cr,t1_cdmjkp2,0.07317073170731707,0.08754208754208755,-0.014371355834770477
p_1954,t3_1r893j,t1_cdktb2l,t1_cdkklti,0.07142857142857142,0.10714285714285714,-0.03571428571428571
p_1955,t3_1r69xi,t1_cdk0ex9,t1_cdk3u15,0.04854368932038835,0.05825242718446602,-0.009708737864077673
p_1956,t3_1r69xi,t1_cdk0r67,t1_cdk3u15,0.09210526315789473,0.05825242718446602,0.03385283597342871
p_1960,t3_1qz653,t1_cdhyl9l,t1_cdiiqug,0.08189655172413793,0.10824742268041238,-0.026350870956274447
p_1962,t3_1qxn8r,t1_cdhle85,t1_cdhvq6g,0.096,0.07744107744107744,0.018558922558922566
p_1963,t3_1qxn8r,t1_cdhjvcw,t1_cdhvq6g,0.08032128514056225,0.07744107744107744,0.002880207699484813
p_1964,t3_1qwg8s,t1_cdhe2ys,t1_cdh6ozn,0.06770833333333333,0.03571428571428571,0.031994047619047616
p_1969,t3_1qvm1n,t1_cdgyu8j,t1_cdh0i8x,0.07734806629834254,0.13043478260869565,-0.05308671631035311
p_1970,t3_1qtuy4,t1_cdgib3s,t1_cdgy31a,0.0891089108910891,0.1018867924528302,-0.012777881561741089
p_1972,t3_1qr0id,t1_cdfybue,t1_cdfkykr,0.08866995073891626,0.15671641791044777,-0.06804646717153151
p_1975,t3_1qncnw,t1_cdely5f,t1_cden4p9,0.08,0.039603960396039604,0.0403960396039604
p_1977,t3_1qj48o,t1_cddqbp8,t1_cddn1vo,0.07894736842105263,0.0641025641025641,0.01484480431848853
p_1978,t3_1qj032,t1_cdda585,t1_cddki3r,0.08753315649867374,0.07317073170731707,0.014362424791356673
p_1981,t3_1qi1dr,t1_cdd6x3m,t1_cdd4306,0.10112359550561797,0.1,0.0011235955056179692
p_1982,t3_1qhv03,t1_cdczknl,t1_cdcy1h9,0.10891089108910891,0.09580838323353294,0.01310250785557597
p_1983,t3_1qh0lb,t1_cdcowit,t1_cdcp122,0.02564102564102564,0.03225806451612903,-0.006617038875103391
p_1984,t3_1qgtma,t1_cdcurim,t1_cdcq77q,0.06395348837209303,0.09649122807017543,-0.03253773969808241
p_1986,t3_1qfy2y,t1_cdcoftz,t1_cdcikj0,0.09009009009009009,0.10847457627118644,-0.01838448618109635
p_1985,t3_1qfy2y,t1_cdcu71x,t1_cdcgg2f,0.08205128205128205,0.06060606060606061,0.021445221445221443
p_1987,t3_1qfqj6,t1_cdcffak,t1_cdcgve9,0.105,0.07373271889400922,0.03126728110599078
p_1988,t3_1qfo09,t1_cdcc9fw,t1_cdccpys,0.06349206349206349,0.09859154929577464,-0.03509948580371115
p_1989,t3_1qfo09,t1_cdcconr,t1_cdccpys,0.109375,0.09859154929577464,0.010783450704225359
p_1991,t3_1qee3b,t1_cdc0hlx,t1_cdc0jw6,0.10504201680672269,0.08661417322834646,0.018427843578376235
p_1992,t3_1qe6d9,t1_cdbzgva,t1_cdckb1g,0.06329113924050633,0.0547945205479452,0.008496618692561131
p_1993,t3_1qe6d9,t1_cdbwyxj,t1_cdckb1g,0.05555555555555555,0.0547945205479452,0.00076103500761035
p_1994,t3_1qdzt5,t1_cdbyjvw,t1_cdbwdog,0.03361344537815126,0.1038961038961039,-0.07028265851795265
p_1996,t3_1qdlln,t1_cdc66t9,t1_cdby8z3,0.08139534883720931,0.09302325581395349,-0.011627906976744179
p_1998,t3_1qcw4r,t1_cdblxo9,t1_cdbsnq8,0.04950495049504951,0.09941520467836257,-0.04991025418331306
p_1999,t3_1qbvlh,t1_cdb9b5i,t1_cdbf5rp,0.0728476821192053,0.036,0.0368476821192053
p_2000,t3_1qazk6,t1_cdb0lr2,t1_cdbddq0,0.10569105691056911,0.1574074074074074,-0.0517163504968383
p_2002,t3_1q82wf,t1_cda644z,t1_cda826v,0.07179487179487179,0.1583710407239819,-0.0865761689291101
p_2003,t3_1q5w5k,t1_cd9kwdu,t1_cd9kc11,0.09652509652509653,0.13675213675213677,-0.04022704022704024
p_2004,t3_1q5w5k,t1_cd9l1k7,t1_cd9kc11,0.060240963855421686,0.13675213675213677,-0.07651117289671508
p_2005,t3_1q4sao,t1_cd97j4q,t1_cd960cn,0.04,0.061946902654867256,-0.021946902654867255
p_2007,t3_1q261p,t1_cd8g07m,t1_cd8gyhg,0.05363984674329502,0.06422018348623854,-0.010580336742943515
p_2008,t3_1q0s26,t1_cd87o5o,t1_cd81q6y,0.05714285714285714,0.03571428571428571,0.02142857142857143
p_2009,t3_1q0fp2,t1_cd8calk,t1_cd7yekn,0.057692307692307696,0.05263157894736842,0.005060728744939277
p_2010,t3_1q01e8,t1_cd7t14x,t1_cd7zdia,0.09166666666666666,0.16,-0.06833333333333334
p_2012,t3_1pyt0c,t1_cd9eqz1,t1_cd7z0cm,0.0625,0.05426356589147287,0.008236434108527133
p_2013,t3_1pwwvj,t1_cd6wnyq,t1_cd6y877,0.027624309392265192,0.092,-0.0643756906077348
p_2017,t3_1pux5t,t1_cd6evv3,t1_cd6cpnj,0.07722007722007722,0.10980392156862745,-0.03258384434855023
p_2018,t3_1ptwcr,t1_cd60rgh,t1_cd63zq4,0.08108108108108109,0.01652892561983471,0.06455215546124637
p_2021,t3_1pt86v,t1_cd5s3dd,t1_cd5rwd6,0.1111111111111111,0.07547169811320754,0.03563941299790356
p_2022,t3_1ps084,t1_cd5dy25,t1_cd5f1y4,0.05319148936170213,0.07792207792207792,-0.024730588560375792
p_2023,t3_1prxpn,t1_cd5d4w9,t1_cd5dujp,0.042328042328042326,0.05521472392638037,-0.012886681598338043
p_2024,t3_1prkvt,t1_cd5q43p,t1_cd5p13p,0.05113636363636364,0.08024691358024691,-0.02911054994388327
p_2025,t3_1prhkh,t1_cd595rw,t1_cd5datb,0.04430379746835443,0.06756756756756757,-0.02326377009921314
p_2026,t3_1pqyv7,t1_cd536p8,t1_cd565uh,0.06666666666666667,0.07092198581560284,-0.004255319148936176
p_2030,t3_1pomjr,t1_cd4gee8,t1_cd4in2k,0.039603960396039604,0.039735099337748346,-0.00013113894170874163
p_2031,t3_1pocaz,t1_cd4bjgk,t1_cd4c2wr,0.09302325581395349,0.06315789473684211,0.02986536107711138
p_2032,t3_1pmhql,t1_cd4a1wc,t1_cd3v545,0.07692307692307693,0.026785714285714284,0.05013736263736264
p_2033,t3_1pkngi,t1_cd3p5gz,t1_cd43pdi,0.11875,0.10759493670886076,0.01115506329113923
p_2035,t3_1pj0co,t1_cd2vnaa,t1_cd32tjh,0.057692307692307696,0.10869565217391304,-0.051003344481605345
p_2042,t3_1pdul1,t1_cd2og2j,t1_cd1d692,0.029545454545454545,0.03359173126614987,-0.004046276720695328
p_2044,t3_1pclk6,t1_cd17lfv,t1_cd106w4,0.06060606060606061,0.10638297872340426,-0.04577691811734365
p_2046,t3_1pacrh,t1_cd0cttu,t1_cd0ctfp,0.06015037593984962,0.07086614173228346,-0.010715765792433843
p_2047,t3_1p7ojf,t1_cczl7sy,t1_ccznfv7,0.027472527472527472,0.03977272727272727,-0.0123001998001998
p_2048,t3_1p7bao,t1_cczlh8c,t1_cczir1i,0.0684931506849315,0.12663755458515283,-0.058144403900221325
p_2049,t3_1p6fts,t1_ccz983e,t1_cczb06s,0.06547619047619048,0.10344827586206896,-0.037972085385878485
p_2050,t3_1p4x72,t1_ccysbbf,t1_ccysnss,0.10077519379844961,0.09433962264150944,0.00643557115694017
p_2051,t3_1p0cwf,t1_ccxh3kc,t1_ccxfymz,0.07784431137724551,0.09433962264150944,-0.01649531126426393
p_2055,t3_1ozb3s,t1_ccx9s2j,t1_ccxbwo9,0.08823529411764706,0.1206896551724138,-0.032454361054766734
p_2056,t3_1oz5lq,t1_ccx7aaw,t1_ccxafc2,0.06153846153846154,0.0851063829787234,-0.02356792144026186
p_2057,t3_1oyy6b,t1_ccxhhv9,t1_ccx2xpw,0.0684931506849315,0.057692307692307696,0.010800842992623808
p_2059,t3_1owes7,t1_ccwccg2,t1_ccwnrv4,0.06043956043956044,0.07368421052631578,-0.013244650086755343
p_2060,t3_1ow6zk,t1_ccw91og,t1_ccw92p0,0.07861635220125786,0.06132075471698113,0.017295597484276726
p_2062,t3_1ovrv9,t1_ccw51st,t1_ccw5ptr,0.05102040816326531,0.05925925925925926,-0.008238851095993954
p_2063,t3_1ovrv9,t1_ccw6450,t1_ccw5ptr,0.08433734939759036,0.05925925925925926,0.025078090138331094
p_2064,t3_1otx5t,t1_ccvntps,t1_ccvkmsp,0.0995260663507109,0.11320754716981132,-0.013681480819100422
p_2065,t3_1otp1b,t1_ccvhvrl,t1_ccvi2vt,0.08441558441558442,0.07738095238095238,0.007034632034632032
p_2066,t3_1osr3n,t1_ccvjj1n,t1_ccv833c,0.03680981595092025,0.061855670103092786,-0.025045854152172538
p_2067,t3_1orrrs,t1_ccvj1c4,t1_ccv4ank,0.07916666666666666,0.09497206703910614,-0.01580540037243948
p_2068,t3_1or8lr,t1_ccusett,t1_ccuruyz,0.07926829268292683,0.02531645569620253,0.0539518369867243
p_2069,t3_1or8lr,t1_ccutak2,t1_ccuruyz,0.0967741935483871,0.02531645569620253,0.07145773785218457
p_2070,t3_1ooyb1,t1_ccu41n1,t1_ccu4kfo,0.07582938388625593,0.07766990291262135,-0.0018405190263654225
p_2071,t3_1onshz,t1_cctslvq,t1_ccttjcb,0.0695364238410596,0.13191489361702127,-0.062378469775961676
p_2072,t3_1onlj1,t1_ccts88g,t1_cctr8zg,0.06498194945848375,0.05555555555555555,0.009426393902928196
p_2073,t3_1onlj1,t1_ccu8ayh,t1_cctr8zg,0.050682261208576995,0.05555555555555555,-0.004873294346978557
p_2074,t3_1on8j3,t1_cctmaun,t1_cctugxw,0.09322033898305085,0.07035175879396985,0.022868580189081
p_2075,t3_1on0dg,t1_cctkuyk,t1_cctp521,0.1358695652173913,0.11570247933884298,0.02016708587854832
p_2076,t3_1on0dg,t1_cctncfz,t1_cctq519,0.04040404040404041,0.075,-0.03459595959595959
p_2078,t3_1omnis,t1_ccthnrm,t1_cctnmc9,0.10614525139664804,0.12316715542521994,-0.0170219040285719
p_2079,t3_1okrb7,t1_cct05wy,t1_ccswjh5,0.06329113924050633,0.1016949152542373,-0.03840377601373096
p_2080,t3_1ok44s,t1_ccsqf0e,t1_ccsqryz,0.05625,0.0748663101604278,-0.0186163101604278
p_2081,t3_1oj3p9,t1_ccsggop,t1_ccsf2i1,0.04205607476635514,0.06030150753768844,-0.0182454327713333
p_2082,t3_1oix5b,t1_ccsopjf,t1_ccsdc7b,0.02564102564102564,0.0196078431372549,0.0060331825037707384
p_2083,t3_1ohh43,t1_ccs14vq,t1_ccs087t,0.12903225806451613,0.061452513966480445,0.06757974409803569
p_2084,t3_1ofi5m,t1_ccrjxvz,t1_ccrkq5s,0.030612244897959183,0.0673076923076923,-0.03669544740973312
p_2085,t3_1off27,t1_ccroh74,t1_ccrsxqd,0.07058823529411765,0.08620689655172414,-0.015618661257606498
p_2086,t3_1off27,t1_ccrtt7v,t1_ccrndad,0.06153846153846154,0.08035714285714286,-0.01881868131868132
p_2087,t3_1oee4l,t1_ccrfxpy,t1_ccrhx5q,0.08673469387755102,0.06285714285714286,0.023877551020408158
p_2088,t3_1oe5hc,t1_ccr69ni,t1_ccr52rk,0.0661764705882353,0.06060606060606061,0.005570409982174687
p_2089,t3_1odlvm,t1_ccr09qw,t1_ccr136f,0.07058823529411765,0.07142857142857142,-0.0008403361344537785
p_2091,t3_1o8avl,t1_ccpruq6,t1_ccpueez,0.10112359550561797,0.12857142857142856,-0.027447833065810584
p_2093,t3_1o7aa8,t1_ccqapn6,t1_ccq12oe,0.06666666666666667,0.11023622047244094,-0.04356955380577428
p_2096,t3_1o5c1a,t1_ccp27y8,t1_ccoz699,0.08547008547008547,0.09016393442622951,-0.004693848956144039
p_2097,t3_1o5321,t1_ccp3x7x,t1_ccq3lo4,0.060810810810810814,0.12359550561797752,-0.06278469480716671
p_2098,t3_1o3jlp,t1_ccoi13b,t1_ccoyngj,0.09395973154362416,0.06779661016949153,0.02616312137413264
p_2099,t3_1o2tau,t1_ccoc092,t1_ccofru6,0.07511737089201878,0.08791208791208792,-0.012794717020069138
p_2100,t3_1o24hh,t1_cco736j,t1_ccoc4gk,0.10144927536231885,0.047619047619047616,0.05383022774327123
p_2102,t3_1nzucd,t1_ccnrlhj,t1_ccnphhf,0.07738095238095238,0.09090909090909091,-0.013528138528138528
p_2103,t3_1ny6k8,t1_ccn5pat,t1_ccn8dgu,0.08960573476702509,0.08588957055214724,0.0037161642148778457
p_2104,t3_1ny38x,t1_ccn5uqg,t1_ccn4dy5,0.04926108374384237,0.06896551724137931,-0.019704433497536943
p_2105,t3_1nwpae,t1_ccmrf9r,t1_ccmt0m5,0.07291666666666667,0.05555555555555555,0.01736111111111112
p_2107,t3_1ntspd,t1_cclyzpy,t1_ccm05d5,0.048327137546468404,0.07516339869281045,-0.02683626114634205
p_2109,t3_1ntobs,t1_cclywzr,t1_ccma5pl,0.11560693641618497,0.05142857142857143,0.06417836498761353
p_2111,t3_1nrv36,t1_cclsxnj,t1_cclgi1r,0.09782608695652174,0.08080808080808081,0.01701800614844093
p_2112,t3_1nqms4,t1_ccl8rf4,t1_ccl7xo5,0.10077519379844961,0.1218274111675127,-0.021052217369063084
p_2113,t3_1nqms4,t1_cclbk5y,t1_ccl66vn,0.10112359550561797,0.08333333333333333,0.017790262172284646
p_2116,t3_1np3ni,t1_cclh1r6,t1_cckxr1k,0.11607142857142858,0.14545454545454545,-0.029383116883116872
p_2118,t3_1nn68m,t1_cckc1k4,t1_cck59bw,0.059322033898305086,0.10144927536231885,-0.04212724146401376
p_2119,t3_1nkqn7,t1_ccjhnln,t1_ccjhz72,0.10465116279069768,0.06986899563318777,0.03478216715750991
p_2121,t3_1nj6q6,t1_ccj3wew,t1_ccj20in,0.05909090909090909,0.10810810810810811,-0.049017199017199024
p_2122,t3_1nixjm,t1_ccj4a7h,t1_ccj2t1v,0.07662835249042145,0.0472972972972973,0.02933105519312415
p_2123,t3_1nichn,t1_ccj007d,t1_cciuejb,0.08875739644970414,0.05365853658536585,0.035098859864338285
p_2124,t3_1nichn,t1_ccizsq8,t1_ccj7g5s,0.03317535545023697,0.01927710843373494,0.013898247016502028
p_2125,t3_1ni9rr,t1_ccj1rba,t1_ccitwf4,0.050314465408805034,0.04678362573099415,0.0035308396778108847
p_2126,t3_1ni983,t1_cciz076,t1_cciwjvy,0.11475409836065574,0.06201550387596899,0.05273859448468675
p_2127,t3_1nhxca,t1_ccisqrm,t1_ccirnyo,0.05291005291005291,0.043478260869565216,0.009431792040487691
p_2128,t3_1nhifl,t1_ccinn6v,t1_ccincyk,0.03875968992248062,0.09740259740259741,-0.05864290748011679
p_2130,t3_1ng8mo,t1_ccidw4s,t1_ccidsew,0.041666666666666664,0.01694915254237288,0.024717514124293783
p_2132,t3_1ncxna,t1_cchh67n,t1_cchgksg,0.07142857142857142,0.12359550561797752,-0.0521669341894061
p_2133,t3_1ncq4g,t1_cchg2hg,t1_cchn5ve,0.07508532423208192,0.1,-0.024914675767918087
p_2135,t3_1n8s63,t1_ccge5q7,t1_ccgkhcd,0.12021857923497267,0.16993464052287582,-0.04971606128790315
p_2136,t3_1n8542,t1_ccg95kd,t1_ccg99tj,0.12154696132596685,0.12,0.0015469613259668502
p_2137,t3_1n6bmg,t1_ccgdc5o,t1_ccfzlcw,0.036036036036036036,0.05442176870748299,-0.018385732671446955
p_2139,t3_1n5lqn,t1_ccfncrg,t1_ccfnbjw,0.14760147601476015,0.05357142857142857,0.09403004744333157
p_2140,t3_1n5lqn,t1_ccfq99c,t1_ccfob65,0.08178438661710037,0.08058608058608059,0.0011983060310197802
p_2141,t3_1n5lqn,t1_ccfqxqv,t1_ccfpzon,0.043824701195219126,0.058333333333333334,-0.014508632138114208
p_2142,t3_1n4xai,t1_ccfhgkp,t1_ccfg5if,0.06578947368421052,0.07633587786259542,-0.0105464041783849
p_2144,t3_1n3wo2,t1_ccf9dhu,t1_ccf565b,0.028708133971291867,0.04878048780487805,-0.020072353833586184
p_2145,t3_1n3wo2,t1_ccfdwg9,t1_ccfhdpo,0.08076923076923077,0.06072874493927125,0.02004048582995952
p_2147,t3_1n3wo2,t1_ccfmxhg,t1_ccffwtl,0.1325,0.04126984126984127,0.09123015873015874
p_2146,t3_1n3wo2,t1_ccfmost,t1_ccfdvsg,0.036458333333333336,0.06511627906976744,-0.028657945736434105
p_2149,t3_1n0a5y,t1_cceltkh,t1_cce9tgv,0.043010752688172046,0.07746478873239436,-0.034454036044222314
p_2150,t3_1mxo4i,t1_ccdoxu0,t1_ccdla5i,0.08733624454148471,0.07317073170731707,0.014165512834167643
p_2151,t3_1mxf26,t1_ccdidvp,t1_ccdnuec,0.11409395973154363,0.1044776119402985,0.009616347791245122
p_2152,t3_1mvpmi,t1_ccd1q5w,t1_ccd6xyi,0.07476635514018691,0.07142857142857142,0.0033377837116154857
p_2153,t3_1mv3g3,t1_cccxjd9,t1_cccvmip,0.0782122905027933,0.08208955223880597,-0.0038772617360126743
p_2154,t3_1mv3g3,t1_cccwow7,t1_ccd56i2,0.08787878787878788,0.06395348837209303,0.02392529950669485
p_2155,t3_1mv3g3,t1_ccd581r,t1_ccd3k4q,0.06842105263157895,0.06060606060606061,0.007814992025518344
p_2157,t3_1ms5h6,t1_ccc5hfa,t1_cccbr1n,0.06521739130434782,0.06306306306306306,0.002154328241284767
p_2158,t3_1ms5h6,t1_ccc4apy,t1_ccc3e49,0.046296296296296294,0.009615384615384616,0.03668091168091168
p_2159,t3_1ms5h6,t1_ccc4zc0,t1_ccc6q8t,0.010752688172043012,0.09259259259259259,-0.08183990442054957
p_2160,t3_1ms5h6,t1_ccc8c0p,t1_ccca28r,0.08994708994708994,0.0855614973262032,0.0043855926208867385
p_2161,t3_1ms5h6,t1_ccc849f,t1_ccc5y0d,0.08163265306122448,0.045454545454545456,0.03617810760667903
p_2162,t3_1mqh8t,t1_ccbop5x,t1_ccbnoar,0.13059701492537312,0.12121212121212122,0.009384893713251907
p_2163,t3_1mqfmi,t1_cccdkog,t1_ccbqtty,0.08712121212121213,0.0684931506849315,0.018628061436280624
p_2164,t3_1mq464,t1_ccbkgg8,t1_ccbrs5p,0.11904761904761904,0.07981220657276995,0.03923541247484909
p_2165,t3_1mor68,t1_ccbewh1,t1_ccbhzik,0.1297709923664122,0.14553990610328638,-0.01576891373687417
p_2166,t3_1mkkiu,t1_cca3jqo,t1_ccahv7s,0.05555555555555555,0.0684931506849315,-0.01293759512937595
p_2170,t3_1micrr,t1_cc9iise,t1_cc9i0l2,0.08641975308641975,0.11702127659574468,-0.030601523509324935
p_2171,t3_1mhox4,t1_cc9cr45,t1_cc9ewi1,0.14204545454545456,0.10909090909090909,0.03295454545454547
p_2175,t3_1mcs7s,t1_cc7zre6,t1_cc7zm90,0.14334470989761092,0.10850439882697947,0.034840311070631444
p_2176,t3_1mcs7s,t1_cc80xcj,t1_cc7yshf,0.12289156626506025,0.10084033613445378,0.02205123013060646
p_2177,t3_1mcgyq,t1_cc81pge,t1_cc833kb,0.06172839506172839,0.11764705882352941,-0.05591866376180102
p_2178,t3_1mc6y7,t1_cc7v8d9,t1_cc7wspd,0.08520179372197309,0.03289473684210526,0.05230705687986783
p_2179,t3_1mc6y7,t1_cc7uvd2,t1_cc7vp54,0.04093567251461988,0.05333333333333334,-0.012397660818713456
p_2180,t3_1mbqhy,t1_cc7pp5t,t1_cc7odp3,0.0594059405940594,0.057803468208092484,0.0016024723859669188
p_2183,t3_1ma1o7,t1_cc779hk,t1_cc779ih,0.09868421052631579,0.07964601769911504,0.019038192827200748
p_2184,t3_1m9bf6,t1_cc71e1c,t1_cc71cv0,0.02040816326530612,0.039473684210526314,-0.019065520945220193
p_2185,t3_1m7r92,t1_cc6nj16,t1_cc6k9ln,0.06751054852320675,0.07092198581560284,-0.0034114372923960967
p_2186,t3_1m5nls,t1_cc65afh,t1_cc60rdt,0.06925207756232687,0.07659574468085106,-0.007343667118524189
p_2187,t3_1m5ckr,t1_cc65v0o,t1_cc5yz4a,0.07851239669421488,0.09090909090909091,-0.012396694214876033
p_2188,t3_1m4ncj,t1_cc6f4wf,t1_cc62exc,0.07042253521126761,0.08860759493670886,-0.018185059725441252
p_2189,t3_1m4j0f,t1_cc5pidn,t1_cc5prn9,0.03296703296703297,0.07777777777777778,-0.04481074481074481
p_2190,t3_1m3uw1,t1_cc5jurv,t1_cc5i9r4,0.10317460317460317,0.08641975308641975,0.01675485008818342
p_2193,t3_1m2ol2,t1_cc586c8,t1_cc583f9,0.1736842105263158,0.03636363636363636,0.13732057416267945
p_2192,t3_1m2ol2,t1_cc583n9,t1_cc58qz9,0.08411214953271028,0.047058823529411764,0.03705332600329851
p_2194,t3_1m2c8d,t1_cc53f9v,t1_cc57ndo,0.06694560669456066,0.029411764705882353,0.03753384198867831
p_2195,t3_1lyzc3,t1_cc4fofp,t1_cc4e0cy,0.08837209302325581,0.10857142857142857,-0.020199335548172756
p_2196,t3_1lykde,t1_cc4218e,t1_cc433r7,0.07792207792207792,0.07142857142857142,0.006493506493506496
p_2198,t3_1lxn1p,t1_cc3sszy,t1_cc3tpy6,0.11764705882352941,0.10984848484848485,0.007798573975044562
p_2199,t3_1lvnj6,t1_cc37s7x,t1_cc3b2kq,0.09917355371900827,0.08333333333333333,0.01584022038567494
p_2200,t3_1lt0gt,t1_cc2od32,t1_cc2gt9x,0.0736196319018405,0.11602209944751381,-0.04240246754567331
p_2201,t3_1ls55r,t1_cc274w7,t1_cc28zrg,0.07936507936507936,0.09565217391304348,-0.01628709454796412
p_2203,t3_1lpmle,t1_cc1kppg,t1_cc1ka02,0.10526315789473684,0.09113924050632911,0.014123917388407722
p_2205,t3_1lpfcx,t1_cc1hmy1,t1_cc1xwz2,0.04568527918781726,0.07650273224043716,-0.030817453052619903
p_2206,t3_1lp8a5,t1_cc1fjpt,t1_cc1ftud,0.06198347107438017,0.042105263157894736,0.01987820791648543
p_2207,t3_1lni37,t1_cc102pd,t1_cc0yjrr,0.061224489795918366,0.1038961038961039,-0.04267161410018554
p_2208,t3_1ln8b5,t1_cc0x96h,t1_cc0vugf,0.03076923076923077,0.05154639175257732,-0.020777160983346546
p_2212,t3_1lm1eb,t1_cc0l23w,t1_cc0x7m8,0.07692307692307693,0.16842105263157894,-0.09149797570850202
p_2213,t3_1lkz0j,t1_cc0ekn0,t1_cc0d09x,0.058823529411764705,0.06741573033707865,-0.008592200925313945
p_2214,t3_1lkxku,t1_cc0b6tb,t1_cc0c4yb,0.08064516129032258,0.0967741935483871,-0.016129032258064516
p_2215,t3_1lkxku,t1_cc0nc73,t1_cc0gh2n,0.075,0.046296296296296294,0.028703703703703703
p_2218,t3_1lklmg,t1_cc06dl5,t1_cc070hz,0.06372549019607843,0.07441860465116279,-0.010693114455084363
p_2219,t3_1lklmg,t1_cc0gnzl,t1_cc0b8sj,0.05776173285198556,0.0830188679245283,-0.025257135072542736
p_2220,t3_1lj77i,t1_cc00mpq,t1_cbzwwyg,0.0995850622406639,0.04580152671755725,0.05378353552310664
p_2221,t3_1lj1a3,t1_cbzqvmp,t1_cbzslqc,0.050505050505050504,0.07272727272727272,-0.02222222222222222
p_2224,t3_1lhuz4,t1_cbzddsy,t1_cbze9hp,0.01639344262295082,0.078125,-0.061731557377049176
p_2225,t3_1lfrfd,t1_cbysfpy,t1_cbzh8fi,0.07462686567164178,0.14035087719298245,-0.06572401152134066
p_2226,t3_1lfjlx,t1_cbyrmgo,t1_cbyqak5,0.057692307692307696,0.08536585365853659,-0.027673545966228896
p_2227,t3_1lerv8,t1_cbyiaoi,t1_cbyhq86,0.0736196319018405,0.034482758620689655,0.03913687328115084
p_2230,t3_1ld6h6,t1_cby2a8w,t1_cby1lsh,0.07352941176470588,0.043478260869565216,0.03005115089514067
p_2232,t3_1lcywy,t1_cbxzp1t,t1_cby301t,0.1044776119402985,0.13090909090909092,-0.026431478968792416
p_2233,t3_1lbwhm,t1_cbxpt3g,t1_cbxs5nk,0.0859106529209622,0.07673267326732673,0.009177979653635468
p_2234,t3_1lbmj6,t1_cbxpw34,t1_cbxodyk,0.0627062706270627,0.05045871559633028,0.012247555030732424
p_2236,t3_1lacd7,t1_cbx94i4,t1_cbx9e6e,0.0703125,0.022988505747126436,0.047323994252873564
p_2237,t3_1la7rw,t1_cbxgs50,t1_cbx89uo,0.09142857142857143,0.07523510971786834,0.016193461710703086
p_2238,t3_1l90aj,t1_cbwzd68,t1_cbwzbg8,0.025974025974025976,0.046357615894039736,-0.02038358992001376
p_2241,t3_1l739z,t1_cbwgckn,t1_cbwhg4q,0.05217391304347826,0.06862745098039216,-0.016453537936913905
p_2242,t3_1l6so4,t1_cbwanvb,t1_cbwejit,0.0661764705882353,0.06962025316455696,-0.0034437825763216634
p_2243,t3_1l6jx5,t1_cbwinoh,t1_cbwci89,0.08936170212765958,0.13333333333333333,-0.04397163120567375
p_2244,t3_1l5skj,t1_cbw2q93,t1_cbw5e2q,0.10135135135135136,0.11046511627906977,-0.009113764927718412
p_2245,t3_1l4zh1,t1_cbvtytr,t1_cbwfrmm,0.10572687224669604,0.08270676691729323,0.02302010532940281
p_2246,t3_1l4s6s,t1_cbvtme3,t1_cbw349b,0.091324200913242,0.0945273631840796,-0.003203162270837598
p_2247,t3_1l4s6s,t1_cbvtd9h,t1_cbw1t11,0.09045226130653267,0.06153846153846154,0.028913799768071125
p_2249,t3_1l48mt,t1_cbvuocw,t1_cbvwhwi,0.054982817869415807,0.10344827586206896,-0.04846545799265316
p_2252,t3_1l3r2u,t1_cbvi0u6,t1_cbvi11k,0.11875,0.09386281588447654,0.02488718411552346
p_2253,t3_1l3r2u,t1_cbvjfjr,t1_cbvi11k,0.13503649635036497,0.09386281588447654,0.04117368046588843
p_2251,t3_1l3r2u,t1_cbvieup,t1_cbvi6i2,0.10299003322259136,0.10762331838565023,-0.004633285163058873
p_2258,t3_1l39f3,t1_cbvj6st,t1_cbvdl8d,0.10328638497652583,0.07065217391304347,0.032634211063482355
p_2256,t3_1l39f3,t1_cbvi8i7,t1_cbvetvc,0.0990990990990991,0.1046831955922865,-0.005584096493187404
p_2257,t3_1l39f3,t1_cbvdnid,t1_cbvf3rq,0.10204081632653061,0.05,0.05204081632653061
p_2259,t3_1l3115,t1_cbv9wfo,t1_cbva0et,0.061946902654867256,0.0,0.061946902654867256
p_2260,t3_1l2ixq,t1_cbvbxs8,t1_cbv59md,0.08176100628930817,0.08450704225352113,-0.0027460359642129534
p_2261,t3_1l09gg,t1_cbuio96,t1_cbugz8z,0.08148148148148149,0.075,0.006481481481481491
p_2262,t3_1kzxcm,t1_cbuf9oo,t1_cbuiv91,0.08881578947368421,0.08247422680412371,0.006341562669560499
p_2265,t3_1kye6l,t1_cbtvo8l,t1_cbtvkil,0.059602649006622516,0.056,0.0036026490066225145
p_2266,t3_1kye6l,t1_cbtwkat,t1_cbtwnnn,0.06134969325153374,0.09230769230769231,-0.03095799905615857
p_2268,t3_1kye6l,t1_cbtzwlt,t1_cbtwnnn,0.10126582278481013,0.09230769230769231,0.008958130477117812
p_2267,t3_1kye6l,t1_cbtzgqh,t1_cbtwnnn,0.06140350877192982,0.09230769230769231,-0.03090418353576249
p_2269,t3_1kxyyv,t1_cbtru4t,t1_cbtrv0z,0.10218978102189781,0.05952380952380952,0.04266597149808829
p_2270,t3_1kxyyv,t1_cbtr9p6,t1_cbtrv0z,0.02666666666666667,0.05952380952380952,-0.03285714285714285
p_2271,t3_1kxyyv,t1_cbtu5q5,t1_cbtrrbq,0.10273972602739725,0.0847457627118644,0.01799396331553285
p_2272,t3_1kxyyv,t1_cbu7zd4,t1_cbtrv0z,0.12149532710280374,0.05952380952380952,0.06197151757899422
p_2275,t3_1kwoib,t1_cbtku99,t1_cbtll2e,0.0125,0.034220532319391636,-0.021720532319391635
p_2274,t3_1kwoib,t1_cbteqkq,t1_cbtlv0w,0.08208955223880597,0.04918032786885246,0.03290922436995351
p_2276,t3_1kwewh,t1_cbtagyo,t1_cbta7mx,0.05343511450381679,0.025,0.02843511450381679
p_2278,t3_1ktrbd,t1_cbsiyod,t1_cbsj55w,0.08620689655172414,0.09285714285714286,-0.006650246305418717
p_2280,t3_1ks6p4,t1_cbsevj6,t1_cbs6oi2,0.0365296803652968,0.054945054945054944,-0.018415374579758143
p_2282,t3_1kqo2m,t1_cbrp5dn,t1_cbrtmtf,0.09411764705882353,0.06542056074766354,0.028697086311159983
p_2283,t3_1kpmvy,t1_cbril3l,t1_cbrg01p,0.19166666666666668,0.23247232472324722,-0.04080565805658054
p_2284,t3_1kplpx,t1_cbs1lbf,t1_cbrbl9b,0.10185185185185185,0.07964601769911504,0.022205834152736803
p_2285,t3_1kpcy7,t1_cbrbl5x,t1_cbrbcp0,0.09433962264150944,0.06547619047619048,0.02886343216531896
p_2288,t3_1kmwmn,t1_cbqml03,t1_cbqlofq,0.058823529411764705,0.07084468664850137,-0.012021157236736663
p_2289,t3_1kmr9u,t1_cbqlmoj,t1_cbqkl2t,0.02666666666666667,0.04918032786885246,-0.02251366120218579
p_2290,t3_1klvsk,t1_cbqdd78,t1_cbqjkwj,0.1118421052631579,0.0891089108910891,0.02273319437206879
p_2291,t3_1klpoz,t1_cbqe15e,t1_cbqay82,0.09178743961352658,0.05303030303030303,0.03875713658322354
p_2295,t3_1kkzei,t1_cbq19sn,t1_cbq4s14,0.04854368932038835,0.08695652173913043,-0.038412832418742084
p_2293,t3_1kkzei,t1_cbq6gfx,t1_cbq019j,0.17692307692307693,0.09375,0.08317307692307693
p_2294,t3_1kkzei,t1_cbq17si,t1_cbq019j,0.07692307692307693,0.09375,-0.016826923076923073
p_2297,t3_1kkvd3,t1_cbpzbps,t1_cbpzant,0.09056603773584905,0.08333333333333333,0.007232704402515722
p_2298,t3_1kkvd3,t1_cbpzjlg,t1_cbqba5y,0.07478632478632478,0.07669616519174041,-0.0019098404054156276
p_2299,t3_1kkl0k,t1_cbpvqsr,t1_cbpwrwm,0.07971014492753623,0.09090909090909091,-0.011198945981554687
p_2300,t3_1kjxxx,t1_cbpq618,t1_cbprup5,0.06486486486486487,0.13385826771653545,-0.06899340285167058
p_2302,t3_1kji31,t1_cbpp0hg,t1_cbpp4cn,0.0593607305936073,0.09375,-0.0343892694063927
p_2303,t3_1kj8ll,t1_cbpjmas,t1_cbpisrw,0.12133891213389121,0.1590909090909091,-0.03775199695701788
p_2304,t3_1kj8ll,t1_cbpl5sq,t1_cbpotjh,0.07086614173228346,0.10666666666666667,-0.03580052493438321
p_2306,t3_1kic79,t1_cbp88fr,t1_cbp8lam,0.08490566037735849,0.11564625850340136,-0.03074059812604288
p_2307,t3_1ki40o,t1_cbp9u33,t1_cbp85kd,0.0625,0.07317073170731707,-0.010670731707317069
p_2308,t3_1ki1zh,t1_cbp9dea,t1_cbp5nt9,0.09016393442622951,0.13478260869565217,-0.04461867426942266
p_2310,t3_1khlm7,t1_cbp1ln5,t1_cbp1ph1,0.12648221343873517,0.10891089108910891,0.01757132234962626
p_2311,t3_1kgh0u,t1_cboq4u7,t1_cbooh2r,0.07920792079207921,0.06923076923076923,0.009977151561309974
p_2313,t3_1ke0w4,t1_cbnzi22,t1_cbo6d5s,0.07580174927113703,0.0764525993883792,-0.0006508501172421688
p_2314,t3_1ke0w4,t1_cbo3zx9,t1_cbo5iau,0.09517241379310344,0.1111111111111111,-0.015938697318007664
p_2316,t3_1kdlwj,t1_cbnxd5h,t1_cbnvo71,0.11026615969581749,0.07582938388625593,0.03443677580956156
p_2319,t3_1kcd3m,t1_cbnhq6g,t1_cbni0el,0.0748663101604278,0.08379888268156424,-0.00893257252113644
p_2320,t3_1kbzmn,t1_cbng0go,t1_cbnipaa,0.056962025316455694,0.07453416149068323,-0.017572136174227537
p_2323,t3_1kag5w,t1_cbn0mxn,t1_cbmzov5,0.04072398190045249,0.0625,-0.02177601809954751
p_2324,t3_1kabrs,t1_cbmzr37,t1_cbn67aw,0.043209876543209874,0.044585987261146494,-0.0013761107179366197
p_2325,t3_1ka5uj,t1_cbmyev9,t1_cbmxfh8,0.09558823529411764,0.06474820143884892,0.03084003385526872
p_2327,t3_1k9jlv,t1_cbmxvcd,t1_cbmuvxx,0.049689440993788817,0.07627118644067797,-0.026581745446889155
p_2328,t3_1k6xfn,t1_cbm0lyq,t1_cbm3nd0,0.05263157894736842,0.03189066059225513,0.02074091835511329
p_2329,t3_1k6i9t,t1_cblyg6g,t1_cblyvvv,0.056291390728476824,0.05976095617529881,-0.003469565446821983
p_2330,t3_1k5pd2,t1_cbln0wk,t1_cblry91,0.04186046511627907,0.05652173913043478,-0.014661274014155713
p_2331,t3_1k5c52,t1_cblj535,t1_cbll85k,0.07881773399014778,0.0892018779342723,-0.010384143944124513
p_2332,t3_1k5c52,t1_cblu6s5,t1_cblltll,0.10891089108910891,0.12337662337662338,-0.014465732287514466
p_2333,t3_1k4u9p,t1_cbldzfo,t1_cblfrem,0.047619047619047616,0.0390625,0.008556547619047616
p_2334,t3_1k3fd5,t1_cbkz187,t1_cblb6qd,0.12874251497005987,0.17936117936117937,-0.050618664391119506
p_2335,t3_1k3fd5,t1_cbl0mqo,t1_cbl14ki,0.11089494163424124,0.1576271186440678,-0.04673217700982657
p_2336,t3_1k394r,t1_cbl39x0,t1_cbkxpz4,0.058823529411764705,0.0683453237410072,-0.009521794329242494
p_2337,t3_1k2ucr,t1_cbl0joo,t1_cbl04y4,0.0893854748603352,0.0763888888888889,0.012996585971446303
p_2338,t3_1k2m9c,t1_cbku0j5,t1_cbkqfau,0.06451612903225806,0.11458333333333333,-0.050067204301075266
p_2339,t3_1k1bz3,t1_cbkdhyg,t1_cbkd9lg,0.05806451612903226,0.08256880733944955,-0.024504291210417285
p_2340,t3_1k12l4,t1_cbk9xjc,t1_cbkfcm9,0.05737704918032787,0.04395604395604396,0.01342100522428391
p_2341,t3_1k0rar,t1_cbk9gjo,t1_cbk70ve,0.10588235294117647,0.125,-0.01911764705882353
p_2343,t3_1k0o35,t1_cbk7t0b,t1_cbk5xan,0.051094890510948905,0.07042253521126761,-0.019327644700318704
p_2346,t3_1jxenp,t1_cbjhhbv,t1_cbjh4y3,0.07446808510638298,0.049079754601226995,0.02538833050515598
p_2348,t3_1jxb7d,t1_cbj7ksk,t1_cbjiqx2,0.1073170731707317,0.136,-0.028682926829268304
p_2349,t3_1jxb7d,t1_cbj8nos,t1_cbjiqx2,0.10542168674698796,0.136,-0.03057831325301205
p_2350,t3_1jx75l,t1_cbj6dz7,t1_cbj5su9,0.05982905982905983,0.05426356589147287,0.005565493937586964
p_2352,t3_1jx75l,t1_cbj9dmd,t1_cbj5t4n,0.08597285067873303,0.05291005291005291,0.033062797768680124
p_2351,t3_1jx75l,t1_cbj8v5p,t1_cbj5t4n,0.04950495049504951,0.05291005291005291,-0.0034051024150034
p_2353,t3_1jx75l,t1_cbjctxf,t1_cbja2vi,0.06557377049180328,0.06422018348623854,0.0013535870055647464
p_2355,t3_1jw0vh,t1_cbj2fl6,t1_cbivzx1,0.02197802197802198,0.056768558951965066,-0.03479053697394309
p_2356,t3_1jukj2,t1_cbihbve,t1_cbifo1m,0.07291666666666667,0.06422018348623854,0.008696483180428136
p_2357,t3_1juhcd,t1_cbih6kh,t1_cbiftjn,0.09433962264150944,0.14754098360655737,-0.053201360965047934
p_2358,t3_1jtizm,t1_cbi5iji,t1_cbi4vwr,0.08396946564885496,0.09243697478991597,-0.008467509141061008
p_2359,t3_1jnzxi,t1_cbgl9y6,t1_cbgko2s,0.05405405405405406,0.0707070707070707,-0.016653016653016647
p_2360,t3_1jnzxi,t1_cbgq6ri,t1_cbgmmil,0.041916167664670656,0.03571428571428571,0.006201881950384944
p_2361,t3_1jnzxi,t1_cbgrq6w,t1_cbgqs66,0.029411764705882353,0.06060606060606061,-0.031194295900178255
p_2362,t3_1jmadm,t1_cbgfvpm,t1_cbg3jnw,0.07352941176470588,0.0410958904109589,0.03243352135374698
p_2363,t3_1jm5z2,t1_cbg3zbr,t1_cbg1tau,0.05042016806722689,0.09917355371900827,-0.048753385651781375
p_2365,t3_1jl2l0,t1_cbfrj60,t1_cbfqlt5,0.08029197080291971,0.07,0.0102919708029197
p_2366,t3_1jkp1k,t1_cbfp0g2,t1_cbfoawn,0.13541666666666666,0.09574468085106383,0.03967198581560283
p_2367,t3_1jiw0b,t1_cbf6lgo,t1_cbf4sac,0.055248618784530384,0.0851063829787234,-0.029857764194193018
p_2370,t3_1jb0wl,t1_cbcxgu5,t1_cbcy8p6,0.0967741935483871,0.08290155440414508,0.013872639144242013
p_2371,t3_1jaqjx,t1_cbctgfc,t1_cbcsn53,0.06521739130434782,0.05825242718446602,0.006964964119881803
p_2372,t3_1j9xnf,t1_cbcq5wa,t1_cbcvqxh,0.07092198581560284,0.046632124352331605,0.024289861463271237
p_2373,t3_1j8dv1,t1_cbc52ax,t1_cbcofch,0.08653846153846154,0.10084033613445378,-0.014301874595992248
p_2374,t3_1j8dv1,t1_cbc65mq,t1_cbcofch,0.05660377358490566,0.10084033613445378,-0.04423656254954812
p_2375,t3_1j8dv1,t1_cbc693d,t1_cbcofch,0.08791208791208792,0.10084033613445378,-0.012928248222365865
p_2376,t3_1j8dv1,t1_cbc7rzj,t1_cbcofch,0.0851063829787234,0.10084033613445378,-0.015733953155730382
p_2377,t3_1j7p6i,t1_cbbxr56,t1_cbby8gg,0.10084033613445378,0.11585365853658537,-0.015013322402131588
p_2378,t3_1j5z5p,t1_cbbgma6,t1_cbbghpi,0.11875,0.0625,0.056249999999999994
p_2379,t3_1j583o,t1_cbba0li,t1_cbbbhg1,0.10465116279069768,0.09523809523809523,0.009413067552602447
p_2381,t3_1j3vw4,t1_cbavu90,t1_cbawlm4,0.06481481481481481,0.1111111111111111,-0.046296296296296294
p_2384,t3_1j0ghg,t1_cb9w70x,t1_cba1v9x,0.07142857142857142,0.04744525547445255,0.023983315954118872
p_2385,t3_1j0ghg,t1_cbag4fl,t1_cba1v9x,0.06761565836298933,0.04744525547445255,0.020170402888536776
p_2387,t3_1j04ik,t1_cb9skkn,t1_cb9rtf6,0.0684931506849315,0.05063291139240506,0.01786023929252644
p_2386,t3_1j04ik,t1_cb9ssza,t1_cb9rtf6,0.043478260869565216,0.05063291139240506,-0.007154650522839846
p_2388,t3_1j012y,t1_cb9qkne,t1_cb9wf8r,0.06060606060606061,0.059880239520958084,0.0007258210851025237
p_2390,t3_1j00y5,t1_cb9tnv2,t1_cb9rf5x,0.05474452554744526,0.06666666666666667,-0.011922141119221408
p_2393,t3_1iw2um,t1_cb8lac4,t1_cb8mbl8,0.06060606060606061,0.0392156862745098,0.021390374331550804
p_2402,t3_1is4qd,t1_cb7j9ci,t1_cb7wbhu,0.08333333333333333,0.1565217391304348,-0.07318840579710147
p_2403,t3_1iqys7,t1_cb7bor5,t1_cb7844x,0.07177033492822966,0.08108108108108109,-0.00931074615285142
p_2404,t3_1iqys7,t1_cb7gfzl,t1_cb7gxgm,0.12365591397849462,0.13793103448275862,-0.014275120504263994
p_2405,t3_1ipjv3,t1_cb6tcwm,t1_cb7052e,0.08333333333333333,0.0641025641025641,0.019230769230769232
p_2406,t3_1ioyfw,t1_cb6negu,t1_cb6p567,0.03773584905660377,0.10050251256281408,-0.0627666635062103
p_2408,t3_1io050,t1_cb6z8bd,t1_cb6d59l,0.11244979919678715,0.10891089108910891,0.0035389081076782347
p_2409,t3_1io050,t1_cb6te7v,t1_cb6k495,0.04700854700854701,0.054455445544554455,-0.007446898536007447
p_2410,t3_1inwvh,t1_cb6clxk,t1_cb6b3un,0.05128205128205128,0.13513513513513514,-0.08385308385308386
p_2412,t3_1in64c,t1_cb6akju,t1_cb64t09,0.059880239520958084,0.15555555555555556,-0.09567531603459747
p_2413,t3_1in3mk,t1_cb6bfkt,t1_cb62n6y,0.045454545454545456,0.05806451612903226,-0.012609970674486805
p_2415,t3_1iimoi,t1_cb5m28u,t1_cb4v5by,0.034482758620689655,0.05785123966942149,-0.023368481048731835
p_2418,t3_1ihnzp,t1_cb4juyf,t1_cb4ukap,0.0546448087431694,0.046052631578947366,0.008592177164222031
p_2420,t3_1igbwh,t1_cb4649p,t1_cb464hg,0.09734513274336283,0.07291666666666667,0.02442846607669616
p_2421,t3_1ied1a,t1_cb3rv5u,t1_cb3p38u,0.06077348066298342,0.045454545454545456,0.015318935208437967
p_2424,t3_1ib9o8,t1_cb2tz88,t1_cb33du7,0.11965811965811966,0.13432835820895522,-0.01467023855083556
p_2427,t3_1ia9x8,t1_cb2j72l,t1_cb2rlb2,0.04929577464788732,0.0821917808219178,-0.03289600617403048
p_2429,t3_1ia3zd,t1_cb2lbid,t1_cb2h5ll,0.0738255033557047,0.06770833333333333,0.006117170022371374
p_2430,t3_1i94l9,t1_cb28ef0,t1_cb26209,0.031007751937984496,0.05063291139240506,-0.019625159454420567
p_2434,t3_1i5tlt,t1_cb1cje7,t1_cb1t7x1,0.037383177570093455,0.06666666666666667,-0.02928348909657321
p_2436,t3_1i4vt4,t1_cb1h533,t1_cb1252u,0.07352941176470588,0.0684931506849315,0.005036261079774382
p_2435,t3_1i4vt4,t1_cb13nik,t1_cb16bo0,0.014084507042253521,0.1223021582733813,-0.10821765123112778
p_2438,t3_1i2u57,t1_cb0fo0o,t1_cb0gz21,0.045112781954887216,0.0945945945945946,-0.049481812639707384
p_2439,t3_1i2u57,t1_cb0fbc9,t1_cb0hvyo,0.11235955056179775,0.06358381502890173,0.04877573553289602
p_2440,t3_1i2oju,t1_cb0dt2p,t1_cb0e4bx,0.09954751131221719,0.048,0.05154751131221719
p_2442,t3_1i11n0,t1_cazz418,t1_cb0464x,0.060810810810810814,0.072,-0.01118918918918918
p_2443,t3_1i11n0,t1_cazy97z,t1_cb0464x,0.18181818181818182,0.072,0.10981818181818183
p_2444,t3_1i0zds,t1_cazx780,t1_cazy8n0,0.043478260869565216,0.09615384615384616,-0.05267558528428094
p_2445,t3_1i0zds,t1_cb005e0,t1_cb05afm,0.06666666666666667,0.03488372093023256,0.03178294573643411
p_2446,t3_1i0zds,t1_cb00x7k,t1_cazy1tv,0.03,0.0593607305936073,-0.029360730593607304
p_2447,t3_1i0zds,t1_cazx7qm,t1_cb0ano0,0.13664596273291926,0.10416666666666667,0.03247929606625259
p_2448,t3_1i00hp,t1_cazmh6c,t1_cazmud9,0.06837606837606838,0.11926605504587157,-0.05088998666980318
p_2449,t3_1hzs2p,t1_cazkd1r,t1_cazpzes,0.05813953488372093,0.07894736842105263,-0.020807833537331698
p_2451,t3_1hz0cv,t1_cazgpfl,t1_cazc5lr,0.07692307692307693,0.07079646017699115,0.006126616746085778
p_2452,t3_1hxzas,t1_caz1kcn,t1_caz1z09,0.09069767441860466,0.07948717948717948,0.011210494931425175
p_2453,t3_1hxrtn,t1_caz1hv5,t1_cayzct9,0.06832298136645963,0.12267657992565056,-0.05435359855919093
p_2454,t3_1hxjqk,t1_cayxqwq,t1_cazcc7l,0.05521472392638037,0.04242424242424243,0.012790481502137942
p_2455,t3_1hxf9i,t1_cayvh0d,t1_caz1x0o,0.13186813186813187,0.14432989690721648,-0.01246176503908461
p_2456,t3_1hw3be,t1_cayi1o3,t1_caykf0u,0.03418803418803419,0.020833333333333332,0.01335470085470086
p_2460,t3_1htdmd,t1_caxqkk2,t1_caxz72q,0.059322033898305086,0.05179282868525897,0.0075292052130461196
p_2461,t3_1ht05v,t1_caxtz6j,t1_caxzvix,0.0741687979539642,0.07894736842105263,-0.004778570467088433
p_2462,t3_1ht05v,t1_caxvc7y,t1_caxzvix,0.034482758620689655,0.07894736842105263,-0.04446460980036297
p_2463,t3_1hrko3,t1_caxe7v8,t1_cax6nz3,0.06705539358600583,0.11450381679389313,-0.047448423207887294
p_2464,t3_1hrjgc,t1_cax6dff,t1_cax6b4o,0.09944751381215469,0.06666666666666667,0.032780847145488026
p_2465,t3_1hraph,t1_cax407i,t1_cax3up7,0.1111111111111111,0.09154929577464789,0.019561815336463215
p_2467,t3_1hqd66,t1_cax3idc,t1_cawz4oe,0.049773755656108594,0.072,-0.0222262443438914
p_2468,t3_1hq0v5,t1_cawqmgo,t1_cawqm34,0.03,0.058823529411764705,-0.028823529411764706
p_2469,t3_1hp8cm,t1_cawnmau,t1_cawra52,0.04597701149425287,0.07954545454545454,-0.03356844305120167
p_2470,t3_1hp8cm,t1_caws05i,t1_cawsaki,0.05660377358490566,0.044444444444444446,0.012159329140461216
p_2472,t3_1hnrv5,t1_cawg0mo,t1_caw90ul,0.07110091743119266,0.08070175438596491,-0.009600836954772249
p_2473,t3_1hnmg0,t1_caw4fwf,t1_caw2pvi,0.10526315789473684,0.1111111111111111,-0.005847953216374269
p_2474,t3_1hnesi,t1_caw5etn,t1_caw1oxb,0.05194805194805195,0.057692307692307696,-0.005744255744255744
p_2475,t3_1hmzrg,t1_cavwamg,t1_caw3w4j,0.05785123966942149,0.07453416149068323,-0.016682921821261743
p_2477,t3_1hmzrg,t1_cavxhoe,t1_cavwx38,0.11347517730496454,0.05755395683453238,0.05592122047043216
p_2476,t3_1hmzrg,t1_cavwmqq,t1_cavylue,0.04568527918781726,0.06885245901639345,-0.02316717982857619
p_2478,t3_1hm7uw,t1_cavpkpg,t1_cavot1s,0.0729483282674772,0.09583333333333334,-0.02288500506585614
p_2479,t3_1hj6bs,t1_cauxv2z,t1_cauydog,0.06748466257668712,0.0967741935483871,-0.02928953097169998
p_2480,t3_1hilol,t1_cav0vb9,t1_cauv0dj,0.0967741935483871,0.1,-0.0032258064516129115
p_2482,t3_1hijgw,t1_cauqk4k,t1_cauqjev,0.07692307692307693,0.09740259740259741,-0.02047952047952048
p_2484,t3_1hhk6u,t1_caueb77,t1_cauj7mz,0.062111801242236024,0.11016949152542373,-0.0480576902831877
p_2485,t3_1hhk6u,t1_caui6qo,t1_caukhoj,0.07352941176470588,0.11347517730496454,-0.03994576554025865
p_2486,t3_1hhk6u,t1_cauhmlk,t1_cauj7mz,0.07207207207207207,0.11016949152542373,-0.038097419453351655
p_2489,t3_1hc58i,t1_catea2n,t1_casxbel,0.06611570247933884,0.10876132930513595,-0.0426456268257971
p_2490,t3_1hc0j1,t1_caszio1,t1_casup0b,0.07766990291262135,0.06790123456790123,0.009768668344720122
p_2494,t3_1hajcc,t1_casg265,t1_casiv8b,0.06944444444444445,0.0759493670886076,-0.00650492264416315
p_2495,t3_1h9sqe,t1_cas8w59,t1_cas8g4g,0.16293929712460065,0.19452054794520549,-0.03158125082060484
p_2496,t3_1h9ldb,t1_cas5ysb,t1_cas7mja,0.05660377358490566,0.07909604519774012,-0.022492271612834458
p_2497,t3_1h9hye,t1_cas4sd4,t1_cas74f3,0.06103286384976526,0.06374501992031872,-0.002712156070553466
p_2498,t3_1h9hye,t1_casb6t3,t1_cas9uz8,0.04979253112033195,0.10787172011661808,-0.058079188996286134
p_2499,t3_1h9hye,t1_casew9n,t1_cas88m0,0.08878504672897196,0.06779661016949153,0.020988436559480433
p_2500,t3_1h8lmm,t1_cary5pj,t1_carxthq,0.11552346570397112,0.05084745762711865,0.06467600807685248
p_2502,t3_1h6ah2,t1_caredw7,t1_car9nmn,0.08695652173913043,0.0995850622406639,-0.012628540501533461
p_2505,t3_1h6ah2,t1_caridnc,t1_car9nmn,0.03550295857988166,0.0995850622406639,-0.06408210366078224
p_2504,t3_1h6ah2,t1_care65c,t1_car9nmn,0.09047619047619047,0.0995850622406639,-0.00910887176447342
p_2503,t3_1h6ah2,t1_card2bl,t1_car9nmn,0.10552763819095477,0.0995850622406639,0.005942575950290879
p_2506,t3_1h63cg,t1_car7qah,t1_care0ds,0.1092436974789916,0.024390243902439025,0.08485345357655258
p_2508,t3_1h5h5m,t1_car0y9s,t1_cardbx1,0.056451612903225805,0.07936507936507936,-0.022913466461853556
p_2509,t3_1h5h5m,t1_car4w5y,t1_car24xz,0.07547169811320754,0.07936507936507936,-0.0038933812518718164
p_2510,t3_1h5bo4,t1_car3t1w,t1_car096v,0.1024390243902439,0.11170212765957446,-0.009263103269330566
p_2511,t3_1h4fc4,t1_caquh1j,t1_car011b,0.07222222222222222,0.04424778761061947,0.027974434611602747
p_2513,t3_1h2wxx,t1_caqbfxa,t1_caqen9z,0.07407407407407407,0.09009009009009009,-0.016016016016016016
p_2514,t3_1h13j4,t1_capskux,t1_capsire,0.10810810810810811,0.08771929824561403,0.020388809862494084
p_2516,t3_1h0wi9,t1_capqqek,t1_caq16q7,0.15873015873015872,0.10416666666666667,0.05456349206349205
p_2517,t3_1h0dvp,t1_caplvg0,t1_caplfrl,0.10683760683760683,0.09051724137931035,0.016320365458296487
p_2518,t3_1h0dvp,t1_capmaqi,t1_caplfrl,0.04245283018867924,0.09051724137931035,-0.0480644111906311
p_2519,t3_1h0dvp,t1_capljsr,t1_capm2dv,0.06726457399103139,0.16923076923076924,-0.10196619523973785
p_2520,t3_1gzgyi,t1_capch39,t1_capcztw,0.14705882352941177,0.13596491228070176,0.011093911248710009
p_2521,t3_1gzgyi,t1_capd988,t1_capcztw,0.05855855855855856,0.13596491228070176,-0.0774063537221432
p_2522,t3_1gzggd,t1_capcxm0,t1_capga0b,0.04040404040404041,0.09803921568627451,-0.0576351752822341
p_2523,t3_1gzggd,t1_capc8wf,t1_capc3ac,0.047619047619047616,0.018518518518518517,0.0291005291005291
p_2526,t3_1gubei,t1_canwrtx,t1_canwwia,0.05232558139534884,0.06766917293233082,-0.015343591536981983
p_2527,t3_1gubei,t1_cao0mq9,t1_cao4o8w,0.06756756756756757,0.07643312101910828,-0.008865553451540706
p_2528,t3_1gubei,t1_cao0kka,t1_cao0vy0,0.06666666666666667,0.015503875968992248,0.05116279069767442
p_2529,t3_1gtx5u,t1_canrwqs,t1_canrwi1,0.05970149253731343,0.04225352112676056,0.01744797141055287
p_2530,t3_1gtewi,t1_canwe7h,t1_cannxmk,0.11518324607329843,0.08571428571428572,0.02946896035901271
p_2533,t3_1gs77u,t1_canaax8,t1_canbqse,0.05982905982905983,0.047619047619047616,0.012210012210012215
p_2535,t3_1gqrrj,t1_camvlk1,t1_camv6ti,0.04580152671755725,0.06930693069306931,-0.02350540397551206
p_2536,t3_1gqfyr,t1_camsoga,t1_camr1ip,0.06598984771573604,0.09285714285714286,-0.026867295141406816
p_2537,t3_1go76m,t1_cama3zy,t1_cam5u2v,0.09398496240601503,0.04918032786885246,0.044804634537162574
p_2538,t3_1go0nk,t1_cam94e3,t1_cam2sp0,0.06451612903225806,0.08771929824561403,-0.023203169213355967
p_2539,t3_1gndd7,t1_calvf4q,t1_caly3r9,0.0855397148676171,0.09795918367346938,-0.012419468805852277
p_2542,t3_1gndd7,t1_calw2lu,t1_calzbfi,0.08453237410071943,0.030107526881720432,0.054424847218999
p_2543,t3_1gn5gq,t1_caltt0o,t1_cam4fco,0.09090909090909091,0.1111111111111111,-0.020202020202020193
p_2544,t3_1gn5gq,t1_caluwrn,t1_cam99y3,0.05653710247349823,0.0661764705882353,-0.009639368114737062
p_2546,t3_1gmopb,t1_calpm58,t1_caloeep,0.1069182389937107,0.11538461538461539,-0.008466376390904695
p_2547,t3_1glkkw,t1_caljuen,t1_calho9m,0.0963855421686747,0.10638297872340426,-0.009997436554729552
p_2548,t3_1gkvdj,t1_cal8gbr,t1_calht6p,0.08565310492505353,0.11984282907662082,-0.03418972415156729
p_2549,t3_1gkvdj,t1_cal9bjy,t1_cal95oe,0.10297482837528604,0.034210526315789476,0.06876430205949657
p_2550,t3_1gk7i3,t1_cal9gz2,t1_cakzxzy,0.14432989690721648,0.07731958762886598,0.0670103092783505
p_2552,t3_1gjdzq,t1_caks2pc,t1_cakv42m,0.06547619047619048,0.08490566037735849,-0.019429469901168006
p_2553,t3_1ghuhk,t1_cakst8b,t1_cakfe6t,0.049079754601226995,0.04310344827586207,0.005976306325364923
p_2554,t3_1ghq26,t1_cakd83v,t1_cakbhef,0.125,0.15328467153284672,-0.028284671532846722
p_2556,t3_1gf3p8,t1_cajmk48,t1_cajlq76,0.09340659340659341,0.03571428571428571,0.057692307692307696
p_2558,t3_1gekcs,t1_cajgr6p,t1_cajgnqh,0.043478260869565216,0.07692307692307693,-0.03344481605351171
p_2559,t3_1gdhz9,t1_cajoefo,t1_caj8zpy,0.05333333333333334,0.0410958904109589,0.012237442922374435
p_2561,t3_1gcmgh,t1_caizgrm,t1_caix4yf,0.12962962962962962,0.14432989690721648,-0.01470026727758686
p_2563,t3_1ga9it,t1_caiavmi,t1_caiacwj,0.05343511450381679,0.07865168539325842,-0.025216570889441632
p_2564,t3_1ga5u6,t1_caifnvs,t1_caigbsx,0.043478260869565216,0.06153846153846154,-0.018060200668896326
p_2565,t3_1g98dv,t1_caicko1,t1_cai00w1,0.0944206008583691,0.09090909090909091,0.0035115099492781937
p_2566,t3_1g912k,t1_cahy4j6,t1_cai00qt,0.12096774193548387,0.0782608695652174,0.04270687237026648
p_2567,t3_1g8ye7,t1_caiqwaz,t1_caia71j,0.09271523178807947,0.05405405405405406,0.038661177734025415
p_2568,t3_1g8tam,t1_cahvvfw,t1_cahvh3g,0.06369426751592357,0.07236842105263158,-0.008674153536708015
p_2569,t3_1g8dms,t1_cahqtw0,t1_cahrjrv,0.08544303797468354,0.07142857142857142,0.014014466546112117
p_2570,t3_1g4ij0,t1_cagmwe5,t1_cagn2vw,0.05,0.105,-0.05499999999999999
p_2571,t3_1g4ij0,t1_cagti1b,t1_cagn2vw,0.06906077348066299,0.105,-0.03593922651933701
p_2573,t3_1g0zyi,t1_cafq2a4,t1_cafq68p,0.07792207792207792,0.07738095238095238,0.0005411255411255367
p_2575,t3_1g0nr4,t1_cafnpu1,t1_cafo41o,0.045871559633027525,0.10975609756097561,-0.06388453792794808
p_2576,t3_1g05un,t1_cafhm9s,t1_cafhkpm,0.1044776119402985,0.10810810810810811,-0.0036304961678096104
p_2577,t3_1g05un,t1_cafi4wo,t1_cafhkpm,0.10434782608695652,0.10810810810810811,-0.003760282021151598
p_2578,t3_1fze4z,t1_cafajkn,t1_cafb9bx,0.05263157894736842,0.07909604519774012,-0.0264644662503717
p_2579,t3_1fzbuj,t1_cafam2z,t1_cafeb2o,0.08108108108108109,0.07084468664850137,0.010236394432579718
p_2580,t3_1fzbuj,t1_cafpf1y,t1_cafeb2o,0.06878306878306878,0.07084468664850137,-0.0020616178654325884
p_2581,t3_1fz6yz,t1_cafa0ej,t1_cafbiew,0.13953488372093023,0.09090909090909091,0.04862579281183932
p_2582,t3_1fvef0,t1_caehkc7,t1_caegj92,0.05128205128205128,0.09174311926605505,-0.04046106798400377
p_2583,t3_1ftvzl,t1_cadqq2m,t1_cadtuox,0.027777777777777776,0.03076923076923077,-0.0029914529914529947
p_2584,t3_1fthzm,t1_cads3uf,t1_cadpyxu,0.09883720930232558,0.19491525423728814,-0.09607804493496257
p_2585,t3_1fsg25,t1_cadecc8,t1_cadh9xp,0.10954063604240283,0.07734806629834254,0.03219256974406029
p_2586,t3_1fsg25,t1_cadcq9r,t1_cadfxhh,0.12598425196850394,0.04964539007092199,0.07633886189758195
p_2589,t3_1fqxs6,t1_cacz78q,t1_cad0uj4,0.07281553398058252,0.07037037037037037,0.002445163610212145
p_2590,t3_1fpnku,t1_cacm10c,t1_cacyujo,0.11926605504587157,0.15306122448979592,-0.033795169443924356
p_2592,t3_1fl90i,t1_cabjfyp,t1_cabh6n4,0.07142857142857142,0.08465608465608465,-0.013227513227513227
p_2594,t3_1fkqyp,t1_cab9l3c,t1_cab7rfj,0.09178743961352658,0.09047619047619047,0.0013112491373361013
p_2596,t3_1fjzw1,t1_cab14u9,t1_cabbfp2,0.076158940397351,0.027777777777777776,0.04838116261957322
p_2597,t3_1fjy6l,t1_cabf966,t1_cab0k1n,0.06569343065693431,0.05384615384615385,0.01184727681078046
p_2598,t3_1fjy6l,t1_cabcutd,t1_cabche6,0.015384615384615385,0.0625,-0.047115384615384615
p_2599,t3_1fj2qs,t1_caar36f,t1_caas3s0,0.1,0.07777777777777778,0.022222222222222227
p_2600,t3_1fi40v,t1_caahiii,t1_caahjdz,0.08943089430894309,0.04411764705882353,0.04531324725011956
p_2601,t3_1fi40v,t1_caai66k,t1_caahj8x,0.10191082802547771,0.0916030534351145,0.010307774590363208
p_2603,t3_1fh2ge,t1_caa6pnq,t1_caaaphg,0.029411764705882353,0.049689440993788817,-0.020277676287906464
p_2604,t3_1fgwoe,t1_caadxv7,t1_caaa1fu,0.07053941908713693,0.0684931506849315,0.0020462684022054256
p_2606,t3_1felg8,t1_ca9jegt,t1_ca9j1g5,0.040697674418604654,0.07586206896551724,-0.035164394546912586
p_2607,t3_1fdu9t,t1_ca9jfv7,t1_ca9emjy,0.1111111111111111,0.0859375,0.025173611111111105
p_2608,t3_1fdqr9,t1_ca9b99t,t1_ca997cz,0.0196078431372549,0.10294117647058823,-0.08333333333333333
p_2609,t3_1fbyld,t1_ca8s1d1,t1_ca92m1w,0.038461538461538464,0.0,0.038461538461538464
p_2610,t3_1fakkk,t1_ca8gu3m,t1_ca8gpeh,0.08256880733944955,0.072,0.010568807339449551
p_2613,t3_1f9bqn,t1_ca85ryy,t1_ca81ox0,0.06970509383378017,0.26,-0.19029490616621986
p_2619,t3_1f3fkz,t1_ca6ix69,t1_ca6j47b,0.057777777777777775,0.15853658536585366,-0.10075880758807589
p_2621,t3_1f378x,t1_ca6d9pg,t1_ca6d9s8,0.022727272727272728,0.07207207207207207,-0.049344799344799344
p_2624,t3_1f08yy,t1_ca5jdzb,t1_ca5nkp8,0.0625,0.05357142857142857,0.008928571428571432
p_2625,t3_1f08yy,t1_ca5jcz6,t1_ca5nkp8,0.0,0.05357142857142857,-0.05357142857142857
p_2627,t3_1eyhc9,t1_ca511j6,t1_ca514mx,0.0380952380952381,0.045454545454545456,-0.007359307359307357
p_2628,t3_1eyhc9,t1_ca54mod,t1_ca514mx,0.041666666666666664,0.045454545454545456,-0.0037878787878787915
p_2629,t3_1evztt,t1_ca4bru8,t1_ca4e1xc,0.047619047619047616,0.05813953488372093,-0.010520487264673313
p_2631,t3_1er14x,t1_ca2wy31,t1_ca2w8zb,0.05803571428571429,0.0875,-0.029464285714285707
p_2632,t3_1er14x,t1_ca2wyds,t1_ca2w8zb,0.0896551724137931,0.0875,0.0021551724137931078
p_2633,t3_1eqzdv,t1_ca2xas3,t1_ca2vznl,0.0945945945945946,0.12698412698412698,-0.03238953238953238
p_2634,t3_1eqzdv,t1_ca31l47,t1_ca2vznl,0.06382978723404255,0.12698412698412698,-0.06315433975008443
p_2636,t3_1eqpep,t1_ca2wutl,t1_ca2vk92,0.0546875,0.05660377358490566,-0.0019162735849056617
p_2637,t3_1enop4,t1_ca26n3f,t1_ca24wnz,0.05687203791469194,0.09523809523809523,-0.03836605732340329
p_2640,t3_1ekr96,t1_ca18olx,t1_ca1bmet,0.043478260869565216,0.05154639175257732,-0.0080681308830121
p_2642,t3_1ejwsi,t1_ca0z4yj,t1_ca124sd,0.08133971291866028,0.2925531914893617,-0.21121347857070144
p_2643,t3_1ejwsi,t1_ca14g2z,t1_ca11uac,0.06986899563318777,0.07407407407407407,-0.004205078440886301
p_2649,t3_1eeqwi,t1_c9zk246,t1_c9zlxhm,0.012195121951219513,0.041666666666666664,-0.029471544715447152
p_2648,t3_1eeqwi,t1_c9zisf5,t1_c9zjpoy,0.03125,0.03409090909090909,-0.0028409090909090884
p_2650,t3_1edx91,t1_c9z9hpy,t1_c9zbt49,0.09895833333333333,0.057971014492753624,0.040987318840579705
p_2651,t3_1edr56,t1_c9z8p9f,t1_c9z9qmk,0.08396946564885496,0.06896551724137931,0.015003948407475654
p_2652,t3_1edqbg,t1_c9z7ura,t1_c9zayfy,0.10101010101010101,0.10493827160493827,-0.0039281705948372575
p_2657,t3_1e897d,t1_c9xr4w4,t1_c9xr0vc,0.13122171945701358,0.102803738317757,0.028417981139256573
p_2659,t3_1e7fgs,t1_c9xm6o9,t1_c9xlvv7,0.06802721088435375,0.09375,-0.025722789115646252
p_2661,t3_1e7dc0,t1_c9xteak,t1_c9xkdnr,0.09580838323353294,0.11602209944751381,-0.020213716213980867
p_2663,t3_1e71tp,t1_c9xlk4m,t1_c9xez56,0.08947368421052632,0.07142857142857142,0.018045112781954892
p_2664,t3_1e5uet,t1_c9x38yb,t1_c9x7ac3,0.034782608695652174,0.08695652173913043,-0.05217391304347826
p_2666,t3_1e5dod,t1_c9wyrgk,t1_c9wz4h9,0.030927835051546393,0.11029411764705882,-0.07936628259551243
p_2667,t3_1e4w3h,t1_c9x0hy8,t1_c9wwhb6,0.02054794520547945,0.07142857142857142,-0.050880626223091974
p_2668,t3_1e4v4u,t1_c9wtome,t1_c9ww06i,0.05737704918032787,0.11926605504587157,-0.061889005865543696
p_2669,t3_1e4gla,t1_c9wpcpk,t1_c9wqjyf,0.10869565217391304,0.0851063829787234,0.02358926919518964
p_2671,t3_1e30x9,t1_c9wfnbb,t1_c9wbvj3,0.08695652173913043,0.09615384615384616,-0.009197324414715727
p_2673,t3_1e1yw5,t1_c9wdtql,t1_c9w0hvd,0.0625,0.12903225806451613,-0.06653225806451613
p_2674,t3_1e0qz1,t1_c9vwslq,t1_c9vruwl,0.08552631578947369,0.1326530612244898,-0.04712674543501612
p_2675,t3_1e0ejy,t1_c9vl8aa,t1_c9vp3i5,0.07083333333333333,0.05442176870748299,0.01641156462585034
p_2678,t3_1e0dd7,t1_c9vvh9i,t1_c9vmii6,0.04878048780487805,0.023622047244094488,0.025158440560783563
p_2676,t3_1e0dd7,t1_c9vn11c,t1_c9vkmsv,0.02631578947368421,0.03669724770642202,-0.010381458232737811
p_2679,t3_1dzqaz,t1_c9vevvr,t1_c9ves68,0.0958904109589041,0.07407407407407407,0.021816336884830034
p_2680,t3_1dyb7o,t1_c9v8bw6,t1_c9v7j0n,0.13114754098360656,0.10989010989010989,0.021257431093496676
p_2681,t3_1dy3sl,t1_c9uym99,t1_c9uxyzk,0.09016393442622951,0.07281553398058252,0.01734840044564699
p_2683,t3_1dx9dj,t1_c9ut84g,t1_c9v8b9b,0.1323529411764706,0.07262569832402235,0.05972724285244824
p_2684,t3_1dx9dj,t1_c9uvfc4,t1_c9usq08,0.0711864406779661,0.1076923076923077,-0.036505867014341595
p_2685,t3_1duzzk,t1_c9u8l52,t1_c9u8yoe,0.025,0.05504587155963303,-0.03004587155963303
p_2688,t3_1drv8o,t1_c9twcr8,t1_c9tdt5r,0.050505050505050504,0.0603448275862069,-0.009839777081156395
p_2690,t3_1dro9y,t1_c9t93tz,t1_c9tb0nm,0.07462686567164178,0.24242424242424243,-0.16779737675260065
p_2691,t3_1dro9y,t1_c9t95ad,t1_c9tb0nm,0.11450381679389313,0.24242424242424243,-0.1279204256303493
p_2692,t3_1dro9y,t1_c9tar20,t1_c9tb0nm,0.1259259259259259,0.24242424242424243,-0.11649831649831652
p_2693,t3_1dr38j,t1_c9t4zgp,t1_c9t15sb,0.06611570247933884,0.07964601769911504,-0.013530315219776198
p_2694,t3_1dr38j,t1_c9t6qfq,t1_c9t3tv5,0.043478260869565216,0.06707317073170732,-0.023594909862142105
p_2696,t3_1dqocq,t1_c9sxlof,t1_c9t1per,0.02142857142857143,0.11666666666666667,-0.09523809523809523
p_2698,t3_1dpa0j,t1_c9si9a1,t1_c9sjq6e,0.022900763358778626,0.07262569832402235,-0.04972493496524373
p_2699,t3_1dmdji,t1_c9s8tbs,t1_c9rvfop,0.032467532467532464,0.1111111111111111,-0.07864357864357864
p_2702,t3_1djzxv,t1_c9rfg9d,t1_c9r258n,0.058333333333333334,0.13861386138613863,-0.08028052805280529
p_2704,t3_1dj741,t1_c9qwjmm,t1_c9qu7yd,0.09541984732824428,0.13522012578616352,-0.03980027845791924
p_2706,t3_1ditdn,t1_c9r0krj,t1_c9qpsh8,0.08135593220338982,0.08024691358024691,0.0011090186231429155
p_2707,t3_1dilyh,t1_c9qq93z,t1_c9qukp7,0.058823529411764705,0.009615384615384616,0.04920814479638009
p_2711,t3_1dfy2a,t1_c9pz92y,t1_c9pzk15,0.09433962264150944,0.07446808510638298,0.019871537535126466
p_2713,t3_1dfnx1,t1_c9pwrti,t1_c9pydqv,0.04878048780487805,0.04411764705882353,0.004662840746054518
p_2714,t3_1deu6m,t1_c9pm9ei,t1_c9pq3i8,0.11206896551724138,0.07692307692307693,0.035145888594164454
p_2715,t3_1ddn6p,t1_c9r192d,t1_c9ptde6,0.07142857142857142,0.03636363636363636,0.03506493506493506
p_2717,t3_1dbeji,t1_c9opv9e,t1_c9oplaa,0.04285714285714286,0.1,-0.05714285714285715
p_2718,t3_1dahpy,t1_c9oi7rq,t1_c9ohbfe,0.07391304347826087,0.09009009009009009,-0.016177046611829213
p_2720,t3_1daaz2,t1_c9om232,t1_c9oicxr,0.039647577092511016,0.02553191489361702,0.014115662198893996
p_2721,t3_1daa73,t1_c9of3p7,t1_c9of537,0.03225806451612903,0.057692307692307696,-0.025434243176178664
p_2722,t3_1da9km,t1_c9ogr0a,t1_c9oels5,0.06756756756756757,0.02247191011235955,0.04509565745520802
p_2723,t3_1d93tu,t1_c9o543i,t1_c9o48f1,0.06790123456790123,0.06611570247933884,0.001785532088562386
p_2724,t3_1d93tu,t1_c9o9bv4,t1_c9o5bzv,0.0989399293286219,0.0979020979020979,0.0010378314265239996
p_2725,t3_1d7g4o,t1_c9noa5m,t1_c9nwpbl,0.11059907834101383,0.1044776119402985,0.006121466400715328
p_2728,t3_1d4oyg,t1_c9mvjvz,t1_c9n2oa9,0.0703125,0.09615384615384616,-0.02584134615384616
p_2729,t3_1d44p3,t1_c9mq0ns,t1_c9mtvks,0.10909090909090909,0.10273972602739725,0.006351183063511831
p_2731,t3_1d44p3,t1_c9mw0w9,t1_c9mpkz3,0.0825242718446602,0.10576923076923077,-0.02324495892457057
p_2732,t3_1d44p3,t1_c9n1elj,t1_c9mtvks,0.10576923076923077,0.10273972602739725,0.0030295047418335136
p_2733,t3_1d44p3,t1_c9mu8cn,t1_c9mrjf5,0.07633587786259542,0.1076923076923077,-0.031356429829712276
p_2734,t3_1d44p3,t1_c9msi95,t1_c9mtvks,0.07920792079207921,0.10273972602739725,-0.023531805235318046
p_2738,t3_1d1i55,t1_c9mxv6l,t1_c9lzhfl,0.010416666666666666,0.010752688172043012,-0.0003360215053763455
p_2739,t3_1d1i55,t1_c9oegh1,t1_c9lzhfl,0.0,0.010752688172043012,-0.010752688172043012
p_2740,t3_1d0elu,t1_c9lsj8v,t1_c9lp7p0,0.09205020920502092,0.08045977011494253,0.011590439090078397
p_2741,t3_1cymw8,t1_c9l9z8j,t1_c9l7omc,0.07058823529411765,0.14705882352941177,-0.07647058823529412
p_2743,t3_1cyjeb,t1_c9l6moi,t1_c9l7796,0.05612244897959184,0.09345794392523364,-0.037335494945641805
p_2748,t3_1cxteo,t1_c9l5sr6,t1_c9kz9h3,0.02,0.09090909090909091,-0.07090909090909091
p_2746,t3_1cxteo,t1_c9l0ptr,t1_c9kztp0,0.05128205128205128,0.06578947368421052,-0.014507422402159242
p_2747,t3_1cxteo,t1_c9kzw1u,t1_c9l5bzb,0.05454545454545454,0.061224489795918366,-0.006679035250463823
p_2749,t3_1cwsse,t1_c9kr52k,t1_c9kr5qt,0.022857142857142857,0.09375,-0.07089285714285715
p_2750,t3_1cwsse,t1_c9kqato,t1_c9ks4cr,0.0759493670886076,0.08641975308641975,-0.010470385997812151
p_2751,t3_1cwsse,t1_c9kvex6,t1_c9ks4cr,0.05405405405405406,0.08641975308641975,-0.03236569903236569
p_2752,t3_1cvzbx,t1_c9km9nx,t1_c9khsqw,0.04040404040404041,0.07894736842105263,-0.03854332801701222
p_2753,t3_1ctkhw,t1_c9juokl,t1_c9jubz0,0.047619047619047616,0.04225352112676056,0.005365526492287054
p_2754,t3_1cskpb,t1_c9jkqxa,t1_c9jlje5,0.06741573033707865,0.06557377049180328,0.0018419598452753677
p_2755,t3_1crpmd,t1_c9jdeua,t1_c9jkwqp,0.07228915662650602,0.08045977011494253,-0.008170613488436507
p_2756,t3_1cq2e6,t1_c9ix0cz,t1_c9ixpvx,0.01098901098901099,0.0625,-0.05151098901098901
p_2760,t3_1cjeto,t1_c9h2lgb,t1_c9h6sc6,0.05,0.05,0.0
p_2761,t3_1chlts,t1_c9gmbnn,t1_c9gqj74,0.12129380053908356,0.05825242718446602,0.06304137335461754
p_2762,t3_1cgo5k,t1_c9gcsj9,t1_c9gc5rg,0.04519774011299435,0.09401709401709402,-0.048819353904099666
p_2765,t3_1cfa2w,t1_c9fzmpv,t1_c9g116t,0.07371794871794872,0.04984423676012461,0.02387371195782411
p_2766,t3_1cdk1m,t1_c9fscps,t1_c9fnhsl,0.0949367088607595,0.08490566037735849,0.010031048483401014
p_2767,t3_1cc9ma,t1_c9f4mbw,t1_c9f4gvx,0.08396946564885496,0.15789473684210525,-0.07392527119325029
p_2770,t3_1cc8uk,t1_c9fbcfp,t1_c9f55x0,0.047872340425531915,0.06521739130434782,-0.01734505087881591
p_2771,t3_1cbyg8,t1_c9f2fbr,t1_c9f2f7z,0.07751937984496124,0.08461538461538462,-0.007096004770423381
p_2772,t3_1cbyg8,t1_c9f37yw,t1_c9f2f7z,0.0453257790368272,0.08461538461538462,-0.03928960557855742
p_2773,t3_1cbyg8,t1_c9f2oxn,t1_c9f2f7z,0.03755868544600939,0.08461538461538462,-0.04705669916937523
p_2774,t3_1c9rnm,t1_c9efq9f,t1_c9enhzn,0.09166666666666666,0.07352941176470588,0.018137254901960775
p_2776,t3_1c9lan,t1_c9eoxbt,t1_c9edlfu,0.06293706293706294,0.10062893081761007,-0.037691867880547125
p_2777,t3_1c8ym3,t1_c9e9zzx,t1_c9e9fk0,0.07397260273972603,0.09634551495016612,-0.02237291221044009
p_2778,t3_1c8ym3,t1_c9e9ga5,t1_c9ea09a,0.08333333333333333,0.06274509803921569,0.020588235294117643
p_2779,t3_1c7z1a,t1_c9dyhme,t1_c9edsm6,0.04823151125401929,0.09415584415584416,-0.04592433290182487
p_2782,t3_1c5ps9,t1_c9da3im,t1_c9dg1q3,0.05084745762711865,0.05128205128205128,-0.0004345936549326329
p_2783,t3_1c3mds,t1_c9cpeax,t1_c9cpssy,0.07555555555555556,0.1702127659574468,-0.09465721040189125
p_2784,t3_1c11cx,t1_c9c5trq,t1_c9c6lsq,0.07368421052631578,0.09032258064516129,-0.016638370118845502
p_2785,t3_1byb8b,t1_c9bdajc,t1_c9bdsul,0.06923076923076923,0.09649122807017543,-0.0272604588394062
p_2786,t3_1by7rb,t1_c9b8dbb,t1_c9ba21c,0.05263157894736842,0.06363636363636363,-0.011004784688995212
p_2787,t3_1bxkri,t1_c9b3vi9,t1_c9b4eux,0.05714285714285714,0.016666666666666666,0.04047619047619047
p_2789,t3_1bxgut,t1_c9b118k,t1_c9b0bxi,0.1079136690647482,0.13432835820895522,-0.026414689144207026
p_2788,t3_1bxgut,t1_c9b3hgo,t1_c9b7q7o,0.11557788944723618,0.16551724137931034,-0.04993935193207416
p_2790,t3_1bxgut,t1_c9b7tag,t1_c9b7q7o,0.10774410774410774,0.16551724137931034,-0.0577731336352026
p_2791,t3_1bwu2v,t1_c9avcwo,t1_c9auie0,0.021739130434782608,0.004484304932735426,0.017254825502047183
p_2792,t3_1buffw,t1_c9a7bi9,t1_c9a70o8,0.14018691588785046,0.04838709677419355,0.09179981911365691
p_2793,t3_1brihl,t1_c9bfojt,t1_c99k4tp,0.09734513274336283,0.04672897196261682,0.05061616078074601
p_2794,t3_1bp6uw,t1_c98y60i,t1_c994sb5,0.051470588235294115,0.09848484848484848,-0.047014260249554365
p_2795,t3_1bodtx,t1_c98jlb4,t1_c98lik7,0.07627118644067797,0.056451612903225805,0.019819573537452166
p_2796,t3_1bljky,t1_c97sfu3,t1_c97rjrx,0.06060606060606061,0.15853658536585366,-0.09793052475979305
p_2798,t3_1bkpef,t1_c97l3q7,t1_c97m0dm,0.1348314606741573,0.1044776119402985,0.030353848733858796
p_2799,t3_1bkdeq,t1_c97g05g,t1_c97ggko,0.0684931506849315,0.10526315789473684,-0.03677000720980533
p_2803,t3_1bjaaz,t1_c977sxm,t1_c979i5l,0.12320916905444126,0.13793103448275862,-0.014721865428317354
p_2804,t3_1bitj0,t1_c971omg,t1_c978xo7,0.052941176470588235,0.043333333333333335,0.0096078431372549
p_2805,t3_1bggat,t1_c96k0ap,t1_c96jw6l,0.03,0.09411764705882353,-0.06411764705882353
p_2806,t3_1bce8x,t1_c95l5od,t1_c95l7sx,0.08080808080808081,0.2,-0.1191919191919192
p_2807,t3_1bcaat,t1_c95jx1p,t1_c95k33e,0.1282051282051282,0.075,0.053205128205128197
p_2808,t3_1bc8lk,t1_c95jtsa,t1_c95k5tq,0.025477707006369428,0.031545741324921134,-0.006068034318551706
p_2809,t3_1bc7uw,t1_c95jgdf,t1_c95jk08,0.04,0.07142857142857142,-0.031428571428571424
p_2810,t3_1b757j,t1_c947mfz,t1_c947z02,0.05172413793103448,0.0743801652892562,-0.02265602735822172
p_2811,t3_1b5h4r,t1_c93tvyq,t1_c93sauz,0.1,0.07453416149068323,0.025465838509316774
p_2812,t3_1b532g,t1_c93p2p5,t1_c93uzd4,0.06918238993710692,0.08280254777070063,-0.013620157833593716
p_2813,t3_1b4ngo,t1_c93mgx3,t1_c93juyb,0.09278350515463918,0.06451612903225806,0.028267376122381116
p_2815,t3_1ayifp,t1_c91z4wm,t1_c91y4yc,0.15454545454545454,0.14770459081836326,0.006840863727091279
p_2817,t3_1avuk1,t1_c919bkc,t1_c918ch7,0.06,0.09142857142857143,-0.03142857142857143
p_2818,t3_1aszfk,t1_c90i0vi,t1_c90i1xg,0.07692307692307693,0.16101694915254236,-0.08409387222946543
p_2819,t3_1assos,t1_c90fnc1,t1_c90rkrt,0.06382978723404255,0.06206896551724138,0.0017608217168011697
p_2820,t3_1assos,t1_c90ewks,t1_c90rkrt,0.10810810810810811,0.06206896551724138,0.046039142590866736
p_2822,t3_1are2i,t1_c902a8w,t1_c901w5o,0.03664921465968586,0.04310344827586207,-0.006454233616176211
p_2823,t3_1are2i,t1_c9063xi,t1_c901w5o,0.07453416149068323,0.04310344827586207,0.03143071321482116
p_2827,t3_1am01f,t1_c8yqvyz,t1_c90q7d9,0.025,0.047058823529411764,-0.022058823529411763
p_2830,t3_1ajjfw,t1_c8y1lzd,t1_c8xzdi6,0.03597122302158273,0.04918032786885246,-0.013209104847269726
p_2831,t3_1ajjfw,t1_c8y2o8t,t1_c8y2jox,0.07738095238095238,0.07142857142857142,0.005952380952380959
p_2832,t3_1ahaci,t1_c8xhcoi,t1_c8xhwel,0.020618556701030927,0.0707070707070707,-0.05008851400603978
p_2833,t3_1ahaci,t1_c8ycdr7,t1_c8y9ehd,0.057692307692307696,0.06735751295336788,-0.009665205261060184
p_2834,t3_1adnuj,t1_c8wgwzb,t1_c8wgx6y,0.057803468208092484,0.0962566844919786,-0.03845321628388612
p_2835,t3_1adnuj,t1_c8wkxho,t1_c8wgx6y,0.0755813953488372,0.0962566844919786,-0.0206752891431414
p_2836,t3_1aah63,t1_c8vkumc,t1_c8w7eb9,0.08433734939759036,0.05084745762711865,0.03348989177047171
p_2837,t3_1a823k,t1_c8uxrzz,t1_c8uxj2q,0.1377245508982036,0.12840466926070038,0.009319881637503219
p_2838,t3_1a74or,t1_c8yb8lh,t1_c8wi3uo,0.019230769230769232,0.056338028169014086,-0.037107258938244854
p_2841,t3_1a1svv,t1_c8tcnlg,t1_c8tbh45,0.14814814814814814,0.05714285714285714,0.091005291005291
p_2842,t3_19x40l,t1_c8s3ojs,t1_c8sam0l,0.09090909090909091,0.12222222222222222,-0.03131313131313131
p_2843,t3_19umvm,t1_c8ri6ek,t1_c8rgbi8,0.031746031746031744,0.041666666666666664,-0.00992063492063492
p_2845,t3_19n9ak,t1_c8pkzma,t1_c8polhe,0.06976744186046512,0.08771929824561403,-0.017951856385148915
p_2846,t3_19huby,t1_c8ojliw,t1_c8oh7z7,0.08465608465608465,0.08653846153846154,-0.001882376882376885
p_2847,t3_19e3q6,t1_c8n7zld,t1_c8n6yn4,0.11013215859030837,0.13793103448275862,-0.027798875892450253
p_2850,t3_19avin,t1_c8mdkft,t1_c8mqodh,0.08035714285714286,0.07647058823529412,0.0038865546218487396
p_2851,t3_19aahz,t1_c8m9s7p,t1_c8m98ui,0.08,0.01818181818181818,0.06181818181818182
p_2853,t3_1960jw,t1_c8te8em,t1_c8lq3vy,0.06934306569343066,0.044585987261146494,0.02475707843228416
p_2854,t3_18nf32,t1_c8gjif8,t1_c8glzi2,0.04081632653061224,0.07,-0.029183673469387765
p_2855,t3_18n2uc,t1_c8g7yj9,t1_c8g7vdb,0.05405405405405406,0.15789473684210525,-0.1038406827880512
p_2856,t3_18n2uc,t1_c8gjaly,t1_c8hjbxc,0.047244094488188976,0.09,-0.04275590551181102
p_2857,t3_18hfbb,t1_c8euhsu,t1_c8f4pon,0.12280701754385964,0.07627118644067797,0.04653583110318167
p_2858,t3_18fnmc,t1_c8ehi0y,t1_c8fbyk9,0.05063291139240506,0.05,0.0006329113924050597
p_2859,t3_18fnmc,t1_c8eztwo,t1_c8efsxa,0.046511627906976744,0.049723756906077346,-0.0032121289991006025
p_2861,t3_18dj9h,t1_c8go2f3,t1_c8du0qd,0.06578947368421052,0.07920792079207921,-0.013418447107868686
p_2862,t3_181jmd,t1_c8b2w35,t1_c8b80s2,0.11055276381909548,0.13424657534246576,-0.023693811523370273
p_2864,t3_353z1x,t1_cr0txe5,t1_cr0sypq,0.06367041198501873,0.0321285140562249,0.03154189792879383
p_2865,t3_35007e,t1_cqzpsh4,t1_cr08now,0.07042253521126761,0.07272727272727272,-0.002304737516005115
p_2868,t3_34uoe6,t1_cqy8iqs,t1_cqydmf0,0.09090909090909091,0.09523809523809523,-0.004329004329004321
p_2869,t3_34uhcs,t1_cqy6f3z,t1_cqy5yg6,0.057971014492753624,0.1076923076923077,-0.049721293199554074
p_2871,t3_34r42c,t1_cqx9tcw,t1_cqxcheq,0.05952380952380952,0.05714285714285714,0.0023809523809523794
p_2872,t3_34r42c,t1_cqx9isf,t1_cqxhmy0,0.09444444444444444,0.09883720930232558,-0.004392764857881135
p_2873,t3_34qpil,t1_cqxbpip,t1_cqx6biz,0.15283842794759825,0.06040268456375839,0.09243574338383986
p_2875,t3_34nm86,t1_cqwfwqa,t1_cqwdlqs,0.13829787234042554,0.07881773399014778,0.05948013835027775
p_2876,t3_34mjz7,t1_cqw3q36,t1_cqw297k,0.12048192771084337,0.04838709677419355,0.07209483093664983
p_2877,t3_34mi2s,t1_cqw2pwr,t1_cqw1jmd,0.07913669064748201,0.08461538461538462,-0.005478693967902612
p_2880,t3_34f19m,t1_cqumcdt,t1_cqu4xnk,0.030303030303030304,0.05,-0.0196969696969697
p_2881,t3_34ew6y,t1_cqu16sw,t1_cqu66qp,0.06382978723404255,0.04639175257731959,0.01743803465672296
p_2883,t3_34dp1h,t1_cqtp0m2,t1_cqtpbha,0.12826603325415678,0.12290502793296089,0.005361005321195891
p_2885,t3_3458ym,t1_cqrehbr,t1_cqrp6kw,0.10714285714285714,0.08641975308641975,0.02072310405643739
p_2886,t3_344wiz,t1_cqras5q,t1_cqre4xb,0.05660377358490566,0.03888888888888889,0.017714884696016772
p_2887,t3_344wiz,t1_cqrc214,t1_cqrdlm0,0.05263157894736842,0.019736842105263157,0.03289473684210526
p_2889,t3_3421jf,t1_cqqjotj,t1_cqqk365,0.0125,0.02666666666666667,-0.014166666666666668
p_2890,t3_341ysq,t1_cqqjryw,t1_cqqx1kp,0.05128205128205128,0.02702702702702703,0.024255024255024252
p_2891,t3_341ysq,t1_cqqk0tn,t1_cqqijqw,0.0423728813559322,0.05921052631578947,-0.01683764495985727
p_2892,t3_341rgm,t1_cqr37bi,t1_cqqnhph,0.04430379746835443,0.02654867256637168,0.01775512490198275
p_2893,t3_341qpv,t1_cqqkadf,t1_cqqj5q6,0.02027027027027027,0.05732484076433121,-0.03705457049406094
p_2896,t3_340hb6,t1_cqq5pcx,t1_cqq45sd,0.06875,0.13194444444444445,-0.06319444444444444
p_2897,t3_33yolt,t1_cqq8ib0,t1_cqpnhfk,0.06666666666666667,0.07924528301886792,-0.012578616352201255
p_2898,t3_33y71i,t1_cqpkqw3,t1_cqphhsd,0.09883720930232558,0.13978494623655913,-0.04094773693423355
p_2899,t3_33xvlb,t1_cqpizv2,t1_cqpe1w3,0.06172839506172839,0.08032128514056225,-0.018592890078833857
p_2900,t3_33x4zd,t1_cqq3w8x,t1_cqph109,0.06808510638297872,0.0916030534351145,-0.02351794705213578
p_2901,t3_33vwxp,t1_cqp9clo,t1_cqp3iwt,0.05217391304347826,0.1,-0.04782608695652175
p_2902,t3_33vb7v,t1_cqop50f,t1_cqoq78g,0.06451612903225806,0.057692307692307696,0.006823821339950367
p_2903,t3_33vb7v,t1_cqoqk6x,t1_cqoq78g,0.033707865168539325,0.057692307692307696,-0.02398444252376837
p_2906,t3_33t6ee,t1_cqo6dks,t1_cqocdox,0.05732484076433121,0.07751937984496124,-0.020194539080630028
p_2910,t3_33qkee,t1_cqnhkzy,t1_cqnfxbg,0.03389830508474576,0.11538461538461539,-0.08148631029986964
p_2911,t3_33odih,t1_cqmwrzp,t1_cqn43qi,0.08849557522123894,0.06896551724137931,0.019530057979859627
p_2912,t3_33odih,t1_cqmx2gy,t1_cqn43qi,0.04938271604938271,0.06896551724137931,-0.019582801191996596
p_2914,t3_33m1d7,t1_cqmao20,t1_cqmqlk3,0.018867924528301886,0.05714285714285714,-0.03827493261455525
p_2915,t3_33ltmy,t1_cqm3qgs,t1_cqm6tlv,0.13402061855670103,0.05421686746987952,0.0798037510868215
p_2916,t3_33ltmy,t1_cqm5fmo,t1_cqmj35v,0.03260869565217391,0.09210526315789473,-0.05949656750572082
p_2917,t3_33ltmy,t1_cqma7wu,t1_cqmj35v,0.1092436974789916,0.09210526315789473,0.017138434321096865
p_2918,t3_33ltmy,t1_cqm52oz,t1_cqmjkd0,0.0815450643776824,0.0855614973262032,-0.004016432948520804
p_2919,t3_33ltmy,t1_cqmees1,t1_cqmlryg,0.06273062730627306,0.12658227848101267,-0.06385165117473961
p_2920,t3_33ltmy,t1_cqmhim7,t1_cqmlryg,0.08189655172413793,0.12658227848101267,-0.04468572675687474
p_2921,t3_33ltmy,t1_cqme4zj,t1_cqmjkd0,0.0787037037037037,0.0855614973262032,-0.006857793622499497
p_2922,t3_33ltmy,t1_cqmf5u4,t1_cqm8bcb,0.04854368932038835,0.04294478527607362,0.005598904044314727
p_2923,t3_33ltmy,t1_cqmaxor,t1_cqmj35v,0.096,0.09210526315789473,0.0038947368421052703
p_2925,t3_33ltmy,t1_cqmgnjb,t1_cqmjkd0,0.10582010582010581,0.0855614973262032,0.02025860849390261
p_2927,t3_33ky08,t1_cqlv92o,t1_cqm0p5u,0.0673076923076923,0.07272727272727272,-0.005419580419580419
p_2928,t3_33jriw,t1_cqlmafs,t1_cqlrxku,0.04040404040404041,0.10071942446043165,-0.060315384056391246
p_2929,t3_33jriw,t1_cqlrjh2,t1_cqlvlpo,0.037914691943127965,0.06766917293233082,-0.02975448098920286
p_2930,t3_33gagt,t1_cqknwye,t1_cqkneou,0.06766917293233082,0.1484375,-0.08076832706766918
p_2935,t3_33fzqf,t1_cqkkas1,t1_cqkomla,0.05405405405405406,0.08268330733229329,-0.02862925327823923
p_2934,t3_33fzqf,t1_cqkyc6a,t1_cqkomla,0.03697478991596639,0.08268330733229329,-0.0457085174163269
p_2932,t3_33fzqf,t1_cqkmagz,t1_cql6a4m,0.05789473684210526,0.025362318840579712,0.03253241800152555
p_2933,t3_33fzqf,t1_cqksog6,t1_cql5nf4,0.05017921146953405,0.016423357664233577,0.033755853805300474
p_2936,t3_33fvr1,t1_cql32pv,t1_cqkpqqx,0.12264150943396226,0.09289617486338798,0.02974533457057428
p_2937,t3_33f4nn,t1_cqkapdq,t1_cqktzi5,0.05761316872427984,0.0784313725490196,-0.02081820382473977
p_2938,t3_33d5wv,t1_cqjs9av,t1_cqjqmmc,0.02197802197802198,0.012048192771084338,0.009929829206937642
p_2939,t3_33c9pv,t1_cqjn7rh,t1_cqji5jr,0.05734767025089606,0.046296296296296294,0.011051373954599764
p_2940,t3_33b9np,t1_cqj96fh,t1_cqj9uef,0.053691275167785234,0.051470588235294115,0.0022206869324911185
p_2942,t3_337yvz,t1_cqift17,t1_cqigsgq,0.10900473933649289,0.045454545454545456,0.06355019388194744
p_2943,t3_337yvz,t1_cqigbq2,t1_cqigknb,0.11904761904761904,0.10897435897435898,0.010073260073260065
p_2947,t3_335312,t1_cqhqb8z,t1_cqhmvlk,0.029950083194675542,0.06043956043956044,-0.030489477244884898
p_2948,t3_334q3e,t1_cqhpv4a,t1_cqhioox,0.09027777777777778,0.06302521008403361,0.027252567693744165
p_2949,t3_333cqy,t1_cqh6yao,t1_cqh6bst,0.1470019342359768,0.11971830985915492,0.02728362437682187
p_2952,t3_330zv9,t1_cqgjrcd,t1_cqgm5ch,0.04938271604938271,0.0784313725490196,-0.029048656499636893
p_2953,t3_32yo7o,t1_cqghj8r,t1_cqggpsa,0.05172413793103448,0.06521739130434782,-0.013493253373313342
p_2955,t3_32x792,t1_cqfgbx0,t1_cqfhboc,0.01818181818181818,0.019230769230769232,-0.001048951048951051
p_2957,t3_32x5bg,t1_cqffwwh,t1_cqfjbx4,0.13513513513513514,0.13125,0.003885135135135137
p_2959,t3_32w62j,t1_cqf8h6r,t1_cqf8ttp,0.09174311926605505,0.05454545454545454,0.03719766472060051
p_2960,t3_32tuwr,t1_cqekvu6,t1_cqev05z,0.12179487179487179,0.13286713286713286,-0.011072261072261072
p_2961,t3_32rqew,t1_cqe1or9,t1_cqedg0y,0.08187134502923976,0.06043956043956044,0.02143178458967932
p_2962,t3_32qem9,t1_cqdngsq,t1_cqdmrey,0.04672897196261682,0.1506849315068493,-0.10395595954423248
p_2963,t3_32nvz9,t1_cqd3dgw,t1_cqdlwp9,0.06914893617021277,0.07228915662650602,-0.0031402204562932523
p_2964,t3_32mxxb,t1_cqcq0fj,t1_cqcpdn2,0.068,0.10112359550561797,-0.03312359550561797
p_2966,t3_32ml8o,t1_cqcp8hx,t1_cqcmdxj,0.0430622009569378,0.07407407407407407,-0.031011873117136268
p_2967,t3_32ml8o,t1_cqcmvme,t1_cqcmdxj,0.0625,0.07407407407407407,-0.01157407407407407
p_2969,t3_32kaxa,t1_cqc1ps3,t1_cqbztib,0.043243243243243246,0.05917159763313609,-0.015928354389892846
p_2970,t3_32jy1s,t1_cqc7xo9,t1_cqc76t8,0.15447154471544716,0.096045197740113,0.058426346975334165
p_2972,t3_32jy1s,t1_cqc312r,t1_cqc2knn,0.05106382978723404,0.0365296803652968,0.014534149421937238
p_2973,t3_32hrcu,t1_cqbf680,t1_cqc157c,0.04597701149425287,0.06060606060606061,-0.014629049111807735
p_2974,t3_32hrcu,t1_cqbuas1,t1_cqberet,0.05925925925925926,0.042735042735042736,0.016524216524216526
p_2975,t3_32hhvc,t1_cqb981l,t1_cqb97nw,0.0425531914893617,0.06862745098039216,-0.026074259491030462
p_2977,t3_32heuy,t1_cqbcbkl,t1_cqb8b3a,0.0375,0.03723404255319149,0.000265957446808511
p_2978,t3_32e9dz,t1_cqag1ei,t1_cqaeq9p,0.06896551724137931,0.08280254777070063,-0.013837030529321323
p_2979,t3_32dzr6,t1_cqabzcm,t1_cqavot8,0.09375,0.07766990291262135,0.016080097087378648
p_2980,t3_32dzr6,t1_cqabzdy,t1_cqavot8,0.11570247933884298,0.07766990291262135,0.038032576426221626
p_2981,t3_32cuug,t1_cqa2kcg,t1_cqamp4r,0.10211267605633803,0.08,0.02211267605633803
p_2985,t3_32br6b,t1_cq9r1xc,t1_cq9xojx,0.10749185667752444,0.09824561403508772,0.009246242642436717
p_2987,t3_3295fa,t1_cq95v66,t1_cq97eov,0.013921113689095127,0.005076142131979695,0.008844971557115432
p_2989,t3_328mdv,t1_cq8wilr,t1_cq8wllc,0.09859154929577464,0.06140350877192982,0.03718804052384482
p_2990,t3_328mdv,t1_cq90btb,t1_cq8xsei,0.08333333333333333,0.08620689655172414,-0.002873563218390815
p_2991,t3_328mdv,t1_cq924w9,t1_cq8wmf8,0.05732484076433121,0.08670520231213873,-0.029380361547807515
p_2992,t3_328mdv,t1_cq962cf,t1_cq909zj,0.08270676691729323,0.051470588235294115,0.031236178681999113
p_2993,t3_328cqj,t1_cq8twul,t1_cq8u7k8,0.09202453987730061,0.06944444444444445,0.022580095432856162
p_2994,t3_328cqj,t1_cq8u123,t1_cq8vtom,0.03597122302158273,0.045454545454545456,-0.009483322432962724
p_2995,t3_328cqj,t1_cq8urjg,t1_cq8uwgb,0.1443850267379679,0.08247422680412371,0.0619107999338442
p_2996,t3_325owi,t1_cq85rgn,t1_cq85o61,0.0622568093385214,0.06563706563706563,-0.003380256298544229
p_2997,t3_324yj6,t1_cq7zfq6,t1_cq8dhwu,0.09178743961352658,0.21052631578947367,-0.1187388761759471
p_2998,t3_3247v7,t1_cq81v9f,t1_cq7q1h2,0.12021857923497267,0.0830860534124629,0.03713252582250977
p_2999,t3_3247v7,t1_cq7rkyr,t1_cq7q1h2,0.07236842105263158,0.0830860534124629,-0.010717632359831322
p_3001,t3_321v5o,t1_cq7b3vb,t1_cq75mj1,0.10843373493975904,0.09202453987730061,0.01640919506245843
p_3004,t3_320ncw,t1_cq6vyp0,t1_cq6qa48,0.057777777777777775,0.05454545454545454,0.0032323232323232323
p_3005,t3_320ncw,t1_cq6qbjc,t1_cq7attb,0.0748663101604278,0.06914893617021277,0.005717373990215033
p_3006,t3_320cdd,t1_cq6n5nk,t1_cq6tjhk,0.027522935779816515,0.0449438202247191,-0.017420884444902585
p_3007,t3_320ag4,t1_cq6qvbi,t1_cq73ikh,0.10096153846153846,0.13071895424836602,-0.029757415786827557
p_3008,t3_31z0jc,t1_cq6cink,t1_cq6dcu3,0.05945945945945946,0.020833333333333332,0.038626126126126134
p_3009,t3_31z0jc,t1_cq6elfk,t1_cq6fijn,0.08071748878923767,0.11522633744855967,-0.03450884865932201
p_3010,t3_31y24o,t1_cq6353c,t1_cq69x2n,0.05847953216374269,0.08270676691729323,-0.02422723475355054
p_3013,t3_31tru7,t1_cq4z6e3,t1_cq4ypy8,0.0440251572327044,0.09375,-0.0497248427672956
p_3015,t3_31pc9q,t1_cq3qpv3,t1_cq3pcmq,0.11688311688311688,0.109375,0.00750811688311688
p_3016,t3_31p2g2,t1_cq3sydv,t1_cq3oxs7,0.07923497267759563,0.08196721311475409,-0.002732240437158459
p_3017,t3_31p0pl,t1_cq3n1ay,t1_cq3nys0,0.08695652173913043,0.11347517730496454,-0.026518655565834104
p_3020,t3_31oejp,t1_cq3gtyk,t1_cq3t550,0.05217391304347826,0.047058823529411764,0.005115089514066494
p_3021,t3_31oejp,t1_cq462r7,t1_cq3zns0,0.04807692307692308,0.07575757575757576,-0.02768065268065268
p_3022,t3_31ocvw,t1_cq3fcas,t1_cq3hias,0.07058823529411765,0.09230769230769231,-0.021719457013574667
p_3024,t3_31n763,t1_cq339uk,t1_cq33n1j,0.08108108108108109,0.12371134020618557,-0.042630259125104486
p_3026,t3_31m7ag,t1_cq2w03g,t1_cq2v22k,0.07777777777777778,0.04411764705882353,0.03366013071895425
p_3027,t3_31kfkt,t1_cq2ethi,t1_cq38ca1,0.08333333333333333,0.08733624454148471,-0.004002911208151383
p_3028,t3_31kfkt,t1_cq2m1cu,t1_cq2q8ub,0.11801242236024845,0.1414790996784566,-0.023466677318208146
p_3029,t3_31kfkt,t1_cq2iwml,t1_cq2xd07,0.04878048780487805,0.04186046511627907,0.006920022688598981
p_3031,t3_31j4y8,t1_cq2dy2t,t1_cq2seqm,0.0752212389380531,0.09202453987730061,-0.016803300939247506
p_3032,t3_31iyzr,t1_cq20phi,t1_cq241hx,0.1431924882629108,0.0,0.1431924882629108
p_3033,t3_31iyzr,t1_cq2hqkc,t1_cq2ggm1,0.15577889447236182,0.10962566844919786,0.04615322602316396
p_3034,t3_31extq,t1_cq0xwpm,t1_cq0zj18,0.0916030534351145,0.07954545454545454,0.01205759888965996
p_3036,t3_319lcf,t1_cpzoe1h,t1_cpzou3x,0.06806282722513089,0.07211538461538461,-0.0040525573902537165
p_3038,t3_317c4q,t1_cpz4dkk,t1_cq08xc2,0.06538461538461539,0.041666666666666664,0.023717948717948724
p_3039,t3_316t8m,t1_cpz81dp,t1_cpz1tm8,0.02027027027027027,0.12371134020618557,-0.1034410699359153
p_3043,t3_30zgez,t1_cpx91x7,t1_cpx8d30,0.08152173913043478,0.09047619047619047,-0.00895445134575569
p_3046,t3_30uf3s,t1_cpvyas0,t1_cpvxc6j,0.1024390243902439,0.04,0.062439024390243895
p_3047,t3_30rmk0,t1_cpv7mht,t1_cpv6fnx,0.07228915662650602,0.07692307692307693,-0.004633920296570906
p_3048,t3_30rk8b,t1_cpv5sfc,t1_cpvae5t,0.08426966292134831,0.09375,-0.009480337078651688
p_3051,t3_30plxu,t1_cpumi9h,t1_cpv3rnn,0.06289308176100629,0.09448818897637795,-0.03159510721537166
p_3052,t3_30plxu,t1_cpusr84,t1_cpvc5cu,0.06451612903225806,0.09090909090909091,-0.02639296187683285
p_3053,t3_30piom,t1_cpuvrbx,t1_cpuk6e9,0.09090909090909091,0.11,-0.01909090909090909
p_3054,t3_30piom,t1_cpukcf7,t1_cpuk6e9,0.041666666666666664,0.11,-0.06833333333333333
p_3055,t3_30oi71,t1_cpudcxf,t1_cpuhqza,0.03575076608784474,0.026915113871635612,0.00883565221620913
p_3056,t3_30oi71,t1_cpudthh,t1_cpuin82,0.12422360248447205,0.09287054409005628,0.03135305839441577
p_3057,t3_30oi71,t1_cpufpbf,t1_cpuh9jr,0.0624390243902439,0.05583250249252243,0.006606521897721471
p_3058,t3_30oi71,t1_cpumucv,t1_cpubj6z,0.03490759753593429,0.031185031185031187,0.003722566350903102
p_3059,t3_30nwta,t1_cpu5jus,t1_cpufh76,0.03409090909090909,0.031914893617021274,0.0021760154738878143
p_3060,t3_30lwfn,t1_cptlz3s,t1_cpu097g,0.09230769230769231,0.1267605633802817,-0.034452871072589375
p_3061,t3_30kxn3,t1_cptgjwa,t1_cptkn0r,0.07352941176470588,0.056074766355140186,0.0174546454095657
p_3062,t3_30kxn3,t1_cpud2ds,t1_cpuj9yz,0.09931506849315068,0.05652173913043478,0.0427933293627159
p_3064,t3_30ikr2,t1_cpssgy6,t1_cpstqu7,0.07630522088353414,0.09090909090909091,-0.01460387002555677
p_3066,t3_30ijtn,t1_cpsuz6r,t1_cptjxj0,0.07692307692307693,0.09174311926605505,-0.014820042342978124
p_3067,t3_30ijtn,t1_cpsvg1e,t1_cpt2lkh,0.06666666666666667,0.07142857142857142,-0.004761904761904759
p_3069,t3_30ieon,t1_cpspikm,t1_cpspmsa,0.13559322033898305,0.08333333333333333,0.05225988700564972
p_3070,t3_30ieon,t1_cpsqhcv,t1_cpsr9x0,0.06666666666666667,0.07462686567164178,-0.007960199004975119
p_3071,t3_30ieon,t1_cpsq3bq,t1_cpsptk3,0.07913669064748201,0.08527131782945736,-0.006134627181975355
p_3072,t3_30ieon,t1_cpssq8c,t1_cpsr9x0,0.19230769230769232,0.07462686567164178,0.11768082663605053
p_3073,t3_30ieh0,t1_cpss8ht,t1_cpsq8hn,0.046296296296296294,0.04424778761061947,0.0020485086856768253
p_3074,t3_30dwuy,t1_cprwysn,t1_cprwrn8,0.057736720554272515,0.08783783783783784,-0.030101117283565328
p_3075,t3_30dwuy,t1_cprim4b,t1_cpris3v,0.08080808080808081,0.0427807486631016,0.03802733214497921
p_3076,t3_30dwuy,t1_cps4x4a,t1_cprittq,0.05917159763313609,0.08484848484848485,-0.025676887215348762
p_3077,t3_30dn4s,t1_cpri1a1,t1_cprghef,0.03676470588235294,0.0736196319018405,-0.036854926019487554
p_3078,t3_30dc3y,t1_cpreini,t1_cprdlqm,0.05732484076433121,0.046296296296296294,0.011028544468034918
p_3079,t3_30dc3y,t1_cprho0c,t1_cprczq0,0.10294117647058823,0.12612612612612611,-0.023184949655537884
p_3080,t3_30bmbr,t1_cpqwrqy,t1_cpqwt64,0.06611570247933884,0.0392156862745098,0.02690001620482904
p_3081,t3_30bmbr,t1_cpqx53s,t1_cpsdnqv,0.08,0.04054054054054054,0.03945945945945946
p_3082,t3_30bmbr,t1_cpr9rhs,t1_cpr0he2,0.05,0.06837606837606838,-0.01837606837606838
p_3083,t3_30bmbr,t1_cprfcjr,t1_cpr0he2,0.08571428571428572,0.06837606837606838,0.017338217338217332
p_3084,t3_30bmbr,t1_cpqx6q7,t1_cpr0he2,0.0784313725490196,0.06837606837606838,0.010055304172951224
p_3085,t3_30bmbr,t1_cpqxz84,t1_cpr0he2,0.04395604395604396,0.06837606837606838,-0.024420024420024423
p_3086,t3_30bmbr,t1_cpqwxxi,t1_cpr0he2,0.03680981595092025,0.06837606837606838,-0.031566252425148135
p_3087,t3_30addl,t1_cpqlm0n,t1_cpqmxt8,0.02654867256637168,0.03125,-0.004701327433628319
p_3088,t3_30abxj,t1_cpql1jr,t1_cpqkw2q,0.13333333333333333,0.0916030534351145,0.04173027989821883
p_3089,t3_30a5zk,t1_cpqjney,t1_cpqkg7f,0.11659192825112108,0.10599078341013825,0.010601144840982832
p_3090,t3_309gc1,t1_cpr1ni1,t1_cpqcrp3,0.04954954954954955,0.033112582781456956,0.016436966768092594
p_3091,t3_309bvo,t1_cpqqtlm,t1_cpqbaln,0.08156028368794327,0.1242603550295858,-0.042700071341642526
p_3093,t3_306owt,t1_cppof4n,t1_cpq6ae3,0.08597285067873303,0.10396039603960396,-0.017987545360870924
p_3094,t3_306o9o,t1_cpq1gb9,t1_cpqt20q,0.07874015748031496,0.05217391304347826,0.0265662444368367
p_3095,t3_306jm9,t1_cppkm2t,t1_cppkw7s,0.050359712230215826,0.07738095238095238,-0.027021240150736557
p_3096,t3_306b19,t1_cppjkxe,t1_cppv03t,0.0918918918918919,0.10480349344978165,-0.012911601557889757
p_3097,t3_306b19,t1_cppt43v,t1_cppiyoy,0.0761904761904762,0.08333333333333333,-0.007142857142857131
p_3098,t3_305ejo,t1_cppptb8,t1_cppbmsd,0.08904109589041095,0.05226480836236934,0.036776287528041615
p_3099,t3_304vk8,t1_cpp4467,t1_cpp4mqn,0.10344827586206896,0.39779005524861877,-0.2943417793865498
p_3100,t3_304vk8,t1_cpp57rx,t1_cpp6nth,0.11219512195121951,0.15294117647058825,-0.04074605451936873
p_3102,t3_304vk8,t1_cpp5fv2,t1_cppe5uc,0.09316770186335403,0.061224489795918366,0.03194321206743567
p_3104,t3_304nx9,t1_cpp3be4,t1_cppcie7,0.07874015748031496,0.09558823529411764,-0.01684807781380268
p_3105,t3_302atl,t1_cponldu,t1_cpogvf1,0.09090909090909091,0.0728476821192053,0.018061408789885616
p_3106,t3_302atl,t1_cpom4hm,t1_cpoj5rs,0.07738095238095238,0.08208955223880597,-0.004708599857853588
p_3107,t3_301n6h,t1_cpolqex,t1_cpoikva,0.13,0.11076923076923077,0.019230769230769232
p_3108,t3_301aim,t1_cpo9ccq,t1_cpoaljq,0.07818930041152264,0.04950495049504951,0.02868434991647313
p_3109,t3_300pmw,t1_cpo5gbr,t1_cpo0aso,0.108,0.061452513966480445,0.046547486033519554
p_3110,t3_30059g,t1_cpo18q6,t1_cpo1wjy,0.0684931506849315,0.07142857142857142,-0.0029354207436399216
p_3111,t3_30059g,t1_cpo9jne,t1_cppa1ar,0.059322033898305086,0.08176100628930817,-0.022438972391003086
p_3113,t3_3002wd,t1_cpnx795,t1_cpo9jc4,0.09467455621301775,0.1,-0.005325443786982256
p_3115,t3_2zxa1c,t1_cpn5f5x,t1_cpn5ksl,0.07738095238095238,0.12258064516129032,-0.04519969278033793
p_3117,t3_2zwjql,t1_cpmyqyw,t1_cpmyrsa,0.1,0.10285714285714286,-0.0028571428571428498
p_3118,t3_2zpo9g,t1_cpl6qj2,t1_cplbwrd,0.041025641025641026,0.0915032679738562,-0.05047762694821518
p_3122,t3_2zpo9g,t1_cpl8ybn,t1_cpl4rwr,0.02877697841726619,0.05508474576271186,-0.026307767345445675
p_3123,t3_2zpo9g,t1_cplrjw9,t1_cpl4rwr,0.0546218487394958,0.05508474576271186,-0.0004628970232160648
p_3119,t3_2zpo9g,t1_cpl854i,t1_cpl7tlw,0.045454545454545456,0.05714285714285714,-0.011688311688311685
p_3121,t3_2zpo9g,t1_cpl8iis,t1_cplq1xf,0.06857142857142857,0.036290322580645164,0.03228110599078341
p_3124,t3_2zp1g2,t1_cpkyv4o,t1_cpl0p62,0.023809523809523808,0.08860759493670886,-0.06479807112718505
p_3125,t3_2zow2m,t1_cpl22pp,t1_cpkxsis,0.07709251101321586,0.1148036253776435,-0.037711114364427645
p_3126,t3_2znn1r,t1_cpkp3j2,t1_cpkoqed,0.11255411255411256,0.11333333333333333,-0.0007792207792207684
p_3127,t3_2zlzlv,t1_cpk8hwi,t1_cpk6a3p,0.09712230215827339,0.10040160642570281,-0.0032793042674294226
p_3128,t3_2zlzlv,t1_cpk93ep,t1_cpk6a3p,0.13520408163265307,0.10040160642570281,0.03480247520695026
p_3129,t3_2zkscb,t1_cpjt71i,t1_cpjth0r,0.045454545454545456,0.10309278350515463,-0.05763823805060918
p_3130,t3_2zke3b,t1_cpjq913,t1_cpktfa4,0.031914893617021274,0.11702127659574468,-0.08510638297872342
p_3131,t3_2zj7ra,t1_cpjeo7s,t1_cpjezx4,0.07100591715976332,0.06748466257668712,0.0035212545830762
p_3132,t3_2zivuy,t1_cpjd5bs,t1_cpjkvlu,0.03296703296703297,0.10416666666666667,-0.0711996336996337
p_3135,t3_2ziiud,t1_cpjgxr8,t1_cpjahut,0.0948905109489051,0.07751937984496124,0.017371131103943865
p_3138,t3_2zi3o2,t1_cpj9uww,t1_cpj94l8,0.15476190476190477,0.14049586776859505,0.014266036993309722
p_3139,t3_2zhhcc,t1_cpixs4l,t1_cpiyfa2,0.08275862068965517,0.07333333333333333,0.009425287356321838
p_3141,t3_2zhhcc,t1_cpj0ejq,t1_cpiyco1,0.017045454545454544,0.06164383561643835,-0.04459838107098381
p_3140,t3_2zhhcc,t1_cpizz9m,t1_cpiyxlc,0.06153846153846154,0.11926605504587157,-0.057727593507410024
p_3143,t3_2zhaim,t1_cpix9ia,t1_cpivskg,0.06989247311827956,0.11176470588235295,-0.04187223276407338
p_3144,t3_2zgvgy,t1_cpissdd,t1_cpirsph,0.08333333333333333,0.12280701754385964,-0.039473684210526314
p_3145,t3_2zgowg,t1_cpiuav4,t1_cpiq1oq,0.12222222222222222,0.06666666666666667,0.05555555555555555
p_3146,t3_2zgndx,t1_cpiqn17,t1_cpj5r70,0.13533834586466165,0.07017543859649122,0.06516290726817042
p_3149,t3_2zgan1,t1_cpiqsg0,t1_cpimxfr,0.08375634517766498,0.047244094488188976,0.036512250689476
p_3150,t3_2zflih,t1_cpih4fg,t1_cpih5fr,0.04878048780487805,0.024390243902439025,0.024390243902439025
p_3152,t3_2zejsa,t1_cpi6gay,t1_cpi6o6i,0.10666666666666667,0.11224489795918367,-0.005578231292517
p_3154,t3_2zdsjs,t1_cpidnuu,t1_cphz7yi,0.07514450867052024,0.05660377358490566,0.018540735085614574
p_3155,t3_2zdsjs,t1_cpiftnl,t1_cpi0g46,0.07449856733524356,0.058823529411764705,0.01567503792347885
p_3156,t3_2zdhff,t1_cphy235,t1_cphw99k,0.07017543859649122,0.057971014492753624,0.0122044241037376
p_3158,t3_2zaqct,t1_cph7lsp,t1_cph6x3y,0.038461538461538464,0.06741573033707865,-0.028954191875540186
p_3160,t3_2z2msj,t1_cpfd4uy,t1_cpf7g2a,0.07277628032345014,0.1276595744680851,-0.054883294144634956
p_3161,t3_2z2e9y,t1_cpf2whk,t1_cpf8cro,0.04861111111111111,0.039603960396039604,0.009007150715071507
p_3162,t3_2z1yoq,t1_cpezn48,t1_cpezlhg,0.08426966292134831,0.06936416184971098,0.014905501071637337
p_3163,t3_2z1yoq,t1_cpf0qg3,t1_cpezlhg,0.11016949152542373,0.06936416184971098,0.04080532967571275
p_3164,t3_2z0k1s,t1_cpeslkw,t1_cpeslxz,0.08130081300813008,0.1032258064516129,-0.021924993443482824
p_3167,t3_2ywkr1,t1_cpdxs52,t1_cpdmm80,0.07348242811501597,0.032520325203252036,0.040962102911763935
p_3168,t3_2ytkfu,t1_cpcu8rh,t1_cpd1eku,0.07042253521126761,0.05333333333333334,0.017089201877934272
p_3169,t3_2ytkfu,t1_cpctmwq,t1_cpcxopb,0.036585365853658534,0.038461538461538464,-0.0018761726078799293
p_3170,t3_2yszp3,t1_cpcsn2z,t1_cpcuf7e,0.0371900826446281,0.0430622009569378,-0.0058721183123097015
p_3171,t3_2yrv0y,t1_cpcgnrg,t1_cpced64,0.08978328173374613,0.13523131672597866,-0.04544803499223253
p_3172,t3_2yrv0y,t1_cpcjpjf,t1_cpced64,0.125,0.13523131672597866,-0.010231316725978656
p_3174,t3_2yrv0y,t1_cpclzng,t1_cpced64,0.0995260663507109,0.13523131672597866,-0.035705250375267755
p_3173,t3_2yrv0y,t1_cpcjvrd,t1_cpcgmdh,0.09649122807017543,0.05454545454545454,0.04194577352472089
p_3175,t3_2yrog1,t1_cpcgl5a,t1_cpch611,0.1005586592178771,0.031818181818181815,0.06874047739969529
p_3177,t3_2yrgi3,t1_cpcaxrs,t1_cpcbda3,0.07094594594594594,0.13279132791327913,-0.06184538196733319
p_3178,t3_2yp08w,t1_cpblyoq,t1_cpbm3vx,0.06504065040650407,0.07194244604316546,-0.0069017956366613925
p_3179,t3_2yowak,t1_cpbktny,t1_cpbk5kw,0.08823529411764706,0.08860759493670886,-0.0003723008190617966
p_3181,t3_2yo9nm,t1_cpbgpkf,t1_cpbjpt4,0.07920792079207921,0.1314878892733564,-0.05227996848127718
p_3182,t3_2yo9k1,t1_cpbhs8l,t1_cpberxa,0.11969111969111969,0.13286713286713286,-0.013176013176013177
p_3184,t3_2ymgjr,t1_cpax7jo,t1_cpax3xp,0.09943181818181818,0.08797653958944282,0.011455278592375356
p_3186,t3_2ylpc2,t1_cparq20,t1_cpbnfyg,0.07194244604316546,0.12195121951219512,-0.050008773469029655
p_3187,t3_2ylpc2,t1_cpb3atq,t1_cpb6ctl,0.08024691358024691,0.09090909090909091,-0.010662177328844002
p_3188,t3_2ylpc2,t1_cpbibr5,t1_cpas8xx,0.06779661016949153,0.07758620689655173,-0.009789596727060201
p_3190,t3_2yjfmh,t1_cpa36dq,t1_cpa3an8,0.06521739130434782,0.05263157894736842,0.012585812356979406
p_3191,t3_2yiq39,t1_cpa9xce,t1_cpa631o,0.07194244604316546,0.06611570247933884,0.00582674356382662
p_3192,t3_2yf7qq,t1_cp99lvc,t1_cp93f2r,0.072,0.11347517730496454,-0.04147517730496454
p_3193,t3_2yd5o8,t1_cp8vpwz,t1_cp958ck,0.11559139784946236,0.1292517006802721,-0.013660302830809753
p_3195,t3_2ybbix,t1_cp82nwy,t1_cp82f52,0.16355140186915887,0.10526315789473684,0.05828824397442203
p_3197,t3_2y7emy,t1_cp7dtp8,t1_cp6zfsl,0.04516129032258064,0.05970149253731343,-0.01454020221473279
p_3198,t3_2y3ey0,t1_cp602x0,t1_cp5xnrf,0.13333333333333333,0.1,0.033333333333333326
p_3200,t3_2y2x3h,t1_cp7ahf4,t1_cp5u0ky,0.04743083003952569,0.14893617021276595,-0.10150534017324025
p_3202,t3_2y1qef,t1_cp5gz36,t1_cp5f7p9,0.09205020920502092,0.04564315352697095,0.04640705567804997
p_3203,t3_2y1qef,t1_cp5grqp,t1_cp5h19u,0.060109289617486336,0.1,-0.03989071038251367
p_3206,t3_2xucsd,t1_cp3kg1w,t1_cp40o0d,0.09876543209876543,0.04929577464788732,0.049469657450878106
p_3209,t3_2xrgw2,t1_cp37nug,t1_cp2vkvv,0.08333333333333333,0.0967741935483871,-0.013440860215053765
p_3210,t3_2xrgw2,t1_cp37f33,t1_cp2xn1u,0.07975460122699386,0.10869565217391304,-0.028941050946919178
p_3213,t3_2xmiyf,t1_cp1j8w5,t1_cp1iumq,0.07653061224489796,0.059880239520958084,0.016650372723939877
p_3214,t3_2xmiyf,t1_cp1jnin,t1_cp1g0ku,0.04081632653061224,0.1165644171779141,-0.07574809064730187
p_3215,t3_2xlisq,t1_cp1abkg,t1_cp1754z,0.07142857142857142,0.11666666666666667,-0.045238095238095244
p_3216,t3_2xl4rw,t1_cp15lwr,t1_cp11sf7,0.02512562814070352,0.05194805194805195,-0.026822423807348433
p_3218,t3_2xi4wd,t1_cp0ef5z,t1_cp0slmn,0.10179640718562874,0.08450704225352113,0.017289364932107615
p_3219,t3_2xi4wd,t1_cp0fl3c,t1_cp0bc52,0.15,0.13114754098360656,0.01885245901639343
p_3220,t3_2xi4wd,t1_cp0t5wj,t1_cp0kyaf,0.07096774193548387,0.18025751072961374,-0.10928976879412987
p_3222,t3_2xhx6v,t1_cp0bt5j,t1_cp08ljs,0.04424778761061947,0.12631578947368421,-0.08206800186306475
p_3224,t3_2xdq2l,t1_coz8sbl,t1_coz76r3,0.08163265306122448,0.03636363636363636,0.04526901669758812
p_3230,t3_2x8z4g,t1_coxy4hg,t1_coxyxff,0.09090909090909091,0.06611570247933884,0.024793388429752067
p_3231,t3_2x8z4g,t1_coy04h5,t1_coy2j1k,0.08771929824561403,0.12658227848101267,-0.038862980235398636
p_3232,t3_2x8d5x,t1_coxvk7s,t1_coxt9pp,0.05309734513274336,0.22857142857142856,-0.1754740834386852
p_3233,t3_2x854p,t1_coxwtm2,t1_coy1knj,0.08493150684931507,0.12980769230769232,-0.04487618545837725
p_3234,t3_2x854p,t1_coxtndh,t1_coy1knj,0.04780876494023904,0.12980769230769232,-0.08199892736745328
p_3235,t3_2x5tun,t1_coxelmy,t1_coxhqfc,0.08163265306122448,0.4011299435028249,-0.3194972904416004
p_3241,t3_2x3mqe,t1_cown511,t1_cox3bqe,0.09210526315789473,0.08860759493670886,0.0034976682211858706
p_3244,t3_2wzag2,t1_covh1ws,t1_covh7lg,0.09523809523809523,0.05343511450381679,0.04180298073427844
p_3245,t3_2wwm6s,t1_cousnad,t1_couzrzu,0.07142857142857142,0.08196721311475409,-0.010538641686182668
p_3246,t3_2wwm6s,t1_cov25ri,t1_couwhek,0.05581395348837209,0.08196721311475409,-0.026153259626382
p_3247,t3_2wwm6s,t1_covr47l,t1_covi6v6,0.04851752021563342,0.05526315789473684,-0.006745637679103418
p_3248,t3_2ww2gf,t1_coumecu,t1_coupssh,0.10975609756097561,0.12376237623762376,-0.014006278676648151
p_3249,t3_2ww2gf,t1_coumzr3,t1_coun5bz,0.09219858156028368,0.11304347826086956,-0.020844896700585883
p_3250,t3_2ww2gf,t1_coupfz0,t1_counjd7,0.11176470588235295,0.08148148148148149,0.03028322440087146
p_3252,t3_2wtckq,t1_cotyhdv,t1_cotxl7k,0.08695652173913043,0.125,-0.03804347826086957
p_3253,t3_2wtckq,t1_coty9wt,t1_cotxl7k,0.0851063829787234,0.125,-0.0398936170212766
p_3251,t3_2wtckq,t1_coty7wj,t1_cotxl7k,0.02564102564102564,0.125,-0.09935897435897437
p_3256,t3_2wspy2,t1_cots6nh,t1_cotul63,0.0967741935483871,0.041176470588235294,0.0555977229601518
p_3257,t3_2wspy2,t1_cotrm84,t1_cou6ocd,0.04145077720207254,0.0425531914893617,-0.0011024142872891607
p_3258,t3_2wspy2,t1_cotslxs,t1_cotul63,0.04081632653061224,0.041176470588235294,-0.0003601440576230519
p_3259,t3_2wspy2,t1_cou8if8,t1_cottxbc,0.0625,0.03296703296703297,0.029532967032967032
p_3262,t3_2wl741,t1_cos0ngi,t1_corvz2b,0.043795620437956206,0.06306306306306306,-0.01926744262510685
p_3263,t3_2wj2qe,t1_corgf7j,t1_corcu44,0.05016722408026756,0.1043956043956044,-0.05422838031533684
p_3265,t3_2wgq7w,t1_coqolb4,t1_coqta6c,0.07207207207207207,0.041353383458646614,0.030718688613425457
p_3266,t3_2wfe25,t1_coqawpy,t1_coqc7s9,0.065,0.05442176870748299,0.010578231292517011
p_3267,t3_2wf11t,t1_coq7vrq,t1_coq82am,0.023809523809523808,0.034482758620689655,-0.010673234811165846
p_3268,t3_2wf11t,t1_corlylz,t1_coq82am,0.019230769230769232,0.034482758620689655,-0.015251989389920423
p_3270,t3_2wcx6l,t1_copog5z,t1_copo9fg,0.06329113924050633,0.07083333333333333,-0.007542194092826998
p_3271,t3_2wcx6l,t1_copowc4,t1_copoa4v,0.09740259740259741,0.09811320754716982,-0.00071061014457241
p_3272,t3_2wcx6l,t1_copq0ro,t1_copo9fg,0.11538461538461539,0.07083333333333333,0.04455128205128206
p_3273,t3_2wc5yt,t1_copid03,t1_copia1s,0.10256410256410256,0.07971014492753623,0.022853957636566335
p_3274,t3_2wb845,t1_copm7s7,t1_copoz9h,0.0718232044198895,0.08290155440414508,-0.011078349984255581
p_3275,t3_2w73vi,t1_coo9czm,t1_coo5eto,0.06770833333333333,0.10344827586206896,-0.035739942528735635
p_3276,t3_2w5ycw,t1_conwntb,t1_coo1wjv,0.07100591715976332,0.046296296296296294,0.02470962086346702
p_3279,t3_2w51ti,t1_conqpc0,t1_conu1n5,0.08695652173913043,0.10982658959537572,-0.02287006785624529
p_3282,t3_2w4u2j,t1_conpvd6,t1_coo2owl,0.07368421052631578,0.08333333333333333,-0.009649122807017546
p_3283,t3_2w4etw,t1_conlvbr,t1_conk598,0.06878306878306878,0.09569377990430622,-0.02691071112123744
p_3284,t3_2w4e2u,t1_conpgz6,t1_conybza,0.0728862973760933,0.13333333333333333,-0.06044703595724003
p_3285,t3_2w0xan,t1_comot8c,t1_comm43e,0.038461538461538464,0.07339449541284404,-0.03493295695130558
p_3287,t3_2vzx7m,t1_comdev9,t1_comd7eb,0.16165413533834586,0.10426540284360189,0.057388732494743966
p_3288,t3_2vxtol,t1_colviyq,t1_com0vy0,0.09219858156028368,0.0875,0.004698581560283688
p_3289,t3_2vxd18,t1_com8usv,t1_colq917,0.06315789473684211,0.05982905982905983,0.0033288349077822757
p_3290,t3_2vxd18,t1_colwsdb,t1_colrkuv,0.04678362573099415,0.09352517985611511,-0.04674155412512096
p_3291,t3_2vwn9m,t1_colkgfu,t1_coljf0b,0.08465608465608465,0.06993006993006994,0.014726014726014716
p_3295,t3_2vtswv,t1_cokxnxq,t1_cokvvwj,0.07,0.0449438202247191,0.025056179775280907
p_3299,t3_2vnyz6,t1_cojodl0,t1_cojlnsv,0.07894736842105263,0.09243697478991597,-0.013489606368863344
p_3300,t3_2vmfvq,t1_coj80q1,t1_coj81nh,0.014925373134328358,0.06976744186046512,-0.054842068726136756
p_3301,t3_2vks7u,t1_coilce0,t1_coijwtu,0.05,0.03125,0.018750000000000003
p_3303,t3_2vks7u,t1_coitx3o,t1_coin5gm,0.05853658536585366,0.09027777777777778,-0.031741192411924114
p_3304,t3_2vks7u,t1_cojb022,t1_coiskjc,0.05333333333333334,0.08035714285714286,-0.027023809523809526
p_3305,t3_2vhhar,t1_cohoh2a,t1_cohtbiq,0.06224066390041494,0.08482142857142858,-0.022580764671013637
p_3307,t3_2vhgab,t1_cohtk17,t1_cohodzj,0.07222222222222222,0.050955414012738856,0.02126680820948336
p_3308,t3_2vgfjl,t1_cohjcql,t1_cohe4zu,0.03305785123966942,0.1016949152542373,-0.06863706401456787
p_3309,t3_2vfdjb,t1_coh87xk,t1_coihv1q,0.0547945205479452,0.08450704225352113,-0.029712521705575923
p_3310,t3_2vcz0j,t1_cogkf1c,t1_cogkxsx,0.11280487804878049,0.11695906432748537,-0.004154186278704883
p_3311,t3_2vc9nj,t1_cogd61z,t1_cogex21,0.08661417322834646,0.03636363636363636,0.050250536864710094
p_3312,t3_2vb7n1,t1_cog7zan,t1_cojqi77,0.046511627906976744,0.055793991416309016,-0.009282363509332273
p_3313,t3_2vayhb,t1_cog0004,t1_cog18c4,0.10714285714285714,0.07857142857142857,0.028571428571428567
p_3317,t3_2v54ba,t1_coeixh4,t1_coemcyd,0.061224489795918366,0.0847457627118644,-0.023521272915946037
p_3320,t3_2v54ba,t1_coeiwgf,t1_coeno30,0.056818181818181816,0.06593406593406594,-0.00911588411588412
p_3321,t3_2v4vs4,t1_coeisbz,t1_coenx4c,0.041666666666666664,0.0815450643776824,-0.039878397711015735
p_3322,t3_2v3dbt,t1_coeuya9,t1_coe54na,0.125,0.17721518987341772,-0.05221518987341772
p_3323,t3_2v3b2v,t1_coe2hj4,t1_coe3kad,0.08333333333333333,0.08771929824561403,-0.0043859649122807015
p_3324,t3_2v3b2v,t1_coe3dx6,t1_coe41ib,0.04680851063829787,0.09375,-0.04694148936170213
p_3326,t3_2uzgtq,t1_coda73s,t1_codi9w9,0.047619047619047616,0.04878048780487805,-0.001161440185830434
p_3327,t3_2uyf2j,t1_cocy4sv,t1_cocts31,0.06428571428571428,0.04580152671755725,0.018484187568157028
p_3328,t3_2uyc2l,t1_codgr1k,t1_cod6jiu,0.12,0.08478260869565217,0.035217391304347825
p_3330,t3_2uudze,t1_cobt14z,t1_cobzyv2,0.06547619047619048,0.11707317073170732,-0.051596980255516844
p_3331,t3_2utwnf,t1_cobnk6q,t1_cobujy3,0.02564102564102564,0.06432748538011696,-0.038686459739091315
p_3335,t3_2uocbs,t1_coa6e3k,t1_coa6g1k,0.08235294117647059,0.06153846153846154,0.020814479638009045
p_3339,t3_2unn7n,t1_coa4d4b,t1_co9zgj7,0.04976303317535545,0.028350515463917526,0.021412517711437925
p_3341,t3_2unkg9,t1_co9z0gg,t1_coa3lkt,0.04477611940298507,0.05722070844686648,-0.012444589043881411
p_3342,t3_2unkg9,t1_coadcvv,t1_coaqczi,0.05555555555555555,0.05621301775147929,-0.0006574621959237401
p_3343,t3_2unhtm,t1_coaivyc,t1_coajh6t,0.1095890410958904,0.08518518518518518,0.02440385591070522
p_3344,t3_2umw9b,t1_co9t3iu,t1_co9sw89,0.0962962962962963,0.10559006211180125,-0.00929376581550495
p_3345,t3_2umw9b,t1_coa4zj9,t1_co9sudq,0.04132231404958678,0.109375,-0.06805268595041322
p_3346,t3_2ul1df,t1_co9kcnl,t1_co9c0rj,0.09615384615384616,0.13333333333333333,-0.03717948717948717
p_3347,t3_2uk6fx,t1_co94y3l,t1_co9o182,0.08823529411764706,0.042735042735042736,0.04550025138260433
p_3348,t3_2uk6fx,t1_co9423q,t1_co98hm4,0.06666666666666667,0.07207207207207207,-0.005405405405405406
p_3349,t3_2ujo2u,t1_co9an3h,t1_co98y0r,0.06766917293233082,0.05056179775280899,0.017107375179521836
p_3352,t3_2uj4yv,t1_co9ncgk,t1_co8y43y,0.06182795698924731,0.0529595015576324,0.008868455431614915
p_3353,t3_2uiin1,t1_co8sei3,t1_co8ond6,0.10752688172043011,0.16049382716049382,-0.05296694544006371
p_3354,t3_2uid44,t1_co8o0es,t1_co8s8kd,0.07017543859649122,0.024096385542168676,0.04607905305432255
p_3358,t3_2ug2wi,t1_co82vuw,t1_co834w1,0.09302325581395349,0.08235294117647059,0.0106703146374829
p_3360,t3_2ucr50,t1_co7790p,t1_co77bgv,0.1297709923664122,0.11458333333333333,0.015187659033078879
p_3362,t3_2ubt5m,t1_co75rce,t1_co70e85,0.05172413793103448,0.056910569105691054,-0.005186431174656572
p_3363,t3_2ubl1z,t1_co6xfgb,t1_co70me4,0.08064516129032258,0.06923076923076923,0.011414392059553344
p_3364,t3_2ubbe0,t1_co73l5g,t1_co6tosu,0.12962962962962962,0.09859154929577464,0.03103808033385498
p_3367,t3_2u8qcj,t1_co67jc2,t1_co670vd,0.05714285714285714,0.07741935483870968,-0.02027649769585254
p_3368,t3_2u8hi5,t1_co65nrh,t1_co69ood,0.07453416149068323,0.09025270758122744,-0.01571854609054421
p_3369,t3_2u7z7v,t1_co5yytr,t1_co63mr3,0.04046242774566474,0.05263157894736842,-0.012169151201703678
p_3371,t3_2u7i4q,t1_co62evd,t1_co5xcqu,0.06643356643356643,0.10714285714285714,-0.040709290709290705
p_3374,t3_2u460b,t1_co4yacj,t1_co5wbvc,0.10869565217391304,0.1,0.008695652173913035
p_3376,t3_2u2fpm,t1_co4ivor,t1_co4n7du,0.05,0.03289473684210526,0.01710526315789474
p_3377,t3_2u2fpm,t1_co4qgkz,t1_co4iks0,0.06315789473684211,0.05319148936170213,0.00996640537513998
p_3378,t3_2u1s4k,t1_co4efyx,t1_co5t3kb,0.0,0.0136986301369863,-0.0136986301369863
p_3379,t3_2tz5od,t1_co3mhs2,t1_co3mqwu,0.0759493670886076,0.07792207792207792,-0.001972710833470323
p_3381,t3_2txwe7,t1_co3hzuu,t1_co3b93t,0.07575757575757576,0.1794871794871795,-0.10372960372960373
p_3384,t3_2tquws,t1_co1i3vy,t1_co1iyez,0.07428571428571429,0.06134969325153374,0.012936021034180546
p_3385,t3_2tpl0x,t1_co1i4k5,t1_co16br0,0.11299435028248588,0.10139860139860139,0.011595748883884482
p_3387,t3_2tn8qu,t1_co0jf5s,t1_co11da9,0.10344827586206896,0.09607843137254903,0.007369844489519939
p_3389,t3_2tlyzs,t1_co0mpip,t1_co0gu67,0.06232294617563739,0.09264305177111716,-0.03032010559547977
p_3388,t3_2tlyzs,t1_co15kpv,t1_co0httm,0.18157181571815717,0.1,0.08157181571815716
p_3390,t3_2tj4pv,t1_cnzy3ou,t1_cnzjggb,0.10365853658536585,0.041379310344827586,0.06227922624053826
p_3391,t3_2tiipu,t1_cnzc4fs,t1_cnzca9l,0.056962025316455694,0.1044776119402985,-0.04751558662384281
p_3392,t3_2tf0y4,t1_cnz5c7v,t1_cnz2826,0.05612244897959184,0.07734806629834254,-0.0212256173187507
p_3393,t3_2teulf,t1_cnyf7vq,t1_cnyyfu0,0.08597285067873303,0.055944055944055944,0.030028794734677088
p_3394,t3_2tet25,t1_cnye2j4,t1_cnydh7a,0.10204081632653061,0.09606986899563319,0.005970947330897425
p_3395,t3_2tet25,t1_cnyfwsr,t1_cnygkjb,0.10181818181818182,0.13377926421404682,-0.031961082395864995
p_3397,t3_2tekkp,t1_cnyd3k9,t1_cnzrdgm,0.07222222222222222,0.0875,-0.015277777777777779
p_3398,t3_2td8d4,t1_cny8efd,t1_cny3yi2,0.049689440993788817,0.07272727272727272,-0.023037831733483907
p_3399,t3_2tct9j,t1_cny4adc,t1_cnxvd59,0.09655172413793103,0.09444444444444444,0.002107279693486591
p_3400,t3_2tct9j,t1_cny4b3k,t1_cnxvd59,0.054187192118226604,0.09444444444444444,-0.04025725232621784
p_3402,t3_2t6ote,t1_cnw8hwh,t1_cnwnwz0,0.08189655172413793,0.0898876404494382,-0.007991088725300272
p_3403,t3_2t6ote,t1_cnwehlh,t1_cnw9vyp,0.07109004739336493,0.06965174129353234,0.001438306099832587
p_3404,t3_2t5d0k,t1_cnw2fgz,t1_cnw6d8q,0.09841269841269841,0.07142857142857142,0.026984126984126985
p_3405,t3_2t5d0k,t1_cnw7mj4,t1_cnw9ce5,0.058365758754863814,0.04979253112033195,0.008573227634531867
p_3406,t3_2t26nx,t1_cnv8j11,t1_cnvag08,0.19444444444444445,0.11904761904761904,0.0753968253968254
p_3407,t3_2sy7r5,t1_cnu0c1p,t1_cnubeuy,0.03664921465968586,0.05405405405405406,-0.017404839394368196
p_3409,t3_2su8e2,t1_cnsz4kn,t1_cnsx5ru,0.08305647840531562,0.10309278350515463,-0.020036305099839016
p_3411,t3_2su8e2,t1_cnt1y8t,t1_cntdr6s,0.10666666666666667,0.09342560553633218,0.013241061130334492
p_3412,t3_2su8e2,t1_cnt845z,t1_cnt8tg7,0.10411622276029056,0.1196808510638298,-0.015564628303539232
p_3413,t3_2su8e2,t1_cnsxgsn,t1_cntprhw,0.09933774834437085,0.06779661016949153,0.03154113817487933
p_3414,t3_2su8e2,t1_cnsxse0,t1_cnsz1rt,0.12578616352201258,0.06687898089171974,0.058907182630292834
p_3415,t3_2su8e2,t1_cnunryh,t1_cnsyy4i,0.0658682634730539,0.08333333333333333,-0.01746506986027943
p_3416,t3_2su8e2,t1_cnt3umh,t1_cnsyin0,0.06872852233676977,0.044444444444444446,0.02428407789232532
p_3417,t3_2su8e2,t1_cnte5ku,t1_cnt3fdn,0.05921052631578947,0.05067567567567568,0.008534850640113792
p_3419,t3_2su8e2,t1_cntbdmc,t1_cnsyin0,0.06734006734006734,0.044444444444444446,0.022895622895622893
p_3421,t3_2su8e2,t1_cnt9axw,t1_cnt2iz3,0.11527377521613832,0.040293040293040296,0.07498073492309804
p_3422,t3_2su8e2,t1_cnt85u7,t1_cntf8xd,0.054313099041533544,0.07342657342657342,-0.01911347438503988
p_3423,t3_2su8e2,t1_cntdvgn,t1_cnsyin0,0.05704697986577181,0.044444444444444446,0.012602535421327367
p_3424,t3_2su8e2,t1_cnt1ycn,t1_cnt2h0f,0.08950617283950617,0.08227848101265822,0.007227691826847946
p_3425,t3_2su8e2,t1_cnt4b86,t1_cnsyin0,0.055970149253731345,0.044444444444444446,0.011525704809286899
p_3426,t3_2su6pz,t1_cnsuxnr,t1_cntesru,0.08433734939759036,0.024096385542168676,0.06024096385542168
p_3427,t3_2su6pz,t1_cnsv16y,t1_cnt8h1t,0.04081632653061224,0.07042253521126761,-0.029606208680655367
p_3428,t3_2stah2,t1_cnsnfp3,t1_cnso055,0.10743801652892562,0.136,-0.028561983471074387
p_3429,t3_2sqh6c,t1_cnsh391,t1_cns23nc,0.0688836104513064,0.07556675062972293,-0.006683140178416522
p_3432,t3_2sjck6,t1_cnq11eh,t1_cnq7kou,0.13553113553113552,0.11693548387096774,0.018595651660167786
p_3433,t3_2siye9,t1_cnpvesh,t1_cnpw7ts,0.08433734939759036,0.1111111111111111,-0.02677376171352075
p_3435,t3_2sf2we,t1_cnp48f2,t1_cnp29jv,0.08050847457627118,0.09411764705882353,-0.013609172482552348
p_3437,t3_2sbnxo,t1_cno05ek,t1_cnnz3ot,0.09523809523809523,0.06593406593406594,0.029304029304029297
p_3438,t3_2sagug,t1_cnnmwvw,t1_cno8oxd,0.023809523809523808,0.060240963855421686,-0.03643144004589788
p_3439,t3_2s8qu4,t1_cnn8scl,t1_cnn8yko,0.061855670103092786,0.028368794326241134,0.03348687577685165
p_3441,t3_2s3ey4,t1_cnlta5w,t1_cnn50va,0.12121212121212122,0.034482758620689655,0.08672936259143156
p_3442,t3_2s38n0,t1_cnltsuz,t1_cnm8elm,0.056179775280898875,0.032467532467532464,0.02371224281336641
p_3443,t3_2s311o,t1_cnlr4r5,t1_cnlpavt,0.06535947712418301,0.07692307692307693,-0.011563599798893917
p_3445,t3_2s0mca,t1_cnlmsyb,t1_cnl4rwb,0.08778625954198473,0.09558823529411764,-0.007801975752132914
p_3446,t3_2s04yv,t1_cnl68x9,t1_cnldfng,0.06593406593406594,0.09523809523809523,-0.029304029304029297
p_3447,t3_2ryflh,t1_cnknvgl,t1_cnknbq4,0.10784313725490197,0.08870967741935484,0.019133459835547123
p_3449,t3_2rtxcw,t1_cnjo1jr,t1_cnj9t8c,0.08064516129032258,0.06349206349206349,0.01715309779825909
p_3450,t3_2rtxcw,t1_cnjlno1,t1_cnj9t8c,0.0425531914893617,0.06349206349206349,-0.020938872002701787
p_3451,t3_2rspje,t1_cnizgmn,t1_cnj8tea,0.0375,0.10880829015544041,-0.07130829015544041
p_3452,t3_2rsgv3,t1_cniw4jr,t1_cniu655,0.05747126436781609,0.03409090909090909,0.023380355276907003
p_3454,t3_2rs57a,t1_cnjiwww,t1_cnjrwds,0.11864406779661017,0.06040268456375839,0.05824138323285178
p_3455,t3_2rqvf8,t1_cnii75i,t1_cnijhp3,0.07692307692307693,0.038461538461538464,0.038461538461538464
p_3457,t3_3j8yfq,t1_cundk5r,t1_cunbl8g,0.21691176470588236,0.09269662921348315,0.12421513549239921
p_3458,t3_3j8yfq,t1_cunbkbz,t1_cuncrke,0.06312292358803986,0.12202380952380952,-0.058900885935769656
p_3461,t3_3j5b7g,t1_cumhf65,t1_cumi9vr,0.08665105386416862,0.07049608355091384,0.016154970313254774
p_3462,t3_3j4xz5,t1_cumcunp,t1_cun4urq,0.06134969325153374,0.09411764705882353,-0.032767953807289786
p_3463,t3_3j4xz5,t1_cumbp9z,t1_cun012v,0.09219858156028368,0.03870967741935484,0.05348890414092884
p_3465,t3_3j348p,t1_culv71v,t1_cum06j5,0.03164556962025317,0.0891089108910891,-0.05746334127083594
p_3466,t3_3j2zal,t1_cult31h,t1_culspcu,0.10948905109489052,0.09302325581395349,0.01646579528093703
p_3469,t3_3izsdq,t1_culv1a1,t1_cul3ok3,0.09615384615384616,0.075,0.021153846153846162
p_3472,t3_3iz617,t1_cul2p8q,t1_culbyou,0.07142857142857142,0.14107883817427386,-0.06965026674570243
p_3473,t3_3iynfo,t1_culekhe,t1_cul3cub,0.04703476482617587,0.06951871657754011,-0.022483951751364237
p_3474,t3_3iymmk,t1_cukv841,t1_cukv8bl,0.05855855855855856,0.10682492581602374,-0.04826636725746518
p_3475,t3_3iymd6,t1_cukus68,t1_cuktt0z,0.1038961038961039,0.1,0.0038961038961038974
p_3476,t3_3iymd6,t1_cukvhtm,t1_cuktt0z,0.11261261261261261,0.1,0.012612612612612609
p_3479,t3_3ixtu4,t1_cukm93p,t1_cuklqh9,0.052941176470588235,0.08270676691729323,-0.029765590446704994
p_3480,t3_3ixtu4,t1_cukmf21,t1_cukm0pr,0.043478260869565216,0.07692307692307693,-0.03344481605351171
p_3483,t3_3isviu,t1_cujohec,t1_cujcyeh,0.057803468208092484,0.05555555555555555,0.002247912652536932
p_3484,t3_3isviu,t1_cujddsn,t1_cujfb9o,0.05740181268882175,0.0963855421686747,-0.03898372947985295
p_3485,t3_3irqrk,t1_cuk3web,t1_cuje0x7,0.1111111111111111,0.06642066420664207,0.044690446904469036
p_3486,t3_3irqrk,t1_cujfvvz,t1_cujmo9h,0.07168458781362007,0.05673758865248227,0.0149469991611378
p_3487,t3_3irh3k,t1_cuj0bdo,t1_cuizlek,0.1419753086419753,0.14150943396226415,0.0004658746797111535
p_3488,t3_3iqu4d,t1_cuj1ozx,t1_cuiwucd,0.1271186440677966,0.07432432432432433,0.052794319743472276
p_3489,t3_3iqty5,t1_cuj86a7,t1_cuj36j4,0.09871244635193133,0.04807692307692308,0.05063552327500825
p_3490,t3_3iq6j0,t1_cuiy6h8,t1_cuj2qp1,0.04522613065326633,0.12012012012012012,-0.07489398946685379
p_3491,t3_3inybw,t1_cui3v06,t1_cuicq4r,0.0875,0.0658682634730539,0.021631736526946096
p_3492,t3_3injsb,t1_cui5ld0,t1_cui565b,0.07272727272727272,0.09090909090909091,-0.018181818181818188
p_3495,t3_3ijsss,t1_cuh6kys,t1_cuhg7b8,0.04040404040404041,0.06521739130434782,-0.024813350900307417
p_3496,t3_3ijsss,t1_cuh4arm,t1_cuhg7b8,0.09230769230769231,0.06521739130434782,0.02709030100334449
p_3500,t3_3iammm,t1_cues26b,t1_cueuwm5,0.04225352112676056,0.06358381502890173,-0.021330293902141167
p_3501,t3_3iammm,t1_cuete5w,t1_cuerzgs,0.050505050505050504,0.057971014492753624,-0.00746596398770312
p_3502,t3_3iammm,t1_cuew3c0,t1_cueu3av,0.030612244897959183,0.03571428571428571,-0.005102040816326529
p_3503,t3_3i9n2q,t1_cueircr,t1_cuenxor,0.08411214953271028,0.10869565217391304,-0.024583502641202765
p_3504,t3_3i9n2q,t1_cufiuhn,t1_cueyyfo,0.12275449101796407,0.1776061776061776,-0.054851686588213544
p_3505,t3_3i8nmh,t1_cue9cr1,t1_cuea24l,0.09803921568627451,0.13793103448275862,-0.03989181879648411
p_3507,t3_3i8834,t1_cue4ikv,t1_cue5fsj,0.02531645569620253,0.056074766355140186,-0.030758310658937655
p_3508,t3_3i8834,t1_cue7on2,t1_cue83jy,0.05128205128205128,0.04225352112676056,0.009028530155290718
p_3513,t3_3i7k0u,t1_cue07hc,t1_cudypb4,0.06770833333333333,0.2158273381294964,-0.14811900479616308
p_3511,t3_3i7k0u,t1_cue31x0,t1_cue1sot,0.10344827586206896,0.12790697674418605,-0.024458700882117088
p_3512,t3_3i7k0u,t1_cue0k0p,t1_cue5g6f,0.07407407407407407,0.07471264367816093,-0.0006385696040868555
p_3514,t3_3i7k0u,t1_cuee0d9,t1_cudzumt,0.06796116504854369,0.08888888888888889,-0.020927723840345205
p_3516,t3_3i74qy,t1_cudw08r,t1_cudux0k,0.0945945945945946,0.12244897959183673,-0.027854384997242132
p_3517,t3_3i5x6k,t1_cudnqtj,t1_cue4n29,0.0989399293286219,0.07881773399014778,0.02012219533847412
p_3519,t3_3i5a78,t1_cudjp1z,t1_cudst66,0.07894736842105263,0.07865168539325842,0.0002956830277942024
p_3521,t3_3i3wn7,t1_cud76ln,t1_cud3r2z,0.0457516339869281,0.07303370786516854,-0.027282073878240436
p_3523,t3_3i3vx9,t1_cud2a4g,t1_cud2qth,0.041666666666666664,0.1320754716981132,-0.09040880503144655
p_3522,t3_3i3vx9,t1_cud5nsy,t1_cud2qth,0.1111111111111111,0.1320754716981132,-0.0209643605870021
p_3524,t3_3i2plj,t1_cucv4aa,t1_cucxjt7,0.10837438423645321,0.08125,0.027124384236453206
p_3525,t3_3i2plj,t1_cucthi0,t1_cuctx89,0.032467532467532464,0.0718232044198895,-0.039355671952357035
p_3526,t3_3i283w,t1_cud0fa0,t1_cucolyj,0.13592233009708737,0.06111111111111111,0.07481121898597626
p_3527,t3_3i0b0w,t1_cuchpgk,t1_cuc59ef,0.10344827586206896,0.1326530612244898,-0.02920478536242084
p_3530,t3_3hsvl2,t1_cuad8r8,t1_cuaqsqb,0.04792332268370607,0.03937007874015748,0.008553243943548589
p_3531,t3_3hrivr,t1_cua0vt2,t1_cu9xxve,0.17142857142857143,0.14516129032258066,0.026267281105990775
p_3534,t3_3hpq7g,t1_cu9josn,t1_cu9k41i,0.06484641638225255,0.05803571428571429,0.006810702096538265
p_3535,t3_3hpq7g,t1_cu9kipp,t1_cu9x1z9,0.0653061224489796,0.07954545454545454,-0.014239332096474946
p_3536,t3_3hosv2,t1_cu9at72,t1_cu9cml6,0.05263157894736842,0.07142857142857142,-0.018796992481203006
p_3537,t3_3hoq7p,t1_cu9k2tb,t1_cu9atrb,0.11550151975683891,0.08088235294117647,0.03461916681566243
p_3538,t3_3hmpv3,t1_cu8qdp9,t1_cu8pb7k,0.13664596273291926,0.11290322580645161,0.023742736926467653
p_3539,t3_3hkh5j,t1_cu8ovlu,t1_cu8ovof,0.07246376811594203,0.11564625850340136,-0.04318249038745933
p_3541,t3_3hh46c,t1_cu7c27f,t1_cu7c1z2,0.1111111111111111,0.13733905579399142,-0.02622794468288031
p_3543,t3_3hgl6d,t1_cu7ehx8,t1_cu79azc,0.11009174311926606,0.07017543859649122,0.03991630452277484
p_3542,t3_3hgl6d,t1_cu7d0px,t1_cu7azy6,0.042328042328042326,0.0707070707070707,-0.02837902837902838
p_3544,t3_3hg6gk,t1_cu72vgj,t1_cu7213o,0.1,0.0918918918918919,0.008108108108108109
p_3546,t3_3hfjxc,t1_cu6z830,t1_cu71g18,0.10891089108910891,0.078125,0.03078589108910891
p_3547,t3_3hfioz,t1_cuc0fou,t1_cu7ifcw,0.07380073800738007,0.09041095890410959,-0.01661022089672952
p_3548,t3_3hel60,t1_cu6qm9g,t1_cu6prd9,0.09523809523809523,0.03333333333333333,0.0619047619047619
p_3552,t3_3hdp4a,t1_cu6jlng,t1_cu6jn61,0.06666666666666667,0.06956521739130435,-0.002898550724637683
p_3555,t3_3hcpmz,t1_cu6c4si,t1_cu6f8lz,0.12903225806451613,0.11694510739856802,0.012087150665948107
p_3556,t3_3hcfg2,t1_cu65tgy,t1_cu65kqn,0.05,0.08333333333333333,-0.033333333333333326
p_3557,t3_3hcfg2,t1_cu65sqs,t1_cu65hi9,0.07291666666666667,0.09900990099009901,-0.026093234323432343
p_3558,t3_3hcfg2,t1_cu68tq4,t1_cu65vdo,0.024691358024691357,0.09473684210526316,-0.0700454840805718
p_3560,t3_3h8y7m,t1_cu5ao33,t1_cu5bjz7,0.06756756756756757,0.05154639175257732,0.016021175814990254
p_3563,t3_3h69kp,t1_cu5o71n,t1_cu4mp4v,0.04878048780487805,0.014925373134328358,0.03385511467054969
p_3566,t3_3h1dud,t1_cu3e462,t1_cu3dhym,0.07476635514018691,0.03571428571428571,0.0390520694259012
p_3568,t3_3h13pq,t1_cu3c98a,t1_cu3bnnc,0.06115107913669065,0.08771929824561403,-0.02656821910892338
p_3569,t3_3h0s9a,t1_cu3bh3m,t1_cu383tr,0.06349206349206349,0.08461538461538462,-0.02112332112332113
p_3570,t3_3gz2bd,t1_cu2qwnu,t1_cu2zo0y,0.04794520547945205,0.0736196319018405,-0.025674426422388444
p_3571,t3_3gys03,t1_cu2q2lr,t1_cu2pmm6,0.0921409214092141,0.09859154929577464,-0.006450627886560548
p_3572,t3_3gw6np,t1_cu252mj,t1_cu20nky,0.07920792079207921,0.058823529411764705,0.020384391380314504
p_3576,t3_3gri3k,t1_cu0uiw1,t1_cu0sztg,0.10033444816053512,0.05803571428571429,0.04229873387482083
p_3577,t3_3gri3k,t1_cu0urd0,t1_cu0vpsk,0.08985507246376812,0.07531380753138076,0.01454126493238736
p_3583,t3_3gp6g1,t1_cu0aq54,t1_cu08mnw,0.07916666666666666,0.0782122905027933,0.0009543761638733661
p_3582,t3_3gp6g1,t1_cu09x63,t1_cu08mnw,0.09359605911330049,0.0782122905027933,0.015383768610507192
p_3585,t3_3gnc86,t1_ctzot2x,t1_ctzq8hf,0.06015037593984962,0.1125,-0.05234962406015038
p_3586,t3_3gincm,t1_ctyigsj,t1_ctyhn4v,0.07834101382488479,0.0967741935483871,-0.018433179723502308
p_3587,t3_3gincm,t1_ctyhn4x,t1_ctyinar,0.050505050505050504,0.05660377358490566,-0.0060987230798551575
p_3589,t3_3ghl3t,t1_cty7tlm,t1_cty6dyx,0.043010752688172046,0.06315789473684211,-0.02014714204867006
p_3590,t3_3ghl3t,t1_cty9isx,t1_cty8sv7,0.08029197080291971,0.19540229885057472,-0.11511032804765502
p_3592,t3_3ggp32,t1_cty0r06,t1_cty0aec,0.1174785100286533,0.10071942446043165,0.016759085568221643
p_3593,t3_3ggp32,t1_cty35gw,t1_cty0aec,0.08996539792387544,0.10071942446043165,-0.010754026536556216
p_3595,t3_3gec73,t1_ctxli3x,t1_ctxhga8,0.0457516339869281,0.05357142857142857,-0.007819794584500467
p_3596,t3_3ge5mc,t1_ctxb1ki,t1_ctxeqe8,0.04716981132075472,0.04819277108433735,-0.0010229597635826315
p_3598,t3_3gdtg4,t1_ctylxuf,t1_ctxaqee,0.06772908366533864,0.09941520467836257,-0.03168612101302393
p_3599,t3_3gdndp,t1_ctx5qis,t1_ctx98zl,0.0641025641025641,0.07582938388625593,-0.011726819783691833
p_3600,t3_3gdish,t1_ctx6te9,t1_ctx7vni,0.16923076923076924,0.07142857142857142,0.09780219780219782
p_3601,t3_3gdibt,t1_ctx56mf,t1_ctx4od4,0.04716981132075472,0.07913669064748201,-0.03196687932672729
p_3602,t3_3gcrbs,t1_ctx0d41,t1_ctx24yu,0.05785123966942149,0.056074766355140186,0.001776473314281303
p_3604,t3_3gbhud,t1_ctwlw6q,t1_ctwmyam,0.09859154929577464,0.11842105263157894,-0.0198295033358043
p_3605,t3_3gbhud,t1_ctwlm4k,t1_ctwv3j1,0.04854368932038835,0.07142857142857142,-0.022884882108183076
p_3606,t3_3gbhud,t1_ctwml50,t1_ctwlr8k,0.08666666666666667,0.10989010989010989,-0.02322344322344322
p_3607,t3_3gbhud,t1_ctwlqf1,t1_ctwlr8k,0.09523809523809523,0.10989010989010989,-0.014652014652014655
p_3608,t3_3gb6h1,t1_ctwso7w,t1_ctwnm4g,0.07308970099667775,0.11209964412811388,-0.03900994313143613
p_3609,t3_3gb461,t1_ctwjnpu,t1_ctwkc6d,0.03225806451612903,0.04081632653061224,-0.00855826201448321
p_3610,t3_3ga6xh,t1_ctwcf34,t1_ctw9u8c,0.047872340425531915,0.13970588235294118,-0.09183354192740927
p_3612,t3_3ga0yc,t1_ctwa3zr,t1_ctw8bfs,0.045454545454545456,0.07035175879396985,-0.024897213339424393
p_3613,t3_3ga0yc,t1_ctwc8h0,t1_ctw824i,0.0625,0.052083333333333336,0.010416666666666664
p_3614,t3_3ga0yc,t1_ctwe0ok,t1_ctw8bfs,0.06842105263157895,0.07035175879396985,-0.0019307061623908967
p_3615,t3_3g9no7,t1_ctw54al,t1_ctw52em,0.027906976744186046,0.04608294930875576,-0.018175972564569716
p_3616,t3_3g93j6,t1_ctw0e9h,t1_ctw6elj,0.18552036199095023,0.07883817427385892,0.10668218771709131
p_3617,t3_3g8r7o,t1_ctvx3y3,t1_ctwc690,0.10833333333333334,0.07623318385650224,0.0321001494768311
p_3622,t3_3g646u,t1_ctvb9vl,t1_ctvc59g,0.05154639175257732,0.08653846153846154,-0.03499206978588422
p_3623,t3_3g53av,t1_ctuxpb3,t1_ctvf9tq,0.07432432432432433,0.05454545454545454,0.019778869778869786
p_3624,t3_3g51jj,t1_ctv0l5x,t1_ctvcg39,0.10897435897435898,0.05970149253731343,0.049272866437045544
p_3625,t3_3g51jj,t1_ctv269f,t1_ctvcg39,0.06043956043956044,0.05970149253731343,0.0007380679022470082
p_3626,t3_3g51jj,t1_ctv3mds,t1_ctv9uzx,0.1079136690647482,0.064,0.043913669064748195
p_3630,t3_3g1pcd,t1_ctu19ea,t1_ctu17ql,0.06735751295336788,0.12222222222222222,-0.05486470926885434
p_3635,t3_3g1fhs,t1_cttyuge,t1_cttxvho,0.07692307692307693,0.10833333333333334,-0.03141025641025641
p_3633,t3_3g1fhs,t1_ctu95h3,t1_cttxvho,0.07942238267148015,0.10833333333333334,-0.028910950661853188
p_3636,t3_3g1fhs,t1_cttzgzr,t1_cttxvho,0.06470588235294118,0.10833333333333334,-0.043627450980392155
p_3632,t3_3g1fhs,t1_cttxzvr,t1_cttxvho,0.11235955056179775,0.10833333333333334,0.004026217228464413
p_3631,t3_3g1fhs,t1_ctty06w,t1_cttxzi1,0.0425531914893617,0.0707070707070707,-0.028153879217709003
p_3637,t3_3g1bgv,t1_cttw7r4,t1_ctu593g,0.11173184357541899,0.09134615384615384,0.020385689729265147
p_3640,t3_3g02ia,t1_cttuj7v,t1_cttrhlu,0.05084745762711865,0.04918032786885246,0.0016671297582661893
p_3642,t3_3fz5pa,t1_cttcblp,t1_cttc9b6,0.10646387832699619,0.13186813186813187,-0.02540425354113568
p_3644,t3_3fvhvp,t1_ctsbzuq,t1_ctsdw9m,0.07079646017699115,0.06321839080459771,0.007578069372393442
p_3645,t3_3fvhjh,t1_ctscnii,t1_ctsbg6s,0.032,0.128,-0.096
p_3646,t3_3fvhjh,t1_ctse486,t1_ctsbtva,0.06451612903225806,0.04040404040404041,0.024112088628217655
p_3647,t3_3fvhjh,t1_ctsbifp,t1_ctsvne2,0.06179775280898876,0.06341463414634146,-0.001616881337352702
p_3648,t3_3fvhjh,t1_ctsc6ss,t1_ctsbtva,0.0670391061452514,0.04040404040404041,0.026635065741210988
p_3649,t3_3fveyg,t1_ctsa8js,t1_cts9pfj,0.08673469387755102,0.0990990990990991,-0.01236440522154808
p_3650,t3_3fu1s8,t1_cts3fhv,t1_cts5hav,0.10176991150442478,0.10480349344978165,-0.0030335819453568696
p_3651,t3_3fsgbp,t1_ctrisu9,t1_ctshlnm,0.02608695652173913,0.03571428571428571,-0.009627329192546583
p_3652,t3_3fs1zm,t1_ctrhh5j,t1_ctrefi0,0.05660377358490566,0.07547169811320754,-0.018867924528301883
p_3653,t3_3frc1d,t1_ctr9vhi,t1_ctr7h2r,0.10714285714285714,0.07462686567164178,0.03251599147121535
p_3655,t3_3fql48,t1_ctr20mq,t1_ctr0pwr,0.07216494845360824,0.08494208494208494,-0.012777136488476698
p_3656,t3_3fqb1z,t1_ctqze4g,t1_ctr0cf6,0.030434782608695653,0.0611353711790393,-0.030700588570343645
p_3658,t3_3fqb1z,t1_ctr0vi4,t1_ctr0cf6,0.02531645569620253,0.0611353711790393,-0.03581891548283676
p_3657,t3_3fqb1z,t1_ctr0caa,t1_ctr0cf6,0.03333333333333333,0.0611353711790393,-0.027802037845705965
p_3659,t3_3fpfyb,t1_ctqrhgh,t1_ctqsan9,0.06611570247933884,0.06837606837606838,-0.002260365896729538
p_3660,t3_3fp3n9,t1_ctqolc7,t1_ctqnhek,0.07964601769911504,0.07482993197278912,0.004816085726325928
p_3661,t3_3fp2bi,t1_ctqnbaz,t1_ctqt3i2,0.06432748538011696,0.028901734104046242,0.03542575127607071
p_3663,t3_3fnwpa,t1_ctqdqno,t1_ctqbvw6,0.05194805194805195,0.1095890410958904,-0.05764098914783845
p_3664,t3_3fnv5p,t1_ctqbrad,t1_ctqwxiu,0.10204081632653061,0.09230769230769231,0.009733124018838302
p_3665,t3_3fnv5p,t1_ctqn9r7,t1_ctr22l4,0.0782608695652174,0.0736196319018405,0.0046412376633769015
p_3667,t3_3fnpby,t1_ctqb537,t1_ctqb5ui,0.11363636363636363,0.1342281879194631,-0.020591824283099455
p_3666,t3_3fnpby,t1_ctqa65w,t1_ctqb5ui,0.13008130081300814,0.1342281879194631,-0.004146887106454944
p_3669,t3_3fnkrz,t1_ctq8t3q,t1_ctq9oiz,0.056179775280898875,0.06918238993710692,-0.013002614656208042
p_3671,t3_3fnkrz,t1_ctqas8t,t1_ctq9ar9,0.10617283950617284,0.07692307692307693,0.029249762583095917
p_3670,t3_3fnkrz,t1_ctq9o0e,t1_ctq9oiz,0.045,0.06918238993710692,-0.02418238993710692
p_3672,t3_3fnkrz,t1_ctq9j16,t1_ctqa3ka,0.021367521367521368,0.07537688442211055,-0.05400936305458918
p_3675,t3_3fme5v,t1_ctpwnu7,t1_ctpy2fx,0.06451612903225806,0.125,-0.06048387096774194
p_3676,t3_3fh6ko,t1_ctoktht,t1_ctoqkfl,0.072,0.12605042016806722,-0.05405042016806723
p_3677,t3_3fg061,t1_cto8r5z,t1_cto8tdw,0.12222222222222222,0.10101010101010101,0.02121212121212121
p_3679,t3_3fg061,t1_cto97vg,t1_cto8tdw,0.061946902654867256,0.10101010101010101,-0.03906319835523375
p_3680,t3_3ffta7,t1_cto7io9,t1_ctoe9av,0.0375,0.08163265306122448,-0.044132653061224485
p_3681,t3_3ff3g6,t1_cto0i1n,t1_cto1zos,0.0851063829787234,0.04678362573099415,0.03832275724772925
p_3682,t3_3feqzt,t1_ctq3vzp,t1_ctnylzg,0.07407407407407407,0.05508474576271186,0.018989328311362207
p_3683,t3_3fcrvd,t1_ctnhp4o,t1_cto31ft,0.043478260869565216,0.11695906432748537,-0.07348080345792016
p_3684,t3_3fcrvd,t1_ctns9wz,t1_ctnfqp7,0.09803921568627451,0.07865168539325842,0.019387530293016084
p_3686,t3_3fcf5e,t1_ctndfg4,t1_ctnry92,0.06611570247933884,0.04672897196261682,0.019386730516722024
p_3688,t3_3fc3o6,t1_ctnx69r,t1_ctngp5n,0.15571776155717762,0.07053941908713693,0.08517834247004069
p_3687,t3_3fc3o6,t1_ctnaow2,t1_ctn9aav,0.10752688172043011,0.07172995780590717,0.03579692391452294
p_3692,t3_3fau90,t1_ctmxjyf,t1_ctmw18p,0.09047619047619047,0.08247422680412371,0.008001963672066764
p_3693,t3_3fa3pf,t1_ctmq4rm,t1_ctmvo0g,0.13043478260869565,0.12698412698412698,0.0034506556245686715
p_3694,t3_3fa3pf,t1_ctmq6wk,t1_ctmpzx1,0.10526315789473684,0.07103825136612021,0.03422490652861662
p_3695,t3_3f8yj7,t1_ctmfz6p,t1_ctmip5y,0.0912863070539419,0.046357615894039736,0.04492869115990217
p_3696,t3_3f8yj7,t1_ctmi79z,t1_ctmip5y,0.07857142857142857,0.046357615894039736,0.032213812677388834
p_3697,t3_3f8yj7,t1_ctmgbxn,t1_ctmip5y,0.11038961038961038,0.046357615894039736,0.06403199449557065
p_3701,t3_3f6ga9,t1_ctlqooj,t1_ctlqdbh,0.0375,0.14634146341463414,-0.10884146341463413
p_3703,t3_3f65v8,t1_ctlqq52,t1_ctm1y1p,0.06206896551724138,0.11484593837535013,-0.052776972858108756
p_3704,t3_3f38fh,t1_ctlm7ia,t1_ctkwb7j,0.06637168141592921,0.08461538461538462,-0.01824370319945541
p_3705,t3_3f2sbt,t1_ctm98ge,t1_ctkrr8t,0.06086956521739131,0.10830324909747292,-0.047433683880081616
p_3708,t3_3f20yi,t1_ctkkr6u,t1_ctkjeol,0.06666666666666667,0.06875,-0.00208333333333334
p_3709,t3_3f20yi,t1_ctkoehq,t1_ctkokut,0.1067193675889328,0.06565656565656566,0.04106280193236714
p_3712,t3_3f18mt,t1_ctkcw2a,t1_ctkb9dn,0.11659192825112108,0.13846153846153847,-0.02186961021041739
p_3711,t3_3f18mt,t1_ctkc4tg,t1_ctkn5z3,0.13043478260869565,0.06611570247933884,0.0643190801293568
p_3714,t3_3f16ju,t1_ctkcxak,t1_ctkajc6,0.07784431137724551,0.07926829268292683,-0.0014239813056813183
p_3716,t3_3f0uzz,t1_ctkbyhm,t1_ctkdayj,0.11587982832618025,0.1687041564792176,-0.05282432815303735
p_3717,t3_3exng6,t1_ctjf76q,t1_ctjdefn,0.14634146341463414,0.08620689655172414,0.060134566862909994
p_3718,t3_3ex1vr,t1_ctj5yub,t1_ctj6pr7,0.06944444444444445,0.03508771929824561,0.034356725146198835
p_3719,t3_3ewva7,t1_ctj4jx8,t1_ctj8g6w,0.07894736842105263,0.08727272727272728,-0.008325358851674652
p_3722,t3_3ewva7,t1_ctj8djb,t1_ctj8g6w,0.05017921146953405,0.08727272727272728,-0.03709351580319323
p_3720,t3_3ewva7,t1_ctj5oik,t1_ctjcs9z,0.1134453781512605,0.07432432432432433,0.039121053826936175
p_3721,t3_3ewva7,t1_ctj7ibv,t1_ctjcs9z,0.04242424242424243,0.07432432432432433,-0.0319000819000819
p_3723,t3_3ewjnh,t1_ctj1fb4,t1_ctj26kt,0.07291666666666667,0.10891089108910891,-0.03599422442244224
p_3724,t3_3ewjnh,t1_ctj1ye4,t1_ctj1lht,0.08333333333333333,0.07462686567164178,0.008706467661691544
p_3725,t3_3euagb,t1_ctigcut,t1_ctihu3a,0.08695652173913043,0.05555555555555555,0.03140096618357488
p_3726,t3_3eu8tm,t1_ctigaob,t1_ctiq52g,0.054474708171206226,0.09561752988047809,-0.04114282170927186
p_3727,t3_3eu8tm,t1_ctijckt,t1_ctigceq,0.12011173184357542,0.1111111111111111,0.009000620732464312
p_3728,t3_3etxto,t1_ctid3ea,t1_cticpfj,0.07142857142857142,0.049586776859504134,0.02184179456906729
p_3730,t3_3es79p,t1_cthw2r2,t1_cthwdaq,0.1111111111111111,0.08860759493670886,0.022503516174402244
p_3731,t3_3es79p,t1_cthxdez,t1_cthwn0n,0.07936507936507936,0.11797752808988764,-0.038612448724808277
p_3732,t3_3ertta,t1_cti6rd8,t1_ctht1zk,0.07534246575342465,0.043859649122807015,0.03148281663061764
p_3733,t3_3ertdy,t1_cthr80b,t1_cthr99r,0.04285714285714286,0.18309859154929578,-0.14024144869215294
p_3734,t3_3erhhr,t1_ctiarao,t1_cti58vh,0.08333333333333333,0.06060606060606061,0.02272727272727272
p_3735,t3_3eq514,t1_ctho613,t1_cthcqg3,0.05069124423963134,0.10714285714285714,-0.0564516129032258
p_3737,t3_3epjfs,t1_cth5t0q,t1_cthcvt3,0.09375,0.11458333333333333,-0.02083333333333333
p_3739,t3_3enur5,t1_ctgrxoh,t1_ctgz8y0,0.08108108108108109,0.0784313725490196,0.002649708532061479
p_3740,t3_3emsdn,t1_cth30is,t1_ctgqvc3,0.05,0.1,-0.05
p_3742,t3_3elw95,t1_ctg6r9r,t1_ctg9cb8,0.06666666666666667,0.06472491909385113,0.0019417475728155387
p_3743,t3_3eknr4,t1_ctglikz,t1_ctfyt7d,0.040697674418604654,0.03875968992248062,0.0019379844961240345
p_3744,t3_3ekjn3,t1_ctgdi0f,t1_ctg4na1,0.08196721311475409,0.072,0.009967213114754098
p_3751,t3_3ee553,t1_cte3wfh,t1_cte2z0f,0.054945054945054944,0.061855670103092786,-0.006910615158037842
p_3752,t3_3ee553,t1_cte5ytw,t1_cte2z0f,0.03,0.061855670103092786,-0.03185567010309279
p_3754,t3_3ecjmj,t1_ctdn8gf,t1_ctdm7dj,0.17100371747211895,0.12254901960784313,0.04845469786427582
p_3755,t3_3ecjmj,t1_ctdnq7f,t1_ctdm7dj,0.13636363636363635,0.12254901960784313,0.013814616755793221
p_3756,t3_3ecjmj,t1_ctdoi4m,t1_ctdm7dj,0.19333333333333333,0.12254901960784313,0.0707843137254902
p_3753,t3_3ecjmj,t1_ctdmtn2,t1_ctdoo3p,0.2,0.10026385224274406,0.09973614775725595
p_3757,t3_3ec84d,t1_ctdlgzm,t1_ctdj2og,0.043478260869565216,0.07777777777777778,-0.03429951690821256
p_3759,t3_3ebxxu,t1_ctdn0oz,t1_ctdjt1a,0.1993006993006993,0.04304635761589404,0.15625434168480526
p_3761,t3_3ebqsa,t1_ctdwdgw,t1_ctdgbbx,0.1073170731707317,0.16574585635359115,-0.05842878318285945
p_3762,t3_3eb9u6,t1_ctda3bt,t1_ctdi2vm,0.10989010989010989,0.06944444444444445,0.04044566544566544
p_3763,t3_3eb9u6,t1_ctdaich,t1_ctdi2vm,0.0990990990990991,0.06944444444444445,0.029654654654654652
p_3764,t3_3eai2b,t1_ctdmsz0,t1_ctdas7y,0.08029197080291971,0.11646586345381527,-0.03617389265089556
p_3765,t3_3eai2b,t1_ctdc31l,t1_ctdas7y,0.09765625,0.11646586345381527,-0.018809613453815266
p_3766,t3_3ea4kl,t1_ctczlq4,t1_ctcz6mu,0.06578947368421052,0.06557377049180328,0.00021570319240724056
p_3768,t3_3e811o,t1_ctcjrd5,t1_ctcd4vr,0.052,0.05357142857142857,-0.0015714285714285708
p_3775,t3_3dt3vy,t1_ct8epzw,t1_ct8xeko,0.09444444444444444,0.10759493670886076,-0.013150492264416322
p_3776,t3_3drmw1,t1_ct7z6k1,t1_ct7zd7f,0.12,0.08955223880597014,0.03044776119402985
p_3777,t3_3dqi0b,t1_ct7ojzo,t1_ct7o4hu,0.10087719298245613,0.06880733944954129,0.032069853532914847
p_3779,t3_3dnhsi,t1_ct6vf40,t1_ct7n9bz,0.05785123966942149,0.09090909090909091,-0.03305785123966942
p_3786,t3_3dkeyo,t1_ct60a1q,t1_ct60gf9,0.11917098445595854,0.050724637681159424,0.06844634677479912
p_3787,t3_3dk4k6,t1_ct68k3i,t1_ct5ylmw,0.08349900596421471,0.0405727923627685,0.04292621360144621
p_3789,t3_3dj5zp,t1_ct5ndqg,t1_ct5pov6,0.0761904761904762,0.08875739644970414,-0.01256692025922794
p_3790,t3_3dhxmu,t1_ct59siv,t1_ct5em85,0.07042253521126761,0.06779661016949153,0.0026259250417760838
p_3791,t3_3dhww4,t1_ct59ny2,t1_ct5c1n1,0.035398230088495575,0.06521739130434782,-0.02981916121585225
p_3792,t3_3dhvig,t1_ct5cmrc,t1_ct5dd1p,0.18472906403940886,0.11191335740072202,0.07281570663868685
p_3793,t3_3dhde9,t1_ct68xez,t1_ct55tgc,0.09178743961352658,0.04216867469879518,0.0496187649147314
p_3794,t3_3dh1ns,t1_ct5dtcs,t1_ct5eykr,0.07722007722007722,0.0942622950819672,-0.01704221786188999
p_3795,t3_3dgf6j,t1_ct54lyk,t1_ct5gs7l,0.057291666666666664,0.0380952380952381,0.019196428571428566
p_3796,t3_3dgf6j,t1_ct5oi70,t1_ct5c1wd,0.05166051660516605,0.02830188679245283,0.023358629812713222
p_3797,t3_3dfjej,t1_ct4p5yg,t1_ct4yewo,0.07120743034055728,0.09653465346534654,-0.025327223124789258
p_3800,t3_3df1t2,t1_ct4iy6y,t1_ct4ij06,0.0975609756097561,0.1144578313253012,-0.016896855715545098
p_3801,t3_3det6i,t1_ct4g7xl,t1_ct4gbpx,0.06716417910447761,0.06837606837606838,-0.0012118892715907714
p_3802,t3_3deose,t1_ct4eh79,t1_ct4g0jb,0.08542713567839195,0.09947643979057591,-0.014049304112183955
p_3803,t3_3deose,t1_ct4f9rz,t1_ct4g0jb,0.11206896551724138,0.09947643979057591,0.012592525726665471
p_3804,t3_3deose,t1_ct4fbji,t1_ct5641w,0.09803921568627451,0.14039408866995073,-0.042354872983676226
p_3805,t3_3deose,t1_ct4ewzd,t1_ct4g0jb,0.07906976744186046,0.09947643979057591,-0.020406672348715446
p_3806,t3_3de3uy,t1_ct4agqd,t1_ct494c3,0.0718232044198895,0.07894736842105263,-0.007124164001163127
p_3807,t3_3ddw70,t1_ct47mit,t1_ct4jbe5,0.08852459016393442,0.09027777777777778,-0.0017531876138433544
p_3808,t3_3ddw70,t1_ct481p1,t1_ct48oqy,0.10416666666666667,0.11746987951807229,-0.013303212851405621
p_3814,t3_3dbole,t1_ct3p6ns,t1_ct478ih,0.11160714285714286,0.09285714285714286,0.018750000000000003
p_3815,t3_3dbm0n,t1_ct3lx2j,t1_ct3ly0v,0.1005586592178771,0.06134969325153374,0.03920896596634336
p_3816,t3_3dbkzb,t1_ct3ojfw,t1_ct3m5s5,0.10416666666666667,0.26153846153846155,-0.15737179487179487
p_3819,t3_3d7ar8,t1_ct2lat5,t1_ct2ki11,0.12037037037037036,0.07894736842105263,0.041423001949317736
p_3821,t3_3d70nm,t1_ct2ew4r,t1_ct2j33u,0.06422018348623854,0.07246376811594203,-0.008243584629703496
p_3822,t3_3d70nm,t1_ct2dshn,t1_ct2eddg,0.037383177570093455,0.06060606060606061,-0.023222883035967153
p_3824,t3_3d6eeo,t1_ct28lpu,t1_ct2avdj,0.08949416342412451,0.06880733944954129,0.020686823974583227
p_3825,t3_3d5kur,t1_ct1ztbe,t1_ct1zr52,0.05982905982905983,0.1308411214953271,-0.07101206166626725
p_3827,t3_3d4z8m,t1_ct20a6w,t1_ct1t0m5,0.07333333333333333,0.0547945205479452,0.01853881278538813
p_3829,t3_3d26wz,t1_ct28b6n,t1_ct16kmz,0.07142857142857142,0.05732484076433121,0.014103730664240213
p_3830,t3_3d0d6p,t1_ct0o5u1,t1_ct0n6t4,0.0972644376899696,0.07462686567164178,0.02263757201832782
p_3831,t3_3d01ke,t1_ct0juu5,t1_ct0mdna,0.023696682464454975,0.04524886877828054,-0.021552186313825567
p_3833,t3_3czjmn,t1_ct0n1h1,t1_ct0p4tx,0.07569721115537849,0.10650887573964497,-0.030811664584266485
p_3834,t3_3cze07,t1_ct0u8p8,t1_ct1w2jq,0.05737704918032787,0.07471264367816093,-0.017335594497833055
p_3836,t3_3cze07,t1_ct10eyn,t1_ct10av3,0.08695652173913043,0.06796116504854369,0.018995356690586745
p_3837,t3_3cz50i,t1_ct0beon,t1_ct0crzd,0.072,0.145985401459854,-0.07398540145985401
p_3838,t3_3cyvok,t1_ct09dsg,t1_ct0cry8,0.06666666666666667,0.09243697478991597,-0.025770308123249305
p_3840,t3_3cwzdr,t1_cszqsrm,t1_csztuip,0.08143322475570032,0.07473309608540925,0.006700128670291072
p_3841,t3_3cwzdr,t1_cszr0ac,t1_cszzijk,0.06954436450839328,0.07653061224489796,-0.006986247736504678
p_3842,t3_3cwzdr,t1_cszsao6,t1_cszzijk,0.06217616580310881,0.07653061224489796,-0.014354446441789154
p_3843,t3_3curfb,t1_cszctr2,t1_cszdmwi,0.09,0.07,0.01999999999999999
p_3846,t3_3ctbdn,t1_csywwyk,t1_csyw0z6,0.04827586206896552,0.09243697478991597,-0.044161112720950454
p_3848,t3_3csry4,t1_csyq5kj,t1_csypjon,0.07692307692307693,0.06293706293706294,0.013986013986013984
p_3849,t3_3csg70,t1_csyk6pl,t1_csyj9wf,0.05603448275862069,0.13089005235602094,-0.07485556959740025
p_3850,t3_3csg70,t1_csyjkqi,t1_csyt2k1,0.125,0.05,0.075
p_3852,t3_3cqwqj,t1_csy6eer,t1_csyclib,0.1018867924528302,0.0967741935483871,0.0051125989044431
p_3853,t3_3cpk6q,t1_csxrzz6,t1_csxtt55,0.050314465408805034,0.06666666666666667,-0.01635220125786163
p_3855,t3_3cp5ze,t1_csxym6c,t1_csynpti,0.15151515151515152,0.0903010033444816,0.06121414817066992
p_3856,t3_3cp5ze,t1_csxnidr,t1_csxornz,0.053811659192825115,0.06018518518518518,-0.006373525992360067
p_3859,t3_3cntuq,t1_csxdzvx,t1_csxc29e,0.08292682926829269,0.07885304659498207,0.004073782673310614
p_3861,t3_3cm04x,t1_csx5p48,t1_csxeu2k,0.045454545454545456,0.05555555555555555,-0.010101010101010097
p_3862,t3_3clrl2,t1_csx7zrc,t1_csx8zq4,0.056768558951965066,0.06060606060606061,-0.0038375016540955417
p_3863,t3_3cjime,t1_csw3vb7,t1_csw3t7x,0.17110266159695817,0.09289617486338798,0.07820648673357018
p_3865,t3_3chnd1,t1_csvsvf5,t1_csw6ssk,0.0736196319018405,0.11347517730496454,-0.03985554540312404
p_3866,t3_3ch5ru,t1_csvhoip,t1_csvipb5,0.058823529411764705,0.087248322147651,-0.0284247927358863
p_3867,t3_3cgwcw,t1_csvjbyd,t1_csvi6d6,0.08201892744479496,0.11038961038961038,-0.02837068294481543
p_3868,t3_3cgf0e,t1_cswm70o,t1_csvf90l,0.06802721088435375,0.07894736842105263,-0.01092015753669888
p_3869,t3_3cgb39,t1_csvchfw,t1_csva8ip,0.09302325581395349,0.09523809523809523,-0.0022148394241417457
p_3871,t3_3cexf4,t1_csvberp,t1_csv33hr,0.08629441624365482,0.11864406779661017,-0.032349651552955355
p_3872,t3_3cemxp,t1_csuzkq9,t1_csuwsj4,0.024844720496894408,0.04678362573099415,-0.02193890523409974
p_3873,t3_3cccrj,t1_csuafa7,t1_csu9eyk,0.08417508417508418,0.04721030042918455,0.03696478374589963
p_3874,t3_3cayqx,t1_cstvm0f,t1_csunb3m,0.06466876971608833,0.06201550387596899,0.002653265840119337
p_3875,t3_3cayqx,t1_cstvlmi,t1_csuqreg,0.08452722063037249,0.06584992343032159,0.018677297200050902
p_3877,t3_3cavj4,t1_cstv538,t1_cstveu6,0.07567567567567568,0.0611353711790393,0.014540304496636382
p_3879,t3_3c98q4,t1_csu2svh,t1_cstm5hj,0.0196078431372549,0.058823529411764705,-0.0392156862745098
p_3882,t3_3c7i98,t1_cst34iw,t1_cstc95e,0.08365019011406843,0.08695652173913043,-0.003306331625061998
p_3883,t3_3c7i98,t1_cst4n6b,t1_cssyowf,0.043010752688172046,0.05102040816326531,-0.00800965547509326
p_3884,t3_3c7hdt,t1_cssyep4,t1_cssyplh,0.05217391304347826,0.08,-0.027826086956521744
p_3885,t3_3c7bxx,t1_cssy476,t1_cssz8bw,0.05405405405405406,0.03816793893129771,0.015886115122756346
p_3886,t3_3c7bxx,t1_cssx724,t1_cssyebj,0.03333333333333333,0.02054794520547945,0.012785388127853882
p_3887,t3_3c7bxx,t1_csswyf9,t1_cssyx4a,0.061611374407582936,0.0949367088607595,-0.033325334453176564
p_3888,t3_3c79ax,t1_cstmdkn,t1_cst2h3f,0.06349206349206349,0.05128205128205128,0.012210012210012208
p_3889,t3_3c4zj4,t1_cssgey0,t1_cssmoek,0.04838709677419355,0.09090909090909091,-0.042521994134897365
p_3892,t3_3c4ur8,t1_csstz3k,t1_cssgupg,0.04950495049504951,0.06504065040650407,-0.015535699911454565
p_3893,t3_3c4cgb,t1_css5ynt,t1_css4koj,0.125,0.012048192771084338,0.11295180722891567
p_3894,t3_3c1zj9,t1_csrkkl3,t1_csrki9f,0.11400651465798045,0.04020100502512563,0.07380550963285482
p_3895,t3_3c17uc,t1_csrdlff,t1_csrifkt,0.0696969696969697,0.0872093023255814,-0.017512332628611696
p_3897,t3_3bxmo5,t1_csqhtr5,t1_csql6b1,0.09395973154362416,0.05625,0.03770973154362416
p_3898,t3_3bxfo6,t1_csqmc1m,t1_csqifhm,0.06694560669456066,0.06103286384976526,0.005912742844795406
p_3899,t3_3bvjuk,t1_cspw440,t1_csrek47,0.0975609756097561,0.08641975308641975,0.011141222523336353
p_3901,t3_3bth79,t1_csq2nx8,t1_cspwvty,0.05913978494623656,0.049723756906077346,0.009416028040159216
p_3902,t3_3bsou9,t1_csp5h2g,t1_cspiswo,0.05365853658536585,0.03977272727272727,0.01388580931263858
p_3904,t3_3brtn7,t1_csozaec,t1_csoyw8u,0.05092592592592592,0.07727272727272727,-0.026346801346801348
p_3905,t3_3bqwex,t1_csompka,t1_csomtdh,0.11267605633802817,0.10869565217391304,0.003980404164115131
p_3906,t3_3bqwex,t1_csorp8q,t1_cson8bj,0.06172839506172839,0.11616161616161616,-0.05443322109988777
p_3908,t3_3bo4jt,t1_cso0zon,t1_csnwp3y,0.06153846153846154,0.06474820143884892,-0.003209739900387379
p_3909,t3_3bnf96,t1_csnpy6t,t1_csnprkc,0.06097560975609756,0.056338028169014086,0.004637581587083474
p_3910,t3_3bnan1,t1_csnruno,t1_csnpv63,0.052,0.06177606177606178,-0.00977606177606178
p_3911,t3_3blafk,t1_csn7a18,t1_csndd8w,0.05454545454545454,0.08536585365853659,-0.03082039911308205
p_3913,t3_3bh98p,t1_csmf3ub,t1_csmc3eh,0.056338028169014086,0.06349206349206349,-0.007154035323049403
p_3914,t3_3bgni1,t1_cslzxdh,t1_cslyqv4,0.026785714285714284,0.02197802197802198,0.0048076923076923045
p_3915,t3_3bfy1c,t1_csls1iv,t1_cslt1od,0.0975609756097561,0.0625,0.0350609756097561
p_3916,t3_3bfsz3,t1_cslqq37,t1_cslrrds,0.07643312101910828,0.11607142857142858,-0.0396383075523203
p_3917,t3_3bfrve,t1_csmj6kc,t1_cslufx2,0.05660377358490566,0.06985294117647059,-0.013249167591564928
p_3920,t3_3be88i,t1_cslgmna,t1_cslflrz,0.06918238993710692,0.1032258064516129,-0.034043416514505986
p_3923,t3_3bdv00,t1_csld97c,t1_csl9q5t,0.04263565891472868,0.056179775280898875,-0.013544116366170193
p_3924,t3_3bdv00,t1_csltmou,t1_cslb8xi,0.03816793893129771,0.057971014492753624,-0.019803075561455913
p_3925,t3_3bd8kh,t1_csl6slc,t1_csl587l,0.045454545454545456,0.060810810810810814,-0.015356265356265358
p_3926,t3_3bd8kh,t1_csl5ba1,t1_csl587l,0.08196721311475409,0.060810810810810814,0.021156402303943278
p_3927,t3_3bcp2n,t1_csl43ts,t1_csl3e30,0.11274509803921569,0.17834394904458598,-0.06559885100537029
p_3929,t3_3bc4if,t1_cslj62e,t1_cskt9uf,0.11152416356877323,0.07534246575342465,0.03618169781534858
p_3930,t3_3bbxyv,t1_cskwmb5,t1_cskrtjj,0.06748466257668712,0.06417112299465241,0.0033135395820347024
p_3932,t3_3b7rjo,t1_csjnvbr,t1_csjnx6u,0.06521739130434782,0.14736842105263157,-0.08215102974828374
p_3934,t3_3b60s8,t1_csj6vl4,t1_csj6ucq,0.07272727272727272,0.10465116279069768,-0.031923890063424956
p_3935,t3_3b60s8,t1_csj6qcn,t1_csj6ucq,0.07614213197969544,0.10465116279069768,-0.028509030811002242
p_3936,t3_3b5udg,t1_csj5cco,t1_csj62ym,0.09302325581395349,0.06293706293706294,0.030086192876890544
p_3937,t3_3b3s26,t1_csikhqa,t1_csizt4g,0.13846153846153847,0.1317365269461078,0.006725011515430673
p_3938,t3_3b3s26,t1_csinn2z,t1_csilwsy,0.06756756756756757,0.10106382978723404,-0.033496262219666464
p_3940,t3_3b3s26,t1_csj8r3h,t1_csjh1er,0.04861111111111111,0.12154696132596685,-0.07293585021485574
p_3943,t3_3aweej,t1_csgl5n3,t1_csgl50z,0.06930693069306931,0.09937888198757763,-0.03007195129450832
p_3944,t3_3aw1uk,t1_csghmnt,t1_csghmsc,0.08695652173913043,0.07476635514018691,0.012190166598943522
p_3945,t3_3avhws,t1_csgfhi0,t1_csh8ors,0.08059701492537313,0.0696969696969697,0.010900045228403432
p_3947,t3_3atkce,t1_csgbg47,t1_csfw4e2,0.0398406374501992,0.07017543859649122,-0.03033480114629202
p_3948,t3_3atkce,t1_csfy1wp,t1_csfynp2,0.07476635514018691,0.07526881720430108,-0.0005024620641141675
p_3951,t3_3asyzb,t1_csfojsx,t1_csfoidu,0.07407407407407407,0.06382978723404255,0.010244286840031522
p_3949,t3_3asyzb,t1_csfoiyw,t1_csfp13b,0.05333333333333334,0.11409395973154363,-0.06076062639821029
p_3952,t3_3argex,t1_csfb50r,t1_csf9txd,0.03333333333333333,0.04854368932038835,-0.015210355987055016
p_3953,t3_3argex,t1_csf9rhm,t1_csfa4gt,0.15384615384615385,0.039473684210526314,0.11437246963562754
p_3954,t3_3aq0ij,t1_cseyfmf,t1_csf3dvk,0.06930693069306931,0.052083333333333336,0.017223597359735977
p_3955,t3_3apczi,t1_cseq9zw,t1_csf36xd,0.07604562737642585,0.09243697478991597,-0.016391347413490118
p_3956,t3_3anzqm,t1_cseek90,t1_csf57m7,0.07291666666666667,0.07604562737642585,-0.003128960709759182
p_3958,t3_3anfy4,t1_csezvw7,t1_csfvxf5,0.08333333333333333,0.10617283950617284,-0.022839506172839516
p_3959,t3_3amks3,t1_cse04e1,t1_cse06yf,0.04516129032258064,0.05982905982905983,-0.014667769506479189
p_3960,t3_3amks3,t1_cse088c,t1_csdzw5z,0.0670391061452514,0.09259259259259259,-0.025553486447341192
p_3961,t3_3amjrk,t1_cse2b43,t1_cse2e1a,0.11475409836065574,0.09230769230769231,0.022446406052963427
p_3963,t3_3ajn0a,t1_csda1xc,t1_csd7usc,0.07777777777777778,0.07692307692307693,0.0008547008547008517
p_3964,t3_3ajaa6,t1_csd6bdb,t1_csdib45,0.0392156862745098,0.061855670103092786,-0.022639983828582982
p_3965,t3_3aimk2,t1_csd7mip,t1_csd1vz4,0.145985401459854,0.16273584905660377,-0.016750447596749762
p_3966,t3_3afuie,t1_csc8p2d,t1_cscbdx0,0.031746031746031744,0.072992700729927,-0.04124666898389526
p_3967,t3_3acxa4,t1_csbkvf8,t1_csbgdpk,0.08310249307479224,0.12380952380952381,-0.04070703073473157
p_3968,t3_3aco44,t1_csblx8d,t1_csbjlck,0.11363636363636363,0.05217391304347826,0.061462450592885375
p_3969,t3_3acm0d,t1_csbe584,t1_csbdx0v,0.09142857142857143,0.05194805194805195,0.03948051948051948
p_3971,t3_3abfdn,t1_csb9hv6,t1_csb2as0,0.05511811023622047,0.07905138339920949,-0.023933273162989016
p_3972,t3_3abaqq,t1_csb38zu,t1_csb0t4r,0.09565217391304348,0.11654135338345864,-0.02088917947041516
p_3976,t3_3a8arj,t1_csb25uo,t1_csa740s,0.14673913043478262,0.11612903225806452,0.0306100981767181
p_3975,t3_3a8arj,t1_csa7uvc,t1_csag2ec,0.12121212121212122,0.10857142857142857,0.012640692640692647
p_3977,t3_3a7ys8,t1_csa4ppt,t1_csakjm1,0.07428571428571429,0.07236842105263158,0.0019172932330827064
p_3978,t3_3a7ys8,t1_csa41uf,t1_csakjm1,0.0728476821192053,0.07236842105263158,0.0004792610665737135
p_3979,t3_3a7ys8,t1_csa7eao,t1_csaftry,0.15311004784688995,0.11864406779661017,0.034465980050279774
p_3980,t3_3a6yg4,t1_cs9xgqf,t1_csaitas,0.06206896551724138,0.1016949152542373,-0.039625949736995916
p_3981,t3_3a6sfg,t1_cs9tnoi,t1_cs9t2mb,0.07633587786259542,0.07446808510638298,0.001867792756212447
p_3982,t3_3a6sfg,t1_cs9u81l,t1_csa0tu8,0.058823529411764705,0.056179775280898875,0.0026437541308658302
p_3983,t3_3a6sfg,t1_cs9uuka,t1_cs9v38y,0.027522935779816515,0.02702702702702703,0.0004959087527894868
p_3985,t3_3a6sfg,t1_cs9ty4c,t1_cs9tcqo,0.059113300492610835,0.039603960396039604,0.01950934009657123
p_3984,t3_3a6sfg,t1_cs9tqur,t1_csa781a,0.05426356589147287,0.07368421052631578,-0.019420644634842915
p_3986,t3_3a6sfg,t1_csacapm,t1_cs9wsj6,0.0446927374301676,0.018018018018018018,0.02667471941214958
p_3987,t3_3a6nix,t1_cs9ymgy,t1_cs9xs4k,0.021479713603818614,0.050359712230215826,-0.028879998626397212
p_3988,t3_3a6nix,t1_csa3hjg,t1_cs9xpu5,0.033860045146726865,0.10634328358208955,-0.0724832384353627
p_3989,t3_3a47yn,t1_cs96cyo,t1_cs96mzz,0.036585365853658534,0.025,0.011585365853658533
p_3990,t3_3a44py,t1_cs97753,t1_cs95esh,0.1016949152542373,0.15384615384615385,-0.05215123859191656
p_3991,t3_3a44py,t1_cs94osm,t1_cs95esh,0.06936416184971098,0.15384615384615385,-0.08448199199644288
p_3992,t3_3a44py,t1_cs95hzu,t1_cs95esh,0.07692307692307693,0.15384615384615385,-0.07692307692307693
p_3996,t3_3a2kst,t1_cs8otu7,t1_cs8qjhb,0.07246376811594203,0.07194244604316546,0.0005213220727765672
p_3997,t3_3a2kps,t1_cs8oy5s,t1_cs8pl4s,0.04201680672268908,0.04878048780487805,-0.0067636810821889715
p_3998,t3_3a2kps,t1_cs8w2yw,t1_cs8voy5,0.06097560975609756,0.035398230088495575,0.025577379667601985
p_3999,t3_3a27yg,t1_cs8nx8v,t1_cs8njw2,0.07317073170731707,0.0663265306122449,0.0068442010950721666
p_4000,t3_3a27yg,t1_cs8u90i,t1_cs8z4yz,0.07407407407407407,0.08108108108108109,-0.007007007007007016
p_4001,t3_3a27yg,t1_cs98bq1,t1_cs8lemy,0.13424657534246576,0.09913793103448276,0.035108644307982995
p_4002,t3_3a1zva,t1_cs8kcyk,t1_cs8k3ho,0.06818181818181818,0.08620689655172414,-0.018025078369905967
p_4003,t3_3a1llw,t1_cs8f5f6,t1_cs8grh5,0.0380952380952381,0.0440251572327044,-0.005929919137466301
p_4004,t3_3a1llw,t1_cs8otpf,t1_cs8epuj,0.06722689075630252,0.042105263157894736,0.025121627598407782
p_4006,t3_39y3l4,t1_cs7hm0x,t1_cs7hrpe,0.0625,0.08176100628930817,-0.019261006289308172
p_4007,t3_39xc0u,t1_cs7s05a,t1_cs7ksi5,0.09046052631578948,0.07142857142857142,0.019031954887218053
p_4008,t3_39vjw8,t1_cs6yty8,t1_cs75jk8,0.0661764705882353,0.14492753623188406,-0.07875106564364877
p_4009,t3_39tm84,t1_cs6dg04,t1_cs6p5zn,0.07291666666666667,0.030534351145038167,0.04238231552162851
p_4010,t3_39rlhg,t1_cs604vg,t1_cs5u7z4,0.07092198581560284,0.08333333333333333,-0.012411347517730487
p_4011,t3_39rlhg,t1_cs61rw2,t1_cs5u7z4,0.11604095563139932,0.08333333333333333,0.032707622298065994
p_4012,t3_39r7s6,t1_cs5qjkd,t1_cs5pexs,0.07971014492753623,0.10891089108910891,-0.029200746161572685
p_4013,t3_39pwzl,t1_cs5e1x6,t1_cs5dyl3,0.05263157894736842,0.12258064516129032,-0.0699490662139219
p_4015,t3_39o24x,t1_cs51oox,t1_cs53w1p,0.07584269662921349,0.04643962848297214,0.02940306814624135
p_4019,t3_39o24x,t1_cs519gf,t1_cs53w1p,0.046296296296296294,0.04643962848297214,-0.0001433321866758444
p_4018,t3_39o24x,t1_cs51cou,t1_cs51mes,0.02572347266881029,0.0625,-0.03677652733118971
p_4020,t3_39mibw,t1_cs4mto6,t1_cs4n3wq,0.11965811965811966,0.09523809523809523,0.02442002442002443
p_4022,t3_39mgic,t1_cs4lprf,t1_cs6cp67,0.04487179487179487,0.06168831168831169,-0.016816516816516816
p_4024,t3_39kdu2,t1_cs44pon,t1_cs433uj,0.09375,0.06912442396313365,0.024625576036866353
p_4025,t3_39jwup,t1_cs46pqo,t1_cs4a7ru,0.06656101426307448,0.08173076923076923,-0.015169754967694751
p_4026,t3_39int7,t1_cs3rx5b,t1_cs3s38w,0.0970873786407767,0.1125,-0.015412621359223305
p_4027,t3_39int7,t1_cs3qpta,t1_cs3s2nm,0.10655737704918032,0.035398230088495575,0.07115914696068475
p_4028,t3_39gzr7,t1_cs3agsc,t1_cs3ibde,0.13846153846153847,0.12371134020618557,0.014750198255352898
p_4029,t3_39gecw,t1_cs34hhp,t1_cs34bq6,0.06796116504854369,0.04854368932038835,0.019417475728155338
p_4032,t3_39fdgq,t1_cs2vs00,t1_cs3vhdu,0.09195402298850575,0.09333333333333334,-0.0013793103448275917
p_4034,t3_39cnaw,t1_cs2c2cg,t1_cs2ak8s,0.05830903790087463,0.031007751937984496,0.027301285962890137
p_4037,t3_39an4v,t1_cs1rnz3,t1_cs1qvzv,0.144,0.2753623188405797,-0.13136231884057972
p_4038,t3_3973q1,t1_cs0zdjz,t1_cs0x3jw,0.11046511627906977,0.1079136690647482,0.0025514472143215727
p_4040,t3_396i03,t1_cs0u4rr,t1_cs1pfx6,0.0472972972972973,0.058823529411764705,-0.011526232114467405
p_4041,t3_396ds4,t1_cs0r30x,t1_cs0rkfk,0.0761904761904762,0.056910569105691054,0.019279907084785143
p_4042,t3_396ds4,t1_cs0pu9z,t1_cs0rkfk,0.13793103448275862,0.056910569105691054,0.08102046537706756
p_4045,t3_394d49,t1_cs0kixk,t1_cs0kzwk,0.12418300653594772,0.07042253521126761,0.053760471324680106
p_4046,t3_393acp,t1_cs0gkne,t1_cs03ftc,0.10743801652892562,0.11764705882352941,-0.010209042294603787
p_4047,t3_391syd,t1_crzm90i,t1_crzmejp,0.10784313725490197,0.07482993197278912,0.03301320528211285
p_4050,t3_38x3jr,t1_cryip44,t1_crys2g6,0.03347280334728033,0.0821256038647343,-0.04865280051745397
p_4051,t3_38wxwu,t1_cryi2ij,t1_crygq09,0.09302325581395349,0.08247422680412371,0.010549029009829777
p_4052,t3_38wrju,t1_crygoz5,t1_cryxmv8,0.046511627906976744,0.08333333333333333,-0.036821705426356585
p_4054,t3_38s7v1,t1_crxxvxw,t1_crxhlos,0.08941176470588236,0.06666666666666667,0.02274509803921569
p_4056,t3_38qcbx,t1_crx7b22,t1_crx75t9,0.06779661016949153,0.042105263157894736,0.02569134701159679
p_4057,t3_38pbd5,t1_crwsbqv,t1_crxjvmc,0.06086956521739131,0.07692307692307693,-0.01605351170568562
p_4060,t3_38nv4x,t1_crwj8qj,t1_crwnz8i,0.04830917874396135,0.06547619047619048,-0.017167011732229127
p_4061,t3_38nv4x,t1_crwoni8,t1_crwub6q,0.08275862068965517,0.10441767068273092,-0.021659049993075746
p_4062,t3_38lqjc,t1_crvzt6q,t1_crvzmx5,0.07627118644067797,0.087248322147651,-0.010977135706973035
p_4063,t3_38kv3z,t1_crwg43c,t1_crxycdw,0.07865168539325842,0.10465116279069768,-0.025999477397439255
p_4064,t3_38ks5m,t1_crvtej9,t1_crvxmr6,0.02040816326530612,0.07547169811320754,-0.05506353484790143
p_4065,t3_38jijq,t1_crvigw7,t1_crvi4ft,0.10285714285714286,0.12903225806451613,-0.02617511520737327
p_4068,t3_38hvec,t1_crv5pod,t1_crva2wu,0.07766990291262135,0.09316770186335403,-0.01549779895073268
p_4070,t3_38hvec,t1_crvb81l,t1_crvbp5u,0.05434782608695652,0.0449438202247191,0.00940400586223742
p_4071,t3_38esaa,t1_cruufn4,t1_cruhp7v,0.03529411764705882,0.08571428571428572,-0.05042016806722689
p_4072,t3_38ehc6,t1_crug3c6,t1_cruge8m,0.0851063829787234,0.09154929577464789,-0.006442912795924488
p_4073,t3_38ehc6,t1_crufbnb,t1_cruge8m,0.12101910828025478,0.09154929577464789,0.029469812505606888
p_4074,t3_38b3d9,t1_crtqxff,t1_crtzoqd,0.0392156862745098,0.0582010582010582,-0.018985371926548394
p_4075,t3_38ah82,t1_crtkrsw,t1_crtl6k2,0.05263157894736842,0.06557377049180328,-0.012942191544434864
p_4078,t3_3856c4,t1_crsfw83,t1_crsdpxt,0.05673758865248227,0.05982905982905983,-0.0030914711765775635
p_4079,t3_383qcb,t1_crs0xzi,t1_crs1phn,0.043478260869565216,0.10101010101010101,-0.05753184014053579
p_4080,t3_383qcb,t1_crs37s2,t1_crs5obi,0.12745098039215685,0.09090909090909091,0.03654188948306594
p_4081,t3_382uqn,t1_crrvd7b,t1_crsvp2m,0.03614457831325301,0.030534351145038167,0.005610227168214844
p_4084,t3_382uqn,t1_crsgxg7,t1_crsvp2m,0.059602649006622516,0.030534351145038167,0.02906829786158435
p_4085,t3_381ey6,t1_crrlwhm,t1_crrsigq,0.08934707903780069,0.047619047619047616,0.04172803141875307
p_4086,t3_381ey6,t1_crrj8n5,t1_crrl2sb,0.04864864864864865,0.03428571428571429,0.014362934362934364
p_4087,t3_381ey6,t1_crrj6x9,t1_crrsoh1,0.1078838174273859,0.11333333333333333,-0.00544951590594743
p_4088,t3_3814fe,t1_crs7vs7,t1_crrr3vr,0.0641025641025641,0.1,-0.03589743589743591
p_4089,t3_3814fe,t1_crrqjbh,t1_crrr3vr,0.05555555555555555,0.1,-0.04444444444444445
p_4090,t3_37ypcc,t1_crqzfaw,t1_crrcx9w,0.0380952380952381,0.06796116504854369,-0.029865926953305588
p_4092,t3_37x4xe,t1_crqnq2r,t1_crqlwke,0.061946902654867256,0.12804878048780488,-0.06610187783293762
p_4095,t3_37ug2e,t1_crpxli7,t1_crpxq2o,0.043010752688172046,0.024691358024691357,0.01831939466348069
p_4096,t3_37u8cs,t1_crpxfwt,t1_crq0vt4,0.06818181818181818,0.11678832116788321,-0.04860650298606503
p_4098,t3_37te7r,t1_crq15b7,t1_crpr6qy,0.09933774834437085,0.08,0.019337748344370853
p_4100,t3_37scpk,t1_crpm7rq,t1_crphi3e,0.06451612903225806,0.05027932960893855,0.014236799423319513
p_4099,t3_37scpk,t1_crpjym2,t1_crpj42q,0.06493506493506493,0.05365853658536585,0.011276528349699076
p_4101,t3_37r5aa,t1_crp4yya,t1_crp52u5,0.01935483870967742,0.049689440993788817,-0.030334602284111396
p_4102,t3_37p0d8,t1_crolmg0,t1_cros9jk,0.07655502392344497,0.03333333333333333,0.04322169059011164
p_4103,t3_37p0d8,t1_crolte5,t1_cror8od,0.10932475884244373,0.08620689655172414,0.02311786229071959
p_4105,t3_37okwz,t1_crol9eo,t1_crohrkg,0.06428571428571428,0.10897435897435898,-0.044688644688644696
p_4104,t3_37okwz,t1_croli1i,t1_croiuun,0.11057692307692307,0.07936507936507936,0.031211843711843712
p_4107,t3_37nxjn,t1_crotvnl,t1_crobn4e,0.10606060606060606,0.08823529411764706,0.017825311942959
p_4108,t3_37nv7l,t1_crobgcl,t1_croatus,0.1590909090909091,0.1044776119402985,0.054613297150610585
p_4109,t3_37nv7l,t1_crod5fw,t1_crobejx,0.10179640718562874,0.08641975308641975,0.015376654099208992
p_4113,t3_37jfl3,t1_crn7z3i,t1_crn9n8h,0.1125,0.0547945205479452,0.0577054794520548
p_4114,t3_37jfl3,t1_cro542n,t1_crn9n8h,0.05223880597014925,0.0547945205479452,-0.0025557145777959506
p_4115,t3_37jfl3,t1_crn8fep,t1_crnb7qs,0.08888888888888889,0.03488372093023256,0.054005167958656335
p_4116,t3_37j0tw,t1_crnmek9,t1_crn4uka,0.11068702290076336,0.13861386138613863,-0.027926838485375263
p_4117,t3_37i8f6,t1_crn97hc,t1_crn6u5k,0.07749077490774908,0.0650887573964497,0.012402017511299379
p_4119,t3_37i8f6,t1_crnc1m6,t1_crn6u5k,0.050761421319796954,0.0650887573964497,-0.01432733607665275
p_4122,t3_37h70b,t1_crnpv8h,t1_crmnqm8,0.07865168539325842,0.0625,0.016151685393258425
p_4124,t3_37h2pb,t1_crmzdc2,t1_crn24i7,0.056782334384858045,0.08483290488431877,-0.028050570499460727
p_4125,t3_37gzdo,t1_crmlb6i,t1_crml5su,0.046875,0.0625,-0.015625
p_4127,t3_37gzdo,t1_crn13m3,t1_crmleve,0.08080808080808081,0.10126582278481013,-0.02045774197672931
p_4126,t3_37gzdo,t1_crmpjd9,t1_crmq520,0.06451612903225806,0.041666666666666664,0.0228494623655914
p_4128,t3_37gq9y,t1_crmtqyf,t1_crmj7w5,0.040268456375838924,0.07301587301587302,-0.0327474166400341
p_4129,t3_37fpzj,t1_crmgunx,t1_crmev4y,0.08808290155440414,0.05741626794258373,0.030666633611820406
p_4130,t3_37e6il,t1_crlxhoh,t1_crlycu1,0.034482758620689655,0.08187134502923976,-0.04738858640855011
p_4131,t3_37e6il,t1_crmbvpl,t1_crmbrw9,0.09053497942386832,0.06806282722513089,0.022472152198737425
p_4132,t3_37c5ei,t1_crmai65,t1_crlk9hq,0.050746268656716415,0.04285714285714286,0.007889125799573557
p_4133,t3_37b2pr,t1_crlhcyw,t1_crld5qe,0.1297071129707113,0.09041095890410959,0.03929615406660171
p_4134,t3_37956u,t1_crku1nj,t1_crktasi,0.125,0.12318840579710146,0.001811594202898545
p_4136,t3_376s9u,t1_crkaoej,t1_crk67b4,0.07692307692307693,0.02631578947368421,0.05060728744939272
p_4137,t3_376s9u,t1_crkcdfq,t1_crk61cm,0.058823529411764705,0.13186813186813187,-0.07304460245636717
p_4138,t3_375cgq,t1_crjtlue,t1_crkdcxu,0.045454545454545456,0.05,-0.004545454545454547
p_4139,t3_375cgq,t1_crju8kq,t1_crju0u6,0.055944055944055944,0.03867403314917127,0.017270022794884675
p_4140,t3_374p4i,t1_crjo7t9,t1_crjoxub,0.036585365853658534,0.08888888888888889,-0.05230352303523036
p_4141,t3_373lxk,t1_crjfcxr,t1_crjh3wk,0.0481283422459893,0.045714285714285714,0.0024140565317035886
p_4146,t3_371vcx,t1_crj0j6i,t1_crj1d9h,0.08045977011494253,0.05732484076433121,0.023134929350611316
p_4147,t3_371t9v,t1_criyct1,t1_criz1vm,0.03597122302158273,0.025423728813559324,0.010547494208023409
p_4148,t3_371jts,t1_crj5qge,t1_crj0124,0.025,0.09782608695652174,-0.07282608695652174
p_4149,t3_371iek,t1_criw393,t1_criw4gt,0.09787234042553192,0.0782312925170068,0.01964104790852511
p_4151,t3_37131i,t1_crit8xo,t1_crise8t,0.04827586206896552,0.05517241379310345,-0.006896551724137931
p_4152,t3_37131i,t1_crizuk3,t1_crise8t,0.02586206896551724,0.05517241379310345,-0.029310344827586206
p_4153,t3_370rik,t1_crj6cfx,t1_crj8cj7,0.053763440860215055,0.15915915915915915,-0.10539571829894409
p_4154,t3_36wmyv,t1_crhsd0m,t1_crhpets,0.125,0.0743801652892562,0.0506198347107438
p_4155,t3_36utu6,t1_crhapyz,t1_crhjyof,0.09621993127147767,0.08270676691729323,0.01351316435418444
p_4156,t3_36utu6,t1_crh9yic,t1_crhhhv0,0.1245674740484429,0.08235294117647059,0.04221453287197231
p_4157,t3_36utu6,t1_crhghlc,t1_crhhhv0,0.07421875,0.08235294117647059,-0.008134191176470587
p_4158,t3_36utu6,t1_crhdevz,t1_crhc46p,0.11331444759206799,0.11799410029498525,-0.0046796527029172585
p_4159,t3_36utu6,t1_crhsu1b,t1_crhjyof,0.10830324909747292,0.08270676691729323,0.025596482180179694
p_4160,t3_36utu6,t1_crhkv7d,t1_crhubbh,0.1162079510703364,0.15,-0.0337920489296636
p_4161,t3_36utu6,t1_crhdith,t1_crhc46p,0.05952380952380952,0.11799410029498525,-0.05847029077117573
p_4163,t3_36u3s6,t1_crh9c6f,t1_crh4b3c,0.07142857142857142,0.09302325581395349,-0.021594684385382062
p_4164,t3_36tyf9,t1_crh4v0f,t1_crh37pw,0.1769041769041769,0.10689655172413794,0.07000762518003896
p_4165,t3_36t890,t1_crgxzpm,t1_crhepb2,0.033707865168539325,0.02857142857142857,0.005136436597110754
p_4166,t3_36rxl7,t1_crlw8uo,t1_crgw0wb,0.04487179487179487,0.06547619047619048,-0.020604395604395608
p_4168,t3_36r305,t1_crgcbrk,t1_crgb0m6,0.050724637681159424,0.09090909090909091,-0.04018445322793149
p_4169,t3_36r305,t1_crgbung,t1_crgk9p9,0.10344827586206896,0.06428571428571428,0.039162561576354685
p_4170,t3_36r305,t1_crgbjl7,t1_crgfecc,0.09230769230769231,0.056451612903225805,0.03585607940446651
p_4171,t3_36r305,t1_crgf3i9,t1_crgfecc,0.08029197080291971,0.056451612903225805,0.023840357899693902
p_4172,t3_36r305,t1_crgfk2y,t1_crgfecc,0.043795620437956206,0.056451612903225805,-0.012655992465269598
p_4175,t3_36nz4d,t1_crfsbub,t1_crfkxmv,0.05172413793103448,0.04950495049504951,0.0022191874359849748
p_4176,t3_36nz4d,t1_crfn04f,t1_crfnywz,0.11049723756906077,0.125,-0.014502762430939231
p_4177,t3_36ncax,t1_crfgebl,t1_crffh1u,0.02727272727272727,0.012195121951219513,0.015077605321507759
p_4180,t3_36iee8,t1_cre9a2g,t1_cretabl,0.050724637681159424,0.04513888888888889,0.005585748792270535
p_4181,t3_36iee8,t1_crez4hc,t1_cretabl,0.009216589861751152,0.04513888888888889,-0.035922299027137734
p_4182,t3_36htjx,t1_cre64ad,t1_cre4lsx,0.07471264367816093,0.10967741935483871,-0.03496477567667779
p_4187,t3_36gp4w,t1_crdult8,t1_cree54y,0.055865921787709494,0.06060606060606061,-0.004740138818351114
p_4188,t3_36fnl9,t1_crdkebp,t1_crdk3ku,0.09523809523809523,0.056338028169014086,0.03890006706908115
p_4189,t3_36fllr,t1_cre4905,t1_crdk6ds,0.14814814814814814,0.10784313725490197,0.040305010893246174
p_4190,t3_36eadt,t1_crd7ceh,t1_crdmuo9,0.06201550387596899,0.1271186440677966,-0.06510314019182761
p_4191,t3_36dprt,t1_crd5jwj,t1_crd60jm,0.04245283018867924,0.06707317073170732,-0.02462034054302808
p_4192,t3_36ckmk,t1_crcyaft,t1_crcrx2m,0.06691449814126393,0.0825242718446602,-0.015609773703396265
p_4193,t3_36cadv,t1_crd31fu,t1_crcyh42,0.09714285714285714,0.08808290155440414,0.009059955588453003
p_4195,t3_36az4a,t1_crccjno,t1_crcd94m,0.07526881720430108,0.1,-0.024731182795698928
p_4196,t3_36az4a,t1_crcdumw,t1_crcd94m,0.045871559633027525,0.1,-0.05412844036697248
p_4203,t3_366935,t1_crb48sd,t1_crb93o7,0.08439897698209718,0.10723860589812333,-0.022839628916026145
p_4204,t3_366935,t1_crb5ovt,t1_crb4po1,0.08958837772397095,0.06551724137931035,0.0240711363446606
p_4205,t3_366935,t1_crb3q3x,t1_crb93o7,0.09831460674157304,0.10723860589812333,-0.008923999156550289
p_4207,t3_3633hr,t1_cracfoy,t1_craetek,0.03308823529411765,0.0539568345323741,-0.02086859923825645
p_4213,t3_362xxo,t1_craazhe,t1_cra7vj8,0.028089887640449437,0.062146892655367235,-0.0340570050149178
p_4212,t3_362xxo,t1_cra91kz,t1_cra8egz,0.12544802867383512,0.10047846889952153,0.024969559774313588
p_4208,t3_362xxo,t1_cra9nj2,t1_cra8egz,0.09507042253521127,0.10047846889952153,-0.005408046364310262
p_4209,t3_362xxo,t1_cra9bnt,t1_cra8egz,0.09090909090909091,0.10047846889952153,-0.009569377990430616
p_4214,t3_362xxo,t1_crabevn,t1_cra82mu,0.02631578947368421,0.07027027027027027,-0.043954480796586065
p_4211,t3_362xxo,t1_cra8ccq,t1_cra85vs,0.045454545454545456,0.061224489795918366,-0.01576994434137291
p_4215,t3_361st8,t1_cr9wx17,t1_craeuvo,0.02054794520547945,0.042735042735042736,-0.022187097529563285
p_4216,t3_361st8,t1_cra0mwx,t1_cra9gv9,0.08196721311475409,0.10596026490066225,-0.02399305178590816
p_4217,t3_361st8,t1_craiwvx,t1_cra9gv9,0.14906832298136646,0.10596026490066225,0.04310805808070421
p_4218,t3_361cys,t1_cr9yzkw,t1_cr9y5g8,0.05472636815920398,0.052980132450331126,0.001746235708872855
p_4219,t3_361cys,t1_cr9xgc0,t1_cr9t6qc,0.0784313725490196,0.028985507246376812,0.04944586530264279
p_4220,t3_360lwk,t1_cr9nixj,t1_cr9oak1,0.09166666666666666,0.04827586206896552,0.043390804597701144
p_4221,t3_360du5,t1_cr9k2gr,t1_cr9jhq4,0.11764705882352941,0.06796116504854369,0.04968589377498572
p_4222,t3_35zzer,t1_cr9gnue,t1_cr9i6m0,0.06532663316582915,0.1245136186770428,-0.05918698551121365
p_4223,t3_35zi4m,t1_cr9bdwl,t1_cr9fc4y,0.08148148148148149,0.09090909090909091,-0.009427609427609424
p_4224,t3_35zguh,t1_cr9iv5x,t1_cr9h75a,0.07567567567567568,0.10101010101010101,-0.02533442533442533
p_4226,t3_35z1es,t1_cr96tzb,t1_cr9571k,0.018518518518518517,0.043478260869565216,-0.0249597423510467
p_4227,t3_35z1es,t1_cr99c3w,t1_cr9d0dl,0.06217616580310881,0.07333333333333333,-0.011157167530224527
p_4228,t3_35y0qf,t1_cr8wgnx,t1_cr8vi2j,0.12385321100917432,0.06666666666666667,0.05718654434250765
p_4229,t3_35wjd8,t1_cr8v07h,t1_cr8jbs1,0.061224489795918366,0.09090909090909091,-0.029684601113172546
p_4230,t3_35w8v2,t1_cr8f3v2,t1_cr8f9ax,0.07954545454545454,0.15,-0.07045454545454545
p_4231,t3_35w8v2,t1_cr8irdf,t1_cr8gplq,0.04040404040404041,0.12025316455696203,-0.07984912415292161
p_4233,t3_35toyd,t1_cr7qd1b,t1_cr85c8b,0.059322033898305086,0.046511627906976744,0.012810405991328343
p_4234,t3_35toyd,t1_cr7oo3y,t1_cr7xf53,0.07482993197278912,0.030303030303030304,0.04452690166975881
p_4235,t3_35sw2p,t1_cr7kk4p,t1_cr7ne8m,0.06854838709677419,0.06748466257668712,0.0010637245200870726
p_4237,t3_35s5bb,t1_cr7fgpo,t1_cr7juob,0.049689440993788817,0.125,-0.07531055900621118
p_4240,t3_35ruv5,t1_cr7clfr,t1_cr7cinv,0.046511627906976744,0.03773584905660377,0.008775778850372971
p_4239,t3_35ruv5,t1_cr7bycz,t1_cr7d0y4,0.07894736842105263,0.057692307692307696,0.02125506072874493
p_4241,t3_35peeu,t1_cr6ssh1,t1_cr7l53q,0.07203389830508475,0.06862745098039216,0.0034064473246925853
p_4242,t3_35oag9,t1_cr6dn1m,t1_cr6gxvj,0.12087912087912088,0.1320754716981132,-0.011196350818992326
p_4243,t3_35oag9,t1_cr6m2hi,t1_cr6gxvj,0.09342560553633218,0.1320754716981132,-0.038649866161781024
p_4244,t3_35mgfp,t1_cr5tt2i,t1_cr68z3e,0.1415525114155251,0.09375,0.047802511415525106
p_4245,t3_35mgfp,t1_cr61twj,t1_cr5t999,0.08189655172413793,0.06666666666666667,0.015229885057471262
p_4246,t3_35mgfp,t1_cr5rof8,t1_cr68z3e,0.09740259740259741,0.09375,0.0036525974025974073
p_4247,t3_35md5x,t1_cr5qlbl,t1_cr6fywq,0.08673469387755102,0.08181818181818182,0.004916512059369202
p_4249,t3_35k9i9,t1_cr5buw4,t1_cr5km5t,0.09385113268608414,0.0778688524590164,0.01598228022706774
p_4252,t3_35gi8x,t1_cr4ky6p,t1_cr49czs,0.01893939393939394,0.061016949152542375,-0.04207755521314843
p_4253,t3_35gi8x,t1_cr4s724,t1_cr49czs,0.10355987055016182,0.061016949152542375,0.04254292139761944
p_4254,t3_35foy9,t1_cr3z6dk,t1_cr4asiu,0.1308139534883721,0.08421052631578947,0.04660342717258263
p_4257,t3_35foy9,t1_cr3z34g,t1_cr46bgq,0.05904059040590406,0.09584664536741214,-0.03680605496150808
p_4258,t3_35foy9,t1_cr45f27,t1_cr4asiu,0.12292358803986711,0.08421052631578947,0.03871306172407764
p_4260,t3_35fjb1,t1_cr49j5s,t1_cr3xa7x,0.10256410256410256,0.08974358974358974,0.012820512820512817
p_4262,t3_35bc4b,t1_cr2suj3,t1_cr2s3nt,0.07589285714285714,0.14027149321266968,-0.06437863606981255
p_4263,t3_35bc4b,t1_cr2sadm,t1_cr2soeg,0.06547619047619048,0.10101010101010101,-0.03553391053391053
