pair_id,root_id,success_id,failure_id,jaccard_in_stopwords_success,jaccard_in_stopwords_failure,difference_success_minus_failure
p_1,t3_2ro9ux,t1_cnhplrm,t1_cnhqcwz,0.29411764705882354,0.30612244897959184,-0.012004801920768304
p_2,t3_2ro0ti,t1_cnhuxye,t1_cnhowj2,0.2222222222222222,0.32608695652173914,-0.10386473429951693
p_3,t3_2rnr30,t1_cni3o83,t1_cnhlmdo,0.45714285714285713,0.4583333333333333,-0.0011904761904761862
p_5,t3_2rnfn0,t1_cnigfd9,t1_cnhjtqq,0.5544554455445545,0.4891304347826087,0.0653250107619458
p_6,t3_2rmy6e,t1_cnhc8a5,t1_cnhmkxc,0.3157894736842105,0.36470588235294116,-0.04891640866873065
p_7,t3_2rmy6e,t1_cnhjqws,t1_cnhmkxc,0.5079365079365079,0.36470588235294116,0.14323062558356675
p_11,t3_2rkzen,t1_cngw4hp,t1_cnhjlf9,0.2153846153846154,0.30666666666666664,-0.09128205128205125
p_12,t3_2rkjr3,t1_cngqb7p,t1_cnhhz9u,0.4939759036144578,0.3939393939393939,0.10003650967506389
p_13,t3_2rk7my,t1_cngooa8,t1_cngpiso,0.34782608695652173,0.3333333333333333,0.014492753623188415
p_14,t3_2rk7my,t1_cngoaq7,t1_cngoke7,0.2608695652173913,0.19230769230769232,0.06856187290969898
p_15,t3_2rgs7o,t1_cngkdic,t1_cnfu7mt,0.42105263157894735,0.30666666666666664,0.1143859649122807
p_18,t3_2rd7mg,t1_cnetiqi,t1_cnfbr75,0.47191011235955055,0.4725274725274725,-0.0006173601679219654
p_19,t3_2rd7mg,t1_cnethg8,t1_cnevo8r,0.20930232558139536,0.32558139534883723,-0.11627906976744187
p_20,t3_2rcsdh,t1_cneonwb,t1_cnerq8q,0.41935483870967744,0.36363636363636365,0.05571847507331379
p_21,t3_2rcsdh,t1_cnepre9,t1_cneta9f,0.4528301886792453,0.23529411764705882,0.21753607103218647
p_22,t3_2rcsdh,t1_cnerrix,t1_cnerq8q,0.4,0.36363636363636365,0.036363636363636376
p_24,t3_2rcpqy,t1_cnen833,t1_cneniy0,0.275,0.2571428571428571,0.017857142857142905
p_25,t3_2rc3p3,t1_cnelqn6,t1_cnejze0,0.3968253968253968,0.423728813559322,-0.02690341673392521
p_26,t3_2rawgb,t1_cneyhn7,t1_cnerfm7,0.45161290322580644,0.4479166666666667,0.003696236559139754
p_28,t3_2r7f0g,t1_cnd8t6p,t1_cnd4xb4,0.35526315789473684,0.4025974025974026,-0.047334244702665784
p_29,t3_2r6fw9,t1_cnczhfc,t1_cncxwgs,0.3488372093023256,0.24390243902439024,0.10493477027793535
p_30,t3_2r6a86,t1_cncxf4c,t1_cncxj5i,0.375,0.39344262295081966,-0.018442622950819665
p_31,t3_2r6a86,t1_cncz7ep,t1_cnd1czm,0.4,0.3218390804597701,0.07816091954022991
p_32,t3_2r6a86,t1_cncx9n7,t1_cnd9u6t,0.3684210526315789,0.3392857142857143,0.029135338345864625
p_33,t3_2r5o9o,t1_cncqcjt,t1_cncwesf,0.35,0.2608695652173913,0.08913043478260868
p_34,t3_2r5o9o,t1_cncp4k9,t1_cncvoxh,0.34782608695652173,0.29545454545454547,0.05237154150197626
p_35,t3_2r5o9o,t1_cncqhhb,t1_cncpluh,0.39285714285714285,0.2708333333333333,0.12202380952380953
p_36,t3_2r4u3k,t1_cncry40,t1_cncnikt,0.3684210526315789,0.4583333333333333,-0.08991228070175439
p_37,t3_2r4b8f,t1_cnch3ur,t1_cnchpr4,0.5257731958762887,0.379746835443038,0.14602636043325068
p_38,t3_2r3fa4,t1_cnc4l6o,t1_cnc6h09,0.4925373134328358,0.32786885245901637,0.16466846097381943
p_39,t3_2r39y4,t1_cnc2apj,t1_cnc69pi,0.31343283582089554,0.38333333333333336,-0.06990049751243782
p_41,t3_2r1qfw,t1_cnd3gva,t1_cnbpxtc,0.33962264150943394,0.30612244897959184,0.0335001925298421
p_42,t3_2r1omi,t1_cnblplo,t1_cnblyk8,0.2833333333333333,0.25396825396825395,0.029365079365079372
p_43,t3_2r1omi,t1_cnby5pl,t1_cnbl7tt,0.4057971014492754,0.29508196721311475,0.11071513423616064
p_44,t3_2r17g1,t1_cnbjfmc,t1_cnbjh0e,0.3392857142857143,0.23404255319148937,0.10524316109422494
p_45,t3_2r0eyf,t1_cncjlq6,t1_cnb8f1r,0.37037037037037035,0.39215686274509803,-0.021786492374727684
p_47,t3_2r07cv,t1_cnb5yjj,t1_cnbl2z0,0.36538461538461536,0.32142857142857145,0.04395604395604391
p_50,t3_2qzudy,t1_cnb75td,t1_cnb72w5,0.45588235294117646,0.13793103448275862,0.31795131845841784
p_51,t3_2qy21w,t1_cnaozch,t1_cnaxt0m,0.1896551724137931,0.35294117647058826,-0.16328600405679516
p_52,t3_2qvzyh,t1_cna6cd3,t1_cna4m9p,0.21739130434782608,0.3181818181818182,-0.1007905138339921
p_54,t3_2qu6fg,t1_cn9rm4s,t1_cn9jqcy,0.2463768115942029,0.3275862068965517,-0.0812093953023488
p_55,t3_2qtorn,t1_cn9ejzb,t1_cn9ezot,0.4307692307692308,0.39344262295081966,0.03732660781841113
p_56,t3_2qslmz,t1_cn96gyu,t1_cn96797,0.6226415094339622,0.4583333333333333,0.16430817610062892
p_57,t3_2qrlmm,t1_cn8uzj9,t1_cna3vcn,0.2,0.3684210526315789,-0.16842105263157892
p_58,t3_2qrlmm,t1_cn8va27,t1_cna3vcn,0.4594594594594595,0.3684210526315789,0.09103840682788056
p_59,t3_2qrbaf,t1_cn9b6ar,t1_cnajqzu,0.5084745762711864,0.4696969696969697,0.038777606574216694
p_60,t3_2qr8gn,t1_cn8tm9p,t1_cn8zxwa,0.390625,0.3870967741935484,0.0035282258064516236
p_61,t3_2qr8gn,t1_cn9b5po,t1_cn8tfsm,0.5063291139240507,0.4742268041237113,0.032102309800339346
p_62,t3_2qqxoy,t1_cn8oez8,t1_cn8o8sq,0.39344262295081966,0.4,-0.006557377049180357
p_63,t3_2qqa7z,t1_cn8hti0,t1_cn8hi2i,0.42592592592592593,0.27586206896551724,0.1500638569604087
p_64,t3_2qnzap,t1_cn7zx81,t1_cn7wwbo,0.3875,0.44,-0.05249999999999999
p_65,t3_2qnzap,t1_cn7x1ic,t1_cn7zlhv,0.4714285714285714,0.36,0.11142857142857143
p_66,t3_2qnu4z,t1_cn7xcvt,t1_cn8idg6,0.4186046511627907,0.41333333333333333,0.005271317829457389
p_67,t3_2qnu4z,t1_cn7wrhe,t1_cn8idg6,0.3972602739726027,0.41333333333333333,-0.016073059360730613
p_68,t3_2qncj3,t1_cn7tqy5,t1_cn7wgim,0.3194444444444444,0.3048780487804878,0.014566395663956622
p_73,t3_2qia6o,t1_cn7l5g4,t1_cn6ogzo,0.4931506849315068,0.4393939393939394,0.05375674553756743
p_72,t3_2qia6o,t1_cn6rxow,t1_cn6ot0g,0.42045454545454547,0.5333333333333333,-0.11287878787878786
p_74,t3_2qgpie,t1_cn620d0,t1_cn5z7c0,0.36585365853658536,0.2549019607843137,0.11095169775227165
p_77,t3_2qc1rl,t1_cn5sqpz,t1_cn50cq3,0.453125,0.4153846153846154,0.03774038461538459
p_80,t3_2qaf6l,t1_cn4h6d8,t1_cn4ba9v,0.2786885245901639,0.3333333333333333,-0.054644808743169404
p_81,t3_2q9fkx,t1_cn46e20,t1_cn4ebjb,0.38271604938271603,0.47619047619047616,-0.09347442680776014
p_83,t3_2q6x54,t1_cn3lhe7,t1_cn3f94v,0.3064516129032258,0.23636363636363636,0.07008797653958945
p_84,t3_2q6k6o,t1_cn3clj6,t1_cn3c0uh,0.4473684210526316,0.4956521739130435,-0.04828375286041192
p_85,t3_2q6816,t1_cn3a5px,t1_cn38xe9,0.5084745762711864,0.4927536231884058,0.015720953082780598
p_86,t3_2q6816,t1_cn3875x,t1_cn3b495,0.2545454545454545,0.3888888888888889,-0.13434343434343438
p_90,t3_2q388d,t1_cn2e530,t1_cn2pyft,0.4838709677419355,0.3333333333333333,0.15053763440860218
p_91,t3_2q388d,t1_cn2eaqu,t1_cn2pyft,0.2,0.3333333333333333,-0.1333333333333333
p_92,t3_2q388d,t1_cn2re9b,t1_cn2pyft,0.40860215053763443,0.3333333333333333,0.07526881720430112
p_93,t3_2q388d,t1_cn2e6rz,t1_cn2j7o1,0.3384615384615385,0.25925925925925924,0.07920227920227924
p_94,t3_2q2cxc,t1_cn28of2,t1_cn2g775,0.3283582089552239,0.41333333333333333,-0.08497512437810945
p_96,t3_2q0dpm,t1_cn1ti5g,t1_cn1p49g,0.38235294117647056,0.2727272727272727,0.10962566844919786
p_101,t3_2pxqz4,t1_cn13ybe,t1_cn0y99z,0.22807017543859648,0.41304347826086957,-0.1849733028222731
p_98,t3_2pxqz4,t1_cn11dcw,t1_cn0y99z,0.3793103448275862,0.41304347826086957,-0.03373313343328338
p_99,t3_2pxqz4,t1_cn0znyb,t1_cn0y99z,0.42,0.41304347826086957,0.006956521739130417
p_100,t3_2pxqz4,t1_cn11u7e,t1_cn12dq3,0.3709677419354839,0.35185185185185186,0.019115890083632014
p_103,t3_2pww37,t1_cn0q1m7,t1_cn0vhkj,0.38,0.3409090909090909,0.03909090909090912
p_105,t3_2pt2b2,t1_cmztgqz,t1_cmzvst5,0.49333333333333335,0.3880597014925373,0.10527363184079602
p_106,t3_2pt2b2,t1_cmzx0i4,t1_cmzv05o,0.2923076923076923,0.31746031746031744,-0.02515262515262512
p_107,t3_2ps2mr,t1_cmzhxux,t1_cmzyju1,0.5428571428571428,0.5308641975308642,0.011992945326278592
p_108,t3_2pqfx4,t1_cmzmqbt,t1_cmz3fhx,0.46987951807228917,0.3055555555555556,0.1643239625167336
p_109,t3_2ppxgu,t1_cmz3fxo,t1_cmz3hz0,0.524390243902439,0.3625,0.16189024390243906
p_110,t3_2pp7pp,t1_cmyupjh,t1_cmyxcrc,0.4146341463414634,0.40869565217391307,0.005938494167550323
p_112,t3_2pnm9s,t1_cmytc0t,t1_cmycunf,0.5277777777777778,0.45161290322580644,0.07616487455197135
p_114,t3_2pm08t,t1_cmxwzlp,t1_cmxwyti,0.4189189189189189,0.3283582089552239,0.09056070996369503
p_116,t3_2pjmrj,t1_cmxddb6,t1_cmxj3jh,0.4939759036144578,0.3783783783783784,0.11559752523607941
p_117,t3_2pjbkm,t1_cmx7wpk,t1_cmx81vs,0.3559322033898305,0.3389830508474576,0.01694915254237289
p_119,t3_2pjbkm,t1_cmx86kb,t1_cmx81vs,0.26153846153846155,0.3389830508474576,-0.07744458930899606
p_118,t3_2pjbkm,t1_cmx7tet,t1_cmx7r0l,0.3137254901960784,0.30612244897959184,0.0076030412164865835
p_120,t3_2pimzj,t1_cmx2c61,t1_cmy635r,0.25,0.2982456140350877,-0.0482456140350877
p_122,t3_2phwfa,t1_cmwy98c,t1_cmwvzit,0.2222222222222222,0.2765957446808511,-0.054373522458628865
p_123,t3_2pfatz,t1_cmw8af0,t1_cmw5dme,0.3333333333333333,0.3103448275862069,0.02298850574712641
p_124,t3_2pf19b,t1_cmw30ng,t1_cmw5vwc,0.4027777777777778,0.5,-0.09722222222222221
p_125,t3_2pb90y,t1_cmw6nes,t1_cmv8x0x,0.09615384615384616,0.17307692307692307,-0.07692307692307691
p_126,t3_2pata1,t1_cmuzv8n,t1_cmuzku3,0.40625,0.3333333333333333,0.07291666666666669
p_128,t3_2pata1,t1_cmv1bja,t1_cmuzw1v,0.38028169014084506,0.3064516129032258,0.07383007723761925
p_129,t3_2pata1,t1_cmv1kvh,t1_cmuzw1v,0.22413793103448276,0.3064516129032258,-0.08231368186874305
p_130,t3_2paiy7,t1_cmuuepa,t1_cmuuubv,0.24193548387096775,0.3389830508474576,-0.09704756697648986
p_132,t3_2pa8qe,t1_cmvck77,t1_cmuygdo,0.31666666666666665,0.3333333333333333,-0.016666666666666663
p_134,t3_2p8w9e,t1_cmuem3l,t1_cmuesb3,0.3404255319148936,0.3333333333333333,0.007092198581560294
p_135,t3_2p8d3m,t1_cmub3xl,t1_cmuaujo,0.35135135135135137,0.36538461538461536,-0.014033264033263992
p_140,t3_2p3d0h,t1_cmsyikr,t1_cmt2dzd,0.3484848484848485,0.3382352941176471,0.01024955436720143
p_141,t3_2p3d0h,t1_cmszlym,t1_cmszanf,0.4235294117647059,0.4074074074074074,0.01612200435729849
p_144,t3_2p11bw,t1_cmsf46p,t1_cmsib92,0.24561403508771928,0.42857142857142855,-0.18295739348370926
p_145,t3_2p0xu8,t1_cmsgy2p,t1_cmsbh89,0.390625,0.4318181818181818,-0.04119318181818182
p_148,t3_2ox2nh,t1_cmrepwp,t1_cms5gvq,0.3103448275862069,0.32926829268292684,-0.018923465096719938
p_149,t3_2ox2nh,t1_cmrgr22,t1_cms5gvq,0.390625,0.32926829268292684,0.061356707317073156
p_151,t3_2ouj9f,t1_cmqnl31,t1_cmqrfg1,0.5555555555555556,0.4375,0.11805555555555558
p_153,t3_2ottrr,t1_cmqmfx7,t1_cmqnqbl,0.39473684210526316,0.44285714285714284,-0.048120300751879674
p_155,t3_2osnqc,t1_cmqhv5l,t1_cmresyd,0.4868421052631579,0.3548387096774194,0.13200339558573854
p_157,t3_2orfda,t1_cmpt6sy,t1_cmpxkl7,0.6388888888888888,0.5436893203883495,0.09519956850053934
p_158,t3_2opfa2,t1_cmpp5ft,t1_cmpbzl7,0.24489795918367346,0.20833333333333334,0.03656462585034012
p_159,t3_2opfa2,t1_cmpb0pv,t1_cmpbzl7,0.32,0.20833333333333334,0.11166666666666666
p_162,t3_2ook4i,t1_cmp3ql5,t1_cmp6pe7,0.4342105263157895,0.21666666666666667,0.21754385964912282
p_163,t3_2ook4i,t1_cmp3sav,t1_cmp6pe7,0.29508196721311475,0.21666666666666667,0.07841530054644807
p_164,t3_2oo3qw,t1_cmp0nen,t1_cmoz1u8,0.5368421052631579,0.5542168674698795,-0.017374762206721628
p_165,t3_2onx4o,t1_cmpcp85,t1_cmowl2j,0.32727272727272727,0.3387096774193548,-0.011436950146627545
p_166,t3_2olm34,t1_cmogsmw,t1_cmobov1,0.4406779661016949,0.35,0.09067796610169493
p_167,t3_2okzs7,t1_cmo88eb,t1_cmo4r1b,0.36764705882352944,0.21739130434782608,0.15025575447570336
p_168,t3_2okzs7,t1_cmobl8p,t1_cmo50pz,0.4262295081967213,0.41025641025641024,0.015973097940311043
p_170,t3_2okad4,t1_cmo23yr,t1_cmo8tg2,0.4430379746835443,0.4166666666666667,0.026371308016877593
p_171,t3_2okad4,t1_cmo8ojn,t1_cmoaise,0.43243243243243246,0.5142857142857142,-0.08185328185328178
p_172,t3_2oj6fq,t1_cmnogog,t1_cmnorxs,0.3472222222222222,0.23529411764705882,0.11192810457516339
p_173,t3_2oihml,t1_cmnhr07,t1_cmnhhi8,0.43283582089552236,0.3870967741935484,0.045739046701973984
p_176,t3_2od6s9,t1_cmm80hm,t1_cmm6iu4,0.2727272727272727,0.25,0.022727272727272707
p_177,t3_2o6paa,t1_cmkar1d,t1_cmk90wu,0.38666666666666666,0.3181818181818182,0.06848484848484848
p_178,t3_2o66aa,t1_cmktxrs,t1_cmkb48q,0.5222222222222223,0.4691358024691358,0.05308641975308648
p_179,t3_2o3imb,t1_cmjfisw,t1_cmjf4wj,0.39344262295081966,0.28888888888888886,0.1045537340619308
p_180,t3_2o2kga,t1_cmj4gzw,t1_cmj4j7t,0.4166666666666667,0.39344262295081966,0.02322404371584702
p_182,t3_2o0cgz,t1_cmijvd2,t1_cmj6omn,0.4166666666666667,0.19148936170212766,0.22517730496453903
p_184,t3_2nzz4f,t1_cmig3tq,t1_cmigugj,0.4264705882352941,0.34782608695652173,0.07864450127877237
p_185,t3_2nzz4f,t1_cmig8jp,t1_cmigugj,0.4444444444444444,0.34782608695652173,0.09661835748792269
p_188,t3_2nycpk,t1_cmi2cok,t1_cmi07y5,0.2926829268292683,0.34210526315789475,-0.04942233632862647
p_189,t3_2nycpk,t1_cmi0pj8,t1_cmi1upk,0.29310344827586204,0.3103448275862069,-0.017241379310344862
p_192,t3_2nvoj9,t1_cmhbmic,t1_cmhh0hd,0.16666666666666666,0.46875,-0.30208333333333337
p_194,t3_2nurqb,t1_cmhj4k1,t1_cmh25d1,0.34615384615384615,0.40625,-0.060096153846153855
p_197,t3_2ns94k,t1_cmge1ce,t1_cmgdr4w,0.35714285714285715,0.325,0.03214285714285714
p_201,t3_2nn1t8,t1_cmf6dis,t1_cmf9lck,0.5227272727272727,0.3956043956043956,0.12712287712287712
p_203,t3_2nlqpd,t1_cmep4vb,t1_cmescql,0.35135135135135137,0.32653061224489793,0.024820739106453438
p_204,t3_2njpov,t1_cme8uee,t1_cme7zu7,0.35294117647058826,0.31746031746031744,0.035480859010270815
p_207,t3_2nhvh5,t1_cme6tfj,t1_cme00q3,0.39473684210526316,0.4880952380952381,-0.09335839598997492
p_208,t3_2nfgyu,t1_cmd8966,t1_cmdakad,0.4117647058823529,0.2826086956521739,0.12915601023017903
p_210,t3_2nfgyu,t1_cmdtb2g,t1_cmdla4k,0.358974358974359,0.3333333333333333,0.02564102564102566
p_211,t3_2neyur,t1_cmd1tqr,t1_cmd1oh5,0.3783783783783784,0.41333333333333333,-0.03495495495495493
p_212,t3_2nejw6,t1_cmcw398,t1_cmcx4w0,0.3076923076923077,0.29508196721311475,0.01261034047919296
p_213,t3_2ndhkz,t1_cmd8rka,t1_cmco92x,0.25,0.43333333333333335,-0.18333333333333335
p_214,t3_2nccrb,t1_cmcdwlz,t1_cmcd35f,0.22580645161290322,0.34328358208955223,-0.11747713047664901
p_215,t3_2nbz5b,t1_cmca2tl,t1_cmcmvds,0.3709677419354839,0.4714285714285714,-0.10046082949308754
p_218,t3_2nbeuf,t1_cmcfhk8,t1_cmc4eif,0.3898305084745763,0.2962962962962963,0.09353421217828001
p_217,t3_2nbeuf,t1_cmcdl7k,t1_cmcs0t1,0.23529411764705882,0.22641509433962265,0.008879023307436174
p_222,t3_2n8psp,t1_cmbkvaw,t1_cmbempi,0.36619718309859156,0.4225352112676056,-0.056338028169014065
p_224,t3_2n8psp,t1_cmbnpay,t1_cmbzbs2,0.3645833333333333,0.3541666666666667,0.01041666666666663
p_225,t3_2n8psp,t1_cmc2p7e,t1_cmbi6o3,0.4225352112676056,0.38596491228070173,0.03657029898690389
p_226,t3_2n6s5w,t1_cmav500,t1_cmax5qt,0.38823529411764707,0.3620689655172414,0.026166328600405686
p_227,t3_2n4aay,t1_cmac7sf,t1_cma6qfq,0.24528301886792453,0.3333333333333333,-0.08805031446540879
p_229,t3_2n2wu5,t1_cm9u4m0,t1_cm9uau6,0.3469387755102041,0.2692307692307692,0.07770800627943486
p_230,t3_2mzkhr,t1_cm931kl,t1_cm92k7o,0.391304347826087,0.2903225806451613,0.10098176718092566
p_232,t3_2mw3l4,t1_cm83s8f,t1_cm875yc,0.3333333333333333,0.3442622950819672,-0.010928961748633892
p_234,t3_2mv3n4,t1_cm83yv8,t1_cm805jt,0.46,0.4782608695652174,-0.018260869565217386
p_236,t3_2mr590,t1_cm6tqwt,t1_cm6umtg,0.3484848484848485,0.2833333333333333,0.06515151515151518
p_237,t3_2mqzo8,t1_cm6skkb,t1_cm6usez,0.3076923076923077,0.45454545454545453,-0.14685314685314682
p_238,t3_2mqujn,t1_cm7jdj2,t1_cm6wgd3,0.34,0.3835616438356164,-0.04356164383561639
p_239,t3_2mq7ib,t1_cm6ltar,t1_cm6oe3f,0.2608695652173913,0.38095238095238093,-0.12008281573498963
p_240,t3_2mptvb,t1_cm6m7jr,t1_cm6q0wq,0.5108695652173914,0.5483870967741935,-0.03751753155680215
p_241,t3_2mo4fl,t1_cm613kx,t1_cm5zuuo,0.49333333333333335,0.3380281690140845,0.15530516431924885
p_242,t3_2mnthx,t1_cm5xikh,t1_cm660yf,0.3508771929824561,0.3888888888888889,-0.038011695906432774
p_245,t3_2mnthx,t1_cm627rv,t1_cm660yf,0.3076923076923077,0.3888888888888889,-0.08119658119658119
p_246,t3_2mnpdh,t1_cm6nlky,t1_cm65r7g,0.41379310344827586,0.4473684210526316,-0.033575317604355726
p_248,t3_2mm2dl,t1_cm5j6hr,t1_cm5iqtr,0.22058823529411764,0.3333333333333333,-0.11274509803921567
p_247,t3_2mm2dl,t1_cm5ikfo,t1_cm5imes,0.26666666666666666,0.2978723404255319,-0.031205673758865238
p_249,t3_2mlvww,t1_cm5gv0j,t1_cm5fmvt,0.39344262295081966,0.2982456140350877,0.09519700891573196
p_250,t3_2mikc0,t1_cm4o1vc,t1_cm4l9f4,0.42857142857142855,0.32608695652173914,0.10248447204968941
p_251,t3_2mfr85,t1_cm3vvc3,t1_cm3xij2,0.3333333333333333,0.30357142857142855,0.029761904761904767
p_252,t3_2mfr85,t1_cm3wzw1,t1_cm3s6tg,0.42528735632183906,0.4642857142857143,-0.03899835796387524
p_255,t3_2mczo6,t1_cm330i1,t1_cm36hij,0.27586206896551724,0.38596491228070173,-0.1101028433151845
p_257,t3_2m9le3,t1_cm2e6er,t1_cm31flt,0.494949494949495,0.5204081632653061,-0.025458668315811173
p_258,t3_2m9le3,t1_cm2g5du,t1_cm31flt,0.5638297872340425,0.5204081632653061,0.04342162396873639
p_259,t3_2m9ifg,t1_cm26bmh,t1_cm2cio0,0.21794871794871795,0.16216216216216217,0.05578655578655578
p_260,t3_2m5248,t1_cm11puj,t1_cm1w5lh,0.27692307692307694,0.3,-0.02307692307692305
p_261,t3_2m34jb,t1_cm0licf,t1_cm0sbmk,0.43023255813953487,0.4166666666666667,0.013565891472868186
p_262,t3_2lzrmg,t1_clzo5rz,t1_clzn6zp,0.4533333333333333,0.3835616438356164,0.0697716894977169
p_263,t3_2lzrmg,t1_clzq2xu,t1_clzow1h,0.525,0.5108695652173914,0.01413043478260867
p_264,t3_2lzhcj,t1_clzk61h,t1_clzmzlv,0.3235294117647059,0.29508196721311475,0.02844744455159115
p_265,t3_2lxha7,t1_clz4fjz,t1_clz6u94,0.47058823529411764,0.28735632183908044,0.1832319134550372
p_266,t3_2lxha7,t1_clz6dii,t1_clz2zlh,0.5567010309278351,0.4186046511627907,0.13809637976504435
p_267,t3_2lxha7,t1_clz6jmw,t1_clz6u94,0.47,0.28735632183908044,0.18264367816091953
p_268,t3_2lwzlt,t1_clyyqcm,t1_clyz82q,0.4,0.3246753246753247,0.07532467532467535
p_269,t3_2lwzlt,t1_clz3eem,t1_clyzhrn,0.45652173913043476,0.3815789473684211,0.07494279176201368
p_270,t3_2lwv67,t1_clywrsu,t1_clywnxb,0.4,0.2916666666666667,0.10833333333333334
p_272,t3_2lvdpt,t1_clykbog,t1_clyi7eq,0.4098360655737705,0.3584905660377358,0.05134549953603468
p_274,t3_2lvano,t1_clyh39w,t1_clyhfb1,0.26,0.3103448275862069,-0.0503448275862069
p_275,t3_2luhkp,t1_clyejs2,t1_clyfg14,0.4,0.3170731707317073,0.0829268292682927
p_277,t3_2ls0mt,t1_clxsuzu,t1_clxs28i,0.3230769230769231,0.30612244897959184,0.01695447409733125
p_278,t3_2lrnbm,t1_clxhtmt,t1_clxl2fj,0.4,0.43137254901960786,-0.03137254901960784
p_279,t3_2lqmp9,t1_clxaoqd,t1_clxmady,0.24489795918367346,0.3389830508474576,-0.09408509166378415
p_283,t3_2lorq2,t1_clwr4fw,t1_clwvc1q,0.4461538461538462,0.417910447761194,0.028243398392652164
p_286,t3_2lo786,t1_clwsiei,t1_clwl8yv,0.4142857142857143,0.38596491228070173,0.02832080200501258
p_287,t3_2lo786,t1_clwrur8,t1_clwvtrz,0.3584905660377358,0.4,-0.0415094339622642
p_289,t3_2llfy2,t1_clvxvqf,t1_clvyf5z,0.4666666666666667,0.31343283582089554,0.15323383084577114
p_288,t3_2llfy2,t1_clvxvbb,t1_clvyf5z,0.4533333333333333,0.31343283582089554,0.13990049751243777
p_290,t3_2ljn6y,t1_clvf7hk,t1_clvgued,0.36231884057971014,0.22950819672131148,0.13281064385839866
p_291,t3_2ljn6y,t1_clvf3sn,t1_clvg96j,0.39705882352941174,0.47692307692307695,-0.07986425339366521
p_293,t3_2lhzxl,t1_cluxxzr,t1_cluy5d5,0.4230769230769231,0.3611111111111111,0.06196581196581197
p_294,t3_2lhzxl,t1_cluy594,t1_cluzvgm,0.32432432432432434,0.44594594594594594,-0.1216216216216216
p_296,t3_2le6r2,t1_cltxkan,t1_cltxdco,0.34615384615384615,0.34,0.006153846153846121
p_298,t3_2ldsgu,t1_cltyfh2,t1_cltt3fn,0.42857142857142855,0.4230769230769231,0.005494505494505475
p_302,t3_2l9paa,t1_clspte1,t1_clsvj5h,0.36363636363636365,0.25,0.11363636363636365
p_303,t3_2l6x4s,t1_cls2ahn,t1_cls2eiw,0.3815789473684211,0.3142857142857143,0.0672932330827068
p_305,t3_2l6s0m,t1_cls56tt,t1_cls5hqx,0.4810126582278481,0.4666666666666667,0.014345991561181437
p_306,t3_2l3xj1,t1_clrpq69,t1_clrfe8c,0.3793103448275862,0.15384615384615385,0.22546419098143233
p_307,t3_2kypt8,t1_clpvnyi,t1_clpvnbz,0.23076923076923078,0.29545454545454547,-0.06468531468531469
p_308,t3_2kypt8,t1_clpwjwi,t1_clpzajn,0.32142857142857145,0.3829787234042553,-0.061550151975683864
p_309,t3_2kx0t8,t1_clphwg9,t1_clpl2cj,0.25,0.2,0.04999999999999999
p_311,t3_2kuu7n,t1_clp4w50,t1_cloyjd8,0.4461538461538462,0.5692307692307692,-0.12307692307692303
p_310,t3_2kuu7n,t1_clp4b7x,t1_clp3n3x,0.44594594594594594,0.5806451612903226,-0.13469921534437668
p_313,t3_2kqfel,t1_clnulai,t1_clntjxy,0.1926605504587156,0.3148148148148148,-0.12215426435609922
p_314,t3_2kqfel,t1_clnttl9,t1_clomsf7,0.42201834862385323,0.36036036036036034,0.06165798826349289
p_315,t3_2kose9,t1_clnb50a,t1_clnb6hg,0.40404040404040403,0.3717948717948718,0.03224553224553223
p_316,t3_2ko5tx,t1_cln523m,t1_cln4fit,0.4696969696969697,0.3111111111111111,0.1585858585858586
p_318,t3_2kkqbm,t1_clmbeod,t1_clm9hyb,0.5125,0.49382716049382713,0.018672839506172823
p_319,t3_2kko3q,t1_clm9cj5,t1_clmew0k,0.42857142857142855,0.3,0.12857142857142856
p_322,t3_2kko3q,t1_clmb52s,t1_clm9cuo,0.43820224719101125,0.4875,-0.04929775280898874
p_324,t3_2kk7pc,t1_clm4luc,t1_clm2hsa,0.352112676056338,0.43661971830985913,-0.08450704225352113
p_325,t3_2kgrtb,t1_cll64ro,t1_cll7z9y,0.30357142857142855,0.3125,-0.008928571428571452
p_326,t3_2kgrtb,t1_cll6vkk,t1_cll7z9y,0.3424657534246575,0.3125,0.029965753424657515
p_328,t3_2kdqq8,t1_clkkhs8,t1_clktv9z,0.3442622950819672,0.37735849056603776,-0.033096195484070556
p_330,t3_2kcnzq,t1_clk2ygk,t1_clk0kv6,0.25,0.45098039215686275,-0.20098039215686275
p_331,t3_2kacra,t1_cljftmb,t1_cljqwum,0.3090909090909091,0.49019607843137253,-0.18110516934046345
p_332,t3_2ka7la,t1_cljglg2,t1_cljepyl,0.2608695652173913,0.4375,-0.1766304347826087
p_333,t3_2k7hdx,t1_clirc4j,t1_clio0tt,0.35,0.29545454545454547,0.05454545454545451
p_334,t3_2k6r90,t1_clih2os,t1_clih4bd,0.4074074074074074,0.33766233766233766,0.06974506974506972
p_335,t3_2k6r90,t1_clij0jm,t1_clih4bd,0.43209876543209874,0.33766233766233766,0.09443642776976108
p_336,t3_2k6r90,t1_cliklzw,t1_cligqv5,0.3770491803278688,0.45,-0.07295081967213118
p_337,t3_2k6r90,t1_clifxg1,t1_cligjkm,0.34,0.21153846153846154,0.1284615384615385
p_338,t3_2k6gif,t1_clicob1,t1_clifs1j,0.32786885245901637,0.4117647058823529,-0.08389585342333655
p_339,t3_2k4hym,t1_clhtpwj,t1_clhv3j1,0.3148148148148148,0.2558139534883721,0.05900086132644272
p_340,t3_2k49mm,t1_clhusz2,t1_clhupbu,0.4098360655737705,0.34782608695652173,0.06200997861724877
p_341,t3_2k3k0f,t1_clhk37s,t1_clhkbr9,0.4444444444444444,0.2608695652173913,0.18357487922705312
p_342,t3_2k3k0f,t1_clhqb2i,t1_clhkbr9,0.3,0.2608695652173913,0.03913043478260869
p_343,t3_2k38kl,t1_clhr282,t1_clhhr4x,0.3103448275862069,0.2682926829268293,0.04205214465937762
p_344,t3_2k36w0,t1_clhgvwv,t1_cli2kib,0.35714285714285715,0.47058823529411764,-0.11344537815126049
p_345,t3_2k36w0,t1_cli8oco,t1_clhjrth,0.38636363636363635,0.42105263157894735,-0.03468899521531099
p_346,t3_2k2szz,t1_clhdjlr,t1_clhg601,0.3333333333333333,0.22807017543859648,0.10526315789473684
p_347,t3_2k1utj,t1_clh4smk,t1_clh4kow,0.3548387096774194,0.21052631578947367,0.1443123938879457
p_348,t3_2k1utj,t1_clh4t7a,t1_clhgd1b,0.4032258064516129,0.26,0.14322580645161287
p_349,t3_2k1utj,t1_clhb9mi,t1_clh4kow,0.2676056338028169,0.21052631578947367,0.057079318013343205
p_351,t3_2k1puo,t1_clh63i4,t1_clh5f05,0.26744186046511625,0.2839506172839506,-0.016508756818834347
p_352,t3_2k1puo,t1_clh65uf,t1_clhvr2d,0.580952380952381,0.3617021276595745,0.2192502532928065
p_353,t3_2k1puo,t1_clh65j4,t1_clhvr2d,0.47191011235955055,0.3617021276595745,0.11020798469997606
p_354,t3_2k1puo,t1_cli979e,t1_clhkzsx,0.2988505747126437,0.44086021505376344,-0.14200964034111974
p_355,t3_2k19cr,t1_clgz4c8,t1_clh5opp,0.26666666666666666,0.35294117647058826,-0.0862745098039216
p_357,t3_2k19cr,t1_clgz8mq,t1_clh4fvz,0.5121951219512195,0.4117647058823529,0.1004304160688666
p_358,t3_2k17kl,t1_clhphu8,t1_clgytu5,0.0,0.32,-0.32
p_359,t3_2k16fy,t1_clh464b,t1_clh7dae,0.35,0.2765957446808511,0.0734042553191489
p_360,t3_2k0t4m,t1_clh2kiw,t1_cliiz93,0.49295774647887325,0.38028169014084506,0.11267605633802819
p_362,t3_2k08pw,t1_clgrnar,t1_clgppqb,0.3880597014925373,0.375,0.013059701492537323
p_367,t3_2jvv3h,t1_clfmf4m,t1_clfkc2t,0.24615384615384617,0.265625,-0.019471153846153832
p_368,t3_2jug85,t1_clf92x6,t1_clfbqwz,0.36363636363636365,0.2459016393442623,0.11773472429210136
p_369,t3_2jug85,t1_clf7frm,t1_clffyeo,0.5,0.31746031746031744,0.18253968253968256
p_370,t3_2ju07o,t1_clf6o33,t1_clf2f0m,0.4117647058823529,0.43636363636363634,-0.02459893048128342
p_371,t3_2jtpcj,t1_clf007u,t1_clf0si6,0.5697674418604651,0.4225352112676056,0.1472322305928595
p_372,t3_2jr2px,t1_clec1be,t1_clefsfa,0.36619718309859156,0.39344262295081966,-0.027245439852228104
p_373,t3_2jpazx,t1_cldtopl,t1_cldtw4w,0.423728813559322,0.3492063492063492,0.07452246435297283
p_374,t3_2jp9x4,t1_cldt2z1,t1_cldu76n,0.29508196721311475,0.375,-0.07991803278688525
p_375,t3_2jp9x4,t1_clekeze,t1_clegi91,0.32,0.2807017543859649,0.03929824561403511
p_378,t3_2jk5tw,t1_clciqy4,t1_clcualb,0.4675324675324675,0.2545454545454545,0.212987012987013
p_380,t3_2jk4dx,t1_clcyeh9,t1_clcuzkf,0.3492063492063492,0.23255813953488372,0.11664820967146547
p_382,t3_2jgtvo,t1_clbpx86,t1_clbm2rj,0.3333333333333333,0.3333333333333333,0.0
p_383,t3_2jd1e2,t1_clal24g,t1_clanf9e,0.3698630136986301,0.24489795918367346,0.12496505451495665
p_384,t3_2jd1e2,t1_clarvlb,t1_clanf9e,0.4057971014492754,0.24489795918367346,0.16089914226560192
p_385,t3_2jd1e2,t1_claktmk,t1_clanf9e,0.27419354838709675,0.24489795918367346,0.02929558920342329
p_387,t3_2jaz9o,t1_claaior,t1_cla6j13,0.23529411764705882,0.32608695652173914,-0.09079283887468031
p_388,t3_2jalt8,t1_clawz3s,t1_cla00dw,0.44776119402985076,0.45901639344262296,-0.011255199412772199
p_389,t3_2jalrh,t1_cl9xfk4,t1_cl9zbqs,0.2833333333333333,0.24390243902439024,0.03943089430894309
p_390,t3_2jaiv1,t1_cl9wvir,t1_cl9x4n6,0.3770491803278688,0.3508771929824561,0.026171987345412706
p_391,t3_2j7xhu,t1_cl97sqh,t1_cl96t4g,0.3877551020408163,0.21568627450980393,0.17206882753101238
p_394,t3_2j7gwy,t1_cl96wx9,t1_cl9fm82,0.5612244897959183,0.54,0.02122448979591829
p_395,t3_2j7gwy,t1_cl9cn39,t1_cl9dn9l,0.4659090909090909,0.2777777777777778,0.1881313131313131
p_396,t3_2j7d65,t1_cl91nh6,t1_cl91k1d,0.3157894736842105,0.22916666666666666,0.08662280701754385
p_398,t3_2j6t16,t1_cl92lzn,t1_cl97wok,0.32727272727272727,0.36231884057971014,-0.03504611330698287
p_400,t3_2j5jvu,t1_cl9bkpg,t1_cl8o6tc,0.3626373626373626,0.37254901960784315,-0.00991165697048052
p_403,t3_2j3b5u,t1_cl80w0h,t1_cl8gnj4,0.2222222222222222,0.22857142857142856,-0.006349206349206354
p_407,t3_2j3b5u,t1_cl8dhjd,t1_cl85v1i,0.4166666666666667,0.32432432432432434,0.09234234234234234
p_406,t3_2j3b5u,t1_cl89ycu,t1_cl85v1i,0.4,0.32432432432432434,0.07567567567567568
p_408,t3_2j3aav,t1_cl840b4,t1_cl849y1,0.32786885245901637,0.3968253968253968,-0.06895654436638043
p_409,t3_2j28la,t1_cl7q1dy,t1_cl858g0,0.35714285714285715,0.3137254901960784,0.043417366946778724
p_410,t3_2j28la,t1_cl7p4at,t1_cl83vyl,0.43333333333333335,0.375,0.05833333333333335
p_411,t3_2j28la,t1_cl7ri4n,t1_cl858g0,0.5081967213114754,0.3137254901960784,0.194471231115397
p_412,t3_2j28la,t1_cl81bji,t1_cl858g0,0.49295774647887325,0.3137254901960784,0.17923225628279482
p_413,t3_2j196u,t1_cl7nh5y,t1_cl7qbkn,0.42857142857142855,0.45569620253164556,-0.027124773960217008
p_415,t3_2izt1m,t1_cl7icjq,t1_cl7elqy,0.4473684210526316,0.33783783783783783,0.10953058321479375
p_416,t3_2izt1m,t1_cl7sekd,t1_cl75zb3,0.5533980582524272,0.5616438356164384,-0.00824577736401122
p_418,t3_2izjkk,t1_cl6xo3s,t1_cl74g9q,0.36666666666666664,0.23880597014925373,0.12786069651741291
p_419,t3_2izjkk,t1_cl6ygkg,t1_cl6xy7n,0.42105263157894735,0.35135135135135137,0.06970128022759597
p_420,t3_2izeqi,t1_cl6wpkg,t1_cl6w17t,0.323943661971831,0.423728813559322,-0.09978515158749102
p_422,t3_2ixmih,t1_cl6muq9,t1_cl6mipr,0.42696629213483145,0.4117647058823529,0.015201586252478527
p_423,t3_2ixmih,t1_cl6ozsr,t1_cl6o7jv,0.5402298850574713,0.43902439024390244,0.10120549481356883
p_427,t3_2ixatz,t1_cl8dw9u,t1_cl6g9da,0.25862068965517243,0.4588235294117647,-0.20020283975659225
p_425,t3_2ixatz,t1_cl6fauf,t1_cl6z31r,0.4444444444444444,0.2962962962962963,0.14814814814814814
p_426,t3_2ixatz,t1_cl6iqft,t1_cl6gf5b,0.3114754098360656,0.3269230769230769,-0.01544766708701134
p_428,t3_2iwzsp,t1_cl6ay84,t1_cl6c988,0.3492063492063492,0.40425531914893614,-0.055048969942586956
p_429,t3_2iwzsp,t1_cl6bhfy,t1_cl6c988,0.375,0.40425531914893614,-0.029255319148936143
p_430,t3_2iwveo,t1_cl6b8u3,t1_cl69lxd,0.4155844155844156,0.38666666666666666,0.028917748917748953
p_431,t3_2iwveo,t1_cl800qa,t1_cl69lxd,0.48,0.38666666666666666,0.09333333333333332
p_432,t3_2ivx0l,t1_cl67lqu,t1_cl67bty,0.43859649122807015,0.47540983606557374,-0.03681334483750359
p_434,t3_2iv4za,t1_cl5slm3,t1_cl5s53p,0.23684210526315788,0.41025641025641024,-0.17341430499325236
p_435,t3_2iuaxc,t1_cl5nwpb,t1_cl5jk46,0.4358974358974359,0.2916666666666667,0.14423076923076922
p_437,t3_2isiv7,t1_cl525xl,t1_cl549xt,0.46296296296296297,0.2619047619047619,0.20105820105820105
p_439,t3_2irrk7,t1_cl4wjj0,t1_cl4u4v3,0.5666666666666667,0.34782608695652173,0.21884057971014492
p_438,t3_2irrk7,t1_cl4wdvv,t1_cl52znp,0.5098039215686274,0.49,0.019803921568627425
p_440,t3_2irrk7,t1_cl4y7m2,t1_cl58m5a,0.5961538461538461,0.4631578947368421,0.13299595141700404
p_441,t3_2ir1vh,t1_cl4nafc,t1_cl4pno4,0.391304347826087,0.29310344827586204,0.09820089955022493
p_443,t3_2iovvi,t1_cl43i7i,t1_cl42uon,0.3333333333333333,0.4418604651162791,-0.10852713178294576
p_444,t3_2inzpj,t1_cl3wpb9,t1_cl3udkv,0.4307692307692308,0.4,0.03076923076923077
p_445,t3_2ina28,t1_cl3s9jc,t1_cl3neuz,0.3191489361702128,0.2391304347826087,0.08001850138760408
p_449,t3_2il3zi,t1_cl3rzx9,t1_cl3bvmc,0.40384615384615385,0.484375,-0.08052884615384615
p_450,t3_2ikw3y,t1_cl371yt,t1_cl333zm,0.2962962962962963,0.30612244897959184,-0.009826152683295564
p_451,t3_2iht9m,t1_cl2lqsw,t1_cl2gvmp,0.3563218390804598,0.2972972972972973,0.059024541783162465
p_452,t3_2igw1u,t1_cl25sfq,t1_cl22odo,0.5287356321839081,0.44155844155844154,0.08717719062546653
p_453,t3_2idrbt,t1_cl1a71q,t1_cl1ab8j,0.45121951219512196,0.3939393939393939,0.05728011825572804
p_454,t3_2idrbt,t1_cl1duod,t1_cl1dfkj,0.49056603773584906,0.4444444444444444,0.04612159329140464
p_455,t3_2icu72,t1_cl11doa,t1_cl1s0iw,0.3880597014925373,0.3787878787878788,0.009271822704658539
p_456,t3_2ia71k,t1_cl0aa4e,t1_cl09ezh,0.41818181818181815,0.43103448275862066,-0.012852664576802508
p_457,t3_2ia687,t1_cl09frn,t1_cl0qx79,0.33783783783783783,0.37037037037037035,-0.03253253253253252
p_460,t3_2i87x9,t1_ckzt3jo,t1_ckzrx1b,0.26153846153846155,0.23809523809523808,0.02344322344322347
p_461,t3_2i7mpy,t1_ckzo815,t1_ckzptel,0.3220338983050847,0.25806451612903225,0.06396938217605247
p_464,t3_2i74db,t1_ckzhoas,t1_ckzmg42,0.3829787234042553,0.36507936507936506,0.017899358324890258
p_466,t3_2i74db,t1_ckzk199,t1_ckzh5vf,0.3191489361702128,0.2708333333333333,0.04831560283687947
p_465,t3_2i74db,t1_ckzhr6u,t1_ckzmg42,0.4107142857142857,0.36507936507936506,0.04563492063492064
p_467,t3_2i74db,t1_ckzp8g2,t1_ckzhplg,0.24,0.2857142857142857,-0.04571428571428571
p_468,t3_2i74db,t1_cl0olzx,t1_ckzivxw,0.4583333333333333,0.2553191489361702,0.20301418439716312
p_469,t3_2i6wcg,t1_ckzjivu,t1_ckzqgtr,0.4069767441860465,0.36486486486486486,0.042111879321181656
p_470,t3_2i6sq2,t1_ckzd013,t1_ckzmvnc,0.16,0.15217391304347827,0.007826086956521733
p_472,t3_2i53gm,t1_ckyxxzr,t1_ckzkrjm,0.3888888888888889,0.3111111111111111,0.07777777777777778
p_474,t3_2i53gm,t1_ckyxdye,t1_ckyz4tk,0.4,0.3409090909090909,0.05909090909090914
p_473,t3_2i53gm,t1_ckz0h04,t1_ckzj5lk,0.43103448275862066,0.3880597014925373,0.04297478126608334
p_475,t3_2i4ujn,t1_ckz1of3,t1_ckyu5rm,0.4946236559139785,0.4266666666666667,0.0679569892473118
p_476,t3_2i48ap,t1_ckyt6o8,t1_ckyqbf3,0.39285714285714285,0.3275862068965517,0.06527093596059114
p_477,t3_2i1d99,t1_ckxyj6k,t1_cky3jbs,0.4647887323943662,0.2545454545454545,0.21024327784891167
p_479,t3_2i0v1l,t1_ckxu8a4,t1_cky4z54,0.40963855421686746,0.4,0.009638554216867434
p_480,t3_2i0v1l,t1_ckxvp3i,t1_cky4z54,0.3611111111111111,0.4,-0.03888888888888892
p_481,t3_2i0v1l,t1_ckxu3sn,t1_cky4z54,0.3684210526315789,0.4,-0.031578947368421095
p_483,t3_2i0v1l,t1_ckxu3jp,t1_cky4z54,0.5263157894736842,0.4,0.12631578947368416
p_482,t3_2i0v1l,t1_cky0241,t1_ckyf89q,0.4714285714285714,0.5060240963855421,-0.034595524956970714
p_484,t3_2hzyl1,t1_cky1hsp,t1_ckxtqoy,0.30612244897959184,0.2972972972972973,0.00882515168229453
p_485,t3_2hxjbt,t1_ckx3oiu,t1_ckwx420,0.35106382978723405,0.24705882352941178,0.10400500625782227
p_486,t3_2hxjbt,t1_ckx4axr,t1_ckwx420,0.3939393939393939,0.24705882352941178,0.14688057040998215
p_488,t3_2hwulu,t1_ckwq1jd,t1_ckwq945,0.3220338983050847,0.3220338983050847,0.0
p_490,t3_2htrl3,t1_ckw2y0n,t1_ckvy6x4,0.5352112676056338,0.43209876543209874,0.10311250217353501
p_491,t3_2htk52,t1_ckvvxkp,t1_ckvx0ev,0.34545454545454546,0.3333333333333333,0.012121212121212144
p_492,t3_2htk52,t1_ckvxkvc,t1_ckvx0ev,0.2692307692307692,0.3333333333333333,-0.0641025641025641
p_493,t3_2hr75i,t1_ckv9zqs,t1_ckv9rr3,0.34146341463414637,0.37209302325581395,-0.03062960862166758
p_496,t3_2hpa2d,t1_ckuqod3,t1_ckuzhiu,0.39622641509433965,0.4406779661016949,-0.04445155100735526
p_498,t3_2ho91q,t1_ckvcw78,t1_ckuhjc3,0.31666666666666665,0.3684210526315789,-0.051754385964912275
p_499,t3_2hiuav,t1_ckt28ag,t1_ckt2g63,0.4074074074074074,0.4727272727272727,-0.06531986531986533
p_500,t3_2hfggr,t1_cks62en,t1_cks5dxq,0.39361702127659576,0.5858585858585859,-0.1922415645819901
p_501,t3_2hevmr,t1_cks71oj,t1_cks21ow,0.4431818181818182,0.4368932038834951,0.006288614298323059
p_503,t3_2hcsbm,t1_ckrirh7,t1_ckrgs3i,0.10256410256410256,0.1276595744680851,-0.025095471903982536
p_504,t3_2hcsbm,t1_ckrm2w9,t1_ckrhha6,0.11904761904761904,0.11904761904761904,0.0
p_505,t3_2hcri1,t1_ckrh2wh,t1_ckrggw4,0.39285714285714285,0.275,0.11785714285714283
p_506,t3_2hcri1,t1_ckrjgy3,t1_ckrggw4,0.4375,0.275,0.16249999999999998
p_508,t3_2h86d3,t1_ckqarz7,t1_ckqhhuu,0.5081967213114754,0.44871794871794873,0.059478772593526685
p_509,t3_2h86d3,t1_ckqafe5,t1_ckqce1l,0.4067796610169492,0.32727272727272727,0.07950693374422191
p_511,t3_2h4eyz,t1_ckpc76o,t1_ckp9n1i,0.3333333333333333,0.3157894736842105,0.017543859649122806
p_513,t3_2h0jzj,t1_ckohl81,t1_ckodwsx,0.6,0.40229885057471265,0.19770114942528733
p_514,t3_2h0jzj,t1_ckoe0hf,t1_ckodwsx,0.5824175824175825,0.40229885057471265,0.1801187318428698
p_516,t3_2gzzdj,t1_cko4w0c,t1_cko704v,0.3076923076923077,0.2727272727272727,0.034965034965035
p_519,t3_2gydya,t1_cknrbir,t1_cknn53g,0.423728813559322,0.3728813559322034,0.05084745762711862
p_520,t3_2gydya,t1_ckoa0em,t1_ckoa7jr,0.4032258064516129,0.35185185185185186,0.05137395459976102
p_522,t3_2gutfw,t1_ckmqhcy,t1_ckmsmic,0.35135135135135137,0.35802469135802467,-0.006673340006673301
p_523,t3_2gutfw,t1_ckmsso5,t1_ckmp2m8,0.46153846153846156,0.4266666666666667,0.03487179487179487
p_524,t3_2gutfw,t1_ckmpz17,t1_ckn0chh,0.34444444444444444,0.25757575757575757,0.08686868686868687
p_525,t3_2gsjt4,t1_ckm3eez,t1_ckm57gi,0.21875,0.3170731707317073,-0.09832317073170732
p_526,t3_2gsjkx,t1_ckm3upz,t1_ckm3me9,0.4318181818181818,0.3333333333333333,0.09848484848484851
p_527,t3_2gscl8,t1_ckm3j6s,t1_ckm1x6y,0.38461538461538464,0.40298507462686567,-0.018369690011481032
p_529,t3_2gpy69,t1_cklkgsr,t1_cklrd7q,0.3275862068965517,0.3695652173913043,-0.04197901049475261
p_532,t3_2gmkz2,t1_ckkm4uh,t1_ckkl832,0.38,0.28846153846153844,0.09153846153846157
p_534,t3_2glozx,t1_ckkahw7,t1_ckkcrue,0.37209302325581395,0.4,-0.027906976744186074
p_535,t3_2glozx,t1_ckkb7k5,t1_ckkcgtt,0.38,0.5,-0.12
p_536,t3_2gliyk,t1_ckk9blv,t1_ckk9cif,0.44776119402985076,0.3333333333333333,0.11442786069651745
p_537,t3_2gliyk,t1_ckkaypu,t1_ckkhubk,0.4189189189189189,0.323943661971831,0.09497525694708792
p_538,t3_2gkv97,t1_ckk5d7b,t1_ckk2eje,0.2037037037037037,0.3728813559322034,-0.1691776522284997
p_541,t3_2ghosx,t1_ckj7oyl,t1_ckj8bt9,0.4647887323943662,0.4,0.06478873239436617
p_542,t3_2ggq4d,t1_ckiyftg,t1_ckiyjmb,0.3064516129032258,0.25396825396825395,0.05248335893497186
p_543,t3_2ggppl,t1_ckixuwj,t1_ckixo4m,0.38028169014084506,0.3770491803278688,0.0032325098129762364
p_545,t3_2ggppl,t1_ckiyv6o,t1_ckiz87f,0.3275862068965517,0.2711864406779661,0.05639976621858561
p_547,t3_2ggeie,t1_ckj0ypi,t1_ckiurpd,0.32926829268292684,0.34065934065934067,-0.011391047976413826
p_548,t3_2gf3at,t1_ckjbl54,t1_ckioyq4,0.3064516129032258,0.32653061224489793,-0.02007899934167212
p_551,t3_2gdd35,t1_cki0iqm,t1_cki80vu,0.36363636363636365,0.31746031746031744,0.046176046176046204
p_554,t3_2g83sk,t1_ckgpxl1,t1_ckgjkvd,0.22727272727272727,0.2702702702702703,-0.04299754299754302
p_555,t3_2g6mpl,t1_ckg55ez,t1_ckg4zgn,0.36363636363636365,0.421875,-0.058238636363636354
p_556,t3_2g4ifu,t1_ckfqk9u,t1_ckfshmt,0.3235294117647059,0.42168674698795183,-0.09815733522324593
p_559,t3_2g2vzd,t1_ckf6qtu,t1_ckf4pc7,0.40816326530612246,0.2564102564102564,0.15175300889586607
p_561,t3_2g2dg1,t1_ckf6526,t1_ckg1de7,0.4777777777777778,0.4861111111111111,-0.008333333333333304
p_562,t3_2g1ea5,t1_ckeqq3q,t1_ckesi7g,0.5662650602409639,0.43529411764705883,0.13097094259390507
p_564,t3_2g1ea5,t1_ckersg9,t1_cket437,0.4342105263157895,0.44047619047619047,-0.006265664160400974
p_565,t3_2g1ea5,t1_cket8bk,t1_cket39p,0.21428571428571427,0.2702702702702703,-0.05598455598455601
p_566,t3_2g0wmr,t1_ckenwa6,t1_ckemqjl,0.4074074074074074,0.4383561643835616,-0.030948756976154235
p_569,t3_2fwq1i,t1_ckdlfbp,t1_ckdpk3y,0.3,0.35,-0.04999999999999999
p_570,t3_2fwmff,t1_ckdlodj,t1_ckdfg3r,0.4367816091954023,0.3978494623655914,0.03893214682981094
p_572,t3_2fuvyn,t1_ckd2th4,t1_ckd051u,0.49333333333333335,0.3493975903614458,0.14393574297188755
p_573,t3_2fu5da,t1_ckcwa0l,t1_ckd7g94,0.37735849056603776,0.32608695652173914,0.05127153404429863
p_575,t3_2fu5da,t1_ckd2dqa,t1_ckd7g94,0.3392857142857143,0.32608695652173914,0.013198757763975166
p_576,t3_2fu5da,t1_ckdjfgl,t1_cke4u4s,0.4117647058823529,0.36363636363636365,0.048128342245989275
p_577,t3_2fty9r,t1_ckd78uk,t1_ckcsyfa,0.42857142857142855,0.32727272727272727,0.10129870129870128
p_579,t3_2fr87u,t1_ckcche8,t1_ckbz0d4,0.37254901960784315,0.30357142857142855,0.0689775910364146
p_581,t3_2fo07m,t1_ckb6wte,t1_ckbi4rn,0.40789473684210525,0.5,-0.09210526315789475
p_582,t3_2fo07m,t1_ckb4dmq,t1_ckbi4rn,0.4444444444444444,0.5,-0.05555555555555558
p_586,t3_2fkhgs,t1_cka4baq,t1_ckagd1v,0.3709677419354839,0.42857142857142855,-0.05760368663594467
p_587,t3_2fkhgs,t1_cka71xp,t1_ckahr81,0.4189189189189189,0.4482758620689655,-0.02935694315004661
p_588,t3_2fkhgs,t1_ckabepp,t1_ckab7k5,0.5,0.3492063492063492,0.1507936507936508
p_589,t3_2fjsjb,t1_ck9wx7u,t1_cka49p5,0.5584415584415584,0.4155844155844156,0.1428571428571428
p_590,t3_2fh3qu,t1_ck99mwb,t1_ck94xpk,0.30952380952380953,0.33783783783783783,-0.028314028314028294
p_592,t3_2fgshm,t1_ck9f5l1,t1_ck98ujh,0.43548387096774194,0.4067796610169492,0.02870420995079276
p_593,t3_2fgrxm,t1_ck91zkd,t1_ck91m7r,0.37209302325581395,0.475,-0.10290697674418603
p_595,t3_2fg916,t1_ck8x3ob,t1_ck8wogg,0.36363636363636365,0.3188405797101449,0.044795783926218746
p_597,t3_2fduqy,t1_ck8t6he,t1_ck8px65,0.45652173913043476,0.3717948717948718,0.08472686733556295
p_598,t3_2fduqy,t1_ck8agrx,t1_ck94f1t,0.42045454545454547,0.33766233766233766,0.0827922077922078
p_602,t3_2fdmwl,t1_ck8hcxb,t1_ck8aoqa,0.27184466019417475,0.46153846153846156,-0.18969380134428682
p_603,t3_2fdmwl,t1_ck8rib6,t1_ck8aoqa,0.4411764705882353,0.46153846153846156,-0.020361990950226283
p_605,t3_2fd87u,t1_ck83yle,t1_ck84612,0.45454545454545453,0.35526315789473684,0.0992822966507177
p_606,t3_2fd87u,t1_ck859ka,t1_ck843v2,0.25333333333333335,0.2564102564102564,-0.0030769230769230327
p_607,t3_2fbbv9,t1_ck84tkw,t1_ck88yhl,0.4266666666666667,0.36923076923076925,0.05743589743589744
p_611,t3_2f78ys,t1_ck6mvg6,t1_ck6wzql,0.30612244897959184,0.313953488372093,-0.007831039392501182
p_616,t3_2f3w7f,t1_ck60pkf,t1_ck68kw6,0.3698630136986301,0.4230769230769231,-0.053213909378292956
p_617,t3_2f3fma,t1_ck5uh5i,t1_ck5jj2i,0.43037974683544306,0.41379310344827586,0.0165866433871672
p_618,t3_2f2p8u,t1_ck5cmsy,t1_ck5f41j,0.25,0.3137254901960784,-0.06372549019607843
p_620,t3_2f1tka,t1_ck54mdm,t1_ck53prd,0.4605263157894737,0.22857142857142856,0.2319548872180451
p_623,t3_2f0a4a,t1_ck5qg13,t1_ck4vnzo,0.323943661971831,0.23529411764705882,0.08864954432477218
p_626,t3_2erf2t,t1_ck2ljcj,t1_ck2gk4u,0.5263157894736842,0.4146341463414634,0.11168164313222079
p_628,t3_2eqf4w,t1_ck2dhsc,t1_ck22nty,0.4431818181818182,0.4069767441860465,0.036205073995771664
p_635,t3_2emkns,t1_ck1194m,t1_ck13p6l,0.37254901960784315,0.36923076923076925,0.0033182503770738947
p_634,t3_2emkns,t1_ck0zrjm,t1_ck13p6l,0.423728813559322,0.36923076923076925,0.054498044328552764
p_632,t3_2emkns,t1_ck12zme,t1_ck13upr,0.44,0.43636363636363634,0.0036363636363636598
p_637,t3_2emdo8,t1_ck0wlix,t1_ck0ugt9,0.423728813559322,0.3333333333333333,0.0903954802259887
p_639,t3_2ehl9h,t1_cjzpkr3,t1_cjzk8g5,0.3404255319148936,0.3137254901960784,0.026700041718815182
p_641,t3_2eez7x,t1_cjzf2j8,t1_cjzgw4v,0.34146341463414637,0.4153846153846154,-0.07392120075046904
p_642,t3_2eeedl,t1_cjyrp0h,t1_cjyos4x,0.22448979591836735,0.3170731707317073,-0.09258337481333997
p_643,t3_2eeedl,t1_cjyo1c4,t1_cjyz90m,0.2978723404255319,0.23529411764705882,0.06257822277847308
p_644,t3_2eeedl,t1_cjyny2g,t1_cjyos4x,0.21739130434782608,0.3170731707317073,-0.09968186638388124
p_645,t3_2eeedl,t1_cjypfnn,t1_cjyy8zl,0.23809523809523808,0.35714285714285715,-0.11904761904761907
p_647,t3_2edzcv,t1_cjyy0v9,t1_cjysuzd,0.26506024096385544,0.32,-0.054939759036144564
p_648,t3_2ebw2y,t1_cjy2hvj,t1_cjy4ceu,0.38028169014084506,0.2833333333333333,0.09694835680751174
p_649,t3_2ebkiy,t1_cjxxcwt,t1_cjy5nhm,0.44776119402985076,0.3728813559322034,0.07487983809764737
p_650,t3_2ebj49,t1_cjxyzxn,t1_cjxzs8p,0.19047619047619047,0.23255813953488372,-0.04208194905869325
p_651,t3_2eahyl,t1_cjxnpf1,t1_cjxqeut,0.19402985074626866,0.39436619718309857,-0.2003363464368299
p_652,t3_2eahyl,t1_cjxo529,t1_cjxtave,0.2535211267605634,0.47474747474747475,-0.22122634798691138
p_654,t3_2e9s6m,t1_cjxf8x8,t1_cjxl9tb,0.46938775510204084,0.4117647058823529,0.057623049219687916
p_655,t3_2e9rt1,t1_cjxgilw,t1_cjxfkcw,0.45161290322580644,0.4074074074074074,0.044205495818399054
p_656,t3_2e9q8o,t1_cjxdy6w,t1_cjxkoca,0.4117647058823529,0.4868421052631579,-0.07507739938080499
p_657,t3_2e98b1,t1_cjxb5sz,t1_cjxexte,0.3235294117647059,0.2807017543859649,0.042827657378741
p_659,t3_2e98b1,t1_cjxanmm,t1_cjx9qkg,0.44776119402985076,0.3448275862068966,0.10293360782295419
p_660,t3_2e8yse,t1_cjx89ru,t1_cjxdz78,0.32051282051282054,0.3582089552238806,-0.037696134711060036
p_661,t3_2e8yse,t1_cjx7g3z,t1_cjxdz78,0.3157894736842105,0.3582089552238806,-0.04241948153967007
p_662,t3_2e8ach,t1_cjxi71v,t1_cjx17o5,0.36764705882352944,0.5,-0.13235294117647056
p_663,t3_2e6v25,t1_cjxa35m,t1_cjx2bzp,0.4307692307692308,0.3090909090909091,0.12167832167832171
p_667,t3_2e4crb,t1_cjvy9v7,t1_cjwlak3,0.3333333333333333,0.27450980392156865,0.05882352941176466
p_668,t3_2e4crb,t1_cjxll0p,t1_cjw5uck,0.30985915492957744,0.23809523809523808,0.07176391683433936
p_669,t3_2e4b5f,t1_cjvxnfz,t1_cjwigez,0.3333333333333333,0.2909090909090909,0.04242424242424242
p_670,t3_2e439b,t1_cjw2n76,t1_cjvvbcf,0.4772727272727273,0.3958333333333333,0.08143939393939398
p_672,t3_2e3t22,t1_cjvs6w2,t1_cjvzvc8,0.34146341463414637,0.3924050632911392,-0.050941648656992855
p_674,t3_2e3f98,t1_cjvox9d,t1_cjvp856,0.28888888888888886,0.35714285714285715,-0.06825396825396829
p_676,t3_2e2rb6,t1_cjvi6ow,t1_cjvzfop,0.37333333333333335,0.2597402597402597,0.11359307359307363
p_677,t3_2e2rb6,t1_cjx8ys6,t1_cjvin9n,0.3424657534246575,0.2535211267605634,0.08894462666409414
p_678,t3_2e2jug,t1_cjvwam2,t1_cjvvj7z,0.5833333333333334,0.53,0.053333333333333344
p_679,t3_2e2jug,t1_cjvuw76,t1_cjvoyh6,0.5353535353535354,0.40963855421686746,0.1257149811366679
p_680,t3_2e1fah,t1_cjv53s3,t1_cjv5s7v,0.2926829268292683,0.2073170731707317,0.08536585365853658
p_681,t3_2e1fah,t1_cjv86o4,t1_cjvncqn,0.53,0.53125,-0.0012499999999999734
p_682,t3_2e1fah,t1_cjvi92b,t1_cjv5s7v,0.2,0.2073170731707317,-0.007317073170731686
p_683,t3_2dzrhq,t1_cjunv4h,t1_cjunnw5,0.37142857142857144,0.3939393939393939,-0.02251082251082248
p_684,t3_2dzrhq,t1_cjv2nbp,t1_cjunbkn,0.5,0.3235294117647059,0.1764705882352941
p_685,t3_2dzrhq,t1_cjuplp1,t1_cjunss7,0.3918918918918919,0.5205479452054794,-0.12865605331358754
p_686,t3_2dzqgj,t1_cjurtqh,t1_cjv9hrw,0.18072289156626506,0.35714285714285715,-0.1764199655765921
p_688,t3_2dzqgj,t1_cjv7aa2,t1_cjv9hrw,0.47058823529411764,0.35714285714285715,0.11344537815126049
p_687,t3_2dzqgj,t1_cjun4m4,t1_cjuorfi,0.3595505617977528,0.5,-0.1404494382022472
p_690,t3_2dy3mw,t1_cju8xei,t1_cjuc7t4,0.36363636363636365,0.3230769230769231,0.04055944055944055
p_692,t3_2dxa7k,t1_cjtzqak,t1_cju9ahc,0.23529411764705882,0.39215686274509803,-0.1568627450980392
p_695,t3_2dw5ig,t1_cjtn82k,t1_cjtn850,0.1509433962264151,0.24615384615384617,-0.09521044992743108
p_696,t3_2dvguy,t1_cjtqfdm,t1_cjty2p2,0.45555555555555555,0.3875,0.06805555555555554
p_697,t3_2dtng7,t1_cjsz593,t1_cjt08iq,0.4032258064516129,0.2909090909090909,0.11231671554252198
p_699,t3_2dtng7,t1_cjt0gp1,t1_cjt08iq,0.359375,0.2909090909090909,0.0684659090909091
p_701,t3_2dsh9z,t1_cjsm7s0,t1_cjsp93m,0.4074074074074074,0.3442622950819672,0.06314511232544018
p_702,t3_2dsh9z,t1_cjso3hu,t1_cjsprfv,0.47540983606557374,0.43103448275862066,0.04437535330695308
p_706,t3_2drox8,t1_cjsefiu,t1_cjshzfo,0.38571428571428573,0.3263157894736842,0.059398496240601506
p_707,t3_2dqwmd,t1_cjs75j7,t1_cjtbaaf,0.42168674698795183,0.34328358208955223,0.0784031648983996
p_710,t3_2dqiwg,t1_cjs3gzc,t1_cjs43w0,0.2037037037037037,0.35555555555555557,-0.15185185185185188
p_713,t3_2dnntx,t1_cjrb5qh,t1_cjr97o9,0.36507936507936506,0.4520547945205479,-0.08697542944118286
p_714,t3_2dn3f8,t1_cjr9dnd,t1_cjrqm60,0.43103448275862066,0.36507936507936506,0.0659551176792556
p_717,t3_2dn11e,t1_cjrjl9x,t1_cjr71xy,0.44680851063829785,0.36585365853658536,0.0809548521017125
p_715,t3_2dn11e,t1_cjr2n9b,t1_cjr6whw,0.4931506849315068,0.38028169014084506,0.11286899479066176
p_718,t3_2dlheo,t1_cjqnd51,t1_cjqtrub,0.3559322033898305,0.3111111111111111,0.04482109227871939
p_725,t3_2dhno3,t1_cjpkrey,t1_cjpktss,0.325,0.33962264150943394,-0.014622641509433931
p_726,t3_2dhno3,t1_cjpl1mi,t1_cjpl00t,0.38636363636363635,0.4883720930232558,-0.10200845665961944
p_729,t3_2dgu6l,t1_cjpdy8k,t1_cjpe59d,0.5411764705882353,0.5903614457831325,-0.049184975194897285
p_727,t3_2dgu6l,t1_cjpdn9v,t1_cjpklzu,0.32432432432432434,0.4375,-0.11317567567567566
p_730,t3_2dgqx2,t1_cjpbloq,t1_cjpbk3l,0.24528301886792453,0.2692307692307692,-0.02394775036284469
p_732,t3_2dg6ti,t1_cjp6klt,t1_cjp63yk,0.40384615384615385,0.3584905660377358,0.04535558780841803
p_733,t3_2dg4c1,t1_cjpx7h2,t1_cjpio9w,0.32608695652173914,0.4142857142857143,-0.08819875776397518
p_734,t3_2dfvv8,t1_cjp4zw9,t1_cjps9sv,0.5172413793103449,0.3058823529411765,0.21135902636916837
p_735,t3_2dfees,t1_cjoyyhb,t1_cjoyhsi,0.4262295081967213,0.5540540540540541,-0.12782454585733277
p_736,t3_2df7cg,t1_cjp0py1,t1_cjp0eg0,0.24324324324324326,0.20588235294117646,0.037360890302066796
p_738,t3_2ddrqc,t1_cjos8fl,t1_cjoj8pn,0.23636363636363636,0.32608695652173914,-0.08972332015810278
p_739,t3_2ddrqc,t1_cjoqu2v,t1_cjok2vp,0.3620689655172414,0.3333333333333333,0.028735632183908066
p_744,t3_2d9qj2,t1_cjnklzx,t1_cjnknol,0.3013698630136986,0.296875,0.004494863013698613
p_748,t3_2d80rd,t1_cjn0zyz,t1_cjn0l56,0.4117647058823529,0.45121951219512196,-0.03945480631276904
p_749,t3_2d80rd,t1_cjmzj1k,t1_cjn0l56,0.4444444444444444,0.45121951219512196,-0.006775067750677544
p_751,t3_2d70dq,t1_cjmpn2y,t1_cjmqlfg,0.34285714285714286,0.2361111111111111,0.10674603174603176
p_752,t3_2d70dq,t1_cjmpqr5,t1_cjmq3hk,0.29577464788732394,0.2753623188405797,0.020412329046744226
p_754,t3_2d4iry,t1_cjm06yw,t1_cjlzkdu,0.3333333333333333,0.3157894736842105,0.017543859649122806
p_753,t3_2d4iry,t1_cjm03nb,t1_cjm7yyk,0.3770491803278688,0.2948717948717949,0.08217738545607395
p_755,t3_2d45vn,t1_cjlwas2,t1_cjmfdmh,0.36363636363636365,0.23404255319148937,0.12959381044487428
p_756,t3_2d45gd,t1_cjlw24h,t1_cjm4puq,0.19298245614035087,0.3492063492063492,-0.15622389306599832
p_757,t3_2d45gd,t1_cjlvwcv,t1_cjm05zn,0.5614035087719298,0.4090909090909091,0.15231259968102068
p_758,t3_2d3v5a,t1_cjlwcf0,t1_cjm3zmu,0.32075471698113206,0.38461538461538464,-0.06386066763425258
p_759,t3_2d2as3,t1_cjlfahj,t1_cjlf2q0,0.46551724137931033,0.38636363636363635,0.07915360501567398
p_760,t3_2czuse,t1_cjkv8v3,t1_cjkt5uj,0.2777777777777778,0.20454545454545456,0.07323232323232323
p_761,t3_2cziel,t1_cjkkwxr,t1_cjkpo0a,0.42028985507246375,0.3392857142857143,0.08100414078674945
p_762,t3_2czhb2,t1_cjkm7nm,t1_cjkm0r4,0.3333333333333333,0.23529411764705882,0.0980392156862745
p_763,t3_2cz5rq,t1_cjkk570,t1_cjkjx53,0.32142857142857145,0.36,-0.038571428571428534
p_766,t3_2cwals,t1_cjjmt5t,t1_cjjmrg7,0.35384615384615387,0.27586206896551724,0.07798408488063663
p_767,t3_2cuup8,t1_cjj91pc,t1_cjj8z52,0.2727272727272727,0.29850746268656714,-0.02578018995929443
p_769,t3_2cuup8,t1_cjj95ae,t1_cjj95r7,0.5066666666666667,0.32786885245901637,0.17879781420765034
p_768,t3_2cuup8,t1_cjj8vwc,t1_cjj93qh,0.46153846153846156,0.4032258064516129,0.058312655086848686
p_770,t3_2ctoax,t1_cjl2zn4,t1_cjiw921,0.4230769230769231,0.39285714285714285,0.030219780219780223
p_773,t3_2cpj4p,t1_cjhqqcp,t1_cjhqbq0,0.43103448275862066,0.4,0.03103448275862064
p_774,t3_2cpj4p,t1_cjhreeh,t1_cjhqbq0,0.3582089552238806,0.4,-0.041791044776119446
p_775,t3_2cotfm,t1_cjhpm9j,t1_cjhkm9q,0.39215686274509803,0.3148148148148148,0.07734204793028321
p_778,t3_2cm5jd,t1_cjh0bre,t1_cjguy6j,0.5952380952380952,0.4791666666666667,0.11607142857142855
p_779,t3_2cm3oh,t1_cjgsk1z,t1_cjgv6jc,0.25,0.23255813953488372,0.017441860465116282
p_780,t3_2clk6c,t1_cjgn3ba,t1_cjgqd1y,0.328125,0.32786885245901637,0.00025614754098363113
p_781,t3_2ck2yw,t1_cjga8kb,t1_cjgci5s,0.34615384615384615,0.43478260869565216,-0.08862876254180602
p_783,t3_2cjh91,t1_cjg6chd,t1_cjg4iir,0.30612244897959184,0.45,-0.14387755102040817
p_784,t3_2cixjs,t1_cjfyd92,t1_cjfxj4o,0.42,0.19148936170212766,0.22851063829787233
p_786,t3_2cimfd,t1_cjfuup7,t1_cjftym1,0.3114754098360656,0.4406779661016949,-0.12920255626562932
p_787,t3_2cimfd,t1_cjfxnwo,t1_cjftym1,0.44776119402985076,0.4406779661016949,0.007083227928155855
p_789,t3_2chy2d,t1_cjfpbub,t1_cjfnmjy,0.43333333333333335,0.32,0.11333333333333334
p_792,t3_2ch2je,t1_cjfeou6,t1_cjff0g8,0.4307692307692308,0.3835616438356164,0.047207586933614376
p_794,t3_2cflx0,t1_cjfajp7,t1_cjfm8m1,0.4222222222222222,0.5849056603773585,-0.16268343815513625
p_796,t3_2cfco7,t1_cjf04a9,t1_cjexi6m,0.4421052631578947,0.25,0.19210526315789472
p_799,t3_2cayvr,t1_cjdvbhe,t1_cjdu0ta,0.4523809523809524,0.25675675675675674,0.19562419562419564
p_801,t3_2c8rcd,t1_cjd7pz3,t1_cjd6lze,0.5568181818181818,0.574468085106383,-0.017649903288201263
p_802,t3_2c8fea,t1_cjcyect,t1_cjd2c3b,0.22413793103448276,0.19672131147540983,0.02741661955907293
p_803,t3_2c7yah,t1_cjd2kql,t1_cjcxj9f,0.6086956521739131,0.6814159292035398,-0.07272027702962669
p_805,t3_2c5zac,t1_cjc9611,t1_cjc924m,0.2786885245901639,0.23636363636363636,0.04232488822652755
p_806,t3_2c5zac,t1_cjctvr0,t1_cjcbahh,0.3333333333333333,0.2,0.1333333333333333
p_807,t3_2c5p5y,t1_cjcho3h,t1_cjc7uan,0.4528301886792453,0.4745762711864407,-0.021746082507195397
p_808,t3_2c5p5y,t1_cjcd7nc,t1_cjccm8m,0.36363636363636365,0.2978723404255319,0.06576402321083175
p_810,t3_2c3fc3,t1_cjbjw5y,t1_cjbjkju,0.3275862068965517,0.3,0.027586206896551724
p_813,t3_2c1mga,t1_cjb2jw5,t1_cjc4wg5,0.38961038961038963,0.37755102040816324,0.012059369202226389
p_815,t3_2c0frm,t1_cjb1qx6,t1_cjause4,0.4117647058823529,0.4,0.0117647058823529
p_816,t3_2c0frm,t1_cjb1sid,t1_cjb85xf,0.2616822429906542,0.35714285714285715,-0.09546061415220297
p_818,t3_2bys5g,t1_cja9ddx,t1_cja81tm,0.5076923076923077,0.47368421052631576,0.0340080971659919
p_820,t3_2byn0m,t1_cja7f9f,t1_cjabwg5,0.2608695652173913,0.2647058823529412,-0.0038363171355498826
p_821,t3_2btxhq,t1_cj8vmab,t1_cj8xbmk,0.31343283582089554,0.42592592592592593,-0.11249309010503039
p_822,t3_2bt248,t1_cj8mfi7,t1_cj8m3h7,0.34375,0.3287671232876712,0.014982876712328785
p_823,t3_2bt248,t1_cj8m0lg,t1_cj8mwsz,0.25,0.373134328358209,-0.12313432835820898
p_824,t3_2bsdbd,t1_cj8tbiu,t1_cj8hvl7,0.3939393939393939,0.4084507042253521,-0.014511310285958201
p_826,t3_2brzwb,t1_cj8hzbv,t1_cj8gj0l,0.4375,0.32727272727272727,0.11022727272727273
p_827,t3_2brzmq,t1_cj8bm67,t1_cj8cjmm,0.3698630136986301,0.4342105263157895,-0.06434751261715937
p_828,t3_2brzmq,t1_cj8ba9r,t1_cj8b7ms,0.2898550724637681,0.30303030303030304,-0.013175230566534912
p_829,t3_2bqtzl,t1_cj80j9s,t1_cj810fl,0.3333333333333333,0.3114754098360656,0.02185792349726773
p_832,t3_2boeux,t1_cj7b6r1,t1_cj7b5jv,0.38571428571428573,0.3409090909090909,0.04480519480519485
p_833,t3_2boeux,t1_cj7bl1t,t1_cj7igwx,0.3548387096774194,0.2127659574468085,0.14207275223061086
p_834,t3_2boe3r,t1_cj7c5d5,t1_cj7cbq5,0.3055555555555556,0.2833333333333333,0.022222222222222254
p_836,t3_2bo3al,t1_cj7h31j,t1_cj7dkvq,0.2564102564102564,0.34,-0.08358974358974364
p_837,t3_2bnfju,t1_cj716f4,t1_cj718af,0.5,0.22727272727272727,0.2727272727272727
p_838,t3_2bnfju,t1_cj71qqf,t1_cj717cb,0.5686274509803921,0.3181818181818182,0.25044563279857396
p_840,t3_2bmc2p,t1_cj6s9ct,t1_cj6qflr,0.27906976744186046,0.23529411764705882,0.04377564979480164
p_841,t3_2bmble,t1_cj6qs8o,t1_cj6v78p,0.34545454545454546,0.36,-0.014545454545454528
p_844,t3_2bkf5u,t1_cj684og,t1_cj6d292,0.24691358024691357,0.2,0.046913580246913555
p_846,t3_2bk0qs,t1_cj63kvq,t1_cj63fve,0.33962264150943394,0.42,-0.08037735849056604
p_849,t3_2bk0qs,t1_cj64yf0,t1_cj63fve,0.2653061224489796,0.42,-0.15469387755102038
p_847,t3_2bk0qs,t1_cj66iuo,t1_cj6420b,0.4024390243902439,0.3018867924528302,0.10055223193741375
p_850,t3_2bk0qs,t1_cj65d7h,t1_cj66gvl,0.42105263157894735,0.24074074074074073,0.18031189083820662
p_852,t3_2bh5ak,t1_cj5b5uh,t1_cj5jak2,0.25925925925925924,0.18518518518518517,0.07407407407407407
p_854,t3_2bf94q,t1_cj4sh2e,t1_cj4qy6o,0.3559322033898305,0.3125,0.043432203389830504
p_855,t3_2bev6f,t1_cj4mn6v,t1_cj4o0am,0.5,0.43333333333333335,0.06666666666666665
p_857,t3_2bdmlg,t1_cj4r6pc,t1_cj4uv2h,0.38461538461538464,0.23636363636363636,0.14825174825174828
p_858,t3_2bdgci,t1_cj49439,t1_cj49ckx,0.4406779661016949,0.3235294117647059,0.11714855433698901
p_859,t3_2bd0wa,t1_cj442sl,t1_cj43vgx,0.42424242424242425,0.3898305084745763,0.03441191576784797
p_861,t3_2bbyzd,t1_cj3zuoq,t1_cj3tx1c,0.4307692307692308,0.3275862068965517,0.10318302387267908
p_863,t3_2bbbrd,t1_cj3qs8q,t1_cj3ln9x,0.38333333333333336,0.36363636363636365,0.019696969696969713
p_864,t3_2bbbrd,t1_cj3mpby,t1_cj3ln9x,0.28846153846153844,0.36363636363636365,-0.07517482517482521
p_865,t3_2bb58m,t1_cj3lcvm,t1_cj3jor5,0.39344262295081966,0.23728813559322035,0.15615448735759932
p_868,t3_2bag31,t1_cj3e0bt,t1_cj3f08t,0.4639175257731959,0.34375,0.1201675257731959
p_869,t3_2ba5xo,t1_cj3aqld,t1_cj3bm6j,0.3076923076923077,0.23076923076923078,0.07692307692307693
p_873,t3_2b6skg,t1_cj2glpl,t1_cj2cg6m,0.29310344827586204,0.45614035087719296,-0.1630369026013309
p_876,t3_2b3pi0,t1_cj1uavk,t1_cj1m2xo,0.33766233766233766,0.39759036144578314,-0.05992802378344547
p_877,t3_2b3lad,t1_cj1iybx,t1_cj1jqxa,0.3684210526315789,0.38636363636363635,-0.017942583732057427
p_879,t3_2b2yjr,t1_cj1hktf,t1_cj1b4e2,0.4270833333333333,0.3626373626373626,0.06444597069597069
p_881,t3_2b1rwv,t1_cj15lfe,t1_cj10jtx,0.49295774647887325,0.4794520547945205,0.013505691684352727
p_882,t3_2b1rab,t1_cj0ycid,t1_cj0zinx,0.42857142857142855,0.43037974683544306,-0.001808318264014508
p_883,t3_2az65z,t1_cj0805c,t1_cj0g6d8,0.3424657534246575,0.2894736842105263,0.05299206921413119
p_884,t3_2az65z,t1_cj0afqo,t1_cj07su5,0.28125,0.4084507042253521,-0.12720070422535212
p_887,t3_2ayhxt,t1_cj01q09,t1_cj05jan,0.40229885057471265,0.36764705882352944,0.034651791751183214
p_888,t3_2ayhnp,t1_cj0eawe,t1_cj0dm90,0.2553191489361702,0.3269230769230769,-0.07160392798690673
p_889,t3_2ay3kf,t1_cizxi5e,t1_cj0f52z,0.6290322580645161,0.42592592592592593,0.2031063321385902
p_892,t3_2axbu7,t1_cizphk8,t1_cizp4id,0.47297297297297297,0.45,0.02297297297297296
p_894,t3_2ax1is,t1_cizxbqp,t1_cizm2oq,0.35714285714285715,0.3333333333333333,0.023809523809523836
p_896,t3_2avwd8,t1_cizdu3g,t1_cizbvza,0.45,0.3114754098360656,0.13852459016393442
p_898,t3_2av5cs,t1_ciz2pkz,t1_ciz33sn,0.328125,0.203125,0.125
p_899,t3_2av5cs,t1_cizd4ad,t1_ciz33th,0.4772727272727273,0.4675324675324675,0.009740259740259771
p_900,t3_2av5cs,t1_ciz37g5,t1_cizbl7q,0.4270833333333333,0.4431818181818182,-0.016098484848484862
p_901,t3_2av4l0,t1_ciz5qhg,t1_ciz3zz1,0.4888888888888889,0.4606741573033708,0.02821473158551807
p_902,t3_2av4l0,t1_ciz4rvg,t1_cizdobh,0.44594594594594594,0.4868421052631579,-0.040896159317211966
p_903,t3_2auttr,t1_ciyyxji,t1_ciyz918,0.4358974358974359,0.35526315789473684,0.08063427800269907
p_904,t3_2auttr,t1_ciz267w,t1_cizcakn,0.375,0.2028985507246377,0.1721014492753623
p_905,t3_2auttr,t1_ciz01zx,t1_ciyz5z2,0.3611111111111111,0.2676056338028169,0.09350547730829423
p_907,t3_2autm6,t1_ciyzdgj,t1_ciyzc4o,0.21568627450980393,0.3333333333333333,-0.11764705882352938
p_908,t3_2au1li,t1_ciytem3,t1_ciytn6n,0.4725274725274725,0.4189189189189189,0.0536085536085536
p_909,t3_2atya5,t1_ciyu2jf,t1_ciza7xp,0.34146341463414637,0.3018867924528302,0.03957662218131619
p_910,t3_2atya5,t1_ciytbvr,t1_ciyug3x,0.3582089552238806,0.2891566265060241,0.06905232871785649
p_911,t3_2atkq9,t1_ciyvkn0,t1_ciysfit,0.5591397849462365,0.525,0.034139784946236484
p_912,t3_2atkq9,t1_ciyvfhd,t1_ciz0aqa,0.4186046511627907,0.2463768115942029,0.1722278395685878
p_914,t3_2aprj3,t1_cixk3ln,t1_cixjumt,0.36923076923076925,0.26865671641791045,0.1005740528128588
p_915,t3_2apfnp,t1_cixj7ex,t1_cixm7i4,0.31343283582089554,0.32432432432432434,-0.010891488503428803
p_916,t3_2aotoi,t1_cixcw5d,t1_cixbgnz,0.4393939393939394,0.39436619718309857,0.045027742210840827
p_917,t3_2ao6r9,t1_cix76va,t1_cix3fsy,0.3979591836734694,0.4318181818181818,-0.03385899814471244
p_918,t3_2ao6r9,t1_cix7iph,t1_cix8b7l,0.46236559139784944,0.43820224719101125,0.02416334420683819
p_919,t3_2ao0uk,t1_cix3ypn,t1_cix3ejo,0.3888888888888889,0.20454545454545456,0.18434343434343434
p_920,t3_2ao0uk,t1_cix237u,t1_cix3ejo,0.2702702702702703,0.20454545454545456,0.06572481572481573
p_921,t3_2ancgk,t1_cizbef2,t1_ciwwlp0,0.4878048780487805,0.32,0.16780487804878047
p_922,t3_2am3iw,t1_ciwjxse,t1_ciwj1us,0.46153846153846156,0.34782608695652173,0.11371237458193983
p_923,t3_2am3iw,t1_ciwjejz,t1_ciwtkzm,0.417910447761194,0.31666666666666665,0.10124378109452736
p_924,t3_2aksc1,t1_ciwatzs,t1_ciwai0k,0.4722222222222222,0.41935483870967744,0.052867383512544774
p_925,t3_2aklm2,t1_ciwffud,t1_ciwbxu9,0.36363636363636365,0.30303030303030304,0.06060606060606061
p_926,t3_2akhk0,t1_ciw2gow,t1_ciw2nfc,0.2894736842105263,0.2641509433962264,0.025322740814299916
p_927,t3_2ajnzj,t1_ciwqij6,t1_ciwemsm,0.24528301886792453,0.26785714285714285,-0.02257412398921832
p_928,t3_2aj9r3,t1_ciwcbuo,t1_civud7i,0.375,0.38,-0.0050000000000000044
p_931,t3_2aj1mk,t1_civssxr,t1_civm58k,0.3493975903614458,0.3068181818181818,0.042579408543263975
p_930,t3_2aj1mk,t1_civrhnv,t1_civrvjf,0.38461538461538464,0.4883720930232558,-0.10375670840787116
p_933,t3_2ah2al,t1_civd1ci,t1_civ856q,0.5333333333333333,0.40217391304347827,0.13115942028985506
p_935,t3_2afgwo,t1_ciujkwd,t1_ciuknh0,0.38,0.38235294117647056,-0.0023529411764705577
p_937,t3_2afeix,t1_civ4udg,t1_ciui2wk,0.36666666666666664,0.19047619047619047,0.17619047619047618
p_936,t3_2afeix,t1_ciuiq4g,t1_civ1g4o,0.41333333333333333,0.24242424242424243,0.1709090909090909
p_940,t3_2a9tub,t1_cisxezp,t1_cisyu2q,0.47191011235955055,0.3902439024390244,0.08166620992052614
p_942,t3_2a9dnv,t1_cit209o,t1_cissjh9,0.2727272727272727,0.5333333333333333,-0.2606060606060606
p_943,t3_2a9dnv,t1_cisrycq,t1_cisrkq6,0.37681159420289856,0.3050847457627119,0.07172684844018667
p_945,t3_2a7l9t,t1_cisdojk,t1_cisar6g,0.4098360655737705,0.4166666666666667,-0.0068306010928961824
p_946,t3_2a7f52,t1_cisdl2d,t1_cisbb3e,0.29850746268656714,0.34146341463414637,-0.04295595194757923
p_947,t3_2a7f52,t1_cisbwf3,t1_cisf85e,0.4375,0.36065573770491804,0.07684426229508196
p_948,t3_2a7f52,t1_cisazcd,t1_cisbb3e,0.43137254901960786,0.34146341463414637,0.0899091343854615
p_950,t3_2a71ap,t1_cis8nhw,t1_cis9yiw,0.325,0.37037037037037035,-0.04537037037037034
p_951,t3_2a6vk3,t1_cis5k8v,t1_cisibct,0.34285714285714286,0.390625,-0.04776785714285714
p_952,t3_2a6vk3,t1_cis6qmv,t1_cisibct,0.4166666666666667,0.390625,0.026041666666666685
p_954,t3_2a5fi8,t1_ciro19q,t1_cirnern,0.4819277108433735,0.4025974025974026,0.07933030824597087
p_955,t3_2a54d2,t1_cirmdvw,t1_cirrtjb,0.36538461538461536,0.43333333333333335,-0.06794871794871798
p_957,t3_2a3mhz,t1_cirdfug,t1_cirn0uk,0.3717948717948718,0.44871794871794873,-0.07692307692307693
p_959,t3_2a2ccx,t1_ciqt2gd,t1_ciqstk4,0.38095238095238093,0.3225806451612903,0.05837173579109062
p_958,t3_2a2ccx,t1_ciqt1fb,t1_ciqt0ds,0.25,0.2711864406779661,-0.0211864406779661
p_960,t3_2a299i,t1_ciqsytr,t1_ciqs72a,0.4523809523809524,0.2911392405063291,0.16124171187462327
p_961,t3_2a299i,t1_ciqsl3r,t1_ciqt0e3,0.345679012345679,0.3888888888888889,-0.0432098765432099
p_963,t3_2a1jkp,t1_ciqmtf7,t1_ciqlutb,0.47058823529411764,0.4520547945205479,0.01853344077356972
p_964,t3_2a1jkp,t1_ciqrmpo,t1_ciqn0ib,0.3918918918918919,0.45714285714285713,-0.06525096525096524
p_966,t3_2a197z,t1_ciqil5b,t1_ciqobmw,0.38961038961038963,0.4594594594594595,-0.06984906984906986
p_967,t3_2a197z,t1_ciqihn1,t1_ciqobmw,0.4878048780487805,0.4594594594594595,0.028345418589320992
p_968,t3_29zmtz,t1_ciq2ol0,t1_ciq3149,0.3258426966292135,0.22,0.1058426966292135
p_969,t3_29wdwj,t1_cip54i9,t1_cip4gi2,0.3561643835616438,0.3157894736842105,0.04037490987743331
p_970,t3_29vb8t,t1_cioupvy,t1_cip1yki,0.2631578947368421,0.28888888888888886,-0.02573099415204677
p_971,t3_29uigy,t1_cioolhq,t1_ciopo2e,0.38181818181818183,0.41509433962264153,-0.033276157804459694
p_972,t3_29twg4,t1_ciohbmn,t1_ciofrjv,0.27450980392156865,0.30434782608695654,-0.02983802216538789
p_973,t3_29thke,t1_cioct3t,t1_ciofixu,0.14563106796116504,0.25,-0.10436893203883496
p_974,t3_29thke,t1_ciod9j6,t1_ciof299,0.38461538461538464,0.42857142857142855,-0.04395604395604391
p_975,t3_29thke,t1_ciod9wn,t1_ciof299,0.5188679245283019,0.42857142857142855,0.09029649595687333
p_976,t3_29t2lw,t1_cio8k31,t1_ciorv42,0.3333333333333333,0.34210526315789475,-0.00877192982456143
p_978,t3_29sw94,t1_cioket0,t1_ciolk7r,0.3559322033898305,0.28,0.07593220338983048
p_979,t3_29s43k,t1_cinyd5x,t1_cinyyyn,0.22727272727272727,0.2641509433962264,-0.03687821612349915
p_981,t3_29q8ct,t1_cinh7w0,t1_cing94q,0.3958333333333333,0.39622641509433965,-0.00039308176100633085
p_983,t3_29pjwk,t1_cinfrtq,t1_cin94yc,0.34,0.35294117647058826,-0.012941176470588234
p_984,t3_29oi1n,t1_cimz15m,t1_cimy8x8,0.48717948717948717,0.3875,0.09967948717948716
p_985,t3_29o2de,t1_cimtmrk,t1_cin0747,0.4186046511627907,0.3559322033898305,0.06267244777296022
p_988,t3_29nx6g,t1_cimrrzy,t1_cimrry5,0.46938775510204084,0.2826086956521739,0.18677905944986695
p_990,t3_29n4wo,t1_cio9nnh,t1_cimnztj,0.5909090909090909,0.6067415730337079,-0.015832482124616964
p_992,t3_29mv5t,t1_cimhn69,t1_cimm4sj,0.26865671641791045,0.39705882352941174,-0.1284021071115013
p_993,t3_29kyod,t1_cily6cd,t1_cilx8xd,0.32,0.36363636363636365,-0.04363636363636364
p_994,t3_29koa9,t1_ciluvuu,t1_cim8wkw,0.51,0.5631067961165048,-0.05310679611650482
p_996,t3_29koa9,t1_cim0cmu,t1_cim8wkw,0.5526315789473685,0.5631067961165048,-0.010475217169136353
p_997,t3_29koa9,t1_cilvgjv,t1_cim8wkw,0.5631067961165048,0.5631067961165048,0.0
p_998,t3_29koa9,t1_cilvqev,t1_cilxj9y,0.4574468085106383,0.44,0.01744680851063829
p_999,t3_29gpjt,t1_cilbryz,t1_cikqtwr,0.4838709677419355,0.4264705882352941,0.0574003795066414
p_1000,t3_29fpzd,t1_cikhu2y,t1_cikh4e8,0.4305555555555556,0.20634920634920634,0.22420634920634924
p_1001,t3_29fb1d,t1_cikeni2,t1_cikla8t,0.42857142857142855,0.4126984126984127,0.015873015873015872
p_1002,t3_29ex1p,t1_cik9jgg,t1_ciko7yy,0.46511627906976744,0.35185185185185186,0.11326442721791558
p_1003,t3_29elqv,t1_cik5t8y,t1_cik747j,0.5625,0.3684210526315789,0.19407894736842107
p_1005,t3_29dde1,t1_cijuats,t1_cijzw8d,0.21052631578947367,0.4444444444444444,-0.23391812865497075
p_1008,t3_29cqd5,t1_cijp4yk,t1_cijvb22,0.36619718309859156,0.4,-0.03380281690140846
p_1009,t3_29c3ml,t1_cikuj8t,t1_cijh4ci,0.3442622950819672,0.5294117647058824,-0.18514946962391515
p_1010,t3_299mpb,t1_ciiv880,t1_cijf48t,0.5285714285714286,0.3561643835616438,0.17240704500978477
p_1012,t3_299m1u,t1_cij2hf7,t1_ciirgle,0.4142857142857143,0.37037037037037035,0.04391534391534396
p_1011,t3_299m1u,t1_cij1roi,t1_ciisuex,0.27450980392156865,0.32727272727272727,-0.05276292335115862
p_1015,t3_298jbk,t1_ciircqo,t1_ciijbdz,0.5081967213114754,0.4647887323943662,0.04340798891710923
p_1016,t3_295zr6,t1_cihud2v,t1_cihuma6,0.5145631067961165,0.5145631067961165,0.0
p_1018,t3_293ei6,t1_cih7ua8,t1_cih1isj,0.4084507042253521,0.2765957446808511,0.13185495954450105
p_1020,t3_292154,t1_cignun4,t1_cigrv7m,0.3037974683544304,0.28205128205128205,0.02174618630314834
p_1022,t3_28xzqn,t1_cig26mw,t1_cifrcsx,0.40625,0.32608695652173914,0.08016304347826086
p_1023,t3_28xbw7,t1_cifjy3z,t1_cifovj7,0.3125,0.32142857142857145,-0.008928571428571452
p_1024,t3_28xbw7,t1_cig1fzx,t1_cifl87i,0.2807017543859649,0.46875,-0.1880482456140351
p_1025,t3_28wpvg,t1_cif8zbc,t1_cif9t6k,0.35,0.30434782608695654,0.04565217391304344
p_1026,t3_28wp3q,t1_cif8e82,t1_cif88e5,0.36666666666666664,0.4507042253521127,-0.08403755868544605
p_1027,t3_28vthp,t1_cieyolc,t1_cif42z9,0.29545454545454547,0.4,-0.10454545454545455
p_1028,t3_28sivx,t1_cie0w6q,t1_cie3rwm,0.5365853658536586,0.4375,0.09908536585365857
p_1029,t3_28sivx,t1_cie32oy,t1_cie6c67,0.3469387755102041,0.46808510638297873,-0.12114633087277465
p_1030,t3_28sivx,t1_cie3t4x,t1_ciexvov,0.3695652173913043,0.32653061224489793,0.04303460514640639
p_1031,t3_28rftj,t1_cidpqyo,t1_cidq2o7,0.4875,0.5443037974683544,-0.056803797468354456
p_1033,t3_28l9bo,t1_cicbcrc,t1_cicnduy,0.3411764705882353,0.39285714285714285,-0.051680672268907546
p_1034,t3_28kmxf,t1_cibufhn,t1_cic57nm,0.375,0.34782608695652173,0.02717391304347827
p_1036,t3_28k1k9,t1_cic5k0x,t1_cibo1r9,0.5056179775280899,0.4,0.10561797752808988
p_1037,t3_28jnxp,t1_cibl8h0,t1_cibmdqw,0.5066666666666667,0.359375,0.1472916666666667
p_1039,t3_28io13,t1_cibbreq,t1_cic1705,0.3611111111111111,0.4,-0.03888888888888892
p_1040,t3_28io13,t1_cibhh0f,t1_cibq1ek,0.5061728395061729,0.24242424242424243,0.26374859708193044
p_1042,t3_28io13,t1_cibcinr,t1_cic1705,0.38666666666666666,0.4,-0.013333333333333364
p_1044,t3_28hqnq,t1_cib224e,t1_cib40ah,0.2413793103448276,0.17647058823529413,0.06490872210953347
p_1045,t3_28c0xt,t1_ciasocp,t1_cia500d,0.3835616438356164,0.23728813559322035,0.14627350824239607
p_1046,t3_28butd,t1_ci9glxs,t1_ci9f4fm,0.34,0.2962962962962963,0.043703703703703745
p_1047,t3_28b5n6,t1_ci9a3vl,t1_ci99ope,0.36363636363636365,0.41333333333333333,-0.049696969696969684
p_1052,t3_28a5fu,t1_ci9bqem,t1_ci8yety,0.3968253968253968,0.2833333333333333,0.11349206349206348
p_1053,t3_28a4rk,t1_ci8xy5w,t1_ci90bbf,0.5925925925925926,0.5795454545454546,0.013047138047137974
p_1055,t3_2881g3,t1_ci8embi,t1_ci8bs9b,0.35135135135135137,0.4,-0.04864864864864865
p_1056,t3_287z9c,t1_ci8aubw,t1_ci8apra,0.3055555555555556,0.40816326530612246,-0.10260770975056688
p_1057,t3_287z9c,t1_ci8d0ed,t1_ci8apra,0.3275862068965517,0.40816326530612246,-0.08057705840957075
p_1058,t3_287cab,t1_ci86zv4,t1_ci87ifw,0.4523809523809524,0.45454545454545453,-0.0021645021645021467
p_1059,t3_2870cx,t1_ci81vqj,t1_ci8137l,0.3384615384615385,0.2826086956521739,0.05585284280936459
p_1060,t3_286wmt,t1_ci81k1d,t1_ci80xo1,0.2608695652173913,0.35294117647058826,-0.09207161125319696
p_1061,t3_286wmt,t1_ci817z2,t1_ci8clpg,0.42,0.42592592592592593,-0.005925925925925946
p_1062,t3_2848jg,t1_ci7igy9,t1_ci7f6gw,0.4411764705882353,0.391304347826087,0.04987212276214831
p_1064,t3_282r7k,t1_ci758gf,t1_ci6xs0m,0.20454545454545456,0.3023255813953488,-0.09778012684989426
p_1065,t3_282lgu,t1_ci6xcds,t1_ci6wglw,0.3958333333333333,0.4318181818181818,-0.03598484848484851
p_1068,t3_281bde,t1_ci6f2vp,t1_ci73217,0.3898305084745763,0.29411764705882354,0.09571286141575275
p_1069,t3_2803o3,t1_ci69ena,t1_ci63g5z,0.5421686746987951,0.30158730158730157,0.24058137311149358
p_1070,t3_2803o3,t1_ci63w8c,t1_ci63kpj,0.410958904109589,0.4375,-0.02654109589041098
p_1071,t3_27ywun,t1_ci5q8xy,t1_ci5rb2e,0.42028985507246375,0.36231884057971014,0.0579710144927536
p_1072,t3_27yn4n,t1_ci5p6hk,t1_ci5nwbp,0.3333333333333333,0.3815789473684211,-0.04824561403508776
p_1073,t3_27wog4,t1_ci54b7y,t1_ci54sne,0.42857142857142855,0.2698412698412698,0.15873015873015872
p_1074,t3_27w5po,t1_ci4zmff,t1_ci4ziae,0.4375,0.3409090909090909,0.09659090909090912
p_1075,t3_27w4g2,t1_ci52xge,t1_ci500mh,0.25675675675675674,0.28,-0.023243243243243283
p_1076,t3_27tb09,t1_ci498s2,t1_ci45ypy,0.38461538461538464,0.296875,0.08774038461538464
p_1077,t3_27r91j,t1_ci3qcct,t1_ci3r4y5,0.2391304347826087,0.37254901960784315,-0.13341858482523444
p_1078,t3_27r91j,t1_ci469aj,t1_ci3lbw6,0.38095238095238093,0.4,-0.01904761904761909
p_1080,t3_27r91j,t1_ci3v5tq,t1_ci3lbw6,0.26666666666666666,0.4,-0.13333333333333336
p_1079,t3_27r91j,t1_ci3s6fn,t1_ci4g5dm,0.3508771929824561,0.391304347826087,-0.04042715484363085
p_1081,t3_27qqap,t1_ci3mz0v,t1_ci3fwt5,0.30158730158730157,0.30434782608695654,-0.0027605244996549705
p_1082,t3_27polk,t1_ci34zl5,t1_ci34y3o,0.38235294117647056,0.3142857142857143,0.06806722689075628
p_1083,t3_27poi8,t1_ci35etu,t1_ci36j29,0.4262295081967213,0.32727272727272727,0.09895678092399401
p_1084,t3_27p2fu,t1_ci302xh,t1_ci2zv2i,0.47435897435897434,0.3787878787878788,0.09557109557109555
p_1085,t3_27nxly,t1_ci2o2dq,t1_ci2ox33,0.3230769230769231,0.3389830508474576,-0.015906127770534517
p_1087,t3_27mbdo,t1_ci2lk26,t1_ci271f9,0.3137254901960784,0.22,0.09372549019607843
p_1088,t3_27m0gw,t1_ci29ixa,t1_ci2e7bo,0.4639175257731959,0.35714285714285715,0.10677466863033874
p_1089,t3_27ltja,t1_ci22bw3,t1_ci221eg,0.36065573770491804,0.20833333333333334,0.1523224043715847
p_1090,t3_27lpkf,t1_ci21sv8,t1_ci22b62,0.3875,0.47619047619047616,-0.08869047619047615
p_1091,t3_27lmyu,t1_ci25ehz,t1_ci292ni,0.34545454545454546,0.33962264150943394,0.005831903945111516
p_1092,t3_27l0kn,t1_ci22hoe,t1_ci1usgp,0.43283582089552236,0.2786885245901639,0.15414729630535845
p_1094,t3_27jl8c,t1_ci1fdd3,t1_ci1q6ug,0.2830188679245283,0.14754098360655737,0.13547788431797092
p_1095,t3_27jl8c,t1_ci1g3eq,t1_ci1o724,0.3275862068965517,0.3050847457627119,0.02250146113383983
p_1096,t3_27jl8c,t1_ci1ybru,t1_ci1ghse,0.44871794871794873,0.4411764705882353,0.0075414781297134525
p_1097,t3_27hht5,t1_ci0v62f,t1_ci0xj1h,0.3076923076923077,0.26666666666666666,0.041025641025641046
p_1098,t3_27hht5,t1_ci0v0t9,t1_ci0xj1h,0.35294117647058826,0.26666666666666666,0.0862745098039216
p_1099,t3_27hf7o,t1_ci1a4gk,t1_ci1l4fi,0.5544554455445545,0.32558139534883723,0.22887405019571727
p_1101,t3_27gnxb,t1_ci0ta3o,t1_ci0mgmp,0.43636363636363634,0.40350877192982454,0.0328548644338118
p_1103,t3_27ea43,t1_chzyi0v,t1_chzyvc9,0.375,0.40625,-0.03125
p_1104,t3_27ea43,t1_chzydy2,t1_chzyi89,0.2978723404255319,0.18518518518518517,0.11268715524034673
p_1105,t3_27ea43,t1_ci00m2q,t1_chzyvc9,0.38636363636363635,0.40625,-0.019886363636363646
p_1106,t3_27ea43,t1_ci00sgm,t1_ci005dx,0.4166666666666667,0.4235294117647059,-0.006862745098039191
p_1107,t3_27dypa,t1_ci0bdgm,t1_ci07fb6,0.5752212389380531,0.5596330275229358,0.015588211415117348
p_1108,t3_27divm,t1_chzwhlt,t1_chzuja4,0.3333333333333333,0.3877551020408163,-0.054421768707483
p_1109,t3_27cn8y,t1_chzj6p6,t1_chziyko,0.34328358208955223,0.44155844155844154,-0.09827485946888931
p_1111,t3_27atxw,t1_chz6xha,t1_chz1u36,0.391304347826087,0.3125,0.07880434782608697
p_1112,t3_27arev,t1_chzar7e,t1_chyzift,0.40425531914893614,0.4166666666666667,-0.012411347517730542
p_1113,t3_27aea6,t1_chywdcb,t1_chywfdl,0.3770491803278688,0.40384615384615385,-0.026796973518285028
p_1114,t3_27aa6m,t1_chyw1lz,t1_chyuott,0.39325842696629215,0.36764705882352944,0.025611368142762714
p_1116,t3_278w0f,t1_chynby5,t1_chyjibx,0.2765957446808511,0.3404255319148936,-0.06382978723404253
p_1118,t3_277y4m,t1_chydgtq,t1_chywat7,0.3333333333333333,0.3050847457627119,0.02824858757062143
p_1119,t3_277y4m,t1_chydb1h,t1_chyw4kk,0.3275862068965517,0.3114754098360656,0.016110797060486126
p_1120,t3_277x8k,t1_chyttqk,t1_chy9d0r,0.3617021276595745,0.2807017543859649,0.0810003732736096
p_1121,t3_276tlp,t1_chy7sh3,t1_chy0rmg,0.57,0.5121951219512195,0.05780487804878043
p_1124,t3_274620,t1_chxaxd7,t1_chx8gds,0.3898305084745763,0.24489795918367346,0.14493254929090282
p_1126,t3_273kmd,t1_chxd1h9,t1_chxj63m,0.5416666666666666,0.28735632183908044,0.2543103448275862
p_1127,t3_273kmd,t1_chx2u1h,t1_chxabgz,0.5104166666666666,0.43820224719101125,0.07221441947565538
p_1129,t3_271kgs,t1_chwkzvw,t1_chwjkzk,0.46835443037974683,0.4166666666666667,0.05168776371308015
p_1130,t3_270lsq,t1_chwcze1,t1_chw9d8q,0.27692307692307694,0.463768115942029,-0.18684503901895205
p_1131,t3_26zspu,t1_chw19hq,t1_chw183d,0.30120481927710846,0.18292682926829268,0.11827799000881578
p_1134,t3_26zc51,t1_chwc4g5,t1_chvxpww,0.4594594594594595,0.48148148148148145,-0.02202202202202197
p_1136,t3_26yks9,t1_chvwhll,t1_chvq9oq,0.2916666666666667,0.28888888888888886,0.0027777777777778234
p_1137,t3_26wd6r,t1_chv5dr8,t1_chv4tni,0.48333333333333334,0.4264705882352941,0.056862745098039236
p_1139,t3_26vy78,t1_chv29xs,t1_chv09i1,0.20967741935483872,0.29850746268656714,-0.08883004333172842
p_1140,t3_26uqns,t1_chuofxc,t1_chur6nz,0.27450980392156865,0.3584905660377358,-0.08398076211616717
p_1141,t3_26ua0u,t1_chujiwj,t1_chujocf,0.48314606741573035,0.45263157894736844,0.03051448846836191
p_1142,t3_26u9dw,t1_chuufxu,t1_chukxnl,0.22,0.3181818181818182,-0.09818181818181818
p_1143,t3_26sh4n,t1_chu3p5h,t1_chu15ia,0.32857142857142857,0.25862068965517243,0.06995073891625614
p_1146,t3_26rdo4,t1_chtuhl8,t1_chtxxpb,0.4230769230769231,0.3181818181818182,0.1048951048951049
p_1147,t3_26rdo4,t1_chu67p6,t1_chtrpps,0.2,0.2127659574468085,-0.012765957446808501
p_1148,t3_26q635,t1_chtgusq,t1_chtf56s,0.26785714285714285,0.16363636363636364,0.10422077922077921
p_1149,t3_26p8jo,t1_cht981c,t1_chtj2ux,0.2857142857142857,0.3181818181818182,-0.03246753246753248
p_1150,t3_26p8jo,t1_cht9qr7,t1_chts9np,0.28846153846153844,0.25806451612903225,0.030397022332506185
p_1152,t3_26oalr,t1_chsxcva,t1_chsx48j,0.4696969696969697,0.3783783783783784,0.09131859131859132
p_1153,t3_26nxhn,t1_chsvwxu,t1_chsv0n8,0.4842105263157895,0.47058823529411764,0.01362229102167184
p_1154,t3_26nryd,t1_chsrqt8,t1_chsrvxo,0.3835616438356164,0.35555555555555557,0.028006088280060848
p_1155,t3_26nhjw,t1_cht4pkp,t1_chsu79i,0.352112676056338,0.38571428571428573,-0.03360160965794773
p_1156,t3_26nayb,t1_chssa9d,t1_chsv92t,0.5752212389380531,0.5384615384615384,0.03675970047651467
p_1157,t3_26klj1,t1_chs03g4,t1_chryx19,0.5,0.4177215189873418,0.08227848101265822
p_1158,t3_26klj1,t1_chs24pt,t1_chrz6c7,0.547945205479452,0.44594594594594594,0.10199925953350608
p_1160,t3_26hzf8,t1_chr8s7x,t1_chrles3,0.35,0.3275862068965517,0.022413793103448265
p_1161,t3_26hwea,t1_chrabe3,t1_chr8ld6,0.2857142857142857,0.375,-0.0892857142857143
p_1162,t3_26gh41,t1_chrb2s3,t1_chrbbrp,0.36046511627906974,0.4,-0.03953488372093028
p_1163,t3_26dl3h,t1_chqfdzg,t1_chqb2dv,0.3114754098360656,0.2545454545454545,0.05692995529061107
p_1164,t3_26d2uo,t1_chpypl8,t1_chpy5h4,0.2916666666666667,0.3469387755102041,-0.05527210884353739
p_1166,t3_26chd9,t1_chprxii,t1_chpqlc3,0.4583333333333333,0.425531914893617,0.03280141843971629
p_1165,t3_26chd9,t1_chpu05i,t1_chpunzb,0.3880597014925373,0.48333333333333334,-0.09527363184079601
p_1168,t3_26b7qy,t1_chpe7k0,t1_chpfdw6,0.3333333333333333,0.5714285714285714,-0.23809523809523808
p_1167,t3_26b7qy,t1_chpl60e,t1_chpgldh,0.2571428571428571,0.3835616438356164,-0.1264187866927593
p_1169,t3_26b1l1,t1_chphzs8,t1_chpj8nd,0.47619047619047616,0.25,0.22619047619047616
p_1170,t3_26b1l1,t1_chpkxvq,t1_chpr7to,0.4111111111111111,0.4666666666666667,-0.05555555555555558
p_1171,t3_26axzi,t1_chpfpjf,t1_chpch30,0.3333333333333333,0.4098360655737705,-0.07650273224043719
p_1173,t3_26avz4,t1_chpvoyz,t1_chpdbyq,0.3888888888888889,0.45614035087719296,-0.06725146198830406
p_1172,t3_26avz4,t1_chpk0aq,t1_chpkmh2,0.3620689655172414,0.425,-0.06293103448275861
p_1175,t3_266yvm,t1_cho98qb,t1_cho9whe,0.4942528735632184,0.5494505494505495,-0.0551976758873311
p_1176,t3_264xi6,t1_chnu7dr,t1_chntgnu,0.45121951219512196,0.38095238095238093,0.07026713124274103
p_1177,t3_264iek,t1_chnlkj6,t1_chnpgap,0.32786885245901637,0.2641509433962264,0.06371790906278996
p_1178,t3_26478q,t1_chnuzwc,t1_chni6ea,0.453125,0.45161290322580644,0.001512096774193561
p_1180,t3_26388i,t1_chn9wjm,t1_chn949h,0.4146341463414634,0.45454545454545453,-0.039911308203991136
p_1179,t3_26388i,t1_chn995p,t1_chnvien,0.22388059701492538,0.2571428571428571,-0.033262260127931736
p_1182,t3_25xo3j,t1_chm80yd,t1_chlvz4j,0.2676056338028169,0.30158730158730157,-0.03398166778448469
p_1183,t3_25xl5s,t1_chm54oj,t1_chlqmz0,0.43037974683544306,0.42857142857142855,0.001808318264014508
p_1184,t3_25x7qp,t1_chlltit,t1_chlyib1,0.28,0.3584905660377358,-0.0784905660377358
p_1185,t3_25vncd,t1_chldip6,t1_chl5c1u,0.4,0.225,0.17500000000000002
p_1187,t3_25ttah,t1_chknoam,t1_chknr46,0.4025974025974026,0.375,0.02759740259740262
p_1188,t3_25tb6s,t1_chkkbgt,t1_chkmpg8,0.475,0.28205128205128205,0.19294871794871793
p_1189,t3_25tb6s,t1_chkkdg1,t1_chknu20,0.2625,0.35365853658536583,-0.09115853658536582
p_1190,t3_25suor,t1_chkfvbm,t1_chkg3m5,0.42857142857142855,0.3392857142857143,0.08928571428571425
p_1193,t3_25scj1,t1_chkzgwk,t1_chkmkdy,0.3333333333333333,0.2777777777777778,0.055555555555555525
p_1194,t3_25r1ji,t1_chjyik3,t1_chk8w7b,0.375,0.4810126582278481,-0.10601265822784811
p_1195,t3_25po6v,t1_chjkkx8,t1_chjubyn,0.39655172413793105,0.3125,0.08405172413793105
p_1196,t3_25po6v,t1_chk8sqa,t1_chjubyn,0.375,0.3125,0.0625
p_1197,t3_25pnxw,t1_chjirvh,t1_chjpfx2,0.34782608695652173,0.1590909090909091,0.18873517786561264
p_1198,t3_25pnxw,t1_chjjtas,t1_chjj0yp,0.2391304347826087,0.25,-0.010869565217391297
p_1199,t3_25oyan,t1_chjdqy8,t1_chjem5p,0.45454545454545453,0.36507936507936506,0.08946608946608947
p_1200,t3_25nvz4,t1_chj0cy6,t1_chj0i1f,0.23636363636363636,0.3442622950819672,-0.10789865871833085
p_1201,t3_25n272,t1_chiubth,t1_chitirm,0.39622641509433965,0.3018867924528302,0.09433962264150947
p_1202,t3_25n272,t1_chiu5hs,t1_chiulpy,0.43283582089552236,0.2545454545454545,0.17829036635006784
p_1205,t3_25lg8m,t1_chigspr,t1_chiogt6,0.3617021276595745,0.24742268041237114,0.11427944724720335
p_1206,t3_25l0uy,t1_chi8i2g,t1_chi832d,0.352112676056338,0.18867924528301888,0.16343343077331912
p_1207,t3_25l0uy,t1_chi7njk,t1_chi7tu1,0.3888888888888889,0.2857142857142857,0.1031746031746032
p_1211,t3_25itrj,t1_chhmwgg,t1_chi69ds,0.36,0.375,-0.015000000000000013
p_1212,t3_25im4s,t1_chhkumz,t1_chhjyki,0.41904761904761906,0.45714285714285713,-0.03809523809523807
p_1213,t3_25ha18,t1_chh8ifw,t1_chheuzj,0.38961038961038963,0.38571428571428573,0.0038961038961038974
p_1214,t3_25ha18,t1_chh6qmk,t1_chhe1dy,0.40298507462686567,0.328125,0.07486007462686567
p_1216,t3_25gqr3,t1_chh26by,t1_chhh81o,0.45652173913043476,0.36666666666666664,0.08985507246376812
p_1217,t3_25gqr3,t1_chh8rrt,t1_chhh81o,0.5428571428571428,0.36666666666666664,0.17619047619047618
p_1218,t3_25fjdx,t1_chgsfko,t1_chgwtsq,0.2777777777777778,0.3611111111111111,-0.08333333333333331
p_1219,t3_25emz1,t1_chgg0g9,t1_chgig4z,0.36363636363636365,0.225,0.13863636363636364
p_1220,t3_25emz1,t1_chgg5ng,t1_chgir2d,0.5054945054945055,0.3125,0.19299450549450547
p_1221,t3_25e9jx,t1_chggnry,t1_chge47o,0.5578947368421052,0.5368421052631579,0.021052631578947323
p_1223,t3_25dxbd,t1_chg9dqe,t1_chg8ogo,0.391304347826087,0.49295774647887325,-0.10165339865278628
p_1227,t3_255hmb,t1_chdweq6,t1_chemebp,0.38666666666666666,0.36923076923076925,0.017435897435897407
p_1229,t3_254zub,t1_chdvkgy,t1_chdwf9h,0.35384615384615387,0.21666666666666667,0.1371794871794872
p_1231,t3_254y08,t1_cheumim,t1_chds6fo,0.37254901960784315,0.20512820512820512,0.16742081447963802
p_1233,t3_25397z,t1_chda336,t1_chdw4w9,0.2727272727272727,0.32,-0.0472727272727273
p_1237,t3_251sp2,t1_chcu4b5,t1_chctls6,0.4067796610169492,0.40350877192982454,0.00327088908712464
p_1238,t3_251sp2,t1_chct90x,t1_chctls6,0.3191489361702128,0.40350877192982454,-0.08435983575961176
p_1239,t3_24y1ch,t1_chbuciq,t1_chbrxsr,0.34375,0.35714285714285715,-0.01339285714285715
p_1240,t3_24xvdh,t1_chc0kbp,t1_chbz1m4,0.41935483870967744,0.3728813559322034,0.04647348277747404
p_1241,t3_24xu2q,t1_chbubti,t1_chbry7z,0.3707865168539326,0.3448275862068966,0.025958930647036027
p_1242,t3_24xu2q,t1_chc4ef4,t1_chbry7z,0.4731182795698925,0.3448275862068966,0.12829069336299592
p_1244,t3_24w4ny,t1_chb93ff,t1_chb9gll,0.5921052631578947,0.4827586206896552,0.1093466424682395
p_1245,t3_24w2l9,t1_chb9cc8,t1_chb90uk,0.5151515151515151,0.4603174603174603,0.054834054834054846
p_1246,t3_24v6pp,t1_chbpbt5,t1_chb0vnk,0.28888888888888886,0.35,-0.061111111111111116
p_1247,t3_24v4li,t1_chb1bwz,t1_chb0q8j,0.27906976744186046,0.34375,-0.06468023255813954
p_1249,t3_24v147,t1_chbavh7,t1_chbf3nm,0.5833333333333334,0.5794392523364486,0.003894080996884819
p_1251,t3_24u1tt,t1_chatgr3,t1_chap2b6,0.3950617283950617,0.29545454545454547,0.09960718294051624
p_1252,t3_24svid,t1_chabtmq,t1_chabwh6,0.3541666666666667,0.23255813953488372,0.12160852713178297
p_1255,t3_24se6g,t1_cha8lpp,t1_cha7yte,0.34285714285714286,0.359375,-0.01651785714285714
p_1256,t3_24sb0f,t1_cha6mi6,t1_cha8ryw,0.27941176470588236,0.23728813559322035,0.042123629112662014
p_1257,t3_24qqog,t1_ch9zipy,t1_ch9sfw0,0.4050632911392405,0.3333333333333333,0.07172995780590719
p_1258,t3_24pgmg,t1_ch9fo96,t1_ch9x7xg,0.42857142857142855,0.4470588235294118,-0.01848739495798324
p_1261,t3_24mdbl,t1_ch8og6w,t1_ch8j52p,0.43283582089552236,0.47297297297297297,-0.04013715207745061
p_1262,t3_24m6ig,t1_ch8nkas,t1_ch8kf1q,0.26666666666666666,0.3333333333333333,-0.06666666666666665
p_1264,t3_24j7qu,t1_ch7qjkg,t1_ch7uy3e,0.21568627450980393,0.4174757281553398,-0.20178945364553585
p_1265,t3_24io3e,t1_ch7na38,t1_ch7ieyl,0.4482758620689655,0.3770491803278688,0.0712266817410967
p_1266,t3_24io3e,t1_ch7pz3m,t1_ch7ieyl,0.4,0.3770491803278688,0.022950819672131195
p_1267,t3_24hwd5,t1_ch7gi99,t1_ch7affk,0.2542372881355932,0.2807017543859649,-0.026464466250371688
p_1268,t3_24h3zr,t1_ch72c4s,t1_ch72cof,0.44155844155844154,0.4090909090909091,0.03246753246753242
p_1269,t3_24g8ii,t1_ch71nlc,t1_ch6tmiv,0.42424242424242425,0.3137254901960784,0.11051693404634583
p_1270,t3_24g4hq,t1_ch7257w,t1_ch6va5a,0.34615384615384615,0.25925925925925924,0.0868945868945869
p_1278,t3_24c5qv,t1_ch5oa5w,t1_ch5ogse,0.5483870967741935,0.47692307692307695,0.07146401985111656
p_1279,t3_24c5qv,t1_ch5ow4l,t1_ch5ogse,0.4788732394366197,0.47692307692307695,0.0019501625135427414
p_1280,t3_24c1q3,t1_ch5uakf,t1_ch60ays,0.47058823529411764,0.24193548387096775,0.2286527514231499
p_1281,t3_24c1q3,t1_ch61d0c,t1_ch5ursh,0.5238095238095238,0.47368421052631576,0.05012531328320807
p_1282,t3_24c1q3,t1_ch5uoui,t1_ch5ugkf,0.21428571428571427,0.25,-0.035714285714285726
p_1283,t3_24c1q3,t1_ch5zt5k,t1_ch5p4qj,0.43478260869565216,0.3150684931506849,0.11971411554496725
p_1284,t3_24bx3p,t1_ch5nu6w,t1_ch5ot5q,0.4444444444444444,0.25925925925925924,0.18518518518518517
p_1285,t3_24bof3,t1_ch5k7ny,t1_ch5m04n,0.3050847457627119,0.2631578947368421,0.041926851025869794
p_1286,t3_24bof3,t1_ch5k4dl,t1_ch5phng,0.3939393939393939,0.4857142857142857,-0.09177489177489179
p_1287,t3_24b8ko,t1_ch5ozwp,t1_ch66f4q,0.5108695652173914,0.5208333333333334,-0.009963768115942018
p_1288,t3_249sxa,t1_ch53so7,t1_ch4zs42,0.39705882352941174,0.2777777777777778,0.11928104575163395
p_1289,t3_249l1k,t1_ch4xsez,t1_ch57rrn,0.2571428571428571,0.3269230769230769,-0.06978021978021981
p_1290,t3_248s83,t1_ch4snfe,t1_ch4qx6q,0.4897959183673469,0.2857142857142857,0.20408163265306123
p_1291,t3_248bcr,t1_ch4oftd,t1_ch51bt3,0.28735632183908044,0.2602739726027397,0.02708234923634073
p_1295,t3_24509o,t1_ch3osvi,t1_ch3yyjg,0.35802469135802467,0.3835616438356164,-0.025536952477591746
p_1296,t3_244kp1,t1_ch3jo95,t1_ch3iw1o,0.3125,0.18604651162790697,0.12645348837209303
p_1297,t3_244bft,t1_ch3gjc7,t1_ch3m2j3,0.34782608695652173,0.37777777777777777,-0.02995169082125604
p_1301,t3_23yke6,t1_ch1tbc6,t1_ch22rmp,0.21875,0.23333333333333334,-0.014583333333333337
p_1302,t3_23yke6,t1_ch21i1v,t1_ch21o13,0.2857142857142857,0.23333333333333334,0.05238095238095236
p_1305,t3_23yke6,t1_ch29mf9,t1_ch1y1ws,0.20408163265306123,0.3125,-0.10841836734693877
p_1303,t3_23yke6,t1_ch1xh6r,t1_ch20pf2,0.175,0.23076923076923078,-0.05576923076923079
p_1304,t3_23yke6,t1_ch1vy27,t1_ch22rmp,0.225,0.23333333333333334,-0.008333333333333331
p_1308,t3_23xw5n,t1_ch20pmq,t1_ch1orox,0.32142857142857145,0.3728813559322034,-0.05145278450363194
p_1311,t3_23xekl,t1_ch1ihvg,t1_ch1ih9d,0.2916666666666667,0.2708333333333333,0.02083333333333337
p_1310,t3_23xekl,t1_ch1lcbj,t1_ch1tafi,0.375,0.2127659574468085,0.1622340425531915
p_1312,t3_23wvv9,t1_ch1cxo2,t1_ch1d10a,0.25,0.4126984126984127,-0.16269841269841268
p_1315,t3_23wvv9,t1_ch1d1et,t1_ch1czsx,0.16666666666666666,0.3103448275862069,-0.14367816091954025
p_1314,t3_23wvv9,t1_ch1dgtk,t1_ch1czsx,0.37037037037037035,0.3103448275862069,0.060025542784163444
p_1313,t3_23wvv9,t1_ch1cuwx,t1_ch1d10a,0.3333333333333333,0.4126984126984127,-0.07936507936507936
p_1316,t3_23wvv9,t1_ch1dvsg,t1_ch1d10a,0.35185185185185186,0.4126984126984127,-0.060846560846560815
p_1317,t3_23vw8b,t1_ch130xw,t1_ch12knl,0.2978723404255319,0.3953488372093023,-0.0974764967837704
p_1318,t3_23vw8b,t1_ch13k3n,t1_ch12knl,0.17391304347826086,0.3953488372093023,-0.22143579373104144
p_1319,t3_23vw8b,t1_ch149yl,t1_ch13pcr,0.3392857142857143,0.32,0.019285714285714295
p_1320,t3_23vvzm,t1_ch1f49t,t1_ch12o3l,0.4666666666666667,0.3492063492063492,0.11746031746031749
p_1322,t3_23ou3x,t1_cgz6lk9,t1_cgz4coy,0.4032258064516129,0.23076923076923078,0.1724565756823821
p_1324,t3_23mgec,t1_cgygajp,t1_cgyvk0r,0.32608695652173914,0.3111111111111111,0.01497584541062802
p_1326,t3_23lqtl,t1_cgybkki,t1_cgy8g3b,0.5301204819277109,0.358974358974359,0.1711461229533519
p_1327,t3_23lqtl,t1_cgy90vi,t1_cgyg9t2,0.23943661971830985,0.3333333333333333,-0.09389671361502347
p_1328,t3_23litg,t1_cgy73k6,t1_cgyu73z,0.4025974025974026,0.39705882352941174,0.005538579067990879
p_1329,t3_23kv7b,t1_cgxzsco,t1_cgy6k1w,0.3548387096774194,0.38571428571428573,-0.03087557603686636
p_1330,t3_23kv7b,t1_cgy0cn3,t1_cgy04hq,0.273972602739726,0.2463768115942029,0.027595791145523102
p_1331,t3_23kv7b,t1_cgy2g6p,t1_cgy5vy7,0.15873015873015872,0.2465753424657534,-0.08784518373559469
p_1332,t3_23kv7b,t1_cgy0c2d,t1_cgy551n,0.34782608695652173,0.3380281690140845,0.009797917942437229
p_1333,t3_23kv7b,t1_cgy6gid,t1_cgyrejw,0.2923076923076923,0.19402985074626866,0.09827784156142366
p_1334,t3_23kit3,t1_cgxz084,t1_cgxx7gu,0.3291139240506329,0.37037037037037035,-0.04125644631973746
p_1335,t3_23k2q0,t1_cgxw1t2,t1_cgxturs,0.359375,0.43636363636363634,-0.07698863636363634
p_1336,t3_23jz53,t1_cgxr95k,t1_cgxqswm,0.3125,0.3181818181818182,-0.005681818181818177
p_1337,t3_23jmyp,t1_cgxs8kb,t1_cgxn99f,0.29310344827586204,0.3090909090909091,-0.01598746081504704
p_1338,t3_23ijp4,t1_cgxcr0l,t1_cgxdbde,0.5806451612903226,0.4827586206896552,0.09788654060066743
p_1341,t3_23c5x0,t1_cgvl8vi,t1_cgvm637,0.30985915492957744,0.3484848484848485,-0.03862569355527107
p_1342,t3_239u21,t1_cguzcxq,t1_cgv142h,0.30864197530864196,0.3924050632911392,-0.08376308798249726
p_1343,t3_238wk7,t1_cgumv5c,t1_cgvmt4w,0.23376623376623376,0.2982456140350877,-0.06447938026885394
p_1344,t3_238afg,t1_cguflf3,t1_cgufoko,0.29545454545454547,0.35,-0.05454545454545451
p_1345,t3_2375b2,t1_cgu92dz,t1_cgu3uvw,0.26865671641791045,0.2608695652173913,0.007787151200519149
p_1346,t3_2371el,t1_cguakwg,t1_cgu6rya,0.37735849056603776,0.3870967741935484,-0.009738283627510613
p_1347,t3_2360o1,t1_cgtz3wv,t1_cgtwa3q,0.3484848484848485,0.2727272727272727,0.0757575757575758
p_1348,t3_2360o1,t1_cgu0cre,t1_cgtsaaa,0.4146341463414634,0.4264705882352941,-0.011836441893830707
p_1353,t3_22z33y,t1_cgrsuna,t1_cgs2mn3,0.23684210526315788,0.34782608695652173,-0.11098398169336385
p_1354,t3_22z33y,t1_cgrugp5,t1_cgs6ju7,0.3269230769230769,0.2608695652173913,0.06605351170568563
p_1355,t3_22y28i,t1_cgriyct,t1_cgrjo9h,0.40476190476190477,0.3064516129032258,0.09831029185867896
p_1358,t3_22xij5,t1_cgrqv9h,t1_cgrcwvc,0.5394736842105263,0.42105263157894735,0.11842105263157898
p_1356,t3_22xij5,t1_cgrcz5o,t1_cgrcq5k,0.547945205479452,0.31343283582089554,0.23451236965855649
p_1359,t3_22wdaq,t1_cgr4744,t1_cgr1g25,0.36923076923076925,0.38028169014084506,-0.011050920910075812
p_1361,t3_22uku3,t1_cgqjbhc,t1_cgqivn8,0.19047619047619047,0.43209876543209874,-0.24162257495590828
p_1362,t3_22uku3,t1_cgqlrwl,t1_cgqjogl,0.42857142857142855,0.47368421052631576,-0.045112781954887216
p_1364,t3_22uku3,t1_cgqquh7,t1_cgqjogl,0.3974358974358974,0.47368421052631576,-0.07624831309041835
p_1363,t3_22uku3,t1_cgqkdik,t1_cgqivn8,0.3684210526315789,0.43209876543209874,-0.06367771280051981
p_1365,t3_22ujpc,t1_cgqjh6c,t1_cgqk4rp,0.358974358974359,0.2631578947368421,0.09581646423751689
p_1367,t3_22s6od,t1_cgpvjq6,t1_cgpumps,0.3258426966292135,0.35294117647058826,-0.027098479841374756
p_1368,t3_22s540,t1_cgpw23e,t1_cgq0y5h,0.43902439024390244,0.39285714285714285,0.04616724738675959
p_1369,t3_22ro8l,t1_cgpubok,t1_cgpq38y,0.3194444444444444,0.38095238095238093,-0.06150793650793651
p_1373,t3_22rciz,t1_cgppvl3,t1_cgps3lm,0.3409090909090909,0.3888888888888889,-0.04797979797979801
p_1375,t3_22p8vc,t1_cgp1ivx,t1_cgp2qt7,0.373134328358209,0.373134328358209,0.0
p_1376,t3_22p8vc,t1_cgph660,t1_cgp2qt7,0.3917525773195876,0.373134328358209,0.018618248961378647
p_1378,t3_22oxbh,t1_cgpbtta,t1_cgp8xyo,0.30864197530864196,0.45,-0.14135802469135805
p_1381,t3_22kmvs,t1_cgnqvsu,t1_cgns9dq,0.39285714285714285,0.4262295081967213,-0.033372365339578436
p_1382,t3_22kmvs,t1_cgnr65q,t1_cgnr89a,0.375,0.37254901960784315,0.002450980392156854
p_1383,t3_22kmvs,t1_cgnqzqt,t1_cgns9dq,0.29545454545454547,0.4262295081967213,-0.13077496274217582
p_1385,t3_22jhn2,t1_cgneze9,t1_cgnl46h,0.3877551020408163,0.36065573770491804,0.02709936433589827
p_1387,t3_22f1kj,t1_cgm6jha,t1_cgs195e,0.36,0.3333333333333333,0.026666666666666672
p_1388,t3_22f1kj,t1_cgm7mon,t1_cgmavew,0.3181818181818182,0.3829787234042553,-0.06479690522243714
p_1389,t3_22f1kj,t1_cgm6vi2,t1_cgm6jxw,0.3037974683544304,0.42857142857142855,-0.12477396021699816
p_1392,t3_22akzj,t1_cgl8lo1,t1_cgkxjgo,0.3783783783783784,0.3695652173913043,0.008813160987074076
p_1394,t3_22aivj,t1_cglicrz,t1_cgl0x83,0.26153846153846155,0.3787878787878788,-0.11724941724941723
p_1395,t3_22aivj,t1_cgljc74,t1_cgl10xq,0.2898550724637681,0.25396825396825395,0.03588681849551417
p_1396,t3_22a5ni,t1_cgktqwp,t1_cgkttdk,0.32075471698113206,0.22,0.10075471698113206
p_1397,t3_22a3qs,t1_cgkvrr0,t1_cgkykbh,0.3125,0.2926829268292683,0.019817073170731725
p_1398,t3_22a3qs,t1_cgl1hm0,t1_cgkykbh,0.30952380952380953,0.2926829268292683,0.01684088269454126
p_1399,t3_22a3qs,t1_cgl1h03,t1_cgkykbh,0.27450980392156865,0.2926829268292683,-0.018173122907699624
p_1400,t3_22a37m,t1_cgksfxc,t1_cgkymem,0.30357142857142855,0.24528301886792453,0.05828840970350402
p_1401,t3_228zyi,t1_cgkk4t4,t1_cgklgw6,0.2641509433962264,0.32653061224489793,-0.06237966884867152
p_1402,t3_228zup,t1_cgkizxk,t1_cgklh2w,0.35555555555555557,0.2631578947368421,0.09239766081871348
p_1403,t3_227jtk,t1_cgkj9t2,t1_cgk3y74,0.42592592592592593,0.34615384615384615,0.07977207977207978
p_1404,t3_2274kr,t1_cgk4b3c,t1_cgk2ayk,0.4742268041237113,0.47191011235955055,0.002316691764160772
p_1406,t3_226qii,t1_cgjxbij,t1_cgjwndb,0.288135593220339,0.38235294117647056,-0.09421734795613157
p_1408,t3_225n20,t1_cgjsq8n,t1_cgjxoyj,0.29508196721311475,0.4177215189873418,-0.12263955177422703
p_1409,t3_225n20,t1_cgjse9y,t1_cgjto4c,0.4444444444444444,0.4794520547945205,-0.0350076103500761
p_1411,t3_2235f3,t1_cgj1syh,t1_cgj12cs,0.265625,0.26153846153846155,0.004086538461538447
p_1413,t3_222civ,t1_cgiu51l,t1_cgiukpc,0.39473684210526316,0.3614457831325301,0.033291058972733045
p_1414,t3_222civ,t1_cgj0qyo,t1_cgir9ho,0.390625,0.47368421052631576,-0.08305921052631576
p_1416,t3_2225gv,t1_cgimlkk,t1_cgio20w,0.2830188679245283,0.28846153846153844,-0.005442670537010141
p_1417,t3_221bir,t1_cgif7kr,t1_cgixpf6,0.3026315789473684,0.3,0.0026315789473684292
p_1418,t3_220tb9,t1_cgi94sd,t1_cgic9mq,0.34285714285714286,0.38571428571428573,-0.04285714285714287
p_1422,t3_21ufiz,t1_cghj1f0,t1_cggsmnl,0.39655172413793105,0.11864406779661017,0.27790765634132086
p_1423,t3_21tk7p,t1_cgggqyw,t1_cgghrhl,0.29310344827586204,0.4675324675324675,-0.17442901925660548
p_1425,t3_21tdqe,t1_cggbp4k,t1_cggl2kk,0.18333333333333332,0.423728813559322,-0.2403954802259887
p_1426,t3_21syfg,t1_cgg7z22,t1_cgg8cok,0.3888888888888889,0.2909090909090909,0.097979797979798
p_1428,t3_21ssfi,t1_cgg6xv3,t1_cggf9u8,0.34615384615384615,0.35714285714285715,-0.010989010989011005
p_1436,t3_21pkk6,t1_cgfbywq,t1_cgfbp9c,0.3333333333333333,0.3108108108108108,0.022522522522522515
p_1437,t3_21okwn,t1_cgf2798,t1_cgf5s9n,0.3972602739726027,0.36363636363636365,0.03362391033623907
p_1438,t3_21lleu,t1_cgec0uu,t1_cgebs0x,0.4918032786885246,0.34328358208955223,0.14851969659897235
p_1439,t3_21l4k2,t1_cge4eyu,t1_cge6hi9,0.41379310344827586,0.25,0.16379310344827586
p_1441,t3_21id1m,t1_cgdf3o7,t1_cgdlgwq,0.26666666666666666,0.3783783783783784,-0.11171171171171174
p_1447,t3_21eskl,t1_cgcdlrz,t1_cgccad9,0.48484848484848486,0.3541666666666667,0.13068181818181818
p_1449,t3_21dzb8,t1_cgc6vmk,t1_cgcdz22,0.36585365853658536,0.2826086956521739,0.08324496288441147
p_1450,t3_21ceh3,t1_cgbp7v2,t1_cgbpnct,0.39436619718309857,0.25,0.14436619718309857
p_1451,t3_21c4g5,t1_cgbm0ol,t1_cgbmkir,0.36046511627906974,0.3283582089552239,0.03210690732384586
p_1454,t3_21bodq,t1_cgbktwy,t1_cgboulw,0.3918918918918919,0.4727272727272727,-0.08083538083538083
p_1455,t3_21aaav,t1_cgb4hag,t1_cgb7k83,0.4,0.2857142857142857,0.11428571428571432
p_1456,t3_219ie7,t1_cgawtkk,t1_cgaywpa,0.4520547945205479,0.3442622950819672,0.10779249943858071
p_1457,t3_219ie7,t1_cgay26g,t1_cgaxh04,0.4074074074074074,0.39285714285714285,0.014550264550264536
p_1459,t3_219hll,t1_cgb9i7f,t1_cgawgmy,0.3492063492063492,0.3392857142857143,0.009920634920634885
p_1461,t3_218cj0,t1_cgb7957,t1_cgakc8p,0.3076923076923077,0.5,-0.1923076923076923
p_1460,t3_218cj0,t1_cgb4zyw,t1_cgalms8,0.37037037037037035,0.35185185185185186,0.01851851851851849
p_1462,t3_218cay,t1_cganctm,t1_cgb5b16,0.6293103448275862,0.46788990825688076,0.16142043657070543
p_1464,t3_217z08,t1_cgamd0q,t1_cgam4in,0.40816326530612246,0.45054945054945056,-0.0423861852433281
p_1466,t3_216l8g,t1_cga5u8e,t1_cgaj501,0.4430379746835443,0.2236842105263158,0.2193537641572285
p_1468,t3_216l8g,t1_cgadifw,t1_cgamd1h,0.53125,0.4810126582278481,0.05023734177215189
p_1469,t3_216l8g,t1_cga5vm9,t1_cgad30r,0.4189189189189189,0.2328767123287671,0.1860422065901518
p_1470,t3_216c3c,t1_cgaclvt,t1_cgb76ib,0.39473684210526316,0.32432432432432434,0.07041251778093882
p_1471,t3_2156ec,t1_cg9t3jm,t1_cg9v9lh,0.34545454545454546,0.5098039215686274,-0.16434937611408196
p_1472,t3_2156ec,t1_cg9sith,t1_cg9v9lh,0.39285714285714285,0.5098039215686274,-0.11694677871148457
p_1473,t3_213mm2,t1_cg9agr0,t1_cg9bbci,0.3333333333333333,0.42592592592592593,-0.09259259259259262
p_1474,t3_2130o9,t1_cg973lr,t1_cg99h0r,0.36585365853658536,0.38461538461538464,-0.01876172607879928
p_1475,t3_2108o3,t1_cg8g5m0,t1_cg8vacp,0.37349397590361444,0.3541666666666667,0.019327309236947754
p_1477,t3_2108o3,t1_cg8pfcj,t1_cg8em1w,0.46551724137931033,0.5,-0.03448275862068967
p_1476,t3_2108o3,t1_cg8g18c,t1_cg8gp2o,0.3972602739726027,0.3283582089552239,0.06890206501737883
p_1478,t3_2100tm,t1_cg8bjor,t1_cg8bpfd,0.19148936170212766,0.2708333333333333,-0.07934397163120566
p_1479,t3_2100tm,t1_cg8bkva,t1_cg8cadv,0.2597402597402597,0.2909090909090909,-0.03116883116883118
p_1480,t3_21006g,t1_cg8ektc,t1_cg8c67y,0.44871794871794873,0.3146067415730337,0.13411120714491503
p_1481,t3_21006g,t1_cg8d5l7,t1_cg8jki4,0.3230769230769231,0.2786885245901639,0.044388398486759184
p_1482,t3_21006g,t1_cg8k5af,t1_cg8jacm,0.40963855421686746,0.42857142857142855,-0.01893287435456109
p_1483,t3_20y74d,t1_cg7uqnx,t1_cg7xgcc,0.32075471698113206,0.35714285714285715,-0.03638814016172509
p_1484,t3_20xnem,t1_cg7p4ea,t1_cg872iu,0.3939393939393939,0.328125,0.06581439393939392
p_1485,t3_20xnem,t1_cg7py0i,t1_cg872iu,0.30120481927710846,0.328125,-0.02692018072289154
p_1486,t3_20w0tt,t1_cg7p8xg,t1_cg7r3mc,0.44565217391304346,0.5959595959595959,-0.15030742204655245
p_1487,t3_20vzfs,t1_cg7cbh1,t1_cg7cj2w,0.3333333333333333,0.3,0.033333333333333326
p_1488,t3_20v70n,t1_cg725lz,t1_cg73vfe,0.39285714285714285,0.34375,0.04910714285714285
p_1489,t3_20smoi,t1_cg6kjc3,t1_cg6ejad,0.2608695652173913,0.25396825396825395,0.006901311249137343
p_1495,t3_20ofb2,t1_cg5pkgq,t1_cg5ixhz,0.3384615384615385,0.375,-0.03653846153846152
p_1499,t3_20nrcb,t1_cg543t2,t1_cg552uu,0.3424657534246575,0.3013698630136986,0.0410958904109589
p_1502,t3_20mxh2,t1_cg5cj8f,t1_cg5k6xt,0.3235294117647059,0.3620689655172414,-0.03853955375253548
p_1504,t3_20mjdj,t1_cg682ww,t1_cg4t0cc,0.24,0.26,-0.020000000000000018
p_1503,t3_20mjdj,t1_cg4pg7g,t1_cg4t0cc,0.22,0.26,-0.04000000000000001
p_1505,t3_20madh,t1_cg4ndzh,t1_cg4rj03,0.36764705882352944,0.3442622950819672,0.02338476374156223
p_1508,t3_20krmr,t1_cg48d5v,t1_cg4a1y8,0.48717948717948717,0.3918918918918919,0.09528759528759528
p_1509,t3_20k8w4,t1_cg4aii2,t1_cg48eux,0.4722222222222222,0.3829787234042553,0.0892434988179669
p_1510,t3_20k2rr,t1_cg419ms,t1_cg412ex,0.37623762376237624,0.3684210526315789,0.007816571130797312
p_1511,t3_20jx3a,t1_cg3ylll,t1_cg3zhj7,0.3333333333333333,0.37254901960784315,-0.03921568627450983
p_1512,t3_20iv9v,t1_cg3ns2w,t1_cg44wwu,0.46551724137931033,0.423728813559322,0.041788427819988316
p_1513,t3_20iv9v,t1_cg3y5m7,t1_cg44wwu,0.38181818181818183,0.423728813559322,-0.04191063174114018
p_1515,t3_20i4lp,t1_cg3uys9,t1_cg3hmbl,0.4166666666666667,0.2459016393442623,0.1707650273224044
p_1516,t3_20i4lp,t1_cg48c3a,t1_cg3j6v8,0.2711864406779661,0.2857142857142857,-0.014527845036319598
p_1517,t3_20i32o,t1_cg3g5qn,t1_cg3h1s6,0.3469387755102041,0.2962962962962963,0.0506424792139078
p_1518,t3_20hoh2,t1_cg3e8tj,t1_cg3e1q3,0.4,0.41935483870967744,-0.019354838709677413
p_1519,t3_20h3n2,t1_cg35tve,t1_cg35vpg,0.32558139534883723,0.3170731707317073,0.008508224617129911
p_1520,t3_20gyw4,t1_cg3bvu3,t1_cg3fsc7,0.26666666666666666,0.22807017543859648,0.038596491228070184
p_1521,t3_20gyw4,t1_cg3fs5u,t1_cg3fsc7,0.3770491803278688,0.22807017543859648,0.14897900488927235
p_1523,t3_20evic,t1_cg2s2cg,t1_cg2kgg6,0.43636363636363634,0.39622641509433965,0.0401372212692967
p_1524,t3_20er8m,t1_cg2kh0h,t1_cg349wx,0.13580246913580246,0.3625,-0.22669753086419753
p_1526,t3_20er8m,t1_cg2pphh,t1_cg349wx,0.3815789473684211,0.3625,0.019078947368421084
p_1529,t3_20ccdh,t1_cg1yrvx,t1_cg21j64,0.3333333333333333,0.45098039215686275,-0.11764705882352944
p_1530,t3_20c7cz,t1_cg1yw0u,t1_cg1tdlz,0.2777777777777778,0.4827586206896552,-0.2049808429118774
p_1531,t3_20bjzj,t1_cg1npcb,t1_cg1np4p,0.4246575342465753,0.49230769230769234,-0.06765015806111702
p_1532,t3_20bc4h,t1_cg1kcaj,t1_cg1q9b0,0.3763440860215054,0.5,-0.12365591397849462
p_1533,t3_20bc4h,t1_cg1k60u,t1_cg1m2xr,0.3709677419354839,0.3103448275862069,0.06062291434927697
p_1536,t3_208uz9,t1_cg0x68o,t1_cg0vcfi,0.4,0.3235294117647059,0.07647058823529412
p_1538,t3_208uz9,t1_cg10g34,t1_cg0vx6c,0.2153846153846154,0.4090909090909091,-0.19370629370629372
p_1539,t3_20771y,t1_cg0g3o7,t1_cg0kgnu,0.30434782608695654,0.3620689655172414,-0.05772113943028484
p_1541,t3_2067hy,t1_cg07wrp,t1_cg0fxc1,0.47692307692307695,0.41818181818181815,0.058741258741258795
p_1542,t3_2067hy,t1_cg0du69,t1_cg0fxc1,0.41379310344827586,0.41818181818181815,-0.004388714733542298
p_1543,t3_205wgp,t1_cg034et,t1_cg0lm1r,0.2549019607843137,0.3148148148148148,-0.05991285403050112
p_1545,t3_2055ga,t1_cg005x6,t1_cfzyi1j,0.3235294117647059,0.5507246376811594,-0.22719522591645352
p_1546,t3_20552o,t1_cfzv2ca,t1_cfzutd1,0.4090909090909091,0.4126984126984127,-0.0036075036075035594
p_1547,t3_202dsz,t1_cfz5omt,t1_cfz8mj9,0.3968253968253968,0.45569620253164556,-0.05887080570624875
p_1548,t3_1zyxf5,t1_cfykpyh,t1_cfy8x1q,0.4533333333333333,0.4444444444444444,0.00888888888888889
p_1549,t3_1zwn1x,t1_cfxnbo6,t1_cfxnnsj,0.2982456140350877,0.2826086956521739,0.01563691838291381
p_1550,t3_1zw7ln,t1_cfxj320,t1_cfxj5az,0.2826086956521739,0.2127659574468085,0.06984273820536538
p_1551,t3_1zuvxw,t1_cfxe20o,t1_cfxmqh6,0.3088235294117647,0.24,0.06882352941176473
p_1552,t3_1zu61l,t1_cfwzylm,t1_cfx0hao,0.4727272727272727,0.4375,0.03522727272727272
p_1553,t3_1ztvka,t1_cfwxsqx,t1_cfwws2r,0.4605263157894737,0.3283582089552239,0.1321681068342498
p_1555,t3_1zs621,t1_cfwvfc8,t1_cfwgped,0.4380952380952381,0.4084507042253521,0.02964453386988597
p_1557,t3_1zradb,t1_cfwcpec,t1_cfwls65,0.3815789473684211,0.3488372093023256,0.03274173806609548
p_1558,t3_1zmsp5,t1_cfv2q6b,t1_cfv12db,0.4583333333333333,0.3559322033898305,0.10240112994350281
p_1561,t3_1zj8xe,t1_cfuhnxj,t1_cfu7ye4,0.37037037037037035,0.36363636363636365,0.006734006734006703
p_1563,t3_1zixnc,t1_cfu2ihk,t1_cfufvm6,0.391304347826087,0.4411764705882353,-0.04987212276214831
p_1564,t3_1zixnc,t1_cfufgl4,t1_cfu8t82,0.4533333333333333,0.3582089552238806,0.09512437810945273
p_1565,t3_1zga9j,t1_cfth378,t1_cfthktn,0.4520547945205479,0.3870967741935484,0.06495802032699954
p_1566,t3_1zfi9r,t1_cft7656,t1_cft6dvp,0.3333333333333333,0.29411764705882354,0.039215686274509776
p_1567,t3_1zdgxp,t1_cfspefn,t1_cfsoeq2,0.37142857142857144,0.36666666666666664,0.0047619047619048005
p_1568,t3_1zav5a,t1_cfs128g,t1_cfs8we4,0.2894736842105263,0.38271604938271603,-0.0932423651721897
p_1569,t3_1zav5a,t1_cfs14jd,t1_cfs27v4,0.2553191489361702,0.32653061224489793,-0.07121146330872774
p_1570,t3_1z9uki,t1_cfrtm9j,t1_cfrtrpp,0.3090909090909091,0.30612244897959184,0.0029684601113172393
p_1571,t3_1z9nj1,t1_cfrvhp5,t1_cfrt1zr,0.32,0.2549019607843137,0.0650980392156863
p_1572,t3_1z9nj1,t1_cfs2slp,t1_cfrt1zr,0.4107142857142857,0.2549019607843137,0.155812324929972
p_1575,t3_1z4j07,t1_cfqjgtm,t1_cfqfpgt,0.33962264150943394,0.26785714285714285,0.0717654986522911
p_1576,t3_1z3vej,t1_cfq9l33,t1_cfq9m7b,0.2857142857142857,0.3055555555555556,-0.019841269841269882
p_1577,t3_1z2m65,t1_cfpz5ni,t1_cfqe6na,0.4393939393939394,0.35,0.08939393939393941
p_1579,t3_1z1x25,t1_cfps3jr,t1_cfprwz1,0.449438202247191,0.390625,0.058813202247191
p_1581,t3_1z0efm,t1_cfpdtdk,t1_cfpdbjr,0.4788732394366197,0.3620689655172414,0.11680427391937831
p_1582,t3_1yzk2r,t1_cfpix2k,t1_cfpb5e7,0.42990654205607476,0.43820224719101125,-0.008295705134936493
p_1584,t3_1ytd1y,t1_cfnl117,t1_cfnl2nq,0.3333333333333333,0.26666666666666666,0.06666666666666665
p_1585,t3_1yst0y,t1_cfngu5x,t1_cfngwn5,0.2976190476190476,0.38596491228070173,-0.08834586466165412
p_1586,t3_1ysjvs,t1_cfndapb,t1_cfnjy06,0.36923076923076925,0.36065573770491804,0.008575031525851207
p_1587,t3_1ysjvs,t1_cfnejdg,t1_cfndbpn,0.37662337662337664,0.40298507462686567,-0.02636169800348903
p_1588,t3_1yqbtv,t1_cfmvaww,t1_cfn3a9g,0.36764705882352944,0.38461538461538464,-0.0169683257918552
p_1589,t3_1yqbtv,t1_cfmvnmb,t1_cfnjhfp,0.3137254901960784,0.25,0.06372549019607843
p_1590,t3_1ypfdt,t1_cfmn9ya,t1_cfmkj9p,0.3469387755102041,0.3018867924528302,0.0450519830573739
p_1593,t3_1ylhiw,t1_cflpdf1,t1_cflrlgg,0.4444444444444444,0.3793103448275862,0.06513409961685823
p_1594,t3_1yksrs,t1_cfln3uw,t1_cflsynk,0.3333333333333333,0.1919191919191919,0.1414141414141414
p_1595,t3_1yk2nn,t1_cfmigm1,t1_cfl7jgs,0.36231884057971014,0.3953488372093023,-0.03302999662959216
p_1597,t3_1yj9yz,t1_cfkzuuw,t1_cfl3zb3,0.2682926829268293,0.2558139534883721,0.012478729438457181
p_1598,t3_1yhd8w,t1_cfkunw0,t1_cfl04qs,0.3076923076923077,0.4375,-0.1298076923076923
p_1599,t3_1yg8sx,t1_cfkaxla,t1_cfk8844,0.27450980392156865,0.2765957446808511,-0.002085940759282423
p_1600,t3_1yg2jo,t1_cfk66s1,t1_cfk729g,0.36065573770491804,0.2564102564102564,0.10424548129466166
p_1601,t3_1yf0hw,t1_cfk3gzm,t1_cfk3g6w,0.5675675675675675,0.5675675675675675,0.0
p_1602,t3_1ycqp3,t1_cfjcixz,t1_cfjex0e,0.2903225806451613,0.4845360824742268,-0.1942135018290655
p_1603,t3_1yccg0,t1_cfj7tna,t1_cfj836t,0.39655172413793105,0.3611111111111111,0.035440613026819945
p_1604,t3_1yc8z3,t1_cfj8dok,t1_cfj6ut7,0.3770491803278688,0.4489795918367347,-0.07193041150886587
p_1607,t3_1y93n4,t1_cfilbka,t1_cfiga5n,0.5176470588235295,0.4393939393939394,0.07825311942959007
p_1609,t3_1y8e6p,t1_cfidj9k,t1_cfi8wne,0.37681159420289856,0.3333333333333333,0.043478260869565244
p_1610,t3_1y7dly,t1_cfi0whe,t1_cfi99ou,0.25,0.23529411764705882,0.01470588235294118
p_1611,t3_1y6r6n,t1_cfhuqmy,t1_cfhzeok,0.49382716049382713,0.5394736842105263,-0.045646523716699194
p_1613,t3_1y5kpj,t1_cfhngrl,t1_cfhmv6r,0.2894736842105263,0.2857142857142857,0.003759398496240629
p_1614,t3_1y5jpe,t1_cfhjc63,t1_cfhoyvh,0.2972972972972973,0.358974358974359,-0.06167706167706166
p_1615,t3_1y3vw7,t1_cfh6xl3,t1_cfhb3ig,0.4268292682926829,0.41379310344827586,0.013036164844407061
p_1616,t3_1y0z80,t1_cfgezmv,t1_cfgd9sg,0.3559322033898305,0.45,-0.09406779661016951
p_1617,t3_1y0z80,t1_cfgebtx,t1_cfge83v,0.32786885245901637,0.3333333333333333,-0.005464480874316946
p_1618,t3_1y0z80,t1_cfgff5w,t1_cfgdo8i,0.21428571428571427,0.3157894736842105,-0.10150375939849623
p_1619,t3_1y0z80,t1_cfggmp9,t1_cfggdeg,0.2830188679245283,0.2777777777777778,0.0052410901467505044
p_1620,t3_1y0vu9,t1_cfgiaw0,t1_cfgl96g,0.29850746268656714,0.5,-0.20149253731343286
p_1621,t3_1y0q8w,t1_cfrq7cf,t1_cfgq10w,0.43023255813953487,0.5119047619047619,-0.08167220376522699
p_1622,t3_1xzpi7,t1_cfg2dzw,t1_cfg3is1,0.4827586206896552,0.4583333333333333,0.02442528735632188
p_1623,t3_1xzf7d,t1_cfg00me,t1_cffz5zm,0.42857142857142855,0.48333333333333334,-0.05476190476190479
p_1624,t3_1xzeag,t1_cffzwu5,t1_cffzfv6,0.5063291139240507,0.375,0.13132911392405067
p_1625,t3_1xzdek,t1_cfg1zzx,t1_cfg0i1g,0.31343283582089554,0.3695652173913043,-0.056132381570408785
p_1626,t3_1xz6rw,t1_cffz8em,t1_cffxz9z,0.4878048780487805,0.35526315789473684,0.13254172015404364
p_1628,t3_1xx4hd,t1_cffpbcp,t1_cffe6q8,0.48484848484848486,0.4,0.08484848484848484
p_1631,t3_1xvch2,t1_cff03ce,t1_cfeznzr,0.4266666666666667,0.39473684210526316,0.03192982456140353
p_1632,t3_1xus3u,t1_cff4s1l,t1_cff7gyo,0.2714285714285714,0.36585365853658536,-0.09442508710801395
p_1633,t3_1xtu9a,t1_cfelt93,t1_cfek1hq,0.35714285714285715,0.37735849056603776,-0.020215633423180612
p_1635,t3_1xt7na,t1_cfekvit,t1_cfehcuc,0.3584905660377358,0.4523809523809524,-0.09389038634321656
p_1636,t3_1xrsup,t1_cfe9wcm,t1_cfecpir,0.3333333333333333,0.2826086956521739,0.050724637681159424
p_1639,t3_1xqnjx,t1_cfdvt9y,t1_cfdt5y3,0.4875,0.4731182795698925,0.014381720430107492
p_1640,t3_1xqnjx,t1_cfdsxp9,t1_cfdvwqp,0.44565217391304346,0.4777777777777778,-0.03212560386473434
p_1641,t3_1xqn05,t1_cfdr670,t1_cfdzhku,0.32142857142857145,0.35714285714285715,-0.0357142857142857
p_1647,t3_1xpli3,t1_cfdj416,t1_cfdz0is,0.4225352112676056,0.3235294117647059,0.09900579950289973
p_1648,t3_1xp9br,t1_cfddlr2,t1_cfdd9ab,0.31746031746031744,0.30303030303030304,0.014430014430014404
p_1649,t3_1xowzb,t1_cfdatgs,t1_cfdbx3c,0.3380281690140845,0.36507936507936506,-0.02705119606528056
p_1650,t3_1xowzb,t1_cfdbhsi,t1_cfdbx3c,0.375,0.36507936507936506,0.009920634920634941
p_1651,t3_1xofrl,t1_cfd7mvo,t1_cfd6avv,0.3,0.3898305084745763,-0.0898305084745763
p_1652,t3_1xny71,t1_cfd4qsf,t1_cfd1p8s,0.42528735632183906,0.4189189189189189,0.006368437402920146
p_1653,t3_1xne0t,t1_cfcwnyo,t1_cfcwuj0,0.45,0.2923076923076923,0.1576923076923077
p_1654,t3_1xml8r,t1_cfcpq87,t1_cfcvgy3,0.36363636363636365,0.375,-0.011363636363636354
p_1658,t3_1xj5t3,t1_cfbzgs9,t1_cfbsvrz,0.42028985507246375,0.37037037037037035,0.0499194847020934
p_1659,t3_1xj58k,t1_cfbw65l,t1_cfc1y4k,0.2542372881355932,0.325,-0.0707627118644068
p_1660,t3_1xj1ga,t1_cfbsq9j,t1_cfbsdxa,0.49206349206349204,0.34285714285714286,0.14920634920634918
p_1661,t3_1xijwf,t1_cfbyqtw,t1_cfbs8fr,0.3287671232876712,0.40476190476190477,-0.07599478147423355
p_1662,t3_1xijwf,t1_cfbrxxo,t1_cfbs8fr,0.3684210526315789,0.40476190476190477,-0.03634085213032584
p_1663,t3_1xi9t0,t1_cfbm43v,t1_cfbl44s,0.475,0.5394736842105263,-0.06447368421052635
p_1664,t3_1xhrpt,t1_cfbkr47,t1_cfby4iv,0.41739130434782606,0.38271604938271603,0.034675254965110036
p_1665,t3_1xhjo8,t1_cfbg2kr,t1_cfbe6yx,0.3888888888888889,0.42592592592592593,-0.037037037037037035
p_1666,t3_1xhgv0,t1_cfbkzhu,t1_cfbpidx,0.42028985507246375,0.4875,-0.06721014492753624
p_1668,t3_1xgop4,t1_cfb7zmh,t1_cfblib6,0.41025641025641024,0.5365853658536586,-0.12632895559724833
p_1670,t3_1xg9o8,t1_cfb5szp,t1_cfb8m1v,0.20833333333333334,0.24561403508771928,-0.03728070175438594
p_1671,t3_1xg9o8,t1_cfb7rha,t1_cfb8rco,0.2054794520547945,0.16901408450704225,0.03646536754775226
p_1672,t3_1xg07x,t1_cfb0ntv,t1_cfb1y56,0.4666666666666667,0.3114754098360656,0.1551912568306011
p_1673,t3_1xg07x,t1_cfb029j,t1_cfb1y56,0.375,0.3114754098360656,0.06352459016393441
p_1674,t3_1xfxzz,t1_cfbqyq7,t1_cfb38lx,0.5256410256410257,0.3582089552238806,0.16743207041714508
p_1675,t3_1xecbw,t1_cfapwte,t1_cfavmea,0.3584905660377358,0.32075471698113206,0.037735849056603765
p_1676,t3_1xauzj,t1_cf9ryoi,t1_cf9rnej,0.3787878787878788,0.3275862068965517,0.05120167189132707
p_1677,t3_1x9drc,t1_cf9aorl,t1_cf9drsg,0.4666666666666667,0.33663366336633666,0.13003300330033002
p_1678,t3_1x8fy5,t1_cf9c8ws,t1_cf9598e,0.2976190476190476,0.32653061224489793,-0.028911564625850317
p_1679,t3_1x7uoa,t1_cf8wl9o,t1_cf8z5i2,0.36231884057971014,0.265625,0.09669384057971014
p_1681,t3_1x5wrj,t1_cf8fe6i,t1_cf8h4zs,0.3880597014925373,0.3088235294117647,0.0792361720807726
p_1682,t3_1x5gri,t1_cf8ak7n,t1_cf8c7ra,0.43617021276595747,0.3333333333333333,0.10283687943262415
p_1683,t3_1x4fll,t1_cf88dvu,t1_cf80gm0,0.22413793103448276,0.3548387096774194,-0.1307007786429366
p_1684,t3_1x4e9l,t1_cf8c6ja,t1_cf813g9,0.41379310344827586,0.36065573770491804,0.05313736574335781
p_1685,t3_1x44be,t1_cf7y65l,t1_cffje6e,0.26865671641791045,0.3064516129032258,-0.037794896485315366
p_1686,t3_1x44be,t1_cf8ii0u,t1_cf7ynno,0.4444444444444444,0.38181818181818183,0.06262626262626259
p_1687,t3_1x3quk,t1_cf81vtd,t1_cf811b2,0.3968253968253968,0.5,-0.1031746031746032
p_1688,t3_1x3quk,t1_cf82a08,t1_cf7xofq,0.4605263157894737,0.37037037037037035,0.09015594541910332
p_1689,t3_1x3jm2,t1_cf7t9mu,t1_cf7w0x1,0.4117647058823529,0.43283582089552236,-0.02107111501316944
p_1690,t3_1x3jm2,t1_cf7rvkt,t1_cf7xop4,0.3090909090909091,0.32,-0.010909090909090924
p_1691,t3_1x3jm2,t1_cf7tzua,t1_cf7v802,0.375,0.48484848484848486,-0.10984848484848486
p_1693,t3_1wxy0c,t1_cf6nwss,t1_cf6opjq,0.36470588235294116,0.4166666666666667,-0.05196078431372553
p_1694,t3_1wxy0c,t1_cf6r60y,t1_cf6opjq,0.4666666666666667,0.4166666666666667,0.04999999999999999
p_1695,t3_1wwoop,t1_cf63aas,t1_cf61b67,0.3125,0.2777777777777778,0.03472222222222221
p_1696,t3_1wwoop,t1_cf61gbe,t1_cf642jh,0.2608695652173913,0.3191489361702128,-0.058279370952821485
p_1697,t3_1wvyf1,t1_cf5vcsr,t1_cf6onl2,0.3194444444444444,0.2112676056338028,0.1081768388106416
p_1699,t3_1wvths,t1_cf614t8,t1_cf5ugx7,0.3815789473684211,0.3939393939393939,-0.01236044657097285
p_1698,t3_1wvths,t1_cf5v50x,t1_cf5viuj,0.2549019607843137,0.35185185185185186,-0.09694989106753815
p_1700,t3_1wvouv,t1_cf5t6kg,t1_cf5ydyu,0.2553191489361702,0.26666666666666666,-0.01134751773049647
p_1702,t3_1wvhao,t1_cf5t1xp,t1_cf63h51,0.0,0.3684210526315789,-0.3684210526315789
p_1703,t3_1wu9bx,t1_cf5ghfv,t1_cf5gzn8,0.3559322033898305,0.3064516129032258,0.04948059048660469
p_1704,t3_1wtvq6,t1_cf5knmg,t1_cf5ocok,0.3157894736842105,0.3448275862068966,-0.029038112522686066
p_1705,t3_1wteqq,t1_cf5rh0q,t1_cf57as7,0.26666666666666666,0.2807017543859649,-0.014035087719298234
p_1706,t3_1wt8h7,t1_cf55ppi,t1_cf559e0,0.2777777777777778,0.2692307692307692,0.008547008547008572
p_1707,t3_1wsalo,t1_cf54lvq,t1_cf570gn,0.4942528735632184,0.2,0.2942528735632184
p_1708,t3_1wqdpz,t1_cf4fnk7,t1_cf4fg38,0.36470588235294116,0.43478260869565216,-0.070076726342711
p_1709,t3_1wnvdn,t1_cf3s4a2,t1_cf3rvjd,0.328125,0.3023255813953488,0.02579941860465118
p_1710,t3_1wmoca,t1_cf3hjc2,t1_cf3fxbx,0.44,0.4406779661016949,-0.0006779661016949046
p_1714,t3_1wjggc,t1_cf2k4m9,t1_cf2zudy,0.40816326530612246,0.30612244897959184,0.10204081632653061
p_1719,t3_1we5ye,t1_cf181nq,t1_cf1drrq,0.4,0.36764705882352944,0.032352941176470584
p_1721,t3_1we3gg,t1_cf15n2w,t1_cf1b9fg,0.4878048780487805,0.3291139240506329,0.1586909539981476
p_1722,t3_1we3gg,t1_cf1aqki,t1_cf1mnjk,0.2571428571428571,0.4090909090909091,-0.151948051948052
p_1723,t3_1we3gg,t1_cf14k7c,t1_cf1b9fg,0.34177215189873417,0.3291139240506329,0.012658227848101278
p_1727,t3_1w99ax,t1_cf08bgj,t1_cezuuhe,0.32,0.2857142857142857,0.03428571428571431
p_1728,t3_1w91jl,t1_cezwkl3,t1_cezzr6g,0.4725274725274725,0.37362637362637363,0.09890109890109888
p_1729,t3_1w84rh,t1_cezjynx,t1_cezjtaz,0.3333333333333333,0.35714285714285715,-0.023809523809523836
p_1731,t3_1w6uhl,t1_cezbyuy,t1_cez8odp,0.3194444444444444,0.4722222222222222,-0.1527777777777778
p_1730,t3_1w6uhl,t1_cezbjga,t1_cez8r6m,0.4155844155844156,0.3382352941176471,0.07734912146676853
p_1732,t3_1w6uhl,t1_cezwgtv,t1_cezh5ah,0.43373493975903615,0.48717948717948717,-0.053444547420451016
p_1733,t3_1w6uhl,t1_cezy174,t1_cezwt7d,0.5108695652173914,0.35294117647058826,0.1579283887468031
p_1734,t3_1w3r7a,t1_ceyfj6f,t1_ceyiqk4,0.3170731707317073,0.35555555555555557,-0.03848238482384825
p_1735,t3_1vz63d,t1_cex6xzs,t1_cexiref,0.5384615384615384,0.47115384615384615,0.06730769230769229
p_1738,t3_1vqwtw,t1_ceuzj2d,t1_ceuycyu,0.27450980392156865,0.26666666666666666,0.007843137254901988
p_1739,t3_1vq2nf,t1_ceupm5x,t1_ceup6x1,0.26666666666666666,0.32432432432432434,-0.05765765765765768
p_1740,t3_1vpp6t,t1_ceus11w,t1_ceuld78,0.4339622641509434,0.35185185185185186,0.08211041229909155
p_1742,t3_1voenh,t1_ceubelw,t1_ceu9m4y,0.26,0.3,-0.03999999999999998
p_1743,t3_1vm911,t1_cetnn1i,t1_cettz33,0.2876712328767123,0.28378378378378377,0.003887449092928541
p_1746,t3_1vitnu,t1_cesojok,t1_cet1d7h,0.35294117647058826,0.3333333333333333,0.019607843137254943
p_1747,t3_1vil9h,t1_cesmz2f,t1_cesm93p,0.4482758620689655,0.4,0.0482758620689655
p_1748,t3_1vil80,t1_cet0nf1,t1_cesmfhu,0.43333333333333335,0.4057971014492754,0.02753623188405796
p_1750,t3_1vhh7b,t1_cesb8l8,t1_ceso4j1,0.4805194805194805,0.4868421052631579,-0.006322624743677396
p_1753,t3_1vg6qn,t1_cerydvt,t1_ces7sw3,0.3709677419354839,0.45098039215686275,-0.08001265022137888
p_1754,t3_1vg6qn,t1_ces7xdz,t1_ces4z4x,0.3333333333333333,0.36363636363636365,-0.03030303030303033
p_1755,t3_1vfoko,t1_cersgwa,t1_cery1u3,0.26666666666666666,0.2916666666666667,-0.025000000000000022
p_1756,t3_1veiwz,t1_cergs7r,t1_ceruu7h,0.3620689655172414,0.4222222222222222,-0.06015325670498084
p_1758,t3_1vc1ju,t1_ceqsvrq,t1_ceqsm8p,0.5212765957446809,0.4367816091954023,0.08449498654927856
p_1759,t3_1vbtut,t1_ceqq9p8,t1_ceqwdz5,0.3246753246753247,0.27941176470588236,0.04526355996944231
p_1762,t3_1v97rw,t1_cepz02o,t1_ceq85nw,0.3275862068965517,0.32653061224489793,0.0010555946516537795
p_1763,t3_1v8xv5,t1_cepyw13,t1_cepvurr,0.4603174603174603,0.4032258064516129,0.057091653865847414
p_1764,t3_1v8vbr,t1_ceq1g3n,t1_cepzl4s,0.47297297297297297,0.2033898305084746,0.2695831424644984
p_1765,t3_1v8hly,t1_ceps6kq,t1_cepr262,0.2692307692307692,0.2545454545454545,0.014685314685314699
p_1767,t3_1v6x7z,t1_cepcqsx,t1_cepbgx3,0.5517241379310345,0.4578313253012048,0.09389281262982968
p_1768,t3_1v6x7z,t1_cepbbkb,t1_ceplff5,0.3291139240506329,0.45977011494252873,-0.13065619089189584
p_1771,t3_1v6sc1,t1_cep8u6j,t1_cep920e,0.3333333333333333,0.4745762711864407,-0.14124293785310738
p_1772,t3_1v6sc1,t1_cepbi6t,t1_cep9kye,0.4528301886792453,0.3269230769230769,0.12590711175616837
p_1773,t3_1v5dnm,t1_ceovabh,t1_ceovlgt,0.37254901960784315,0.32432432432432434,0.048224695283518804
p_1774,t3_1v5dnm,t1_ceovl5u,t1_ceov0pa,0.3333333333333333,0.43243243243243246,-0.09909909909909914
p_1775,t3_1v44vp,t1_ceoj2ew,t1_ceonfda,0.449438202247191,0.39361702127659576,0.05582118097059524
p_1776,t3_1v44ig,t1_ceonb1b,t1_ceoluxq,0.4375,0.44594594594594594,-0.008445945945945943
p_1777,t3_1v37km,t1_ceof5q0,t1_ceoakgs,0.5333333333333333,0.40476190476190477,0.12857142857142856
p_1778,t3_1v2buu,t1_ceo3y9o,t1_ceo0vsq,0.2857142857142857,0.3684210526315789,-0.08270676691729323
p_1783,t3_1uw88g,t1_cemazwn,t1_cem9vxq,0.3728813559322034,0.3220338983050847,0.050847457627118675
p_1784,t3_1uw88g,t1_cema7rn,t1_cematy2,0.45454545454545453,0.3972602739726027,0.05728518057285181
p_1785,t3_1uu8f1,t1_celpb6x,t1_celpnop,0.3157894736842105,0.23076923076923078,0.08502024291497973
p_1787,t3_1uss24,t1_celd4ge,t1_cem21t7,0.3728813559322034,0.24074074074074073,0.13214061519146267
p_1788,t3_1us404,t1_celnjcf,t1_cel68zm,0.3375,0.2830188679245283,0.05448113207547173
p_1789,t3_1us3bu,t1_cel70ih,t1_celagxd,0.29333333333333333,0.373134328358209,-0.07980099502487564
p_1790,t3_1urrut,t1_cel88d0,t1_cel1jwe,0.36363636363636365,0.20754716981132076,0.15608919382504288
p_1791,t3_1up36i,t1_cel5ryl,t1_cekasft,0.3918918918918919,0.2535211267605634,0.1383707651313285
p_1794,t3_1un1uh,t1_cejsnxi,t1_cejqr72,0.29508196721311475,0.296875,-0.0017930327868852514
p_1795,t3_1umi67,t1_cejoc7z,t1_cejtg9p,0.2903225806451613,0.3018867924528302,-0.011564211807668867
p_1796,t3_1um2og,t1_cejgnup,t1_cejgczp,0.45,0.3409090909090909,0.10909090909090913
p_1797,t3_1uldzf,t1_cejbhlx,t1_cejot4k,0.3620689655172414,0.40298507462686567,-0.04091610910962429
p_1800,t3_1uhnsm,t1_cei7518,t1_cei83kz,0.4574468085106383,0.4810126582278481,-0.02356584971720982
p_1801,t3_1uhj8f,t1_cei563f,t1_ceim6kr,0.41509433962264153,0.40298507462686567,0.012109264995775859
p_1802,t3_1uhj8f,t1_cei5r73,t1_ceiav39,0.38235294117647056,0.47368421052631576,-0.0913312693498452
p_1803,t3_1ugfg7,t1_cehxooj,t1_cehv3x9,0.3972602739726027,0.2786885245901639,0.1185717493824388
p_1804,t3_1ueg7f,t1_ceh8q6y,t1_ceh8am3,0.40789473684210525,0.390625,0.017269736842105254
p_1806,t3_1udzn5,t1_ceh4p0r,t1_ceh6366,0.40789473684210525,0.3548387096774194,0.05305602716468588
p_1808,t3_1udzn5,t1_cehcarm,t1_cehc82y,0.2692307692307692,0.30357142857142855,-0.03434065934065933
p_1811,t3_1udlql,t1_ceh07bk,t1_cegzp5m,0.3617021276595745,0.5813953488372093,-0.21969322117763485
p_1812,t3_1ud8fv,t1_cehjb3t,t1_ceh3glw,0.5,0.36507936507936506,0.13492063492063494
p_1814,t3_1uctm7,t1_cegr7bn,t1_cegy5dc,0.3695652173913043,0.225,0.14456521739130432
p_1815,t3_1ucj9u,t1_cegoldf,t1_cegt2yd,0.4507042253521127,0.44776119402985076,0.002943031322261924
p_1816,t3_1ucgh6,t1_cegogz6,t1_cegohag,0.44680851063829785,0.3888888888888889,0.057919621749408956
p_1817,t3_1ucgh6,t1_cegqw1u,t1_cegohag,0.1836734693877551,0.3888888888888889,-0.20521541950113378
p_1818,t3_1uamtt,t1_cegcjhm,t1_cegb3ri,0.43859649122807015,0.4594594594594595,-0.020862968231389334
p_1821,t3_1u8yzo,t1_cefohe0,t1_cefnobg,0.5,0.2127659574468085,0.2872340425531915
p_1824,t3_1u8om4,t1_cefkzid,t1_cefl804,0.3333333333333333,0.47058823529411764,-0.13725490196078433
p_1825,t3_1u8iv1,t1_cefj6lm,t1_cefr8n0,0.45977011494252873,0.4588235294117647,0.0009465855307640436
p_1827,t3_1u87uu,t1_cefgarg,t1_cefn2kn,0.20689655172413793,0.2037037037037037,0.0031928480204342358
p_1828,t3_1u7llg,t1_cefbw53,t1_cefb5g9,0.39215686274509803,0.27419354838709675,0.11796331435800128
p_1830,t3_1u4wxq,t1_ceenpjt,t1_ceekcir,0.4177215189873418,0.2948717948717949,0.1228497241155469
p_1829,t3_1u4wxq,t1_ceeovmf,t1_ceem22l,0.4588235294117647,0.49411764705882355,-0.035294117647058865
p_1831,t3_1u4fqn,t1_ceefsm0,t1_ceejtd2,0.3137254901960784,0.49056603773584906,-0.17684054753977063
p_1835,t3_1u28be,t1_cedssel,t1_cedt1r4,0.375,0.3508771929824561,0.02412280701754388
p_1836,t3_1u0pt2,t1_cedkwy5,t1_cedqecc,0.43859649122807015,0.5084745762711864,-0.06987808504311627
p_1838,t3_1ty0ux,t1_cecozto,t1_cecpcit,0.35185185185185186,0.2727272727272727,0.07912457912457915
p_1839,t3_1txyfq,t1_ceczo86,t1_cecktf3,0.3880597014925373,0.46153846153846156,-0.07347876004592424
p_1840,t3_1tx0tf,t1_ceca72e,t1_ceca9ns,0.4268292682926829,0.3,0.12682926829268293
p_1841,t3_1twxa7,t1_cec9uo6,t1_cecflca,0.547945205479452,0.34782608695652173,0.2001191185229303
p_1843,t3_1twegt,t1_cecee3s,t1_cecd78s,0.5,0.48936170212765956,0.010638297872340441
p_1844,t3_1tt75b,t1_cebccgh,t1_cebecvh,0.45652173913043476,0.48148148148148145,-0.0249597423510467
p_1845,t3_1tt5tb,t1_cebd1og,t1_cebemwn,0.29545454545454547,0.3076923076923077,-0.01223776223776224
p_1846,t3_1tt5tb,t1_cebcb60,t1_cebb05i,0.29545454545454547,0.2894736842105263,0.005980861244019142
p_1850,t3_1tqttm,t1_cealwzd,t1_ceakm2y,0.5625,0.4945054945054945,0.06799450549450547
p_1851,t3_1tqttm,t1_ceaxcno,t1_ceak6vp,0.3333333333333333,0.45348837209302323,-0.12015503875968991
p_1853,t3_1tpqhr,t1_ceaod4e,t1_ceaei9g,0.3611111111111111,0.34615384615384615,0.01495726495726496
p_1855,t3_1to7tw,t1_ce9wkz3,t1_ce9wfe0,0.24561403508771928,0.425531914893617,-0.17991787980589774
p_1856,t3_1tns6s,t1_ce9xde5,t1_ce9rgf8,0.26666666666666666,0.4032258064516129,-0.13655913978494622
p_1857,t3_1tm85z,t1_ce9dgau,t1_ce9co77,0.4268292682926829,0.3387096774193548,0.0881195908733281
p_1858,t3_1tku2p,t1_ce92cm3,t1_ce9099k,0.3972602739726027,0.34285714285714286,0.05440313111545986
p_1860,t3_1tg3nh,t1_ce7sc37,t1_ce7klpg,0.4838709677419355,0.25806451612903225,0.22580645161290325
p_1861,t3_1te39z,t1_ce70eid,t1_ce71ql3,0.22448979591836735,0.32142857142857145,-0.0969387755102041
p_1862,t3_1td5fm,t1_ce6qqlt,t1_ce6qwq5,0.2978723404255319,0.4339622641509434,-0.1360899237254115
p_1863,t3_1t9y3s,t1_ce5u6t5,t1_ce5u33e,0.28846153846153844,0.35,-0.06153846153846154
p_1864,t3_1t9irv,t1_ce5qvxa,t1_ce5r69v,0.2903225806451613,0.3,-0.009677419354838679
p_1866,t3_1t9irv,t1_ce5spfk,t1_ce5r134,0.3116883116883117,0.3673469387755102,-0.05565862708719854
p_1867,t3_1t8yrt,t1_ce5k8r6,t1_ce5jxeb,0.4444444444444444,0.4725274725274725,-0.028083028083028094
p_1869,t3_1t83kb,t1_ce5bsdz,t1_ce5bvhb,0.42990654205607476,0.34146341463414637,0.08844312742192839
p_1870,t3_1t5izv,t1_ce4jsh6,t1_ce4oagv,0.41333333333333333,0.29310344827586204,0.12022988505747129
p_1872,t3_1t4p86,t1_ce4jasj,t1_ce4clfo,0.39285714285714285,0.3541666666666667,0.038690476190476164
p_1873,t3_1t46ur,t1_ce4aypp,t1_ce46qsw,0.4,0.3275862068965517,0.07241379310344831
p_1877,t3_1t1i45,t1_ce3sops,t1_ce3g5h1,0.2978723404255319,0.3888888888888889,-0.091016548463357
p_1878,t3_1t13mm,t1_ce3c4sb,t1_ce39wwh,0.32608695652173914,0.325,0.0010869565217391242
p_1879,t3_1t0eax,t1_ce324pp,t1_ce36rhk,0.4090909090909091,0.41975308641975306,-0.010662177328843947
p_1880,t3_1sxioi,t1_ce27cna,t1_ce2bmpa,0.36363636363636365,0.28846153846153844,0.07517482517482521
p_1881,t3_1sxioi,t1_ce27fv0,t1_ce2dpe5,0.3188405797101449,0.4262295081967213,-0.10738892848657638
p_1884,t3_1sv960,t1_ce1x8f8,t1_ce1krmn,0.38235294117647056,0.23404255319148937,0.1483103879849812
p_1885,t3_1sv7nj,t1_ce1m2fp,t1_ce1qbwt,0.25757575757575757,0.2807017543859649,-0.023125996810207328
p_1886,t3_1suyq6,t1_ce1hrcm,t1_ce1i6wn,0.4642857142857143,0.43209876543209874,0.03218694885361556
p_1887,t3_1suyq6,t1_ce1jnf5,t1_ce1i6wn,0.5357142857142857,0.43209876543209874,0.10361552028218696
p_1888,t3_1suyq6,t1_ce1j07m,t1_ce1ivme,0.3670886075949367,0.46153846153846156,-0.09444985394352484
p_1890,t3_1suq0i,t1_ce1l6xb,t1_ce1frfu,0.3333333333333333,0.32432432432432434,0.009009009009008973
p_1889,t3_1suq0i,t1_ce1gpo7,t1_ce1g21s,0.2702702702702703,0.16176470588235295,0.10850556438791734
p_1891,t3_1sunm5,t1_ce1fx1q,t1_ce1fhql,0.5151515151515151,0.2916666666666667,0.22348484848484845
p_1893,t3_1sunm5,t1_ce1epim,t1_ce1fhql,0.4666666666666667,0.2916666666666667,0.175
p_1892,t3_1sunm5,t1_ce1fxo1,t1_ce1gunr,0.43209876543209874,0.4142857142857143,0.01781305114638443
p_1894,t3_1stysh,t1_ce1a8iy,t1_ce1k607,0.36904761904761907,0.32857142857142857,0.0404761904761905
p_1895,t3_1sslvc,t1_ce0xojx,t1_ce12asq,0.3409090909090909,0.34285714285714286,-0.0019480519480519765
p_1896,t3_1sqkke,t1_ce09y0e,t1_ce08oy9,0.275,0.35714285714285715,-0.08214285714285713
p_1897,t3_1sktqj,t1_cdz832l,t1_cdymjwd,0.26666666666666666,0.30666666666666664,-0.03999999999999998
p_1898,t3_1sji3o,t1_cdy85sk,t1_cdyajck,0.2857142857142857,0.20512820512820512,0.08058608058608058
p_1900,t3_1sgr9m,t1_cdxkw1s,t1_cdxgrfu,0.35185185185185186,0.3269230769230769,0.024928774928774933
p_1904,t3_1scv1e,t1_cdwaij1,t1_cdw8ydx,0.3157894736842105,0.3582089552238806,-0.04241948153967007
p_1905,t3_1sclwf,t1_cdwfawk,t1_cdw643w,0.3150684931506849,0.2653061224489796,0.049762370701705305
p_1907,t3_1scbek,t1_cdw4ucf,t1_cdw36rb,0.4782608695652174,0.35294117647058826,0.12531969309462915
p_1908,t3_1sbxik,t1_cdvzh4k,t1_cdvyz1u,0.36538461538461536,0.32653061224489793,0.03885400313971743
p_1909,t3_1saalt,t1_cdw0u51,t1_cdvmn1u,0.39622641509433965,0.4883720930232558,-0.09214567792891615
p_1910,t3_1s94cq,t1_cdv71qo,t1_cdv5luo,0.2807017543859649,0.3508771929824561,-0.07017543859649122
p_1911,t3_1s8zmg,t1_cdwf8t8,t1_cdvi2oo,0.328125,0.4772727272727273,-0.1491477272727273
p_1912,t3_1s6w43,t1_cduin0o,t1_cduuorr,0.3793103448275862,0.4166666666666667,-0.0373563218390805
p_1913,t3_1s60vl,t1_cdufjh4,t1_cdu9qiv,0.38235294117647056,0.3090909090909091,0.07326203208556148
p_1916,t3_1s3pxw,t1_cdtmhc2,t1_cdtmrcr,0.37349397590361444,0.34545454545454546,0.02803943044906898
p_1919,t3_1s3ji2,t1_cdtq1rg,t1_cdtx77n,0.43478260869565216,0.4032258064516129,0.031556802244039284
p_1920,t3_1s344f,t1_cdtj4bf,t1_cdtgb1d,0.4342105263157895,0.42857142857142855,0.005639097744360944
p_1921,t3_1s30ko,t1_cdtuayw,t1_cdtne36,0.36363636363636365,0.3333333333333333,0.03030303030303033
p_1922,t3_1s1j8s,t1_cdtfxvy,t1_cdt6ohm,0.33783783783783783,0.4057971014492754,-0.06795926361143756
p_1923,t3_1rzqrw,t1_cdsphfd,t1_cdsigu7,0.2127659574468085,0.19047619047619047,0.022289766970618047
p_1924,t3_1rzqrw,t1_cdsm89r,t1_cdsmyt1,0.3333333333333333,0.3,0.033333333333333326
p_1925,t3_1rw7vg,t1_cdrov9y,t1_cdrovjs,0.47435897435897434,0.5068493150684932,-0.03249034070951884
p_1927,t3_1rvnty,t1_cdre5so,t1_cdrdpkz,0.44594594594594594,0.22666666666666666,0.2192792792792793
p_1926,t3_1rvnty,t1_cdrgglu,t1_cdrgcu5,0.4418604651162791,0.3815789473684211,0.060281517747858004
p_1928,t3_1rvjrs,t1_cdrcnts,t1_cdre1mt,0.32075471698113206,0.23333333333333334,0.08742138364779872
p_1929,t3_1rsmsh,t1_cdqij94,t1_cdqx6xw,0.2463768115942029,0.23170731707317074,0.014669494521032167
p_1930,t3_1rsdfp,t1_cdqfs62,t1_cdqdh7o,0.275,0.2702702702702703,0.004729729729729737
p_1931,t3_1rrios,t1_cdq5t7s,t1_cdq4pdm,0.5128205128205128,0.4142857142857143,0.09853479853479846
p_1932,t3_1rrios,t1_cdq5vt8,t1_cdq58j7,0.4880952380952381,0.3333333333333333,0.15476190476190477
p_1933,t3_1rqhfc,t1_cdq3h1d,t1_cdq716e,0.265625,0.21052631578947367,0.05509868421052633
p_1935,t3_1rlna3,t1_cdokmar,t1_cdoirhb,0.3488372093023256,0.42424242424242425,-0.07540521494009866
p_1936,t3_1rkrbs,t1_cdoio50,t1_cdoe2j3,0.3626373626373626,0.3793103448275862,-0.016672982190223562
p_1937,t3_1rj73b,t1_cdnzcb1,t1_cdo2ywx,0.3037974683544304,0.2597402597402597,0.04405720861417067
p_1939,t3_1rgch2,t1_cdmzb2b,t1_cdn32a2,0.35,0.3389830508474576,0.011016949152542366
p_1940,t3_1rgch2,t1_cdmzh7v,t1_cdn0d35,0.47058823529411764,0.4307692307692308,0.03981900452488685
p_1941,t3_1rgch2,t1_cdo0n79,t1_cdn1hk3,0.4,0.41025641025641024,-0.01025641025641022
p_1942,t3_1rfn88,t1_cdmslq3,t1_cdn4bxg,0.2222222222222222,0.28205128205128205,-0.05982905982905984
p_1943,t3_1re89d,t1_cdmhfgx,t1_cdmequ6,0.33766233766233766,0.3037974683544304,0.033864869307907275
p_1944,t3_1re89d,t1_cdmem16,t1_cdme68p,0.43902439024390244,0.45121951219512196,-0.012195121951219523
p_1945,t3_1re89d,t1_cdmrzwp,t1_cdmh1c4,0.5568181818181818,0.4936708860759494,0.06314729574223238
p_1946,t3_1re7tj,t1_cdmdid4,t1_cdmh6ca,0.20588235294117646,0.2328767123287671,-0.02699435938759065
p_1948,t3_1rddqv,t1_cdm3hlz,t1_cdm3kyd,0.39215686274509803,0.2807017543859649,0.11145510835913314
p_1949,t3_1rb6qj,t1_cdlewyd,t1_cdlyn3j,0.2972972972972973,0.38333333333333336,-0.08603603603603605
p_1950,t3_1rb6qj,t1_cdlrdyo,t1_cdlyn3j,0.36486486486486486,0.38333333333333336,-0.018468468468468502
p_1952,t3_1ra42n,t1_cdl4b7o,t1_cdl5bkn,0.37254901960784315,0.3508771929824561,0.021671826625387025
p_1953,t3_1ra42n,t1_cdl96cr,t1_cdmjkp2,0.32,0.2727272727272727,0.0472727272727273
p_1954,t3_1r893j,t1_cdktb2l,t1_cdkklti,0.3333333333333333,0.36363636363636365,-0.03030303030303033
p_1955,t3_1r69xi,t1_cdk0ex9,t1_cdk3u15,0.3333333333333333,0.42105263157894735,-0.08771929824561403
p_1956,t3_1r69xi,t1_cdk0r67,t1_cdk3u15,0.4117647058823529,0.42105263157894735,-0.009287925696594423
p_1960,t3_1qz653,t1_cdhyl9l,t1_cdiiqug,0.5056179775280899,0.4691358024691358,0.036482175058954125
p_1962,t3_1qxn8r,t1_cdhle85,t1_cdhvq6g,0.3333333333333333,0.45569620253164556,-0.12236286919831224
p_1963,t3_1qxn8r,t1_cdhjvcw,t1_cdhvq6g,0.46153846153846156,0.45569620253164556,0.0058422590068160085
p_1964,t3_1qwg8s,t1_cdhe2ys,t1_cdh6ozn,0.4533333333333333,0.3194444444444444,0.1338888888888889
p_1969,t3_1qvm1n,t1_cdgyu8j,t1_cdh0i8x,0.35294117647058826,0.4666666666666667,-0.11372549019607842
p_1970,t3_1qtuy4,t1_cdgib3s,t1_cdgy31a,0.5862068965517241,0.5925925925925926,-0.0063856960408684715
p_1972,t3_1qr0id,t1_cdfybue,t1_cdfkykr,0.4305555555555556,0.5625,-0.13194444444444442
p_1975,t3_1qncnw,t1_cdely5f,t1_cden4p9,0.3246753246753247,0.23214285714285715,0.09253246753246752
p_1977,t3_1qj48o,t1_cddqbp8,t1_cddn1vo,0.3968253968253968,0.37142857142857144,0.025396825396825362
p_1978,t3_1qj032,t1_cdda585,t1_cddki3r,0.5074626865671642,0.4473684210526316,0.06009426551453262
p_1981,t3_1qi1dr,t1_cdd6x3m,t1_cdd4306,0.3488372093023256,0.2708333333333333,0.07800387596899228
p_1982,t3_1qhv03,t1_cdczknl,t1_cdcy1h9,0.42105263157894735,0.38235294117647056,0.03869969040247678
p_1983,t3_1qh0lb,t1_cdcowit,t1_cdcp122,0.2857142857142857,0.2857142857142857,0.0
p_1984,t3_1qgtma,t1_cdcurim,t1_cdcq77q,0.3787878787878788,0.4533333333333333,-0.07454545454545453
p_1986,t3_1qfy2y,t1_cdcoftz,t1_cdcikj0,0.425531914893617,0.4,0.025531914893617003
p_1985,t3_1qfy2y,t1_cdcu71x,t1_cdcgg2f,0.4533333333333333,0.34210526315789475,0.11122807017543856
p_1987,t3_1qfqj6,t1_cdcffak,t1_cdcgve9,0.4057971014492754,0.40625,-0.00045289855072461194
p_1988,t3_1qfo09,t1_cdcc9fw,t1_cdccpys,0.375,0.4444444444444444,-0.06944444444444442
p_1989,t3_1qfo09,t1_cdcconr,t1_cdccpys,0.37777777777777777,0.4444444444444444,-0.06666666666666665
p_1991,t3_1qee3b,t1_cdc0hlx,t1_cdc0jw6,0.47619047619047616,0.390625,0.08556547619047616
p_1992,t3_1qe6d9,t1_cdbzgva,t1_cdckb1g,0.2696629213483146,0.2682926829268293,0.0013702384214853147
p_1993,t3_1qe6d9,t1_cdbwyxj,t1_cdckb1g,0.14285714285714285,0.2682926829268293,-0.12543554006968644
p_1994,t3_1qdzt5,t1_cdbyjvw,t1_cdbwdog,0.52,0.6060606060606061,-0.08606060606060606
p_1996,t3_1qdlln,t1_cdc66t9,t1_cdby8z3,0.35135135135135137,0.38,-0.028648648648648634
p_1998,t3_1qcw4r,t1_cdblxo9,t1_cdbsnq8,0.38461538461538464,0.4067796610169492,-0.022164276401564542
p_1999,t3_1qbvlh,t1_cdb9b5i,t1_cdbf5rp,0.44,0.25,0.19
p_2000,t3_1qazk6,t1_cdb0lr2,t1_cdbddq0,0.39759036144578314,0.3870967741935484,0.01049358725223476
p_2002,t3_1q82wf,t1_cda644z,t1_cda826v,0.4383561643835616,0.41975308641975306,0.018603077963808556
p_2003,t3_1q5w5k,t1_cd9kwdu,t1_cd9kc11,0.37037037037037035,0.4878048780487805,-0.11743450767841013
p_2004,t3_1q5w5k,t1_cd9l1k7,t1_cd9kc11,0.37662337662337664,0.4878048780487805,-0.11118150142540384
p_2005,t3_1q4sao,t1_cd97j4q,t1_cd960cn,0.3132530120481928,0.25806451612903225,0.05518849591916053
p_2007,t3_1q261p,t1_cd8g07m,t1_cd8gyhg,0.4626865671641791,0.4857142857142857,-0.023027718550106602
p_2008,t3_1q0s26,t1_cd87o5o,t1_cd81q6y,0.3114754098360656,0.3770491803278688,-0.06557377049180324
p_2009,t3_1q0fp2,t1_cd8calk,t1_cd7yekn,0.4153846153846154,0.3333333333333333,0.08205128205128209
p_2010,t3_1q01e8,t1_cd7t14x,t1_cd7zdia,0.2777777777777778,0.3,-0.0222222222222222
p_2012,t3_1pyt0c,t1_cd9eqz1,t1_cd7z0cm,0.3148148148148148,0.3333333333333333,-0.01851851851851849
p_2013,t3_1pwwvj,t1_cd6wnyq,t1_cd6y877,0.38095238095238093,0.30952380952380953,0.0714285714285714
p_2017,t3_1pux5t,t1_cd6evv3,t1_cd6cpnj,0.48,0.47560975609756095,0.004390243902439028
p_2018,t3_1ptwcr,t1_cd60rgh,t1_cd63zq4,0.3392857142857143,0.21568627450980393,0.12359943977591037
p_2021,t3_1pt86v,t1_cd5s3dd,t1_cd5rwd6,0.4230769230769231,0.3050847457627119,0.11799217731421119
p_2022,t3_1ps084,t1_cd5dy25,t1_cd5f1y4,0.27450980392156865,0.2857142857142857,-0.011204481792717047
p_2023,t3_1prxpn,t1_cd5d4w9,t1_cd5dujp,0.4,0.2033898305084746,0.19661016949152543
p_2024,t3_1prkvt,t1_cd5q43p,t1_cd5p13p,0.34375,0.3870967741935484,-0.043346774193548376
p_2025,t3_1prhkh,t1_cd595rw,t1_cd5datb,0.2714285714285714,0.25675675675675674,0.014671814671814665
p_2026,t3_1pqyv7,t1_cd536p8,t1_cd565uh,0.2923076923076923,0.23636363636363636,0.055944055944055965
p_2030,t3_1pomjr,t1_cd4gee8,t1_cd4in2k,0.4266666666666667,0.2,0.22666666666666668
p_2031,t3_1pocaz,t1_cd4bjgk,t1_cd4c2wr,0.3333333333333333,0.38,-0.04666666666666669
p_2032,t3_1pmhql,t1_cd4a1wc,t1_cd3v545,0.34285714285714286,0.2653061224489796,0.07755102040816325
p_2033,t3_1pkngi,t1_cd3p5gz,t1_cd43pdi,0.4027777777777778,0.32,0.08277777777777778
p_2035,t3_1pj0co,t1_cd2vnaa,t1_cd32tjh,0.42696629213483145,0.3048780487804878,0.12208824335434365
p_2042,t3_1pdul1,t1_cd2og2j,t1_cd1d692,0.3626373626373626,0.33,0.03263736263736261
p_2044,t3_1pclk6,t1_cd17lfv,t1_cd106w4,0.4067796610169492,0.4918032786885246,-0.0850236176715754
p_2046,t3_1pacrh,t1_cd0cttu,t1_cd0ctfp,0.417910447761194,0.3076923076923077,0.1102181400688863
p_2047,t3_1p7ojf,t1_cczl7sy,t1_ccznfv7,0.3269230769230769,0.4117647058823529,-0.084841628959276
p_2048,t3_1p7bao,t1_cczlh8c,t1_cczir1i,0.35,0.4177215189873418,-0.0677215189873418
p_2049,t3_1p6fts,t1_ccz983e,t1_cczb06s,0.35384615384615387,0.35294117647058826,0.0009049773755656076
p_2050,t3_1p4x72,t1_ccysbbf,t1_ccysnss,0.47058823529411764,0.375,0.09558823529411764
p_2051,t3_1p0cwf,t1_ccxh3kc,t1_ccxfymz,0.37037037037037035,0.3488372093023256,0.02153316106804476
p_2055,t3_1ozb3s,t1_ccx9s2j,t1_ccxbwo9,0.29508196721311475,0.288135593220339,0.006946373992775756
p_2056,t3_1oz5lq,t1_ccx7aaw,t1_ccxafc2,0.28205128205128205,0.3902439024390244,-0.10819262038774236
p_2057,t3_1oyy6b,t1_ccxhhv9,t1_ccx2xpw,0.4107142857142857,0.2807017543859649,0.1300125313283208
p_2059,t3_1owes7,t1_ccwccg2,t1_ccwnrv4,0.4126984126984127,0.29411764705882354,0.11858076563958914
p_2060,t3_1ow6zk,t1_ccw91og,t1_ccw92p0,0.5517241379310345,0.32894736842105265,0.22277676950998182
p_2062,t3_1ovrv9,t1_ccw51st,t1_ccw5ptr,0.4,0.27419354838709675,0.12580645161290327
p_2063,t3_1ovrv9,t1_ccw6450,t1_ccw5ptr,0.2765957446808511,0.27419354838709675,0.0024021962937543218
p_2064,t3_1otx5t,t1_ccvntps,t1_ccvkmsp,0.4583333333333333,0.44329896907216493,0.015034364261168387
p_2065,t3_1otp1b,t1_ccvhvrl,t1_ccvi2vt,0.359375,0.4117647058823529,-0.05238970588235292
p_2066,t3_1osr3n,t1_ccvjj1n,t1_ccv833c,0.2909090909090909,0.4032258064516129,-0.11231671554252198
p_2067,t3_1orrrs,t1_ccvj1c4,t1_ccv4ank,0.44155844155844154,0.36486486486486486,0.07669357669357668
p_2068,t3_1or8lr,t1_ccusett,t1_ccuruyz,0.2777777777777778,0.21428571428571427,0.06349206349206352
p_2069,t3_1or8lr,t1_ccutak2,t1_ccuruyz,0.29577464788732394,0.21428571428571427,0.08148893360160966
p_2070,t3_1ooyb1,t1_ccu41n1,t1_ccu4kfo,0.3561643835616438,0.45098039215686275,-0.09481600859521894
p_2071,t3_1onshz,t1_cctslvq,t1_ccttjcb,0.45454545454545453,0.4772727272727273,-0.022727272727272763
p_2072,t3_1onlj1,t1_ccts88g,t1_cctr8zg,0.3522727272727273,0.38095238095238093,-0.02867965367965364
p_2073,t3_1onlj1,t1_ccu8ayh,t1_cctr8zg,0.37,0.38095238095238093,-0.010952380952380936
p_2074,t3_1on8j3,t1_cctmaun,t1_cctugxw,0.45588235294117646,0.4153846153846154,0.04049773755656105
p_2075,t3_1on0dg,t1_cctkuyk,t1_cctp521,0.4025974025974026,0.3188405797101449,0.08375682288725772
p_2076,t3_1on0dg,t1_cctncfz,t1_cctq519,0.34615384615384615,0.35,-0.0038461538461538325
p_2078,t3_1omnis,t1_ccthnrm,t1_cctnmc9,0.3582089552238806,0.4230769230769231,-0.0648679678530425
p_2079,t3_1okrb7,t1_cct05wy,t1_ccswjh5,0.410958904109589,0.5166666666666667,-0.1057077625570777
p_2080,t3_1ok44s,t1_ccsqf0e,t1_ccsqryz,0.1917808219178082,0.3684210526315789,-0.17664023071377072
p_2081,t3_1oj3p9,t1_ccsggop,t1_ccsf2i1,0.29411764705882354,0.3442622950819672,-0.05014464802314367
p_2082,t3_1oix5b,t1_ccsopjf,t1_ccsdc7b,0.5,0.3333333333333333,0.16666666666666669
p_2083,t3_1ohh43,t1_ccs14vq,t1_ccs087t,0.3333333333333333,0.35714285714285715,-0.023809523809523836
p_2084,t3_1ofi5m,t1_ccrjxvz,t1_ccrkq5s,0.24444444444444444,0.34782608695652173,-0.10338164251207729
p_2085,t3_1off27,t1_ccroh74,t1_ccrsxqd,0.34328358208955223,0.4647887323943662,-0.12150515030481396
p_2086,t3_1off27,t1_ccrtt7v,t1_ccrndad,0.3880597014925373,0.24489795918367346,0.14316174230886386
p_2087,t3_1oee4l,t1_ccrfxpy,t1_ccrhx5q,0.5405405405405406,0.5714285714285714,-0.030888030888030826
p_2088,t3_1oe5hc,t1_ccr69ni,t1_ccr52rk,0.33783783783783783,0.40350877192982454,-0.06567093409198671
p_2089,t3_1odlvm,t1_ccr09qw,t1_ccr136f,0.36065573770491804,0.30303030303030304,0.057625434674615006
p_2091,t3_1o8avl,t1_ccpruq6,t1_ccpueez,0.4,0.17777777777777778,0.22222222222222224
p_2093,t3_1o7aa8,t1_ccqapn6,t1_ccq12oe,0.39285714285714285,0.3230769230769231,0.06978021978021975
p_2096,t3_1o5c1a,t1_ccp27y8,t1_ccoz699,0.2549019607843137,0.28846153846153844,-0.03355957767722473
p_2097,t3_1o5321,t1_ccp3x7x,t1_ccq3lo4,0.3548387096774194,0.4318181818181818,-0.07697947214076245
p_2098,t3_1o3jlp,t1_ccoi13b,t1_ccoyngj,0.38333333333333336,0.2549019607843137,0.12843137254901965
p_2099,t3_1o2tau,t1_ccoc092,t1_ccofru6,0.5970149253731343,0.47368421052631576,0.12333071484681851
p_2100,t3_1o24hh,t1_cco736j,t1_ccoc4gk,0.4574468085106383,0.34065934065934067,0.11678746785129762
p_2102,t3_1nzucd,t1_ccnrlhj,t1_ccnphhf,0.3194444444444444,0.36507936507936506,-0.04563492063492064
p_2103,t3_1ny6k8,t1_ccn5pat,t1_ccn8dgu,0.3924050632911392,0.3283582089552239,0.06404685433591534
p_2104,t3_1ny38x,t1_ccn5uqg,t1_ccn4dy5,0.2972972972972973,0.3050847457627119,-0.00778744846541457
p_2105,t3_1nwpae,t1_ccmrf9r,t1_ccmt0m5,0.33766233766233766,0.3380281690140845,-0.000365831351746837
p_2107,t3_1ntspd,t1_cclyzpy,t1_ccm05d5,0.3835616438356164,0.40476190476190477,-0.02120026092628835
p_2109,t3_1ntobs,t1_cclywzr,t1_ccma5pl,0.44871794871794873,0.29577464788732394,0.1529433008306248
p_2111,t3_1nrv36,t1_cclsxnj,t1_cclgi1r,0.4367816091954023,0.3953488372093023,0.041432771986100014
p_2112,t3_1nqms4,t1_ccl8rf4,t1_ccl7xo5,0.4835164835164835,0.3076923076923077,0.1758241758241758
p_2113,t3_1nqms4,t1_cclbk5y,t1_ccl66vn,0.5063291139240507,0.3870967741935484,0.11923233973050229
p_2116,t3_1np3ni,t1_cclh1r6,t1_cckxr1k,0.4782608695652174,0.5106382978723404,-0.03237742830712298
p_2118,t3_1nn68m,t1_cckc1k4,t1_cck59bw,0.24324324324324326,0.30303030303030304,-0.05978705978705978
p_2119,t3_1nkqn7,t1_ccjhnln,t1_ccjhz72,0.44554455445544555,0.42105263157894735,0.024491922876498207
p_2121,t3_1nj6q6,t1_ccj3wew,t1_ccj20in,0.2857142857142857,0.35714285714285715,-0.07142857142857145
p_2122,t3_1nixjm,t1_ccj4a7h,t1_ccj2t1v,0.43902439024390244,0.4,0.03902439024390242
p_2123,t3_1nichn,t1_ccj007d,t1_cciuejb,0.5319148936170213,0.36470588235294116,0.1672090112640801
p_2124,t3_1nichn,t1_ccizsq8,t1_ccj7g5s,0.36046511627906974,0.2988505747126437,0.06161454156642604
p_2125,t3_1ni9rr,t1_ccj1rba,t1_ccitwf4,0.30434782608695654,0.36231884057971014,-0.0579710144927536
p_2126,t3_1ni983,t1_cciz076,t1_cciwjvy,0.5,0.22727272727272727,0.2727272727272727
p_2127,t3_1nhxca,t1_ccisqrm,t1_ccirnyo,0.2597402597402597,0.2982456140350877,-0.03850535429482799
p_2128,t3_1nhifl,t1_ccinn6v,t1_ccincyk,0.3269230769230769,0.423728813559322,-0.09680573663624509
p_2130,t3_1ng8mo,t1_ccidw4s,t1_ccidsew,0.3333333333333333,0.24528301886792453,0.08805031446540879
p_2132,t3_1ncxna,t1_cchh67n,t1_cchgksg,0.3333333333333333,0.3191489361702128,0.014184397163120532
p_2133,t3_1ncq4g,t1_cchg2hg,t1_cchn5ve,0.5280898876404494,0.47692307692307695,0.051166810717372446
p_2135,t3_1n8s63,t1_ccge5q7,t1_ccgkhcd,0.3972602739726027,0.32894736842105265,0.06831290555155006
p_2136,t3_1n8542,t1_ccg95kd,t1_ccg99tj,0.3698630136986301,0.45714285714285713,-0.08727984344422701
p_2137,t3_1n6bmg,t1_ccgdc5o,t1_ccfzlcw,0.3392857142857143,0.38235294117647056,-0.04306722689075626
p_2139,t3_1n5lqn,t1_ccfncrg,t1_ccfnbjw,0.45,0.34146341463414637,0.10853658536585364
p_2140,t3_1n5lqn,t1_ccfq99c,t1_ccfob65,0.43209876543209874,0.41333333333333333,0.01876543209876541
p_2141,t3_1n5lqn,t1_ccfqxqv,t1_ccfpzon,0.29333333333333333,0.323943661971831,-0.030610328638497664
p_2142,t3_1n4xai,t1_ccfhgkp,t1_ccfg5if,0.39622641509433965,0.33962264150943394,0.0566037735849057
p_2144,t3_1n3wo2,t1_ccf9dhu,t1_ccf565b,0.25396825396825395,0.31343283582089554,-0.059464581852641585
p_2145,t3_1n3wo2,t1_ccfdwg9,t1_ccfhdpo,0.5277777777777778,0.4657534246575342,0.06202435312024357
p_2147,t3_1n3wo2,t1_ccfmxhg,t1_ccffwtl,0.5714285714285714,0.3684210526315789,0.20300751879699247
p_2146,t3_1n3wo2,t1_ccfmost,t1_ccfdvsg,0.23076923076923078,0.36764705882352944,-0.13687782805429866
p_2149,t3_1n0a5y,t1_cceltkh,t1_cce9tgv,0.30434782608695654,0.3064516129032258,-0.0021037868162692708
p_2150,t3_1mxo4i,t1_ccdoxu0,t1_ccdla5i,0.30952380952380953,0.26865671641791045,0.04086709310589909
p_2151,t3_1mxf26,t1_ccdidvp,t1_ccdnuec,0.38596491228070173,0.3387096774193548,0.04725523486134692
p_2152,t3_1mvpmi,t1_ccd1q5w,t1_ccd6xyi,0.34615384615384615,0.36363636363636365,-0.0174825174825175
p_2153,t3_1mv3g3,t1_cccxjd9,t1_cccvmip,0.3484848484848485,0.2545454545454545,0.09393939393939399
p_2154,t3_1mv3g3,t1_cccwow7,t1_ccd56i2,0.36904761904761907,0.36923076923076925,-0.0001831501831501825
p_2155,t3_1mv3g3,t1_ccd581r,t1_ccd3k4q,0.38571428571428573,0.3584905660377358,0.027223719676549907
p_2157,t3_1ms5h6,t1_ccc5hfa,t1_cccbr1n,0.328125,0.3333333333333333,-0.005208333333333315
p_2158,t3_1ms5h6,t1_ccc4apy,t1_ccc3e49,0.30952380952380953,0.3541666666666667,-0.04464285714285715
p_2159,t3_1ms5h6,t1_ccc4zc0,t1_ccc6q8t,0.2564102564102564,0.2777777777777778,-0.021367521367521403
p_2160,t3_1ms5h6,t1_ccc8c0p,t1_ccca28r,0.38181818181818183,0.3181818181818182,0.06363636363636366
p_2161,t3_1ms5h6,t1_ccc849f,t1_ccc5y0d,0.4358974358974359,0.21739130434782608,0.21850613154960982
p_2162,t3_1mqh8t,t1_ccbop5x,t1_ccbnoar,0.42105263157894735,0.3389830508474576,0.08206958073148973
p_2163,t3_1mqfmi,t1_cccdkog,t1_ccbqtty,0.37333333333333335,0.36666666666666664,0.00666666666666671
p_2164,t3_1mq464,t1_ccbkgg8,t1_ccbrs5p,0.46987951807228917,0.4936708860759494,-0.023791368003660218
p_2165,t3_1mor68,t1_ccbewh1,t1_ccbhzik,0.5164835164835165,0.4823529411764706,0.03413057530704594
p_2166,t3_1mkkiu,t1_cca3jqo,t1_ccahv7s,0.3793103448275862,0.36065573770491804,0.018654607122668143
p_2170,t3_1micrr,t1_cc9iise,t1_cc9i0l2,0.44047619047619047,0.2711864406779661,0.16928974979822436
p_2171,t3_1mhox4,t1_cc9cr45,t1_cc9ewi1,0.4166666666666667,0.3918918918918919,0.0247747747747748
p_2175,t3_1mcs7s,t1_cc7zre6,t1_cc7zm90,0.5348837209302325,0.41304347826086957,0.12184024266936294
p_2176,t3_1mcs7s,t1_cc80xcj,t1_cc7yshf,0.48,0.38961038961038963,0.09038961038961035
p_2177,t3_1mcgyq,t1_cc81pge,t1_cc833kb,0.24390243902439024,0.3333333333333333,-0.08943089430894308
p_2178,t3_1mc6y7,t1_cc7v8d9,t1_cc7wspd,0.4745762711864407,0.34,0.13457627118644067
p_2179,t3_1mc6y7,t1_cc7uvd2,t1_cc7vp54,0.3958333333333333,0.35714285714285715,0.038690476190476164
p_2180,t3_1mbqhy,t1_cc7pp5t,t1_cc7odp3,0.47126436781609193,0.2987012987012987,0.17256306911479324
p_2183,t3_1ma1o7,t1_cc779hk,t1_cc779ih,0.3582089552238806,0.39215686274509803,-0.03394790752121746
p_2184,t3_1m9bf6,t1_cc71e1c,t1_cc71cv0,0.2391304347826087,0.3409090909090909,-0.10177865612648218
p_2185,t3_1m7r92,t1_cc6nj16,t1_cc6k9ln,0.3333333333333333,0.4,-0.06666666666666671
p_2186,t3_1m5nls,t1_cc65afh,t1_cc60rdt,0.2857142857142857,0.38095238095238093,-0.09523809523809523
p_2187,t3_1m5ckr,t1_cc65v0o,t1_cc5yz4a,0.4024390243902439,0.391304347826087,0.011134676564156953
p_2188,t3_1m4ncj,t1_cc6f4wf,t1_cc62exc,0.19230769230769232,0.3114754098360656,-0.11916771752837327
p_2189,t3_1m4j0f,t1_cc5pidn,t1_cc5prn9,0.3684210526315789,0.4266666666666667,-0.05824561403508777
p_2190,t3_1m3uw1,t1_cc5jurv,t1_cc5i9r4,0.3968253968253968,0.3148148148148148,0.08201058201058198
p_2193,t3_1m2ol2,t1_cc586c8,t1_cc583f9,0.43243243243243246,0.296875,0.13555743243243246
p_2192,t3_1m2ol2,t1_cc583n9,t1_cc58qz9,0.42105263157894735,0.3088235294117647,0.11222910216718263
p_2194,t3_1m2c8d,t1_cc53f9v,t1_cc57ndo,0.3793103448275862,0.28169014084507044,0.09762020398251575
p_2195,t3_1lyzc3,t1_cc4fofp,t1_cc4e0cy,0.3974358974358974,0.4027777777777778,-0.005341880341880378
p_2196,t3_1lykde,t1_cc4218e,t1_cc433r7,0.4411764705882353,0.47761194029850745,-0.03643546971027217
p_2198,t3_1lxn1p,t1_cc3sszy,t1_cc3tpy6,0.41379310344827586,0.42168674698795183,-0.007893643539675976
p_2199,t3_1lvnj6,t1_cc37s7x,t1_cc3b2kq,0.3333333333333333,0.2222222222222222,0.1111111111111111
p_2200,t3_1lt0gt,t1_cc2od32,t1_cc2gt9x,0.3939393939393939,0.3333333333333333,0.06060606060606061
p_2201,t3_1ls55r,t1_cc274w7,t1_cc28zrg,0.3620689655172414,0.35384615384615387,0.008222811671087515
p_2203,t3_1lpmle,t1_cc1kppg,t1_cc1ka02,0.6145833333333334,0.5376344086021505,0.07694892473118287
p_2205,t3_1lpfcx,t1_cc1hmy1,t1_cc1xwz2,0.36619718309859156,0.4027777777777778,-0.03658059467918623
p_2206,t3_1lp8a5,t1_cc1fjpt,t1_cc1ftud,0.3253012048192771,0.2653061224489796,0.05999508237029749
p_2207,t3_1lni37,t1_cc102pd,t1_cc0yjrr,0.225,0.32075471698113206,-0.09575471698113205
p_2208,t3_1ln8b5,t1_cc0x96h,t1_cc0vugf,0.2857142857142857,0.28205128205128205,0.00366300366300365
p_2212,t3_1lm1eb,t1_cc0l23w,t1_cc0x7m8,0.17073170731707318,0.4074074074074074,-0.2366757000903342
p_2213,t3_1lkz0j,t1_cc0ekn0,t1_cc0d09x,0.32558139534883723,0.37209302325581395,-0.046511627906976716
p_2214,t3_1lkxku,t1_cc0b6tb,t1_cc0c4yb,0.35185185185185186,0.18181818181818182,0.17003367003367004
p_2215,t3_1lkxku,t1_cc0nc73,t1_cc0gh2n,0.3275862068965517,0.2727272727272727,0.054858934169279006
p_2218,t3_1lklmg,t1_cc06dl5,t1_cc070hz,0.45454545454545453,0.45,0.004545454545454519
p_2219,t3_1lklmg,t1_cc0gnzl,t1_cc0b8sj,0.45569620253164556,0.5061728395061729,-0.05047663697452731
p_2220,t3_1lj77i,t1_cc00mpq,t1_cbzwwyg,0.4810126582278481,0.288135593220339,0.19287706500750912
p_2221,t3_1lj1a3,t1_cbzqvmp,t1_cbzslqc,0.3448275862068966,0.3870967741935484,-0.0422691879866518
p_2224,t3_1lhuz4,t1_cbzddsy,t1_cbze9hp,0.2631578947368421,0.36363636363636365,-0.10047846889952156
p_2225,t3_1lfrfd,t1_cbysfpy,t1_cbzh8fi,0.3170731707317073,0.3333333333333333,-0.016260162601625994
p_2226,t3_1lfjlx,t1_cbyrmgo,t1_cbyqak5,0.3230769230769231,0.3111111111111111,0.011965811965811979
p_2227,t3_1lerv8,t1_cbyiaoi,t1_cbyhq86,0.35185185185185186,0.28846153846153844,0.06339031339031342
p_2230,t3_1ld6h6,t1_cby2a8w,t1_cby1lsh,0.3508771929824561,0.3508771929824561,0.0
p_2232,t3_1lcywy,t1_cbxzp1t,t1_cby301t,0.30303030303030304,0.45,-0.14696969696969697
p_2233,t3_1lbwhm,t1_cbxpt3g,t1_cbxs5nk,0.3763440860215054,0.46534653465346537,-0.08900244863196
p_2234,t3_1lbmj6,t1_cbxpw34,t1_cbxodyk,0.391304347826087,0.4090909090909091,-0.017786561264822143
p_2236,t3_1lacd7,t1_cbx94i4,t1_cbx9e6e,0.3670886075949367,0.3125,0.05458860759493672
p_2237,t3_1la7rw,t1_cbxgs50,t1_cbx89uo,0.53,0.37209302325581395,0.15790697674418608
p_2238,t3_1l90aj,t1_cbwzd68,t1_cbwzbg8,0.3225806451612903,0.27419354838709675,0.04838709677419356
p_2241,t3_1l739z,t1_cbwgckn,t1_cbwhg4q,0.34177215189873417,0.3584905660377358,-0.01671841413900166
p_2242,t3_1l6so4,t1_cbwanvb,t1_cbwejit,0.3333333333333333,0.38596491228070173,-0.05263157894736842
p_2243,t3_1l6jx5,t1_cbwinoh,t1_cbwci89,0.4788732394366197,0.2826086956521739,0.1962645437844458
p_2244,t3_1l5skj,t1_cbw2q93,t1_cbw5e2q,0.38235294117647056,0.32857142857142857,0.05378151260504199
p_2245,t3_1l4zh1,t1_cbvtytr,t1_cbwfrmm,0.43333333333333335,0.4,0.033333333333333326
p_2246,t3_1l4s6s,t1_cbvtme3,t1_cbw349b,0.5074626865671642,0.323943661971831,0.1835190245953332
p_2247,t3_1l4s6s,t1_cbvtd9h,t1_cbw1t11,0.3283582089552239,0.2835820895522388,0.04477611940298509
p_2249,t3_1l48mt,t1_cbvuocw,t1_cbvwhwi,0.4,0.5074626865671642,-0.10746268656716418
p_2252,t3_1l3r2u,t1_cbvi0u6,t1_cbvi11k,0.4935064935064935,0.45454545454545453,0.038961038961038974
p_2253,t3_1l3r2u,t1_cbvjfjr,t1_cbvi11k,0.4639175257731959,0.45454545454545453,0.009372071227741363
p_2251,t3_1l3r2u,t1_cbvieup,t1_cbvi6i2,0.45977011494252873,0.45121951219512196,0.008550602747406766
p_2258,t3_1l39f3,t1_cbvj6st,t1_cbvdl8d,0.5064935064935064,0.35135135135135137,0.15514215514215507
p_2256,t3_1l39f3,t1_cbvi8i7,t1_cbvetvc,0.45,0.4368932038834951,0.013106796116504893
p_2257,t3_1l39f3,t1_cbvdnid,t1_cbvf3rq,0.4155844155844156,0.36764705882352944,0.047937356760886174
p_2259,t3_1l3115,t1_cbv9wfo,t1_cbva0et,0.3333333333333333,0.25757575757575757,0.07575757575757575
p_2260,t3_1l2ixq,t1_cbvbxs8,t1_cbv59md,0.38461538461538464,0.3333333333333333,0.05128205128205132
p_2261,t3_1l09gg,t1_cbuio96,t1_cbugz8z,0.20833333333333334,0.29545454545454547,-0.08712121212121213
p_2262,t3_1kzxcm,t1_cbuf9oo,t1_cbuiv91,0.47126436781609193,0.38823529411764707,0.08302907369844487
p_2265,t3_1kye6l,t1_cbtvo8l,t1_cbtvkil,0.3287671232876712,0.3050847457627119,0.02368237752495933
p_2266,t3_1kye6l,t1_cbtwkat,t1_cbtwnnn,0.29333333333333333,0.27692307692307694,0.016410256410256396
p_2268,t3_1kye6l,t1_cbtzwlt,t1_cbtwnnn,0.35714285714285715,0.27692307692307694,0.08021978021978021
p_2267,t3_1kye6l,t1_cbtzgqh,t1_cbtwnnn,0.3333333333333333,0.27692307692307694,0.056410256410256376
p_2269,t3_1kxyyv,t1_cbtru4t,t1_cbtrv0z,0.2875,0.2542372881355932,0.03326271186440677
p_2270,t3_1kxyyv,t1_cbtr9p6,t1_cbtrv0z,0.3157894736842105,0.2542372881355932,0.0615521855486173
p_2271,t3_1kxyyv,t1_cbtu5q5,t1_cbtrrbq,0.4411764705882353,0.20408163265306123,0.23709483793517405
p_2272,t3_1kxyyv,t1_cbu7zd4,t1_cbtrv0z,0.4032258064516129,0.2542372881355932,0.14898851831601967
p_2275,t3_1kwoib,t1_cbtku99,t1_cbtll2e,0.27956989247311825,0.375,-0.09543010752688175
p_2274,t3_1kwoib,t1_cbteqkq,t1_cbtlv0w,0.4431818181818182,0.3333333333333333,0.10984848484848486
p_2276,t3_1kwewh,t1_cbtagyo,t1_cbta7mx,0.36363636363636365,0.1956521739130435,0.16798418972332016
p_2278,t3_1ktrbd,t1_cbsiyod,t1_cbsj55w,0.41025641025641024,0.4945054945054945,-0.08424908424908428
p_2280,t3_1ks6p4,t1_cbsevj6,t1_cbs6oi2,0.2903225806451613,0.2545454545454545,0.03577712609970679
p_2282,t3_1kqo2m,t1_cbrp5dn,t1_cbrtmtf,0.2777777777777778,0.40350877192982454,-0.12573099415204675
p_2283,t3_1kpmvy,t1_cbril3l,t1_cbrg01p,0.5257731958762887,0.5641025641025641,-0.03832936822627542
p_2284,t3_1kplpx,t1_cbs1lbf,t1_cbrbl9b,0.463768115942029,0.2711864406779661,0.1925816752640629
p_2285,t3_1kpcy7,t1_cbrbl5x,t1_cbrbcp0,0.45161290322580644,0.4444444444444444,0.007168458781362019
p_2288,t3_1kmwmn,t1_cbqml03,t1_cbqlofq,0.3380281690140845,0.3333333333333333,0.004694835680751186
p_2289,t3_1kmr9u,t1_cbqlmoj,t1_cbqkl2t,0.2857142857142857,0.14583333333333334,0.13988095238095236
p_2290,t3_1klvsk,t1_cbqdd78,t1_cbqjkwj,0.38095238095238093,0.3333333333333333,0.047619047619047616
p_2291,t3_1klpoz,t1_cbqe15e,t1_cbqay82,0.3194444444444444,0.32,-0.0005555555555555869
p_2295,t3_1kkzei,t1_cbq19sn,t1_cbq4s14,0.3333333333333333,0.3541666666666667,-0.02083333333333337
p_2293,t3_1kkzei,t1_cbq6gfx,t1_cbq019j,0.45,0.37777777777777777,0.07222222222222224
p_2294,t3_1kkzei,t1_cbq17si,t1_cbq019j,0.3,0.37777777777777777,-0.07777777777777778
p_2297,t3_1kkvd3,t1_cbpzbps,t1_cbpzant,0.3888888888888889,0.40963855421686746,-0.02074966532797856
p_2298,t3_1kkvd3,t1_cbpzjlg,t1_cbqba5y,0.37,0.3875,-0.017500000000000016
p_2299,t3_1kkl0k,t1_cbpvqsr,t1_cbpwrwm,0.3235294117647059,0.2786885245901639,0.04484088717454199
p_2300,t3_1kjxxx,t1_cbpq618,t1_cbprup5,0.43283582089552236,0.35384615384615387,0.0789896670493685
p_2302,t3_1kji31,t1_cbpp0hg,t1_cbpp4cn,0.4411764705882353,0.20689655172413793,0.23427991886409735
p_2303,t3_1kj8ll,t1_cbpjmas,t1_cbpisrw,0.4125,0.3815789473684211,0.030921052631578905
p_2304,t3_1kj8ll,t1_cbpl5sq,t1_cbpotjh,0.35555555555555557,0.3888888888888889,-0.033333333333333326
p_2306,t3_1kic79,t1_cbp88fr,t1_cbp8lam,0.39215686274509803,0.36363636363636365,0.028520499108734387
p_2307,t3_1ki40o,t1_cbp9u33,t1_cbp85kd,0.24390243902439024,0.2413793103448276,0.0025231286795626418
p_2308,t3_1ki1zh,t1_cbp9dea,t1_cbp5nt9,0.3875,0.4074074074074074,-0.019907407407407374
p_2310,t3_1khlm7,t1_cbp1ln5,t1_cbp1ph1,0.5857142857142857,0.603448275862069,-0.017733990147783207
p_2311,t3_1kgh0u,t1_cboq4u7,t1_cbooh2r,0.32727272727272727,0.3888888888888889,-0.061616161616161624
p_2313,t3_1ke0w4,t1_cbnzi22,t1_cbo6d5s,0.42696629213483145,0.38372093023255816,0.043245361902273294
p_2314,t3_1ke0w4,t1_cbo3zx9,t1_cbo5iau,0.49038461538461536,0.4915254237288136,-0.0011408083441982186
p_2316,t3_1kdlwj,t1_cbnxd5h,t1_cbnvo71,0.44871794871794873,0.38235294117647056,0.06636500754147817
p_2319,t3_1kcd3m,t1_cbnhq6g,t1_cbni0el,0.37681159420289856,0.35294117647058826,0.0238704177323103
p_2320,t3_1kbzmn,t1_cbng0go,t1_cbnipaa,0.36363636363636365,0.3333333333333333,0.03030303030303033
p_2323,t3_1kag5w,t1_cbn0mxn,t1_cbmzov5,0.35064935064935066,0.3389830508474576,0.011666299801893043
p_2324,t3_1kabrs,t1_cbmzr37,t1_cbn67aw,0.32786885245901637,0.24489795918367346,0.0829708932753429
p_2325,t3_1ka5uj,t1_cbmyev9,t1_cbmxfh8,0.24444444444444444,0.18181818181818182,0.06262626262626261
p_2327,t3_1k9jlv,t1_cbmxvcd,t1_cbmuvxx,0.3125,0.23529411764705882,0.07720588235294118
p_2328,t3_1k6xfn,t1_cbm0lyq,t1_cbm3nd0,0.24786324786324787,0.27586206896551724,-0.027998821102269367
p_2329,t3_1k6i9t,t1_cblyg6g,t1_cblyvvv,0.5526315789473685,0.44594594594594594,0.10668563300142253
p_2330,t3_1k5pd2,t1_cbln0wk,t1_cblry91,0.48717948717948717,0.43333333333333335,0.05384615384615382
p_2331,t3_1k5c52,t1_cblj535,t1_cbll85k,0.2972972972972973,0.29333333333333333,0.003963963963963979
p_2332,t3_1k5c52,t1_cblu6s5,t1_cblltll,0.32941176470588235,0.2857142857142857,0.04369747899159665
p_2333,t3_1k4u9p,t1_cbldzfo,t1_cblfrem,0.2,0.21052631578947367,-0.010526315789473661
p_2334,t3_1k3fd5,t1_cbkz187,t1_cblb6qd,0.43434343434343436,0.5392156862745098,-0.10487225193107541
p_2335,t3_1k3fd5,t1_cbl0mqo,t1_cbl14ki,0.6111111111111112,0.6274509803921569,-0.016339869281045694
p_2336,t3_1k394r,t1_cbl39x0,t1_cbkxpz4,0.34146341463414637,0.2972972972972973,0.04416611733684905
p_2337,t3_1k2ucr,t1_cbl0joo,t1_cbl04y4,0.34177215189873417,0.38235294117647056,-0.040580789277736395
p_2338,t3_1k2m9c,t1_cbku0j5,t1_cbkqfau,0.4166666666666667,0.38181818181818183,0.03484848484848485
p_2339,t3_1k1bz3,t1_cbkdhyg,t1_cbkd9lg,0.3611111111111111,0.265625,0.0954861111111111
p_2340,t3_1k12l4,t1_cbk9xjc,t1_cbkfcm9,0.3559322033898305,0.3,0.055932203389830515
p_2341,t3_1k0rar,t1_cbk9gjo,t1_cbk70ve,0.27906976744186046,0.37142857142857144,-0.09235880398671098
p_2343,t3_1k0o35,t1_cbk7t0b,t1_cbk5xan,0.30303030303030304,0.390625,-0.08759469696969696
p_2346,t3_1jxenp,t1_cbjhhbv,t1_cbjh4y3,0.4126984126984127,0.4230769230769231,-0.010378510378510397
p_2348,t3_1jxb7d,t1_cbj7ksk,t1_cbjiqx2,0.4492753623188406,0.4342105263157895,0.015064836003051085
p_2349,t3_1jxb7d,t1_cbj8nos,t1_cbjiqx2,0.5125,0.4342105263157895,0.07828947368421046
p_2350,t3_1jx75l,t1_cbj6dz7,t1_cbj5su9,0.26785714285714285,0.4576271186440678,-0.18976997578692495
p_2352,t3_1jx75l,t1_cbj9dmd,t1_cbj5t4n,0.4074074074074074,0.484375,-0.07696759259259262
p_2351,t3_1jx75l,t1_cbj8v5p,t1_cbj5t4n,0.4523809523809524,0.484375,-0.031994047619047616
p_2353,t3_1jx75l,t1_cbjctxf,t1_cbja2vi,0.3442622950819672,0.2962962962962963,0.04796599878567093
p_2355,t3_1jw0vh,t1_cbj2fl6,t1_cbivzx1,0.35294117647058826,0.34285714285714286,0.010084033613445398
p_2356,t3_1jukj2,t1_cbihbve,t1_cbifo1m,0.25925925925925924,0.3111111111111111,-0.05185185185185187
p_2357,t3_1juhcd,t1_cbih6kh,t1_cbiftjn,0.4634146341463415,0.4117647058823529,0.051649928263988565
p_2358,t3_1jtizm,t1_cbi5iji,t1_cbi4vwr,0.3548387096774194,0.2878787878787879,0.06695992179863147
p_2359,t3_1jnzxi,t1_cbgl9y6,t1_cbgko2s,0.26865671641791045,0.359375,-0.09071828358208955
p_2360,t3_1jnzxi,t1_cbgq6ri,t1_cbgmmil,0.2786885245901639,0.29411764705882354,-0.015429122468659628
p_2361,t3_1jnzxi,t1_cbgrq6w,t1_cbgqs66,0.25,0.20967741935483872,0.04032258064516128
p_2362,t3_1jmadm,t1_cbgfvpm,t1_cbg3jnw,0.34210526315789475,0.20454545454545456,0.1375598086124402
p_2363,t3_1jm5z2,t1_cbg3zbr,t1_cbg1tau,0.3333333333333333,0.37037037037037035,-0.037037037037037035
p_2365,t3_1jl2l0,t1_cbfrj60,t1_cbfqlt5,0.25,0.2727272727272727,-0.022727272727272707
p_2366,t3_1jkp1k,t1_cbfp0g2,t1_cbfoawn,0.2916666666666667,0.38461538461538464,-0.09294871794871795
p_2367,t3_1jiw0b,t1_cbf6lgo,t1_cbf4sac,0.3194444444444444,0.4883720930232558,-0.16892764857881137
p_2370,t3_1jb0wl,t1_cbcxgu5,t1_cbcy8p6,0.44339622641509435,0.27380952380952384,0.16958670260557052
p_2371,t3_1jaqjx,t1_cbctgfc,t1_cbcsn53,0.2835820895522388,0.21153846153846154,0.07204362801377726
p_2372,t3_1j9xnf,t1_cbcq5wa,t1_cbcvqxh,0.234375,0.2857142857142857,-0.0513392857142857
p_2373,t3_1j8dv1,t1_cbc52ax,t1_cbcofch,0.32,0.3157894736842105,0.004210526315789498
p_2374,t3_1j8dv1,t1_cbc65mq,t1_cbcofch,0.33962264150943394,0.3157894736842105,0.023833167825223434
p_2375,t3_1j8dv1,t1_cbc693d,t1_cbcofch,0.3333333333333333,0.3157894736842105,0.017543859649122806
p_2376,t3_1j8dv1,t1_cbc7rzj,t1_cbcofch,0.23076923076923078,0.3157894736842105,-0.08502024291497973
p_2377,t3_1j7p6i,t1_cbbxr56,t1_cbby8gg,0.15384615384615385,0.20967741935483872,-0.05583126550868486
p_2378,t3_1j5z5p,t1_cbbgma6,t1_cbbghpi,0.5535714285714286,0.34782608695652173,0.20574534161490687
p_2379,t3_1j583o,t1_cbba0li,t1_cbbbhg1,0.42105263157894735,0.40350877192982454,0.017543859649122806
p_2381,t3_1j3vw4,t1_cbavu90,t1_cbawlm4,0.4634146341463415,0.4339622641509434,0.029452369995398076
p_2384,t3_1j0ghg,t1_cb9w70x,t1_cba1v9x,0.3163265306122449,0.35294117647058826,-0.03661464585834334
p_2385,t3_1j0ghg,t1_cbag4fl,t1_cba1v9x,0.3424657534246575,0.35294117647058826,-0.010475423045930743
p_2387,t3_1j04ik,t1_cb9skkn,t1_cb9rtf6,0.20454545454545456,0.2,0.004545454545454547
p_2386,t3_1j04ik,t1_cb9ssza,t1_cb9rtf6,0.2391304347826087,0.2,0.03913043478260869
p_2388,t3_1j012y,t1_cb9qkne,t1_cb9wf8r,0.38571428571428573,0.2608695652173913,0.12484472049689443
p_2390,t3_1j00y5,t1_cb9tnv2,t1_cb9rf5x,0.3780487804878049,0.2631578947368421,0.11489088575096279
p_2393,t3_1iw2um,t1_cb8lac4,t1_cb8mbl8,0.23636363636363636,0.2727272727272727,-0.03636363636363635
p_2402,t3_1is4qd,t1_cb7j9ci,t1_cb7wbhu,0.2857142857142857,0.34615384615384615,-0.06043956043956045
p_2403,t3_1iqys7,t1_cb7bor5,t1_cb7844x,0.3508771929824561,0.3888888888888889,-0.038011695906432774
p_2404,t3_1iqys7,t1_cb7gfzl,t1_cb7gxgm,0.3508771929824561,0.32727272727272727,0.02360446570972885
p_2405,t3_1ipjv3,t1_cb6tcwm,t1_cb7052e,0.38028169014084506,0.22580645161290322,0.15447523852794184
p_2406,t3_1ioyfw,t1_cb6negu,t1_cb6p567,0.24615384615384617,0.5,-0.25384615384615383
p_2408,t3_1io050,t1_cb6z8bd,t1_cb6d59l,0.5205479452054794,0.3582089552238806,0.16233898998159885
p_2409,t3_1io050,t1_cb6te7v,t1_cb6k495,0.49295774647887325,0.26153846153846155,0.2314192849404117
p_2410,t3_1inwvh,t1_cb6clxk,t1_cb6b3un,0.3125,0.34146341463414637,-0.028963414634146367
p_2412,t3_1in64c,t1_cb6akju,t1_cb64t09,0.4838709677419355,0.28125,0.2026209677419355
p_2413,t3_1in3mk,t1_cb6bfkt,t1_cb62n6y,0.4,0.29310344827586204,0.10689655172413798
p_2415,t3_1iimoi,t1_cb5m28u,t1_cb4v5by,0.22727272727272727,0.3125,-0.08522727272727273
p_2418,t3_1ihnzp,t1_cb4juyf,t1_cb4ukap,0.3181818181818182,0.3064516129032258,0.011730205278592365
p_2420,t3_1igbwh,t1_cb4649p,t1_cb464hg,0.27586206896551724,0.2653061224489796,0.010555946516537629
p_2421,t3_1ied1a,t1_cb3rv5u,t1_cb3p38u,0.40540540540540543,0.3898305084745763,0.01557489693082914
p_2424,t3_1ib9o8,t1_cb2tz88,t1_cb33du7,0.5138888888888888,0.39436619718309857,0.11952269170579027
p_2427,t3_1ia9x8,t1_cb2j72l,t1_cb2rlb2,0.36363636363636365,0.3018867924528302,0.06174957118353347
p_2429,t3_1ia3zd,t1_cb2lbid,t1_cb2h5ll,0.3148148148148148,0.43636363636363634,-0.12154882154882152
p_2430,t3_1i94l9,t1_cb28ef0,t1_cb26209,0.29508196721311475,0.4426229508196721,-0.14754098360655737
p_2434,t3_1i5tlt,t1_cb1cje7,t1_cb1t7x1,0.2727272727272727,0.3,-0.027272727272727282
p_2436,t3_1i4vt4,t1_cb1h533,t1_cb1252u,0.34375,0.34,0.0037499999999999756
p_2435,t3_1i4vt4,t1_cb13nik,t1_cb16bo0,0.23529411764705882,0.3392857142857143,-0.10399159663865548
p_2438,t3_1i2u57,t1_cb0fo0o,t1_cb0gz21,0.25,0.38202247191011235,-0.13202247191011235
p_2439,t3_1i2u57,t1_cb0fbc9,t1_cb0hvyo,0.47297297297297297,0.3670886075949367,0.10588436537803625
p_2440,t3_1i2oju,t1_cb0dt2p,t1_cb0e4bx,0.4625,0.3333333333333333,0.1291666666666667
p_2442,t3_1i11n0,t1_cazz418,t1_cb0464x,0.4262295081967213,0.2413793103448276,0.1848501978518937
p_2443,t3_1i11n0,t1_cazy97z,t1_cb0464x,0.3770491803278688,0.2413793103448276,0.13566986998304123
p_2444,t3_1i0zds,t1_cazx780,t1_cazy8n0,0.36619718309859156,0.3787878787878788,-0.012590695689287223
p_2445,t3_1i0zds,t1_cb005e0,t1_cb05afm,0.24,0.17647058823529413,0.06352941176470586
p_2446,t3_1i0zds,t1_cb00x7k,t1_cazy1tv,0.2553191489361702,0.3287671232876712,-0.07344797435150102
p_2447,t3_1i0zds,t1_cazx7qm,t1_cb0ano0,0.38571428571428573,0.25925925925925924,0.1264550264550265
p_2448,t3_1i00hp,t1_cazmh6c,t1_cazmud9,0.39215686274509803,0.38181818181818183,0.0103386809269162
p_2449,t3_1hzs2p,t1_cazkd1r,t1_cazpzes,0.23333333333333334,0.2727272727272727,-0.03939393939393937
p_2451,t3_1hz0cv,t1_cazgpfl,t1_cazc5lr,0.375,0.34782608695652173,0.02717391304347827
p_2452,t3_1hxzas,t1_caz1kcn,t1_caz1z09,0.5368421052631579,0.5604395604395604,-0.02359745517640255
p_2453,t3_1hxrtn,t1_caz1hv5,t1_cayzct9,0.48863636363636365,0.43333333333333335,0.0553030303030303
p_2454,t3_1hxjqk,t1_cayxqwq,t1_cazcc7l,0.390625,0.34328358208955223,0.04734141791044777
p_2455,t3_1hxf9i,t1_cayvh0d,t1_caz1x0o,0.2982456140350877,0.3333333333333333,-0.03508771929824561
p_2456,t3_1hw3be,t1_cayi1o3,t1_caykf0u,0.2037037037037037,0.2127659574468085,-0.00906225374310482
p_2460,t3_1htdmd,t1_caxqkk2,t1_caxz72q,0.43956043956043955,0.4696969696969697,-0.03013653013653017
p_2461,t3_1ht05v,t1_caxtz6j,t1_caxzvix,0.31868131868131866,0.35443037974683544,-0.035749061065516785
p_2462,t3_1ht05v,t1_caxvc7y,t1_caxzvix,0.31746031746031744,0.35443037974683544,-0.036970062286518
p_2463,t3_1hrko3,t1_caxe7v8,t1_cax6nz3,0.620253164556962,0.5180722891566265,0.10218087540033549
p_2464,t3_1hrjgc,t1_cax6dff,t1_cax6b4o,0.30985915492957744,0.35294117647058826,-0.04308202154101082
p_2465,t3_1hraph,t1_cax407i,t1_cax3up7,0.4246575342465753,0.4090909090909091,0.015566625155666203
p_2467,t3_1hqd66,t1_cax3idc,t1_cawz4oe,0.3698630136986301,0.3333333333333333,0.0365296803652968
p_2468,t3_1hq0v5,t1_cawqmgo,t1_cawqm34,0.3870967741935484,0.38596491228070173,0.0011318619128466434
p_2469,t3_1hp8cm,t1_cawnmau,t1_cawra52,0.37254901960784315,0.4666666666666667,-0.09411764705882353
p_2470,t3_1hp8cm,t1_caws05i,t1_cawsaki,0.4153846153846154,0.3582089552238806,0.05717566016073483
p_2472,t3_1hnrv5,t1_cawg0mo,t1_caw90ul,0.39759036144578314,0.4533333333333333,-0.055742971887550175
p_2473,t3_1hnmg0,t1_caw4fwf,t1_caw2pvi,0.36666666666666664,0.4339622641509434,-0.06729559748427677
p_2474,t3_1hnesi,t1_caw5etn,t1_caw1oxb,0.38636363636363635,0.421875,-0.035511363636363646
p_2475,t3_1hmzrg,t1_cavwamg,t1_caw3w4j,0.35185185185185186,0.36231884057971014,-0.010466988727858284
p_2477,t3_1hmzrg,t1_cavxhoe,t1_cavwx38,0.421875,0.40298507462686567,0.01888992537313433
p_2476,t3_1hmzrg,t1_cavwmqq,t1_cavylue,0.3561643835616438,0.4090909090909091,-0.0529265255292653
p_2478,t3_1hm7uw,t1_cavpkpg,t1_cavot1s,0.5063291139240507,0.4266666666666667,0.07966244725738397
p_2479,t3_1hj6bs,t1_cauxv2z,t1_cauydog,0.45901639344262296,0.35714285714285715,0.10187353629976581
p_2480,t3_1hilol,t1_cav0vb9,t1_cauv0dj,0.3137254901960784,0.3125,0.001225490196078427
p_2482,t3_1hijgw,t1_cauqk4k,t1_cauqjev,0.3157894736842105,0.36666666666666664,-0.05087719298245613
p_2484,t3_1hhk6u,t1_caueb77,t1_cauj7mz,0.3870967741935484,0.3090909090909091,0.0780058651026393
p_2485,t3_1hhk6u,t1_caui6qo,t1_caukhoj,0.4032258064516129,0.4603174603174603,-0.057091653865847414
p_2486,t3_1hhk6u,t1_cauhmlk,t1_cauj7mz,0.3220338983050847,0.3090909090909091,0.012942989214175638
p_2489,t3_1hc58i,t1_catea2n,t1_casxbel,0.4939759036144578,0.4594594594594595,0.03451644415499833
p_2490,t3_1hc0j1,t1_caszio1,t1_casup0b,0.38235294117647056,0.3728813559322034,0.009471585244267167
p_2494,t3_1hajcc,t1_casg265,t1_casiv8b,0.31666666666666665,0.3181818181818182,-0.001515151515151525
p_2495,t3_1h9sqe,t1_cas8w59,t1_cas8g4g,0.5113636363636364,0.532608695652174,-0.021245059288537593
p_2496,t3_1h9ldb,t1_cas5ysb,t1_cas7mja,0.275,0.3225806451612903,-0.04758064516129029
p_2497,t3_1h9hye,t1_cas4sd4,t1_cas74f3,0.36363636363636365,0.5254237288135594,-0.16178736517719572
p_2498,t3_1h9hye,t1_casb6t3,t1_cas9uz8,0.4,0.4857142857142857,-0.08571428571428569
p_2499,t3_1h9hye,t1_casew9n,t1_cas88m0,0.3684210526315789,0.3050847457627119,0.06333630686886704
p_2500,t3_1h8lmm,t1_cary5pj,t1_carxthq,0.40476190476190477,0.24561403508771928,0.15914786967418548
p_2502,t3_1h6ah2,t1_caredw7,t1_car9nmn,0.3333333333333333,0.28169014084507044,0.05164319248826288
p_2505,t3_1h6ah2,t1_caridnc,t1_car9nmn,0.3225806451612903,0.28169014084507044,0.04089050431621988
p_2504,t3_1h6ah2,t1_care65c,t1_car9nmn,0.37362637362637363,0.28169014084507044,0.0919362327813032
p_2503,t3_1h6ah2,t1_card2bl,t1_car9nmn,0.4307692307692308,0.28169014084507044,0.14907908992416036
p_2506,t3_1h63cg,t1_car7qah,t1_care0ds,0.4482758620689655,0.39622641509433965,0.05204944697462588
p_2508,t3_1h5h5m,t1_car0y9s,t1_cardbx1,0.3050847457627119,0.3387096774193548,-0.03362493165664293
p_2509,t3_1h5h5m,t1_car4w5y,t1_car24xz,0.2647058823529412,0.3064516129032258,-0.04174573055028463
p_2510,t3_1h5bo4,t1_car3t1w,t1_car096v,0.5346534653465347,0.3780487804878049,0.1566046848587298
p_2511,t3_1h4fc4,t1_caquh1j,t1_car011b,0.43333333333333335,0.3469387755102041,0.08639455782312927
p_2513,t3_1h2wxx,t1_caqbfxa,t1_caqen9z,0.3880597014925373,0.2777777777777778,0.11028192371475953
p_2514,t3_1h13j4,t1_capskux,t1_capsire,0.375,0.2619047619047619,0.11309523809523808
p_2516,t3_1h0wi9,t1_capqqek,t1_caq16q7,0.2558139534883721,0.4411764705882353,-0.18536251709986318
p_2517,t3_1h0dvp,t1_caplvg0,t1_caplfrl,0.4189189189189189,0.375,0.043918918918918914
p_2518,t3_1h0dvp,t1_capmaqi,t1_caplfrl,0.3225806451612903,0.375,-0.052419354838709686
p_2519,t3_1h0dvp,t1_capljsr,t1_capm2dv,0.41935483870967744,0.5,-0.08064516129032256
p_2520,t3_1gzgyi,t1_capch39,t1_capcztw,0.5752212389380531,0.5565217391304348,0.018699499807618314
p_2521,t3_1gzgyi,t1_capd988,t1_capcztw,0.37962962962962965,0.5565217391304348,-0.17689210950080514
p_2522,t3_1gzggd,t1_capcxm0,t1_capga0b,0.28888888888888886,0.20588235294117646,0.0830065359477124
p_2523,t3_1gzggd,t1_capc8wf,t1_capc3ac,0.28888888888888886,0.23529411764705882,0.05359477124183004
p_2526,t3_1gubei,t1_canwrtx,t1_canwwia,0.39705882352941174,0.29850746268656714,0.0985513608428446
p_2527,t3_1gubei,t1_cao0mq9,t1_cao4o8w,0.37681159420289856,0.3194444444444444,0.05736714975845414
p_2528,t3_1gubei,t1_cao0kka,t1_cao0vy0,0.3780487804878049,0.22580645161290322,0.15224232887490166
p_2529,t3_1gtx5u,t1_canrwqs,t1_canrwi1,0.2777777777777778,0.3157894736842105,-0.03801169590643272
p_2530,t3_1gtewi,t1_canwe7h,t1_cannxmk,0.44155844155844154,0.27419354838709675,0.1673648931713448
p_2533,t3_1gs77u,t1_canaax8,t1_canbqse,0.3111111111111111,0.3333333333333333,-0.0222222222222222
p_2535,t3_1gqrrj,t1_camvlk1,t1_camv6ti,0.3283582089552239,0.2222222222222222,0.10613598673300167
p_2536,t3_1gqfyr,t1_camsoga,t1_camr1ip,0.3448275862068966,0.3541666666666667,-0.00933908045977011
p_2537,t3_1go76m,t1_cama3zy,t1_cam5u2v,0.425,0.4716981132075472,-0.04669811320754719
p_2538,t3_1go0nk,t1_cam94e3,t1_cam2sp0,0.375,0.3283582089552239,0.046641791044776115
p_2539,t3_1gndd7,t1_calvf4q,t1_caly3r9,0.367816091954023,0.45555555555555555,-0.08773946360153256
p_2542,t3_1gndd7,t1_calw2lu,t1_calzbfi,0.5247524752475248,0.26506024096385544,0.25969223428366933
p_2543,t3_1gn5gq,t1_caltt0o,t1_cam4fco,0.44329896907216493,0.42857142857142855,0.01472754050073638
p_2544,t3_1gn5gq,t1_caluwrn,t1_cam99y3,0.47058823529411764,0.39759036144578314,0.0729978738483345
p_2546,t3_1gmopb,t1_calpm58,t1_caloeep,0.28169014084507044,0.3333333333333333,-0.05164319248826288
p_2547,t3_1glkkw,t1_caljuen,t1_calho9m,0.3111111111111111,0.30612244897959184,0.0049886621315192725
p_2548,t3_1gkvdj,t1_cal8gbr,t1_calht6p,0.4838709677419355,0.5833333333333334,-0.09946236559139787
p_2549,t3_1gkvdj,t1_cal9bjy,t1_cal95oe,0.5581395348837209,0.2,0.3581395348837209
p_2550,t3_1gk7i3,t1_cal9gz2,t1_cakzxzy,0.49514563106796117,0.3625,0.13264563106796118
p_2552,t3_1gjdzq,t1_caks2pc,t1_cakv42m,0.3484848484848485,0.48936170212765956,-0.14087685364281105
p_2553,t3_1ghuhk,t1_cakst8b,t1_cakfe6t,0.4230769230769231,0.3380281690140845,0.08504875406283857
p_2554,t3_1ghq26,t1_cakd83v,t1_cakbhef,0.3333333333333333,0.3968253968253968,-0.06349206349206349
p_2556,t3_1gf3p8,t1_cajmk48,t1_cajlq76,0.3188405797101449,0.25757575757575757,0.06126482213438733
p_2558,t3_1gekcs,t1_cajgr6p,t1_cajgnqh,0.3125,0.22448979591836735,0.08801020408163265
p_2559,t3_1gdhz9,t1_cajoefo,t1_caj8zpy,0.3793103448275862,0.20454545454545456,0.17476489028213163
p_2561,t3_1gcmgh,t1_caizgrm,t1_caix4yf,0.375,0.3090909090909091,0.06590909090909092
p_2563,t3_1ga9it,t1_caiavmi,t1_caiacwj,0.375,0.3275862068965517,0.04741379310344829
p_2564,t3_1ga5u6,t1_caifnvs,t1_caigbsx,0.38461538461538464,0.32432432432432434,0.060291060291060294
p_2565,t3_1g98dv,t1_caicko1,t1_cai00w1,0.33766233766233766,0.2537313432835821,0.08393099437875556
p_2566,t3_1g912k,t1_cahy4j6,t1_cai00qt,0.391304347826087,0.43137254901960786,-0.04006820119352089
p_2567,t3_1g8ye7,t1_caiqwaz,t1_caia71j,0.375,0.36538461538461536,0.009615384615384637
p_2568,t3_1g8tam,t1_cahvvfw,t1_cahvh3g,0.3235294117647059,0.3389830508474576,-0.015453639082751713
p_2569,t3_1g8dms,t1_cahqtw0,t1_cahrjrv,0.44680851063829785,0.41975308641975306,0.027055424218544788
p_2570,t3_1g4ij0,t1_cagmwe5,t1_cagn2vw,0.2909090909090909,0.43478260869565216,-0.14387351778656127
p_2571,t3_1g4ij0,t1_cagti1b,t1_cagn2vw,0.375,0.43478260869565216,-0.05978260869565216
p_2573,t3_1g0zyi,t1_cafq2a4,t1_cafq68p,0.2564102564102564,0.27692307692307694,-0.02051282051282055
p_2575,t3_1g0nr4,t1_cafnpu1,t1_cafo41o,0.31343283582089554,0.26229508196721313,0.05113775385368241
p_2576,t3_1g05un,t1_cafhm9s,t1_cafhkpm,0.4067796610169492,0.3584905660377358,0.048289094979213354
p_2577,t3_1g05un,t1_cafi4wo,t1_cafhkpm,0.34615384615384615,0.3584905660377358,-0.01233671988388968
p_2578,t3_1fze4z,t1_cafajkn,t1_cafb9bx,0.3870967741935484,0.4307692307692308,-0.04367245657568242
p_2579,t3_1fzbuj,t1_cafam2z,t1_cafeb2o,0.41414141414141414,0.42857142857142855,-0.014430014430014404
p_2580,t3_1fzbuj,t1_cafpf1y,t1_cafeb2o,0.3787878787878788,0.42857142857142855,-0.04978354978354976
p_2581,t3_1fz6yz,t1_cafa0ej,t1_cafbiew,0.38461538461538464,0.4222222222222222,-0.037606837606837584
p_2582,t3_1fvef0,t1_caehkc7,t1_caegj92,0.23255813953488372,0.35714285714285715,-0.12458471760797343
p_2583,t3_1ftvzl,t1_cadqq2m,t1_cadtuox,0.2807017543859649,0.2653061224489796,0.015395631936985288
p_2584,t3_1fthzm,t1_cads3uf,t1_cadpyxu,0.38095238095238093,0.3225806451612903,0.05837173579109062
p_2585,t3_1fsg25,t1_cadecc8,t1_cadh9xp,0.5287356321839081,0.48,0.048735632183908084
p_2586,t3_1fsg25,t1_cadcq9r,t1_cadfxhh,0.47540983606557374,0.38461538461538464,0.0907944514501891
p_2589,t3_1fqxs6,t1_cacz78q,t1_cad0uj4,0.47619047619047616,0.4507042253521127,0.025486250838363478
p_2590,t3_1fpnku,t1_cacm10c,t1_cacyujo,0.43037974683544306,0.3508771929824561,0.07950255385298693
p_2592,t3_1fl90i,t1_cabjfyp,t1_cabh6n4,0.4166666666666667,0.3783783783783784,0.038288288288288286
p_2594,t3_1fkqyp,t1_cab9l3c,t1_cab7rfj,0.46153846153846156,0.4266666666666667,0.03487179487179487
p_2596,t3_1fjzw1,t1_cab14u9,t1_cabbfp2,0.3333333333333333,0.203125,0.13020833333333331
p_2597,t3_1fjy6l,t1_cabf966,t1_cab0k1n,0.3111111111111111,0.3387096774193548,-0.0275985663082437
p_2598,t3_1fjy6l,t1_cabcutd,t1_cabche6,0.25,0.2558139534883721,-0.005813953488372103
p_2599,t3_1fj2qs,t1_caar36f,t1_caas3s0,0.3968253968253968,0.29310344827586204,0.10372194854953476
p_2600,t3_1fi40v,t1_caahiii,t1_caahjdz,0.4155844155844156,0.296875,0.11870941558441561
p_2601,t3_1fi40v,t1_caai66k,t1_caahj8x,0.4857142857142857,0.38461538461538464,0.10109890109890107
p_2603,t3_1fh2ge,t1_caa6pnq,t1_caaaphg,0.3275862068965517,0.29577464788732394,0.031811559009227774
p_2604,t3_1fgwoe,t1_caadxv7,t1_caaa1fu,0.3977272727272727,0.2926829268292683,0.10504434589800443
p_2606,t3_1felg8,t1_ca9jegt,t1_ca9j1g5,0.38461538461538464,0.3392857142857143,0.045329670329670335
p_2607,t3_1fdu9t,t1_ca9jfv7,t1_ca9emjy,0.23809523809523808,0.3076923076923077,-0.06959706959706963
p_2608,t3_1fdqr9,t1_ca9b99t,t1_ca997cz,0.35714285714285715,0.24390243902439024,0.11324041811846691
p_2609,t3_1fbyld,t1_ca8s1d1,t1_ca92m1w,0.19230769230769232,0.17391304347826086,0.018394648829431454
p_2610,t3_1fakkk,t1_ca8gu3m,t1_ca8gpeh,0.3103448275862069,0.37254901960784315,-0.06220419202163624
p_2613,t3_1f9bqn,t1_ca85ryy,t1_ca81ox0,0.4186046511627907,0.5116279069767442,-0.09302325581395349
p_2619,t3_1f3fkz,t1_ca6ix69,t1_ca6j47b,0.2727272727272727,0.38095238095238093,-0.10822510822510822
p_2621,t3_1f378x,t1_ca6d9pg,t1_ca6d9s8,0.26666666666666666,0.23728813559322035,0.029378531073446318
p_2624,t3_1f08yy,t1_ca5jdzb,t1_ca5nkp8,0.2982456140350877,0.39705882352941174,-0.09881320949432404
p_2625,t3_1f08yy,t1_ca5jcz6,t1_ca5nkp8,0.0,0.39705882352941174,-0.39705882352941174
p_2627,t3_1eyhc9,t1_ca511j6,t1_ca514mx,0.2127659574468085,0.2727272727272727,-0.059961315280464195
p_2628,t3_1eyhc9,t1_ca54mod,t1_ca514mx,0.21052631578947367,0.2727272727272727,-0.062200956937799035
p_2629,t3_1evztt,t1_ca4bru8,t1_ca4e1xc,0.36363636363636365,0.38333333333333336,-0.019696969696969713
p_2631,t3_1er14x,t1_ca2wy31,t1_ca2w8zb,0.2894736842105263,0.3541666666666667,-0.06469298245614036
p_2632,t3_1er14x,t1_ca2wyds,t1_ca2w8zb,0.3333333333333333,0.3541666666666667,-0.02083333333333337
p_2633,t3_1eqzdv,t1_ca2xas3,t1_ca2vznl,0.3409090909090909,0.28,0.06090909090909086
p_2634,t3_1eqzdv,t1_ca31l47,t1_ca2vznl,0.3584905660377358,0.28,0.0784905660377358
p_2636,t3_1eqpep,t1_ca2wutl,t1_ca2vk92,0.3103448275862069,0.3246753246753247,-0.014330497089117766
p_2637,t3_1enop4,t1_ca26n3f,t1_ca24wnz,0.3333333333333333,0.3880597014925373,-0.05472636815920401
p_2640,t3_1ekr96,t1_ca18olx,t1_ca1bmet,0.21052631578947367,0.22413793103448276,-0.01361161524500909
p_2642,t3_1ejwsi,t1_ca0z4yj,t1_ca124sd,0.3333333333333333,0.4166666666666667,-0.08333333333333337
p_2643,t3_1ejwsi,t1_ca14g2z,t1_ca11uac,0.3561643835616438,0.2909090909090909,0.06525529265255292
p_2649,t3_1eeqwi,t1_c9zk246,t1_c9zlxhm,0.25,0.23880597014925373,0.011194029850746273
p_2648,t3_1eeqwi,t1_c9zisf5,t1_c9zjpoy,0.19607843137254902,0.24074074074074073,-0.04466230936819171
p_2650,t3_1edx91,t1_c9z9hpy,t1_c9zbt49,0.3880597014925373,0.3220338983050847,0.0660258031874526
p_2651,t3_1edr56,t1_c9z8p9f,t1_c9z9qmk,0.3076923076923077,0.36065573770491804,-0.052963430012610335
p_2652,t3_1edqbg,t1_c9z7ura,t1_c9zayfy,0.30434782608695654,0.27419354838709675,0.03015427769985979
p_2657,t3_1e897d,t1_c9xr4w4,t1_c9xr0vc,0.47368421052631576,0.3225806451612903,0.15110356536502545
p_2659,t3_1e7fgs,t1_c9xm6o9,t1_c9xlvv7,0.30303030303030304,0.32,-0.016969696969696968
p_2661,t3_1e7dc0,t1_c9xteak,t1_c9xkdnr,0.46153846153846156,0.3684210526315789,0.09311740890688264
p_2663,t3_1e71tp,t1_c9xlk4m,t1_c9xez56,0.4246575342465753,0.4583333333333333,-0.033675799086757996
p_2664,t3_1e5uet,t1_c9x38yb,t1_c9x7ac3,0.3283582089552239,0.36363636363636365,-0.03527815468113976
p_2666,t3_1e5dod,t1_c9wyrgk,t1_c9wz4h9,0.3469387755102041,0.4126984126984127,-0.0657596371882086
p_2667,t3_1e4w3h,t1_c9x0hy8,t1_c9wwhb6,0.3125,0.37209302325581395,-0.05959302325581395
p_2668,t3_1e4v4u,t1_c9wtome,t1_c9ww06i,0.2857142857142857,0.2545454545454545,0.03116883116883118
p_2669,t3_1e4gla,t1_c9wpcpk,t1_c9wqjyf,0.23255813953488372,0.19696969696969696,0.035588442565186756
p_2671,t3_1e30x9,t1_c9wfnbb,t1_c9wbvj3,0.4,0.38961038961038963,0.010389610389610393
p_2673,t3_1e1yw5,t1_c9wdtql,t1_c9w0hvd,0.2,0.2727272727272727,-0.0727272727272727
p_2674,t3_1e0qz1,t1_c9vwslq,t1_c9vruwl,0.3116883116883117,0.36666666666666664,-0.05497835497835496
p_2675,t3_1e0ejy,t1_c9vl8aa,t1_c9vp3i5,0.2916666666666667,0.4117647058823529,-0.12009803921568624
p_2678,t3_1e0dd7,t1_c9vvh9i,t1_c9vmii6,0.41304347826086957,0.27586206896551724,0.13718140929535233
p_2676,t3_1e0dd7,t1_c9vn11c,t1_c9vkmsv,0.39215686274509803,0.32075471698113206,0.07140214576396597
p_2679,t3_1dzqaz,t1_c9vevvr,t1_c9ves68,0.3076923076923077,0.3,0.0076923076923077205
p_2680,t3_1dyb7o,t1_c9v8bw6,t1_c9v7j0n,0.3870967741935484,0.3333333333333333,0.05376344086021506
p_2681,t3_1dy3sl,t1_c9uym99,t1_c9uxyzk,0.39080459770114945,0.3492063492063492,0.04159824849480026
p_2683,t3_1dx9dj,t1_c9ut84g,t1_c9v8b9b,0.4827586206896552,0.40298507462686567,0.07977354606278952
p_2684,t3_1dx9dj,t1_c9uvfc4,t1_c9usq08,0.3763440860215054,0.4838709677419355,-0.10752688172043012
p_2685,t3_1duzzk,t1_c9u8l52,t1_c9u8yoe,0.175,0.21568627450980393,-0.040686274509803944
p_2688,t3_1drv8o,t1_c9twcr8,t1_c9tdt5r,0.23076923076923078,0.3389830508474576,-0.10821382007822683
p_2690,t3_1dro9y,t1_c9t93tz,t1_c9tb0nm,0.34615384615384615,0.40540540540540543,-0.05925155925155928
p_2691,t3_1dro9y,t1_c9t95ad,t1_c9tb0nm,0.3548387096774194,0.40540540540540543,-0.050566695727986055
p_2692,t3_1dro9y,t1_c9tar20,t1_c9tb0nm,0.3548387096774194,0.40540540540540543,-0.050566695727986055
p_2693,t3_1dr38j,t1_c9t4zgp,t1_c9t15sb,0.3157894736842105,0.35,-0.03421052631578947
p_2694,t3_1dr38j,t1_c9t6qfq,t1_c9t3tv5,0.3409090909090909,0.3333333333333333,0.007575757575757569
p_2696,t3_1dqocq,t1_c9sxlof,t1_c9t1per,0.14,0.19444444444444445,-0.054444444444444434
p_2698,t3_1dpa0j,t1_c9si9a1,t1_c9sjq6e,0.4,0.3673469387755102,0.0326530612244898
p_2699,t3_1dmdji,t1_c9s8tbs,t1_c9rvfop,0.2786885245901639,0.2857142857142857,-0.007025761124121788
p_2702,t3_1djzxv,t1_c9rfg9d,t1_c9r258n,0.3389830508474576,0.26229508196721313,0.07668796888024448
p_2704,t3_1dj741,t1_c9qwjmm,t1_c9qu7yd,0.5454545454545454,0.5280898876404494,0.01736465781409602
p_2706,t3_1ditdn,t1_c9r0krj,t1_c9qpsh8,0.4166666666666667,0.31746031746031744,0.09920634920634924
p_2707,t3_1dilyh,t1_c9qq93z,t1_c9qukp7,0.25925925925925924,0.2553191489361702,0.003940110323089052
p_2711,t3_1dfy2a,t1_c9pz92y,t1_c9pzk15,0.3793103448275862,0.375,0.004310344827586188
p_2713,t3_1dfnx1,t1_c9pwrti,t1_c9pydqv,0.37037037037037035,0.2972972972972973,0.07307307307307304
p_2714,t3_1deu6m,t1_c9pm9ei,t1_c9pq3i8,0.3584905660377358,0.3617021276595745,-0.0032115616218386656
p_2715,t3_1ddn6p,t1_c9r192d,t1_c9ptde6,0.3582089552238806,0.40425531914893614,-0.04604636392505557
p_2717,t3_1dbeji,t1_c9opv9e,t1_c9oplaa,0.325,0.17391304347826086,0.15108695652173915
p_2718,t3_1dahpy,t1_c9oi7rq,t1_c9ohbfe,0.4342105263157895,0.5068493150684932,-0.07263878875270369
p_2720,t3_1daaz2,t1_c9om232,t1_c9oicxr,0.18181818181818182,0.1917808219178082,-0.009962640099626385
p_2721,t3_1daa73,t1_c9of3p7,t1_c9of537,0.14893617021276595,0.14285714285714285,0.006079027355623101
p_2722,t3_1da9km,t1_c9ogr0a,t1_c9oels5,0.20408163265306123,0.23529411764705882,-0.03121248499399759
p_2723,t3_1d93tu,t1_c9o543i,t1_c9o48f1,0.35714285714285715,0.3442622950819672,0.012880562060889944
p_2724,t3_1d93tu,t1_c9o9bv4,t1_c9o5bzv,0.3522727272727273,0.3582089552238806,-0.005936227951153283
p_2725,t3_1d7g4o,t1_c9noa5m,t1_c9nwpbl,0.4772727272727273,0.5955056179775281,-0.11823289070480081
p_2728,t3_1d4oyg,t1_c9mvjvz,t1_c9n2oa9,0.32608695652173914,0.32608695652173914,0.0
p_2729,t3_1d44p3,t1_c9mq0ns,t1_c9mtvks,0.4230769230769231,0.36764705882352944,0.055429864253393635
p_2731,t3_1d44p3,t1_c9mw0w9,t1_c9mpkz3,0.4657534246575342,0.3620689655172414,0.10368445914029284
p_2732,t3_1d44p3,t1_c9n1elj,t1_c9mtvks,0.3953488372093023,0.36764705882352944,0.02770177838577287
p_2733,t3_1d44p3,t1_c9mu8cn,t1_c9mrjf5,0.45901639344262296,0.42857142857142855,0.030444964871194413
p_2734,t3_1d44p3,t1_c9msi95,t1_c9mtvks,0.40963855421686746,0.36764705882352944,0.04199149539333802
p_2738,t3_1d1i55,t1_c9mxv6l,t1_c9lzhfl,0.043478260869565216,0.037037037037037035,0.006441223832528181
p_2739,t3_1d1i55,t1_c9oegh1,t1_c9lzhfl,0.0,0.037037037037037035,-0.037037037037037035
p_2740,t3_1d0elu,t1_c9lsj8v,t1_c9lp7p0,0.4626865671641791,0.38461538461538464,0.07807118254879447
p_2741,t3_1cymw8,t1_c9l9z8j,t1_c9l7omc,0.2535211267605634,0.25,0.0035211267605633756
p_2743,t3_1cyjeb,t1_c9l6moi,t1_c9l7796,0.4383561643835616,0.4691358024691358,-0.030779638085574157
p_2748,t3_1cxteo,t1_c9l5sr6,t1_c9kz9h3,0.3103448275862069,0.2857142857142857,0.024630541871921208
p_2746,t3_1cxteo,t1_c9l0ptr,t1_c9kztp0,0.27450980392156865,0.24,0.03450980392156866
p_2747,t3_1cxteo,t1_c9kzw1u,t1_c9l5bzb,0.20512820512820512,0.2727272727272727,-0.06759906759906759
p_2749,t3_1cwsse,t1_c9kr52k,t1_c9kr5qt,0.29411764705882354,0.3235294117647059,-0.02941176470588236
p_2750,t3_1cwsse,t1_c9kqato,t1_c9ks4cr,0.288135593220339,0.37142857142857144,-0.08329297820823245
p_2751,t3_1cwsse,t1_c9kvex6,t1_c9ks4cr,0.2830188679245283,0.37142857142857144,-0.08840970350404315
p_2752,t3_1cvzbx,t1_c9km9nx,t1_c9khsqw,0.3953488372093023,0.4166666666666667,-0.02131782945736438
p_2753,t3_1ctkhw,t1_c9juokl,t1_c9jubz0,0.4146341463414634,0.3333333333333333,0.08130081300813008
p_2754,t3_1cskpb,t1_c9jkqxa,t1_c9jlje5,0.28888888888888886,0.3611111111111111,-0.07222222222222224
p_2755,t3_1crpmd,t1_c9jdeua,t1_c9jkwqp,0.23809523809523808,0.3,-0.06190476190476191
p_2756,t3_1cq2e6,t1_c9ix0cz,t1_c9ixpvx,0.12962962962962962,0.1,0.029629629629629617
p_2760,t3_1cjeto,t1_c9h2lgb,t1_c9h6sc6,0.3230769230769231,0.24074074074074073,0.08233618233618237
p_2761,t3_1chlts,t1_c9gmbnn,t1_c9gqj74,0.5851063829787234,0.30864197530864196,0.27646440767008146
p_2762,t3_1cgo5k,t1_c9gcsj9,t1_c9gc5rg,0.40540540540540543,0.38095238095238093,0.024453024453024497
p_2765,t3_1cfa2w,t1_c9fzmpv,t1_c9g116t,0.41304347826086957,0.4810126582278481,-0.06796917996697854
p_2766,t3_1cdk1m,t1_c9fscps,t1_c9fnhsl,0.43661971830985913,0.45454545454545453,-0.017925736235595402
p_2767,t3_1cc9ma,t1_c9f4mbw,t1_c9f4gvx,0.2857142857142857,0.35294117647058826,-0.06722689075630256
p_2770,t3_1cc8uk,t1_c9fbcfp,t1_c9f55x0,0.32857142857142857,0.358974358974359,-0.030402930402930406
p_2771,t3_1cbyg8,t1_c9f2fbr,t1_c9f2f7z,0.3793103448275862,0.3492063492063492,0.030103995621237
p_2772,t3_1cbyg8,t1_c9f37yw,t1_c9f2f7z,0.42168674698795183,0.3492063492063492,0.07248039778160265
p_2773,t3_1cbyg8,t1_c9f2oxn,t1_c9f2f7z,0.47692307692307695,0.3492063492063492,0.12771672771672776
p_2774,t3_1c9rnm,t1_c9efq9f,t1_c9enhzn,0.40625,0.37037037037037035,0.03587962962962965
p_2776,t3_1c9lan,t1_c9eoxbt,t1_c9edlfu,0.36065573770491804,0.3230769230769231,0.03757881462799495
p_2777,t3_1c8ym3,t1_c9e9zzx,t1_c9e9fk0,0.5274725274725275,0.46511627906976744,0.06235624840276005
p_2778,t3_1c8ym3,t1_c9e9ga5,t1_c9ea09a,0.3655913978494624,0.2839506172839506,0.08164078056551177
p_2779,t3_1c7z1a,t1_c9dyhme,t1_c9edsm6,0.3287671232876712,0.4533333333333333,-0.1245662100456621
p_2782,t3_1c5ps9,t1_c9da3im,t1_c9dg1q3,0.35384615384615387,0.4067796610169492,-0.05293350717079531
p_2783,t3_1c3mds,t1_c9cpeax,t1_c9cpssy,0.4027777777777778,0.46774193548387094,-0.06496415770609315
p_2784,t3_1c11cx,t1_c9c5trq,t1_c9c6lsq,0.3333333333333333,0.359375,-0.026041666666666685
p_2785,t3_1byb8b,t1_c9bdajc,t1_c9bdsul,0.3787878787878788,0.3,0.0787878787878788
p_2786,t3_1by7rb,t1_c9b8dbb,t1_c9ba21c,0.3125,0.3269230769230769,-0.014423076923076927
p_2787,t3_1bxkri,t1_c9b3vi9,t1_c9b4eux,0.325,0.23333333333333334,0.09166666666666667
p_2789,t3_1bxgut,t1_c9b118k,t1_c9b0bxi,0.46,0.4,0.06
p_2788,t3_1bxgut,t1_c9b3hgo,t1_c9b7q7o,0.41333333333333333,0.4807692307692308,-0.06743589743589745
p_2790,t3_1bxgut,t1_c9b7tag,t1_c9b7q7o,0.4117647058823529,0.4807692307692308,-0.06900452488687786
p_2791,t3_1bwu2v,t1_c9avcwo,t1_c9auie0,0.06451612903225806,0.02702702702702703,0.037489102005231034
p_2792,t3_1buffw,t1_c9a7bi9,t1_c9a70o8,0.3829787234042553,0.29411764705882354,0.08886107634543178
p_2793,t3_1brihl,t1_c9bfojt,t1_c99k4tp,0.3269230769230769,0.3541666666666667,-0.027243589743589758
p_2794,t3_1bp6uw,t1_c98y60i,t1_c994sb5,0.4,0.3484848484848485,0.051515151515151514
p_2795,t3_1bodtx,t1_c98jlb4,t1_c98lik7,0.3958333333333333,0.36538461538461536,0.03044871794871795
p_2796,t3_1bljky,t1_c97sfu3,t1_c97rjrx,0.30434782608695654,0.4430379746835443,-0.13869014859658774
p_2798,t3_1bkpef,t1_c97l3q7,t1_c97m0dm,0.30434782608695654,0.2127659574468085,0.09158186864014803
p_2799,t3_1bkdeq,t1_c97g05g,t1_c97ggko,0.3617021276595745,0.2857142857142857,0.07598784194528879
p_2803,t3_1bjaaz,t1_c977sxm,t1_c979i5l,0.5851063829787234,0.49411764705882355,0.09098873591989987
p_2804,t3_1bitj0,t1_c971omg,t1_c978xo7,0.30303030303030304,0.25301204819277107,0.05001825483753197
p_2805,t3_1bggat,t1_c96k0ap,t1_c96jw6l,0.42,0.3877551020408163,0.03224489795918367
p_2806,t3_1bce8x,t1_c95l5od,t1_c95l7sx,0.16071428571428573,0.24242424242424243,-0.0817099567099567
p_2807,t3_1bcaat,t1_c95jx1p,t1_c95k33e,0.26666666666666666,0.32608695652173914,-0.05942028985507247
p_2808,t3_1bc8lk,t1_c95jtsa,t1_c95k5tq,0.12643678160919541,0.17073170731707318,-0.04429492570787777
p_2809,t3_1bc7uw,t1_c95jgdf,t1_c95jk08,0.1282051282051282,0.23529411764705882,-0.10708898944193063
p_2810,t3_1b757j,t1_c947mfz,t1_c947z02,0.2962962962962963,0.36666666666666664,-0.07037037037037036
p_2811,t3_1b5h4r,t1_c93tvyq,t1_c93sauz,0.33707865168539325,0.391304347826087,-0.054225696140693724
p_2812,t3_1b532g,t1_c93p2p5,t1_c93uzd4,0.3389830508474576,0.4,-0.06101694915254241
p_2813,t3_1b4ngo,t1_c93mgx3,t1_c93juyb,0.4166666666666667,0.2948717948717949,0.1217948717948718
p_2815,t3_1ayifp,t1_c91z4wm,t1_c91y4yc,0.5087719298245614,0.5504587155963303,-0.041686785771768875
p_2817,t3_1avuk1,t1_c919bkc,t1_c918ch7,0.36764705882352944,0.30158730158730157,0.06605975723622787
p_2818,t3_1aszfk,t1_c90i0vi,t1_c90i1xg,0.3283582089552239,0.4576271186440678,-0.1292689096888439
p_2819,t3_1assos,t1_c90fnc1,t1_c90rkrt,0.22807017543859648,0.22666666666666666,0.0014035087719298234
p_2820,t3_1assos,t1_c90ewks,t1_c90rkrt,0.265625,0.22666666666666666,0.038958333333333345
p_2822,t3_1are2i,t1_c902a8w,t1_c901w5o,0.13333333333333333,0.22448979591836735,-0.09115646258503401
p_2823,t3_1are2i,t1_c9063xi,t1_c901w5o,0.21666666666666667,0.22448979591836735,-0.007823129251700672
p_2827,t3_1am01f,t1_c8yqvyz,t1_c90q7d9,0.31666666666666665,0.25,0.06666666666666665
p_2830,t3_1ajjfw,t1_c8y1lzd,t1_c8xzdi6,0.3770491803278688,0.32432432432432434,0.052724856003544485
p_2831,t3_1ajjfw,t1_c8y2o8t,t1_c8y2jox,0.3,0.26666666666666666,0.033333333333333326
p_2832,t3_1ahaci,t1_c8xhcoi,t1_c8xhwel,0.35714285714285715,0.4186046511627907,-0.06146179401993357
p_2833,t3_1ahaci,t1_c8ycdr7,t1_c8y9ehd,0.29310344827586204,0.34285714285714286,-0.049753694581280816
p_2834,t3_1adnuj,t1_c8wgwzb,t1_c8wgx6y,0.42857142857142855,0.38461538461538464,0.04395604395604391
p_2835,t3_1adnuj,t1_c8wkxho,t1_c8wgx6y,0.29850746268656714,0.38461538461538464,-0.0861079219288175
p_2836,t3_1aah63,t1_c8vkumc,t1_c8w7eb9,0.4230769230769231,0.22413793103448276,0.1989389920424403
p_2837,t3_1a823k,t1_c8uxrzz,t1_c8uxj2q,0.5869565217391305,0.5925925925925926,-0.005636070853462072
p_2838,t3_1a74or,t1_c8yb8lh,t1_c8wi3uo,0.2112676056338028,0.2553191489361702,-0.04405154330236738
p_2841,t3_1a1svv,t1_c8tcnlg,t1_c8tbh45,0.2765957446808511,0.41304347826086957,-0.1364477335800185
p_2842,t3_19x40l,t1_c8s3ojs,t1_c8sam0l,0.3230769230769231,0.2833333333333333,0.03974358974358977
p_2843,t3_19umvm,t1_c8ri6ek,t1_c8rgbi8,0.2682926829268293,0.2608695652173913,0.007423117709437987
p_2845,t3_19n9ak,t1_c8pkzma,t1_c8polhe,0.3170731707317073,0.23529411764705882,0.0817790530846485
p_2846,t3_19huby,t1_c8ojliw,t1_c8oh7z7,0.36486486486486486,0.38095238095238093,-0.016087516087516074
p_2847,t3_19e3q6,t1_c8n7zld,t1_c8n6yn4,0.3488372093023256,0.38823529411764707,-0.03939808481532148
p_2850,t3_19avin,t1_c8mdkft,t1_c8mqodh,0.29508196721311475,0.4626865671641791,-0.16760459995106436
p_2851,t3_19aahz,t1_c8m9s7p,t1_c8m98ui,0.21875,0.32142857142857145,-0.10267857142857145
p_2853,t3_1960jw,t1_c8te8em,t1_c8lq3vy,0.35714285714285715,0.3188405797101449,0.03830227743271225
p_2854,t3_18nf32,t1_c8gjif8,t1_c8glzi2,0.39655172413793105,0.3220338983050847,0.07451782583284633
p_2855,t3_18n2uc,t1_c8g7yj9,t1_c8g7vdb,0.38636363636363635,0.2777777777777778,0.10858585858585856
p_2856,t3_18n2uc,t1_c8gjaly,t1_c8hjbxc,0.2833333333333333,0.265625,0.017708333333333326
p_2857,t3_18hfbb,t1_c8euhsu,t1_c8f4pon,0.40384615384615385,0.3620689655172414,0.041777188328912473
p_2858,t3_18fnmc,t1_c8ehi0y,t1_c8fbyk9,0.15384615384615385,0.18032786885245902,-0.026481715006305168
p_2859,t3_18fnmc,t1_c8eztwo,t1_c8efsxa,0.18333333333333332,0.17142857142857143,0.01190476190476189
p_2861,t3_18dj9h,t1_c8go2f3,t1_c8du0qd,0.2727272727272727,0.3617021276595745,-0.08897485493230178
p_2862,t3_181jmd,t1_c8b2w35,t1_c8b80s2,0.5777777777777777,0.4943820224719101,0.08339575530586762
p_2864,t3_353z1x,t1_cr0txe5,t1_cr0sypq,0.2682926829268293,0.25301204819277107,0.015280634734058218
p_2865,t3_35007e,t1_cqzpsh4,t1_cr08now,0.4666666666666667,0.5,-0.033333333333333326
p_2868,t3_34uoe6,t1_cqy8iqs,t1_cqydmf0,0.32727272727272727,0.3469387755102041,-0.019666048237476808
p_2869,t3_34uhcs,t1_cqy6f3z,t1_cqy5yg6,0.2972972972972973,0.24444444444444444,0.05285285285285288
p_2871,t3_34r42c,t1_cqx9tcw,t1_cqxcheq,0.2727272727272727,0.2647058823529412,0.008021390374331527
p_2872,t3_34r42c,t1_cqx9isf,t1_cqxhmy0,0.31343283582089554,0.29850746268656714,0.014925373134328401
p_2873,t3_34qpil,t1_cqxbpip,t1_cqx6biz,0.41975308641975306,0.32786885245901637,0.0918842339607367
p_2875,t3_34nm86,t1_cqwfwqa,t1_cqwdlqs,0.3684210526315789,0.38571428571428573,-0.017293233082706805
p_2876,t3_34mjz7,t1_cqw3q36,t1_cqw297k,0.44,0.2714285714285714,0.1685714285714286
p_2877,t3_34mi2s,t1_cqw2pwr,t1_cqw1jmd,0.39655172413793105,0.3225806451612903,0.07397107897664074
p_2880,t3_34f19m,t1_cqumcdt,t1_cqu4xnk,0.2878787878787879,0.3181818181818182,-0.030303030303030276
p_2881,t3_34ew6y,t1_cqu16sw,t1_cqu66qp,0.19540229885057472,0.2875,-0.09209770114942525
p_2883,t3_34dp1h,t1_cqtp0m2,t1_cqtpbha,0.47,0.5408163265306123,-0.07081632653061232
p_2885,t3_3458ym,t1_cqrehbr,t1_cqrp6kw,0.27586206896551724,0.23076923076923078,0.045092838196286456
p_2886,t3_344wiz,t1_cqras5q,t1_cqre4xb,0.35526315789473684,0.30434782608695654,0.050915331807780295
p_2887,t3_344wiz,t1_cqrc214,t1_cqrdlm0,0.3442622950819672,0.25862068965517243,0.08564160542679478
p_2889,t3_3421jf,t1_cqqjotj,t1_cqqk365,0.3333333333333333,0.32727272727272727,0.006060606060606044
p_2890,t3_341ysq,t1_cqqjryw,t1_cqqx1kp,0.3684210526315789,0.18,0.18842105263157893
p_2891,t3_341ysq,t1_cqqk0tn,t1_cqqijqw,0.35714285714285715,0.3380281690140845,0.01911468812877265
p_2892,t3_341rgm,t1_cqr37bi,t1_cqqnhph,0.2857142857142857,0.3333333333333333,-0.047619047619047616
p_2893,t3_341qpv,t1_cqqkadf,t1_cqqj5q6,0.38571428571428573,0.3561643835616438,0.029549902152641916
p_2896,t3_340hb6,t1_cqq5pcx,t1_cqq45sd,0.421875,0.3380281690140845,0.0838468309859155
p_2897,t3_33yolt,t1_cqq8ib0,t1_cqpnhfk,0.37333333333333335,0.3625,0.010833333333333361
p_2898,t3_33y71i,t1_cqpkqw3,t1_cqphhsd,0.36507936507936506,0.45161290322580644,-0.08653353814644138
p_2899,t3_33xvlb,t1_cqpizv2,t1_cqpe1w3,0.4794520547945205,0.417910447761194,0.061541607033326506
p_2900,t3_33x4zd,t1_cqq3w8x,t1_cqph109,0.39285714285714285,0.4,-0.007142857142857173
p_2901,t3_33vwxp,t1_cqp9clo,t1_cqp3iwt,0.30434782608695654,0.3181818181818182,-0.013833992094861636
p_2902,t3_33vb7v,t1_cqop50f,t1_cqoq78g,0.417910447761194,0.39285714285714285,0.025053304904051166
p_2903,t3_33vb7v,t1_cqoqk6x,t1_cqoq78g,0.26666666666666666,0.39285714285714285,-0.1261904761904762
p_2906,t3_33t6ee,t1_cqo6dks,t1_cqocdox,0.46153846153846156,0.24528301886792453,0.21625544267053703
p_2910,t3_33qkee,t1_cqnhkzy,t1_cqnfxbg,0.21428571428571427,0.3,-0.08571428571428572
p_2911,t3_33odih,t1_cqmwrzp,t1_cqn43qi,0.3469387755102041,0.21153846153846154,0.13540031397174254
p_2912,t3_33odih,t1_cqmx2gy,t1_cqn43qi,0.32558139534883723,0.21153846153846154,0.1140429338103757
p_2914,t3_33m1d7,t1_cqmao20,t1_cqmqlk3,0.24528301886792453,0.3076923076923077,-0.06240928882438318
p_2915,t3_33ltmy,t1_cqm3qgs,t1_cqm6tlv,0.3875,0.2909090909090909,0.09659090909090912
p_2916,t3_33ltmy,t1_cqm5fmo,t1_cqmj35v,0.2542372881355932,0.4230769230769231,-0.16883963494132986
p_2917,t3_33ltmy,t1_cqma7wu,t1_cqmj35v,0.5714285714285714,0.4230769230769231,0.14835164835164832
p_2918,t3_33ltmy,t1_cqm52oz,t1_cqmjkd0,0.323943661971831,0.3898305084745763,-0.06588684650274529
p_2919,t3_33ltmy,t1_cqmees1,t1_cqmlryg,0.5396825396825397,0.4177215189873418,0.12196102069519787
p_2920,t3_33ltmy,t1_cqmhim7,t1_cqmlryg,0.45454545454545453,0.4177215189873418,0.03682393555811275
p_2921,t3_33ltmy,t1_cqme4zj,t1_cqmjkd0,0.4117647058823529,0.3898305084745763,0.021934197407776634
p_2922,t3_33ltmy,t1_cqmf5u4,t1_cqm8bcb,0.40625,0.2545454545454545,0.15170454545454548
p_2923,t3_33ltmy,t1_cqmaxor,t1_cqmj35v,0.3902439024390244,0.4230769230769231,-0.03283302063789867
p_2925,t3_33ltmy,t1_cqmgnjb,t1_cqmjkd0,0.34782608695652173,0.3898305084745763,-0.04200442151805456
p_2927,t3_33ky08,t1_cqlv92o,t1_cqm0p5u,0.29411764705882354,0.3611111111111111,-0.06699346405228757
p_2928,t3_33jriw,t1_cqlmafs,t1_cqlrxku,0.17567567567567569,0.42696629213483145,-0.25129061645915574
p_2929,t3_33jriw,t1_cqlrjh2,t1_cqlvlpo,0.2948717948717949,0.4588235294117647,-0.1639517345399698
p_2930,t3_33gagt,t1_cqknwye,t1_cqkneou,0.36363636363636365,0.4098360655737705,-0.046199701937406856
p_2935,t3_33fzqf,t1_cqkkas1,t1_cqkomla,0.41818181818181815,0.5315315315315315,-0.11334971334971339
p_2934,t3_33fzqf,t1_cqkyc6a,t1_cqkomla,0.42592592592592593,0.5315315315315315,-0.10560560560560561
p_2932,t3_33fzqf,t1_cqkmagz,t1_cql6a4m,0.2980769230769231,0.27884615384615385,0.019230769230769218
p_2933,t3_33fzqf,t1_cqksog6,t1_cql5nf4,0.42857142857142855,0.13592233009708737,0.2926490984743412
p_2936,t3_33fvr1,t1_cql32pv,t1_cqkpqqx,0.4857142857142857,0.38333333333333336,0.10238095238095235
p_2937,t3_33f4nn,t1_cqkapdq,t1_cqktzi5,0.25925925925925924,0.30612244897959184,-0.0468631897203326
p_2938,t3_33d5wv,t1_cqjs9av,t1_cqjqmmc,0.25,0.2894736842105263,-0.03947368421052633
p_2939,t3_33c9pv,t1_cqjn7rh,t1_cqji5jr,0.44,0.28169014084507044,0.15830985915492957
p_2940,t3_33b9np,t1_cqj96fh,t1_cqj9uef,0.34375,0.3333333333333333,0.010416666666666685
p_2942,t3_337yvz,t1_cqift17,t1_cqigsgq,0.40789473684210525,0.34375,0.06414473684210525
p_2943,t3_337yvz,t1_cqigbq2,t1_cqigknb,0.5064935064935064,0.4153846153846154,0.09110889110889103
p_2947,t3_335312,t1_cqhqb8z,t1_cqhmvlk,0.26732673267326734,0.3387096774193548,-0.07138294474608747
p_2948,t3_334q3e,t1_cqhpv4a,t1_cqhioox,0.3614457831325301,0.4027777777777778,-0.04133199464524767
p_2949,t3_333cqy,t1_cqh6yao,t1_cqh6bst,0.5948275862068966,0.4891304347826087,0.10569715142428787
p_2952,t3_330zv9,t1_cqgjrcd,t1_cqgm5ch,0.2926829268292683,0.5116279069767442,-0.21894498014747593
p_2953,t3_32yo7o,t1_cqghj8r,t1_cqggpsa,0.40384615384615385,0.36538461538461536,0.03846153846153849
p_2955,t3_32x792,t1_cqfgbx0,t1_cqfhboc,0.19642857142857142,0.2653061224489796,-0.06887755102040818
p_2957,t3_32x5bg,t1_cqffwwh,t1_cqfjbx4,0.4358974358974359,0.375,0.0608974358974359
p_2959,t3_32w62j,t1_cqf8h6r,t1_cqf8ttp,0.4,0.2807017543859649,0.11929824561403513
p_2960,t3_32tuwr,t1_cqekvu6,t1_cqev05z,0.45,0.3939393939393939,0.05606060606060609
p_2961,t3_32rqew,t1_cqe1or9,t1_cqedg0y,0.5277777777777778,0.4788732394366197,0.0489045383411581
p_2962,t3_32qem9,t1_cqdngsq,t1_cqdmrey,0.3787878787878788,0.31666666666666665,0.06212121212121213
p_2963,t3_32nvz9,t1_cqd3dgw,t1_cqdlwp9,0.36619718309859156,0.40350877192982454,-0.03731158883123298
p_2964,t3_32mxxb,t1_cqcq0fj,t1_cqcpdn2,0.47761194029850745,0.4864864864864865,-0.00887454618797906
p_2966,t3_32ml8o,t1_cqcp8hx,t1_cqcmdxj,0.40540540540540543,0.4166666666666667,-0.011261261261261257
p_2967,t3_32ml8o,t1_cqcmvme,t1_cqcmdxj,0.4090909090909091,0.4166666666666667,-0.007575757575757569
p_2969,t3_32kaxa,t1_cqc1ps3,t1_cqbztib,0.35294117647058826,0.35,0.0029411764705882804
p_2970,t3_32jy1s,t1_cqc7xo9,t1_cqc76t8,0.5656565656565656,0.4326923076923077,0.13296425796425793
p_2972,t3_32jy1s,t1_cqc312r,t1_cqc2knn,0.3373493975903614,0.23376623376623376,0.10358316382412766
p_2973,t3_32hrcu,t1_cqbf680,t1_cqc157c,0.34146341463414637,0.34328358208955223,-0.0018201674554058633
p_2974,t3_32hrcu,t1_cqbuas1,t1_cqberet,0.3793103448275862,0.45454545454545453,-0.07523510971786834
p_2975,t3_32hhvc,t1_cqb981l,t1_cqb97nw,0.35714285714285715,0.4845360824742268,-0.12739322533136965
p_2977,t3_32heuy,t1_cqbcbkl,t1_cqb8b3a,0.23880597014925373,0.3088235294117647,-0.07001755926251099
p_2978,t3_32e9dz,t1_cqag1ei,t1_cqaeq9p,0.2542372881355932,0.27692307692307694,-0.02268578878748373
p_2979,t3_32dzr6,t1_cqabzcm,t1_cqavot8,0.3225806451612903,0.3695652173913043,-0.04698457223001401
p_2980,t3_32dzr6,t1_cqabzdy,t1_cqavot8,0.4166666666666667,0.3695652173913043,0.04710144927536236
p_2981,t3_32cuug,t1_cqa2kcg,t1_cqamp4r,0.5353535353535354,0.4375,0.09785353535353536
p_2985,t3_32br6b,t1_cq9r1xc,t1_cq9xojx,0.45054945054945056,0.5822784810126582,-0.13172903046320766
p_2987,t3_3295fa,t1_cq95v66,t1_cq97eov,0.08602150537634409,0.078125,0.007896505376344093
p_2989,t3_328mdv,t1_cq8wilr,t1_cq8wllc,0.34375,0.29411764705882354,0.04963235294117646
p_2990,t3_328mdv,t1_cq90btb,t1_cq8xsei,0.4,0.40625,-0.006249999999999978
p_2991,t3_328mdv,t1_cq924w9,t1_cq8wmf8,0.3382352941176471,0.2647058823529412,0.0735294117647059
p_2992,t3_328mdv,t1_cq962cf,t1_cq909zj,0.29508196721311475,0.3076923076923077,-0.01261034047919296
p_2993,t3_328cqj,t1_cq8twul,t1_cq8u7k8,0.4393939393939394,0.423728813559322,0.015665125834617377
p_2994,t3_328cqj,t1_cq8u123,t1_cq8vtom,0.4067796610169492,0.28,0.12677966101694915
p_2995,t3_328cqj,t1_cq8urjg,t1_cq8uwgb,0.4583333333333333,0.3018867924528302,0.15644654088050314
p_2996,t3_325owi,t1_cq85rgn,t1_cq85o61,0.25609756097560976,0.2988505747126437,-0.04275301373703394
p_2997,t3_324yj6,t1_cq7zfq6,t1_cq8dhwu,0.5070422535211268,0.5846153846153846,-0.0775731310942579
p_2998,t3_3247v7,t1_cq81v9f,t1_cq7q1h2,0.5486725663716814,0.5,0.04867256637168138
p_2999,t3_3247v7,t1_cq7rkyr,t1_cq7q1h2,0.35365853658536583,0.5,-0.14634146341463417
p_3001,t3_321v5o,t1_cq7b3vb,t1_cq75mj1,0.4155844155844156,0.3709677419354839,0.04461667364893174
p_3004,t3_320ncw,t1_cq6vyp0,t1_cq6qa48,0.3875,0.23684210526315788,0.15065789473684213
p_3005,t3_320ncw,t1_cq6qbjc,t1_cq7attb,0.3611111111111111,0.4,-0.03888888888888892
p_3006,t3_320cdd,t1_cq6n5nk,t1_cq6tjhk,0.26666666666666666,0.3888888888888889,-0.12222222222222223
p_3007,t3_320ag4,t1_cq6qvbi,t1_cq73ikh,0.375,0.40425531914893614,-0.029255319148936143
p_3008,t3_31z0jc,t1_cq6cink,t1_cq6dcu3,0.3709677419354839,0.26,0.11096774193548387
p_3009,t3_31z0jc,t1_cq6elfk,t1_cq6fijn,0.4393939393939394,0.37142857142857144,0.06796536796536795
p_3010,t3_31y24o,t1_cq6353c,t1_cq69x2n,0.3064516129032258,0.26153846153846155,0.04491315136476426
p_3013,t3_31tru7,t1_cq4z6e3,t1_cq4ypy8,0.31746031746031744,0.31343283582089554,0.004027481639421904
p_3015,t3_31pc9q,t1_cq3qpv3,t1_cq3pcmq,0.4305555555555556,0.2857142857142857,0.14484126984126988
p_3016,t3_31p2g2,t1_cq3sydv,t1_cq3oxs7,0.46,0.3235294117647059,0.13647058823529412
p_3017,t3_31p0pl,t1_cq3n1ay,t1_cq3nys0,0.4576271186440678,0.46551724137931033,-0.007890122735242533
p_3020,t3_31oejp,t1_cq3gtyk,t1_cq3t550,0.3559322033898305,0.3541666666666667,0.0017655367231638186
p_3021,t3_31oejp,t1_cq462r7,t1_cq3zns0,0.37254901960784315,0.358974358974359,0.01357466063348417
p_3022,t3_31ocvw,t1_cq3fcas,t1_cq3hias,0.23809523809523808,0.2857142857142857,-0.047619047619047616
p_3024,t3_31n763,t1_cq339uk,t1_cq33n1j,0.27906976744186046,0.32075471698113206,-0.0416849495392716
p_3026,t3_31m7ag,t1_cq2w03g,t1_cq2v22k,0.32727272727272727,0.42105263157894735,-0.09377990430622007
p_3027,t3_31kfkt,t1_cq2ethi,t1_cq38ca1,0.38235294117647056,0.24050632911392406,0.1418466120625465
p_3028,t3_31kfkt,t1_cq2m1cu,t1_cq2q8ub,0.4444444444444444,0.4583333333333333,-0.013888888888888895
p_3029,t3_31kfkt,t1_cq2iwml,t1_cq2xd07,0.27631578947368424,0.29850746268656714,-0.0221916732128829
p_3031,t3_31j4y8,t1_cq2dy2t,t1_cq2seqm,0.36923076923076925,0.39344262295081966,-0.024211853720050414
p_3032,t3_31iyzr,t1_cq20phi,t1_cq241hx,0.5555555555555556,0.0,0.5555555555555556
p_3033,t3_31iyzr,t1_cq2hqkc,t1_cq2ggm1,0.5263157894736842,0.5324675324675324,-0.0061517429938482415
p_3034,t3_31extq,t1_cq0xwpm,t1_cq0zj18,0.36363636363636365,0.4,-0.036363636363636376
p_3036,t3_319lcf,t1_cpzoe1h,t1_cpzou3x,0.3333333333333333,0.38571428571428573,-0.05238095238095242
p_3038,t3_317c4q,t1_cpz4dkk,t1_cq08xc2,0.34177215189873417,0.3076923076923077,0.03407984420642646
p_3039,t3_316t8m,t1_cpz81dp,t1_cpz1tm8,0.417910447761194,0.4339622641509434,-0.016051816389749396
p_3043,t3_30zgez,t1_cpx91x7,t1_cpx8d30,0.38235294117647056,0.4305555555555556,-0.04820261437908502
p_3046,t3_30uf3s,t1_cpvyas0,t1_cpvxc6j,0.3880597014925373,0.24,0.14805970149253733
p_3047,t3_30rmk0,t1_cpv7mht,t1_cpv6fnx,0.42105263157894735,0.2,0.22105263157894733
p_3048,t3_30rk8b,t1_cpv5sfc,t1_cpvae5t,0.4864864864864865,0.36363636363636365,0.12285012285012287
p_3051,t3_30plxu,t1_cpumi9h,t1_cpv3rnn,0.3472222222222222,0.425531914893617,-0.07830969267139481
p_3052,t3_30plxu,t1_cpusr84,t1_cpvc5cu,0.4,0.23255813953488372,0.1674418604651163
p_3053,t3_30piom,t1_cpuvrbx,t1_cpuk6e9,0.373134328358209,0.32727272727272727,0.04586160108548171
p_3054,t3_30piom,t1_cpukcf7,t1_cpuk6e9,0.4,0.32727272727272727,0.07272727272727275
p_3055,t3_30oi71,t1_cpudcxf,t1_cpuhqza,0.2956521739130435,0.2920353982300885,0.003616775682954987
p_3056,t3_30oi71,t1_cpudthh,t1_cpuin82,0.5655737704918032,0.5,0.06557377049180324
p_3057,t3_30oi71,t1_cpufpbf,t1_cpuh9jr,0.4745762711864407,0.33620689655172414,0.13836937463471655
p_3058,t3_30oi71,t1_cpumucv,t1_cpubj6z,0.26956521739130435,0.25663716814159293,0.012928049249711415
p_3059,t3_30nwta,t1_cpu5jus,t1_cpufh76,0.2857142857142857,0.2982456140350877,-0.012531328320802004
p_3060,t3_30lwfn,t1_cptlz3s,t1_cpu097g,0.33962264150943394,0.34,-0.00037735849056608206
p_3061,t3_30kxn3,t1_cptgjwa,t1_cptkn0r,0.3764705882352941,0.22666666666666666,0.14980392156862746
p_3062,t3_30kxn3,t1_cpud2ds,t1_cpuj9yz,0.5454545454545454,0.3375,0.2079545454545454
p_3064,t3_30ikr2,t1_cpssgy6,t1_cpstqu7,0.4868421052631579,0.4625,0.024342105263157887
p_3066,t3_30ijtn,t1_cpsuz6r,t1_cptjxj0,0.32727272727272727,0.26,0.06727272727272726
p_3067,t3_30ijtn,t1_cpsvg1e,t1_cpt2lkh,0.4146341463414634,0.3333333333333333,0.08130081300813008
p_3069,t3_30ieon,t1_cpspikm,t1_cpspmsa,0.2608695652173913,0.34285714285714286,-0.08198757763975156
p_3070,t3_30ieon,t1_cpsqhcv,t1_cpsr9x0,0.3409090909090909,0.23684210526315788,0.104066985645933
p_3071,t3_30ieon,t1_cpsq3bq,t1_cpsptk3,0.44680851063829785,0.3548387096774194,0.09196980096087848
p_3072,t3_30ieon,t1_cpssq8c,t1_cpsr9x0,0.4117647058823529,0.23684210526315788,0.17492260061919504
p_3073,t3_30ieh0,t1_cpss8ht,t1_cpsq8hn,0.23076923076923078,0.3469387755102041,-0.1161695447409733
p_3074,t3_30dwuy,t1_cprwysn,t1_cprwrn8,0.4946236559139785,0.3978494623655914,0.09677419354838712
p_3075,t3_30dwuy,t1_cprim4b,t1_cpris3v,0.34285714285714286,0.32051282051282054,0.02234432234432232
p_3076,t3_30dwuy,t1_cps4x4a,t1_cprittq,0.39436619718309857,0.2638888888888889,0.13047730829420967
p_3077,t3_30dn4s,t1_cpri1a1,t1_cprghef,0.3442622950819672,0.5238095238095238,-0.17954722872755663
p_3078,t3_30dc3y,t1_cpreini,t1_cprdlqm,0.41935483870967744,0.3673469387755102,0.05200789993416721
p_3079,t3_30dc3y,t1_cprho0c,t1_cprczq0,0.4117647058823529,0.375,0.03676470588235292
p_3080,t3_30bmbr,t1_cpqwrqy,t1_cpqwt64,0.4418604651162791,0.3953488372093023,0.04651162790697677
p_3081,t3_30bmbr,t1_cpqx53s,t1_cpsdnqv,0.2765957446808511,0.2903225806451613,-0.013726835964310236
p_3082,t3_30bmbr,t1_cpr9rhs,t1_cpr0he2,0.41304347826086957,0.32075471698113206,0.09228876127973751
p_3083,t3_30bmbr,t1_cprfcjr,t1_cpr0he2,0.2826086956521739,0.32075471698113206,-0.03814602132895817
p_3084,t3_30bmbr,t1_cpqx6q7,t1_cpr0he2,0.3023255813953488,0.32075471698113206,-0.01842913558578324
p_3085,t3_30bmbr,t1_cpqxz84,t1_cpr0he2,0.3023255813953488,0.32075471698113206,-0.01842913558578324
p_3086,t3_30bmbr,t1_cpqwxxi,t1_cpr0he2,0.26666666666666666,0.32075471698113206,-0.0540880503144654
p_3087,t3_30addl,t1_cpqlm0n,t1_cpqmxt8,0.32727272727272727,0.2830188679245283,0.044253859348198976
p_3088,t3_30abxj,t1_cpql1jr,t1_cpqkw2q,0.4426229508196721,0.3442622950819672,0.09836065573770492
p_3089,t3_30a5zk,t1_cpqjney,t1_cpqkg7f,0.5116279069767442,0.5256410256410257,-0.014013118664281454
p_3090,t3_309gc1,t1_cpr1ni1,t1_cpqcrp3,0.25,0.3508771929824561,-0.10087719298245612
p_3091,t3_309bvo,t1_cpqqtlm,t1_cpqbaln,0.39080459770114945,0.5319148936170213,-0.14111029591587182
p_3093,t3_306owt,t1_cppof4n,t1_cpq6ae3,0.3918918918918919,0.3088235294117647,0.08306836248012717
p_3094,t3_306o9o,t1_cpq1gb9,t1_cpqt20q,0.36363636363636365,0.4117647058823529,-0.048128342245989275
p_3095,t3_306jm9,t1_cppkm2t,t1_cppkw7s,0.3333333333333333,0.3698630136986301,-0.0365296803652968
p_3096,t3_306b19,t1_cppjkxe,t1_cppv03t,0.4461538461538462,0.46835443037974683,-0.022200584225900655
p_3097,t3_306b19,t1_cppt43v,t1_cppiyoy,0.2777777777777778,0.3333333333333333,-0.055555555555555525
p_3098,t3_305ejo,t1_cppptb8,t1_cppbmsd,0.45348837209302323,0.32967032967032966,0.12381804242269356
p_3099,t3_304vk8,t1_cpp4467,t1_cpp4mqn,0.4084507042253521,0.6923076923076923,-0.28385698808234017
p_3100,t3_304vk8,t1_cpp57rx,t1_cpp6nth,0.4594594594594595,0.45454545454545453,0.004914004914004955
p_3102,t3_304vk8,t1_cpp5fv2,t1_cppe5uc,0.4444444444444444,0.3220338983050847,0.1224105461393597
p_3104,t3_304nx9,t1_cpp3be4,t1_cppcie7,0.36923076923076925,0.463768115942029,-0.09453734671125974
p_3105,t3_302atl,t1_cponldu,t1_cpogvf1,0.5066666666666667,0.4406779661016949,0.0659887005649718
p_3106,t3_302atl,t1_cpom4hm,t1_cpoj5rs,0.45161290322580644,0.3770491803278688,0.07456372289793761
p_3107,t3_301n6h,t1_cpolqex,t1_cpoikva,0.47959183673469385,0.5384615384615384,-0.05886970172684458
p_3108,t3_301aim,t1_cpo9ccq,t1_cpoaljq,0.4,0.27906976744186046,0.12093023255813956
p_3109,t3_300pmw,t1_cpo5gbr,t1_cpo0aso,0.5465116279069767,0.4,0.1465116279069767
p_3110,t3_30059g,t1_cpo18q6,t1_cpo1wjy,0.4189189189189189,0.3620689655172414,0.05684995340167753
p_3111,t3_30059g,t1_cpo9jne,t1_cppa1ar,0.4418604651162791,0.45,-0.008139534883720934
p_3113,t3_3002wd,t1_cpnx795,t1_cpo9jc4,0.410958904109589,0.32,0.09095890410958901
p_3115,t3_2zxa1c,t1_cpn5f5x,t1_cpn5ksl,0.4225352112676056,0.4626865671641791,-0.04015135589657348
p_3117,t3_2zwjql,t1_cpmyqyw,t1_cpmyrsa,0.4166666666666667,0.4,0.016666666666666663
p_3118,t3_2zpo9g,t1_cpl6qj2,t1_cplbwrd,0.2948717948717949,0.36923076923076925,-0.07435897435897437
p_3122,t3_2zpo9g,t1_cpl8ybn,t1_cpl4rwr,0.1935483870967742,0.42105263157894735,-0.22750424448217316
p_3123,t3_2zpo9g,t1_cplrjw9,t1_cpl4rwr,0.41025641025641024,0.42105263157894735,-0.010796221322537103
p_3119,t3_2zpo9g,t1_cpl854i,t1_cpl7tlw,0.3625,0.328125,0.03437499999999999
p_3121,t3_2zpo9g,t1_cpl8iis,t1_cplq1xf,0.5121951219512195,0.47692307692307695,0.035272045028142573
p_3124,t3_2zp1g2,t1_cpkyv4o,t1_cpl0p62,0.3181818181818182,0.35714285714285715,-0.038961038961038974
p_3125,t3_2zow2m,t1_cpl22pp,t1_cpkxsis,0.5092592592592593,0.4673913043478261,0.04186795491143319
p_3126,t3_2znn1r,t1_cpkp3j2,t1_cpkoqed,0.5957446808510638,0.4,0.19574468085106378
p_3127,t3_2zlzlv,t1_cpk8hwi,t1_cpk6a3p,0.41379310344827586,0.42045454545454547,-0.006661442006269613
p_3128,t3_2zlzlv,t1_cpk93ep,t1_cpk6a3p,0.5922330097087378,0.42045454545454547,0.17177846425419235
p_3129,t3_2zkscb,t1_cpjt71i,t1_cpjth0r,0.3333333333333333,0.35185185185185186,-0.018518518518518545
p_3130,t3_2zke3b,t1_cpjq913,t1_cpktfa4,0.35,0.3333333333333333,0.016666666666666663
p_3131,t3_2zj7ra,t1_cpjeo7s,t1_cpjezx4,0.3709677419354839,0.36065573770491804,0.01031200423056583
p_3132,t3_2zivuy,t1_cpjd5bs,t1_cpjkvlu,0.1794871794871795,0.17777777777777778,0.0017094017094017033
p_3135,t3_2ziiud,t1_cpjgxr8,t1_cpjahut,0.47560975609756095,0.4189189189189189,0.05669083717864204
p_3138,t3_2zi3o2,t1_cpj9uww,t1_cpj94l8,0.55,0.6129032258064516,-0.06290322580645158
p_3139,t3_2zhhcc,t1_cpixs4l,t1_cpiyfa2,0.3888888888888889,0.36363636363636365,0.02525252525252525
p_3141,t3_2zhhcc,t1_cpj0ejq,t1_cpiyco1,0.3684210526315789,0.42105263157894735,-0.05263157894736842
p_3140,t3_2zhhcc,t1_cpizz9m,t1_cpiyxlc,0.4230769230769231,0.4883720930232558,-0.06529516994633272
p_3143,t3_2zhaim,t1_cpix9ia,t1_cpivskg,0.391304347826087,0.5373134328358209,-0.14600908500973392
p_3144,t3_2zgvgy,t1_cpissdd,t1_cpirsph,0.35294117647058826,0.34285714285714286,0.010084033613445398
p_3145,t3_2zgowg,t1_cpiuav4,t1_cpiq1oq,0.34545454545454546,0.28888888888888886,0.0565656565656566
p_3146,t3_2zgndx,t1_cpiqn17,t1_cpj5r70,0.3728813559322034,0.32,0.05288135593220339
p_3149,t3_2zgan1,t1_cpiqsg0,t1_cpimxfr,0.4574468085106383,0.33695652173913043,0.12049028677150786
p_3150,t3_2zflih,t1_cpih4fg,t1_cpih5fr,0.3333333333333333,0.25,0.08333333333333331
p_3152,t3_2zejsa,t1_cpi6gay,t1_cpi6o6i,0.2549019607843137,0.375,-0.12009803921568629
p_3154,t3_2zdsjs,t1_cpidnuu,t1_cphz7yi,0.28125,0.3333333333333333,-0.052083333333333315
p_3155,t3_2zdsjs,t1_cpiftnl,t1_cpi0g46,0.4125,0.4142857142857143,-0.0017857142857143349
p_3156,t3_2zdhff,t1_cphy235,t1_cphw99k,0.25925925925925924,0.21621621621621623,0.04304304304304302
p_3158,t3_2zaqct,t1_cph7lsp,t1_cph6x3y,0.375,0.3125,0.0625
p_3160,t3_2z2msj,t1_cpfd4uy,t1_cpf7g2a,0.42045454545454547,0.5463917525773195,-0.12593720712277406
p_3161,t3_2z2e9y,t1_cpf2whk,t1_cpf8cro,0.3728813559322034,0.3333333333333333,0.03954802259887008
p_3162,t3_2z1yoq,t1_cpezn48,t1_cpezlhg,0.23809523809523808,0.2857142857142857,-0.047619047619047616
p_3163,t3_2z1yoq,t1_cpf0qg3,t1_cpezlhg,0.3018867924528302,0.2857142857142857,0.01617250673854448
p_3164,t3_2z0k1s,t1_cpeslkw,t1_cpeslxz,0.4146341463414634,0.31746031746031744,0.09717382888114595
p_3167,t3_2ywkr1,t1_cpdxs52,t1_cpdmm80,0.6075949367088608,0.23529411764705882,0.37230081906180196
p_3168,t3_2ytkfu,t1_cpcu8rh,t1_cpd1eku,0.2682926829268293,0.23809523809523808,0.030197444831591203
p_3169,t3_2ytkfu,t1_cpctmwq,t1_cpcxopb,0.25,0.3333333333333333,-0.08333333333333331
p_3170,t3_2yszp3,t1_cpcsn2z,t1_cpcuf7e,0.2857142857142857,0.28125,0.004464285714285698
p_3171,t3_2yrv0y,t1_cpcgnrg,t1_cpced64,0.4368932038834951,0.5274725274725275,-0.09057932358903237
p_3172,t3_2yrv0y,t1_cpcjpjf,t1_cpced64,0.5,0.5274725274725275,-0.027472527472527486
p_3174,t3_2yrv0y,t1_cpclzng,t1_cpced64,0.44,0.5274725274725275,-0.08747252747252748
p_3173,t3_2yrv0y,t1_cpcjvrd,t1_cpcgmdh,0.5064935064935064,0.3225806451612903,0.18391286133221613
p_3175,t3_2yrog1,t1_cpcgl5a,t1_cpch611,0.4,0.23333333333333334,0.16666666666666669
p_3177,t3_2yrgi3,t1_cpcaxrs,t1_cpcbda3,0.32098765432098764,0.5393258426966292,-0.21833818837564156
p_3178,t3_2yp08w,t1_cpblyoq,t1_cpbm3vx,0.3,0.38181818181818183,-0.08181818181818185
p_3179,t3_2yowak,t1_cpbktny,t1_cpbk5kw,0.3684210526315789,0.17307692307692307,0.19534412955465585
p_3181,t3_2yo9nm,t1_cpbgpkf,t1_cpbjpt4,0.5694444444444444,0.5,0.06944444444444442
p_3182,t3_2yo9k1,t1_cpbhs8l,t1_cpberxa,0.40476190476190477,0.39655172413793105,0.008210180623973717
p_3184,t3_2ymgjr,t1_cpax7jo,t1_cpax3xp,0.3854166666666667,0.2857142857142857,0.09970238095238099
p_3186,t3_2ylpc2,t1_cparq20,t1_cpbnfyg,0.417910447761194,0.3157894736842105,0.1021209740769835
p_3187,t3_2ylpc2,t1_cpb3atq,t1_cpb6ctl,0.3620689655172414,0.4444444444444444,-0.08237547892720304
p_3188,t3_2ylpc2,t1_cpbibr5,t1_cpas8xx,0.375,0.4339622641509434,-0.05896226415094341
p_3190,t3_2yjfmh,t1_cpa36dq,t1_cpa3an8,0.2903225806451613,0.2926829268292683,-0.002360346184106965
p_3191,t3_2yiq39,t1_cpa9xce,t1_cpa631o,0.36363636363636365,0.3695652173913043,-0.005928853754940677
p_3192,t3_2yf7qq,t1_cp99lvc,t1_cp93f2r,0.3956043956043956,0.4727272727272727,-0.07712287712287713
p_3193,t3_2yd5o8,t1_cp8vpwz,t1_cp958ck,0.31958762886597936,0.4444444444444444,-0.12485681557846506
p_3195,t3_2ybbix,t1_cp82nwy,t1_cp82f52,0.44155844155844154,0.3125,0.12905844155844154
p_3197,t3_2y7emy,t1_cp7dtp8,t1_cp6zfsl,0.3333333333333333,0.38461538461538464,-0.05128205128205132
p_3198,t3_2y3ey0,t1_cp602x0,t1_cp5xnrf,0.3770491803278688,0.37037037037037035,0.006678809957498477
p_3200,t3_2y2x3h,t1_cp7ahf4,t1_cp5u0ky,0.3373493975903614,0.5764705882352941,-0.23912119064493265
p_3202,t3_2y1qef,t1_cp5gz36,t1_cp5f7p9,0.45588235294117646,0.4166666666666667,0.039215686274509776
p_3203,t3_2y1qef,t1_cp5grqp,t1_cp5h19u,0.45588235294117646,0.37681159420289856,0.0790707587382779
p_3206,t3_2xucsd,t1_cp3kg1w,t1_cp40o0d,0.4117647058823529,0.32608695652173914,0.08567774936061379
p_3209,t3_2xrgw2,t1_cp37nug,t1_cp2vkvv,0.39655172413793105,0.34782608695652173,0.04872563718140932
p_3210,t3_2xrgw2,t1_cp37f33,t1_cp2xn1u,0.3728813559322034,0.359375,0.013506355932203395
p_3213,t3_2xmiyf,t1_cp1j8w5,t1_cp1iumq,0.5079365079365079,0.3611111111111111,0.1468253968253968
p_3214,t3_2xmiyf,t1_cp1jnin,t1_cp1g0ku,0.3103448275862069,0.43478260869565216,-0.12443778110944526
p_3215,t3_2xlisq,t1_cp1abkg,t1_cp1754z,0.3137254901960784,0.4126984126984127,-0.09897292250233425
p_3216,t3_2xl4rw,t1_cp15lwr,t1_cp11sf7,0.33783783783783783,0.29411764705882354,0.04372019077901429
p_3218,t3_2xi4wd,t1_cp0ef5z,t1_cp0slmn,0.37681159420289856,0.2857142857142857,0.09109730848861286
p_3219,t3_2xi4wd,t1_cp0fl3c,t1_cp0bc52,0.4307692307692308,0.38461538461538464,0.046153846153846156
p_3220,t3_2xi4wd,t1_cp0t5wj,t1_cp0kyaf,0.29508196721311475,0.4175824175824176,-0.12250045036930285
p_3222,t3_2xhx6v,t1_cp0bt5j,t1_cp08ljs,0.375,0.4166666666666667,-0.041666666666666685
p_3224,t3_2xdq2l,t1_coz8sbl,t1_coz76r3,0.4852941176470588,0.30158730158730157,0.18370681605975725
p_3230,t3_2x8z4g,t1_coxy4hg,t1_coxyxff,0.34146341463414637,0.43103448275862066,-0.0895710681244743
p_3231,t3_2x8z4g,t1_coy04h5,t1_coy2j1k,0.2608695652173913,0.38,-0.11913043478260871
p_3232,t3_2x8d5x,t1_coxvk7s,t1_coxt9pp,0.2549019607843137,0.21951219512195122,0.03538976566236249
p_3233,t3_2x854p,t1_coxwtm2,t1_coy1knj,0.3829787234042553,0.43037974683544306,-0.04740102343118774
p_3234,t3_2x854p,t1_coxtndh,t1_coy1knj,0.3888888888888889,0.43037974683544306,-0.04149085794655416
p_3235,t3_2x5tun,t1_coxelmy,t1_coxhqfc,0.47540983606557374,0.6571428571428571,-0.1817330210772834
p_3241,t3_2x3mqe,t1_cown511,t1_cox3bqe,0.36231884057971014,0.2777777777777778,0.08454106280193235
p_3244,t3_2wzag2,t1_covh1ws,t1_covh7lg,0.453125,0.3064516129032258,0.1466733870967742
p_3245,t3_2wwm6s,t1_cousnad,t1_couzrzu,0.25,0.25,0.0
p_3246,t3_2wwm6s,t1_cov25ri,t1_couwhek,0.23076923076923078,0.2826086956521739,-0.05183946488294311
p_3247,t3_2wwm6s,t1_covr47l,t1_covi6v6,0.2289156626506024,0.1951219512195122,0.033793711431090195
p_3248,t3_2ww2gf,t1_coumecu,t1_coupssh,0.34375,0.4307692307692308,-0.0870192307692308
p_3249,t3_2ww2gf,t1_coumzr3,t1_coun5bz,0.2647058823529412,0.2903225806451613,-0.02561669829222013
p_3250,t3_2ww2gf,t1_coupfz0,t1_counjd7,0.36764705882352944,0.2777777777777778,0.08986928104575165
p_3252,t3_2wtckq,t1_cotyhdv,t1_cotxl7k,0.3877551020408163,0.4117647058823529,-0.02400960384153661
p_3253,t3_2wtckq,t1_coty9wt,t1_cotxl7k,0.3220338983050847,0.4117647058823529,-0.0897308075772682
p_3251,t3_2wtckq,t1_coty7wj,t1_cotxl7k,0.39622641509433965,0.4117647058823529,-0.015538290788013276
p_3256,t3_2wspy2,t1_cots6nh,t1_cotul63,0.45569620253164556,0.30158730158730157,0.15410890094434399
p_3257,t3_2wspy2,t1_cotrm84,t1_cou6ocd,0.45588235294117646,0.2698412698412698,0.18604108309990663
p_3258,t3_2wspy2,t1_cotslxs,t1_cotul63,0.44155844155844154,0.30158730158730157,0.13997113997113997
p_3259,t3_2wspy2,t1_cou8if8,t1_cottxbc,0.4117647058823529,0.390625,0.02113970588235292
p_3262,t3_2wl741,t1_cos0ngi,t1_corvz2b,0.3230769230769231,0.2564102564102564,0.06666666666666671
p_3263,t3_2wj2qe,t1_corgf7j,t1_corcu44,0.36486486486486486,0.390625,-0.025760135135135143
p_3265,t3_2wgq7w,t1_coqolb4,t1_coqta6c,0.36923076923076925,0.3235294117647059,0.04570135746606335
p_3266,t3_2wfe25,t1_coqawpy,t1_coqc7s9,0.3493975903614458,0.32857142857142857,0.020826161790017228
p_3267,t3_2wf11t,t1_coq7vrq,t1_coq82am,0.34,0.375,-0.034999999999999976
p_3268,t3_2wf11t,t1_corlylz,t1_coq82am,0.30952380952380953,0.375,-0.06547619047619047
p_3270,t3_2wcx6l,t1_copog5z,t1_copo9fg,0.2717391304347826,0.2608695652173913,0.010869565217391297
p_3271,t3_2wcx6l,t1_copowc4,t1_copoa4v,0.4479166666666667,0.5164835164835165,-0.06856684981684985
p_3272,t3_2wcx6l,t1_copq0ro,t1_copo9fg,0.47368421052631576,0.2608695652173913,0.21281464530892447
p_3273,t3_2wc5yt,t1_copid03,t1_copia1s,0.45652173913043476,0.35135135135135137,0.10517038777908339
p_3274,t3_2wb845,t1_copm7s7,t1_copoz9h,0.2608695652173913,0.4444444444444444,-0.18357487922705312
p_3275,t3_2w73vi,t1_coo9czm,t1_coo5eto,0.2727272727272727,0.25,0.022727272727272707
p_3276,t3_2w5ycw,t1_conwntb,t1_coo1wjv,0.421875,0.3333333333333333,0.08854166666666669
p_3279,t3_2w51ti,t1_conqpc0,t1_conu1n5,0.44871794871794873,0.4225352112676056,0.026182737450343108
p_3282,t3_2w4u2j,t1_conpvd6,t1_coo2owl,0.2619047619047619,0.3333333333333333,-0.0714285714285714
p_3283,t3_2w4etw,t1_conlvbr,t1_conk598,0.32786885245901637,0.36619718309859156,-0.03832833063957519
p_3284,t3_2w4e2u,t1_conpgz6,t1_conybza,0.43037974683544306,0.484375,-0.053995253164556944
p_3285,t3_2w0xan,t1_comot8c,t1_comm43e,0.2653061224489796,0.4107142857142857,-0.1454081632653061
p_3287,t3_2vzx7m,t1_comdev9,t1_comd7eb,0.5308641975308642,0.43243243243243246,0.09843176509843177
p_3288,t3_2vxtol,t1_colviyq,t1_com0vy0,0.3275862068965517,0.3333333333333333,-0.005747126436781602
p_3289,t3_2vxd18,t1_com8usv,t1_colq917,0.45714285714285713,0.32142857142857145,0.13571428571428568
p_3290,t3_2vxd18,t1_colwsdb,t1_colrkuv,0.42424242424242425,0.4909090909090909,-0.06666666666666665
p_3291,t3_2vwn9m,t1_colkgfu,t1_coljf0b,0.3380281690140845,0.34782608695652173,-0.009797917942437229
p_3295,t3_2vtswv,t1_cokxnxq,t1_cokvvwj,0.2857142857142857,0.16279069767441862,0.12292358803986708
p_3299,t3_2vnyz6,t1_cojodl0,t1_cojlnsv,0.45161290322580644,0.4375,0.014112903225806439
p_3300,t3_2vmfvq,t1_coj80q1,t1_coj81nh,0.21621621621621623,0.4186046511627907,-0.2023884349465745
p_3301,t3_2vks7u,t1_coilce0,t1_coijwtu,0.2777777777777778,0.3269230769230769,-0.04914529914529914
p_3303,t3_2vks7u,t1_coitx3o,t1_coin5gm,0.4426229508196721,0.40350877192982454,0.039114178889847584
p_3304,t3_2vks7u,t1_cojb022,t1_coiskjc,0.5925925925925926,0.38636363636363635,0.2062289562289562
p_3305,t3_2vhhar,t1_cohoh2a,t1_cohtbiq,0.4125,0.4444444444444444,-0.03194444444444444
p_3307,t3_2vhgab,t1_cohtk17,t1_cohodzj,0.36923076923076925,0.22388059701492538,0.14535017221584387
p_3308,t3_2vgfjl,t1_cohjcql,t1_cohe4zu,0.2857142857142857,0.2982456140350877,-0.012531328320802004
p_3309,t3_2vfdjb,t1_coh87xk,t1_coihv1q,0.32941176470588235,0.3953488372093023,-0.06593707250341996
p_3310,t3_2vcz0j,t1_cogkf1c,t1_cogkxsx,0.34444444444444444,0.44086021505376344,-0.096415770609319
p_3311,t3_2vc9nj,t1_cogd61z,t1_cogex21,0.30158730158730157,0.38028169014084506,-0.07869438855354349
p_3312,t3_2vb7n1,t1_cog7zan,t1_cojqi77,0.3333333333333333,0.25925925925925924,0.07407407407407407
p_3313,t3_2vayhb,t1_cog0004,t1_cog18c4,0.3333333333333333,0.34375,-0.010416666666666685
p_3317,t3_2v54ba,t1_coeixh4,t1_coemcyd,0.4528301886792453,0.42424242424242425,0.02858776443682104
p_3320,t3_2v54ba,t1_coeiwgf,t1_coeno30,0.3125,0.35555555555555557,-0.04305555555555557
p_3321,t3_2v4vs4,t1_coeisbz,t1_coenx4c,0.37037037037037035,0.39759036144578314,-0.027219991075412786
p_3322,t3_2v3dbt,t1_coeuya9,t1_coe54na,0.421875,0.5272727272727272,-0.10539772727272723
p_3323,t3_2v3b2v,t1_coe2hj4,t1_coe3kad,0.2037037037037037,0.3275862068965517,-0.12388250319284802
p_3324,t3_2v3b2v,t1_coe3dx6,t1_coe41ib,0.3625,0.3442622950819672,0.018237704918032782
p_3326,t3_2uzgtq,t1_coda73s,t1_codi9w9,0.2727272727272727,0.2558139534883721,0.016913319238900604
p_3327,t3_2uyf2j,t1_cocy4sv,t1_cocts31,0.3333333333333333,0.391304347826087,-0.05797101449275366
p_3328,t3_2uyc2l,t1_codgr1k,t1_cod6jiu,0.5943396226415094,0.6039603960396039,-0.009620773398094529
p_3330,t3_2uudze,t1_cobt14z,t1_cobzyv2,0.43529411764705883,0.5138888888888888,-0.07859477124183001
p_3331,t3_2utwnf,t1_cobnk6q,t1_cobujy3,0.3157894736842105,0.36507936507936506,-0.04928989139515455
p_3335,t3_2uocbs,t1_coa6e3k,t1_coa6g1k,0.36764705882352944,0.30357142857142855,0.06407563025210089
p_3339,t3_2unn7n,t1_coa4d4b,t1_co9zgj7,0.4090909090909091,0.2289156626506024,0.18017524644030672
p_3341,t3_2unkg9,t1_co9z0gg,t1_coa3lkt,0.29213483146067415,0.3958333333333333,-0.10369850187265917
p_3342,t3_2unkg9,t1_coadcvv,t1_coaqczi,0.41414141414141414,0.3655913978494624,0.04855001629195177
p_3343,t3_2unhtm,t1_coaivyc,t1_coajh6t,0.48936170212765956,0.49411764705882355,-0.004755944931163991
p_3344,t3_2umw9b,t1_co9t3iu,t1_co9sw89,0.3333333333333333,0.3442622950819672,-0.010928961748633892
p_3345,t3_2umw9b,t1_coa4zj9,t1_co9sudq,0.19148936170212766,0.3448275862068966,-0.15333822450476892
p_3346,t3_2ul1df,t1_co9kcnl,t1_co9c0rj,0.2708333333333333,0.2978723404255319,-0.027039007092198586
p_3347,t3_2uk6fx,t1_co94y3l,t1_co9o182,0.3157894736842105,0.23529411764705882,0.08049535603715169
p_3348,t3_2uk6fx,t1_co9423q,t1_co98hm4,0.40425531914893614,0.3877551020408163,0.01650021710811983
p_3349,t3_2ujo2u,t1_co9an3h,t1_co98y0r,0.3050847457627119,0.35294117647058826,-0.047856430707876374
p_3352,t3_2uj4yv,t1_co9ncgk,t1_co8y43y,0.35294117647058826,0.3698630136986301,-0.01692183722804186
p_3353,t3_2uiin1,t1_co8sei3,t1_co8ond6,0.30612244897959184,0.24528301886792453,0.060839430111667314
p_3354,t3_2uid44,t1_co8o0es,t1_co8s8kd,0.3902439024390244,0.3333333333333333,0.05691056910569109
p_3358,t3_2ug2wi,t1_co82vuw,t1_co834w1,0.2631578947368421,0.225,0.038157894736842085
p_3360,t3_2ucr50,t1_co7790p,t1_co77bgv,0.24561403508771928,0.2549019607843137,-0.009287925696594423
p_3362,t3_2ubt5m,t1_co75rce,t1_co70e85,0.32,0.29411764705882354,0.025882352941176467
p_3363,t3_2ubl1z,t1_co6xfgb,t1_co70me4,0.43103448275862066,0.3620689655172414,0.06896551724137928
p_3364,t3_2ubbe0,t1_co73l5g,t1_co6tosu,0.4,0.15217391304347827,0.24782608695652175
p_3367,t3_2u8qcj,t1_co67jc2,t1_co670vd,0.3055555555555556,0.4266666666666667,-0.12111111111111111
p_3368,t3_2u8hi5,t1_co65nrh,t1_co69ood,0.3333333333333333,0.358974358974359,-0.02564102564102566
p_3369,t3_2u7z7v,t1_co5yytr,t1_co63mr3,0.3484848484848485,0.3076923076923077,0.0407925407925408
p_3371,t3_2u7i4q,t1_co62evd,t1_co5xcqu,0.4069767441860465,0.4523809523809524,-0.04540420819490587
p_3374,t3_2u460b,t1_co4yacj,t1_co5wbvc,0.47540983606557374,0.3548387096774194,0.12057112638815437
p_3376,t3_2u2fpm,t1_co4ivor,t1_co4n7du,0.38,0.26,0.12
p_3377,t3_2u2fpm,t1_co4qgkz,t1_co4iks0,0.3,0.2857142857142857,0.01428571428571429
p_3378,t3_2u1s4k,t1_co4efyx,t1_co5t3kb,0.17073170731707318,0.25,-0.07926829268292682
p_3379,t3_2tz5od,t1_co3mhs2,t1_co3mqwu,0.2714285714285714,0.30434782608695654,-0.03291925465838513
p_3381,t3_2txwe7,t1_co3hzuu,t1_co3b93t,0.1951219512195122,0.35294117647058826,-0.15781922525107606
p_3384,t3_2tquws,t1_co1i3vy,t1_co1iyez,0.417910447761194,0.3442622950819672,0.07364815267922681
p_3385,t3_2tpl0x,t1_co1i4k5,t1_co16br0,0.5425531914893617,0.4691358024691358,0.07341738902022588
p_3387,t3_2tn8qu,t1_co0jf5s,t1_co11da9,0.5981308411214953,0.5327102803738317,0.06542056074766356
p_3389,t3_2tlyzs,t1_co0mpip,t1_co0gu67,0.4230769230769231,0.42857142857142855,-0.005494505494505475
p_3388,t3_2tlyzs,t1_co15kpv,t1_co0httm,0.47058823529411764,0.3116883116883117,0.15889992360580596
p_3390,t3_2tj4pv,t1_cnzy3ou,t1_cnzjggb,0.42424242424242425,0.1896551724137931,0.23458725182863116
p_3391,t3_2tiipu,t1_cnzc4fs,t1_cnzca9l,0.42857142857142855,0.41935483870967744,0.009216589861751112
p_3392,t3_2tf0y4,t1_cnz5c7v,t1_cnz2826,0.32894736842105265,0.3026315789473684,0.026315789473684237
p_3393,t3_2teulf,t1_cnyf7vq,t1_cnyyfu0,0.48717948717948717,0.1875,0.29967948717948717
p_3394,t3_2tet25,t1_cnye2j4,t1_cnydh7a,0.4358974358974359,0.5,-0.0641025641025641
p_3395,t3_2tet25,t1_cnyfwsr,t1_cnygkjb,0.4177215189873418,0.5662650602409639,-0.14854354125362212
p_3397,t3_2tekkp,t1_cnyd3k9,t1_cnzrdgm,0.5,0.4090909090909091,0.09090909090909088
p_3398,t3_2td8d4,t1_cny8efd,t1_cny3yi2,0.3076923076923077,0.35294117647058826,-0.04524886877828055
p_3399,t3_2tct9j,t1_cny4adc,t1_cnxvd59,0.35294117647058826,0.43283582089552236,-0.0798946444249341
p_3400,t3_2tct9j,t1_cny4b3k,t1_cnxvd59,0.46774193548387094,0.43283582089552236,0.03490611458834858
p_3402,t3_2t6ote,t1_cnw8hwh,t1_cnwnwz0,0.38961038961038963,0.4117647058823529,-0.022154316271963292
p_3403,t3_2t6ote,t1_cnwehlh,t1_cnw9vyp,0.47297297297297297,0.4225352112676056,0.050437761705367345
p_3404,t3_2t5d0k,t1_cnw2fgz,t1_cnw6d8q,0.5052631578947369,0.3333333333333333,0.17192982456140354
p_3405,t3_2t5d0k,t1_cnw7mj4,t1_cnw9ce5,0.25,0.23076923076923078,0.019230769230769218
p_3406,t3_2t26nx,t1_cnv8j11,t1_cnvag08,0.3191489361702128,0.3673469387755102,-0.04819800260529744
p_3407,t3_2sy7r5,t1_cnu0c1p,t1_cnubeuy,0.2676056338028169,0.30357142857142855,-0.03596579476861167
p_3409,t3_2su8e2,t1_cnsz4kn,t1_cnsx5ru,0.358695652173913,0.5294117647058824,-0.17071611253196933
p_3411,t3_2su8e2,t1_cnt1y8t,t1_cntdr6s,0.4186046511627907,0.32941176470588235,0.08919288645690837
p_3412,t3_2su8e2,t1_cnt845z,t1_cnt8tg7,0.4842105263157895,0.5051546391752577,-0.020944112859468234
p_3413,t3_2su8e2,t1_cnsxgsn,t1_cntprhw,0.38823529411764707,0.3333333333333333,0.05490196078431375
p_3414,t3_2su8e2,t1_cnsxse0,t1_cnsz1rt,0.5340909090909091,0.43333333333333335,0.10075757575757571
p_3415,t3_2su8e2,t1_cnunryh,t1_cnsyy4i,0.4148936170212766,0.4166666666666667,-0.0017730496453901012
p_3416,t3_2su8e2,t1_cnt3umh,t1_cnsyin0,0.345679012345679,0.2948717948717949,0.050807217473884114
p_3417,t3_2su8e2,t1_cnte5ku,t1_cnt3fdn,0.4235294117647059,0.3488372093023256,0.07469220246238029
p_3419,t3_2su8e2,t1_cntbdmc,t1_cnsyin0,0.32941176470588235,0.2948717948717949,0.03453996983408747
p_3421,t3_2su8e2,t1_cnt9axw,t1_cnt2iz3,0.4725274725274725,0.24358974358974358,0.22893772893772893
p_3422,t3_2su8e2,t1_cnt85u7,t1_cntf8xd,0.3614457831325301,0.35802469135802467,0.003421091774505447
p_3423,t3_2su8e2,t1_cntdvgn,t1_cnsyin0,0.38271604938271603,0.2948717948717949,0.08784425451092115
p_3424,t3_2su8e2,t1_cnt1ycn,t1_cnt2h0f,0.38636363636363635,0.4827586206896552,-0.09639498432601884
p_3425,t3_2su8e2,t1_cnt4b86,t1_cnsyin0,0.2682926829268293,0.2948717948717949,-0.026579111944965594
p_3426,t3_2su6pz,t1_cnsuxnr,t1_cntesru,0.35714285714285715,0.3111111111111111,0.046031746031746035
p_3427,t3_2su6pz,t1_cnsv16y,t1_cnt8h1t,0.3673469387755102,0.3584905660377358,0.008856372737774398
p_3428,t3_2stah2,t1_cnsnfp3,t1_cnso055,0.38333333333333336,0.30303030303030304,0.08030303030303032
p_3429,t3_2sqh6c,t1_cnsh391,t1_cns23nc,0.46236559139784944,0.3978494623655914,0.06451612903225806
p_3432,t3_2sjck6,t1_cnq11eh,t1_cnq7kou,0.5058823529411764,0.4155844155844156,0.09029793735676084
p_3433,t3_2siye9,t1_cnpvesh,t1_cnpw7ts,0.27450980392156865,0.2,0.07450980392156864
p_3435,t3_2sf2we,t1_cnp48f2,t1_cnp29jv,0.3717948717948718,0.3064516129032258,0.065343258891646
p_3437,t3_2sbnxo,t1_cno05ek,t1_cnnz3ot,0.3,0.4838709677419355,-0.1838709677419355
p_3438,t3_2sagug,t1_cnnmwvw,t1_cno8oxd,0.4186046511627907,0.4318181818181818,-0.013213530655391104
p_3439,t3_2s8qu4,t1_cnn8scl,t1_cnn8yko,0.35714285714285715,0.3787878787878788,-0.021645021645021634
p_3441,t3_2s3ey4,t1_cnlta5w,t1_cnn50va,0.3191489361702128,0.20833333333333334,0.11081560283687944
p_3442,t3_2s38n0,t1_cnltsuz,t1_cnm8elm,0.4444444444444444,0.32075471698113206,0.12368972746331236
p_3443,t3_2s311o,t1_cnlr4r5,t1_cnlpavt,0.35,0.28,0.06999999999999995
p_3445,t3_2s0mca,t1_cnlmsyb,t1_cnl4rwb,0.410958904109589,0.45,-0.03904109589041099
p_3446,t3_2s04yv,t1_cnl68x9,t1_cnldfng,0.4084507042253521,0.4339622641509434,-0.025511559925591287
p_3447,t3_2ryflh,t1_cnknvgl,t1_cnknbq4,0.38095238095238093,0.30612244897959184,0.07482993197278909
p_3449,t3_2rtxcw,t1_cnjo1jr,t1_cnj9t8c,0.20588235294117646,0.22,-0.01411764705882354
p_3450,t3_2rtxcw,t1_cnjlno1,t1_cnj9t8c,0.16981132075471697,0.22,-0.05018867924528303
p_3451,t3_2rspje,t1_cnizgmn,t1_cnj8tea,0.25,0.3835616438356164,-0.13356164383561642
p_3452,t3_2rsgv3,t1_cniw4jr,t1_cniu655,0.208955223880597,0.3225806451612903,-0.1136254212806933
p_3454,t3_2rs57a,t1_cnjiwww,t1_cnjrwds,0.30612244897959184,0.3191489361702128,-0.013026487190620939
p_3455,t3_2rqvf8,t1_cnii75i,t1_cnijhp3,0.17647058823529413,0.2549019607843137,-0.07843137254901958
p_3457,t3_3j8yfq,t1_cundk5r,t1_cunbl8g,0.379746835443038,0.46511627906976744,-0.08536944362672944
p_3458,t3_3j8yfq,t1_cunbkbz,t1_cuncrke,0.3375,0.4482758620689655,-0.1107758620689655
p_3461,t3_3j5b7g,t1_cumhf65,t1_cumi9vr,0.5656565656565656,0.39215686274509803,0.1734997029114676
p_3462,t3_3j4xz5,t1_cumcunp,t1_cun4urq,0.32786885245901637,0.3472222222222222,-0.01935336976320584
p_3463,t3_3j4xz5,t1_cumbp9z,t1_cun012v,0.25757575757575757,0.3492063492063492,-0.09163059163059162
p_3465,t3_3j348p,t1_culv71v,t1_cum06j5,0.2318840579710145,0.42105263157894735,-0.18916857360793285
p_3466,t3_3j2zal,t1_cult31h,t1_culspcu,0.3829787234042553,0.44680851063829785,-0.06382978723404253
p_3469,t3_3izsdq,t1_culv1a1,t1_cul3ok3,0.34782608695652173,0.26666666666666666,0.08115942028985507
p_3472,t3_3iz617,t1_cul2p8q,t1_culbyou,0.3968253968253968,0.47058823529411764,-0.07376283846872084
p_3473,t3_3iynfo,t1_culekhe,t1_cul3cub,0.30303030303030304,0.3382352941176471,-0.03520499108734404
p_3474,t3_3iymmk,t1_cukv841,t1_cukv8bl,0.3918918918918919,0.5729166666666666,-0.18102477477477474
p_3475,t3_3iymd6,t1_cukus68,t1_cuktt0z,0.4675324675324675,0.31746031746031744,0.15007215007215008
p_3476,t3_3iymd6,t1_cukvhtm,t1_cuktt0z,0.5362318840579711,0.31746031746031744,0.21877156659765362
p_3479,t3_3ixtu4,t1_cukm93p,t1_cuklqh9,0.3157894736842105,0.34615384615384615,-0.030364372469635637
p_3480,t3_3ixtu4,t1_cukmf21,t1_cukm0pr,0.30434782608695654,0.26,0.04434782608695653
p_3483,t3_3isviu,t1_cujohec,t1_cujcyeh,0.2602739726027397,0.19402985074626866,0.06624412185647105
p_3484,t3_3isviu,t1_cujddsn,t1_cujfb9o,0.40963855421686746,0.379746835443038,0.029891718773829457
p_3485,t3_3irqrk,t1_cuk3web,t1_cuje0x7,0.36619718309859156,0.32432432432432434,0.04187285877426722
p_3486,t3_3irqrk,t1_cujfvvz,t1_cujmo9h,0.3611111111111111,0.2631578947368421,0.09795321637426901
p_3487,t3_3irh3k,t1_cuj0bdo,t1_cuizlek,0.5507246376811594,0.36923076923076925,0.18149386845039017
p_3488,t3_3iqu4d,t1_cuj1ozx,t1_cuiwucd,0.4430379746835443,0.3728813559322034,0.07015661875134088
p_3489,t3_3iqty5,t1_cuj86a7,t1_cuj36j4,0.4153846153846154,0.3050847457627119,0.11029986962190352
p_3490,t3_3iq6j0,t1_cuiy6h8,t1_cuj2qp1,0.3469387755102041,0.373134328358209,-0.0261955528480049
p_3491,t3_3inybw,t1_cui3v06,t1_cuicq4r,0.45454545454545453,0.390625,0.06392045454545453
p_3492,t3_3injsb,t1_cui5ld0,t1_cui565b,0.3090909090909091,0.3157894736842105,-0.006698564593301426
p_3495,t3_3ijsss,t1_cuh6kys,t1_cuhg7b8,0.33962264150943394,0.3157894736842105,0.023833167825223434
p_3496,t3_3ijsss,t1_cuh4arm,t1_cuhg7b8,0.2898550724637681,0.3157894736842105,-0.025934401220442382
p_3500,t3_3iammm,t1_cues26b,t1_cueuwm5,0.3448275862068966,0.3611111111111111,-0.01628352490421453
p_3501,t3_3iammm,t1_cuete5w,t1_cuerzgs,0.42857142857142855,0.30985915492957744,0.11871227364185111
p_3502,t3_3iammm,t1_cuew3c0,t1_cueu3av,0.28,0.2,0.08000000000000002
p_3503,t3_3i9n2q,t1_cueircr,t1_cuenxor,0.4024390243902439,0.3625,0.03993902439024394
p_3504,t3_3i9n2q,t1_cufiuhn,t1_cueyyfo,0.4639175257731959,0.45555555555555555,0.008361970217640347
p_3505,t3_3i8nmh,t1_cue9cr1,t1_cuea24l,0.3384615384615385,0.4583333333333333,-0.11987179487179483
p_3507,t3_3i8834,t1_cue4ikv,t1_cue5fsj,0.27906976744186046,0.40816326530612246,-0.129093497864262
p_3508,t3_3i8834,t1_cue7on2,t1_cue83jy,0.2982456140350877,0.32142857142857145,-0.02318295739348375
p_3513,t3_3i7k0u,t1_cue07hc,t1_cudypb4,0.38095238095238093,0.4375,-0.05654761904761907
p_3511,t3_3i7k0u,t1_cue31x0,t1_cue1sot,0.359375,0.2916666666666667,0.06770833333333331
p_3512,t3_3i7k0u,t1_cue0k0p,t1_cue5g6f,0.34545454545454546,0.36923076923076925,-0.023776223776223793
p_3514,t3_3i7k0u,t1_cuee0d9,t1_cudzumt,0.3333333333333333,0.35555555555555557,-0.022222222222222254
p_3516,t3_3i74qy,t1_cudw08r,t1_cudux0k,0.3,0.3333333333333333,-0.033333333333333326
p_3517,t3_3i5x6k,t1_cudnqtj,t1_cue4n29,0.3855421686746988,0.2878787878787879,0.09766338079591091
p_3519,t3_3i5a78,t1_cudjp1z,t1_cudst66,0.40789473684210525,0.4,0.007894736842105232
p_3521,t3_3i3wn7,t1_cud76ln,t1_cud3r2z,0.3114754098360656,0.3870967741935484,-0.07562136435748279
p_3523,t3_3i3vx9,t1_cud2a4g,t1_cud2qth,0.3404255319148936,0.39705882352941174,-0.05663329161451813
p_3522,t3_3i3vx9,t1_cud5nsy,t1_cud2qth,0.44047619047619047,0.39705882352941174,0.043417366946778724
p_3524,t3_3i2plj,t1_cucv4aa,t1_cucxjt7,0.4266666666666667,0.36619718309859156,0.06046948356807513
p_3525,t3_3i2plj,t1_cucthi0,t1_cuctx89,0.2222222222222222,0.32432432432432434,-0.10210210210210213
p_3526,t3_3i283w,t1_cud0fa0,t1_cucolyj,0.3880597014925373,0.3684210526315789,0.019638648860958396
p_3527,t3_3i0b0w,t1_cuchpgk,t1_cuc59ef,0.38181818181818183,0.4230769230769231,-0.04125874125874124
p_3530,t3_3hsvl2,t1_cuad8r8,t1_cuaqsqb,0.41304347826086957,0.2807017543859649,0.13234172387490467
p_3531,t3_3hrivr,t1_cua0vt2,t1_cu9xxve,0.34210526315789475,0.3125,0.029605263157894746
p_3534,t3_3hpq7g,t1_cu9josn,t1_cu9k41i,0.5384615384615384,0.42857142857142855,0.10989010989010989
p_3535,t3_3hpq7g,t1_cu9kipp,t1_cu9x1z9,0.4266666666666667,0.44871794871794873,-0.02205128205128204
p_3536,t3_3hosv2,t1_cu9at72,t1_cu9cml6,0.3875,0.38271604938271603,0.004783950617283983
p_3537,t3_3hoq7p,t1_cu9k2tb,t1_cu9atrb,0.5531914893617021,0.45348837209302323,0.09970311726867892
p_3538,t3_3hmpv3,t1_cu8qdp9,t1_cu8pb7k,0.47761194029850745,0.3,0.17761194029850746
p_3539,t3_3hkh5j,t1_cu8ovlu,t1_cu8ovof,0.2830188679245283,0.2727272727272727,0.010291595197255587
p_3541,t3_3hh46c,t1_cu7c27f,t1_cu7c1z2,0.47692307692307695,0.5512820512820513,-0.07435897435897437
p_3543,t3_3hgl6d,t1_cu7ehx8,t1_cu79azc,0.36363636363636365,0.4027777777777778,-0.039141414141414144
p_3542,t3_3hgl6d,t1_cu7d0px,t1_cu7azy6,0.3382352941176471,0.45454545454545453,-0.11631016042780745
p_3544,t3_3hg6gk,t1_cu72vgj,t1_cu7213o,0.32857142857142857,0.3055555555555556,0.02301587301587299
p_3546,t3_3hfjxc,t1_cu6z830,t1_cu71g18,0.2222222222222222,0.3269230769230769,-0.10470085470085472
p_3547,t3_3hfioz,t1_cuc0fou,t1_cu7ifcw,0.38461538461538464,0.5324675324675324,-0.14785214785214779
p_3548,t3_3hel60,t1_cu6qm9g,t1_cu6prd9,0.3617021276595745,0.45,-0.08829787234042552
p_3552,t3_3hdp4a,t1_cu6jlng,t1_cu6jn61,0.25806451612903225,0.19230769230769232,0.06575682382133993
p_3555,t3_3hcpmz,t1_cu6c4si,t1_cu6f8lz,0.6019417475728155,0.49,0.1119417475728155
p_3556,t3_3hcfg2,t1_cu65tgy,t1_cu65kqn,0.3333333333333333,0.3392857142857143,-0.005952380952380987
p_3557,t3_3hcfg2,t1_cu65sqs,t1_cu65hi9,0.28846153846153844,0.3684210526315789,-0.07995951417004049
p_3558,t3_3hcfg2,t1_cu68tq4,t1_cu65vdo,0.2037037037037037,0.2830188679245283,-0.0793151642208246
p_3560,t3_3h8y7m,t1_cu5ao33,t1_cu5bjz7,0.2727272727272727,0.43478260869565216,-0.16205533596837945
p_3563,t3_3h69kp,t1_cu5o71n,t1_cu4mp4v,0.3333333333333333,0.23076923076923078,0.10256410256410253
p_3566,t3_3h1dud,t1_cu3e462,t1_cu3dhym,0.23214285714285715,0.3333333333333333,-0.10119047619047616
p_3568,t3_3h13pq,t1_cu3c98a,t1_cu3bnnc,0.4125,0.5,-0.08750000000000002
p_3569,t3_3h0s9a,t1_cu3bh3m,t1_cu383tr,0.42028985507246375,0.34375,0.07653985507246375
p_3570,t3_3gz2bd,t1_cu2qwnu,t1_cu2zo0y,0.3559322033898305,0.391304347826087,-0.03537214443625647
p_3571,t3_3gys03,t1_cu2q2lr,t1_cu2pmm6,0.4666666666666667,0.5,-0.033333333333333326
p_3572,t3_3gw6np,t1_cu252mj,t1_cu20nky,0.27586206896551724,0.3018867924528302,-0.02602472348731294
p_3576,t3_3gri3k,t1_cu0uiw1,t1_cu0sztg,0.5333333333333333,0.32926829268292684,0.20406504065040648
p_3577,t3_3gri3k,t1_cu0urd0,t1_cu0vpsk,0.4583333333333333,0.38095238095238093,0.07738095238095238
p_3583,t3_3gp6g1,t1_cu0aq54,t1_cu08mnw,0.3815789473684211,0.4,-0.01842105263157895
p_3582,t3_3gp6g1,t1_cu09x63,t1_cu08mnw,0.36619718309859156,0.4,-0.03380281690140846
p_3585,t3_3gnc86,t1_ctzot2x,t1_ctzq8hf,0.3275862068965517,0.453125,-0.1255387931034483
p_3586,t3_3gincm,t1_ctyigsj,t1_ctyhn4v,0.4533333333333333,0.38333333333333336,0.06999999999999995
p_3587,t3_3gincm,t1_ctyhn4x,t1_ctyinar,0.2857142857142857,0.28846153846153844,-0.0027472527472527375
p_3589,t3_3ghl3t,t1_cty7tlm,t1_cty6dyx,0.2608695652173913,0.32142857142857145,-0.060559006211180155
p_3590,t3_3ghl3t,t1_cty9isx,t1_cty8sv7,0.2711864406779661,0.45454545454545453,-0.18335901386748843
p_3592,t3_3ggp32,t1_cty0r06,t1_cty0aec,0.49333333333333335,0.4492753623188406,0.04405797101449277
p_3593,t3_3ggp32,t1_cty35gw,t1_cty0aec,0.532608695652174,0.4492753623188406,0.08333333333333337
p_3595,t3_3gec73,t1_ctxli3x,t1_ctxhga8,0.32786885245901637,0.3898305084745763,-0.06196165601555992
p_3596,t3_3ge5mc,t1_ctxb1ki,t1_ctxeqe8,0.3382352941176471,0.35,-0.0117647058823529
p_3598,t3_3gdtg4,t1_ctylxuf,t1_ctxaqee,0.38095238095238093,0.4305555555555556,-0.04960317460317465
p_3599,t3_3gdndp,t1_ctx5qis,t1_ctx98zl,0.4,0.421875,-0.021874999999999978
p_3600,t3_3gdish,t1_ctx6te9,t1_ctx7vni,0.49122807017543857,0.2641509433962264,0.22707712677921216
p_3601,t3_3gdibt,t1_ctx56mf,t1_ctx4od4,0.39622641509433965,0.4583333333333333,-0.06210691823899367
p_3602,t3_3gcrbs,t1_ctx0d41,t1_ctx24yu,0.3333333333333333,0.3090909090909091,0.024242424242424232
p_3604,t3_3gbhud,t1_ctwlw6q,t1_ctwmyam,0.4375,0.4305555555555556,0.00694444444444442
p_3605,t3_3gbhud,t1_ctwlm4k,t1_ctwv3j1,0.3269230769230769,0.34545454545454546,-0.01853146853146853
p_3606,t3_3gbhud,t1_ctwml50,t1_ctwlr8k,0.43478260869565216,0.3137254901960784,0.12105711849957373
p_3607,t3_3gbhud,t1_ctwlqf1,t1_ctwlr8k,0.35185185185185186,0.3137254901960784,0.03812636165577343
p_3608,t3_3gb6h1,t1_ctwso7w,t1_ctwnm4g,0.45918367346938777,0.5728155339805825,-0.11363186051119473
p_3609,t3_3gb461,t1_ctwjnpu,t1_ctwkc6d,0.3333333333333333,0.32608695652173914,0.00724637681159418
p_3610,t3_3ga6xh,t1_ctwcf34,t1_ctw9u8c,0.3076923076923077,0.21568627450980393,0.09200603318250378
p_3612,t3_3ga0yc,t1_ctwa3zr,t1_ctw8bfs,0.3050847457627119,0.2777777777777778,0.027306967984934094
p_3613,t3_3ga0yc,t1_ctwc8h0,t1_ctw824i,0.38461538461538464,0.24,0.14461538461538465
p_3614,t3_3ga0yc,t1_ctwe0ok,t1_ctw8bfs,0.3181818181818182,0.2777777777777778,0.04040404040404039
p_3615,t3_3g9no7,t1_ctw54al,t1_ctw52em,0.22950819672131148,0.3114754098360656,-0.0819672131147541
p_3616,t3_3g93j6,t1_ctw0e9h,t1_ctw6elj,0.4533333333333333,0.34177215189873417,0.11156118143459914
p_3617,t3_3g8r7o,t1_ctvx3y3,t1_ctwc690,0.5,0.2876712328767123,0.2123287671232877
p_3622,t3_3g646u,t1_ctvb9vl,t1_ctvc59g,0.24074074074074073,0.3392857142857143,-0.09854497354497357
p_3623,t3_3g53av,t1_ctuxpb3,t1_ctvf9tq,0.3709677419354839,0.34146341463414637,0.029504327301337507
p_3624,t3_3g51jj,t1_ctv0l5x,t1_ctvcg39,0.4642857142857143,0.3559322033898305,0.1083535108958838
p_3625,t3_3g51jj,t1_ctv269f,t1_ctvcg39,0.3387096774193548,0.3559322033898305,-0.01722252597047569
p_3626,t3_3g51jj,t1_ctv3mds,t1_ctv9uzx,0.48148148148148145,0.40350877192982454,0.07797270955165692
p_3630,t3_3g1pcd,t1_ctu19ea,t1_ctu17ql,0.4520547945205479,0.4117647058823529,0.040290088638195
p_3635,t3_3g1fhs,t1_cttyuge,t1_cttxvho,0.20930232558139536,0.3448275862068966,-0.13552526062550121
p_3633,t3_3g1fhs,t1_ctu95h3,t1_cttxvho,0.34615384615384615,0.3448275862068966,0.0013262599469495706
p_3636,t3_3g1fhs,t1_cttzgzr,t1_cttxvho,0.3283582089552239,0.3448275862068966,-0.01646937725167269
p_3632,t3_3g1fhs,t1_cttxzvr,t1_cttxvho,0.15384615384615385,0.3448275862068966,-0.19098143236074272
p_3631,t3_3g1fhs,t1_ctty06w,t1_cttxzi1,0.32075471698113206,0.2926829268292683,0.028071790151863785
p_3637,t3_3g1bgv,t1_cttw7r4,t1_ctu593g,0.36231884057971014,0.4461538461538462,-0.08383500557413603
p_3640,t3_3g02ia,t1_cttuj7v,t1_cttrhlu,0.36363636363636365,0.3617021276595745,0.001934235976789156
p_3642,t3_3fz5pa,t1_cttcblp,t1_cttc9b6,0.32954545454545453,0.3333333333333333,-0.0037878787878787845
p_3644,t3_3fvhvp,t1_ctsbzuq,t1_ctsdw9m,0.323943661971831,0.42857142857142855,-0.10462776659959755
p_3645,t3_3fvhjh,t1_ctscnii,t1_ctsbg6s,0.25862068965517243,0.22950819672131148,0.02911249293386095
p_3646,t3_3fvhjh,t1_ctse486,t1_ctsbtva,0.52,0.4722222222222222,0.04777777777777781
p_3647,t3_3fvhjh,t1_ctsbifp,t1_ctsvne2,0.4142857142857143,0.4,0.01428571428571429
p_3648,t3_3fvhjh,t1_ctsc6ss,t1_ctsbtva,0.3888888888888889,0.4722222222222222,-0.08333333333333331
p_3649,t3_3fveyg,t1_ctsa8js,t1_cts9pfj,0.3472222222222222,0.3684210526315789,-0.021198830409356717
p_3650,t3_3fu1s8,t1_cts3fhv,t1_cts5hav,0.47058823529411764,0.4,0.07058823529411762
p_3651,t3_3fsgbp,t1_ctrisu9,t1_ctshlnm,0.38333333333333336,0.43548387096774194,-0.05215053763440858
p_3652,t3_3fs1zm,t1_ctrhh5j,t1_ctrefi0,0.2698412698412698,0.417910447761194,-0.1480691779199242
p_3653,t3_3frc1d,t1_ctr9vhi,t1_ctr7h2r,0.36585365853658536,0.34,0.025853658536585333
p_3655,t3_3fql48,t1_ctr20mq,t1_ctr0pwr,0.449438202247191,0.40298507462686567,0.04645312762032533
p_3656,t3_3fqb1z,t1_ctqze4g,t1_ctr0cf6,0.2727272727272727,0.37333333333333335,-0.10060606060606064
p_3658,t3_3fqb1z,t1_ctr0vi4,t1_ctr0cf6,0.2876712328767123,0.37333333333333335,-0.08566210045662104
p_3657,t3_3fqb1z,t1_ctr0caa,t1_ctr0cf6,0.19736842105263158,0.37333333333333335,-0.17596491228070177
p_3659,t3_3fpfyb,t1_ctqrhgh,t1_ctqsan9,0.3620689655172414,0.28846153846153844,0.07360742705570295
p_3660,t3_3fp3n9,t1_ctqolc7,t1_ctqnhek,0.3333333333333333,0.2714285714285714,0.06190476190476191
p_3661,t3_3fp2bi,t1_ctqnbaz,t1_ctqt3i2,0.3181818181818182,0.34328358208955223,-0.025101763907734054
p_3663,t3_3fnwpa,t1_ctqdqno,t1_ctqbvw6,0.28846153846153844,0.2857142857142857,0.0027472527472527375
p_3664,t3_3fnv5p,t1_ctqbrad,t1_ctqwxiu,0.4142857142857143,0.3064516129032258,0.1078341013824885
p_3665,t3_3fnv5p,t1_ctqn9r7,t1_ctr22l4,0.45454545454545453,0.4626865671641791,-0.008141112618724577
p_3667,t3_3fnpby,t1_ctqb537,t1_ctqb5ui,0.3709677419354839,0.509090909090909,-0.13812316715542516
p_3666,t3_3fnpby,t1_ctqa65w,t1_ctqb5ui,0.3958333333333333,0.509090909090909,-0.11325757575757572
p_3669,t3_3fnkrz,t1_ctq8t3q,t1_ctq9oiz,0.5147058823529411,0.4861111111111111,0.02859477124183002
p_3671,t3_3fnkrz,t1_ctqas8t,t1_ctq9ar9,0.44680851063829785,0.4084507042253521,0.03835780641294573
p_3670,t3_3fnkrz,t1_ctq9o0e,t1_ctq9oiz,0.3548387096774194,0.4861111111111111,-0.13127240143369173
p_3672,t3_3fnkrz,t1_ctq9j16,t1_ctqa3ka,0.3088235294117647,0.2807017543859649,0.028121775025799822
p_3675,t3_3fme5v,t1_ctpwnu7,t1_ctpy2fx,0.3541666666666667,0.5,-0.14583333333333331
p_3676,t3_3fh6ko,t1_ctoktht,t1_ctoqkfl,0.36363636363636365,0.36764705882352944,-0.004010695187165791
p_3677,t3_3fg061,t1_cto8r5z,t1_cto8tdw,0.29411764705882354,0.34615384615384615,-0.052036199095022606
p_3679,t3_3fg061,t1_cto97vg,t1_cto8tdw,0.43548387096774194,0.34615384615384615,0.08933002481389579
p_3680,t3_3ffta7,t1_cto7io9,t1_ctoe9av,0.3902439024390244,0.35714285714285715,0.03310104529616725
p_3681,t3_3ff3g6,t1_cto0i1n,t1_cto1zos,0.2413793103448276,0.203125,0.0382543103448276
p_3682,t3_3feqzt,t1_ctq3vzp,t1_ctnylzg,0.2153846153846154,0.36507936507936506,-0.14969474969474966
p_3683,t3_3fcrvd,t1_ctnhp4o,t1_cto31ft,0.3333333333333333,0.36231884057971014,-0.02898550724637683
p_3684,t3_3fcrvd,t1_ctns9wz,t1_ctnfqp7,0.26785714285714285,0.2553191489361702,0.012537993920972657
p_3686,t3_3fcf5e,t1_ctndfg4,t1_ctnry92,0.4166666666666667,0.4090909090909091,0.007575757575757569
p_3688,t3_3fc3o6,t1_ctnx69r,t1_ctngp5n,0.5473684210526316,0.34177215189873417,0.20559626915389745
p_3687,t3_3fc3o6,t1_ctnaow2,t1_ctn9aav,0.3855421686746988,0.24096385542168675,0.14457831325301207
p_3692,t3_3fau90,t1_ctmxjyf,t1_ctmw18p,0.5066666666666667,0.34615384615384615,0.16051282051282056
p_3693,t3_3fa3pf,t1_ctmq4rm,t1_ctmvo0g,0.5428571428571428,0.45454545454545453,0.08831168831168829
p_3694,t3_3fa3pf,t1_ctmq6wk,t1_ctmpzx1,0.46511627906976744,0.3466666666666667,0.11844961240310076
p_3695,t3_3f8yj7,t1_ctmfz6p,t1_ctmip5y,0.43209876543209874,0.2903225806451613,0.14177618478693743
p_3696,t3_3f8yj7,t1_ctmi79z,t1_ctmip5y,0.40476190476190477,0.2903225806451613,0.11443932411674346
p_3697,t3_3f8yj7,t1_ctmgbxn,t1_ctmip5y,0.3125,0.2903225806451613,0.02217741935483869
p_3701,t3_3f6ga9,t1_ctlqooj,t1_ctlqdbh,0.1951219512195122,0.25,-0.0548780487804878
p_3703,t3_3f65v8,t1_ctlqq52,t1_ctm1y1p,0.35443037974683544,0.42045454545454547,-0.06602416570771003
p_3704,t3_3f38fh,t1_ctlm7ia,t1_ctkwb7j,0.4268292682926829,0.48214285714285715,-0.05531358885017423
p_3705,t3_3f2sbt,t1_ctm98ge,t1_ctkrr8t,0.29333333333333333,0.42168674698795183,-0.1283534136546185
p_3708,t3_3f20yi,t1_ctkkr6u,t1_ctkjeol,0.4888888888888889,0.2891566265060241,0.1997322623828648
p_3709,t3_3f20yi,t1_ctkoehq,t1_ctkokut,0.574468085106383,0.4177215189873418,0.15674656611904125
p_3712,t3_3f18mt,t1_ctkcw2a,t1_ctkb9dn,0.44,0.4426229508196721,-0.0026229508196721207
p_3711,t3_3f18mt,t1_ctkc4tg,t1_ctkn5z3,0.4393939393939394,0.2545454545454545,0.18484848484848487
p_3714,t3_3f16ju,t1_ctkcxak,t1_ctkajc6,0.36666666666666664,0.3103448275862069,0.056321839080459735
p_3716,t3_3f0uzz,t1_ctkbyhm,t1_ctkdayj,0.6190476190476191,0.6363636363636364,-0.017316017316017285
p_3717,t3_3exng6,t1_ctjf76q,t1_ctjdefn,0.42592592592592593,0.32608695652173914,0.0998389694041868
p_3718,t3_3ex1vr,t1_ctj5yub,t1_ctj6pr7,0.46551724137931033,0.3673469387755102,0.09817030260380011
p_3719,t3_3ewva7,t1_ctj4jx8,t1_ctj8g6w,0.3225806451612903,0.3902439024390244,-0.06766325727773409
p_3722,t3_3ewva7,t1_ctj8djb,t1_ctj8g6w,0.40298507462686567,0.3902439024390244,0.012741172187841265
p_3720,t3_3ewva7,t1_ctj5oik,t1_ctjcs9z,0.358974358974359,0.4444444444444444,-0.08547008547008544
p_3721,t3_3ewva7,t1_ctj7ibv,t1_ctjcs9z,0.25862068965517243,0.4444444444444444,-0.185823754789272
p_3723,t3_3ewjnh,t1_ctj1fb4,t1_ctj26kt,0.27450980392156865,0.3023255813953488,-0.027815777473780168
p_3724,t3_3ewjnh,t1_ctj1ye4,t1_ctj1lht,0.4375,0.42,0.017500000000000016
p_3725,t3_3euagb,t1_ctigcut,t1_ctihu3a,0.21951219512195122,0.15555555555555556,0.06395663956639566
p_3726,t3_3eu8tm,t1_ctigaob,t1_ctiq52g,0.5,0.5287356321839081,-0.028735632183908066
p_3727,t3_3eu8tm,t1_ctijckt,t1_ctigceq,0.5434782608695652,0.45121951219512196,0.09225874867444323
p_3728,t3_3etxto,t1_ctid3ea,t1_cticpfj,0.3484848484848485,0.38596491228070173,-0.037480063795853225
p_3730,t3_3es79p,t1_cthw2r2,t1_cthwdaq,0.5232558139534884,0.4175824175824176,0.10567339637107082
p_3731,t3_3es79p,t1_cthxdez,t1_cthwn0n,0.4166666666666667,0.5063291139240507,-0.08966244725738398
p_3732,t3_3ertta,t1_cti6rd8,t1_ctht1zk,0.43209876543209874,0.26666666666666666,0.16543209876543208
p_3733,t3_3ertdy,t1_cthr80b,t1_cthr99r,0.1951219512195122,0.35294117647058826,-0.15781922525107606
p_3734,t3_3erhhr,t1_ctiarao,t1_cti58vh,0.2909090909090909,0.39705882352941174,-0.10614973262032085
p_3735,t3_3eq514,t1_ctho613,t1_cthcqg3,0.33783783783783783,0.4418604651162791,-0.10402262727844125
p_3737,t3_3epjfs,t1_cth5t0q,t1_cthcvt3,0.28888888888888886,0.3584905660377358,-0.06960167714884696
p_3739,t3_3enur5,t1_ctgrxoh,t1_ctgz8y0,0.42696629213483145,0.3956043956043956,0.03136189653043586
p_3740,t3_3emsdn,t1_cth30is,t1_ctgqvc3,0.3559322033898305,0.3137254901960784,0.04220671319375208
p_3742,t3_3elw95,t1_ctg6r9r,t1_ctg9cb8,0.5833333333333334,0.3698630136986301,0.21347031963470325
p_3743,t3_3eknr4,t1_ctglikz,t1_ctfyt7d,0.42105263157894735,0.2857142857142857,0.13533834586466165
p_3744,t3_3ekjn3,t1_ctgdi0f,t1_ctg4na1,0.4367816091954023,0.4868421052631579,-0.05006049606775559
p_3751,t3_3ee553,t1_cte3wfh,t1_cte2z0f,0.4117647058823529,0.3877551020408163,0.02400960384153661
p_3752,t3_3ee553,t1_cte5ytw,t1_cte2z0f,0.33962264150943394,0.3877551020408163,-0.04813246053138237
p_3754,t3_3ecjmj,t1_ctdn8gf,t1_ctdm7dj,0.5,0.3684210526315789,0.13157894736842107
p_3755,t3_3ecjmj,t1_ctdnq7f,t1_ctdm7dj,0.4935064935064935,0.3684210526315789,0.12508544087491458
p_3756,t3_3ecjmj,t1_ctdoi4m,t1_ctdm7dj,0.4657534246575342,0.3684210526315789,0.0973323720259553
p_3753,t3_3ecjmj,t1_ctdmtn2,t1_ctdoo3p,0.5135135135135135,0.4421052631578947,0.07140825035561876
p_3757,t3_3ec84d,t1_ctdlgzm,t1_ctdj2og,0.43478260869565216,0.38333333333333336,0.0514492753623188
p_3759,t3_3ebxxu,t1_ctdn0oz,t1_ctdjt1a,0.42696629213483145,0.2222222222222222,0.20474406991260924
p_3761,t3_3ebqsa,t1_ctdwdgw,t1_ctdgbbx,0.3902439024390244,0.47368421052631576,-0.08344030808729136
p_3762,t3_3eb9u6,t1_ctda3bt,t1_ctdi2vm,0.25925925925925924,0.3333333333333333,-0.07407407407407407
p_3763,t3_3eb9u6,t1_ctdaich,t1_ctdi2vm,0.5357142857142857,0.3333333333333333,0.20238095238095238
p_3764,t3_3eai2b,t1_ctdmsz0,t1_ctdas7y,0.5,0.5056179775280899,-0.005617977528089901
p_3765,t3_3eai2b,t1_ctdc31l,t1_ctdas7y,0.4318181818181818,0.5056179775280899,-0.07379979570990808
p_3766,t3_3ea4kl,t1_ctczlq4,t1_ctcz6mu,0.14545454545454545,0.12195121951219512,0.023503325942350328
p_3768,t3_3e811o,t1_ctcjrd5,t1_ctcd4vr,0.3026315789473684,0.2631578947368421,0.03947368421052633
p_3775,t3_3dt3vy,t1_ct8epzw,t1_ct8xeko,0.373134328358209,0.3090909090909091,0.0640434192672999
p_3776,t3_3drmw1,t1_ct7z6k1,t1_ct7zd7f,0.18867924528301888,0.2978723404255319,-0.10919309514251302
p_3777,t3_3dqi0b,t1_ct7ojzo,t1_ct7o4hu,0.32894736842105265,0.3076923076923077,0.021255060728744946
p_3779,t3_3dnhsi,t1_ct6vf40,t1_ct7n9bz,0.40816326530612246,0.34782608695652173,0.06033717834960073
p_3786,t3_3dkeyo,t1_ct60a1q,t1_ct60gf9,0.3968253968253968,0.26785714285714285,0.12896825396825395
p_3787,t3_3dk4k6,t1_ct68k3i,t1_ct5ylmw,0.4777777777777778,0.30120481927710846,0.17657295850066934
p_3789,t3_3dj5zp,t1_ct5ndqg,t1_ct5pov6,0.4266666666666667,0.35294117647058826,0.07372549019607844
p_3790,t3_3dhxmu,t1_ct59siv,t1_ct5em85,0.37142857142857144,0.35555555555555557,0.015873015873015872
p_3791,t3_3dhww4,t1_ct59ny2,t1_ct5c1n1,0.3472222222222222,0.4520547945205479,-0.10483257229832571
p_3792,t3_3dhvig,t1_ct5cmrc,t1_ct5dd1p,0.6206896551724138,0.41,0.21068965517241384
p_3793,t3_3dhde9,t1_ct68xez,t1_ct55tgc,0.5303030303030303,0.2413793103448276,0.28892371995820265
p_3794,t3_3dh1ns,t1_ct5dtcs,t1_ct5eykr,0.41935483870967744,0.4126984126984127,0.00665642601126476
p_3795,t3_3dgf6j,t1_ct54lyk,t1_ct5gs7l,0.30952380952380953,0.2037037037037037,0.10582010582010584
p_3796,t3_3dgf6j,t1_ct5oi70,t1_ct5c1wd,0.3875,0.24528301886792453,0.14221698113207548
p_3797,t3_3dfjej,t1_ct4p5yg,t1_ct4yewo,0.2564102564102564,0.48314606741573035,-0.22673581100547396
p_3800,t3_3df1t2,t1_ct4iy6y,t1_ct4ij06,0.3333333333333333,0.47368421052631576,-0.14035087719298245
p_3801,t3_3det6i,t1_ct4g7xl,t1_ct4gbpx,0.2982456140350877,0.32075471698113206,-0.022509102946044357
p_3802,t3_3deose,t1_ct4eh79,t1_ct4g0jb,0.39655172413793105,0.4603174603174603,-0.06376573617952924
p_3803,t3_3deose,t1_ct4f9rz,t1_ct4g0jb,0.43478260869565216,0.4603174603174603,-0.02553485162180813
p_3804,t3_3deose,t1_ct4fbji,t1_ct5641w,0.41333333333333333,0.4175824175824176,-0.004249084249084267
p_3805,t3_3deose,t1_ct4ewzd,t1_ct4g0jb,0.5645161290322581,0.4603174603174603,0.10419866871479783
p_3806,t3_3de3uy,t1_ct4agqd,t1_ct494c3,0.3484848484848485,0.4117647058823529,-0.06327985739750441
p_3807,t3_3ddw70,t1_ct47mit,t1_ct4jbe5,0.4470588235294118,0.4457831325301205,0.0012756909992913124
p_3808,t3_3ddw70,t1_ct481p1,t1_ct48oqy,0.35714285714285715,0.4659090909090909,-0.10876623376623373
p_3814,t3_3dbole,t1_ct3p6ns,t1_ct478ih,0.5,0.32857142857142857,0.17142857142857143
p_3815,t3_3dbm0n,t1_ct3lx2j,t1_ct3ly0v,0.36,0.3582089552238806,0.0017910447761194104
p_3816,t3_3dbkzb,t1_ct3ojfw,t1_ct3m5s5,0.4146341463414634,0.4444444444444444,-0.029810298102981025
p_3819,t3_3d7ar8,t1_ct2lat5,t1_ct2ki11,0.2909090909090909,0.18181818181818182,0.10909090909090907
p_3821,t3_3d70nm,t1_ct2ew4r,t1_ct2j33u,0.24074074074074073,0.3492063492063492,-0.10846560846560846
p_3822,t3_3d70nm,t1_ct2dshn,t1_ct2eddg,0.18867924528301888,0.18181818181818182,0.006861063464837058
p_3824,t3_3d6eeo,t1_ct28lpu,t1_ct2avdj,0.4642857142857143,0.3950617283950617,0.0692239858906526
p_3825,t3_3d5kur,t1_ct1ztbe,t1_ct1zr52,0.30357142857142855,0.3148148148148148,-0.011243386243386277
p_3827,t3_3d4z8m,t1_ct20a6w,t1_ct1t0m5,0.36486486486486486,0.14583333333333334,0.21903153153153151
p_3829,t3_3d26wz,t1_ct28b6n,t1_ct16kmz,0.36,0.3620689655172414,-0.0020689655172413945
p_3830,t3_3d0d6p,t1_ct0o5u1,t1_ct0n6t4,0.48936170212765956,0.3142857142857143,0.17507598784194528
p_3831,t3_3d01ke,t1_ct0juu5,t1_ct0mdna,0.208955223880597,0.35294117647058826,-0.14398595258999125
p_3833,t3_3czjmn,t1_ct0n1h1,t1_ct0p4tx,0.44155844155844154,0.5102040816326531,-0.06864564007421153
p_3834,t3_3cze07,t1_ct0u8p8,t1_ct1w2jq,0.4166666666666667,0.48484848484848486,-0.06818181818181818
p_3836,t3_3cze07,t1_ct10eyn,t1_ct10av3,0.3448275862068966,0.2962962962962963,0.048531289910600295
p_3837,t3_3cz50i,t1_ct0beon,t1_ct0crzd,0.3484848484848485,0.4,-0.051515151515151514
p_3838,t3_3cyvok,t1_ct09dsg,t1_ct0cry8,0.3950617283950617,0.41333333333333333,-0.018271604938271624
p_3840,t3_3cwzdr,t1_cszqsrm,t1_csztuip,0.4074074074074074,0.379746835443038,0.027660571964369385
p_3841,t3_3cwzdr,t1_cszr0ac,t1_cszzijk,0.43,0.3904761904761905,0.03952380952380952
p_3842,t3_3cwzdr,t1_cszsao6,t1_cszzijk,0.4838709677419355,0.3904761904761905,0.09339477726574502
p_3843,t3_3curfb,t1_cszctr2,t1_cszdmwi,0.38235294117647056,0.37,0.012352941176470567
p_3846,t3_3ctbdn,t1_csywwyk,t1_csyw0z6,0.3673469387755102,0.4444444444444444,-0.0770975056689342
p_3848,t3_3csry4,t1_csyq5kj,t1_csypjon,0.4,0.3225806451612903,0.07741935483870971
p_3849,t3_3csg70,t1_csyk6pl,t1_csyj9wf,0.45454545454545453,0.3835616438356164,0.07098381070983811
p_3850,t3_3csg70,t1_csyjkqi,t1_csyt2k1,0.423728813559322,0.2,0.223728813559322
p_3852,t3_3cqwqj,t1_csy6eer,t1_csyclib,0.38461538461538464,0.45454545454545453,-0.0699300699300699
p_3853,t3_3cpk6q,t1_csxrzz6,t1_csxtt55,0.46153846153846156,0.375,0.08653846153846156
p_3855,t3_3cp5ze,t1_csxym6c,t1_csynpti,0.6082474226804123,0.5340909090909091,0.07415651358950326
p_3856,t3_3cp5ze,t1_csxnidr,t1_csxornz,0.2692307692307692,0.32894736842105265,-0.05971659919028344
p_3859,t3_3cntuq,t1_csxdzvx,t1_csxc29e,0.32,0.4864864864864865,-0.1664864864864865
p_3861,t3_3cm04x,t1_csx5p48,t1_csxeu2k,0.28888888888888886,0.2765957446808511,0.012293144208037787
p_3862,t3_3clrl2,t1_csx7zrc,t1_csx8zq4,0.4,0.3333333333333333,0.06666666666666671
p_3863,t3_3cjime,t1_csw3vb7,t1_csw3t7x,0.5595238095238095,0.3880597014925373,0.1714641080312722
p_3865,t3_3chnd1,t1_csvsvf5,t1_csw6ssk,0.2898550724637681,0.3225806451612903,-0.03272557269752219
p_3866,t3_3ch5ru,t1_csvhoip,t1_csvipb5,0.32142857142857145,0.38461538461538464,-0.06318681318681318
p_3867,t3_3cgwcw,t1_csvjbyd,t1_csvi6d6,0.46236559139784944,0.40476190476190477,0.05760368663594467
p_3868,t3_3cgf0e,t1_cswm70o,t1_csvf90l,0.3684210526315789,0.3181818181818182,0.05023923444976075
p_3869,t3_3cgb39,t1_csvchfw,t1_csva8ip,0.39622641509433965,0.45901639344262296,-0.06278997834828332
p_3871,t3_3cexf4,t1_csvberp,t1_csv33hr,0.3939393939393939,0.4266666666666667,-0.03272727272727277
p_3872,t3_3cemxp,t1_csuzkq9,t1_csuwsj4,0.12698412698412698,0.3387096774193548,-0.21172555043522784
p_3873,t3_3cccrj,t1_csuafa7,t1_csu9eyk,0.4578313253012048,0.3380281690140845,0.1198031562871203
p_3874,t3_3cayqx,t1_cstvm0f,t1_csunb3m,0.3879310344827586,0.30434782608695654,0.08358320839580208
p_3875,t3_3cayqx,t1_cstvlmi,t1_csuqreg,0.4778761061946903,0.4824561403508772,-0.004580034156186907
p_3877,t3_3cavj4,t1_cstv538,t1_cstveu6,0.5172413793103449,0.4,0.11724137931034484
p_3879,t3_3c98q4,t1_csu2svh,t1_cstm5hj,0.17777777777777778,0.36065573770491804,-0.18287795992714026
p_3882,t3_3c7i98,t1_cst34iw,t1_cstc95e,0.39473684210526316,0.3950617283950617,-0.0003248862897985427
p_3883,t3_3c7i98,t1_cst4n6b,t1_cssyowf,0.3695652173913043,0.4791666666666667,-0.10960144927536236
p_3884,t3_3c7hdt,t1_cssyep4,t1_cssyplh,0.3409090909090909,0.39622641509433965,-0.05531732418524876
p_3885,t3_3c7bxx,t1_cssy476,t1_cssz8bw,0.47191011235955055,0.4025974025974026,0.06931270976214793
p_3886,t3_3c7bxx,t1_cssx724,t1_cssyebj,0.3548387096774194,0.3484848484848485,0.006353861192570864
p_3887,t3_3c7bxx,t1_csswyf9,t1_cssyx4a,0.42105263157894735,0.3384615384615385,0.08259109311740886
p_3888,t3_3c79ax,t1_cstmdkn,t1_cst2h3f,0.29577464788732394,0.30303030303030304,-0.0072556551429791005
p_3889,t3_3c4zj4,t1_cssgey0,t1_cssmoek,0.3333333333333333,0.32558139534883723,0.007751937984496082
p_3892,t3_3c4ur8,t1_csstz3k,t1_cssgupg,0.4166666666666667,0.4153846153846154,0.0012820512820512775
p_3893,t3_3c4cgb,t1_css5ynt,t1_css4koj,0.25925925925925924,0.34146341463414637,-0.08220415537488712
p_3894,t3_3c1zj9,t1_csrkkl3,t1_csrki9f,0.34523809523809523,0.31666666666666665,0.02857142857142858
p_3895,t3_3c17uc,t1_csrdlff,t1_csrifkt,0.28125,0.3770491803278688,-0.09579918032786883
p_3897,t3_3bxmo5,t1_csqhtr5,t1_csql6b1,0.40384615384615385,0.3673469387755102,0.03649921507064363
p_3898,t3_3bxfo6,t1_csqmc1m,t1_csqifhm,0.4583333333333333,0.4583333333333333,0.0
p_3899,t3_3bvjuk,t1_cspw440,t1_csrek47,0.38961038961038963,0.3287671232876712,0.060843266322718415
p_3901,t3_3bth79,t1_csq2nx8,t1_cspwvty,0.3103448275862069,0.3387096774193548,-0.02836484983314791
p_3902,t3_3bsou9,t1_csp5h2g,t1_cspiswo,0.44155844155844154,0.22666666666666666,0.21489177489177488
p_3904,t3_3brtn7,t1_csozaec,t1_csoyw8u,0.3055555555555556,0.2638888888888889,0.041666666666666685
p_3905,t3_3bqwex,t1_csompka,t1_csomtdh,0.5441176470588235,0.2777777777777778,0.2663398692810457
p_3906,t3_3bqwex,t1_csorp8q,t1_cson8bj,0.42857142857142855,0.5072463768115942,-0.07867494824016569
p_3908,t3_3bo4jt,t1_cso0zon,t1_csnwp3y,0.35384615384615387,0.34375,0.010096153846153866
p_3909,t3_3bnf96,t1_csnpy6t,t1_csnprkc,0.2857142857142857,0.35,-0.06428571428571428
p_3910,t3_3bnan1,t1_csnruno,t1_csnpv63,0.2875,0.275,0.012499999999999956
p_3911,t3_3blafk,t1_csn7a18,t1_csndd8w,0.42857142857142855,0.39436619718309857,0.03420523138832998
p_3913,t3_3bh98p,t1_csmf3ub,t1_csmc3eh,0.2222222222222222,0.21951219512195122,0.0027100271002709897
p_3914,t3_3bgni1,t1_cslzxdh,t1_cslyqv4,0.3617021276595745,0.2926829268292683,0.06901920083030622
p_3915,t3_3bfy1c,t1_csls1iv,t1_cslt1od,0.3181818181818182,0.25,0.06818181818181818
p_3916,t3_3bfsz3,t1_cslqq37,t1_cslrrds,0.3870967741935484,0.3617021276595745,0.025394646533973886
p_3917,t3_3bfrve,t1_csmj6kc,t1_cslufx2,0.5,0.44565217391304346,0.05434782608695654
p_3920,t3_3be88i,t1_cslgmna,t1_cslflrz,0.26666666666666666,0.3880597014925373,-0.12139303482587066
p_3923,t3_3bdv00,t1_csld97c,t1_csl9q5t,0.367816091954023,0.39436619718309857,-0.026550105229075582
p_3924,t3_3bdv00,t1_csltmou,t1_cslb8xi,0.3235294117647059,0.34,-0.016470588235294126
p_3925,t3_3bd8kh,t1_csl6slc,t1_csl587l,0.1791044776119403,0.2857142857142857,-0.10660980810234541
p_3926,t3_3bd8kh,t1_csl5ba1,t1_csl587l,0.3380281690140845,0.2857142857142857,0.0523138832997988
p_3927,t3_3bcp2n,t1_csl43ts,t1_csl3e30,0.4084507042253521,0.328125,0.08032570422535212
p_3929,t3_3bc4if,t1_cslj62e,t1_cskt9uf,0.4024390243902439,0.36585365853658536,0.03658536585365857
p_3930,t3_3bbxyv,t1_cskwmb5,t1_cskrtjj,0.38571428571428573,0.4307692307692308,-0.04505494505494506
p_3932,t3_3b7rjo,t1_csjnvbr,t1_csjnx6u,0.4090909090909091,0.47435897435897434,-0.06526806526806522
p_3934,t3_3b60s8,t1_csj6vl4,t1_csj6ucq,0.4,0.32653061224489793,0.07346938775510209
p_3935,t3_3b60s8,t1_csj6qcn,t1_csj6ucq,0.4142857142857143,0.32653061224489793,0.08775510204081638
p_3936,t3_3b5udg,t1_csj5cco,t1_csj62ym,0.29411764705882354,0.3333333333333333,-0.039215686274509776
p_3937,t3_3b3s26,t1_csikhqa,t1_csizt4g,0.463768115942029,0.42424242424242425,0.03952569169960474
p_3938,t3_3b3s26,t1_csinn2z,t1_csilwsy,0.4383561643835616,0.41333333333333333,0.02502283105022829
p_3940,t3_3b3s26,t1_csj8r3h,t1_csjh1er,0.28125,0.5142857142857142,-0.23303571428571423
p_3943,t3_3aweej,t1_csgl5n3,t1_csgl50z,0.43478260869565216,0.4915254237288136,-0.05674281503316142
p_3944,t3_3aw1uk,t1_csghmnt,t1_csghmsc,0.3559322033898305,0.21818181818181817,0.13775038520801233
p_3945,t3_3avhws,t1_csgfhi0,t1_csh8ors,0.3448275862068966,0.36470588235294116,-0.019878296146044583
p_3947,t3_3atkce,t1_csgbg47,t1_csfw4e2,0.4246575342465753,0.41975308641975306,0.004904447826822256
p_3948,t3_3atkce,t1_csfy1wp,t1_csfynp2,0.36065573770491804,0.2692307692307692,0.09142496847414883
p_3951,t3_3asyzb,t1_csfojsx,t1_csfoidu,0.44,0.3424657534246575,0.09753424657534249
p_3949,t3_3asyzb,t1_csfoiyw,t1_csfp13b,0.2571428571428571,0.3698630136986301,-0.112720156555773
p_3952,t3_3argex,t1_csfb50r,t1_csf9txd,0.2777777777777778,0.46,-0.18222222222222223
p_3953,t3_3argex,t1_csf9rhm,t1_csfa4gt,0.27450980392156865,0.37777777777777777,-0.10326797385620912
p_3954,t3_3aq0ij,t1_cseyfmf,t1_csf3dvk,0.3392857142857143,0.3829787234042553,-0.043693009118541015
p_3955,t3_3apczi,t1_cseq9zw,t1_csf36xd,0.4883720930232558,0.527027027027027,-0.03865493400377118
p_3956,t3_3anzqm,t1_cseek90,t1_csf57m7,0.3950617283950617,0.40298507462686567,-0.007923346231803963
p_3958,t3_3anfy4,t1_csezvw7,t1_csfvxf5,0.4444444444444444,0.5918367346938775,-0.14739229024943312
p_3959,t3_3amks3,t1_cse04e1,t1_cse06yf,0.3709677419354839,0.2786885245901639,0.09227921734531996
p_3960,t3_3amks3,t1_cse088c,t1_csdzw5z,0.43661971830985913,0.3018867924528302,0.13473292585702895
p_3961,t3_3amjrk,t1_cse2b43,t1_cse2e1a,0.3793103448275862,0.3508771929824561,0.028433151845130067
p_3963,t3_3ajn0a,t1_csda1xc,t1_csd7usc,0.3333333333333333,0.3442622950819672,-0.010928961748633892
p_3964,t3_3ajaa6,t1_csd6bdb,t1_csdib45,0.24444444444444444,0.325,-0.08055555555555557
p_3965,t3_3aimk2,t1_csd7mip,t1_csd1vz4,0.584070796460177,0.638095238095238,-0.05402444163506104
p_3966,t3_3afuie,t1_csc8p2d,t1_cscbdx0,0.1875,0.40789473684210525,-0.22039473684210525
p_3967,t3_3acxa4,t1_csbkvf8,t1_csbgdpk,0.36893203883495146,0.3389830508474576,0.029948987987493847
p_3968,t3_3aco44,t1_csblx8d,t1_csbjlck,0.4868421052631579,0.2916666666666667,0.19517543859649122
p_3969,t3_3acm0d,t1_csbe584,t1_csbdx0v,0.3013698630136986,0.31746031746031744,-0.01609045444661883
p_3971,t3_3abfdn,t1_csb9hv6,t1_csb2as0,0.3230769230769231,0.2903225806451613,0.032754342431761785
p_3972,t3_3abaqq,t1_csb38zu,t1_csb0t4r,0.4470588235294118,0.45348837209302323,-0.0064295485636114424
p_3976,t3_3a8arj,t1_csb25uo,t1_csa740s,0.4375,0.28378378378378377,0.15371621621621623
p_3975,t3_3a8arj,t1_csa7uvc,t1_csag2ec,0.3950617283950617,0.3918918918918919,0.0031698365031698206
p_3977,t3_3a7ys8,t1_csa4ppt,t1_csakjm1,0.4444444444444444,0.2,0.2444444444444444
p_3978,t3_3a7ys8,t1_csa41uf,t1_csakjm1,0.2535211267605634,0.2,0.053521126760563364
p_3979,t3_3a7ys8,t1_csa7eao,t1_csaftry,0.4567901234567901,0.4166666666666667,0.04012345679012341
p_3980,t3_3a6yg4,t1_cs9xgqf,t1_csaitas,0.3235294117647059,0.42857142857142855,-0.10504201680672265
p_3981,t3_3a6sfg,t1_cs9tnoi,t1_cs9t2mb,0.36065573770491804,0.27450980392156865,0.0861459337833494
p_3982,t3_3a6sfg,t1_cs9u81l,t1_csa0tu8,0.4126984126984127,0.2037037037037037,0.20899470899470898
p_3983,t3_3a6sfg,t1_cs9uuka,t1_cs9v38y,0.3050847457627119,0.2542372881355932,0.050847457627118675
p_3985,t3_3a6sfg,t1_cs9ty4c,t1_cs9tcqo,0.35064935064935066,0.21818181818181817,0.13246753246753248
p_3984,t3_3a6sfg,t1_cs9tqur,t1_csa781a,0.32857142857142857,0.30357142857142855,0.025000000000000022
p_3986,t3_3a6sfg,t1_csacapm,t1_cs9wsj6,0.4,0.25,0.15000000000000002
p_3987,t3_3a6nix,t1_cs9ymgy,t1_cs9xs4k,0.23863636363636365,0.26744186046511625,-0.028805496828752608
p_3988,t3_3a6nix,t1_csa3hjg,t1_cs9xpu5,0.3181818181818182,0.5742574257425742,-0.25607560756075604
p_3989,t3_3a47yn,t1_cs96cyo,t1_cs96mzz,0.21428571428571427,0.2972972972972973,-0.08301158301158304
p_3990,t3_3a44py,t1_cs97753,t1_cs95esh,0.47058823529411764,0.45652173913043476,0.014066496163682884
p_3991,t3_3a44py,t1_cs94osm,t1_cs95esh,0.3684210526315789,0.45652173913043476,-0.08810068649885583
p_3992,t3_3a44py,t1_cs95hzu,t1_cs95esh,0.3611111111111111,0.45652173913043476,-0.09541062801932365
p_3996,t3_3a2kst,t1_cs8otu7,t1_cs8qjhb,0.39285714285714285,0.38461538461538464,0.008241758241758212
p_3997,t3_3a2kps,t1_cs8oy5s,t1_cs8pl4s,0.3333333333333333,0.3230769230769231,0.01025641025641022
p_3998,t3_3a2kps,t1_cs8w2yw,t1_cs8voy5,0.4567901234567901,0.1791044776119403,0.2776856458448498
p_3999,t3_3a27yg,t1_cs8nx8v,t1_cs8njw2,0.3472222222222222,0.3835616438356164,-0.03633942161339421
p_4000,t3_3a27yg,t1_cs8u90i,t1_cs8z4yz,0.32894736842105265,0.34782608695652173,-0.018878718535469075
p_4001,t3_3a27yg,t1_cs98bq1,t1_cs8lemy,0.5161290322580645,0.42168674698795183,0.09444228527011267
p_4002,t3_3a1zva,t1_cs8kcyk,t1_cs8k3ho,0.3269230769230769,0.34545454545454546,-0.01853146853146853
p_4003,t3_3a1llw,t1_cs8f5f6,t1_cs8grh5,0.49019607843137253,0.4067796610169492,0.08341641741442335
p_4004,t3_3a1llw,t1_cs8otpf,t1_cs8epuj,0.44642857142857145,0.34545454545454546,0.100974025974026
p_4006,t3_39y3l4,t1_cs7hm0x,t1_cs7hrpe,0.453125,0.43103448275862066,0.022090517241379337
p_4007,t3_39xc0u,t1_cs7s05a,t1_cs7ksi5,0.45794392523364486,0.524390243902439,-0.06644631866879419
p_4008,t3_39vjw8,t1_cs6yty8,t1_cs75jk8,0.2967032967032967,0.38028169014084506,-0.08357839343754836
p_4009,t3_39tm84,t1_cs6dg04,t1_cs6p5zn,0.3103448275862069,0.3,0.010344827586206917
p_4010,t3_39rlhg,t1_cs604vg,t1_cs5u7z4,0.3793103448275862,0.3235294117647059,0.05578093306288029
p_4011,t3_39rlhg,t1_cs61rw2,t1_cs5u7z4,0.41935483870967744,0.3235294117647059,0.09582542694497154
p_4012,t3_39r7s6,t1_cs5qjkd,t1_cs5pexs,0.36065573770491804,0.36363636363636365,-0.002980625931445602
p_4013,t3_39pwzl,t1_cs5e1x6,t1_cs5dyl3,0.44285714285714284,0.30303030303030304,0.1398268398268398
p_4015,t3_39o24x,t1_cs51oox,t1_cs53w1p,0.3333333333333333,0.26436781609195403,0.06896551724137928
p_4019,t3_39o24x,t1_cs519gf,t1_cs53w1p,0.25,0.26436781609195403,-0.014367816091954033
p_4018,t3_39o24x,t1_cs51cou,t1_cs51mes,0.2159090909090909,0.32941176470588235,-0.11350267379679144
p_4020,t3_39mibw,t1_cs4mto6,t1_cs4n3wq,0.4,0.3448275862068966,0.05517241379310345
p_4022,t3_39mgic,t1_cs4lprf,t1_cs6cp67,0.3561643835616438,0.2894736842105263,0.06669069935111749
p_4024,t3_39kdu2,t1_cs44pon,t1_cs433uj,0.4722222222222222,0.2753623188405797,0.1968599033816425
p_4025,t3_39jwup,t1_cs46pqo,t1_cs4a7ru,0.42857142857142855,0.42857142857142855,0.0
p_4026,t3_39int7,t1_cs3rx5b,t1_cs3s38w,0.5526315789473685,0.6,-0.047368421052631504
p_4027,t3_39int7,t1_cs3qpta,t1_cs3s2nm,0.323943661971831,0.26865671641791045,0.05528694555392055
p_4028,t3_39gzr7,t1_cs3agsc,t1_cs3ibde,0.29577464788732394,0.3148148148148148,-0.019040166927490887
p_4029,t3_39gecw,t1_cs34hhp,t1_cs34bq6,0.2653061224489796,0.29411764705882354,-0.02881152460984393
p_4032,t3_39fdgq,t1_cs2vs00,t1_cs3vhdu,0.3617021276595745,0.2926829268292683,0.06901920083030622
p_4034,t3_39cnaw,t1_cs2c2cg,t1_cs2ak8s,0.45454545454545453,0.19718309859154928,0.2573623559539052
p_4037,t3_39an4v,t1_cs1rnz3,t1_cs1qvzv,0.4406779661016949,0.5348837209302325,-0.0942057548285376
p_4038,t3_3973q1,t1_cs0zdjz,t1_cs0x3jw,0.3333333333333333,0.3283582089552239,0.00497512437810943
p_4040,t3_396i03,t1_cs0u4rr,t1_cs1pfx6,0.2545454545454545,0.2727272727272727,-0.018181818181818188
p_4041,t3_396ds4,t1_cs0r30x,t1_cs0rkfk,0.2978723404255319,0.36363636363636365,-0.06576402321083175
p_4042,t3_396ds4,t1_cs0pu9z,t1_cs0rkfk,0.42105263157894735,0.36363636363636365,0.0574162679425837
p_4045,t3_394d49,t1_cs0kixk,t1_cs0kzwk,0.3050847457627119,0.2807017543859649,0.024382991376746987
p_4046,t3_393acp,t1_cs0gkne,t1_cs03ftc,0.3392857142857143,0.4489795918367347,-0.10969387755102039
p_4047,t3_391syd,t1_crzm90i,t1_crzmejp,0.4861111111111111,0.2894736842105263,0.19663742690058478
p_4050,t3_38x3jr,t1_cryip44,t1_crys2g6,0.35064935064935066,0.4626865671641791,-0.11203721651482845
p_4051,t3_38wxwu,t1_cryi2ij,t1_crygq09,0.2962962962962963,0.34615384615384615,-0.049857549857549865
p_4052,t3_38wrju,t1_crygoz5,t1_cryxmv8,0.2727272727272727,0.39473684210526316,-0.12200956937799046
p_4054,t3_38s7v1,t1_crxxvxw,t1_crxhlos,0.49056603773584906,0.4574468085106383,0.03311922922521077
p_4056,t3_38qcbx,t1_crx7b22,t1_crx75t9,0.34615384615384615,0.3409090909090909,0.0052447552447552614
p_4057,t3_38pbd5,t1_crwsbqv,t1_crxjvmc,0.42592592592592593,0.2765957446808511,0.14933018124507486
p_4060,t3_38nv4x,t1_crwj8qj,t1_crwnz8i,0.2909090909090909,0.25,0.040909090909090895
p_4061,t3_38nv4x,t1_crwoni8,t1_crwub6q,0.43209876543209874,0.43283582089552236,-0.0007370554634236193
p_4062,t3_38lqjc,t1_crvzt6q,t1_crvzmx5,0.43478260869565216,0.32857142857142857,0.10621118012422359
p_4063,t3_38kv3z,t1_crwg43c,t1_crxycdw,0.4262295081967213,0.32786885245901637,0.09836065573770492
p_4064,t3_38ks5m,t1_crvtej9,t1_crvxmr6,0.36363636363636365,0.3888888888888889,-0.02525252525252525
p_4065,t3_38jijq,t1_crvigw7,t1_crvi4ft,0.3064516129032258,0.18181818181818182,0.12463343108504399
p_4068,t3_38hvec,t1_crv5pod,t1_crva2wu,0.5272727272727272,0.38095238095238093,0.1463203463203463
p_4070,t3_38hvec,t1_crvb81l,t1_crvbp5u,0.3,0.325,-0.025000000000000022
p_4071,t3_38esaa,t1_cruufn4,t1_cruhp7v,0.24489795918367346,0.2,0.04489795918367345
p_4072,t3_38ehc6,t1_crug3c6,t1_cruge8m,0.3333333333333333,0.2923076923076923,0.04102564102564099
p_4073,t3_38ehc6,t1_crufbnb,t1_cruge8m,0.38461538461538464,0.2923076923076923,0.09230769230769231
p_4074,t3_38b3d9,t1_crtqxff,t1_crtzoqd,0.34146341463414637,0.3088235294117647,0.03263988522238165
p_4075,t3_38ah82,t1_crtkrsw,t1_crtl6k2,0.30952380952380953,0.32,-0.010476190476190472
p_4078,t3_3856c4,t1_crsfw83,t1_crsdpxt,0.375,0.3076923076923077,0.06730769230769229
p_4079,t3_383qcb,t1_crs0xzi,t1_crs1phn,0.1875,0.3090909090909091,-0.12159090909090908
p_4080,t3_383qcb,t1_crs37s2,t1_crs5obi,0.25,0.36,-0.10999999999999999
p_4081,t3_382uqn,t1_crrvd7b,t1_crsvp2m,0.3142857142857143,0.23529411764705882,0.07899159663865546
p_4084,t3_382uqn,t1_crsgxg7,t1_crsvp2m,0.2835820895522388,0.23529411764705882,0.04828797190517997
p_4085,t3_381ey6,t1_crrlwhm,t1_crrsigq,0.4666666666666667,0.3611111111111111,0.10555555555555557
p_4086,t3_381ey6,t1_crrj8n5,t1_crrl2sb,0.29411764705882354,0.36231884057971014,-0.0682011935208866
p_4087,t3_381ey6,t1_crrj6x9,t1_crrsoh1,0.5060240963855421,0.4032258064516129,0.10279828993392925
p_4088,t3_3814fe,t1_crs7vs7,t1_crrr3vr,0.15789473684210525,0.34210526315789475,-0.1842105263157895
p_4089,t3_3814fe,t1_crrqjbh,t1_crrr3vr,0.21428571428571427,0.34210526315789475,-0.12781954887218047
p_4090,t3_37ypcc,t1_crqzfaw,t1_crrcx9w,0.391304347826087,0.4117647058823529,-0.020460358056265948
p_4092,t3_37x4xe,t1_crqnq2r,t1_crqlwke,0.26666666666666666,0.423728813559322,-0.15706214689265535
p_4095,t3_37ug2e,t1_crpxli7,t1_crpxq2o,0.40816326530612246,0.2619047619047619,0.14625850340136054
p_4096,t3_37u8cs,t1_crpxfwt,t1_crq0vt4,0.3111111111111111,0.3333333333333333,-0.0222222222222222
p_4098,t3_37te7r,t1_crq15b7,t1_crpr6qy,0.2786885245901639,0.3181818181818182,-0.039493293591654266
p_4100,t3_37scpk,t1_crpm7rq,t1_crphi3e,0.463768115942029,0.2830188679245283,0.1807492480175007
p_4099,t3_37scpk,t1_crpjym2,t1_crpj42q,0.5,0.3508771929824561,0.14912280701754388
p_4101,t3_37r5aa,t1_crp4yya,t1_crp52u5,0.2982456140350877,0.234375,0.0638706140350877
p_4102,t3_37p0d8,t1_crolmg0,t1_cros9jk,0.5230769230769231,0.41818181818181815,0.10489510489510495
p_4103,t3_37p0d8,t1_crolte5,t1_cror8od,0.4367816091954023,0.417910447761194,0.018871161434208306
p_4105,t3_37okwz,t1_crol9eo,t1_crohrkg,0.30666666666666664,0.37333333333333335,-0.06666666666666671
p_4104,t3_37okwz,t1_croli1i,t1_croiuun,0.4942528735632184,0.3055555555555556,0.18869731800766282
p_4107,t3_37nxjn,t1_crotvnl,t1_crobn4e,0.3559322033898305,0.390625,-0.034692796610169496
p_4108,t3_37nv7l,t1_crobgcl,t1_croatus,0.46774193548387094,0.5932203389830508,-0.12547840349917988
p_4109,t3_37nv7l,t1_crod5fw,t1_crobejx,0.463768115942029,0.28125,0.182518115942029
p_4113,t3_37jfl3,t1_crn7z3i,t1_crn9n8h,0.47058823529411764,0.3493975903614458,0.12119064493267184
p_4114,t3_37jfl3,t1_cro542n,t1_crn9n8h,0.36065573770491804,0.3493975903614458,0.011258147343472247
p_4115,t3_37jfl3,t1_crn8fep,t1_crnb7qs,0.4264705882352941,0.34615384615384615,0.08031674208144796
p_4116,t3_37j0tw,t1_crnmek9,t1_crn4uka,0.40789473684210525,0.5316455696202531,-0.12375083277814786
p_4117,t3_37i8f6,t1_crn97hc,t1_crn6u5k,0.4523809523809524,0.37333333333333335,0.07904761904761903
p_4119,t3_37i8f6,t1_crnc1m6,t1_crn6u5k,0.358974358974359,0.37333333333333335,-0.014358974358974375
p_4122,t3_37h70b,t1_crnpv8h,t1_crmnqm8,0.2826086956521739,0.32432432432432434,-0.04171562867215045
p_4124,t3_37h2pb,t1_crmzdc2,t1_crn24i7,0.40789473684210525,0.4880952380952381,-0.08020050125313283
p_4125,t3_37gzdo,t1_crmlb6i,t1_crml5su,0.21621621621621623,0.21621621621621623,0.0
p_4127,t3_37gzdo,t1_crn13m3,t1_crmleve,0.28,0.30434782608695654,-0.024347826086956514
p_4126,t3_37gzdo,t1_crmpjd9,t1_crmq520,0.2631578947368421,0.23684210526315788,0.02631578947368421
p_4128,t3_37gq9y,t1_crmtqyf,t1_crmj7w5,0.26582278481012656,0.46835443037974683,-0.20253164556962028
p_4129,t3_37fpzj,t1_crmgunx,t1_crmev4y,0.35443037974683544,0.34177215189873417,0.012658227848101278
p_4130,t3_37e6il,t1_crlxhoh,t1_crlycu1,0.3235294117647059,0.234375,0.0891544117647059
p_4131,t3_37e6il,t1_crmbvpl,t1_crmbrw9,0.42105263157894735,0.4166666666666667,0.00438596491228066
p_4132,t3_37c5ei,t1_crmai65,t1_crlk9hq,0.2604166666666667,0.27472527472527475,-0.014308608058608063
p_4133,t3_37b2pr,t1_crlhcyw,t1_crld5qe,0.39436619718309857,0.3764705882352941,0.017895608947804453
p_4134,t3_37956u,t1_crku1nj,t1_crktasi,0.4411764705882353,0.5,-0.05882352941176472
p_4136,t3_376s9u,t1_crkaoej,t1_crk67b4,0.38095238095238093,0.32,0.060952380952380925
p_4137,t3_376s9u,t1_crkcdfq,t1_crk61cm,0.29508196721311475,0.3541666666666667,-0.05908469945355194
p_4138,t3_375cgq,t1_crjtlue,t1_crkdcxu,0.3559322033898305,0.28,0.07593220338983048
p_4139,t3_375cgq,t1_crju8kq,t1_crju0u6,0.37037037037037035,0.4528301886792453,-0.08245981830887494
p_4140,t3_374p4i,t1_crjo7t9,t1_crjoxub,0.27419354838709675,0.4032258064516129,-0.12903225806451613
p_4141,t3_373lxk,t1_crjfcxr,t1_crjh3wk,0.3116883116883117,0.35294117647058826,-0.04125286478227658
p_4146,t3_371vcx,t1_crj0j6i,t1_crj1d9h,0.3055555555555556,0.22058823529411764,0.08496732026143794
p_4147,t3_371t9v,t1_criyct1,t1_criz1vm,0.2786885245901639,0.22448979591836735,0.054198728671796564
p_4148,t3_371jts,t1_crj5qge,t1_crj0124,0.23809523809523808,0.4576271186440678,-0.21953188054882972
p_4149,t3_371iek,t1_criw393,t1_criw4gt,0.3898305084745763,0.40298507462686567,-0.013154566152289382
p_4151,t3_37131i,t1_crit8xo,t1_crise8t,0.2833333333333333,0.2571428571428571,0.02619047619047621
p_4152,t3_37131i,t1_crizuk3,t1_crise8t,0.25675675675675674,0.2571428571428571,-0.0003861003861003742
p_4153,t3_370rik,t1_crj6cfx,t1_crj8cj7,0.40229885057471265,0.5591397849462365,-0.15684093437152385
p_4154,t3_36wmyv,t1_crhsd0m,t1_crhpets,0.4225352112676056,0.3333333333333333,0.08920187793427231
p_4155,t3_36utu6,t1_crhapyz,t1_crhjyof,0.4157303370786517,0.3793103448275862,0.036419992251065514
p_4156,t3_36utu6,t1_crh9yic,t1_crhhhv0,0.44565217391304346,0.39080459770114945,0.05484757621189401
p_4157,t3_36utu6,t1_crhghlc,t1_crhhhv0,0.3253012048192771,0.39080459770114945,-0.06550339288187235
p_4158,t3_36utu6,t1_crhdevz,t1_crhc46p,0.5,0.5222222222222223,-0.022222222222222254
p_4159,t3_36utu6,t1_crhsu1b,t1_crhjyof,0.4588235294117647,0.3793103448275862,0.0795131845841785
p_4160,t3_36utu6,t1_crhkv7d,t1_crhubbh,0.5168539325842697,0.6,-0.08314606741573027
p_4161,t3_36utu6,t1_crhdith,t1_crhc46p,0.3614457831325301,0.5222222222222223,-0.16077643908969214
p_4163,t3_36u3s6,t1_crh9c6f,t1_crh4b3c,0.3333333333333333,0.32075471698113206,0.012578616352201255
p_4164,t3_36tyf9,t1_crh4v0f,t1_crh37pw,0.5157894736842106,0.425,0.09078947368421059
p_4165,t3_36t890,t1_crgxzpm,t1_crhepb2,0.2916666666666667,0.2413793103448276,0.05028735632183909
p_4166,t3_36rxl7,t1_crlw8uo,t1_crgw0wb,0.3230769230769231,0.36507936507936506,-0.042002442002441964
p_4168,t3_36r305,t1_crgcbrk,t1_crgb0m6,0.4,0.2857142857142857,0.11428571428571432
p_4169,t3_36r305,t1_crgbung,t1_crgk9p9,0.4576271186440678,0.3090909090909091,0.14853620955315872
p_4170,t3_36r305,t1_crgbjl7,t1_crgfecc,0.29411764705882354,0.22448979591836735,0.06962785114045619
p_4171,t3_36r305,t1_crgf3i9,t1_crgfecc,0.43137254901960786,0.22448979591836735,0.20688275310124052
p_4172,t3_36r305,t1_crgfk2y,t1_crgfecc,0.22807017543859648,0.22448979591836735,0.003580379520229132
p_4175,t3_36nz4d,t1_crfsbub,t1_crfkxmv,0.3076923076923077,0.34,-0.032307692307692315
p_4176,t3_36nz4d,t1_crfn04f,t1_crfnywz,0.4696969696969697,0.43548387096774194,0.03421309872922779
p_4177,t3_36ncax,t1_crfgebl,t1_crffh1u,0.2857142857142857,0.25806451612903225,0.027649769585253448
p_4180,t3_36iee8,t1_cre9a2g,t1_cretabl,0.2857142857142857,0.275,0.010714285714285676
p_4181,t3_36iee8,t1_crez4hc,t1_cretabl,0.25882352941176473,0.275,-0.016176470588235292
p_4182,t3_36htjx,t1_cre64ad,t1_cre4lsx,0.30985915492957744,0.3125,-0.0026408450704225594
p_4187,t3_36gp4w,t1_crdult8,t1_cree54y,0.3492063492063492,0.35294117647058826,-0.003734827264239071
p_4188,t3_36fnl9,t1_crdkebp,t1_crdk3ku,0.3333333333333333,0.42857142857142855,-0.09523809523809523
p_4189,t3_36fllr,t1_cre4905,t1_crdk6ds,0.3333333333333333,0.2711864406779661,0.062146892655367214
p_4190,t3_36eadt,t1_crd7ceh,t1_crdmuo9,0.24074074074074073,0.38636363636363635,-0.14562289562289563
p_4191,t3_36dprt,t1_crd5jwj,t1_crd60jm,0.38461538461538464,0.36666666666666664,0.017948717948717996
p_4192,t3_36ckmk,t1_crcyaft,t1_crcrx2m,0.46987951807228917,0.2972972972972973,0.17258222077499186
p_4193,t3_36cadv,t1_crd31fu,t1_crcyh42,0.37662337662337664,0.3974358974358974,-0.020812520812520774
p_4195,t3_36az4a,t1_crccjno,t1_crcd94m,0.32,0.4090909090909091,-0.08909090909090911
p_4196,t3_36az4a,t1_crcdumw,t1_crcd94m,0.40425531914893614,0.4090909090909091,-0.004835589941972973
p_4203,t3_366935,t1_crb48sd,t1_crb93o7,0.5666666666666667,0.425531914893617,0.14113475177304963
p_4204,t3_366935,t1_crb5ovt,t1_crb4po1,0.5274725274725275,0.24050632911392406,0.28696619835860343
p_4205,t3_366935,t1_crb3q3x,t1_crb93o7,0.5444444444444444,0.425531914893617,0.11891252955082737
p_4207,t3_3633hr,t1_cracfoy,t1_craetek,0.323943661971831,0.3333333333333333,-0.009389671361502316
p_4213,t3_362xxo,t1_craazhe,t1_cra7vj8,0.3088235294117647,0.3333333333333333,-0.024509803921568596
p_4212,t3_362xxo,t1_cra91kz,t1_cra8egz,0.5384615384615384,0.40963855421686746,0.12882298424467098
p_4208,t3_362xxo,t1_cra9nj2,t1_cra8egz,0.5238095238095238,0.40963855421686746,0.11417096959265638
p_4209,t3_362xxo,t1_cra9bnt,t1_cra8egz,0.29333333333333333,0.40963855421686746,-0.11630522088353412
p_4214,t3_362xxo,t1_crabevn,t1_cra82mu,0.25,0.34615384615384615,-0.09615384615384615
p_4211,t3_362xxo,t1_cra8ccq,t1_cra85vs,0.16901408450704225,0.4142857142857143,-0.24527162977867206
p_4215,t3_361st8,t1_cr9wx17,t1_craeuvo,0.47540983606557374,0.37681159420289856,0.09859824186267518
p_4216,t3_361st8,t1_cra0mwx,t1_cra9gv9,0.37142857142857144,0.44871794871794873,-0.07728937728937729
p_4217,t3_361st8,t1_craiwvx,t1_cra9gv9,0.4473684210526316,0.44871794871794873,-0.0013495276653171517
p_4218,t3_361cys,t1_cr9yzkw,t1_cr9y5g8,0.46236559139784944,0.3384615384615385,0.12390405293631096
p_4219,t3_361cys,t1_cr9xgc0,t1_cr9t6qc,0.44,0.3125,0.1275
p_4220,t3_360lwk,t1_cr9nixj,t1_cr9oak1,0.5135135135135135,0.3275862068965517,0.18592730661696177
p_4221,t3_360du5,t1_cr9k2gr,t1_cr9jhq4,0.43333333333333335,0.3698630136986301,0.06347031963470323
p_4222,t3_35zzer,t1_cr9gnue,t1_cr9i6m0,0.3625,0.4606741573033708,-0.09817415730337081
p_4223,t3_35zi4m,t1_cr9bdwl,t1_cr9fc4y,0.36666666666666664,0.2857142857142857,0.08095238095238094
p_4224,t3_35zguh,t1_cr9iv5x,t1_cr9h75a,0.390625,0.3698630136986301,0.020761986301369884
p_4226,t3_35z1es,t1_cr96tzb,t1_cr9571k,0.2962962962962963,0.24324324324324326,0.05305305305305302
p_4227,t3_35z1es,t1_cr99c3w,t1_cr9d0dl,0.2903225806451613,0.22413793103448276,0.06618464961067855
p_4228,t3_35y0qf,t1_cr8wgnx,t1_cr8vi2j,0.5121951219512195,0.5671641791044776,-0.05496905715325806
p_4229,t3_35wjd8,t1_cr8v07h,t1_cr8jbs1,0.31746031746031744,0.30952380952380953,0.007936507936507908
p_4230,t3_35w8v2,t1_cr8f3v2,t1_cr8f9ax,0.2727272727272727,0.3333333333333333,-0.06060606060606061
p_4231,t3_35w8v2,t1_cr8irdf,t1_cr8gplq,0.19047619047619047,0.39285714285714285,-0.20238095238095238
p_4233,t3_35toyd,t1_cr7qd1b,t1_cr85c8b,0.25,0.3076923076923077,-0.05769230769230771
p_4234,t3_35toyd,t1_cr7oo3y,t1_cr7xf53,0.4032258064516129,0.3333333333333333,0.06989247311827956
p_4235,t3_35sw2p,t1_cr7kk4p,t1_cr7ne8m,0.37333333333333335,0.3880597014925373,-0.014726368159203973
p_4237,t3_35s5bb,t1_cr7fgpo,t1_cr7juob,0.3125,0.4675324675324675,-0.15503246753246752
p_4240,t3_35ruv5,t1_cr7clfr,t1_cr7cinv,0.30158730158730157,0.22950819672131148,0.07207910486599009
p_4239,t3_35ruv5,t1_cr7bycz,t1_cr7d0y4,0.45454545454545453,0.30666666666666664,0.1478787878787879
p_4241,t3_35peeu,t1_cr6ssh1,t1_cr7l53q,0.3835616438356164,0.3333333333333333,0.0502283105022831
p_4242,t3_35oag9,t1_cr6dn1m,t1_cr6gxvj,0.35714285714285715,0.35526315789473684,0.0018796992481203145
p_4243,t3_35oag9,t1_cr6m2hi,t1_cr6gxvj,0.5164835164835165,0.35526315789473684,0.1612203585887797
p_4244,t3_35mgfp,t1_cr5tt2i,t1_cr68z3e,0.49333333333333335,0.23880597014925373,0.25452736318407965
p_4245,t3_35mgfp,t1_cr61twj,t1_cr5t999,0.3974358974358974,0.24285714285714285,0.15457875457875456
p_4246,t3_35mgfp,t1_cr5rof8,t1_cr68z3e,0.25,0.23880597014925373,0.011194029850746273
p_4247,t3_35md5x,t1_cr5qlbl,t1_cr6fywq,0.5254237288135594,0.5205479452054794,0.004875783608079942
p_4249,t3_35k9i9,t1_cr5buw4,t1_cr5km5t,0.41975308641975306,0.32051282051282054,0.09924026590693252
p_4252,t3_35gi8x,t1_cr4ky6p,t1_cr49czs,0.28169014084507044,0.40789473684210525,-0.12620459599703482
p_4253,t3_35gi8x,t1_cr4s724,t1_cr49czs,0.5194805194805194,0.40789473684210525,0.11158578263841418
p_4254,t3_35foy9,t1_cr3z6dk,t1_cr4asiu,0.5670103092783505,0.45161290322580644,0.11539740605254406
p_4257,t3_35foy9,t1_cr3z34g,t1_cr46bgq,0.35294117647058826,0.5,-0.14705882352941174
p_4258,t3_35foy9,t1_cr45f27,t1_cr4asiu,0.4574468085106383,0.45161290322580644,0.005833905284831853
p_4260,t3_35fjb1,t1_cr49j5s,t1_cr3xa7x,0.3170731707317073,0.23076923076923078,0.08630393996247654
p_4262,t3_35bc4b,t1_cr2suj3,t1_cr2s3nt,0.24,0.4125,-0.1725
p_4263,t3_35bc4b,t1_cr2sadm,t1_cr2soeg,0.171875,0.2835820895522388,-0.11170708955223879
