pair_id,root_id,success_id,failure_id,reply_frac_in_content_success,reply_frac_in_content_failure,difference_success_minus_failure
p_1,t3_2ro9ux,t1_cnhplrm,t1_cnhqcwz,0.12121212121212122,0.1590909090909091,-0.03787878787878787
p_2,t3_2ro0ti,t1_cnhuxye,t1_cnhowj2,0.07142857142857142,0.10204081632653061,-0.03061224489795919
p_3,t3_2rnr30,t1_cni3o83,t1_cnhlmdo,0.12686567164179105,0.09090909090909091,0.03595658073270014
p_5,t3_2rnfn0,t1_cnigfd9,t1_cnhjtqq,0.22527472527472528,0.296875,-0.07160027472527472
p_6,t3_2rmy6e,t1_cnhc8a5,t1_cnhmkxc,0.09523809523809523,0.09615384615384616,-0.0009157509157509264
p_7,t3_2rmy6e,t1_cnhjqws,t1_cnhmkxc,0.10101010101010101,0.09615384615384616,0.004856254856254849
p_11,t3_2rkzen,t1_cngw4hp,t1_cnhjlf9,0.4117647058823529,0.18604651162790697,0.22571819425444595
p_12,t3_2rkjr3,t1_cngqb7p,t1_cnhhz9u,0.3113207547169811,0.5,-0.18867924528301888
p_13,t3_2rk7my,t1_cngooa8,t1_cngpiso,0.10526315789473684,0.21052631578947367,-0.10526315789473684
p_14,t3_2rk7my,t1_cngoaq7,t1_cngoke7,0.19230769230769232,0.16666666666666666,0.02564102564102566
p_15,t3_2rgs7o,t1_cngkdic,t1_cnfu7mt,0.2625,0.3181818181818182,-0.055681818181818166
p_18,t3_2rd7mg,t1_cnetiqi,t1_cnfbr75,0.24,0.21830985915492956,0.021690140845070427
p_19,t3_2rd7mg,t1_cnethg8,t1_cnevo8r,0.2702702702702703,0.7714285714285715,-0.5011583011583012
p_20,t3_2rcsdh,t1_cneonwb,t1_cnerq8q,0.17708333333333334,0.11904761904761904,0.0580357142857143
p_21,t3_2rcsdh,t1_cnepre9,t1_cneta9f,0.23684210526315788,0.1509433962264151,0.08589870903674279
p_22,t3_2rcsdh,t1_cnerrix,t1_cnerq8q,0.1276595744680851,0.11904761904761904,0.008611955420466055
p_24,t3_2rcpqy,t1_cnen833,t1_cneniy0,0.12195121951219512,0.38461538461538464,-0.2626641651031895
p_25,t3_2rc3p3,t1_cnelqn6,t1_cnejze0,0.18446601941747573,0.189873417721519,-0.0054073983040432705
p_26,t3_2rawgb,t1_cneyhn7,t1_cnerfm7,0.11678832116788321,0.10646387832699619,0.010324442840887016
p_28,t3_2r7f0g,t1_cnd8t6p,t1_cnd4xb4,0.056818181818181816,0.12403100775193798,-0.06721282593375616
p_29,t3_2r6fw9,t1_cnczhfc,t1_cncxwgs,0.06,0.1111111111111111,-0.05111111111111111
p_30,t3_2r6a86,t1_cncxf4c,t1_cncxj5i,0.0962962962962963,0.1232876712328767,-0.02699137493658041
p_31,t3_2r6a86,t1_cncz7ep,t1_cnd1czm,0.058823529411764705,0.06282722513089005,-0.004003695719125344
p_32,t3_2r6a86,t1_cncx9n7,t1_cnd9u6t,0.12087912087912088,0.1,0.020879120879120874
p_33,t3_2r5o9o,t1_cncqcjt,t1_cncwesf,0.2833333333333333,0.23076923076923078,0.052564102564102544
p_34,t3_2r5o9o,t1_cncp4k9,t1_cncvoxh,0.3055555555555556,0.24,0.06555555555555559
p_35,t3_2r5o9o,t1_cncqhhb,t1_cncpluh,0.16176470588235295,0.41935483870967744,-0.25759013282732446
p_36,t3_2r4u3k,t1_cncry40,t1_cncnikt,0.11864406779661017,0.11764705882352941,0.0009970089730807624
p_37,t3_2r4b8f,t1_cnch3ur,t1_cnchpr4,0.1262135922330097,0.2127659574468085,-0.0865523652137988
p_38,t3_2r3fa4,t1_cnc4l6o,t1_cnc6h09,0.21739130434782608,0.36,-0.1426086956521739
p_39,t3_2r39y4,t1_cnc2apj,t1_cnc69pi,0.2727272727272727,0.22,0.052727272727272706
p_41,t3_2r1qfw,t1_cnd3gva,t1_cnbpxtc,0.22033898305084745,0.10204081632653061,0.11829816672431684
p_42,t3_2r1omi,t1_cnblplo,t1_cnblyk8,0.2608695652173913,0.23333333333333334,0.02753623188405796
p_43,t3_2r1omi,t1_cnby5pl,t1_cnbl7tt,0.1566265060240964,0.3333333333333333,-0.17670682730923692
p_44,t3_2r17g1,t1_cnbjfmc,t1_cnbjh0e,0.023809523809523808,0.2,-0.1761904761904762
p_45,t3_2r0eyf,t1_cncjlq6,t1_cnb8f1r,0.09090909090909091,0.1875,-0.09659090909090909
p_47,t3_2r07cv,t1_cnb5yjj,t1_cnbl2z0,0.2972972972972973,0.14814814814814814,0.14914914914914917
p_50,t3_2qzudy,t1_cnb75td,t1_cnb72w5,0.1532258064516129,0.36363636363636365,-0.21041055718475074
p_51,t3_2qy21w,t1_cnaozch,t1_cnaxt0m,0.2,0.35555555555555557,-0.15555555555555556
p_52,t3_2qvzyh,t1_cna6cd3,t1_cna4m9p,0.16216216216216217,0.15217391304347827,0.0099882491186839
p_54,t3_2qu6fg,t1_cn9rm4s,t1_cn9jqcy,0.0958904109589041,0.17073170731707318,-0.07484129635816908
p_55,t3_2qtorn,t1_cn9ejzb,t1_cn9ezot,0.2222222222222222,0.23214285714285715,-0.009920634920634941
p_56,t3_2qslmz,t1_cn96gyu,t1_cn96797,0.25177304964539005,0.2215568862275449,0.030216163417845138
p_57,t3_2qrlmm,t1_cn8uzj9,t1_cna3vcn,0.27586206896551724,0.17647058823529413,0.09939148073022311
p_58,t3_2qrlmm,t1_cn8va27,t1_cna3vcn,0.1656441717791411,0.17647058823529413,-0.010826416456153037
p_59,t3_2qrbaf,t1_cn9b6ar,t1_cnajqzu,0.1728395061728395,0.20689655172413793,-0.03405704555129843
p_60,t3_2qr8gn,t1_cn8tm9p,t1_cn8zxwa,0.2,0.22857142857142856,-0.028571428571428553
p_61,t3_2qr8gn,t1_cn9b5po,t1_cn8tfsm,0.2047244094488189,0.1935483870967742,0.011176022352044707
p_62,t3_2qqxoy,t1_cn8oez8,t1_cn8o8sq,0.08620689655172414,0.13725490196078433,-0.05104800540906018
p_63,t3_2qqa7z,t1_cn8hti0,t1_cn8hi2i,0.17391304347826086,0.22666666666666666,-0.05275362318840579
p_64,t3_2qnzap,t1_cn7zx81,t1_cn7wwbo,0.15476190476190477,0.14049586776859505,0.014266036993309722
p_65,t3_2qnzap,t1_cn7x1ic,t1_cn7zlhv,0.20481927710843373,0.24390243902439024,-0.03908316191595651
p_66,t3_2qnu4z,t1_cn7xcvt,t1_cn8idg6,0.1891891891891892,0.27058823529411763,-0.08139904610492843
p_67,t3_2qnu4z,t1_cn7wrhe,t1_cn8idg6,0.23376623376623376,0.27058823529411763,-0.03682200152788387
p_68,t3_2qncj3,t1_cn7tqy5,t1_cn7wgim,0.14563106796116504,0.16393442622950818,-0.018303358268343145
p_73,t3_2qia6o,t1_cn7l5g4,t1_cn6ogzo,0.19230769230769232,0.19696969696969696,-0.004662004662004643
p_72,t3_2qia6o,t1_cn6rxow,t1_cn6ot0g,0.08074534161490683,0.16326530612244897,-0.08251996450754213
p_74,t3_2qgpie,t1_cn620d0,t1_cn5z7c0,0.0611353711790393,0.25806451612903225,-0.19692914494999295
p_77,t3_2qc1rl,t1_cn5sqpz,t1_cn50cq3,0.08490566037735849,0.18032786885245902,-0.09542220847510054
p_80,t3_2qaf6l,t1_cn4h6d8,t1_cn4ba9v,0.08411214953271028,0.10476190476190476,-0.02064975522919449
p_81,t3_2q9fkx,t1_cn46e20,t1_cn4ebjb,0.30612244897959184,0.29310344827586204,0.0130190007037298
p_83,t3_2q6x54,t1_cn3lhe7,t1_cn3f94v,0.10869565217391304,0.18518518518518517,-0.07648953301127213
p_84,t3_2q6k6o,t1_cn3clj6,t1_cn3c0uh,0.35714285714285715,0.3739130434782609,-0.016770186335403725
p_85,t3_2q6816,t1_cn3a5px,t1_cn38xe9,0.14285714285714285,0.1357142857142857,0.007142857142857145
p_86,t3_2q6816,t1_cn3875x,t1_cn3b495,0.14285714285714285,0.08571428571428572,0.057142857142857134
p_90,t3_2q388d,t1_cn2e530,t1_cn2pyft,0.1276595744680851,0.14285714285714285,-0.015197568389057753
p_91,t3_2q388d,t1_cn2eaqu,t1_cn2pyft,0.14705882352941177,0.14285714285714285,0.00420168067226892
p_92,t3_2q388d,t1_cn2re9b,t1_cn2pyft,0.09302325581395349,0.14285714285714285,-0.04983388704318936
p_93,t3_2q388d,t1_cn2e6rz,t1_cn2j7o1,0.08333333333333333,0.14285714285714285,-0.05952380952380952
p_94,t3_2q2cxc,t1_cn28of2,t1_cn2g775,0.1935483870967742,0.15315315315315314,0.040395233943621045
p_96,t3_2q0dpm,t1_cn1ti5g,t1_cn1p49g,0.08411214953271028,0.24074074074074073,-0.15662859120803047
p_101,t3_2pxqz4,t1_cn13ybe,t1_cn0y99z,0.21428571428571427,0.23076923076923078,-0.016483516483516508
p_98,t3_2pxqz4,t1_cn11dcw,t1_cn0y99z,0.17857142857142858,0.23076923076923078,-0.05219780219780221
p_99,t3_2pxqz4,t1_cn0znyb,t1_cn0y99z,0.16393442622950818,0.23076923076923078,-0.0668348045397226
p_100,t3_2pxqz4,t1_cn11u7e,t1_cn12dq3,0.14018691588785046,0.2909090909090909,-0.15072217502124044
p_103,t3_2pww37,t1_cn0q1m7,t1_cn0vhkj,0.0851063829787234,0.1935483870967742,-0.10844200411805079
p_105,t3_2pt2b2,t1_cmztgqz,t1_cmzvst5,0.2079207920792079,0.21875,-0.010829207920792089
p_106,t3_2pt2b2,t1_cmzx0i4,t1_cmzv05o,0.2,0.21153846153846154,-0.011538461538461525
p_107,t3_2ps2mr,t1_cmzhxux,t1_cmzyju1,0.2803030303030303,0.24581005586592178,0.0344929744371085
p_108,t3_2pqfx4,t1_cmzmqbt,t1_cmz3fhx,0.053763440860215055,0.14925373134328357,-0.09549029048306851
p_109,t3_2ppxgu,t1_cmz3fxo,t1_cmz3hz0,0.16911764705882354,0.2328767123287671,-0.06375906526994357
p_110,t3_2pp7pp,t1_cmyupjh,t1_cmyxcrc,0.12056737588652482,0.09387755102040816,0.02668982486611665
p_112,t3_2pnm9s,t1_cmytc0t,t1_cmycunf,0.2037037037037037,0.3442622950819672,-0.14055859137826351
p_114,t3_2pm08t,t1_cmxwzlp,t1_cmxwyti,0.10191082802547771,0.27450980392156865,-0.17259897589609094
p_116,t3_2pjmrj,t1_cmxddb6,t1_cmxj3jh,0.16352201257861634,0.27184466019417475,-0.1083226476155584
p_117,t3_2pjbkm,t1_cmx7wpk,t1_cmx81vs,0.14285714285714285,0.11538461538461539,0.027472527472527458
p_119,t3_2pjbkm,t1_cmx86kb,t1_cmx81vs,0.037209302325581395,0.11538461538461539,-0.078175313059034
p_118,t3_2pjbkm,t1_cmx7tet,t1_cmx7r0l,0.12987012987012986,0.1388888888888889,-0.009018759018759037
p_120,t3_2pimzj,t1_cmx2c61,t1_cmy635r,0.05263157894736842,0.06,-0.00736842105263158
p_122,t3_2phwfa,t1_cmwy98c,t1_cmwvzit,0.09615384615384616,0.08974358974358974,0.006410256410256415
p_123,t3_2pfatz,t1_cmw8af0,t1_cmw5dme,0.27692307692307694,0.18518518518518517,0.09173789173789176
p_124,t3_2pf19b,t1_cmw30ng,t1_cmw5vwc,0.13861386138613863,0.18823529411764706,-0.04962143273150843
p_125,t3_2pb90y,t1_cmw6nes,t1_cmv8x0x,0.2916666666666667,0.21739130434782608,0.0742753623188406
p_126,t3_2pata1,t1_cmuzv8n,t1_cmuzku3,0.24050632911392406,0.19480519480519481,0.04570113430872924
p_128,t3_2pata1,t1_cmv1bja,t1_cmuzw1v,0.175,0.2037037037037037,-0.028703703703703703
p_129,t3_2pata1,t1_cmv1kvh,t1_cmuzw1v,0.1590909090909091,0.2037037037037037,-0.044612794612794604
p_130,t3_2paiy7,t1_cmuuepa,t1_cmuuubv,0.23076923076923078,0.15384615384615385,0.07692307692307693
p_132,t3_2pa8qe,t1_cmvck77,t1_cmuygdo,0.08974358974358974,0.2,-0.11025641025641027
p_134,t3_2p8w9e,t1_cmuem3l,t1_cmuesb3,0.14754098360655737,0.1276595744680851,0.019881409138472278
p_135,t3_2p8d3m,t1_cmub3xl,t1_cmuaujo,0.30434782608695654,0.25,0.05434782608695654
p_140,t3_2p3d0h,t1_cmsyikr,t1_cmt2dzd,0.20930232558139536,0.3541666666666667,-0.14486434108527133
p_141,t3_2p3d0h,t1_cmszlym,t1_cmszanf,0.20930232558139536,0.17391304347826086,0.035389282103134495
p_144,t3_2p11bw,t1_cmsf46p,t1_cmsib92,0.06521739130434782,0.13953488372093023,-0.0743174924165824
p_145,t3_2p0xu8,t1_cmsgy2p,t1_cmsbh89,0.0472972972972973,0.13513513513513514,-0.08783783783783784
p_148,t3_2ox2nh,t1_cmrepwp,t1_cms5gvq,0.13636363636363635,0.13658536585365855,-0.00022172949002219333
p_149,t3_2ox2nh,t1_cmrgr22,t1_cms5gvq,0.10256410256410256,0.13658536585365855,-0.034021263289555986
p_151,t3_2ouj9f,t1_cmqnl31,t1_cmqrfg1,0.23232323232323232,0.1111111111111111,0.12121212121212122
p_153,t3_2ottrr,t1_cmqmfx7,t1_cmqnqbl,0.17123287671232876,0.1038961038961039,0.06733677281622485
p_155,t3_2osnqc,t1_cmqhv5l,t1_cmresyd,0.14864864864864866,0.19298245614035087,-0.04433380749170221
p_157,t3_2orfda,t1_cmpt6sy,t1_cmpxkl7,0.23552123552123552,0.2345132743362832,0.0010079611849523329
p_158,t3_2opfa2,t1_cmpp5ft,t1_cmpbzl7,0.16666666666666666,0.16,0.006666666666666654
p_159,t3_2opfa2,t1_cmpb0pv,t1_cmpbzl7,0.2,0.16,0.04000000000000001
p_162,t3_2ook4i,t1_cmp3ql5,t1_cmp6pe7,0.168,0.1724137931034483,-0.004413793103448277
p_163,t3_2ook4i,t1_cmp3sav,t1_cmp6pe7,0.17333333333333334,0.1724137931034483,0.0009195402298850519
p_164,t3_2oo3qw,t1_cmp0nen,t1_cmoz1u8,0.12585034013605442,0.19254658385093168,-0.06669624371487726
p_165,t3_2onx4o,t1_cmpcp85,t1_cmowl2j,0.24489795918367346,0.09722222222222222,0.14767573696145125
p_166,t3_2olm34,t1_cmogsmw,t1_cmobov1,0.1232876712328767,0.15,-0.02671232876712329
p_167,t3_2okzs7,t1_cmo88eb,t1_cmo4r1b,0.11409395973154363,0.2978723404255319,-0.18377838069398827
p_168,t3_2okzs7,t1_cmobl8p,t1_cmo50pz,0.14534883720930233,0.13793103448275862,0.007417802726543715
p_170,t3_2okad4,t1_cmo23yr,t1_cmo8tg2,0.20353982300884957,0.3076923076923077,-0.10415248468345814
p_171,t3_2okad4,t1_cmo8ojn,t1_cmoaise,0.17857142857142858,0.1326530612244898,0.04591836734693877
p_172,t3_2oj6fq,t1_cmnogog,t1_cmnorxs,0.12949640287769784,0.1,0.029496402877697836
p_173,t3_2oihml,t1_cmnhr07,t1_cmnhhi8,0.2222222222222222,0.18181818181818182,0.04040404040404039
p_176,t3_2od6s9,t1_cmm80hm,t1_cmm6iu4,0.3829787234042553,0.2222222222222222,0.1607565011820331
p_177,t3_2o6paa,t1_cmkar1d,t1_cmk90wu,0.17543859649122806,0.1875,-0.01206140350877194
p_178,t3_2o66aa,t1_cmktxrs,t1_cmkb48q,0.16770186335403728,0.08333333333333333,0.08436853002070395
p_179,t3_2o3imb,t1_cmjfisw,t1_cmjf4wj,0.16666666666666666,0.2608695652173913,-0.09420289855072464
p_180,t3_2o2kga,t1_cmj4gzw,t1_cmj4j7t,0.140625,0.10526315789473684,0.035361842105263164
p_182,t3_2o0cgz,t1_cmijvd2,t1_cmj6omn,0.03529411764705882,0.13513513513513514,-0.09984101748807632
p_184,t3_2nzz4f,t1_cmig3tq,t1_cmigugj,0.21978021978021978,0.2079207920792079,0.011859427701011865
p_185,t3_2nzz4f,t1_cmig8jp,t1_cmigugj,0.20754716981132076,0.2079207920792079,-0.00037362226788714703
p_188,t3_2nycpk,t1_cmi2cok,t1_cmi07y5,0.2222222222222222,0.23333333333333334,-0.011111111111111127
p_189,t3_2nycpk,t1_cmi0pj8,t1_cmi1upk,0.07207207207207207,0.08403361344537816,-0.011961541373306087
p_192,t3_2nvoj9,t1_cmhbmic,t1_cmhh0hd,0.14285714285714285,0.20408163265306123,-0.06122448979591838
p_194,t3_2nurqb,t1_cmhj4k1,t1_cmh25d1,0.07079646017699115,0.08108108108108109,-0.010284620904089936
p_197,t3_2ns94k,t1_cmge1ce,t1_cmgdr4w,0.1794871794871795,0.4666666666666667,-0.28717948717948716
p_201,t3_2nn1t8,t1_cmf6dis,t1_cmf9lck,0.24561403508771928,0.31958762886597936,-0.07397359377826007
p_203,t3_2nlqpd,t1_cmep4vb,t1_cmescql,0.12,0.058823529411764705,0.06117647058823529
p_204,t3_2njpov,t1_cme8uee,t1_cme7zu7,0.1774193548387097,0.1,0.07741935483870968
p_207,t3_2nhvh5,t1_cme6tfj,t1_cme00q3,0.25,0.2846715328467153,-0.034671532846715314
p_208,t3_2nfgyu,t1_cmd8966,t1_cmdakad,0.11290322580645161,0.1111111111111111,0.0017921146953405048
p_210,t3_2nfgyu,t1_cmdtb2g,t1_cmdla4k,0.03389830508474576,0.09433962264150944,-0.06044131755676368
p_211,t3_2neyur,t1_cmd1tqr,t1_cmd1oh5,0.2261904761904762,0.18823529411764706,0.037955182072829136
p_212,t3_2nejw6,t1_cmcw398,t1_cmcx4w0,0.18518518518518517,0.15,0.03518518518518518
p_213,t3_2ndhkz,t1_cmd8rka,t1_cmco92x,0.20454545454545456,0.32857142857142857,-0.12402597402597401
p_214,t3_2nccrb,t1_cmcdwlz,t1_cmcd35f,0.3,0.19230769230769232,0.10769230769230767
p_215,t3_2nbz5b,t1_cmca2tl,t1_cmcmvds,0.2,0.16822429906542055,0.03177570093457946
p_218,t3_2nbeuf,t1_cmcfhk8,t1_cmc4eif,0.16455696202531644,0.14814814814814814,0.016408813877168305
p_217,t3_2nbeuf,t1_cmcdl7k,t1_cmcs0t1,0.3076923076923077,0.2,0.1076923076923077
p_222,t3_2n8psp,t1_cmbkvaw,t1_cmbempi,0.11224489795918367,0.1111111111111111,0.0011337868480725682
p_224,t3_2n8psp,t1_cmbnpay,t1_cmbzbs2,0.11574074074074074,0.1024390243902439,0.013301716350496845
p_225,t3_2n8psp,t1_cmc2p7e,t1_cmbi6o3,0.15217391304347827,0.15384615384615385,-0.0016722408026755842
p_226,t3_2n6s5w,t1_cmav500,t1_cmax5qt,0.08878504672897196,0.11764705882352941,-0.02886201209455745
p_227,t3_2n4aay,t1_cmac7sf,t1_cma6qfq,0.01818181818181818,0.175,-0.1568181818181818
p_229,t3_2n2wu5,t1_cm9u4m0,t1_cm9uau6,0.19230769230769232,0.125,0.06730769230769232
p_230,t3_2mzkhr,t1_cm931kl,t1_cm92k7o,0.0625,0.3,-0.2375
p_232,t3_2mw3l4,t1_cm83s8f,t1_cm875yc,0.19047619047619047,0.09183673469387756,0.09863945578231291
p_234,t3_2mv3n4,t1_cm83yv8,t1_cm805jt,0.19607843137254902,0.10852713178294573,0.08755129958960328
p_236,t3_2mr590,t1_cm6tqwt,t1_cm6umtg,0.21052631578947367,0.3333333333333333,-0.12280701754385964
p_237,t3_2mqzo8,t1_cm6skkb,t1_cm6usez,0.19047619047619047,0.27058823529411763,-0.08011204481792716
p_238,t3_2mqujn,t1_cm7jdj2,t1_cm6wgd3,0.2222222222222222,0.22058823529411764,0.0016339869281045694
p_239,t3_2mq7ib,t1_cm6ltar,t1_cm6oe3f,0.15789473684210525,0.16129032258064516,-0.0033955857385399024
p_240,t3_2mptvb,t1_cm6m7jr,t1_cm6q0wq,0.24812030075187969,0.1780821917808219,0.07003810897105778
p_241,t3_2mo4fl,t1_cm613kx,t1_cm5zuuo,0.25,0.225,0.024999999999999994
p_242,t3_2mnthx,t1_cm5xikh,t1_cm660yf,0.13043478260869565,0.08571428571428572,0.044720496894409933
p_245,t3_2mnthx,t1_cm627rv,t1_cm660yf,0.16216216216216217,0.08571428571428572,0.07644787644787646
p_246,t3_2mnpdh,t1_cm6nlky,t1_cm65r7g,0.1574074074074074,0.12138728323699421,0.0360201241704132
p_248,t3_2mm2dl,t1_cm5j6hr,t1_cm5iqtr,0.06542056074766354,0.14285714285714285,-0.0774365821094793
p_247,t3_2mm2dl,t1_cm5ikfo,t1_cm5imes,0.045454545454545456,0.16666666666666666,-0.1212121212121212
p_249,t3_2mlvww,t1_cm5gv0j,t1_cm5fmvt,0.375,0.4444444444444444,-0.06944444444444442
p_250,t3_2mikc0,t1_cm4o1vc,t1_cm4l9f4,0.13970588235294118,0.24242424242424243,-0.10271836007130125
p_251,t3_2mfr85,t1_cm3vvc3,t1_cm3xij2,0.14285714285714285,0.10606060606060606,0.036796536796536786
p_252,t3_2mfr85,t1_cm3wzw1,t1_cm3s6tg,0.09266409266409266,0.18181818181818182,-0.08915408915408916
p_255,t3_2mczo6,t1_cm330i1,t1_cm36hij,0.18181818181818182,0.2222222222222222,-0.04040404040404039
p_257,t3_2m9le3,t1_cm2e6er,t1_cm31flt,0.2682926829268293,0.3380281690140845,-0.06973548608725522
p_258,t3_2m9le3,t1_cm2g5du,t1_cm31flt,0.29850746268656714,0.3380281690140845,-0.03952070632751736
p_259,t3_2m9ifg,t1_cm26bmh,t1_cm2cio0,0.27586206896551724,0.39285714285714285,-0.11699507389162561
p_260,t3_2m5248,t1_cm11puj,t1_cm1w5lh,0.3783783783783784,0.3157894736842105,0.06258890469416789
p_261,t3_2m34jb,t1_cm0licf,t1_cm0sbmk,0.1449814126394052,0.11442786069651742,0.03055355194288778
p_262,t3_2lzrmg,t1_clzo5rz,t1_clzn6zp,0.22535211267605634,0.3235294117647059,-0.09817729908864956
p_263,t3_2lzrmg,t1_clzq2xu,t1_clzow1h,0.2391304347826087,0.14285714285714285,0.09627329192546585
p_264,t3_2lzhcj,t1_clzk61h,t1_clzmzlv,0.22580645161290322,0.3684210526315789,-0.1426146010186757
p_265,t3_2lxha7,t1_clz4fjz,t1_clz6u94,0.2905405405405405,0.5185185185185185,-0.22797797797797797
p_266,t3_2lxha7,t1_clz6dii,t1_clz2zlh,0.31213872832369943,0.34782608695652173,-0.0356873586328223
p_267,t3_2lxha7,t1_clz6jmw,t1_clz6u94,0.2535211267605634,0.5185185185185185,-0.2649973917579551
p_268,t3_2lwzlt,t1_clyyqcm,t1_clyz82q,0.21818181818181817,0.2564102564102564,-0.038228438228438216
p_269,t3_2lwzlt,t1_clz3eem,t1_clyzhrn,0.1615720524017467,0.19101123595505617,-0.02943918355330946
p_270,t3_2lwv67,t1_clywrsu,t1_clywnxb,0.09259259259259259,0.14285714285714285,-0.05026455026455026
p_272,t3_2lvdpt,t1_clykbog,t1_clyi7eq,0.10606060606060606,0.21818181818181817,-0.11212121212121211
p_274,t3_2lvano,t1_clyh39w,t1_clyhfb1,0.2222222222222222,0.15384615384615385,0.06837606837606836
p_275,t3_2luhkp,t1_clyejs2,t1_clyfg14,0.07792207792207792,0.13333333333333333,-0.05541125541125541
p_277,t3_2ls0mt,t1_clxsuzu,t1_clxs28i,0.06,0.08433734939759036,-0.024337349397590358
p_278,t3_2lrnbm,t1_clxhtmt,t1_clxl2fj,0.23376623376623376,0.24242424242424243,-0.00865800865800867
p_279,t3_2lqmp9,t1_clxaoqd,t1_clxmady,0.07407407407407407,0.06493506493506493,0.009139009139009141
p_283,t3_2lorq2,t1_clwr4fw,t1_clwvc1q,0.1796875,0.13846153846153847,0.04122596153846153
p_286,t3_2lo786,t1_clwsiei,t1_clwl8yv,0.10967741935483871,0.15053763440860216,-0.04086021505376344
p_287,t3_2lo786,t1_clwrur8,t1_clwvtrz,0.11940298507462686,0.21428571428571427,-0.09488272921108741
p_289,t3_2llfy2,t1_clvxvqf,t1_clvyf5z,0.24347826086956523,0.1875,0.05597826086956523
p_288,t3_2llfy2,t1_clvxvbb,t1_clvyf5z,0.2403846153846154,0.1875,0.05288461538461539
p_290,t3_2ljn6y,t1_clvf7hk,t1_clvgued,0.2826086956521739,0.2857142857142857,-0.003105590062111807
p_291,t3_2ljn6y,t1_clvf3sn,t1_clvg96j,0.08256880733944955,0.13432835820895522,-0.05175955086950568
p_293,t3_2lhzxl,t1_cluxxzr,t1_cluy5d5,0.22807017543859648,0.3,-0.07192982456140351
p_294,t3_2lhzxl,t1_cluy594,t1_cluzvgm,0.2564102564102564,0.2891566265060241,-0.032746370095767696
p_296,t3_2le6r2,t1_cltxkan,t1_cltxdco,0.1095890410958904,0.10204081632653061,0.00754822476935979
p_298,t3_2ldsgu,t1_cltyfh2,t1_cltt3fn,0.09574468085106383,0.2826086956521739,-0.18686401480111006
p_302,t3_2l9paa,t1_clspte1,t1_clsvj5h,0.23333333333333334,0.3103448275862069,-0.07701149425287357
p_303,t3_2l6x4s,t1_cls2ahn,t1_cls2eiw,0.35714285714285715,0.17647058823529413,0.18067226890756302
p_305,t3_2l6s0m,t1_cls56tt,t1_cls5hqx,0.19205298013245034,0.18181818181818182,0.010234798314268517
p_306,t3_2l3xj1,t1_clrpq69,t1_clrfe8c,0.08333333333333333,0.3157894736842105,-0.2324561403508772
p_307,t3_2kypt8,t1_clpvnyi,t1_clpvnbz,0.16129032258064516,0.13953488372093023,0.021755438859714926
p_308,t3_2kypt8,t1_clpwjwi,t1_clpzajn,0.10989010989010989,0.12222222222222222,-0.01233211233211233
p_309,t3_2kx0t8,t1_clphwg9,t1_clpl2cj,0.10256410256410256,0.0975609756097561,0.00500312695434646
p_311,t3_2kuu7n,t1_clp4w50,t1_cloyjd8,0.1282051282051282,0.16296296296296298,-0.03475783475783478
p_310,t3_2kuu7n,t1_clp4b7x,t1_clp3n3x,0.06578947368421052,0.09375,-0.027960526315789477
p_313,t3_2kqfel,t1_clnulai,t1_clntjxy,0.375,0.41304347826086957,-0.03804347826086957
p_314,t3_2kqfel,t1_clnttl9,t1_clomsf7,0.5675675675675675,0.4117647058823529,0.15580286168521462
p_315,t3_2kose9,t1_clnb50a,t1_clnb6hg,0.12258064516129032,0.21686746987951808,-0.09428682471822776
p_316,t3_2ko5tx,t1_cln523m,t1_cln4fit,0.10191082802547771,0.3793103448275862,-0.2773995168021085
p_318,t3_2kkqbm,t1_clmbeod,t1_clm9hyb,0.14814814814814814,0.27631578947368424,-0.1281676413255361
p_319,t3_2kko3q,t1_clm9cj5,t1_clmew0k,0.2328767123287671,0.14893617021276595,0.08394054211600116
p_322,t3_2kko3q,t1_clmb52s,t1_clm9cuo,0.17154811715481172,0.14423076923076922,0.0273173479240425
p_324,t3_2kk7pc,t1_clm4luc,t1_clm2hsa,0.17475728155339806,0.35185185185185186,-0.1770945702984538
p_325,t3_2kgrtb,t1_cll64ro,t1_cll7z9y,0.22807017543859648,0.21686746987951808,0.011202705559078402
p_326,t3_2kgrtb,t1_cll6vkk,t1_cll7z9y,0.15753424657534246,0.21686746987951808,-0.05933322330417562
p_328,t3_2kdqq8,t1_clkkhs8,t1_clktv9z,0.12173913043478261,0.15942028985507245,-0.037681159420289836
p_330,t3_2kcnzq,t1_clk2ygk,t1_clk0kv6,0.30434782608695654,0.24324324324324326,0.061104582843713284
p_331,t3_2kacra,t1_cljftmb,t1_cljqwum,0.15730337078651685,0.14285714285714285,0.014446227929374
p_332,t3_2ka7la,t1_cljglg2,t1_cljepyl,0.10638297872340426,0.1643835616438356,-0.05800058292043135
p_333,t3_2k7hdx,t1_clirc4j,t1_clio0tt,0.08333333333333333,0.19148936170212766,-0.10815602836879433
p_334,t3_2k6r90,t1_clih2os,t1_clih4bd,0.08771929824561403,0.11242603550295859,-0.024706737257344555
p_335,t3_2k6r90,t1_clij0jm,t1_clih4bd,0.08480565371024736,0.11242603550295859,-0.02762038179271123
p_336,t3_2k6r90,t1_cliklzw,t1_cligqv5,0.13,0.12149532710280374,0.008504672897196267
p_337,t3_2k6r90,t1_clifxg1,t1_cligjkm,0.16,0.08333333333333333,0.07666666666666667
p_338,t3_2k6gif,t1_clicob1,t1_clifs1j,0.14492753623188406,0.09420289855072464,0.050724637681159424
p_339,t3_2k4hym,t1_clhtpwj,t1_clhv3j1,0.0379746835443038,0.16666666666666666,-0.12869198312236285
p_340,t3_2k49mm,t1_clhusz2,t1_clhupbu,0.1827956989247312,0.3,-0.1172043010752688
p_341,t3_2k3k0f,t1_clhk37s,t1_clhkbr9,0.10606060606060606,0.1346153846153846,-0.028554778554778545
p_342,t3_2k3k0f,t1_clhqb2i,t1_clhkbr9,0.07692307692307693,0.1346153846153846,-0.05769230769230768
p_343,t3_2k38kl,t1_clhr282,t1_clhhr4x,0.2916666666666667,0.4,-0.10833333333333334
p_344,t3_2k36w0,t1_clhgvwv,t1_cli2kib,0.17777777777777778,0.1875,-0.009722222222222215
p_345,t3_2k36w0,t1_cli8oco,t1_clhjrth,0.0823045267489712,0.09944751381215469,-0.0171429870631835
p_346,t3_2k2szz,t1_clhdjlr,t1_clhg601,0.2,0.23255813953488372,-0.03255813953488371
p_347,t3_2k1utj,t1_clh4smk,t1_clh4kow,0.19047619047619047,0.23529411764705882,-0.044817927170868355
p_348,t3_2k1utj,t1_clh4t7a,t1_clhgd1b,0.16129032258064516,0.2,-0.038709677419354854
p_349,t3_2k1utj,t1_clhb9mi,t1_clh4kow,0.08695652173913043,0.23529411764705882,-0.1483375959079284
p_351,t3_2k1puo,t1_clh63i4,t1_clh5f05,0.19791666666666666,0.19642857142857142,0.0014880952380952328
p_352,t3_2k1puo,t1_clh65uf,t1_clhvr2d,0.32196969696969696,0.2878787878787879,0.03409090909090906
p_353,t3_2k1puo,t1_clh65j4,t1_clhvr2d,0.3252032520325203,0.2878787878787879,0.03732446415373242
p_354,t3_2k1puo,t1_cli979e,t1_clhkzsx,0.19327731092436976,0.25773195876288657,-0.06445464783851682
p_355,t3_2k19cr,t1_clgz4c8,t1_clh5opp,0.4,0.5454545454545454,-0.1454545454545454
p_357,t3_2k19cr,t1_clgz8mq,t1_clh4fvz,0.2155688622754491,0.2523364485981308,-0.036767586322681706
p_358,t3_2k17kl,t1_clhphu8,t1_clgytu5,,0.3611111111111111,
p_359,t3_2k16fy,t1_clh464b,t1_clh7dae,0.2564102564102564,0.2653061224489796,-0.008895866038723221
p_360,t3_2k0t4m,t1_clh2kiw,t1_cliiz93,0.20618556701030927,0.2857142857142857,-0.07952871870397643
p_362,t3_2k08pw,t1_clgrnar,t1_clgppqb,0.12154696132596685,0.08823529411764706,0.03331166720831978
p_367,t3_2jvv3h,t1_clfmf4m,t1_clfkc2t,0.5652173913043478,0.1794871794871795,0.38573021181716827
p_368,t3_2jug85,t1_clf92x6,t1_clfbqwz,0.17142857142857143,0.23076923076923078,-0.05934065934065935
p_369,t3_2jug85,t1_clf7frm,t1_clffyeo,0.20967741935483872,0.18,0.029677419354838724
p_370,t3_2ju07o,t1_clf6o33,t1_clf2f0m,0.09375,0.11538461538461539,-0.02163461538461539
p_371,t3_2jtpcj,t1_clf007u,t1_clf0si6,0.3130434782608696,0.38636363636363635,-0.07332015810276676
p_372,t3_2jr2px,t1_clec1be,t1_clefsfa,0.14,0.175,-0.034999999999999976
p_373,t3_2jpazx,t1_cldtopl,t1_cldtw4w,0.0707070707070707,0.16129032258064516,-0.09058325187357445
p_374,t3_2jp9x4,t1_cldt2z1,t1_cldu76n,0.10344827586206896,0.17391304347826086,-0.0704647676161919
p_375,t3_2jp9x4,t1_clekeze,t1_clegi91,0.10989010989010989,0.15384615384615385,-0.043956043956043966
p_378,t3_2jk5tw,t1_clciqy4,t1_clcualb,0.12318840579710146,0.2647058823529412,-0.14151747655583974
p_380,t3_2jk4dx,t1_clcyeh9,t1_clcuzkf,0.13934426229508196,0.3181818181818182,-0.17883755588673622
p_382,t3_2jgtvo,t1_clbpx86,t1_clbm2rj,0.08888888888888889,0.20833333333333334,-0.11944444444444445
p_383,t3_2jd1e2,t1_clal24g,t1_clanf9e,0.06635071090047394,0.19402985074626866,-0.1276791398457947
p_384,t3_2jd1e2,t1_clarvlb,t1_clanf9e,0.10919540229885058,0.19402985074626866,-0.08483444844741808
p_385,t3_2jd1e2,t1_claktmk,t1_clanf9e,0.16,0.19402985074626866,-0.03402985074626866
p_387,t3_2jaz9o,t1_claaior,t1_cla6j13,0.08333333333333333,0.14893617021276595,-0.06560283687943262
p_388,t3_2jalt8,t1_clawz3s,t1_cla00dw,0.1744186046511628,0.2077922077922078,-0.03337360314104501
p_389,t3_2jalrh,t1_cl9xfk4,t1_cl9zbqs,0.10843373493975904,0.11764705882352941,-0.009213323883770372
p_390,t3_2jaiv1,t1_cl9wvir,t1_cl9x4n6,0.2,0.14473684210526316,0.05526315789473685
p_391,t3_2j7xhu,t1_cl97sqh,t1_cl96t4g,0.1,0.2,-0.1
p_394,t3_2j7gwy,t1_cl96wx9,t1_cl9fm82,0.2824858757062147,0.30656934306569344,-0.02408346735947875
p_395,t3_2j7gwy,t1_cl9cn39,t1_cl9dn9l,0.2976190476190476,0.5945945945945946,-0.296975546975547
p_396,t3_2j7d65,t1_cl91nh6,t1_cl91k1d,0.34782608695652173,0.38461538461538464,-0.03678929765886291
p_398,t3_2j6t16,t1_cl92lzn,t1_cl97wok,0.10810810810810811,0.07964601769911504,0.02846209040899307
p_400,t3_2j5jvu,t1_cl9bkpg,t1_cl8o6tc,0.13131313131313133,0.06060606060606061,0.07070707070707072
p_403,t3_2j3b5u,t1_cl80w0h,t1_cl8gnj4,0.061224489795918366,0.06451612903225806,-0.003291639236339697
p_407,t3_2j3b5u,t1_cl8dhjd,t1_cl85v1i,0.19791666666666666,0.21686746987951808,-0.01895080321285142
p_406,t3_2j3b5u,t1_cl89ycu,t1_cl85v1i,0.22023809523809523,0.21686746987951808,0.003370625358577156
p_408,t3_2j3aav,t1_cl840b4,t1_cl849y1,0.16923076923076924,0.18072289156626506,-0.011492122335495819
p_409,t3_2j28la,t1_cl7q1dy,t1_cl858g0,0.2222222222222222,0.23076923076923078,-0.008547008547008572
p_410,t3_2j28la,t1_cl7p4at,t1_cl83vyl,0.08955223880597014,0.17307692307692307,-0.08352468427095293
p_411,t3_2j28la,t1_cl7ri4n,t1_cl858g0,0.19047619047619047,0.23076923076923078,-0.040293040293040316
p_412,t3_2j28la,t1_cl81bji,t1_cl858g0,0.10067114093959731,0.23076923076923078,-0.13009808982963347
p_413,t3_2j196u,t1_cl7nh5y,t1_cl7qbkn,0.15436241610738255,0.14375,0.01061241610738256
p_415,t3_2izt1m,t1_cl7icjq,t1_cl7elqy,0.14285714285714285,0.15476190476190477,-0.011904761904761918
p_416,t3_2izt1m,t1_cl7sekd,t1_cl75zb3,0.12933025404157045,0.1885245901639344,-0.059194336122363966
p_418,t3_2izjkk,t1_cl6xo3s,t1_cl74g9q,0.20588235294117646,0.2,0.00588235294117645
p_419,t3_2izjkk,t1_cl6ygkg,t1_cl6xy7n,0.14634146341463414,0.11594202898550725,0.03039943442912689
p_420,t3_2izeqi,t1_cl6wpkg,t1_cl6w17t,0.09803921568627451,0.21428571428571427,-0.11624649859943977
p_422,t3_2ixmih,t1_cl6muq9,t1_cl6mipr,0.08292682926829269,0.28,-0.19707317073170733
p_423,t3_2ixmih,t1_cl6ozsr,t1_cl6o7jv,0.2085889570552147,0.2803738317757009,-0.0717848747204862
p_427,t3_2ixatz,t1_cl8dw9u,t1_cl6g9da,0.1111111111111111,0.09302325581395349,0.018087855297157618
p_425,t3_2ixatz,t1_cl6fauf,t1_cl6z31r,0.10843373493975904,0.07692307692307693,0.03151065801668211
p_426,t3_2ixatz,t1_cl6iqft,t1_cl6gf5b,0.13513513513513514,0.1388888888888889,-0.0037537537537537524
p_428,t3_2iwzsp,t1_cl6ay84,t1_cl6c988,0.13768115942028986,0.136986301369863,0.0006948580504268498
p_429,t3_2iwzsp,t1_cl6bhfy,t1_cl6c988,0.13636363636363635,0.136986301369863,-0.0006226650062266526
p_430,t3_2iwveo,t1_cl6b8u3,t1_cl69lxd,0.16666666666666666,0.19540229885057472,-0.028735632183908066
p_431,t3_2iwveo,t1_cl800qa,t1_cl69lxd,0.09174311926605505,0.19540229885057472,-0.10365917958451967
p_432,t3_2ivx0l,t1_cl67lqu,t1_cl67bty,0.21428571428571427,0.1839080459770115,0.030377668308702782
p_434,t3_2iv4za,t1_cl5slm3,t1_cl5s53p,0.07692307692307693,0.04081632653061224,0.036106750392464686
p_435,t3_2iuaxc,t1_cl5nwpb,t1_cl5jk46,0.3448275862068966,0.42857142857142855,-0.08374384236453197
p_437,t3_2isiv7,t1_cl525xl,t1_cl549xt,0.09803921568627451,0.16,-0.061960784313725495
p_439,t3_2irrk7,t1_cl4wjj0,t1_cl4u4v3,0.34177215189873417,0.35135135135135137,-0.009579199452617204
p_438,t3_2irrk7,t1_cl4wdvv,t1_cl52znp,0.17567567567567569,0.33636363636363636,-0.16068796068796068
p_440,t3_2irrk7,t1_cl4y7m2,t1_cl58m5a,0.2033195020746888,0.24299065420560748,-0.03967115213091868
p_441,t3_2ir1vh,t1_cl4nafc,t1_cl4pno4,0.24242424242424243,0.15789473684210525,0.08452950558213718
p_443,t3_2iovvi,t1_cl43i7i,t1_cl42uon,0.36585365853658536,0.27884615384615385,0.0870075046904315
p_444,t3_2inzpj,t1_cl3wpb9,t1_cl3udkv,0.07368421052631578,0.17307692307692307,-0.09939271255060729
p_445,t3_2ina28,t1_cl3s9jc,t1_cl3neuz,0.2903225806451613,0.15384615384615385,0.13647642679900746
p_449,t3_2il3zi,t1_cl3rzx9,t1_cl3bvmc,0.1951219512195122,0.15714285714285714,0.03797909407665506
p_450,t3_2ikw3y,t1_cl371yt,t1_cl333zm,0.08823529411764706,0.09195402298850575,-0.0037187288708586813
p_451,t3_2iht9m,t1_cl2lqsw,t1_cl2gvmp,0.10135135135135136,0.14285714285714285,-0.04150579150579149
p_452,t3_2igw1u,t1_cl25sfq,t1_cl22odo,0.18143459915611815,0.18,0.0014345991561181548
p_453,t3_2idrbt,t1_cl1a71q,t1_cl1ab8j,0.18055555555555555,0.18309859154929578,-0.002543035993740228
p_454,t3_2idrbt,t1_cl1duod,t1_cl1dfkj,0.21621621621621623,0.2891566265060241,-0.07294041028980786
p_455,t3_2icu72,t1_cl11doa,t1_cl1s0iw,0.3018867924528302,0.4666666666666667,-0.1647798742138365
p_456,t3_2ia71k,t1_cl0aa4e,t1_cl09ezh,0.17391304347826086,0.2153846153846154,-0.04147157190635453
p_457,t3_2ia687,t1_cl09frn,t1_cl0qx79,0.04060913705583756,0.075,-0.03439086294416244
p_460,t3_2i87x9,t1_ckzt3jo,t1_ckzrx1b,0.10638297872340426,0.44,-0.33361702127659576
p_461,t3_2i7mpy,t1_ckzo815,t1_ckzptel,0.14728682170542637,0.12048192771084337,0.026804893994582996
p_464,t3_2i74db,t1_ckzhoas,t1_ckzmg42,0.25925925925925924,0.1774193548387097,0.08183990442054956
p_466,t3_2i74db,t1_ckzk199,t1_ckzh5vf,0.125,0.1388888888888889,-0.013888888888888895
p_465,t3_2i74db,t1_ckzhr6u,t1_ckzmg42,0.18072289156626506,0.1774193548387097,0.003303536727555373
p_467,t3_2i74db,t1_ckzp8g2,t1_ckzhplg,0.12,0.2,-0.08000000000000002
p_468,t3_2i74db,t1_cl0olzx,t1_ckzivxw,0.17708333333333334,0.17647058823529413,0.0006127450980392135
p_469,t3_2i6wcg,t1_ckzjivu,t1_ckzqgtr,0.136986301369863,0.1111111111111111,0.0258751902587519
p_470,t3_2i6sq2,t1_ckzd013,t1_ckzmvnc,0.13636363636363635,0.12903225806451613,0.007331378299120228
p_472,t3_2i53gm,t1_ckyxxzr,t1_ckzkrjm,0.125,0.20408163265306123,-0.07908163265306123
p_474,t3_2i53gm,t1_ckyxdye,t1_ckyz4tk,0.18518518518518517,0.10869565217391304,0.07648953301127213
p_473,t3_2i53gm,t1_ckz0h04,t1_ckzj5lk,0.09375,0.152,-0.058249999999999996
p_475,t3_2i4ujn,t1_ckz1of3,t1_ckyu5rm,0.1759656652360515,0.13513513513513514,0.04083053010091636
p_476,t3_2i48ap,t1_ckyt6o8,t1_ckyqbf3,0.1984126984126984,0.18181818181818182,0.01659451659451658
p_477,t3_2i1d99,t1_ckxyj6k,t1_cky3jbs,0.1574074074074074,0.36363636363636365,-0.20622895622895623
p_479,t3_2i0v1l,t1_ckxu8a4,t1_cky4z54,0.1774193548387097,0.2882882882882883,-0.1108689334495786
p_480,t3_2i0v1l,t1_ckxvp3i,t1_cky4z54,0.3584905660377358,0.2882882882882883,0.07020227774944754
p_481,t3_2i0v1l,t1_ckxu3sn,t1_cky4z54,0.2549019607843137,0.2882882882882883,-0.03338632750397458
p_483,t3_2i0v1l,t1_ckxu3jp,t1_cky4z54,0.27167630057803466,0.2882882882882883,-0.01661198771025363
p_482,t3_2i0v1l,t1_cky0241,t1_ckyf89q,0.3137254901960784,0.1875,0.12622549019607843
p_484,t3_2hzyl1,t1_cky1hsp,t1_ckxtqoy,0.08695652173913043,0.08333333333333333,0.0036231884057971037
p_485,t3_2hxjbt,t1_ckx3oiu,t1_ckwx420,0.3416666666666667,0.5116279069767442,-0.16996124031007753
p_486,t3_2hxjbt,t1_ckx4axr,t1_ckwx420,0.3017241379310345,0.5116279069767442,-0.20990376904570973
p_488,t3_2hwulu,t1_ckwq1jd,t1_ckwq945,0.21052631578947367,0.23255813953488372,-0.022031823745410045
p_490,t3_2htrl3,t1_ckw2y0n,t1_ckvy6x4,0.2897196261682243,0.24752475247524752,0.04219487369297675
p_491,t3_2htk52,t1_ckvvxkp,t1_ckvx0ev,0.05263157894736842,0.09259259259259259,-0.03996101364522417
p_492,t3_2htk52,t1_ckvxkvc,t1_ckvx0ev,0.13636363636363635,0.09259259259259259,0.043771043771043766
p_493,t3_2hr75i,t1_ckv9zqs,t1_ckv9rr3,0.15384615384615385,0.08695652173913043,0.06688963210702342
p_496,t3_2hpa2d,t1_ckuqod3,t1_ckuzhiu,0.15853658536585366,0.13580246913580246,0.0227341162300512
p_498,t3_2ho91q,t1_ckvcw78,t1_ckuhjc3,0.1,0.1111111111111111,-0.0111111111111111
p_499,t3_2hiuav,t1_ckt28ag,t1_ckt2g63,0.20202020202020202,0.2465753424657534,-0.044555140445551394
p_500,t3_2hfggr,t1_cks62en,t1_cks5dxq,0.23728813559322035,0.2734375,-0.036149364406779655
p_501,t3_2hevmr,t1_cks71oj,t1_cks21ow,0.0967741935483871,0.13895216400911162,-0.04217797046072452
p_503,t3_2hcsbm,t1_ckrirh7,t1_ckrgs3i,0.029850746268656716,0.008928571428571428,0.020922174840085288
p_504,t3_2hcsbm,t1_ckrm2w9,t1_ckrhha6,0.019417475728155338,0.0449438202247191,-0.025526344496563762
p_505,t3_2hcri1,t1_ckrh2wh,t1_ckrggw4,0.12987012987012986,0.13513513513513514,-0.005265005265005285
p_506,t3_2hcri1,t1_ckrjgy3,t1_ckrggw4,0.21875,0.13513513513513514,0.08361486486486486
p_508,t3_2h86d3,t1_ckqarz7,t1_ckqhhuu,0.13131313131313133,0.12365591397849462,0.007657217334636701
p_509,t3_2h86d3,t1_ckqafe5,t1_ckqce1l,0.1590909090909091,0.1282051282051282,0.030885780885780895
p_511,t3_2h4eyz,t1_ckpc76o,t1_ckp9n1i,0.14814814814814814,0.17857142857142858,-0.030423280423280435
p_513,t3_2h0jzj,t1_ckohl81,t1_ckodwsx,0.20899470899470898,0.3137254901960784,-0.10473078120136944
p_514,t3_2h0jzj,t1_ckoe0hf,t1_ckodwsx,0.2737430167597765,0.3137254901960784,-0.0399824734363019
p_516,t3_2gzzdj,t1_cko4w0c,t1_cko704v,0.2916666666666667,0.14545454545454545,0.14621212121212124
p_519,t3_2gydya,t1_cknrbir,t1_cknn53g,0.2,0.16470588235294117,0.03529411764705884
p_520,t3_2gydya,t1_ckoa0em,t1_ckoa7jr,0.1592920353982301,0.19047619047619047,-0.03118415507796038
p_522,t3_2gutfw,t1_ckmqhcy,t1_ckmsmic,0.28,0.18181818181818182,0.0981818181818182
p_523,t3_2gutfw,t1_ckmsso5,t1_ckmp2m8,0.15083798882681565,0.22077922077922077,-0.06994123195240512
p_524,t3_2gutfw,t1_ckmpz17,t1_ckn0chh,0.24444444444444444,0.2857142857142857,-0.04126984126984126
p_525,t3_2gsjt4,t1_ckm3eez,t1_ckm57gi,0.3333333333333333,0.25,0.08333333333333331
p_526,t3_2gsjkx,t1_ckm3upz,t1_ckm3me9,0.1111111111111111,0.1346153846153846,-0.023504273504273504
p_527,t3_2gscl8,t1_ckm3j6s,t1_ckm1x6y,0.1896551724137931,0.21568627450980393,-0.02603110209601084
p_529,t3_2gpy69,t1_cklkgsr,t1_cklrd7q,0.05,0.06666666666666667,-0.016666666666666663
p_532,t3_2gmkz2,t1_ckkm4uh,t1_ckkl832,0.034482758620689655,0.2,-0.16551724137931034
p_534,t3_2glozx,t1_ckkahw7,t1_ckkcrue,0.3125,0.1518987341772152,0.1606012658227848
p_535,t3_2glozx,t1_ckkb7k5,t1_ckkcgtt,0.16666666666666666,0.16,0.006666666666666654
p_536,t3_2gliyk,t1_ckk9blv,t1_ckk9cif,0.11504424778761062,0.06422018348623854,0.05082406430137208
p_537,t3_2gliyk,t1_ckkaypu,t1_ckkhubk,0.11052631578947368,0.04807692307692308,0.0624493927125506
p_538,t3_2gkv97,t1_ckk5d7b,t1_ckk2eje,0.17857142857142858,0.2553191489361702,-0.07674772036474162
p_541,t3_2ghosx,t1_ckj7oyl,t1_ckj8bt9,0.14893617021276595,0.23809523809523808,-0.08915906788247213
p_542,t3_2ggq4d,t1_ckiyftg,t1_ckiyjmb,0.16883116883116883,0.22580645161290322,-0.05697528278173439
p_543,t3_2ggppl,t1_ckixuwj,t1_ckixo4m,0.11224489795918367,0.08108108108108109,0.031163816878102588
p_545,t3_2ggppl,t1_ckiyv6o,t1_ckiz87f,0.15625,0.12903225806451613,0.027217741935483875
p_547,t3_2ggeie,t1_ckj0ypi,t1_ckiurpd,0.05952380952380952,0.07171314741035857,-0.012189337886549051
p_548,t3_2gf3at,t1_ckjbl54,t1_ckioyq4,0.23636363636363636,0.11764705882352941,0.11871657754010695
p_551,t3_2gdd35,t1_cki0iqm,t1_cki80vu,0.06896551724137931,0.10526315789473684,-0.03629764065335753
p_554,t3_2g83sk,t1_ckgpxl1,t1_ckgjkvd,0.13513513513513514,0.030303030303030304,0.10483210483210484
p_555,t3_2g6mpl,t1_ckg55ez,t1_ckg4zgn,0.24324324324324326,0.18571428571428572,0.057528957528957536
p_556,t3_2g4ifu,t1_ckfqk9u,t1_ckfshmt,0.11956521739130435,0.14093959731543623,-0.02137437992413188
p_559,t3_2g2vzd,t1_ckf6qtu,t1_ckf4pc7,0.203125,0.08823529411764706,0.11488970588235294
p_561,t3_2g2dg1,t1_ckf6526,t1_ckg1de7,0.11702127659574468,0.1702127659574468,-0.05319148936170212
p_562,t3_2g1ea5,t1_ckeqq3q,t1_ckesi7g,0.2393617021276596,0.3018867924528302,-0.06252509032517059
p_564,t3_2g1ea5,t1_ckersg9,t1_cket437,0.3411764705882353,0.31007751937984496,0.031098951208390346
p_565,t3_2g1ea5,t1_cket8bk,t1_cket39p,0.2222222222222222,0.4857142857142857,-0.2634920634920635
p_566,t3_2g0wmr,t1_ckenwa6,t1_ckemqjl,0.12,0.13986013986013987,-0.019860139860139875
p_569,t3_2fwq1i,t1_ckdlfbp,t1_ckdpk3y,0.14285714285714285,0.13114754098360656,0.011709601873536285
p_570,t3_2fwmff,t1_ckdlodj,t1_ckdfg3r,0.2127659574468085,0.20666666666666667,0.006099290780141847
p_572,t3_2fuvyn,t1_ckd2th4,t1_ckd051u,0.09142857142857143,0.2222222222222222,-0.1307936507936508
p_573,t3_2fu5da,t1_ckcwa0l,t1_ckd7g94,0.19444444444444445,0.16216216216216217,0.032282282282282276
p_575,t3_2fu5da,t1_ckd2dqa,t1_ckd7g94,0.15517241379310345,0.16216216216216217,-0.006989748369058718
p_576,t3_2fu5da,t1_ckdjfgl,t1_cke4u4s,0.12643678160919541,0.18181818181818182,-0.05538140020898641
p_577,t3_2fty9r,t1_ckd78uk,t1_ckcsyfa,0.1694915254237288,0.14893617021276595,0.020555355210962856
p_579,t3_2fr87u,t1_ckcche8,t1_ckbz0d4,0.2553191489361702,0.25806451612903225,-0.002745367192862058
p_581,t3_2fo07m,t1_ckb6wte,t1_ckbi4rn,0.2,0.225,-0.024999999999999994
p_582,t3_2fo07m,t1_ckb4dmq,t1_ckbi4rn,0.2465753424657534,0.225,0.021575342465753405
p_586,t3_2fkhgs,t1_cka4baq,t1_ckagd1v,0.5384615384615384,0.3783783783783784,0.16008316008316004
p_587,t3_2fkhgs,t1_cka71xp,t1_ckahr81,0.15841584158415842,0.2857142857142857,-0.12729844413012728
p_588,t3_2fkhgs,t1_ckabepp,t1_ckab7k5,0.2543859649122807,0.6382978723404256,-0.38391190742814485
p_589,t3_2fjsjb,t1_ck9wx7u,t1_cka49p5,0.2727272727272727,0.2773109243697479,-0.004583651642475206
p_590,t3_2fh3qu,t1_ck99mwb,t1_ck94xpk,0.15730337078651685,0.11864406779661017,0.03865930298990668
p_592,t3_2fgshm,t1_ck9f5l1,t1_ck98ujh,0.16853932584269662,0.14102564102564102,0.0275136848170556
p_593,t3_2fgrxm,t1_ck91zkd,t1_ck91m7r,0.2,0.2702702702702703,-0.07027027027027027
p_595,t3_2fg916,t1_ck8x3ob,t1_ck8wogg,0.18823529411764706,0.13333333333333333,0.054901960784313725
p_597,t3_2fduqy,t1_ck8t6he,t1_ck8px65,0.12448132780082988,0.09574468085106383,0.028736646949766048
p_598,t3_2fduqy,t1_ck8agrx,t1_ck94f1t,0.11842105263157894,0.13043478260869565,-0.012013729977116708
p_602,t3_2fdmwl,t1_ck8hcxb,t1_ck8aoqa,0.4126984126984127,0.39,0.022698412698412662
p_603,t3_2fdmwl,t1_ck8rib6,t1_ck8aoqa,0.2553191489361702,0.39,-0.13468085106382982
p_605,t3_2fd87u,t1_ck83yle,t1_ck84612,0.17482517482517482,0.25,-0.07517482517482518
p_606,t3_2fd87u,t1_ck859ka,t1_ck843v2,0.2459016393442623,0.3333333333333333,-0.08743169398907102
p_607,t3_2fbbv9,t1_ck84tkw,t1_ck88yhl,0.21359223300970873,0.3111111111111111,-0.09751887810140239
p_611,t3_2f78ys,t1_ck6mvg6,t1_ck6wzql,0.061224489795918366,0.05092592592592592,0.010298563869992443
p_616,t3_2f3w7f,t1_ck60pkf,t1_ck68kw6,0.0962962962962963,0.104,-0.007703703703703699
p_617,t3_2f3fma,t1_ck5uh5i,t1_ck5jj2i,0.13380281690140844,0.3684210526315789,-0.2346182357301705
p_618,t3_2f2p8u,t1_ck5cmsy,t1_ck5f41j,0.3333333333333333,0.1875,0.14583333333333331
p_620,t3_2f1tka,t1_ck54mdm,t1_ck53prd,0.09401709401709402,0.20689655172413793,-0.11287945770704391
p_623,t3_2f0a4a,t1_ck5qg13,t1_ck4vnzo,0.2962962962962963,0.5384615384615384,-0.24216524216524216
p_626,t3_2erf2t,t1_ck2ljcj,t1_ck2gk4u,0.12605042016806722,0.15079365079365079,-0.024743230625583562
p_628,t3_2eqf4w,t1_ck2dhsc,t1_ck22nty,0.06502242152466367,0.09259259259259259,-0.027570171067928917
p_635,t3_2emkns,t1_ck1194m,t1_ck13p6l,0.09375,0.12371134020618557,-0.02996134020618557
p_634,t3_2emkns,t1_ck0zrjm,t1_ck13p6l,0.10666666666666667,0.12371134020618557,-0.017044673539518898
p_632,t3_2emkns,t1_ck12zme,t1_ck13upr,0.11976047904191617,0.20224719101123595,-0.08248671196931978
p_637,t3_2emdo8,t1_ck0wlix,t1_ck0ugt9,0.1111111111111111,0.20689655172413793,-0.09578544061302682
p_639,t3_2ehl9h,t1_cjzpkr3,t1_cjzk8g5,0.18421052631578946,0.20930232558139536,-0.025091799265605896
p_641,t3_2eez7x,t1_cjzf2j8,t1_cjzgw4v,0.0880503144654088,0.1984126984126984,-0.1103623839472896
p_642,t3_2eeedl,t1_cjyrp0h,t1_cjyos4x,0.08333333333333333,0.16666666666666666,-0.08333333333333333
p_643,t3_2eeedl,t1_cjyo1c4,t1_cjyz90m,0.1346153846153846,0.1282051282051282,0.006410256410256415
p_644,t3_2eeedl,t1_cjyny2g,t1_cjyos4x,0.041666666666666664,0.16666666666666666,-0.125
p_645,t3_2eeedl,t1_cjypfnn,t1_cjyy8zl,0.047619047619047616,0.05194805194805195,-0.004329004329004335
p_647,t3_2edzcv,t1_cjyy0v9,t1_cjysuzd,0.04962779156327544,0.022727272727272728,0.02690051883600271
p_648,t3_2ebw2y,t1_cjy2hvj,t1_cjy4ceu,0.19402985074626866,0.23809523809523808,-0.04406538734896942
p_649,t3_2ebkiy,t1_cjxxcwt,t1_cjy5nhm,0.2828282828282828,0.35294117647058826,-0.07011289364230544
p_650,t3_2ebj49,t1_cjxyzxn,t1_cjxzs8p,0.16666666666666666,0.24324324324324326,-0.0765765765765766
p_651,t3_2eahyl,t1_cjxnpf1,t1_cjxqeut,0.26666666666666666,0.13846153846153847,0.1282051282051282
p_652,t3_2eahyl,t1_cjxo529,t1_cjxtave,0.2978723404255319,0.20087336244541484,0.09699897798011706
p_654,t3_2e9s6m,t1_cjxf8x8,t1_cjxl9tb,0.1368421052631579,0.19230769230769232,-0.055465587044534415
p_655,t3_2e9rt1,t1_cjxgilw,t1_cjxfkcw,0.20512820512820512,0.19672131147540983,0.008406893652795289
p_656,t3_2e9q8o,t1_cjxdy6w,t1_cjxkoca,0.14201183431952663,0.22535211267605634,-0.08334027835652971
p_657,t3_2e98b1,t1_cjxb5sz,t1_cjxexte,0.22033898305084745,0.2631578947368421,-0.04281891168599464
p_659,t3_2e98b1,t1_cjxanmm,t1_cjx9qkg,0.21333333333333335,0.3333333333333333,-0.11999999999999997
p_660,t3_2e8yse,t1_cjx89ru,t1_cjxdz78,0.1032258064516129,0.09523809523809523,0.00798771121351767
p_661,t3_2e8yse,t1_cjx7g3z,t1_cjxdz78,0.13157894736842105,0.09523809523809523,0.03634085213032581
p_662,t3_2e8ach,t1_cjxi71v,t1_cjx17o5,0.17045454545454544,0.15789473684210525,0.012559808612440188
p_663,t3_2e6v25,t1_cjxa35m,t1_cjx2bzp,0.03508771929824561,0.10909090909090909,-0.07400318979266347
p_667,t3_2e4crb,t1_cjvy9v7,t1_cjwlak3,0.09803921568627451,0.05405405405405406,0.04398516163222045
p_668,t3_2e4crb,t1_cjxll0p,t1_cjw5uck,0.08666666666666667,0.21212121212121213,-0.12545454545454546
p_669,t3_2e4b5f,t1_cjvxnfz,t1_cjwigez,0.13513513513513514,0.3333333333333333,-0.19819819819819817
p_670,t3_2e439b,t1_cjw2n76,t1_cjvvbcf,0.18333333333333332,0.1891891891891892,-0.005855855855855879
p_672,t3_2e3t22,t1_cjvs6w2,t1_cjvzvc8,0.23404255319148937,0.28378378378378377,-0.049741230592294405
p_674,t3_2e3f98,t1_cjvox9d,t1_cjvp856,0.1282051282051282,0.16666666666666666,-0.038461538461538464
p_676,t3_2e2rb6,t1_cjvi6ow,t1_cjvzfop,0.23809523809523808,0.203125,0.03497023809523808
p_677,t3_2e2rb6,t1_cjx8ys6,t1_cjvin9n,0.10714285714285714,0.21428571428571427,-0.10714285714285714
p_678,t3_2e2jug,t1_cjvwam2,t1_cjvvj7z,0.23039215686274508,0.19047619047619047,0.03991596638655462
p_679,t3_2e2jug,t1_cjvuw76,t1_cjvoyh6,0.23076923076923078,0.4146341463414634,-0.1838649155722326
p_680,t3_2e1fah,t1_cjv53s3,t1_cjv5s7v,0.3103448275862069,0.25,0.060344827586206906
p_681,t3_2e1fah,t1_cjv86o4,t1_cjvncqn,0.2524271844660194,0.26804123711340205,-0.015614052647382637
p_682,t3_2e1fah,t1_cjvi92b,t1_cjv5s7v,0.4722222222222222,0.25,0.2222222222222222
p_683,t3_2dzrhq,t1_cjunv4h,t1_cjunnw5,0.1791044776119403,0.225,-0.04589552238805972
p_684,t3_2dzrhq,t1_cjv2nbp,t1_cjunbkn,0.3492063492063492,0.30952380952380953,0.03968253968253965
p_685,t3_2dzrhq,t1_cjuplp1,t1_cjunss7,0.1724137931034483,0.24705882352941178,-0.07464503042596349
p_686,t3_2dzqgj,t1_cjurtqh,t1_cjv9hrw,0.4117647058823529,0.3333333333333333,0.0784313725490196
p_688,t3_2dzqgj,t1_cjv7aa2,t1_cjv9hrw,0.3170731707317073,0.3333333333333333,-0.016260162601625994
p_687,t3_2dzqgj,t1_cjun4m4,t1_cjuorfi,0.2,0.2846153846153846,-0.08461538461538459
p_690,t3_2dy3mw,t1_cju8xei,t1_cjuc7t4,0.16,0.09230769230769231,0.06769230769230769
p_692,t3_2dxa7k,t1_cjtzqak,t1_cju9ahc,0.125,0.13333333333333333,-0.008333333333333331
p_695,t3_2dw5ig,t1_cjtn82k,t1_cjtn850,0.4,0.14814814814814814,0.2518518518518519
p_696,t3_2dvguy,t1_cjtqfdm,t1_cjty2p2,0.23636363636363636,0.16901408450704225,0.06734955185659411
p_697,t3_2dtng7,t1_cjsz593,t1_cjt08iq,0.15555555555555556,0.15789473684210525,-0.0023391812865496964
p_699,t3_2dtng7,t1_cjt0gp1,t1_cjt08iq,0.18181818181818182,0.15789473684210525,0.02392344497607657
p_701,t3_2dsh9z,t1_cjsm7s0,t1_cjsp93m,0.2553191489361702,0.19642857142857142,0.05889057750759877
p_702,t3_2dsh9z,t1_cjso3hu,t1_cjsprfv,0.16494845360824742,0.08737864077669903,0.07756981283154839
p_706,t3_2drox8,t1_cjsefiu,t1_cjshzfo,0.05392156862745098,0.05058365758754864,0.0033379110399023443
p_707,t3_2dqwmd,t1_cjs75j7,t1_cjtbaaf,0.15789473684210525,0.16666666666666666,-0.008771929824561403
p_710,t3_2dqiwg,t1_cjs3gzc,t1_cjs43w0,0.11428571428571428,0.22,-0.10571428571428572
p_713,t3_2dnntx,t1_cjrb5qh,t1_cjr97o9,0.25,0.24691358024691357,0.0030864197530864335
p_714,t3_2dn3f8,t1_cjr9dnd,t1_cjrqm60,0.17073170731707318,0.17073170731707318,0.0
p_717,t3_2dn11e,t1_cjrjl9x,t1_cjr71xy,0.07453416149068323,0.1111111111111111,-0.03657694962042787
p_715,t3_2dn11e,t1_cjr2n9b,t1_cjr6whw,0.10309278350515463,0.17857142857142858,-0.07547864506627394
p_718,t3_2dlheo,t1_cjqnd51,t1_cjqtrub,0.18461538461538463,0.2692307692307692,-0.08461538461538459
p_725,t3_2dhno3,t1_cjpkrey,t1_cjpktss,0.09523809523809523,0.13333333333333333,-0.0380952380952381
p_726,t3_2dhno3,t1_cjpl1mi,t1_cjpl00t,0.15789473684210525,0.09302325581395349,0.06487148102815177
p_729,t3_2dgu6l,t1_cjpdy8k,t1_cjpe59d,0.2396694214876033,0.24050632911392406,-0.0008369076263207431
p_727,t3_2dgu6l,t1_cjpdn9v,t1_cjpklzu,0.3333333333333333,0.15384615384615385,0.17948717948717946
p_730,t3_2dgqx2,t1_cjpbloq,t1_cjpbk3l,0.2857142857142857,0.11538461538461539,0.1703296703296703
p_732,t3_2dg6ti,t1_cjp6klt,t1_cjp63yk,0.08860759493670886,0.13043478260869565,-0.04182718767198679
p_733,t3_2dg4c1,t1_cjpx7h2,t1_cjpio9w,0.05263157894736842,0.1,-0.04736842105263159
p_734,t3_2dfvv8,t1_cjp4zw9,t1_cjps9sv,0.10740740740740741,0.14705882352941177,-0.03965141612200436
p_735,t3_2dfees,t1_cjoyyhb,t1_cjoyhsi,0.3064516129032258,0.3135593220338983,-0.0071077091306724904
p_736,t3_2df7cg,t1_cjp0py1,t1_cjp0eg0,0.047619047619047616,0.1891891891891892,-0.14157014157014158
p_738,t3_2ddrqc,t1_cjos8fl,t1_cjoj8pn,0.2857142857142857,0.34615384615384615,-0.06043956043956045
p_739,t3_2ddrqc,t1_cjoqu2v,t1_cjok2vp,0.12698412698412698,0.2558139534883721,-0.12882982650424513
p_744,t3_2d9qj2,t1_cjnklzx,t1_cjnknol,0.04371584699453552,0.0641025641025641,-0.020386717108028578
p_748,t3_2d80rd,t1_cjn0zyz,t1_cjn0l56,0.22131147540983606,0.27,-0.048688524590163956
p_749,t3_2d80rd,t1_cjmzj1k,t1_cjn0l56,0.20588235294117646,0.27,-0.06411764705882356
p_751,t3_2d70dq,t1_cjmpn2y,t1_cjmqlfg,0.2641509433962264,0.5238095238095238,-0.2596585804132974
p_752,t3_2d70dq,t1_cjmpqr5,t1_cjmq3hk,0.4642857142857143,0.3125,0.1517857142857143
p_754,t3_2d4iry,t1_cjm06yw,t1_cjlzkdu,0.03529411764705882,0.12,-0.08470588235294117
p_753,t3_2d4iry,t1_cjm03nb,t1_cjm7yyk,0.07142857142857142,0.10483870967741936,-0.033410138248847934
p_755,t3_2d45vn,t1_cjlwas2,t1_cjmfdmh,0.14705882352941177,0.10526315789473684,0.04179566563467493
p_756,t3_2d45gd,t1_cjlw24h,t1_cjm4puq,0.21428571428571427,0.3392857142857143,-0.12500000000000003
p_757,t3_2d45gd,t1_cjlvwcv,t1_cjm05zn,0.2,0.2727272727272727,-0.0727272727272727
p_758,t3_2d3v5a,t1_cjlwcf0,t1_cjm3zmu,0.17073170731707318,0.0945945945945946,0.07613711272247858
p_759,t3_2d2as3,t1_cjlfahj,t1_cjlf2q0,0.12844036697247707,0.15217391304347827,-0.0237335460710012
p_760,t3_2czuse,t1_cjkv8v3,t1_cjkt5uj,0.12857142857142856,0.22413793103448276,-0.0955665024630542
p_761,t3_2cziel,t1_cjkkwxr,t1_cjkpo0a,0.1518987341772152,0.17857142857142858,-0.02667269439421338
p_762,t3_2czhb2,t1_cjkm7nm,t1_cjkm0r4,0.1276595744680851,0.15384615384615385,-0.02618657937806876
p_763,t3_2cz5rq,t1_cjkk570,t1_cjkjx53,0.12121212121212122,0.13846153846153847,-0.017249417249417254
p_766,t3_2cwals,t1_cjjmt5t,t1_cjjmrg7,0.12857142857142856,0.09615384615384616,0.0324175824175824
p_767,t3_2cuup8,t1_cjj91pc,t1_cjj8z52,0.15625,0.2653061224489796,-0.10905612244897961
p_769,t3_2cuup8,t1_cjj95ae,t1_cjj95r7,0.14655172413793102,0.19047619047619047,-0.043924466338259444
p_768,t3_2cuup8,t1_cjj8vwc,t1_cjj93qh,0.30434782608695654,0.11627906976744186,0.1880687563195147
p_770,t3_2ctoax,t1_cjl2zn4,t1_cjiw921,0.05154639175257732,0.11688311688311688,-0.06533672513053956
p_773,t3_2cpj4p,t1_cjhqqcp,t1_cjhqbq0,0.22727272727272727,0.36619718309859156,-0.1389244558258643
p_774,t3_2cpj4p,t1_cjhreeh,t1_cjhqbq0,0.3026315789473684,0.36619718309859156,-0.06356560415122314
p_775,t3_2cotfm,t1_cjhpm9j,t1_cjhkm9q,0.1044776119402985,0.07352941176470588,0.03094820017559262
p_778,t3_2cm5jd,t1_cjh0bre,t1_cjguy6j,0.0824524312896406,0.09134615384615384,-0.008893722556513245
p_779,t3_2cm3oh,t1_cjgsk1z,t1_cjgv6jc,0.043478260869565216,0.07142857142857142,-0.02795031055900621
p_780,t3_2clk6c,t1_cjgn3ba,t1_cjgqd1y,0.1643835616438356,0.11764705882352941,0.0467365028203062
p_781,t3_2ck2yw,t1_cjga8kb,t1_cjgci5s,0.16279069767441862,0.1016949152542373,0.06109578242018132
p_783,t3_2cjh91,t1_cjg6chd,t1_cjg4iir,0.19801980198019803,0.25949367088607594,-0.061473868905877915
p_784,t3_2cixjs,t1_cjfyd92,t1_cjfxj4o,0.06944444444444445,0.2222222222222222,-0.15277777777777776
p_786,t3_2cimfd,t1_cjfuup7,t1_cjftym1,0.15476190476190477,0.19444444444444445,-0.03968253968253968
p_787,t3_2cimfd,t1_cjfxnwo,t1_cjftym1,0.17699115044247787,0.19444444444444445,-0.017453294001966574
p_789,t3_2chy2d,t1_cjfpbub,t1_cjfnmjy,0.08653846153846154,0.06896551724137931,0.017572944297082227
p_792,t3_2ch2je,t1_cjfeou6,t1_cjff0g8,0.13559322033898305,0.12994350282485875,0.005649717514124297
p_794,t3_2cflx0,t1_cjfajp7,t1_cjfm8m1,0.16184971098265896,0.20816326530612245,-0.046313554323463485
p_796,t3_2cfco7,t1_cjf04a9,t1_cjexi6m,0.2154696132596685,0.2777777777777778,-0.06230816451810928
p_799,t3_2cayvr,t1_cjdvbhe,t1_cjdu0ta,0.24050632911392406,0.24390243902439024,-0.003396109910466183
p_801,t3_2c8rcd,t1_cjd7pz3,t1_cjd6lze,0.20220588235294118,0.250814332247557,-0.048608449894615824
p_802,t3_2c8fea,t1_cjcyect,t1_cjd2c3b,0.08641975308641975,0.1232876712328767,-0.03686791814645696
p_803,t3_2c7yah,t1_cjd2kql,t1_cjcxj9f,0.24390243902439024,0.262987012987013,-0.019084573962622753
p_805,t3_2c5zac,t1_cjc9611,t1_cjc924m,0.3170731707317073,0.19230769230769232,0.124765478424015
p_806,t3_2c5zac,t1_cjctvr0,t1_cjcbahh,0.23404255319148937,0.17142857142857143,0.06261398176291794
p_807,t3_2c5p5y,t1_cjcho3h,t1_cjc7uan,0.20930232558139536,0.1702127659574468,0.039089559623948555
p_808,t3_2c5p5y,t1_cjcd7nc,t1_cjccm8m,0.2,0.2857142857142857,-0.08571428571428569
p_810,t3_2c3fc3,t1_cjbjw5y,t1_cjbjkju,0.1724137931034483,0.17647058823529413,-0.004056795131845842
p_813,t3_2c1mga,t1_cjb2jw5,t1_cjc4wg5,0.1,0.055441478439425054,0.04455852156057495
p_815,t3_2c0frm,t1_cjb1qx6,t1_cjause4,0.10185185185185185,0.21212121212121213,-0.11026936026936028
p_816,t3_2c0frm,t1_cjb1sid,t1_cjb85xf,0.04986149584487535,0.057803468208092484,-0.007941972363217135
p_818,t3_2bys5g,t1_cja9ddx,t1_cja81tm,0.184,0.1721311475409836,0.011868852459016394
p_820,t3_2byn0m,t1_cja7f9f,t1_cjabwg5,0.358974358974359,0.5333333333333333,-0.17435897435897435
p_821,t3_2btxhq,t1_cj8vmab,t1_cj8xbmk,0.12,0.12345679012345678,-0.0034567901234567877
p_822,t3_2bt248,t1_cj8mfi7,t1_cj8m3h7,0.19672131147540983,0.10576923076923077,0.09095208070617906
p_823,t3_2bt248,t1_cj8m0lg,t1_cj8mwsz,0.3333333333333333,0.21052631578947367,0.12280701754385964
p_824,t3_2bsdbd,t1_cj8tbiu,t1_cj8hvl7,0.04580152671755725,0.1043956043956044,-0.05859407767804715
p_826,t3_2brzwb,t1_cj8hzbv,t1_cj8gj0l,0.11267605633802817,0.21621621621621623,-0.10354015987818806
p_827,t3_2brzmq,t1_cj8bm67,t1_cj8cjmm,0.18604651162790697,0.1839080459770115,0.0021384656508954825
p_828,t3_2brzmq,t1_cj8ba9r,t1_cj8b7ms,0.3,0.15151515151515152,0.14848484848484847
p_829,t3_2bqtzl,t1_cj80j9s,t1_cj810fl,0.16494845360824742,0.11333333333333333,0.05161512027491409
p_832,t3_2boeux,t1_cj7b6r1,t1_cj7b5jv,0.09230769230769231,0.24,-0.14769230769230768
p_833,t3_2boeux,t1_cj7bl1t,t1_cj7igwx,0.08333333333333333,0.06896551724137931,0.01436781609195402
p_834,t3_2boe3r,t1_cj7c5d5,t1_cj7cbq5,0.16326530612244897,0.19117647058823528,-0.027911164465786314
p_836,t3_2bo3al,t1_cj7h31j,t1_cj7dkvq,0.17857142857142858,0.14285714285714285,0.035714285714285726
p_837,t3_2bnfju,t1_cj716f4,t1_cj718af,0.09154929577464789,0.18181818181818182,-0.09026888604353393
p_838,t3_2bnfju,t1_cj71qqf,t1_cj717cb,0.16279069767441862,0.3181818181818182,-0.15539112050739956
p_840,t3_2bmc2p,t1_cj6s9ct,t1_cj6qflr,0.11428571428571428,0.08108108108108109,0.0332046332046332
p_841,t3_2bmble,t1_cj6qs8o,t1_cj6v78p,0.1388888888888889,0.1111111111111111,0.02777777777777779
p_844,t3_2bkf5u,t1_cj684og,t1_cj6d292,0.3157894736842105,0.5217391304347826,-0.20594965675057209
p_846,t3_2bk0qs,t1_cj63kvq,t1_cj63fve,0.19230769230769232,0.027777777777777776,0.16452991452991456
p_849,t3_2bk0qs,t1_cj64yf0,t1_cj63fve,0.125,0.027777777777777776,0.09722222222222222
p_847,t3_2bk0qs,t1_cj66iuo,t1_cj6420b,0.12777777777777777,0.18181818181818182,-0.054040404040404055
p_850,t3_2bk0qs,t1_cj65d7h,t1_cj66gvl,0.0875,0.05714285714285714,0.030357142857142853
p_852,t3_2bh5ak,t1_cj5b5uh,t1_cj5jak2,0.28,0.28,0.0
p_854,t3_2bf94q,t1_cj4sh2e,t1_cj4qy6o,0.1111111111111111,0.15151515151515152,-0.040404040404040414
p_855,t3_2bev6f,t1_cj4mn6v,t1_cj4o0am,0.16216216216216217,0.22857142857142856,-0.0664092664092664
p_857,t3_2bdmlg,t1_cj4r6pc,t1_cj4uv2h,0.09090909090909091,0.28,-0.18909090909090912
p_858,t3_2bdgci,t1_cj49439,t1_cj49ckx,0.13402061855670103,0.10227272727272728,0.03174789128397375
p_859,t3_2bd0wa,t1_cj442sl,t1_cj43vgx,0.29069767441860467,0.29545454545454547,-0.004756871035940802
p_861,t3_2bbyzd,t1_cj3zuoq,t1_cj3tx1c,0.12213740458015267,0.25396825396825395,-0.1318308493881013
p_863,t3_2bbbrd,t1_cj3qs8q,t1_cj3ln9x,0.21212121212121213,0.22727272727272727,-0.015151515151515138
p_864,t3_2bbbrd,t1_cj3mpby,t1_cj3ln9x,0.30303030303030304,0.22727272727272727,0.07575757575757577
p_865,t3_2bb58m,t1_cj3lcvm,t1_cj3jor5,0.1111111111111111,0.4444444444444444,-0.3333333333333333
p_868,t3_2bag31,t1_cj3e0bt,t1_cj3f08t,0.2773109243697479,0.44285714285714284,-0.16554621848739492
p_869,t3_2ba5xo,t1_cj3aqld,t1_cj3bm6j,0.15789473684210525,0.07407407407407407,0.08382066276803118
p_873,t3_2b6skg,t1_cj2glpl,t1_cj2cg6m,0.11904761904761904,0.16883116883116883,-0.04978354978354979
p_876,t3_2b3pi0,t1_cj1uavk,t1_cj1m2xo,0.16326530612244897,0.25675675675675674,-0.09349145063430778
p_877,t3_2b3lad,t1_cj1iybx,t1_cj1jqxa,0.13157894736842105,0.17543859649122806,-0.043859649122807015
p_879,t3_2b2yjr,t1_cj1hktf,t1_cj1b4e2,0.28160919540229884,0.25477707006369427,0.026832125338604573
p_881,t3_2b1rwv,t1_cj15lfe,t1_cj10jtx,0.16666666666666666,0.35,-0.18333333333333332
p_882,t3_2b1rab,t1_cj0ycid,t1_cj0zinx,0.2815533980582524,0.2517985611510791,0.029754836907173288
p_883,t3_2az65z,t1_cj0805c,t1_cj0g6d8,0.08333333333333333,0.16901408450704225,-0.08568075117370892
p_884,t3_2az65z,t1_cj0afqo,t1_cj07su5,0.2564102564102564,0.21428571428571427,0.042124542124542114
p_887,t3_2ayhxt,t1_cj01q09,t1_cj05jan,0.09274193548387097,0.13861386138613863,-0.04587192590226766
p_888,t3_2ayhnp,t1_cj0eawe,t1_cj0dm90,0.06818181818181818,0.15789473684210525,-0.08971291866028708
p_889,t3_2ay3kf,t1_cizxi5e,t1_cj0f52z,0.12605042016806722,0.1875,-0.06144957983193278
p_892,t3_2axbu7,t1_cizphk8,t1_cizp4id,0.17886178861788618,0.29411764705882354,-0.11525585844093736
p_894,t3_2ax1is,t1_cizxbqp,t1_cizm2oq,0.06818181818181818,0.1,-0.03181818181818183
p_896,t3_2avwd8,t1_cizdu3g,t1_cizbvza,0.08888888888888889,0.2127659574468085,-0.12387706855791962
p_898,t3_2av5cs,t1_ciz2pkz,t1_ciz33sn,0.22535211267605634,0.15789473684210525,0.06745737583395109
p_899,t3_2av5cs,t1_cizd4ad,t1_ciz33th,0.12313432835820895,0.12582781456953643,-0.0026934862113274782
p_900,t3_2av5cs,t1_ciz37g5,t1_cizbl7q,0.07906976744186046,0.13125,-0.05218023255813954
p_901,t3_2av4l0,t1_ciz5qhg,t1_ciz3zz1,0.16554054054054054,0.13636363636363635,0.02917690417690419
p_902,t3_2av4l0,t1_ciz4rvg,t1_cizdobh,0.24210526315789474,0.37681159420289856,-0.13470633104500382
p_903,t3_2auttr,t1_ciyyxji,t1_ciyz918,0.2441860465116279,0.3898305084745763,-0.1456444619629484
p_904,t3_2auttr,t1_ciz267w,t1_cizcakn,0.20833333333333334,0.35714285714285715,-0.1488095238095238
p_905,t3_2auttr,t1_ciz01zx,t1_ciyz5z2,0.34285714285714286,0.18518518518518517,0.15767195767195769
p_907,t3_2autm6,t1_ciyzdgj,t1_ciyzc4o,0.23076923076923078,0.1388888888888889,0.09188034188034189
p_908,t3_2au1li,t1_ciytem3,t1_ciytn6n,0.16738197424892703,0.20652173913043478,-0.03913976488150775
p_909,t3_2atya5,t1_ciyu2jf,t1_ciza7xp,0.16129032258064516,0.09523809523809523,0.06605222734254992
p_910,t3_2atya5,t1_ciytbvr,t1_ciyug3x,0.14814814814814814,0.11702127659574468,0.031126871552403457
p_911,t3_2atkq9,t1_ciyvkn0,t1_ciysfit,0.20146520146520147,0.265625,-0.06415979853479853
p_912,t3_2atkq9,t1_ciyvfhd,t1_ciz0aqa,0.2631578947368421,0.4782608695652174,-0.21510297482837532
p_914,t3_2aprj3,t1_cixk3ln,t1_cixjumt,0.42424242424242425,0.2619047619047619,0.16233766233766234
p_915,t3_2apfnp,t1_cixj7ex,t1_cixm7i4,0.2857142857142857,0.11538461538461539,0.1703296703296703
p_916,t3_2aotoi,t1_cixcw5d,t1_cixbgnz,0.1951219512195122,0.14383561643835616,0.051286334781156045
p_917,t3_2ao6r9,t1_cix76va,t1_cix3fsy,0.20967741935483872,0.3684210526315789,-0.1587436332767402
p_918,t3_2ao6r9,t1_cix7iph,t1_cix8b7l,0.2956521739130435,0.3717948717948718,-0.07614269788182831
p_919,t3_2ao0uk,t1_cix3ypn,t1_cix3ejo,0.3,0.18181818181818182,0.11818181818181817
p_920,t3_2ao0uk,t1_cix237u,t1_cix3ejo,0.03225806451612903,0.18181818181818182,-0.1495601173020528
p_921,t3_2ancgk,t1_cizbef2,t1_ciwwlp0,0.22,0.425,-0.205
p_922,t3_2am3iw,t1_ciwjxse,t1_ciwj1us,0.2127659574468085,0.3,-0.08723404255319148
p_923,t3_2am3iw,t1_ciwjejz,t1_ciwtkzm,0.10714285714285714,0.07766990291262135,0.029472954230235784
p_924,t3_2aksc1,t1_ciwatzs,t1_ciwai0k,0.09420289855072464,0.15789473684210525,-0.06369183829138061
p_925,t3_2aklm2,t1_ciwffud,t1_ciwbxu9,0.07042253521126761,0.07692307692307693,-0.006500541711809318
p_926,t3_2akhk0,t1_ciw2gow,t1_ciw2nfc,0.16279069767441862,0.10185185185185185,0.06093884582256677
p_927,t3_2ajnzj,t1_ciwqij6,t1_ciwemsm,0.16666666666666666,0.17647058823529413,-0.009803921568627472
p_928,t3_2aj9r3,t1_ciwcbuo,t1_civud7i,0.09836065573770492,0.09090909090909091,0.007451564828614005
p_931,t3_2aj1mk,t1_civssxr,t1_civm58k,0.05737704918032787,0.06666666666666667,-0.009289617486338796
p_930,t3_2aj1mk,t1_civrhnv,t1_civrvjf,0.06666666666666667,0.0945945945945946,-0.027927927927927934
p_933,t3_2ah2al,t1_civd1ci,t1_civ856q,0.08636363636363636,0.1206896551724138,-0.034326018808777434
p_935,t3_2afgwo,t1_ciujkwd,t1_ciuknh0,0.0759493670886076,0.2727272727272727,-0.1967779056386651
p_937,t3_2afeix,t1_civ4udg,t1_ciui2wk,0.09803921568627451,0.11538461538461539,-0.017345399698340883
p_936,t3_2afeix,t1_ciuiq4g,t1_civ1g4o,0.09302325581395349,0.12195121951219512,-0.028927963698241632
p_940,t3_2a9tub,t1_cisxezp,t1_cisyu2q,0.24277456647398843,0.3191489361702128,-0.07637436969622435
p_942,t3_2a9dnv,t1_cit209o,t1_cissjh9,0.34782608695652173,0.30708661417322836,0.04073947278329337
p_943,t3_2a9dnv,t1_cisrycq,t1_cisrkq6,0.22535211267605634,0.35,-0.12464788732394363
p_945,t3_2a7l9t,t1_cisdojk,t1_cisar6g,0.056338028169014086,0.10655737704918032,-0.050219348880166235
p_946,t3_2a7f52,t1_cisdl2d,t1_cisbb3e,0.09473684210526316,0.20588235294117646,-0.1111455108359133
p_947,t3_2a7f52,t1_cisbwf3,t1_cisf85e,0.06976744186046512,0.07142857142857142,-0.0016611295681063093
p_948,t3_2a7f52,t1_cisazcd,t1_cisbb3e,0.11538461538461539,0.20588235294117646,-0.09049773755656107
p_950,t3_2a71ap,t1_cis8nhw,t1_cis9yiw,0.10294117647058823,0.16666666666666666,-0.06372549019607843
p_951,t3_2a6vk3,t1_cis5k8v,t1_cisibct,0.2903225806451613,0.3188405797101449,-0.02851799906498359
p_952,t3_2a6vk3,t1_cis6qmv,t1_cisibct,0.19480519480519481,0.3188405797101449,-0.12403538490495009
p_954,t3_2a5fi8,t1_ciro19q,t1_cirnern,0.25,0.3472222222222222,-0.09722222222222221
p_955,t3_2a54d2,t1_cirmdvw,t1_cirrtjb,0.3023255813953488,0.1797752808988764,0.12255030049647242
p_957,t3_2a3mhz,t1_cirdfug,t1_cirn0uk,0.19626168224299065,0.10975609756097561,0.08650558468201504
p_959,t3_2a2ccx,t1_ciqt2gd,t1_ciqstk4,0.14942528735632185,0.13043478260869565,0.018990504747626202
p_958,t3_2a2ccx,t1_ciqt1fb,t1_ciqt0ds,0.1346153846153846,0.15625,-0.02163461538461539
p_960,t3_2a299i,t1_ciqsytr,t1_ciqs72a,0.18666666666666668,0.3684210526315789,-0.18175438596491225
p_961,t3_2a299i,t1_ciqsl3r,t1_ciqt0e3,0.18085106382978725,0.1794871794871795,0.0013638843426077574
p_963,t3_2a1jkp,t1_ciqmtf7,t1_ciqlutb,0.15384615384615385,0.24675324675324675,-0.0929070929070929
p_964,t3_2a1jkp,t1_ciqrmpo,t1_ciqn0ib,0.2328767123287671,0.3114754098360656,-0.07859869750729848
p_966,t3_2a197z,t1_ciqil5b,t1_ciqobmw,0.3088235294117647,0.3469387755102041,-0.03811524609843936
p_967,t3_2a197z,t1_ciqihn1,t1_ciqobmw,0.3402777777777778,0.3469387755102041,-0.006660997732426288
p_968,t3_29zmtz,t1_ciq2ol0,t1_ciq3149,0.08144796380090498,0.07692307692307693,0.004524886877828052
p_969,t3_29wdwj,t1_cip54i9,t1_cip4gi2,0.16,0.1826086956521739,-0.02260869565217391
p_970,t3_29vb8t,t1_cioupvy,t1_cip1yki,0.25,0.21739130434782608,0.03260869565217392
p_971,t3_29uigy,t1_cioolhq,t1_ciopo2e,0.13114754098360656,0.11363636363636363,0.01751117734724293
p_972,t3_29twg4,t1_ciohbmn,t1_ciofrjv,0.07228915662650602,0.3333333333333333,-0.2610441767068273
p_973,t3_29thke,t1_cioct3t,t1_ciofixu,0.5652173913043478,0.4090909090909091,0.15612648221343867
p_974,t3_29thke,t1_ciod9j6,t1_ciof299,0.4777777777777778,0.5076923076923077,-0.029914529914529864
p_975,t3_29thke,t1_ciod9wn,t1_ciof299,0.36283185840707965,0.5076923076923077,-0.144860449285228
p_976,t3_29t2lw,t1_cio8k31,t1_ciorv42,0.2903225806451613,0.19827586206896552,0.09204671857619579
p_978,t3_29sw94,t1_cioket0,t1_ciolk7r,0.075,0.12962962962962962,-0.054629629629629625
p_979,t3_29s43k,t1_cinyd5x,t1_cinyyyn,0.10869565217391304,0.1282051282051282,-0.019509476031215153
p_981,t3_29q8ct,t1_cinh7w0,t1_cing94q,0.14606741573033707,0.13333333333333333,0.012734082397003743
p_983,t3_29pjwk,t1_cinfrtq,t1_cin94yc,0.08641975308641975,0.18181818181818182,-0.09539842873176207
p_984,t3_29oi1n,t1_cimz15m,t1_cimy8x8,0.14213197969543148,0.16265060240963855,-0.02051862271420707
p_985,t3_29o2de,t1_cimtmrk,t1_cin0747,0.05555555555555555,0.09649122807017543,-0.04093567251461988
p_988,t3_29nx6g,t1_cimrrzy,t1_cimrry5,0.18181818181818182,0.25,-0.06818181818181818
p_990,t3_29n4wo,t1_cio9nnh,t1_cimnztj,0.20600858369098712,0.32558139534883723,-0.11957281165785011
p_992,t3_29mv5t,t1_cimhn69,t1_cimm4sj,0.16666666666666666,0.28169014084507044,-0.11502347417840378
p_993,t3_29kyod,t1_cily6cd,t1_cilx8xd,0.23423423423423423,0.32786885245901637,-0.09363461822478214
p_994,t3_29koa9,t1_ciluvuu,t1_cim8wkw,0.32701421800947866,0.2537878787878788,0.07322633922159988
p_996,t3_29koa9,t1_cim0cmu,t1_cim8wkw,0.23949579831932774,0.2537878787878788,-0.014292080468551044
p_997,t3_29koa9,t1_cilvgjv,t1_cim8wkw,0.3029197080291971,0.2537878787878788,0.049131829241318314
p_998,t3_29koa9,t1_cilvqev,t1_cilxj9y,0.4580152671755725,0.27049180327868855,0.18752346389688396
p_999,t3_29gpjt,t1_cilbryz,t1_cikqtwr,0.18840579710144928,0.18181818181818182,0.006587615283267456
p_1000,t3_29fpzd,t1_cikhu2y,t1_cikh4e8,0.19736842105263158,0.09375,0.10361842105263158
p_1001,t3_29fb1d,t1_cikeni2,t1_cikla8t,0.3404255319148936,0.2903225806451613,0.0501029512697323
p_1002,t3_29ex1p,t1_cik9jgg,t1_ciko7yy,0.16666666666666666,0.2926829268292683,-0.12601626016260162
p_1003,t3_29elqv,t1_cik5t8y,t1_cik747j,0.18072289156626506,0.25316455696202533,-0.07244166539576027
p_1005,t3_29dde1,t1_cijuats,t1_cijzw8d,0.18,0.136986301369863,0.04301369863013699
p_1008,t3_29cqd5,t1_cijp4yk,t1_cijvb22,0.15217391304347827,0.22727272727272727,-0.075098814229249
p_1009,t3_29c3ml,t1_cikuj8t,t1_cijh4ci,0.20833333333333334,0.16666666666666666,0.041666666666666685
p_1010,t3_299mpb,t1_ciiv880,t1_cijf48t,0.3548387096774194,0.38666666666666666,-0.031827956989247286
p_1012,t3_299m1u,t1_cij2hf7,t1_ciirgle,0.13970588235294118,0.14754098360655737,-0.007835101253616195
p_1011,t3_299m1u,t1_cij1roi,t1_ciisuex,0.20588235294117646,0.17647058823529413,0.02941176470588233
p_1015,t3_298jbk,t1_ciircqo,t1_ciijbdz,0.125,0.15833333333333333,-0.033333333333333326
p_1016,t3_295zr6,t1_cihud2v,t1_cihuma6,0.3181818181818182,0.23783783783783785,0.08034398034398033
p_1018,t3_293ei6,t1_cih7ua8,t1_cih1isj,0.20833333333333334,0.32432432432432434,-0.115990990990991
p_1020,t3_292154,t1_cignun4,t1_cigrv7m,0.4375,0.25,0.1875
p_1022,t3_28xzqn,t1_cig26mw,t1_cifrcsx,0.16666666666666666,0.25,-0.08333333333333334
p_1023,t3_28xbw7,t1_cifjy3z,t1_cifovj7,0.16666666666666666,0.125,0.04166666666666666
p_1024,t3_28xbw7,t1_cig1fzx,t1_cifl87i,0.14893617021276595,0.2714285714285714,-0.12249240121580546
p_1025,t3_28wpvg,t1_cif8zbc,t1_cif9t6k,0.03942652329749104,0.1509433962264151,-0.11151687292892405
p_1026,t3_28wp3q,t1_cif8e82,t1_cif88e5,0.25806451612903225,0.16842105263157894,0.08964346349745331
p_1027,t3_28vthp,t1_cieyolc,t1_cif42z9,0.17142857142857143,0.23076923076923078,-0.05934065934065935
p_1028,t3_28sivx,t1_cie0w6q,t1_cie3rwm,0.25,0.07575757575757576,0.17424242424242425
p_1029,t3_28sivx,t1_cie32oy,t1_cie6c67,0.07692307692307693,0.11363636363636363,-0.036713286713286705
p_1030,t3_28sivx,t1_cie3t4x,t1_ciexvov,0.125,0.09090909090909091,0.03409090909090909
p_1031,t3_28rftj,t1_cidpqyo,t1_cidq2o7,0.23076923076923078,0.2672413793103448,-0.036472148541114024
p_1033,t3_28l9bo,t1_cicbcrc,t1_cicnduy,0.3103448275862069,0.3488372093023256,-0.038492381716118684
p_1034,t3_28kmxf,t1_cibufhn,t1_cic57nm,0.1111111111111111,0.09375,0.017361111111111105
p_1036,t3_28k1k9,t1_cic5k0x,t1_cibo1r9,0.2422360248447205,0.2872340425531915,-0.044998017708471005
p_1037,t3_28jnxp,t1_cibl8h0,t1_cibmdqw,0.1388888888888889,0.1791044776119403,-0.04021558872305139
p_1039,t3_28io13,t1_cibbreq,t1_cic1705,0.15384615384615385,0.14634146341463414,0.007504690431519717
p_1040,t3_28io13,t1_cibhh0f,t1_cibq1ek,0.1885245901639344,0.16666666666666666,0.021857923497267756
p_1042,t3_28io13,t1_cibcinr,t1_cic1705,0.15625,0.14634146341463414,0.009908536585365862
p_1044,t3_28hqnq,t1_cib224e,t1_cib40ah,0.2,0.09375,0.10625000000000001
p_1045,t3_28c0xt,t1_ciasocp,t1_cia500d,0.14736842105263157,0.23684210526315788,-0.08947368421052632
p_1046,t3_28butd,t1_ci9glxs,t1_ci9f4fm,0.07462686567164178,0.20833333333333334,-0.13370646766169156
p_1047,t3_28b5n6,t1_ci9a3vl,t1_ci99ope,0.12903225806451613,0.22388059701492538,-0.09484833895040926
p_1052,t3_28a5fu,t1_ci9bqem,t1_ci8yety,0.060240963855421686,0.14,-0.07975903614457833
p_1053,t3_28a4rk,t1_ci8xy5w,t1_ci90bbf,0.1870967741935484,0.17040358744394618,0.016693186749602212
p_1055,t3_2881g3,t1_ci8embi,t1_ci8bs9b,0.07407407407407407,0.24324324324324326,-0.1691691691691692
p_1056,t3_287z9c,t1_ci8aubw,t1_ci8apra,0.09774436090225563,0.26,-0.16225563909774438
p_1057,t3_287z9c,t1_ci8d0ed,t1_ci8apra,0.21428571428571427,0.26,-0.045714285714285735
p_1058,t3_287cab,t1_ci86zv4,t1_ci87ifw,0.23776223776223776,0.21649484536082475,0.02126739240141301
p_1059,t3_2870cx,t1_ci81vqj,t1_ci8137l,0.08653846153846154,0.2413793103448276,-0.15484084880636606
p_1060,t3_286wmt,t1_ci81k1d,t1_ci80xo1,0.21428571428571427,0.18032786885245902,0.03395784543325525
p_1061,t3_286wmt,t1_ci817z2,t1_ci8clpg,0.09433962264150944,0.125,-0.03066037735849056
p_1062,t3_2848jg,t1_ci7igy9,t1_ci7f6gw,0.11538461538461539,0.14545454545454545,-0.030069930069930056
p_1064,t3_282r7k,t1_ci758gf,t1_ci6xs0m,0.16,0.1875,-0.027499999999999997
p_1065,t3_282lgu,t1_ci6xcds,t1_ci6wglw,0.17647058823529413,0.09090909090909091,0.08556149732620322
p_1068,t3_281bde,t1_ci6f2vp,t1_ci73217,0.1568627450980392,0.2692307692307692,-0.11236802413273
p_1069,t3_2803o3,t1_ci69ena,t1_ci63g5z,0.1437908496732026,0.37142857142857144,-0.22763772175536884
p_1070,t3_2803o3,t1_ci63w8c,t1_ci63kpj,0.2463768115942029,0.25,-0.00362318840579709
p_1071,t3_27ywun,t1_ci5q8xy,t1_ci5rb2e,0.24369747899159663,0.19387755102040816,0.04981992797118848
p_1072,t3_27yn4n,t1_ci5p6hk,t1_ci5nwbp,0.2465753424657534,0.26744186046511625,-0.020866517999362844
p_1073,t3_27wog4,t1_ci54b7y,t1_ci54sne,0.17525773195876287,0.56,-0.3847422680412372
p_1074,t3_27w5po,t1_ci4zmff,t1_ci4ziae,0.11678832116788321,0.3225806451612903,-0.2057923239934071
p_1075,t3_27w4g2,t1_ci52xge,t1_ci500mh,0.1,0.16,-0.06
p_1076,t3_27tb09,t1_ci498s2,t1_ci45ypy,0.23255813953488372,0.29411764705882354,-0.06155950752393982
p_1077,t3_27r91j,t1_ci3qcct,t1_ci3r4y5,0.2,0.22580645161290322,-0.02580645161290321
p_1078,t3_27r91j,t1_ci469aj,t1_ci3lbw6,0.16058394160583941,0.328125,-0.16754105839416059
p_1080,t3_27r91j,t1_ci3v5tq,t1_ci3lbw6,0.3170731707317073,0.328125,-0.011051829268292679
p_1079,t3_27r91j,t1_ci3s6fn,t1_ci4g5dm,0.15294117647058825,0.1357142857142857,0.017226890756302543
p_1081,t3_27qqap,t1_ci3mz0v,t1_ci3fwt5,0.047244094488188976,0.13157894736842105,-0.08433485288023207
p_1082,t3_27polk,t1_ci34zl5,t1_ci34y3o,0.07446808510638298,0.08759124087591241,-0.013123155769529438
p_1083,t3_27poi8,t1_ci35etu,t1_ci36j29,0.16363636363636364,0.16666666666666666,-0.003030303030303022
p_1084,t3_27p2fu,t1_ci302xh,t1_ci2zv2i,0.14634146341463414,0.23076923076923078,-0.08442776735459664
p_1085,t3_27nxly,t1_ci2o2dq,t1_ci2ox33,0.13592233009708737,0.07142857142857142,0.06449375866851595
p_1087,t3_27mbdo,t1_ci2lk26,t1_ci271f9,0.17647058823529413,0.13043478260869565,0.04603580562659848
p_1088,t3_27m0gw,t1_ci29ixa,t1_ci2e7bo,0.16666666666666666,0.3448275862068966,-0.17816091954022992
p_1089,t3_27ltja,t1_ci22bw3,t1_ci221eg,0.09009009009009009,0.23809523809523808,-0.148005148005148
p_1090,t3_27lpkf,t1_ci21sv8,t1_ci22b62,0.30526315789473685,0.22900763358778625,0.0762555243069506
p_1091,t3_27lmyu,t1_ci25ehz,t1_ci292ni,0.07446808510638298,0.08490566037735849,-0.01043757527097551
p_1092,t3_27l0kn,t1_ci22hoe,t1_ci1usgp,0.2537313432835821,0.22641509433962265,0.027316248943959454
p_1094,t3_27jl8c,t1_ci1fdd3,t1_ci1q6ug,0.1724137931034483,0.25,-0.07758620689655171
p_1095,t3_27jl8c,t1_ci1g3eq,t1_ci1o724,0.08333333333333333,0.05128205128205128,0.03205128205128205
p_1096,t3_27jl8c,t1_ci1ybru,t1_ci1ghse,0.17857142857142858,0.2682926829268293,-0.08972125435540071
p_1097,t3_27hht5,t1_ci0v62f,t1_ci0xj1h,0.1323529411764706,0.1836734693877551,-0.05132052821128452
p_1098,t3_27hht5,t1_ci0v0t9,t1_ci0xj1h,0.13333333333333333,0.1836734693877551,-0.05034013605442178
p_1099,t3_27hf7o,t1_ci1a4gk,t1_ci1l4fi,0.3,0.36538461538461536,-0.06538461538461537
p_1101,t3_27gnxb,t1_ci0ta3o,t1_ci0mgmp,0.13157894736842105,0.26666666666666666,-0.13508771929824562
p_1103,t3_27ea43,t1_chzyi0v,t1_chzyvc9,0.25,0.08433734939759036,0.16566265060240964
p_1104,t3_27ea43,t1_chzydy2,t1_chzyi89,0.25,0.09090909090909091,0.1590909090909091
p_1105,t3_27ea43,t1_ci00m2q,t1_chzyvc9,0.08974358974358974,0.08433734939759036,0.0054062403459993885
p_1106,t3_27ea43,t1_ci00sgm,t1_ci005dx,0.0718232044198895,0.092,-0.0201767955801105
p_1107,t3_27dypa,t1_ci0bdgm,t1_ci07fb6,0.27717391304347827,0.2839506172839506,-0.006776704240472331
p_1108,t3_27divm,t1_chzwhlt,t1_chzuja4,0.1875,0.14634146341463414,0.04115853658536586
p_1109,t3_27cn8y,t1_chzj6p6,t1_chziyko,0.16129032258064516,0.23157894736842105,-0.0702886247877759
p_1111,t3_27atxw,t1_chz6xha,t1_chz1u36,0.17518248175182483,0.14285714285714285,0.032325338894681976
p_1112,t3_27arev,t1_chzar7e,t1_chyzift,0.12643678160919541,0.14492753623188406,-0.01849075462268865
p_1113,t3_27aea6,t1_chywdcb,t1_chywfdl,0.07964601769911504,0.10975609756097561,-0.030110079861860567
p_1114,t3_27aa6m,t1_chyw1lz,t1_chyuott,0.1423076923076923,0.09302325581395349,0.049284436493738815
p_1116,t3_278w0f,t1_chynby5,t1_chyjibx,0.1282051282051282,0.0967741935483871,0.0314309346567411
p_1118,t3_277y4m,t1_chydgtq,t1_chywat7,0.26666666666666666,0.2391304347826087,0.02753623188405796
p_1119,t3_277y4m,t1_chydb1h,t1_chyw4kk,0.14814814814814814,0.25,-0.10185185185185186
p_1120,t3_277x8k,t1_chyttqk,t1_chy9d0r,0.14285714285714285,0.18309859154929578,-0.04024144869215293
p_1121,t3_276tlp,t1_chy7sh3,t1_chy0rmg,0.28773584905660377,0.28421052631578947,0.003525322740814296
p_1124,t3_274620,t1_chxaxd7,t1_chx8gds,0.19672131147540983,0.21739130434782608,-0.02066999287241625
p_1126,t3_273kmd,t1_chxd1h9,t1_chxj63m,0.21081081081081082,0.35714285714285715,-0.14633204633204633
p_1127,t3_273kmd,t1_chx2u1h,t1_chxabgz,0.2465753424657534,0.29914529914529914,-0.052569956679545726
p_1129,t3_271kgs,t1_chwkzvw,t1_chwjkzk,0.3707865168539326,0.3173076923076923,0.05347882454624031
p_1130,t3_270lsq,t1_chwcze1,t1_chw9d8q,0.21212121212121213,0.16923076923076924,0.04289044289044289
p_1131,t3_26zspu,t1_chw19hq,t1_chw183d,0.2786885245901639,0.30952380952380953,-0.030835284933645624
p_1134,t3_26zc51,t1_chwc4g5,t1_chvxpww,0.17333333333333334,0.24675324675324675,-0.07341991341991341
p_1136,t3_26yks9,t1_chvwhll,t1_chvq9oq,0.14705882352941177,0.2,-0.05294117647058824
p_1137,t3_26wd6r,t1_chv5dr8,t1_chv4tni,0.32075471698113206,0.25252525252525254,0.06822946445587952
p_1139,t3_26vy78,t1_chv29xs,t1_chv09i1,0.26666666666666666,0.39285714285714285,-0.1261904761904762
p_1140,t3_26uqns,t1_chuofxc,t1_chur6nz,0.0547945205479452,0.1206896551724138,-0.0658951346244686
p_1141,t3_26ua0u,t1_chujiwj,t1_chujocf,0.2972972972972973,0.23076923076923078,0.06652806652806653
p_1142,t3_26u9dw,t1_chuufxu,t1_chukxnl,0.18181818181818182,0.3181818181818182,-0.13636363636363635
p_1143,t3_26sh4n,t1_chu3p5h,t1_chu15ia,0.10738255033557047,0.15053763440860216,-0.04315508407303169
p_1146,t3_26rdo4,t1_chtuhl8,t1_chtxxpb,0.06451612903225806,0.10112359550561797,-0.03660746647335991
p_1147,t3_26rdo4,t1_chu67p6,t1_chtrpps,0.15789473684210525,0.27586206896551724,-0.11796733212341198
p_1148,t3_26q635,t1_chtgusq,t1_chtf56s,0.23076923076923078,0.1935483870967742,0.037220843672456594
p_1149,t3_26p8jo,t1_cht981c,t1_chtj2ux,0.1282051282051282,0.11538461538461539,0.012820512820512803
p_1150,t3_26p8jo,t1_cht9qr7,t1_chts9np,0.07017543859649122,0.12307692307692308,-0.05290148448043186
p_1152,t3_26oalr,t1_chsxcva,t1_chsx48j,0.15789473684210525,0.2535211267605634,-0.09562638991845812
p_1153,t3_26nxhn,t1_chsvwxu,t1_chsv0n8,0.3125,0.23893805309734514,0.07356194690265486
p_1154,t3_26nryd,t1_chsrqt8,t1_chsrvxo,0.050724637681159424,0.14705882352941177,-0.09633418584825235
p_1155,t3_26nhjw,t1_cht4pkp,t1_chsu79i,0.05737704918032787,0.1232876712328767,-0.06591062205254883
p_1156,t3_26nayb,t1_chssa9d,t1_chsv92t,0.30165289256198347,0.3,0.0016528925619834767
p_1157,t3_26klj1,t1_chs03g4,t1_chryx19,0.1897810218978102,0.11956521739130435,0.07021580450650586
p_1158,t3_26klj1,t1_chs24pt,t1_chrz6c7,0.1456953642384106,0.26,-0.11430463576158942
p_1160,t3_26hzf8,t1_chr8s7x,t1_chrles3,0.1724137931034483,0.17567567567567569,-0.003261882572227398
p_1161,t3_26hwea,t1_chrabe3,t1_chr8ld6,0.05660377358490566,0.23809523809523808,-0.18149146451033243
p_1162,t3_26gh41,t1_chrb2s3,t1_chrbbrp,0.140625,0.1111111111111111,0.029513888888888895
p_1163,t3_26dl3h,t1_chqfdzg,t1_chqb2dv,0.11864406779661017,0.05128205128205128,0.06736201651455889
p_1164,t3_26d2uo,t1_chpypl8,t1_chpy5h4,0.1388888888888889,0.09375,0.045138888888888895
p_1166,t3_26chd9,t1_chprxii,t1_chpqlc3,0.171875,0.25,-0.078125
p_1165,t3_26chd9,t1_chpu05i,t1_chpunzb,0.14102564102564102,0.15333333333333332,-0.012307692307692297
p_1168,t3_26b7qy,t1_chpe7k0,t1_chpfdw6,0.2911392405063291,0.22941176470588234,0.06172747580044677
p_1167,t3_26b7qy,t1_chpl60e,t1_chpgldh,0.24074074074074073,0.22388059701492538,0.016860143725815346
p_1169,t3_26b1l1,t1_chphzs8,t1_chpj8nd,0.18867924528301888,0.391304347826087,-0.2026251025430681
p_1170,t3_26b1l1,t1_chpkxvq,t1_chpr7to,0.12258064516129032,0.09259259259259259,0.02998805256869773
p_1171,t3_26axzi,t1_chpfpjf,t1_chpch30,0.20454545454545456,0.1891891891891892,0.015356265356265358
p_1173,t3_26avz4,t1_chpvoyz,t1_chpdbyq,0.11258278145695365,0.11764705882352941,-0.005064277366575762
p_1172,t3_26avz4,t1_chpk0aq,t1_chpkmh2,0.15384615384615385,0.6666666666666666,-0.5128205128205128
p_1175,t3_266yvm,t1_cho98qb,t1_cho9whe,0.12,0.12435233160621761,-0.004352331606217619
p_1176,t3_264xi6,t1_chnu7dr,t1_chntgnu,0.2717391304347826,0.19387755102040816,0.07786157941437444
p_1177,t3_264iek,t1_chnlkj6,t1_chnpgap,0.07692307692307693,0.18518518518518517,-0.10826210826210825
p_1178,t3_26478q,t1_chnuzwc,t1_chni6ea,0.22093023255813954,0.225,-0.004069767441860467
p_1180,t3_26388i,t1_chn9wjm,t1_chn949h,0.19548872180451127,0.15432098765432098,0.04116773415019029
p_1179,t3_26388i,t1_chn995p,t1_chnvien,0.3333333333333333,0.37142857142857144,-0.038095238095238126
p_1182,t3_25xo3j,t1_chm80yd,t1_chlvz4j,0.04854368932038835,0.07894736842105263,-0.03040367910066428
p_1183,t3_25xl5s,t1_chm54oj,t1_chlqmz0,0.10828025477707007,0.0963855421686747,0.011894712608395364
p_1184,t3_25x7qp,t1_chlltit,t1_chlyib1,0.21621621621621623,0.14035087719298245,0.07586533902323378
p_1185,t3_25vncd,t1_chldip6,t1_chl5c1u,0.15730337078651685,0.17857142857142858,-0.021268057784911726
p_1187,t3_25ttah,t1_chknoam,t1_chknr46,0.05128205128205128,0.23728813559322035,-0.18600608431116905
p_1188,t3_25tb6s,t1_chkkbgt,t1_chkmpg8,0.21495327102803738,0.23684210526315788,-0.021888834235120502
p_1189,t3_25tb6s,t1_chkkdg1,t1_chknu20,0.2708333333333333,0.18461538461538463,0.08621794871794869
p_1190,t3_25suor,t1_chkfvbm,t1_chkg3m5,0.06557377049180328,0.2619047619047619,-0.19633099141295862
p_1193,t3_25scj1,t1_chkzgwk,t1_chkmkdy,0.03508771929824561,0.12903225806451613,-0.09394453876627051
p_1194,t3_25r1ji,t1_chjyik3,t1_chk8w7b,0.20634920634920634,0.17553191489361702,0.030817291455589313
p_1195,t3_25po6v,t1_chjkkx8,t1_chjubyn,0.2,0.2926829268292683,-0.09268292682926826
p_1196,t3_25po6v,t1_chk8sqa,t1_chjubyn,0.08633093525179857,0.2926829268292683,-0.2063519915774697
p_1197,t3_25pnxw,t1_chjirvh,t1_chjpfx2,0.05194805194805195,0.023255813953488372,0.02869223799456358
p_1198,t3_25pnxw,t1_chjjtas,t1_chjj0yp,0.030303030303030304,0.20588235294117646,-0.17557932263814616
p_1199,t3_25oyan,t1_chjdqy8,t1_chjem5p,0.136,0.11538461538461539,0.02061538461538462
p_1200,t3_25nvz4,t1_chj0cy6,t1_chj0i1f,0.14285714285714285,0.23404255319148937,-0.09118541033434652
p_1201,t3_25n272,t1_chiubth,t1_chitirm,0.17307692307692307,0.19444444444444445,-0.021367521367521375
p_1202,t3_25n272,t1_chiu5hs,t1_chiulpy,0.16058394160583941,0.3018867924528302,-0.14130285084699076
p_1205,t3_25lg8m,t1_chigspr,t1_chiogt6,0.38,0.3584905660377358,0.02150943396226418
p_1206,t3_25l0uy,t1_chi8i2g,t1_chi832d,0.10084033613445378,0.16666666666666666,-0.06582633053221287
p_1207,t3_25l0uy,t1_chi7njk,t1_chi7tu1,0.17647058823529413,0.25,-0.07352941176470587
p_1211,t3_25itrj,t1_chhmwgg,t1_chi69ds,0.14814814814814814,0.10204081632653061,0.046107331821617525
p_1212,t3_25im4s,t1_chhkumz,t1_chhjyki,0.2184873949579832,0.3493975903614458,-0.1309101954034626
p_1213,t3_25ha18,t1_chh8ifw,t1_chheuzj,0.18072289156626506,0.19642857142857142,-0.015705679862306365
p_1214,t3_25ha18,t1_chh6qmk,t1_chhe1dy,0.21176470588235294,0.3404255319148936,-0.12866082603254067
p_1216,t3_25gqr3,t1_chh26by,t1_chhh81o,0.28,0.3048780487804878,-0.02487804878048777
p_1217,t3_25gqr3,t1_chh8rrt,t1_chhh81o,0.18181818181818182,0.3048780487804878,-0.12305986696230597
p_1218,t3_25fjdx,t1_chgsfko,t1_chgwtsq,0.03488372093023256,0.11538461538461539,-0.08050089445438283
p_1219,t3_25emz1,t1_chgg0g9,t1_chgig4z,0.43023255813953487,0.5789473684210527,-0.14871481028151778
p_1220,t3_25emz1,t1_chgg5ng,t1_chgir2d,0.2653061224489796,0.3902439024390244,-0.1249377799900448
p_1221,t3_25e9jx,t1_chggnry,t1_chge47o,0.20441988950276244,0.20418848167539266,0.00023140782736977283
p_1223,t3_25dxbd,t1_chg9dqe,t1_chg8ogo,0.18085106382978725,0.14285714285714285,0.037993920972644396
p_1227,t3_255hmb,t1_chdweq6,t1_chemebp,0.2236842105263158,0.22807017543859648,-0.004385964912280688
p_1229,t3_254zub,t1_chdvkgy,t1_chdwf9h,0.12790697674418605,0.1111111111111111,0.016795865633074947
p_1231,t3_254y08,t1_cheumim,t1_chds6fo,0.07692307692307693,0.16,-0.08307692307692308
p_1233,t3_25397z,t1_chda336,t1_chdw4w9,0.2682926829268293,0.13559322033898305,0.13269946258784623
p_1237,t3_251sp2,t1_chcu4b5,t1_chctls6,0.19718309859154928,0.23809523809523808,-0.0409121395036888
p_1238,t3_251sp2,t1_chct90x,t1_chctls6,0.17073170731707318,0.23809523809523808,-0.0673635307781649
p_1239,t3_24y1ch,t1_chbuciq,t1_chbrxsr,0.24074074074074073,0.29508196721311475,-0.05434122647237402
p_1240,t3_24xvdh,t1_chc0kbp,t1_chbz1m4,0.14772727272727273,0.20253164556962025,-0.054804372842347515
p_1241,t3_24xu2q,t1_chbubti,t1_chbry7z,0.22857142857142856,0.5853658536585366,-0.356794425087108
p_1242,t3_24xu2q,t1_chc4ef4,t1_chbry7z,0.27972027972027974,0.5853658536585366,-0.3056455739382568
p_1244,t3_24w4ny,t1_chb93ff,t1_chb9gll,0.24793388429752067,0.21153846153846154,0.03639542275905913
p_1245,t3_24w2l9,t1_chb9cc8,t1_chb90uk,0.13592233009708737,0.20481927710843373,-0.06889694701134635
p_1246,t3_24v6pp,t1_chbpbt5,t1_chb0vnk,0.10588235294117647,0.14285714285714285,-0.03697478991596638
p_1247,t3_24v4li,t1_chb1bwz,t1_chb0q8j,0.12195121951219512,0.17142857142857143,-0.04947735191637631
p_1249,t3_24v147,t1_chbavh7,t1_chbf3nm,0.18052256532066507,0.17370892018779344,0.006813645132871637
p_1251,t3_24u1tt,t1_chatgr3,t1_chap2b6,0.38461538461538464,0.34782608695652173,0.03678929765886291
p_1252,t3_24svid,t1_chabtmq,t1_chabwh6,0.11475409836065574,0.21428571428571427,-0.09953161592505853
p_1255,t3_24se6g,t1_cha8lpp,t1_cha7yte,0.07432432432432433,0.09782608695652174,-0.023501762632197415
p_1256,t3_24sb0f,t1_cha6mi6,t1_cha8ryw,0.2,0.25,-0.04999999999999999
p_1257,t3_24qqog,t1_ch9zipy,t1_ch9sfw0,0.2595419847328244,0.42857142857142855,-0.16902944383860413
p_1258,t3_24pgmg,t1_ch9fo96,t1_ch9x7xg,0.5,0.4246575342465753,0.07534246575342468
p_1261,t3_24mdbl,t1_ch8og6w,t1_ch8j52p,0.25316455696202533,0.20491803278688525,0.04824652417514008
p_1262,t3_24m6ig,t1_ch8nkas,t1_ch8kf1q,0.22580645161290322,0.08196721311475409,0.1438392384981491
p_1264,t3_24j7qu,t1_ch7qjkg,t1_ch7uy3e,0.3488372093023256,0.44680851063829785,-0.09797130133597226
p_1265,t3_24io3e,t1_ch7na38,t1_ch7ieyl,0.19230769230769232,0.3191489361702128,-0.12684124386252046
p_1266,t3_24io3e,t1_ch7pz3m,t1_ch7ieyl,0.1875,0.3191489361702128,-0.13164893617021278
p_1267,t3_24hwd5,t1_ch7gi99,t1_ch7affk,0.10256410256410256,0.09375,0.00881410256410256
p_1268,t3_24h3zr,t1_ch72c4s,t1_ch72cof,0.16483516483516483,0.22413793103448276,-0.05930276619931793
p_1269,t3_24g8ii,t1_ch71nlc,t1_ch6tmiv,0.10071942446043165,0.075,0.025719424460431656
p_1270,t3_24g4hq,t1_ch7257w,t1_ch6va5a,0.0392156862745098,0.21212121212121213,-0.17290552584670232
p_1278,t3_24c5qv,t1_ch5oa5w,t1_ch5ogse,0.1751412429378531,0.136,0.039141242937853093
p_1279,t3_24c5qv,t1_ch5ow4l,t1_ch5ogse,0.14838709677419354,0.136,0.012387096774193529
p_1280,t3_24c1q3,t1_ch5uakf,t1_ch60ays,0.16666666666666666,0.3181818181818182,-0.15151515151515152
p_1281,t3_24c1q3,t1_ch61d0c,t1_ch5ursh,0.143646408839779,0.1258741258741259,0.017772282965653113
p_1282,t3_24c1q3,t1_ch5uoui,t1_ch5ugkf,0.22857142857142856,0.21428571428571427,0.01428571428571429
p_1283,t3_24c1q3,t1_ch5zt5k,t1_ch5p4qj,0.12048192771084337,0.22916666666666666,-0.10868473895582328
p_1284,t3_24bx3p,t1_ch5nu6w,t1_ch5ot5q,0.16666666666666666,0.2222222222222222,-0.05555555555555555
p_1285,t3_24bof3,t1_ch5k7ny,t1_ch5m04n,0.2,0.37037037037037035,-0.17037037037037034
p_1286,t3_24bof3,t1_ch5k4dl,t1_ch5phng,0.2676056338028169,0.15294117647058825,0.11466445733222863
p_1287,t3_24b8ko,t1_ch5ozwp,t1_ch66f4q,0.16753926701570682,0.2808988764044944,-0.11335960938878759
p_1288,t3_249sxa,t1_ch53so7,t1_ch4zs42,0.15789473684210525,0.06896551724137931,0.08892921960072595
p_1289,t3_249l1k,t1_ch4xsez,t1_ch57rrn,0.125,0.09375,0.03125
p_1290,t3_248s83,t1_ch4snfe,t1_ch4qx6q,0.1978021978021978,0.23076923076923078,-0.03296703296703299
p_1291,t3_248bcr,t1_ch4oftd,t1_ch51bt3,0.0749185667752443,0.15083798882681565,-0.07591942205157134
p_1295,t3_24509o,t1_ch3osvi,t1_ch3yyjg,0.08695652173913043,0.09174311926605505,-0.004786597526924619
p_1296,t3_244kp1,t1_ch3jo95,t1_ch3iw1o,0.10909090909090909,0.15384615384615385,-0.04475524475524477
p_1297,t3_244bft,t1_ch3gjc7,t1_ch3m2j3,0.13333333333333333,0.06818181818181818,0.06515151515151515
p_1301,t3_23yke6,t1_ch1tbc6,t1_ch22rmp,0.13157894736842105,0.21875,-0.08717105263157895
p_1302,t3_23yke6,t1_ch21i1v,t1_ch21o13,0.12280701754385964,0.08633093525179857,0.03647608229206108
p_1305,t3_23yke6,t1_ch29mf9,t1_ch1y1ws,0.136986301369863,0.13636363636363635,0.0006226650062266526
p_1303,t3_23yke6,t1_ch1xh6r,t1_ch20pf2,0.2647058823529412,0.11904761904761904,0.14565826330532214
p_1304,t3_23yke6,t1_ch1vy27,t1_ch22rmp,0.13636363636363635,0.21875,-0.08238636363636365
p_1308,t3_23xw5n,t1_ch20pmq,t1_ch1orox,0.13725490196078433,0.21212121212121213,-0.0748663101604278
p_1311,t3_23xekl,t1_ch1ihvg,t1_ch1ih9d,0.1450381679389313,0.18181818181818182,-0.036780013879250534
p_1310,t3_23xekl,t1_ch1lcbj,t1_ch1tafi,0.14388489208633093,0.2222222222222222,-0.07833733013589128
p_1312,t3_23wvv9,t1_ch1cxo2,t1_ch1d10a,0.1388888888888889,0.10606060606060606,0.03282828282828283
p_1315,t3_23wvv9,t1_ch1d1et,t1_ch1czsx,0.15789473684210525,0.11904761904761904,0.03884711779448621
p_1314,t3_23wvv9,t1_ch1dgtk,t1_ch1czsx,0.11428571428571428,0.11904761904761904,-0.004761904761904759
p_1313,t3_23wvv9,t1_ch1cuwx,t1_ch1d10a,0.1111111111111111,0.10606060606060606,0.005050505050505041
p_1316,t3_23wvv9,t1_ch1dvsg,t1_ch1d10a,0.06557377049180328,0.10606060606060606,-0.04048683556880278
p_1317,t3_23vw8b,t1_ch130xw,t1_ch12knl,0.15384615384615385,0.15555555555555556,-0.0017094017094017033
p_1318,t3_23vw8b,t1_ch13k3n,t1_ch12knl,0.07142857142857142,0.15555555555555556,-0.08412698412698413
p_1319,t3_23vw8b,t1_ch149yl,t1_ch13pcr,0.022988505747126436,0.060240963855421686,-0.03725245810829525
p_1320,t3_23vvzm,t1_ch1f49t,t1_ch12o3l,0.17687074829931973,0.29508196721311475,-0.11821121891379502
p_1322,t3_23ou3x,t1_cgz6lk9,t1_cgz4coy,0.0759493670886076,0.17391304347826086,-0.09796367638965327
p_1324,t3_23mgec,t1_cgygajp,t1_cgyvk0r,0.25,0.13953488372093023,0.11046511627906977
p_1326,t3_23lqtl,t1_cgybkki,t1_cgy8g3b,0.32231404958677684,0.30303030303030304,0.019283746556473802
p_1327,t3_23lqtl,t1_cgy90vi,t1_cgyg9t2,0.36,0.45454545454545453,-0.09454545454545454
p_1328,t3_23litg,t1_cgy73k6,t1_cgyu73z,0.10526315789473684,0.11612903225806452,-0.010865874363327685
p_1329,t3_23kv7b,t1_cgxzsco,t1_cgy6k1w,0.1702127659574468,0.08653846153846154,0.08367430441898527
p_1330,t3_23kv7b,t1_cgy0cn3,t1_cgy04hq,0.14705882352941177,0.09433962264150944,0.05271920088790233
p_1331,t3_23kv7b,t1_cgy2g6p,t1_cgy5vy7,0.09090909090909091,0.2708333333333333,-0.1799242424242424
p_1332,t3_23kv7b,t1_cgy0c2d,t1_cgy551n,0.10526315789473684,0.14754098360655737,-0.04227782571182054
p_1333,t3_23kv7b,t1_cgy6gid,t1_cgyrejw,0.25,0.38461538461538464,-0.13461538461538464
p_1334,t3_23kit3,t1_cgxz084,t1_cgxx7gu,0.10429447852760736,0.16,-0.05570552147239265
p_1335,t3_23k2q0,t1_cgxw1t2,t1_cgxturs,0.21428571428571427,0.3170731707317073,-0.10278745644599305
p_1336,t3_23jz53,t1_cgxr95k,t1_cgxqswm,0.14615384615384616,0.23809523809523808,-0.09194139194139192
p_1337,t3_23jmyp,t1_cgxs8kb,t1_cgxn99f,0.07526881720430108,0.1746031746031746,-0.09933435739887352
p_1338,t3_23ijp4,t1_cgxcr0l,t1_cgxdbde,0.24096385542168675,0.16875,0.07221385542168673
p_1341,t3_23c5x0,t1_cgvl8vi,t1_cgvm637,0.08333333333333333,0.11278195488721804,-0.02944862155388471
p_1342,t3_239u21,t1_cguzcxq,t1_cgv142h,0.28205128205128205,0.27692307692307694,0.00512820512820511
p_1343,t3_238wk7,t1_cgumv5c,t1_cgvmt4w,0.08771929824561403,0.11764705882352941,-0.02992776057791538
p_1344,t3_238afg,t1_cguflf3,t1_cgufoko,0.37209302325581395,0.17142857142857143,0.20066445182724252
p_1345,t3_2375b2,t1_cgu92dz,t1_cgu3uvw,0.056962025316455694,0.06578947368421052,-0.008827448367754828
p_1346,t3_2371el,t1_cguakwg,t1_cgu6rya,0.109375,0.14772727272727273,-0.038352272727272735
p_1347,t3_2360o1,t1_cgtz3wv,t1_cgtwa3q,0.23655913978494625,0.25,-0.013440860215053752
p_1348,t3_2360o1,t1_cgu0cre,t1_cgtsaaa,0.1393939393939394,0.12244897959183673,0.01694495980210267
p_1353,t3_22z33y,t1_cgrsuna,t1_cgs2mn3,0.11538461538461539,0.08823529411764706,0.027149321266968326
p_1354,t3_22z33y,t1_cgrugp5,t1_cgs6ju7,0.14285714285714285,0.15151515151515152,-0.00865800865800867
p_1355,t3_22y28i,t1_cgriyct,t1_cgrjo9h,0.16666666666666666,0.3191489361702128,-0.15248226950354613
p_1358,t3_22xij5,t1_cgrqv9h,t1_cgrcwvc,0.1897810218978102,0.22727272727272727,-0.037491705374917056
p_1356,t3_22xij5,t1_cgrcz5o,t1_cgrcq5k,0.2523364485981308,0.29545454545454547,-0.043118096856414656
p_1359,t3_22wdaq,t1_cgr4744,t1_cgr1g25,0.1,0.13559322033898305,-0.035593220338983045
p_1361,t3_22uku3,t1_cgqjbhc,t1_cgqivn8,0.17647058823529413,0.1981981981981982,-0.02172760996290407
p_1362,t3_22uku3,t1_cgqlrwl,t1_cgqjogl,0.21673003802281368,0.2624113475177305,-0.045681309494916805
p_1364,t3_22uku3,t1_cgqquh7,t1_cgqjogl,0.17307692307692307,0.2624113475177305,-0.08933442444080741
p_1363,t3_22uku3,t1_cgqkdik,t1_cgqivn8,0.2696629213483146,0.1981981981981982,0.0714647231501164
p_1365,t3_22ujpc,t1_cgqjh6c,t1_cgqk4rp,0.08928571428571429,0.12195121951219512,-0.03266550522648083
p_1367,t3_22s6od,t1_cgpvjq6,t1_cgpumps,0.13903743315508021,0.09090909090909091,0.0481283422459893
p_1368,t3_22s540,t1_cgpw23e,t1_cgq0y5h,0.09385113268608414,0.06725663716814159,0.026594495517942546
p_1369,t3_22ro8l,t1_cgpubok,t1_cgpq38y,0.07142857142857142,0.07692307692307693,-0.005494505494505503
p_1373,t3_22rciz,t1_cgppvl3,t1_cgps3lm,0.2982456140350877,0.2916666666666667,0.006578947368421018
p_1375,t3_22p8vc,t1_cgp1ivx,t1_cgp2qt7,0.17857142857142858,0.11538461538461539,0.06318681318681318
p_1376,t3_22p8vc,t1_cgph660,t1_cgp2qt7,0.08303249097472924,0.11538461538461539,-0.03235212440988615
p_1378,t3_22oxbh,t1_cgpbtta,t1_cgp8xyo,0.2537313432835821,0.23170731707317074,0.022024026210411357
p_1381,t3_22kmvs,t1_cgnqvsu,t1_cgns9dq,0.22413793103448276,0.1504424778761062,0.07369545315837656
p_1382,t3_22kmvs,t1_cgnr65q,t1_cgnr89a,0.17307692307692307,0.2222222222222222,-0.04914529914529914
p_1383,t3_22kmvs,t1_cgnqzqt,t1_cgns9dq,0.1891891891891892,0.1504424778761062,0.03874671131308299
p_1385,t3_22jhn2,t1_cgneze9,t1_cgnl46h,0.13559322033898305,0.12790697674418605,0.007686243594796999
p_1387,t3_22f1kj,t1_cgm6jha,t1_cgs195e,0.125,0.14285714285714285,-0.01785714285714285
p_1388,t3_22f1kj,t1_cgm7mon,t1_cgmavew,0.06640625,0.07692307692307693,-0.010516826923076927
p_1389,t3_22f1kj,t1_cgm6vi2,t1_cgm6jxw,0.05084745762711865,0.07575757575757576,-0.024910118130457112
p_1392,t3_22akzj,t1_cgl8lo1,t1_cgkxjgo,0.08641975308641975,0.2222222222222222,-0.13580246913580246
p_1394,t3_22aivj,t1_cglicrz,t1_cgl0x83,0.24,0.2903225806451613,-0.05032258064516132
p_1395,t3_22aivj,t1_cgljc74,t1_cgl10xq,0.2765957446808511,0.25,0.026595744680851074
p_1396,t3_22a5ni,t1_cgktqwp,t1_cgkttdk,0.3333333333333333,0.36363636363636365,-0.03030303030303033
p_1397,t3_22a3qs,t1_cgkvrr0,t1_cgkykbh,0.0898876404494382,0.3076923076923077,-0.2178046672428695
p_1398,t3_22a3qs,t1_cgl1hm0,t1_cgkykbh,0.17073170731707318,0.3076923076923077,-0.13696060037523453
p_1399,t3_22a3qs,t1_cgl1h03,t1_cgkykbh,0.15,0.3076923076923077,-0.15769230769230771
p_1400,t3_22a37m,t1_cgksfxc,t1_cgkymem,0.17543859649122806,0.3181818181818182,-0.14274322169059012
p_1401,t3_228zyi,t1_cgkk4t4,t1_cgklgw6,0.375,0.3125,0.0625
p_1402,t3_228zup,t1_cgkizxk,t1_cgklh2w,0.2,0.16666666666666666,0.033333333333333354
p_1403,t3_227jtk,t1_cgkj9t2,t1_cgk3y74,0.17391304347826086,0.16049382716049382,0.013419216317767046
p_1404,t3_2274kr,t1_cgk4b3c,t1_cgk2ayk,0.12307692307692308,0.14736842105263157,-0.02429149797570848
p_1406,t3_226qii,t1_cgjxbij,t1_cgjwndb,0.12,0.11,0.009999999999999995
p_1408,t3_225n20,t1_cgjsq8n,t1_cgjxoyj,0.0759493670886076,0.1724137931034483,-0.09646442601484069
p_1409,t3_225n20,t1_cgjse9y,t1_cgjto4c,0.2074074074074074,0.13286713286713286,0.07454027454027454
p_1411,t3_2235f3,t1_cgj1syh,t1_cgj12cs,0.06451612903225806,0.17073170731707318,-0.10621557828481512
p_1413,t3_222civ,t1_cgiu51l,t1_cgiukpc,0.05847953216374269,0.0707070707070707,-0.012227538543328018
p_1414,t3_222civ,t1_cgj0qyo,t1_cgir9ho,0.1935483870967742,0.22988505747126436,-0.036336670374490176
p_1416,t3_2225gv,t1_cgimlkk,t1_cgio20w,0.12962962962962962,0.12195121951219512,0.007678410117434503
p_1417,t3_221bir,t1_cgif7kr,t1_cgixpf6,0.3484848484848485,0.30612244897959184,0.042362399505256665
p_1418,t3_220tb9,t1_cgi94sd,t1_cgic9mq,0.06796116504854369,0.04964539007092199,0.0183157749776217
p_1422,t3_21ufiz,t1_cghj1f0,t1_cggsmnl,0.09090909090909091,0.11538461538461539,-0.02447552447552448
p_1423,t3_21tk7p,t1_cgggqyw,t1_cgghrhl,0.3333333333333333,0.15294117647058825,0.18039215686274507
p_1425,t3_21tdqe,t1_cggbp4k,t1_cggl2kk,0.25,0.4857142857142857,-0.2357142857142857
p_1426,t3_21syfg,t1_cgg7z22,t1_cgg8cok,0.15,0.14285714285714285,0.007142857142857145
p_1428,t3_21ssfi,t1_cgg6xv3,t1_cggf9u8,0.10752688172043011,0.18518518518518517,-0.07765830346475507
p_1436,t3_21pkk6,t1_cgfbywq,t1_cgfbp9c,0.033962264150943396,0.07142857142857142,-0.03746630727762803
p_1437,t3_21okwn,t1_cgf2798,t1_cgf5s9n,0.22018348623853212,0.18421052631578946,0.03597295992274266
p_1438,t3_21lleu,t1_cgec0uu,t1_cgebs0x,0.26865671641791045,0.22535211267605634,0.0433046037418541
p_1439,t3_21l4k2,t1_cge4eyu,t1_cge6hi9,0.2698412698412698,0.23076923076923078,0.039072039072039044
p_1441,t3_21id1m,t1_cgdf3o7,t1_cgdlgwq,0.23076923076923078,0.2978723404255319,-0.06710310965630112
p_1447,t3_21eskl,t1_cgcdlrz,t1_cgccad9,0.25,0.1875,0.0625
p_1449,t3_21dzb8,t1_cgc6vmk,t1_cgcdz22,0.07692307692307693,0.17647058823529413,-0.0995475113122172
p_1450,t3_21ceh3,t1_cgbp7v2,t1_cgbpnct,0.18181818181818182,0.3939393939393939,-0.2121212121212121
p_1451,t3_21c4g5,t1_cgbm0ol,t1_cgbmkir,0.10989010989010989,0.14285714285714285,-0.03296703296703296
p_1454,t3_21bodq,t1_cgbktwy,t1_cgboulw,0.06806282722513089,0.0449438202247191,0.023119007000411793
p_1455,t3_21aaav,t1_cgb4hag,t1_cgb7k83,0.17073170731707318,0.2222222222222222,-0.051490514905149026
p_1456,t3_219ie7,t1_cgawtkk,t1_cgaywpa,0.1652892561983471,0.1388888888888889,0.026400367309458217
p_1457,t3_219ie7,t1_cgay26g,t1_cgaxh04,0.12831858407079647,0.3684210526315789,-0.24010246856078246
p_1459,t3_219hll,t1_cgb9i7f,t1_cgawgmy,0.12389380530973451,0.19148936170212766,-0.06759555639239315
p_1461,t3_218cj0,t1_cgb7957,t1_cgakc8p,0.18421052631578946,0.1527777777777778,0.03143274853801167
p_1460,t3_218cj0,t1_cgb4zyw,t1_cgalms8,0.07142857142857142,0.037037037037037035,0.03439153439153439
p_1462,t3_218cay,t1_cganctm,t1_cgb5b16,0.1803921568627451,0.22142857142857142,-0.041036414565826324
p_1464,t3_217z08,t1_cgamd0q,t1_cgam4in,0.1588785046728972,0.1935483870967742,-0.034669882423877
p_1466,t3_216l8g,t1_cga5u8e,t1_cgaj501,0.18840579710144928,0.3103448275862069,-0.12193903048475763
p_1468,t3_216l8g,t1_cgadifw,t1_cgamd1h,0.20707070707070707,0.22727272727272727,-0.020202020202020193
p_1469,t3_216l8g,t1_cga5vm9,t1_cgad30r,0.2261904761904762,0.3939393939393939,-0.16774891774891773
p_1470,t3_216c3c,t1_cgaclvt,t1_cgb76ib,0.1694915254237288,0.21428571428571427,-0.04479418886198547
p_1471,t3_2156ec,t1_cg9t3jm,t1_cg9v9lh,0.12244897959183673,0.12195121951219512,0.0004977600796416126
p_1472,t3_2156ec,t1_cg9sith,t1_cg9v9lh,0.1320754716981132,0.12195121951219512,0.010124252185918087
p_1473,t3_213mm2,t1_cg9agr0,t1_cg9bbci,0.2,0.1276595744680851,0.07234042553191491
p_1474,t3_2130o9,t1_cg973lr,t1_cg99h0r,0.06584362139917696,0.18691588785046728,-0.12107226645129032
p_1475,t3_2108o3,t1_cg8g5m0,t1_cg8vacp,0.16606498194945848,0.16338028169014085,0.002684700259317635
p_1477,t3_2108o3,t1_cg8pfcj,t1_cg8em1w,0.26666666666666666,0.21637426900584794,0.05029239766081872
p_1476,t3_2108o3,t1_cg8g18c,t1_cg8gp2o,0.21875,0.19148936170212766,0.02726063829787234
p_1478,t3_2100tm,t1_cg8bjor,t1_cg8bpfd,0.046511627906976744,0.1702127659574468,-0.12370113805047006
p_1479,t3_2100tm,t1_cg8bkva,t1_cg8cadv,0.05303030303030303,0.01834862385321101,0.03468167917709202
p_1480,t3_21006g,t1_cg8ektc,t1_cg8c67y,0.10743801652892562,0.09433962264150944,0.013098393887416182
p_1481,t3_21006g,t1_cg8d5l7,t1_cg8jki4,0.24,0.5,-0.26
p_1482,t3_21006g,t1_cg8k5af,t1_cg8jacm,0.2028985507246377,0.11320754716981132,0.08969100355482637
p_1483,t3_20y74d,t1_cg7uqnx,t1_cg7xgcc,0.0625,0.06557377049180328,-0.003073770491803282
p_1484,t3_20xnem,t1_cg7p4ea,t1_cg872iu,0.1958762886597938,0.10526315789473684,0.09061313076505698
p_1485,t3_20xnem,t1_cg7py0i,t1_cg872iu,0.12716763005780346,0.10526315789473684,0.021904472163066624
p_1486,t3_20w0tt,t1_cg7p8xg,t1_cg7r3mc,0.24210526315789474,0.35135135135135137,-0.10924608819345663
p_1487,t3_20vzfs,t1_cg7cbh1,t1_cg7cj2w,0.2222222222222222,0.16666666666666666,0.05555555555555555
p_1488,t3_20v70n,t1_cg725lz,t1_cg73vfe,0.17307692307692307,0.18518518518518517,-0.012108262108262102
p_1489,t3_20smoi,t1_cg6kjc3,t1_cg6ejad,0.09565217391304348,0.12,-0.024347826086956514
p_1495,t3_20ofb2,t1_cg5pkgq,t1_cg5ixhz,0.1509433962264151,0.11538461538461539,0.0355587808417997
p_1499,t3_20nrcb,t1_cg543t2,t1_cg552uu,0.2875,0.4230769230769231,-0.1355769230769231
p_1502,t3_20mxh2,t1_cg5cj8f,t1_cg5k6xt,0.043795620437956206,0.0875,-0.04370437956204379
p_1504,t3_20mjdj,t1_cg682ww,t1_cg4t0cc,0.08823529411764706,0.08181818181818182,0.006417112299465247
p_1503,t3_20mjdj,t1_cg4pg7g,t1_cg4t0cc,0.13793103448275862,0.08181818181818182,0.0561128526645768
p_1505,t3_20madh,t1_cg4ndzh,t1_cg4rj03,0.06976744186046512,0.16964285714285715,-0.09987541528239204
p_1508,t3_20krmr,t1_cg48d5v,t1_cg4a1y8,0.17647058823529413,0.17391304347826086,0.0025575447570332643
p_1509,t3_20k8w4,t1_cg4aii2,t1_cg48eux,0.12195121951219512,0.2962962962962963,-0.17434507678410116
p_1510,t3_20k2rr,t1_cg419ms,t1_cg412ex,0.29508196721311475,0.33663366336633666,-0.041551696153221906
p_1511,t3_20jx3a,t1_cg3ylll,t1_cg3zhj7,0.06896551724137931,0.08333333333333333,-0.01436781609195402
p_1512,t3_20iv9v,t1_cg3ns2w,t1_cg44wwu,0.06578947368421052,0.08139534883720931,-0.015605875152998785
p_1513,t3_20iv9v,t1_cg3y5m7,t1_cg44wwu,0.09722222222222222,0.08139534883720931,0.015826873385012916
p_1515,t3_20i4lp,t1_cg3uys9,t1_cg3hmbl,0.11214953271028037,0.23076923076923078,-0.11861969805895041
p_1516,t3_20i4lp,t1_cg48c3a,t1_cg3j6v8,0.21428571428571427,0.2894736842105263,-0.07518796992481205
p_1517,t3_20i32o,t1_cg3g5qn,t1_cg3h1s6,0.08695652173913043,0.1,-0.013043478260869573
p_1518,t3_20hoh2,t1_cg3e8tj,t1_cg3e1q3,0.18867924528301888,0.13541666666666666,0.053262578616352224
p_1519,t3_20h3n2,t1_cg35tve,t1_cg35vpg,0.1746031746031746,0.23809523809523808,-0.06349206349206349
p_1520,t3_20gyw4,t1_cg3bvu3,t1_cg3fsc7,0.45,0.2692307692307692,0.1807692307692308
p_1521,t3_20gyw4,t1_cg3fs5u,t1_cg3fsc7,0.21568627450980393,0.2692307692307692,-0.053544494720965286
p_1523,t3_20evic,t1_cg2s2cg,t1_cg2kgg6,0.1935483870967742,0.1568627450980392,0.036685641998734975
p_1524,t3_20er8m,t1_cg2kh0h,t1_cg349wx,0.3333333333333333,0.48,-0.14666666666666667
p_1526,t3_20er8m,t1_cg2pphh,t1_cg349wx,0.3684210526315789,0.48,-0.11157894736842106
p_1529,t3_20ccdh,t1_cg1yrvx,t1_cg21j64,0.11764705882352941,0.1625,-0.044852941176470595
p_1530,t3_20c7cz,t1_cg1yw0u,t1_cg1tdlz,0.2571428571428571,0.34328358208955223,-0.08614072494669511
p_1531,t3_20bjzj,t1_cg1npcb,t1_cg1np4p,0.13274336283185842,0.19,-0.05725663716814158
p_1532,t3_20bc4h,t1_cg1kcaj,t1_cg1q9b0,0.14193548387096774,0.2767857142857143,-0.13485023041474656
p_1533,t3_20bc4h,t1_cg1k60u,t1_cg1m2xr,0.35714285714285715,0.2608695652173913,0.09627329192546585
p_1536,t3_208uz9,t1_cg0x68o,t1_cg0vcfi,0.13924050632911392,0.3125,-0.17325949367088608
p_1538,t3_208uz9,t1_cg10g34,t1_cg0vx6c,0.2222222222222222,0.05263157894736842,0.1695906432748538
p_1539,t3_20771y,t1_cg0g3o7,t1_cg0kgnu,0.17647058823529413,0.078125,0.09834558823529413
p_1541,t3_2067hy,t1_cg07wrp,t1_cg0fxc1,0.17777777777777778,0.16666666666666666,0.011111111111111127
p_1542,t3_2067hy,t1_cg0du69,t1_cg0fxc1,0.208955223880597,0.16666666666666666,0.04228855721393035
p_1543,t3_205wgp,t1_cg034et,t1_cg0lm1r,0.2857142857142857,0.225,0.06071428571428569
p_1545,t3_2055ga,t1_cg005x6,t1_cfzyi1j,0.21428571428571427,0.44680851063829785,-0.23252279635258358
p_1546,t3_20552o,t1_cfzv2ca,t1_cfzutd1,0.21428571428571427,0.18181818181818182,0.03246753246753245
p_1547,t3_202dsz,t1_cfz5omt,t1_cfz8mj9,0.15126050420168066,0.12916666666666668,0.022093837535013983
p_1548,t3_1zyxf5,t1_cfykpyh,t1_cfy8x1q,0.1791044776119403,0.17045454545454544,0.008649932157394846
p_1549,t3_1zwn1x,t1_cfxnbo6,t1_cfxnnsj,0.043478260869565216,0.07317073170731707,-0.029692470837751853
p_1550,t3_1zw7ln,t1_cfxj320,t1_cfxj5az,0.16279069767441862,0.17647058823529413,-0.013679890560875513
p_1551,t3_1zuvxw,t1_cfxe20o,t1_cfxmqh6,0.08433734939759036,0.23076923076923078,-0.14643188137164043
p_1552,t3_1zu61l,t1_cfwzylm,t1_cfx0hao,0.1,0.22857142857142856,-0.12857142857142856
p_1553,t3_1ztvka,t1_cfwxsqx,t1_cfwws2r,0.11042944785276074,0.19607843137254902,-0.08564898351978828
p_1555,t3_1zs621,t1_cfwvfc8,t1_cfwgped,0.08438818565400844,0.1509433962264151,-0.06655521057240665
p_1557,t3_1zradb,t1_cfwcpec,t1_cfwls65,0.04744525547445255,0.07174887892376682,-0.024303623449314263
p_1558,t3_1zmsp5,t1_cfv2q6b,t1_cfv12db,0.102803738317757,0.1590909090909091,-0.05628717077315208
p_1561,t3_1zj8xe,t1_cfuhnxj,t1_cfu7ye4,0.19480519480519481,0.1276595744680851,0.06714562033710972
p_1563,t3_1zixnc,t1_cfu2ihk,t1_cfufvm6,0.2597402597402597,0.2894736842105263,-0.02973342447026661
p_1564,t3_1zixnc,t1_cfufgl4,t1_cfu8t82,0.21238938053097345,0.23376623376623376,-0.021376853235260312
p_1565,t3_1zga9j,t1_cfth378,t1_cfthktn,0.20155038759689922,0.1774193548387097,0.024131032758189536
p_1566,t3_1zfi9r,t1_cft7656,t1_cft6dvp,0.10071942446043165,0.2535211267605634,-0.15280170230013174
p_1567,t3_1zdgxp,t1_cfspefn,t1_cfsoeq2,0.26666666666666666,0.25,0.016666666666666663
p_1568,t3_1zav5a,t1_cfs128g,t1_cfs8we4,0.1826086956521739,0.10967741935483871,0.0729312762973352
p_1569,t3_1zav5a,t1_cfs14jd,t1_cfs27v4,0.225,0.2564102564102564,-0.03141025641025638
p_1570,t3_1z9uki,t1_cfrtm9j,t1_cfrtrpp,0.17647058823529413,0.2647058823529412,-0.08823529411764705
p_1571,t3_1z9nj1,t1_cfrvhp5,t1_cfrt1zr,0.136986301369863,0.22972972972972974,-0.09274342835986674
p_1572,t3_1z9nj1,t1_cfs2slp,t1_cfrt1zr,0.14035087719298245,0.22972972972972974,-0.0893788525367473
p_1575,t3_1z4j07,t1_cfqjgtm,t1_cfqfpgt,0.1509433962264151,0.08163265306122448,0.0693107431651906
p_1576,t3_1z3vej,t1_cfq9l33,t1_cfq9m7b,0.06976744186046512,0.2,-0.13023255813953488
p_1577,t3_1z2m65,t1_cfpz5ni,t1_cfqe6na,0.12121212121212122,0.12962962962962962,-0.008417508417508407
p_1579,t3_1z1x25,t1_cfps3jr,t1_cfprwz1,0.09322033898305085,0.19047619047619047,-0.09725585149313962
p_1581,t3_1z0efm,t1_cfpdtdk,t1_cfpdbjr,0.06439393939393939,0.20930232558139536,-0.14490838618745597
p_1582,t3_1yzk2r,t1_cfpix2k,t1_cfpb5e7,0.09315068493150686,0.11572700296735905,-0.022576318035852194
p_1584,t3_1ytd1y,t1_cfnl117,t1_cfnl2nq,0.16363636363636364,0.13793103448275862,0.025705329153605017
p_1585,t3_1yst0y,t1_cfngu5x,t1_cfngwn5,0.0783132530120482,0.19767441860465115,-0.11936116559260296
p_1586,t3_1ysjvs,t1_cfndapb,t1_cfnjy06,0.07407407407407407,0.09803921568627451,-0.02396514161220044
p_1587,t3_1ysjvs,t1_cfnejdg,t1_cfndbpn,0.056451612903225805,0.07216494845360824,-0.015713335550382436
p_1588,t3_1yqbtv,t1_cfmvaww,t1_cfn3a9g,0.11392405063291139,0.16363636363636364,-0.049712313003452246
p_1589,t3_1yqbtv,t1_cfmvnmb,t1_cfnjhfp,0.08928571428571429,0.09090909090909091,-0.001623376623376624
p_1590,t3_1ypfdt,t1_cfmn9ya,t1_cfmkj9p,0.1320754716981132,0.19047619047619047,-0.05840071877807726
p_1593,t3_1ylhiw,t1_cflpdf1,t1_cflrlgg,0.16666666666666666,0.25,-0.08333333333333334
p_1594,t3_1yksrs,t1_cfln3uw,t1_cflsynk,0.38461538461538464,0.33962264150943394,0.044992743105950694
p_1595,t3_1yk2nn,t1_cfmigm1,t1_cfl7jgs,0.0962566844919786,0.09523809523809523,0.001018589253883373
p_1597,t3_1yj9yz,t1_cfkzuuw,t1_cfl3zb3,0.1111111111111111,0.21739130434782608,-0.10628019323671498
p_1598,t3_1yhd8w,t1_cfkunw0,t1_cfl04qs,0.11363636363636363,0.14772727272727273,-0.0340909090909091
p_1599,t3_1yg8sx,t1_cfkaxla,t1_cfk8844,0.2631578947368421,0.20512820512820512,0.05802968960863697
p_1600,t3_1yg2jo,t1_cfk66s1,t1_cfk729g,0.11627906976744186,0.13636363636363635,-0.020084566596194495
p_1601,t3_1yf0hw,t1_cfk3gzm,t1_cfk3g6w,0.2975206611570248,0.2975206611570248,0.0
p_1602,t3_1ycqp3,t1_cfjcixz,t1_cfjex0e,0.3829787234042553,0.2980132450331126,0.08496547837114271
p_1603,t3_1yccg0,t1_cfj7tna,t1_cfj836t,0.08108108108108109,0.11538461538461539,-0.034303534303534305
p_1604,t3_1yc8z3,t1_cfj8dok,t1_cfj6ut7,0.07086614173228346,0.08695652173913043,-0.01609038000684697
p_1607,t3_1y93n4,t1_cfilbka,t1_cfiga5n,0.15714285714285714,0.22330097087378642,-0.06615811373092928
p_1609,t3_1y8e6p,t1_cfidj9k,t1_cfi8wne,0.0821917808219178,0.07291666666666667,0.009275114155251132
p_1610,t3_1y7dly,t1_cfi0whe,t1_cfi99ou,0.0641025641025641,0.11494252873563218,-0.050839964633068085
p_1611,t3_1y6r6n,t1_cfhuqmy,t1_cfhzeok,0.20454545454545456,0.22764227642276422,-0.02309682187730966
p_1613,t3_1y5kpj,t1_cfhngrl,t1_cfhmv6r,0.03278688524590164,0.1276595744680851,-0.09487268922218345
p_1614,t3_1y5jpe,t1_cfhjc63,t1_cfhoyvh,0.0967741935483871,0.17073170731707318,-0.07395751376868609
p_1615,t3_1y3vw7,t1_cfh6xl3,t1_cfhb3ig,0.211864406779661,0.2708333333333333,-0.05896892655367231
p_1616,t3_1y0z80,t1_cfgezmv,t1_cfgd9sg,0.10869565217391304,0.15217391304347827,-0.04347826086956523
p_1617,t3_1y0z80,t1_cfgebtx,t1_cfge83v,0.2318840579710145,0.17391304347826086,0.05797101449275363
p_1618,t3_1y0z80,t1_cfgff5w,t1_cfgdo8i,0.21052631578947367,0.17857142857142858,0.0319548872180451
p_1619,t3_1y0z80,t1_cfggmp9,t1_cfggdeg,0.10869565217391304,0.14285714285714285,-0.03416149068322981
p_1620,t3_1y0vu9,t1_cfgiaw0,t1_cfgl96g,0.16129032258064516,0.10256410256410256,0.058726220016542596
p_1621,t3_1y0q8w,t1_cfrq7cf,t1_cfgq10w,0.14444444444444443,0.24299065420560748,-0.09854620976116304
p_1622,t3_1xzpi7,t1_cfg2dzw,t1_cfg3is1,0.16770186335403728,0.30303030303030304,-0.13532843967626576
p_1623,t3_1xzf7d,t1_cfg00me,t1_cffz5zm,0.11650485436893204,0.15254237288135594,-0.0360375185124239
p_1624,t3_1xzeag,t1_cffzwu5,t1_cffzfv6,0.11023622047244094,0.2247191011235955,-0.11448288065115456
p_1625,t3_1xzdek,t1_cfg1zzx,t1_cfg0i1g,0.08256880733944955,0.11538461538461539,-0.032815808045165845
p_1626,t3_1xz6rw,t1_cffz8em,t1_cffxz9z,0.2169811320754717,0.2037037037037037,0.013277428371768013
p_1628,t3_1xx4hd,t1_cffpbcp,t1_cffe6q8,0.06748466257668712,0.104,-0.03651533742331288
p_1631,t3_1xvch2,t1_cff03ce,t1_cfeznzr,0.14166666666666666,0.18518518518518517,-0.04351851851851851
p_1632,t3_1xus3u,t1_cff4s1l,t1_cff7gyo,0.09523809523809523,0.20754716981132076,-0.11230907457322553
p_1633,t3_1xtu9a,t1_cfelt93,t1_cfek1hq,0.1360544217687075,0.13725490196078433,-0.0012004801920768304
p_1635,t3_1xt7na,t1_cfekvit,t1_cfehcuc,0.1568627450980392,0.16666666666666666,-0.009803921568627444
p_1636,t3_1xrsup,t1_cfe9wcm,t1_cfecpir,0.10743801652892562,0.07142857142857142,0.0360094451003542
p_1639,t3_1xqnjx,t1_cfdvt9y,t1_cfdt5y3,0.19333333333333333,0.2,-0.006666666666666682
p_1640,t3_1xqnjx,t1_cfdsxp9,t1_cfdvwqp,0.28402366863905326,0.20202020202020202,0.08200346661885125
p_1641,t3_1xqn05,t1_cfdr670,t1_cfdzhku,0.0707070707070707,0.1794871794871795,-0.10878010878010878
p_1647,t3_1xpli3,t1_cfdj416,t1_cfdz0is,0.06626506024096386,0.08860759493670886,-0.022342534695745
p_1648,t3_1xp9br,t1_cfddlr2,t1_cfdd9ab,0.15714285714285714,0.18292682926829268,-0.02578397212543554
p_1649,t3_1xowzb,t1_cfdatgs,t1_cfdbx3c,0.11258278145695365,0.08849557522123894,0.02408720623571471
p_1650,t3_1xowzb,t1_cfdbhsi,t1_cfdbx3c,0.06896551724137931,0.08849557522123894,-0.019530057979859627
p_1651,t3_1xofrl,t1_cfd7mvo,t1_cfd6avv,0.35,0.2391304347826087,0.11086956521739127
p_1652,t3_1xny71,t1_cfd4qsf,t1_cfd1p8s,0.11398963730569948,0.21052631578947367,-0.09653667848377419
p_1653,t3_1xne0t,t1_cfcwnyo,t1_cfcwuj0,0.1935483870967742,0.17307692307692307,0.020471464019851116
p_1654,t3_1xml8r,t1_cfcpq87,t1_cfcvgy3,0.09523809523809523,0.13636363636363635,-0.04112554112554112
p_1658,t3_1xj5t3,t1_cfbzgs9,t1_cfbsvrz,0.1259259259259259,0.09659090909090909,0.029335016835016825
p_1659,t3_1xj58k,t1_cfbw65l,t1_cfc1y4k,0.08571428571428572,0.11904761904761904,-0.033333333333333326
p_1660,t3_1xj1ga,t1_cfbsq9j,t1_cfbsdxa,0.19791666666666666,0.17708333333333334,0.020833333333333315
p_1661,t3_1xijwf,t1_cfbyqtw,t1_cfbs8fr,0.12582781456953643,0.08333333333333333,0.0424944812362031
p_1662,t3_1xijwf,t1_cfbrxxo,t1_cfbs8fr,0.20833333333333334,0.08333333333333333,0.125
p_1663,t3_1xi9t0,t1_cfbm43v,t1_cfbl44s,0.14492753623188406,0.32051282051282054,-0.17558528428093648
p_1664,t3_1xhrpt,t1_cfbkr47,t1_cfby4iv,0.09125475285171103,0.12598425196850394,-0.034729499116792906
p_1665,t3_1xhjo8,t1_cfbg2kr,t1_cfbe6yx,0.06666666666666667,0.3333333333333333,-0.26666666666666666
p_1666,t3_1xhgv0,t1_cfbkzhu,t1_cfbpidx,0.22093023255813954,0.0995260663507109,0.12140416620742864
p_1668,t3_1xgop4,t1_cfb7zmh,t1_cfblib6,0.13513513513513514,0.1891891891891892,-0.05405405405405406
p_1670,t3_1xg9o8,t1_cfb5szp,t1_cfb8m1v,0.05660377358490566,0.05154639175257732,0.005057381832328345
p_1671,t3_1xg9o8,t1_cfb7rha,t1_cfb8rco,0.08441558441558442,0.0958904109589041,-0.011474826543319688
p_1672,t3_1xg07x,t1_cfb0ntv,t1_cfb1y56,0.14634146341463414,0.23076923076923078,-0.08442776735459664
p_1673,t3_1xg07x,t1_cfb029j,t1_cfb1y56,0.2,0.23076923076923078,-0.03076923076923077
p_1674,t3_1xfxzz,t1_cfbqyq7,t1_cfb38lx,0.24050632911392406,0.20588235294117646,0.034623976172747595
p_1675,t3_1xecbw,t1_cfapwte,t1_cfavmea,0.2127659574468085,0.16071428571428573,0.052051671732522786
p_1676,t3_1xauzj,t1_cf9ryoi,t1_cf9rnej,0.08130081300813008,0.08955223880597014,-0.008251425797840065
p_1677,t3_1x9drc,t1_cf9aorl,t1_cf9drsg,0.2074688796680498,0.1810344827586207,0.026434396909429114
p_1678,t3_1x8fy5,t1_cf9c8ws,t1_cf9598e,0.08284023668639054,0.1891891891891892,-0.10634895250279866
p_1679,t3_1x7uoa,t1_cf8wl9o,t1_cf8z5i2,0.09615384615384616,0.06153846153846154,0.03461538461538462
p_1681,t3_1x5wrj,t1_cf8fe6i,t1_cf8h4zs,0.2923076923076923,0.288135593220339,0.0041720990873533315
p_1682,t3_1x5gri,t1_cf8ak7n,t1_cf8c7ra,0.1414141414141414,0.16455696202531644,-0.023142820611175036
p_1683,t3_1x4fll,t1_cf88dvu,t1_cf80gm0,0.19607843137254902,0.14285714285714285,0.05322128851540617
p_1684,t3_1x4e9l,t1_cf8c6ja,t1_cf813g9,0.23333333333333334,0.4,-0.16666666666666669
p_1685,t3_1x44be,t1_cf7y65l,t1_cffje6e,0.05172413793103448,0.10344827586206896,-0.05172413793103448
p_1686,t3_1x44be,t1_cf8ii0u,t1_cf7ynno,0.12658227848101267,0.09411764705882353,0.03246463142218914
p_1687,t3_1x3quk,t1_cf81vtd,t1_cf811b2,0.11538461538461539,0.13095238095238096,-0.015567765567765568
p_1688,t3_1x3quk,t1_cf82a08,t1_cf7xofq,0.11428571428571428,0.1346153846153846,-0.020329670329670327
p_1689,t3_1x3jm2,t1_cf7t9mu,t1_cf7w0x1,0.17045454545454544,0.26506024096385544,-0.09460569550931
p_1690,t3_1x3jm2,t1_cf7rvkt,t1_cf7xop4,0.43333333333333335,0.10344827586206896,0.3298850574712644
p_1691,t3_1x3jm2,t1_cf7tzua,t1_cf7v802,0.2676056338028169,0.12598425196850394,0.14162138183431294
p_1693,t3_1wxy0c,t1_cf6nwss,t1_cf6opjq,0.23529411764705882,0.25,-0.01470588235294118
p_1694,t3_1wxy0c,t1_cf6r60y,t1_cf6opjq,0.13372093023255813,0.25,-0.11627906976744187
p_1695,t3_1wwoop,t1_cf63aas,t1_cf61b67,0.25,0.13333333333333333,0.11666666666666667
p_1696,t3_1wwoop,t1_cf61gbe,t1_cf642jh,0.15151515151515152,0.14583333333333334,0.005681818181818177
p_1697,t3_1wvyf1,t1_cf5vcsr,t1_cf6onl2,0.4117647058823529,0.175,0.23676470588235293
p_1699,t3_1wvths,t1_cf614t8,t1_cf5ugx7,0.0873015873015873,0.11494252873563218,-0.027640941434044886
p_1698,t3_1wvths,t1_cf5v50x,t1_cf5viuj,0.2,0.1388888888888889,0.061111111111111116
p_1700,t3_1wvouv,t1_cf5t6kg,t1_cf5ydyu,0.15254237288135594,0.11428571428571428,0.03825665859564166
p_1702,t3_1wvhao,t1_cf5t1xp,t1_cf63h51,,0.06493506493506493,
p_1703,t3_1wu9bx,t1_cf5ghfv,t1_cf5gzn8,0.09859154929577464,0.1686746987951807,-0.07008314949940607
p_1704,t3_1wtvq6,t1_cf5knmg,t1_cf5ocok,0.13513513513513514,0.14864864864864866,-0.013513513513513514
p_1705,t3_1wteqq,t1_cf5rh0q,t1_cf57as7,0.2,0.21818181818181817,-0.01818181818181816
p_1706,t3_1wt8h7,t1_cf55ppi,t1_cf559e0,0.09090909090909091,0.10869565217391304,-0.01778656126482213
p_1707,t3_1wsalo,t1_cf54lvq,t1_cf570gn,0.2653061224489796,0.28125,-0.01594387755102039
p_1708,t3_1wqdpz,t1_cf4fnk7,t1_cf4fg38,0.10194174757281553,0.15555555555555556,-0.05361380798274003
p_1709,t3_1wnvdn,t1_cf3s4a2,t1_cf3rvjd,0.14754098360655737,0.21739130434782608,-0.0698503207412687
p_1710,t3_1wmoca,t1_cf3hjc2,t1_cf3fxbx,0.22115384615384615,0.09090909090909091,0.13024475524475523
p_1714,t3_1wjggc,t1_cf2k4m9,t1_cf2zudy,0.20588235294117646,0.14285714285714285,0.06302521008403361
p_1719,t3_1we5ye,t1_cf181nq,t1_cf1drrq,0.13245033112582782,0.09774436090225563,0.03470597022357219
p_1721,t3_1we3gg,t1_cf15n2w,t1_cf1b9fg,0.10674157303370786,0.2247191011235955,-0.11797752808988764
p_1722,t3_1we3gg,t1_cf1aqki,t1_cf1mnjk,0.25806451612903225,0.3375,-0.07943548387096777
p_1723,t3_1we3gg,t1_cf14k7c,t1_cf1b9fg,0.16901408450704225,0.2247191011235955,-0.05570501661655325
p_1727,t3_1w99ax,t1_cf08bgj,t1_cezuuhe,0.328125,0.4090909090909091,-0.08096590909090912
p_1728,t3_1w91jl,t1_cezwkl3,t1_cezzr6g,0.25153374233128833,0.3125,-0.060966257668711665
p_1729,t3_1w84rh,t1_cezjynx,t1_cezjtaz,0.1794871794871795,0.16666666666666666,0.01282051282051283
p_1731,t3_1w6uhl,t1_cezbyuy,t1_cez8odp,0.15254237288135594,0.2,-0.04745762711864407
p_1730,t3_1w6uhl,t1_cezbjga,t1_cez8r6m,0.11538461538461539,0.19696969696969696,-0.08158508158508157
p_1732,t3_1w6uhl,t1_cezwgtv,t1_cezh5ah,0.10317460317460317,0.12686567164179105,-0.02369106846718788
p_1733,t3_1w6uhl,t1_cezy174,t1_cezwt7d,0.13368983957219252,0.20408163265306123,-0.07039179308086871
p_1734,t3_1w3r7a,t1_ceyfj6f,t1_ceyiqk4,0.1,0.12727272727272726,-0.027272727272727254
p_1735,t3_1vz63d,t1_cex6xzs,t1_cexiref,0.3508771929824561,0.4095238095238095,-0.05864661654135339
p_1738,t3_1vqwtw,t1_ceuzj2d,t1_ceuycyu,0.14705882352941177,0.225,-0.07794117647058824
p_1739,t3_1vq2nf,t1_ceupm5x,t1_ceup6x1,0.13636363636363635,0.18421052631578946,-0.04784688995215311
p_1740,t3_1vpp6t,t1_ceus11w,t1_ceuld78,0.07894736842105263,0.12048192771084337,-0.041534559289790746
p_1742,t3_1voenh,t1_ceubelw,t1_ceu9m4y,0.0673076923076923,0.0967741935483871,-0.02946650124069479
p_1743,t3_1vm911,t1_cetnn1i,t1_cettz33,0.24,0.1935483870967742,0.0464516129032258
p_1746,t3_1vitnu,t1_cesojok,t1_cet1d7h,0.05982905982905983,0.08943089430894309,-0.02960183447988326
p_1747,t3_1vil9h,t1_cesmz2f,t1_cesm93p,0.12299465240641712,0.20408163265306123,-0.08108698024664411
p_1748,t3_1vil80,t1_cet0nf1,t1_cesmfhu,0.06862745098039216,0.15447154471544716,-0.085844093735055
p_1750,t3_1vhh7b,t1_cesb8l8,t1_ceso4j1,0.13095238095238096,0.22131147540983606,-0.0903590944574551
p_1753,t3_1vg6qn,t1_cerydvt,t1_ces7sw3,0.0970873786407767,0.06542056074766354,0.03166681789311315
p_1754,t3_1vg6qn,t1_ces7xdz,t1_ces4z4x,0.1111111111111111,0.1282051282051282,-0.01709401709401709
p_1755,t3_1vfoko,t1_cersgwa,t1_cery1u3,0.12987012987012986,0.0851063829787234,0.044763746891406456
p_1756,t3_1veiwz,t1_cergs7r,t1_ceruu7h,0.1590909090909091,0.125,0.03409090909090909
p_1758,t3_1vc1ju,t1_ceqsvrq,t1_ceqsm8p,0.23484848484848486,0.3815789473684211,-0.1467304625199362
p_1759,t3_1vbtut,t1_ceqq9p8,t1_ceqwdz5,0.4406779661016949,0.4117647058823529,0.028913260219341985
p_1762,t3_1v97rw,t1_cepz02o,t1_ceq85nw,0.11494252873563218,0.1590909090909091,-0.044148380355276906
p_1763,t3_1v8xv5,t1_cepyw13,t1_cepvurr,0.1391304347826087,0.43103448275862066,-0.291904047976012
p_1764,t3_1v8vbr,t1_ceq1g3n,t1_cepzl4s,0.29347826086956524,0.26666666666666666,0.02681159420289858
p_1765,t3_1v8hly,t1_ceps6kq,t1_cepr262,0.054878048780487805,0.06578947368421052,-0.010911424903722718
p_1767,t3_1v6x7z,t1_cepcqsx,t1_cepbgx3,0.15819209039548024,0.19166666666666668,-0.03347457627118644
p_1768,t3_1v6x7z,t1_cepbbkb,t1_ceplff5,0.140625,0.26126126126126126,-0.12063626126126126
p_1771,t3_1v6sc1,t1_cep8u6j,t1_cep920e,0.2542372881355932,0.1553398058252427,0.0988974823103505
p_1772,t3_1v6sc1,t1_cepbi6t,t1_cep9kye,0.14285714285714285,0.2,-0.05714285714285716
p_1773,t3_1v5dnm,t1_ceovabh,t1_ceovlgt,0.07936507936507936,0.06060606060606061,0.018759018759018753
p_1774,t3_1v5dnm,t1_ceovl5u,t1_ceov0pa,0.09615384615384616,0.14285714285714285,-0.04670329670329669
p_1775,t3_1v44vp,t1_ceoj2ew,t1_ceonfda,0.21,0.27522935779816515,-0.06522935779816516
p_1776,t3_1v44ig,t1_ceonb1b,t1_ceoluxq,0.1956521739130435,0.2916666666666667,-0.0960144927536232
p_1777,t3_1v37km,t1_ceof5q0,t1_ceoakgs,0.13218390804597702,0.10067114093959731,0.03151276710637971
p_1778,t3_1v2buu,t1_ceo3y9o,t1_ceo0vsq,0.11764705882352941,0.23076923076923078,-0.11312217194570137
p_1783,t3_1uw88g,t1_cemazwn,t1_cem9vxq,0.13978494623655913,0.3902439024390244,-0.2504589562024653
p_1784,t3_1uw88g,t1_cema7rn,t1_cematy2,0.15447154471544716,0.39285714285714285,-0.2383855981416957
p_1785,t3_1uu8f1,t1_celpb6x,t1_celpnop,0.34615384615384615,0.2857142857142857,0.06043956043956045
p_1787,t3_1uss24,t1_celd4ge,t1_cem21t7,0.06,0.08823529411764706,-0.028235294117647067
p_1788,t3_1us404,t1_celnjcf,t1_cel68zm,0.06028368794326241,0.10975609756097561,-0.0494724096177132
p_1789,t3_1us3bu,t1_cel70ih,t1_celagxd,0.10084033613445378,0.06766917293233082,0.03317116320212296
p_1790,t3_1urrut,t1_cel88d0,t1_cel1jwe,0.15862068965517243,0.48,-0.3213793103448276
p_1791,t3_1up36i,t1_cel5ryl,t1_cekasft,0.23529411764705882,0.2692307692307692,-0.0339366515837104
p_1794,t3_1un1uh,t1_cejsnxi,t1_cejqr72,0.23076923076923078,0.3,-0.0692307692307692
p_1795,t3_1umi67,t1_cejoc7z,t1_cejtg9p,0.18181818181818182,0.14285714285714285,0.038961038961038974
p_1796,t3_1um2og,t1_cejgnup,t1_cejgczp,0.08461538461538462,0.15,-0.06538461538461537
p_1797,t3_1uldzf,t1_cejbhlx,t1_cejot4k,0.12698412698412698,0.11403508771929824,0.012949039264828738
p_1800,t3_1uhnsm,t1_cei7518,t1_cei83kz,0.11637931034482758,0.24074074074074073,-0.12436143039591314
p_1801,t3_1uhj8f,t1_cei563f,t1_ceim6kr,0.1206896551724138,0.15789473684210525,-0.037205081669691456
p_1802,t3_1uhj8f,t1_cei5r73,t1_ceiav39,0.12121212121212122,0.14925373134328357,-0.028041610131162353
p_1803,t3_1ugfg7,t1_cehxooj,t1_cehv3x9,0.07428571428571429,0.12380952380952381,-0.049523809523809526
p_1804,t3_1ueg7f,t1_ceh8q6y,t1_ceh8am3,0.10497237569060773,0.21839080459770116,-0.11341842890709343
p_1806,t3_1udzn5,t1_ceh4p0r,t1_ceh6366,0.07168458781362007,0.13924050632911392,-0.06755591851549385
p_1808,t3_1udzn5,t1_cehcarm,t1_cehc82y,0.3548387096774194,0.2727272727272727,0.08211143695014667
p_1811,t3_1udlql,t1_ceh07bk,t1_cegzp5m,0.1346153846153846,0.23214285714285715,-0.09752747252747254
p_1812,t3_1ud8fv,t1_cehjb3t,t1_ceh3glw,0.12980769230769232,0.1625,-0.03269230769230769
p_1814,t3_1uctm7,t1_cegr7bn,t1_cegy5dc,0.3,0.2903225806451613,0.009677419354838679
p_1815,t3_1ucj9u,t1_cegoldf,t1_cegt2yd,0.38461538461538464,0.11538461538461539,0.2692307692307693
p_1816,t3_1ucgh6,t1_cegogz6,t1_cegohag,0.16,0.07142857142857142,0.08857142857142858
p_1817,t3_1ucgh6,t1_cegqw1u,t1_cegohag,0.047619047619047616,0.07142857142857142,-0.023809523809523808
p_1818,t3_1uamtt,t1_cegcjhm,t1_cegb3ri,0.19444444444444445,0.1693548387096774,0.02508960573476704
p_1821,t3_1u8yzo,t1_cefohe0,t1_cefnobg,0.2112676056338028,0.19230769230769232,0.018959913326110495
p_1824,t3_1u8om4,t1_cefkzid,t1_cefl804,0.09523809523809523,0.13043478260869565,-0.035196687370600416
p_1825,t3_1u8iv1,t1_cefj6lm,t1_cefr8n0,0.15384615384615385,0.20689655172413793,-0.05305039787798407
p_1827,t3_1u87uu,t1_cefgarg,t1_cefn2kn,0.04854368932038835,0.07142857142857142,-0.022884882108183076
p_1828,t3_1u7llg,t1_cefbw53,t1_cefb5g9,0.3,0.18867924528301888,0.11132075471698111
p_1830,t3_1u4wxq,t1_ceenpjt,t1_ceekcir,0.24468085106382978,0.40476190476190477,-0.160081053698075
p_1829,t3_1u4wxq,t1_ceeovmf,t1_ceem22l,0.2897196261682243,0.3132530120481928,-0.023533385879968505
p_1831,t3_1u4fqn,t1_ceefsm0,t1_ceejtd2,0.09523809523809523,0.14102564102564102,-0.04578754578754579
p_1835,t3_1u28be,t1_cedssel,t1_cedt1r4,0.12727272727272726,0.07692307692307693,0.05034965034965033
p_1836,t3_1u0pt2,t1_cedkwy5,t1_cedqecc,0.3235294117647059,0.2247191011235955,0.0988103106411104
p_1838,t3_1ty0ux,t1_cecozto,t1_cecpcit,0.1111111111111111,0.15584415584415584,-0.044733044733044736
p_1839,t3_1txyfq,t1_ceczo86,t1_cecktf3,0.0472972972972973,0.25925925925925924,-0.21196196196196193
p_1840,t3_1tx0tf,t1_ceca72e,t1_ceca9ns,0.15217391304347827,0.1794871794871795,-0.027313266443701217
p_1841,t3_1twxa7,t1_cec9uo6,t1_cecflca,0.04878048780487805,0.1348314606741573,-0.08605097286927925
p_1843,t3_1twegt,t1_cecee3s,t1_cecd78s,0.1485148514851485,0.18571428571428572,-0.03719943422913721
p_1844,t3_1tt75b,t1_cebccgh,t1_cebecvh,0.13073394495412843,0.25,-0.11926605504587157
p_1845,t3_1tt5tb,t1_cebd1og,t1_cebemwn,0.07547169811320754,0.08641975308641975,-0.010948054973212204
p_1846,t3_1tt5tb,t1_cebcb60,t1_cebb05i,0.023255813953488372,0.09375,-0.07049418604651163
p_1850,t3_1tqttm,t1_cealwzd,t1_ceakm2y,0.16942148760330578,0.21656050955414013,-0.04713902195083436
p_1851,t3_1tqttm,t1_ceaxcno,t1_ceak6vp,0.0967741935483871,0.2336448598130841,-0.13687066626469702
p_1853,t3_1tpqhr,t1_ceaod4e,t1_ceaei9g,0.05660377358490566,0.0782608695652174,-0.021657095980311736
p_1855,t3_1to7tw,t1_ce9wkz3,t1_ce9wfe0,0.07339449541284404,0.09230769230769231,-0.018913196894848272
p_1856,t3_1tns6s,t1_ce9xde5,t1_ce9rgf8,0.5294117647058824,0.21875,0.31066176470588236
p_1857,t3_1tm85z,t1_ce9dgau,t1_ce9co77,0.14792899408284024,0.18421052631578946,-0.03628153223294922
p_1858,t3_1tku2p,t1_ce92cm3,t1_ce9099k,0.11578947368421053,0.1,0.01578947368421052
p_1860,t3_1tg3nh,t1_ce7sc37,t1_ce7klpg,0.3103448275862069,0.28125,0.029094827586206906
p_1861,t3_1te39z,t1_ce70eid,t1_ce71ql3,0.22580645161290322,0.06451612903225806,0.16129032258064516
p_1862,t3_1td5fm,t1_ce6qqlt,t1_ce6qwq5,0.1875,0.19047619047619047,-0.0029761904761904656
p_1863,t3_1t9y3s,t1_ce5u6t5,t1_ce5u33e,0.09090909090909091,0.20512820512820512,-0.11421911421911421
p_1864,t3_1t9irv,t1_ce5qvxa,t1_ce5r69v,0.09523809523809523,0.06321839080459771,0.032019704433497526
p_1866,t3_1t9irv,t1_ce5spfk,t1_ce5r134,0.09937888198757763,0.08860759493670886,0.010771287050868772
p_1867,t3_1t8yrt,t1_ce5k8r6,t1_ce5jxeb,0.22641509433962265,0.3116883116883117,-0.08527321734868903
p_1869,t3_1t83kb,t1_ce5bsdz,t1_ce5bvhb,0.08742004264392324,0.19047619047619047,-0.10305614783226723
p_1870,t3_1t5izv,t1_ce4jsh6,t1_ce4oagv,0.17054263565891473,0.0684931506849315,0.10204948497398322
p_1872,t3_1t4p86,t1_ce4jasj,t1_ce4clfo,0.09302325581395349,0.07142857142857142,0.021594684385382062
p_1873,t3_1t46ur,t1_ce4aypp,t1_ce46qsw,0.056,0.26666666666666666,-0.21066666666666667
p_1877,t3_1t1i45,t1_ce3sops,t1_ce3g5h1,0.07142857142857142,0.16455696202531644,-0.09312839059674502
p_1878,t3_1t13mm,t1_ce3c4sb,t1_ce39wwh,0.09090909090909091,0.25,-0.1590909090909091
p_1879,t3_1t0eax,t1_ce324pp,t1_ce36rhk,0.22727272727272727,0.2796610169491525,-0.052388289676425254
p_1880,t3_1sxioi,t1_ce27cna,t1_ce2bmpa,0.10112359550561797,0.10526315789473684,-0.0041395623891188615
p_1881,t3_1sxioi,t1_ce27fv0,t1_ce2dpe5,0.09574468085106383,0.03529411764705882,0.060450563204005006
p_1884,t3_1sv960,t1_ce1x8f8,t1_ce1krmn,0.1346153846153846,0.23333333333333334,-0.09871794871794873
p_1885,t3_1sv7nj,t1_ce1m2fp,t1_ce1qbwt,0.25,0.14545454545454545,0.10454545454545455
p_1886,t3_1suyq6,t1_ce1hrcm,t1_ce1i6wn,0.10869565217391304,0.05327868852459016,0.05541696364932288
p_1887,t3_1suyq6,t1_ce1jnf5,t1_ce1i6wn,0.030120481927710843,0.05327868852459016,-0.023158206596879317
p_1888,t3_1suyq6,t1_ce1j07m,t1_ce1ivme,0.05389221556886228,0.13725490196078433,-0.08336268639192204
p_1890,t3_1suq0i,t1_ce1l6xb,t1_ce1frfu,0.29508196721311475,0.1956521739130435,0.09942979330007126
p_1889,t3_1suq0i,t1_ce1gpo7,t1_ce1g21s,0.2835820895522388,0.40625,-0.12266791044776121
p_1891,t3_1sunm5,t1_ce1fx1q,t1_ce1fhql,0.14285714285714285,0.2564102564102564,-0.11355311355311354
p_1893,t3_1sunm5,t1_ce1epim,t1_ce1fhql,0.16842105263157894,0.2564102564102564,-0.08798920377867744
p_1892,t3_1sunm5,t1_ce1fxo1,t1_ce1gunr,0.08368200836820083,0.13675213675213677,-0.05307012838393593
p_1894,t3_1stysh,t1_ce1a8iy,t1_ce1k607,0.17557251908396945,0.10909090909090909,0.06648160999306037
p_1895,t3_1sslvc,t1_ce0xojx,t1_ce12asq,0.06382978723404255,0.12025316455696203,-0.05642337732291948
p_1896,t3_1sqkke,t1_ce09y0e,t1_ce08oy9,0.11764705882352941,0.1016949152542373,0.015952143569292115
p_1897,t3_1sktqj,t1_cdz832l,t1_cdymjwd,0.0903954802259887,0.1286549707602339,-0.03825949053424521
p_1898,t3_1sji3o,t1_cdy85sk,t1_cdyajck,0.07142857142857142,0.13043478260869565,-0.059006211180124224
p_1900,t3_1sgr9m,t1_cdxkw1s,t1_cdxgrfu,0.07547169811320754,0.29411764705882354,-0.218645948945616
p_1904,t3_1scv1e,t1_cdwaij1,t1_cdw8ydx,0.07692307692307693,0.1111111111111111,-0.03418803418803418
p_1905,t3_1sclwf,t1_cdwfawk,t1_cdw643w,0.10416666666666667,0.1724137931034483,-0.06824712643678162
p_1907,t3_1scbek,t1_cdw4ucf,t1_cdw36rb,0.2753623188405797,0.2571428571428571,0.018219461697722594
p_1908,t3_1sbxik,t1_cdvzh4k,t1_cdvyz1u,0.2608695652173913,0.3333333333333333,-0.07246376811594202
p_1909,t3_1saalt,t1_cdw0u51,t1_cdvmn1u,0.13095238095238096,0.25,-0.11904761904761904
p_1910,t3_1s94cq,t1_cdv71qo,t1_cdv5luo,0.23404255319148937,0.2702702702702703,-0.03622771707878092
p_1911,t3_1s8zmg,t1_cdwf8t8,t1_cdvi2oo,0.125,0.14583333333333334,-0.020833333333333343
p_1912,t3_1s6w43,t1_cduin0o,t1_cduuorr,0.16923076923076924,0.14,0.029230769230769227
p_1913,t3_1s60vl,t1_cdufjh4,t1_cdu9qiv,0.06818181818181818,0.07272727272727272,-0.004545454545454547
p_1916,t3_1s3pxw,t1_cdtmhc2,t1_cdtmrcr,0.07253886010362694,0.20689655172413793,-0.13435769162051098
p_1919,t3_1s3ji2,t1_cdtq1rg,t1_cdtx77n,0.11074918566775244,0.12857142857142856,-0.017822242903676122
p_1920,t3_1s344f,t1_cdtj4bf,t1_cdtgb1d,0.23129251700680273,0.22929936305732485,0.0019931539494778827
p_1921,t3_1s30ko,t1_cdtuayw,t1_cdtne36,0.07042253521126761,0.09090909090909091,-0.020486555697823303
p_1922,t3_1s1j8s,t1_cdtfxvy,t1_cdt6ohm,0.16666666666666666,0.17391304347826086,-0.007246376811594207
p_1923,t3_1rzqrw,t1_cdsphfd,t1_cdsigu7,0.10344827586206896,0.06060606060606061,0.042842215256008356
p_1924,t3_1rzqrw,t1_cdsm89r,t1_cdsmyt1,0.09574468085106383,0.07446808510638298,0.021276595744680854
p_1925,t3_1rw7vg,t1_cdrov9y,t1_cdrovjs,0.14285714285714285,0.1978021978021978,-0.054945054945054944
p_1927,t3_1rvnty,t1_cdre5so,t1_cdrdpkz,0.23255813953488372,0.2558139534883721,-0.023255813953488386
p_1926,t3_1rvnty,t1_cdrgglu,t1_cdrgcu5,0.16494845360824742,0.12087912087912088,0.04406933272912654
p_1928,t3_1rvjrs,t1_cdrcnts,t1_cdre1mt,0.05405405405405406,0.056910569105691054,-0.002856515051636997
p_1929,t3_1rsmsh,t1_cdqij94,t1_cdqx6xw,0.07432432432432433,0.06666666666666667,0.007657657657657663
p_1930,t3_1rsdfp,t1_cdqfs62,t1_cdqdh7o,0.1724137931034483,0.1724137931034483,0.0
p_1931,t3_1rrios,t1_cdq5t7s,t1_cdq4pdm,0.14184397163120568,0.1927710843373494,-0.05092711270614372
p_1932,t3_1rrios,t1_cdq5vt8,t1_cdq58j7,0.10071942446043165,0.3611111111111111,-0.26039168665067947
p_1933,t3_1rqhfc,t1_cdq3h1d,t1_cdq716e,0.06707317073170732,0.041666666666666664,0.025406504065040657
p_1935,t3_1rlna3,t1_cdokmar,t1_cdoirhb,0.15789473684210525,0.3,-0.14210526315789473
p_1936,t3_1rkrbs,t1_cdoio50,t1_cdoe2j3,0.18518518518518517,0.22666666666666666,-0.04148148148148148
p_1937,t3_1rj73b,t1_cdnzcb1,t1_cdo2ywx,0.2222222222222222,0.4375,-0.2152777777777778
p_1939,t3_1rgch2,t1_cdmzb2b,t1_cdn32a2,0.13414634146341464,0.1076923076923077,0.026454033771106944
p_1940,t3_1rgch2,t1_cdmzh7v,t1_cdn0d35,0.23404255319148937,0.15294117647058825,0.08110137672090112
p_1941,t3_1rgch2,t1_cdo0n79,t1_cdn1hk3,0.14035087719298245,0.16923076923076924,-0.028879892037786792
p_1942,t3_1rfn88,t1_cdmslq3,t1_cdn4bxg,0.34146341463414637,0.20588235294117646,0.1355810616929699
p_1943,t3_1re89d,t1_cdmhfgx,t1_cdmequ6,0.21428571428571427,0.2,0.014285714285714263
p_1944,t3_1re89d,t1_cdmem16,t1_cdme68p,0.2047244094488189,0.25,-0.045275590551181105
p_1945,t3_1re89d,t1_cdmrzwp,t1_cdmh1c4,0.1506276150627615,0.3229166666666667,-0.17228905160390517
p_1946,t3_1re7tj,t1_cdmdid4,t1_cdmh6ca,0.07142857142857142,0.11363636363636363,-0.04220779220779221
p_1948,t3_1rddqv,t1_cdm3hlz,t1_cdm3kyd,0.17647058823529413,0.08108108108108109,0.09538950715421304
p_1949,t3_1rb6qj,t1_cdlewyd,t1_cdlyn3j,0.09302325581395349,0.2111111111111111,-0.11808785529715762
p_1950,t3_1rb6qj,t1_cdlrdyo,t1_cdlyn3j,0.109375,0.2111111111111111,-0.10173611111111111
p_1952,t3_1ra42n,t1_cdl4b7o,t1_cdl5bkn,0.17894736842105263,0.1527777777777778,0.026169590643274843
p_1953,t3_1ra42n,t1_cdl96cr,t1_cdmjkp2,0.10843373493975904,0.0948905109489051,0.013543223990853934
p_1954,t3_1r893j,t1_cdktb2l,t1_cdkklti,0.14754098360655737,0.24,-0.09245901639344262
p_1955,t3_1r69xi,t1_cdk0ex9,t1_cdk3u15,0.07352941176470588,0.08695652173913043,-0.013427109974424548
p_1956,t3_1r69xi,t1_cdk0r67,t1_cdk3u15,0.1111111111111111,0.08695652173913043,0.024154589371980673
p_1960,t3_1qz653,t1_cdhyl9l,t1_cdiiqug,0.1417910447761194,0.21428571428571427,-0.07249466950959488
p_1962,t3_1qxn8r,t1_cdhle85,t1_cdhvq6g,0.1935483870967742,0.13529411764705881,0.05825426944971537
p_1963,t3_1qxn8r,t1_cdhjvcw,t1_cdhvq6g,0.16806722689075632,0.13529411764705881,0.0327731092436975
p_1964,t3_1qwg8s,t1_cdhe2ys,t1_cdh6ozn,0.14130434782608695,0.09836065573770492,0.04294369208838203
p_1969,t3_1qvm1n,t1_cdgyu8j,t1_cdh0i8x,0.10294117647058823,0.2112676056338028,-0.10832642916321458
p_1970,t3_1qtuy4,t1_cdgib3s,t1_cdgy31a,0.15789473684210525,0.20300751879699247,-0.045112781954887216
p_1972,t3_1qr0id,t1_cdfybue,t1_cdfkykr,0.18181818181818182,0.22340425531914893,-0.0415860735009671
p_1975,t3_1qncnw,t1_cdely5f,t1_cden4p9,0.09090909090909091,0.06153846153846154,0.02937062937062937
p_1977,t3_1qj48o,t1_cddqbp8,t1_cddn1vo,0.21428571428571427,0.11764705882352941,0.09663865546218486
p_1978,t3_1qj032,t1_cdda585,t1_cddki3r,0.2214765100671141,0.2,0.021476510067114096
p_1981,t3_1qi1dr,t1_cdd6x3m,t1_cdd4306,0.20930232558139536,0.15584415584415584,0.05345816973723952
p_1982,t3_1qhv03,t1_cdczknl,t1_cdcy1h9,0.14864864864864866,0.14953271028037382,-0.0008840616317251637
p_1983,t3_1qh0lb,t1_cdcowit,t1_cdcp122,0.07142857142857142,0.06818181818181818,0.003246753246753248
p_1984,t3_1qgtma,t1_cdcurim,t1_cdcq77q,0.1527777777777778,0.15827338129496402,-0.005495603517186226
p_1986,t3_1qfy2y,t1_cdcoftz,t1_cdcikj0,0.13274336283185842,0.16842105263157894,-0.035677689799720524
p_1985,t3_1qfy2y,t1_cdcu71x,t1_cdcgg2f,0.21621621621621623,0.1643835616438356,0.05183265457238062
p_1987,t3_1qfqj6,t1_cdcffak,t1_cdcgve9,0.19090909090909092,0.13114754098360656,0.05976154992548435
p_1988,t3_1qfo09,t1_cdcc9fw,t1_cdccpys,0.08,0.1590909090909091,-0.07909090909090909
p_1989,t3_1qfo09,t1_cdcconr,t1_cdccpys,0.1891891891891892,0.1590909090909091,0.03009828009828011
p_1991,t3_1qee3b,t1_cdc0hlx,t1_cdc0jw6,0.14124293785310735,0.21153846153846154,-0.07029552368535419
p_1992,t3_1qe6d9,t1_cdbzgva,t1_cdckb1g,0.06756756756756757,0.06282722513089005,0.004740342436677522
p_1993,t3_1qe6d9,t1_cdbwyxj,t1_cdckb1g,0.1111111111111111,0.06282722513089005,0.048283885980221056
p_1994,t3_1qdzt5,t1_cdbyjvw,t1_cdbwdog,0.04790419161676647,0.13636363636363635,-0.08845944474686988
p_1996,t3_1qdlln,t1_cdc66t9,t1_cdby8z3,0.09655172413793103,0.1509433962264151,-0.054391672088484055
p_1998,t3_1qcw4r,t1_cdblxo9,t1_cdbsnq8,0.09259259259259259,0.125,-0.03240740740740741
p_1999,t3_1qbvlh,t1_cdb9b5i,t1_cdbf5rp,0.24719101123595505,0.375,-0.12780898876404495
p_2000,t3_1qazk6,t1_cdb0lr2,t1_cdbddq0,0.16149068322981366,0.2446043165467626,-0.08311363331694893
p_2002,t3_1q82wf,t1_cda644z,t1_cda826v,0.15053763440860216,0.25,-0.09946236559139784
p_2003,t3_1q5w5k,t1_cd9kwdu,t1_cd9kc11,0.26881720430107525,0.4266666666666667,-0.15784946236559144
p_2004,t3_1q5w5k,t1_cd9l1k7,t1_cd9kc11,0.2054794520547945,0.4266666666666667,-0.22118721461187218
p_2005,t3_1q4sao,t1_cd97j4q,t1_cd960cn,0.05063291139240506,0.1,-0.04936708860759494
p_2007,t3_1q261p,t1_cd8g07m,t1_cd8gyhg,0.09032258064516129,0.125,-0.034677419354838715
p_2008,t3_1q0s26,t1_cd87o5o,t1_cd81q6y,0.07920792079207921,0.05102040816326531,0.0281875126288139
p_2009,t3_1q0fp2,t1_cd8calk,t1_cd7yekn,0.08737864077669903,0.13157894736842105,-0.04420030659172201
p_2010,t3_1q01e8,t1_cd7t14x,t1_cd7zdia,0.13253012048192772,0.3076923076923077,-0.17516218721038
p_2012,t3_1pyt0c,t1_cd9eqz1,t1_cd7z0cm,0.12121212121212122,0.22580645161290322,-0.104594330400782
p_2013,t3_1pwwvj,t1_cd6wnyq,t1_cd6y877,0.07246376811594203,0.14743589743589744,-0.07497212931995541
p_2017,t3_1pux5t,t1_cd6evv3,t1_cd6cpnj,0.17391304347826086,0.23529411764705882,-0.061381074168797956
p_2018,t3_1ptwcr,t1_cd60rgh,t1_cd63zq4,0.2903225806451613,0.058823529411764705,0.2314990512333966
p_2021,t3_1pt86v,t1_cd5s3dd,t1_cd5rwd6,0.19047619047619047,0.14035087719298245,0.05012531328320802
p_2022,t3_1ps084,t1_cd5dy25,t1_cd5f1y4,0.14705882352941177,0.3333333333333333,-0.18627450980392155
p_2023,t3_1prxpn,t1_cd5d4w9,t1_cd5dujp,0.13793103448275862,0.2727272727272727,-0.1347962382445141
p_2024,t3_1prkvt,t1_cd5q43p,t1_cd5p13p,0.059602649006622516,0.12149532710280374,-0.06189267809618122
p_2025,t3_1prhkh,t1_cd595rw,t1_cd5datb,0.12727272727272726,0.20833333333333334,-0.08106060606060608
p_2026,t3_1pqyv7,t1_cd536p8,t1_cd565uh,0.0783132530120482,0.09174311926605505,-0.013429866254006856
p_2030,t3_1pomjr,t1_cd4gee8,t1_cd4in2k,0.08791208791208792,0.15789473684210525,-0.06998264893001734
p_2031,t3_1pocaz,t1_cd4bjgk,t1_cd4c2wr,0.16666666666666666,0.1875,-0.020833333333333343
p_2032,t3_1pmhql,t1_cd4a1wc,t1_cd3v545,0.11864406779661017,0.08108108108108109,0.03756298671552909
p_2033,t3_1pkngi,t1_cd3p5gz,t1_cd43pdi,0.2878787878787879,0.27419354838709675,0.013685239491691148
p_2035,t3_1pj0co,t1_cd2vnaa,t1_cd32tjh,0.09424083769633508,0.3076923076923077,-0.21345146999597264
p_2042,t3_1pdul1,t1_cd2og2j,t1_cd1d692,0.031862745098039214,0.036619718309859155,-0.004756973211819941
p_2044,t3_1pclk6,t1_cd17lfv,t1_cd106w4,0.18867924528301888,0.23255813953488372,-0.043878894251864836
p_2046,t3_1pacrh,t1_cd0cttu,t1_cd0ctfp,0.1702127659574468,0.21428571428571427,-0.04407294832826747
p_2047,t3_1p7ojf,t1_cczl7sy,t1_ccznfv7,0.10638297872340426,0.16279069767441862,-0.05640771895101436
p_2048,t3_1p7bao,t1_cczlh8c,t1_cczir1i,0.15267175572519084,0.37662337662337664,-0.2239516208981858
p_2049,t3_1p6fts,t1_ccz983e,t1_cczb06s,0.09401709401709402,0.2647058823529412,-0.17068878833584716
p_2050,t3_1p4x72,t1_ccysbbf,t1_ccysnss,0.1780821917808219,0.14285714285714285,0.03522504892367906
p_2051,t3_1p0cwf,t1_ccxh3kc,t1_ccxfymz,0.1326530612244898,0.29411764705882354,-0.16146458583433373
p_2055,t3_1ozb3s,t1_ccx9s2j,t1_ccxbwo9,0.1836734693877551,0.20588235294117646,-0.02220888355342135
p_2056,t3_1oz5lq,t1_ccx7aaw,t1_ccxafc2,0.12903225806451613,0.125,0.0040322580645161255
p_2057,t3_1oyy6b,t1_ccxhhv9,t1_ccx2xpw,0.10638297872340426,0.08737864077669903,0.019004337946705224
p_2059,t3_1owes7,t1_ccwccg2,t1_ccwnrv4,0.07333333333333333,0.11864406779661017,-0.04531073446327684
p_2060,t3_1ow6zk,t1_ccw91og,t1_ccw92p0,0.1488095238095238,0.26,-0.1111904761904762
p_2062,t3_1ovrv9,t1_ccw51st,t1_ccw5ptr,0.08928571428571429,0.08333333333333333,0.005952380952380959
p_2063,t3_1ovrv9,t1_ccw6450,t1_ccw5ptr,0.16279069767441862,0.08333333333333333,0.07945736434108529
p_2064,t3_1otx5t,t1_ccvntps,t1_ccvkmsp,0.2625,0.1782178217821782,0.0842821782178218
p_2065,t3_1otp1b,t1_ccvhvrl,t1_ccvi2vt,0.12037037037037036,0.10655737704918032,0.013812993321190042
p_2066,t3_1osr3n,t1_ccvjj1n,t1_ccv833c,0.2222222222222222,0.1875,0.03472222222222221
p_2067,t3_1orrrs,t1_ccvj1c4,t1_ccv4ank,0.10382513661202186,0.14166666666666666,-0.0378415300546448
p_2068,t3_1or8lr,t1_ccusett,t1_ccuruyz,0.10569105691056911,0.07407407407407407,0.03161698283649504
p_2069,t3_1or8lr,t1_ccutak2,t1_ccuruyz,0.12931034482758622,0.07407407407407407,0.055236270753512146
p_2070,t3_1ooyb1,t1_ccu41n1,t1_ccu4kfo,0.0898876404494382,0.12903225806451613,-0.039144617615077926
p_2071,t3_1onshz,t1_cctslvq,t1_ccttjcb,0.11229946524064172,0.23846153846153847,-0.12616207322089676
p_2072,t3_1onlj1,t1_ccts88g,t1_cctr8zg,0.08294930875576037,0.07246376811594203,0.010485540639818339
p_2073,t3_1onlj1,t1_ccu8ayh,t1_cctr8zg,0.05639913232104121,0.07246376811594203,-0.01606463579490082
p_2074,t3_1on8j3,t1_cctmaun,t1_cctugxw,0.12222222222222222,0.1037037037037037,0.018518518518518517
p_2075,t3_1on0dg,t1_cctkuyk,t1_cctp521,0.16891891891891891,0.1891891891891892,-0.020270270270270285
p_2076,t3_1on0dg,t1_cctncfz,t1_cctq519,0.09523809523809523,0.24,-0.14476190476190476
p_2078,t3_1omnis,t1_ccthnrm,t1_cctnmc9,0.3275862068965517,0.1728395061728395,0.15474670072371222
p_2079,t3_1okrb7,t1_cct05wy,t1_ccswjh5,0.0970873786407767,0.18461538461538463,-0.08752800597460793
p_2080,t3_1ok44s,t1_ccsqf0e,t1_ccsqryz,0.4090909090909091,0.25925925925925924,0.14983164983164987
p_2081,t3_1oj3p9,t1_ccsggop,t1_ccsf2i1,0.05142857142857143,0.0736196319018405,-0.02219106047326907
p_2082,t3_1oix5b,t1_ccsopjf,t1_ccsdc7b,0.07317073170731707,0.08,-0.006829268292682933
p_2083,t3_1ohh43,t1_ccs14vq,t1_ccs087t,0.23076923076923078,0.08029197080291971,0.15047725996631106
p_2084,t3_1ofi5m,t1_ccrjxvz,t1_ccrkq5s,0.07894736842105263,0.14583333333333334,-0.06688596491228072
p_2085,t3_1off27,t1_ccroh74,t1_ccrsxqd,0.12631578947368421,0.10964912280701754,0.016666666666666677
p_2086,t3_1off27,t1_ccrtt7v,t1_ccrndad,0.1,0.2647058823529412,-0.16470588235294117
p_2087,t3_1oee4l,t1_ccrfxpy,t1_ccrhx5q,0.11805555555555555,0.09401709401709402,0.024038461538461536
p_2088,t3_1oe5hc,t1_ccr69ni,t1_ccr52rk,0.08256880733944955,0.08695652173913043,-0.0043877143996808865
p_2089,t3_1odlvm,t1_ccr09qw,t1_ccr136f,0.16216216216216217,0.13725490196078433,0.024907260201377845
p_2091,t3_1o8avl,t1_ccpruq6,t1_ccpueez,0.24324324324324326,0.5,-0.25675675675675674
p_2093,t3_1o7aa8,t1_ccqapn6,t1_ccq12oe,0.10256410256410256,0.15384615384615385,-0.051282051282051294
p_2096,t3_1o5c1a,t1_ccp27y8,t1_ccoz699,0.3448275862068966,0.3142857142857143,0.030541871921182295
p_2097,t3_1o5321,t1_ccp3x7x,t1_ccq3lo4,0.09278350515463918,0.275,-0.18221649484536084
p_2098,t3_1o3jlp,t1_ccoi13b,t1_ccoyngj,0.1891891891891892,0.21621621621621623,-0.02702702702702703
p_2099,t3_1o2tau,t1_ccoc092,t1_ccofru6,0.14035087719298245,0.1927710843373494,-0.05242020714436696
p_2100,t3_1o24hh,t1_cco736j,t1_ccoc4gk,0.2916666666666667,0.3235294117647059,-0.031862745098039214
p_2102,t3_1nzucd,t1_ccnrlhj,t1_ccnphhf,0.10569105691056911,0.1326530612244898,-0.026962004313920693
p_2103,t3_1ny6k8,t1_ccn5pat,t1_ccn8dgu,0.11160714285714286,0.14432989690721648,-0.03272275405007362
p_2104,t3_1ny38x,t1_ccn5uqg,t1_ccn4dy5,0.05649717514124294,0.08403361344537816,-0.02753643830413522
p_2105,t3_1nwpae,t1_ccmrf9r,t1_ccmt0m5,0.17073170731707318,0.19148936170212766,-0.020757654385054475
p_2107,t3_1ntspd,t1_cclyzpy,t1_ccm05d5,0.18309859154929578,0.19491525423728814,-0.011816662687992363
p_2109,t3_1ntobs,t1_cclywzr,t1_ccma5pl,0.46511627906976744,0.2647058823529412,0.20041039671682626
p_2111,t3_1nrv36,t1_cclsxnj,t1_cclgi1r,0.144,0.11678832116788321,0.02721167883211678
p_2112,t3_1nqms4,t1_ccl8rf4,t1_ccl7xo5,0.12460063897763578,0.2222222222222222,-0.09762158324458643
p_2113,t3_1nqms4,t1_cclbk5y,t1_ccl66vn,0.14917127071823205,0.27906976744186046,-0.1298984967236284
p_2116,t3_1np3ni,t1_cclh1r6,t1_cckxr1k,0.22413793103448276,0.2711864406779661,-0.04704850964348334
p_2118,t3_1nn68m,t1_cckc1k4,t1_cck59bw,0.09333333333333334,0.2692307692307692,-0.1758974358974359
p_2119,t3_1nkqn7,t1_ccjhnln,t1_ccjhz72,0.14814814814814814,0.14814814814814814,0.0
p_2121,t3_1nj6q6,t1_ccj3wew,t1_ccj20in,0.06666666666666667,0.18181818181818182,-0.11515151515151516
p_2122,t3_1nixjm,t1_ccj4a7h,t1_ccj2t1v,0.10638297872340426,0.11290322580645161,-0.0065202470830473536
p_2123,t3_1nichn,t1_ccj007d,t1_cciuejb,0.25280898876404495,0.3793103448275862,-0.12650135606354124
p_2124,t3_1nichn,t1_ccizsq8,t1_ccj7g5s,0.22580645161290322,0.16326530612244897,0.06254114549045425
p_2125,t3_1ni9rr,t1_ccj1rba,t1_ccitwf4,0.12698412698412698,0.10666666666666667,0.020317460317460304
p_2126,t3_1ni983,t1_cciz076,t1_cciwjvy,0.1926605504587156,0.19047619047619047,0.0021843599825251414
p_2127,t3_1nhxca,t1_ccisqrm,t1_ccirnyo,0.06060606060606061,0.05063291139240506,0.009973149213655545
p_2128,t3_1nhifl,t1_ccinn6v,t1_ccincyk,0.1282051282051282,0.20270270270270271,-0.07449757449757452
p_2130,t3_1ng8mo,t1_ccidw4s,t1_ccidsew,0.16666666666666666,0.08,0.08666666666666666
p_2132,t3_1ncxna,t1_cchh67n,t1_cchgksg,0.09803921568627451,0.21153846153846154,-0.11349924585218703
p_2133,t3_1ncq4g,t1_cchg2hg,t1_cchn5ve,0.13095238095238096,0.3064516129032258,-0.17549923195084485
p_2135,t3_1n8s63,t1_ccge5q7,t1_ccgkhcd,0.16296296296296298,0.23853211009174313,-0.07556914712878016
p_2136,t3_1n8542,t1_ccg95kd,t1_ccg99tj,0.16666666666666666,0.18556701030927836,-0.0189003436426117
p_2137,t3_1n6bmg,t1_ccgdc5o,t1_ccfzlcw,0.07547169811320754,0.08602150537634409,-0.010549807263136549
p_2139,t3_1n5lqn,t1_ccfncrg,t1_ccfnbjw,0.425531914893617,0.19230769230769232,0.2332242225859247
p_2140,t3_1n5lqn,t1_ccfq99c,t1_ccfob65,0.2972972972972973,0.28205128205128205,0.015246015246015265
p_2141,t3_1n5lqn,t1_ccfqxqv,t1_ccfpzon,0.24444444444444444,0.3783783783783784,-0.13393393393393396
p_2142,t3_1n4xai,t1_ccfhgkp,t1_ccfg5if,0.15873015873015872,0.23809523809523808,-0.07936507936507936
p_2144,t3_1n3wo2,t1_ccf9dhu,t1_ccf565b,0.1276595744680851,0.2127659574468085,-0.08510638297872342
p_2145,t3_1n3wo2,t1_ccfdwg9,t1_ccfhdpo,0.18584070796460178,0.1595744680851064,0.02626623987949539
p_2147,t3_1n3wo2,t1_ccfmxhg,t1_ccffwtl,0.18596491228070175,0.08125,0.10471491228070175
p_2146,t3_1n3wo2,t1_ccfmost,t1_ccfdvsg,0.22580645161290322,0.22950819672131148,-0.003701745108408261
p_2149,t3_1n0a5y,t1_cceltkh,t1_cce9tgv,0.0975609756097561,0.1134020618556701,-0.015841086245914
p_2150,t3_1mxo4i,t1_ccdoxu0,t1_ccdla5i,0.14925373134328357,0.19672131147540983,-0.047467580132126264
p_2151,t3_1mxf26,t1_ccdidvp,t1_ccdnuec,0.17894736842105263,0.18181818181818182,-0.0028708133971291905
p_2152,t3_1mvpmi,t1_ccd1q5w,t1_ccd6xyi,0.14545454545454545,0.2,-0.054545454545454564
p_2153,t3_1mv3g3,t1_cccxjd9,t1_cccvmip,0.15730337078651685,0.2682926829268293,-0.11098931214031243
p_2154,t3_1mv3g3,t1_cccwow7,t1_ccd56i2,0.11372549019607843,0.13924050632911392,-0.025515016133035487
p_2155,t3_1mv3g3,t1_ccd581r,t1_ccd3k4q,0.13131313131313133,0.2222222222222222,-0.09090909090909088
p_2157,t3_1ms5h6,t1_ccc5hfa,t1_cccbr1n,0.08287292817679558,0.07241379310344828,0.010459135073347295
p_2158,t3_1ms5h6,t1_ccc4apy,t1_ccc3e49,0.10204081632653061,0.024390243902439025,0.0776505724240916
p_2159,t3_1ms5h6,t1_ccc4zc0,t1_ccc6q8t,0.03333333333333333,0.18518518518518517,-0.15185185185185185
p_2160,t3_1ms5h6,t1_ccc8c0p,t1_ccca28r,0.11971830985915492,0.11510791366906475,0.0046103961900901685
p_2161,t3_1ms5h6,t1_ccc849f,t1_ccc5y0d,0.19047619047619047,0.14285714285714285,0.047619047619047616
p_2162,t3_1mqh8t,t1_ccbop5x,t1_ccbnoar,0.19230769230769232,0.5925925925925926,-0.40028490028490027
p_2163,t3_1mqfmi,t1_cccdkog,t1_ccbqtty,0.1031390134529148,0.10869565217391304,-0.005556638720998236
p_2164,t3_1mq464,t1_ccbkgg8,t1_ccbrs5p,0.2127659574468085,0.19101123595505617,0.021754721491752338
p_2165,t3_1mor68,t1_ccbewh1,t1_ccbhzik,0.17801047120418848,0.22302158273381295,-0.045011111529624476
p_2166,t3_1mkkiu,t1_cca3jqo,t1_ccahv7s,0.14492753623188406,0.2857142857142857,-0.14078674948240164
p_2170,t3_1micrr,t1_cc9iise,t1_cc9i0l2,0.10606060606060606,0.28205128205128205,-0.17599067599067597
p_2171,t3_1mhox4,t1_cc9cr45,t1_cc9ewi1,0.3333333333333333,0.3157894736842105,0.017543859649122806
p_2175,t3_1mcs7s,t1_cc7zre6,t1_cc7zm90,0.2916666666666667,0.19786096256684493,0.09380570409982175
p_2176,t3_1mcs7s,t1_cc80xcj,t1_cc7yshf,0.18545454545454546,0.3380281690140845,-0.15257362355953905
p_2177,t3_1mcgyq,t1_cc81pge,t1_cc833kb,0.1388888888888889,0.2222222222222222,-0.08333333333333331
p_2178,t3_1mc6y7,t1_cc7v8d9,t1_cc7wspd,0.13970588235294118,0.09803921568627451,0.04166666666666667
p_2179,t3_1mc6y7,t1_cc7uvd2,t1_cc7vp54,0.09722222222222222,0.15384615384615385,-0.05662393162393163
p_2180,t3_1mbqhy,t1_cc7pp5t,t1_cc7odp3,0.10526315789473684,0.30303030303030304,-0.1977671451355662
p_2183,t3_1ma1o7,t1_cc779hk,t1_cc779ih,0.14018691588785046,0.14516129032258066,-0.0049743744347302
p_2184,t3_1m9bf6,t1_cc71e1c,t1_cc71cv0,0.03225806451612903,0.07317073170731707,-0.04091266719118804
p_2185,t3_1m7r92,t1_cc6nj16,t1_cc6k9ln,0.08,0.10204081632653061,-0.022040816326530613
p_2186,t3_1m5nls,t1_cc65afh,t1_cc60rdt,0.0764525993883792,0.09278350515463918,-0.01633090576625998
p_2187,t3_1m5ckr,t1_cc65v0o,t1_cc5yz4a,0.1357142857142857,0.20481927710843373,-0.06910499139414802
p_2188,t3_1m4ncj,t1_cc6f4wf,t1_cc62exc,0.21739130434782608,0.21212121212121213,0.005270092226613954
p_2189,t3_1m4j0f,t1_cc5pidn,t1_cc5prn9,0.06,0.09333333333333334,-0.03333333333333334
p_2190,t3_1m3uw1,t1_cc5jurv,t1_cc5i9r4,0.14285714285714285,0.175,-0.03214285714285714
p_2193,t3_1m2ol2,t1_cc586c8,t1_cc583f9,0.33,0.125,0.20500000000000002
p_2192,t3_1m2ol2,t1_cc583n9,t1_cc58qz9,0.1651376146788991,0.14545454545454545,0.019683069224353644
p_2194,t3_1m2c8d,t1_cc53f9v,t1_cc57ndo,0.14414414414414414,0.16129032258064516,-0.017146178436501014
p_2195,t3_1lyzc3,t1_cc4fofp,t1_cc4e0cy,0.13286713286713286,0.18446601941747573,-0.051598886550342865
p_2196,t3_1lykde,t1_cc4218e,t1_cc433r7,0.13793103448275862,0.12790697674418605,0.010024057738572567
p_2198,t3_1lxn1p,t1_cc3sszy,t1_cc3tpy6,0.2077922077922078,0.20279720279720279,0.00499500499500502
p_2199,t3_1lvnj6,t1_cc37s7x,t1_cc3b2kq,0.13043478260869565,0.20833333333333334,-0.0778985507246377
p_2200,t3_1lt0gt,t1_cc2od32,t1_cc2gt9x,0.10526315789473684,0.14893617021276595,-0.043673012318029114
p_2201,t3_1ls55r,t1_cc274w7,t1_cc28zrg,0.11235955056179775,0.13924050632911392,-0.026880955767316167
p_2203,t3_1lpmle,t1_cc1kppg,t1_cc1ka02,0.21666666666666667,0.288,-0.0713333333333333
p_2205,t3_1lpfcx,t1_cc1hmy1,t1_cc1xwz2,0.06716417910447761,0.112,-0.04483582089552239
p_2206,t3_1lp8a5,t1_cc1fjpt,t1_cc1ftud,0.07317073170731707,0.0851063829787234,-0.011935651271406333
p_2207,t3_1lni37,t1_cc102pd,t1_cc0yjrr,0.15789473684210525,0.15384615384615385,0.0040485829959514
p_2208,t3_1ln8b5,t1_cc0x96h,t1_cc0vugf,0.07692307692307693,0.08196721311475409,-0.005044136191677165
p_2212,t3_1lm1eb,t1_cc0l23w,t1_cc0x7m8,0.1875,0.2711864406779661,-0.0836864406779661
p_2213,t3_1lkz0j,t1_cc0ekn0,t1_cc0d09x,0.13953488372093023,0.2,-0.06046511627906978
p_2214,t3_1lkxku,t1_cc0b6tb,t1_cc0c4yb,0.12987012987012986,0.2,-0.07012987012987015
p_2215,t3_1lkxku,t1_cc0nc73,t1_cc0gh2n,0.08955223880597014,0.08928571428571429,0.0002665245202558564
p_2218,t3_1lklmg,t1_cc06dl5,t1_cc070hz,0.11926605504587157,0.13008130081300814,-0.010815245767136578
p_2219,t3_1lklmg,t1_cc0gnzl,t1_cc0b8sj,0.08648648648648649,0.12290502793296089,-0.0364185414464744
p_2220,t3_1lj77i,t1_cc00mpq,t1_cbzwwyg,0.13333333333333333,0.11538461538461539,0.01794871794871794
p_2221,t3_1lj1a3,t1_cbzqvmp,t1_cbzslqc,0.11904761904761904,0.14285714285714285,-0.023809523809523808
p_2224,t3_1lhuz4,t1_cbzddsy,t1_cbze9hp,0.05,0.18518518518518517,-0.13518518518518519
p_2225,t3_1lfrfd,t1_cbysfpy,t1_cbzh8fi,0.16666666666666666,0.34782608695652173,-0.18115942028985507
p_2226,t3_1lfjlx,t1_cbyrmgo,t1_cbyqak5,0.0782608695652174,0.1794871794871795,-0.10122630992196209
p_2227,t3_1lerv8,t1_cbyiaoi,t1_cbyhq86,0.25,0.21739130434782608,0.03260869565217392
p_2230,t3_1ld6h6,t1_cby2a8w,t1_cby1lsh,0.12195121951219512,0.08928571428571429,0.03266550522648083
p_2232,t3_1lcywy,t1_cbxzp1t,t1_cby301t,0.525,0.27906976744186046,0.24593023255813956
p_2233,t3_1lbwhm,t1_cbxpt3g,t1_cbxs5nk,0.1091703056768559,0.08908045977011494,0.020089845906740955
p_2234,t3_1lbmj6,t1_cbxpw34,t1_cbxodyk,0.07661290322580645,0.07096774193548387,0.005645161290322581
p_2236,t3_1lacd7,t1_cbx94i4,t1_cbx9e6e,0.08108108108108109,0.05405405405405406,0.02702702702702703
p_2237,t3_1la7rw,t1_cbxgs50,t1_cbx89uo,0.1415929203539823,0.22018348623853212,-0.07859056588454982
p_2238,t3_1l90aj,t1_cbwzd68,t1_cbwzbg8,0.14814814814814814,0.25925925925925924,-0.1111111111111111
p_2241,t3_1l739z,t1_cbwgckn,t1_cbwhg4q,0.06282722513089005,0.1206896551724138,-0.05786243004152375
p_2242,t3_1l6so4,t1_cbwanvb,t1_cbwejit,0.12857142857142856,0.11702127659574468,0.011550151975683876
p_2243,t3_1l6jx5,t1_cbwinoh,t1_cbwci89,0.11475409836065574,0.30434782608695654,-0.1895937277263008
p_2244,t3_1l5skj,t1_cbw2q93,t1_cbw5e2q,0.16666666666666666,0.16101694915254236,0.005649717514124297
p_2245,t3_1l4zh1,t1_cbvtytr,t1_cbwfrmm,0.1411764705882353,0.1746031746031746,-0.0334267040149393
p_2246,t3_1l4s6s,t1_cbvtme3,t1_cbw349b,0.2898550724637681,0.38,-0.09014492753623188
p_2247,t3_1l4s6s,t1_cbvtd9h,t1_cbw1t11,0.3829787234042553,0.32432432432432434,0.058654399079930974
p_2249,t3_1l48mt,t1_cbvuocw,t1_cbvwhwi,0.32653061224489793,0.35106382978723405,-0.024533217542336117
p_2252,t3_1l3r2u,t1_cbvi0u6,t1_cbvi11k,0.27941176470588236,0.13541666666666666,0.1439950980392157
p_2253,t3_1l3r2u,t1_cbvjfjr,t1_cbvi11k,0.185,0.13541666666666666,0.04958333333333334
p_2251,t3_1l3r2u,t1_cbvieup,t1_cbvi6i2,0.14027149321266968,0.17647058823529413,-0.036199095022624445
p_2258,t3_1l39f3,t1_cbvj6st,t1_cbvdl8d,0.19469026548672566,0.17333333333333334,0.021356932153392322
p_2256,t3_1l39f3,t1_cbvi8i7,t1_cbvetvc,0.18032786885245902,0.13620071684587814,0.04412715200658088
p_2257,t3_1l39f3,t1_cbvdnid,t1_cbvf3rq,0.2127659574468085,0.13432835820895522,0.07843759923785329
p_2259,t3_1l3115,t1_cbv9wfo,t1_cbva0et,0.23333333333333334,0.0,0.23333333333333334
p_2260,t3_1l2ixq,t1_cbvbxs8,t1_cbv59md,0.14942528735632185,0.17391304347826086,-0.024487756121939014
p_2261,t3_1l09gg,t1_cbuio96,t1_cbugz8z,0.09734513274336283,0.11320754716981132,-0.015862414426448493
p_2262,t3_1kzxcm,t1_cbuf9oo,t1_cbuiv91,0.10887096774193548,0.12598425196850394,-0.01711328422656845
p_2265,t3_1kye6l,t1_cbtvo8l,t1_cbtvkil,0.08490566037735849,0.08974358974358974,-0.004837929366231258
p_2266,t3_1kye6l,t1_cbtwkat,t1_cbtwnnn,0.08403361344537816,0.13636363636363635,-0.052330022918258196
p_2268,t3_1kye6l,t1_cbtzwlt,t1_cbtwnnn,0.13333333333333333,0.13636363636363635,-0.003030303030303022
p_2267,t3_1kye6l,t1_cbtzgqh,t1_cbtwnnn,0.07446808510638298,0.13636363636363635,-0.06189555125725338
p_2269,t3_1kxyyv,t1_cbtru4t,t1_cbtrv0z,0.12612612612612611,0.10204081632653061,0.0240853097995955
p_2270,t3_1kxyyv,t1_cbtr9p6,t1_cbtrv0z,0.05405405405405406,0.10204081632653061,-0.04798676227247656
p_2271,t3_1kxyyv,t1_cbtu5q5,t1_cbtrrbq,0.12396694214876033,0.20833333333333334,-0.08436639118457301
p_2272,t3_1kxyyv,t1_cbu7zd4,t1_cbtrv0z,0.1625,0.10204081632653061,0.06045918367346939
p_2275,t3_1kwoib,t1_cbtku99,t1_cbtll2e,0.1111111111111111,0.16071428571428573,-0.04960317460317462
p_2274,t3_1kwoib,t1_cbteqkq,t1_cbtlv0w,0.2972972972972973,0.3,-0.002702702702702675
p_2276,t3_1kwewh,t1_cbtagyo,t1_cbta7mx,0.07608695652173914,0.05555555555555555,0.020531400966183583
p_2278,t3_1ktrbd,t1_cbsiyod,t1_cbsj55w,0.21505376344086022,0.17687074829931973,0.03818301514154049
p_2280,t3_1ks6p4,t1_cbsevj6,t1_cbs6oi2,0.04,0.07246376811594203,-0.03246376811594203
p_2282,t3_1kqo2m,t1_cbrp5dn,t1_cbrtmtf,0.19047619047619047,0.1111111111111111,0.07936507936507936
p_2283,t3_1kpmvy,t1_cbril3l,t1_cbrg01p,0.25274725274725274,0.3539325842696629,-0.10118533152241016
p_2284,t3_1kplpx,t1_cbs1lbf,t1_cbrbl9b,0.13580246913580246,0.1956521739130435,-0.059849704777241025
p_2285,t3_1kpcy7,t1_cbrbl5x,t1_cbrbcp0,0.11194029850746269,0.07913669064748201,0.03280360785998068
p_2288,t3_1kmwmn,t1_cbqml03,t1_cbqlofq,0.07659574468085106,0.08552631578947369,-0.008930571108622623
p_2289,t3_1kmr9u,t1_cbqlmoj,t1_cbqkl2t,0.05405405405405406,0.125,-0.07094594594594594
p_2290,t3_1klvsk,t1_cbqdd78,t1_cbqjkwj,0.16831683168316833,0.21428571428571427,-0.045968882602545946
p_2291,t3_1klpoz,t1_cbqe15e,t1_cbqay82,0.1144578313253012,0.08860759493670886,0.025850236388592338
p_2295,t3_1kkzei,t1_cbq19sn,t1_cbq4s14,0.08928571428571429,0.16666666666666666,-0.07738095238095237
p_2293,t3_1kkzei,t1_cbq6gfx,t1_cbq019j,0.22772277227722773,0.16981132075471697,0.05791145152251076
p_2294,t3_1kkzei,t1_cbq17si,t1_cbq019j,0.15217391304347827,0.16981132075471697,-0.0176374077112387
p_2297,t3_1kkvd3,t1_cbpzbps,t1_cbpzant,0.18181818181818182,0.12875536480686695,0.05306281701131488
p_2298,t3_1kkvd3,t1_cbpzjlg,t1_cbqba5y,0.10115606936416185,0.125,-0.023843930635838145
p_2299,t3_1kkl0k,t1_cbpvqsr,t1_cbpwrwm,0.22916666666666666,0.208955223880597,0.02021144278606965
p_2300,t3_1kjxxx,t1_cbpq618,t1_cbprup5,0.09230769230769231,0.22077922077922077,-0.12847152847152846
p_2302,t3_1kji31,t1_cbpp0hg,t1_cbpp4cn,0.1092436974789916,0.4444444444444444,-0.3352007469654528
p_2303,t3_1kj8ll,t1_cbpjmas,t1_cbpisrw,0.14795918367346939,0.21212121212121213,-0.06416202844774274
p_2304,t3_1kj8ll,t1_cbpl5sq,t1_cbpotjh,0.09,0.1702127659574468,-0.08021276595744681
p_2306,t3_1kic79,t1_cbp88fr,t1_cbp8lam,0.1323529411764706,0.1452991452991453,-0.01294620412267472
p_2307,t3_1ki40o,t1_cbp9u33,t1_cbp85kd,0.1,0.09278350515463918,0.007216494845360827
p_2308,t3_1ki1zh,t1_cbp9dea,t1_cbp5nt9,0.10784313725490197,0.15577889447236182,-0.04793575721745985
p_2310,t3_1khlm7,t1_cbp1ln5,t1_cbp1ph1,0.19875776397515527,0.22,-0.021242236024844735
p_2311,t3_1kgh0u,t1_cboq4u7,t1_cbooh2r,0.2,0.12857142857142856,0.07142857142857145
p_2313,t3_1ke0w4,t1_cbnzi22,t1_cbo6d5s,0.2222222222222222,0.25,-0.02777777777777779
p_2314,t3_1ke0w4,t1_cbo3zx9,t1_cbo5iau,0.12730627306273062,0.1588785046728972,-0.03157223161016656
p_2316,t3_1kdlwj,t1_cbnxd5h,t1_cbnvo71,0.232,0.26666666666666666,-0.03466666666666665
p_2319,t3_1kcd3m,t1_cbnhq6g,t1_cbni0el,0.2692307692307692,0.3333333333333333,-0.0641025641025641
p_2320,t3_1kbzmn,t1_cbng0go,t1_cbnipaa,0.08490566037735849,0.10714285714285714,-0.02223719676549865
p_2323,t3_1kag5w,t1_cbn0mxn,t1_cbmzov5,0.05084745762711865,0.09,-0.03915254237288135
p_2324,t3_1kabrs,t1_cbmzr37,t1_cbn67aw,0.15555555555555556,0.175,-0.01944444444444443
p_2325,t3_1ka5uj,t1_cbmyev9,t1_cbmxfh8,0.11711711711711711,0.08181818181818182,0.0352989352989353
p_2327,t3_1k9jlv,t1_cbmxvcd,t1_cbmuvxx,0.11428571428571428,0.32142857142857145,-0.20714285714285718
p_2328,t3_1k6xfn,t1_cbm0lyq,t1_cbm3nd0,0.45098039215686275,0.3181818181818182,0.13279857397504458
p_2329,t3_1k6i9t,t1_cblyg6g,t1_cblyvvv,0.09714285714285714,0.12295081967213115,-0.025807962529274003
p_2330,t3_1k5pd2,t1_cbln0wk,t1_cblry91,0.07563025210084033,0.09420289855072464,-0.01857264644988431
p_2331,t3_1k5c52,t1_cblj535,t1_cbll85k,0.1839080459770115,0.19,-0.0060919540229885105
p_2332,t3_1k5c52,t1_cblu6s5,t1_cblltll,0.2391304347826087,0.4634146341463415,-0.22428419936373278
p_2333,t3_1k4u9p,t1_cbldzfo,t1_cblfrem,0.25,0.2,0.04999999999999999
p_2334,t3_1k3fd5,t1_cbkz187,t1_cblb6qd,0.3524590163934426,0.3244444444444444,0.0280145719489982
p_2335,t3_1k3fd5,t1_cbl0mqo,t1_cbl14ki,0.18037974683544303,0.21728971962616822,-0.03690997279072519
p_2336,t3_1k394r,t1_cbl39x0,t1_cbkxpz4,0.17647058823529413,0.5,-0.32352941176470584
p_2337,t3_1k2ucr,t1_cbl0joo,t1_cbl04y4,0.14545454545454545,0.15714285714285714,-0.011688311688311692
p_2338,t3_1k2m9c,t1_cbku0j5,t1_cbkqfau,0.08888888888888889,0.16923076923076924,-0.08034188034188035
p_2339,t3_1k1bz3,t1_cbkdhyg,t1_cbkd9lg,0.11688311688311688,0.2903225806451613,-0.17343946376204444
p_2340,t3_1k12l4,t1_cbk9xjc,t1_cbkfcm9,0.09859154929577464,0.10810810810810811,-0.009516558812333473
p_2341,t3_1k0rar,t1_cbk9gjo,t1_cbk70ve,0.16363636363636364,0.21428571428571427,-0.05064935064935064
p_2343,t3_1k0o35,t1_cbk7t0b,t1_cbk5xan,0.23333333333333334,0.2631578947368421,-0.029824561403508754
p_2346,t3_1jxenp,t1_cbjhhbv,t1_cbjh4y3,0.0958904109589041,0.09195402298850575,0.003936387970398358
p_2348,t3_1jxb7d,t1_cbj7ksk,t1_cbjiqx2,0.3188405797101449,0.2698412698412698,0.048999309868875074
p_2349,t3_1jxb7d,t1_cbj8nos,t1_cbjiqx2,0.1674641148325359,0.2698412698412698,-0.10237715500873393
p_2350,t3_1jx75l,t1_cbj6dz7,t1_cbj5su9,0.1346153846153846,0.109375,0.02524038461538461
p_2352,t3_1jx75l,t1_cbj9dmd,t1_cbj5t4n,0.1130952380952381,0.07874015748031496,0.034355080614923136
p_2351,t3_1jx75l,t1_cbj8v5p,t1_cbj5t4n,0.06097560975609756,0.07874015748031496,-0.0177645477242174
p_2353,t3_1jx75l,t1_cbjctxf,t1_cbja2vi,0.13793103448275862,0.1590909090909091,-0.02115987460815047
p_2355,t3_1jw0vh,t1_cbj2fl6,t1_cbivzx1,0.02608695652173913,0.06735751295336788,-0.04127055643162875
p_2356,t3_1jukj2,t1_cbihbve,t1_cbifo1m,0.12727272727272726,0.10294117647058823,0.02433155080213903
p_2357,t3_1juhcd,t1_cbih6kh,t1_cbiftjn,0.18181818181818182,0.22784810126582278,-0.046029919447640955
p_2358,t3_1jtizm,t1_cbi5iji,t1_cbi4vwr,0.22448979591836735,0.2972972972972973,-0.07280750137892997
p_2359,t3_1jnzxi,t1_cbgl9y6,t1_cbgko2s,0.109375,0.208955223880597,-0.09958022388059701
p_2360,t3_1jnzxi,t1_cbgq6ri,t1_cbgmmil,0.2413793103448276,0.20689655172413793,0.03448275862068967
p_2361,t3_1jnzxi,t1_cbgrq6w,t1_cbgqs66,0.16666666666666666,0.3333333333333333,-0.16666666666666666
p_2362,t3_1jmadm,t1_cbgfvpm,t1_cbg3jnw,0.20833333333333334,0.1111111111111111,0.09722222222222224
p_2363,t3_1jm5z2,t1_cbg3zbr,t1_cbg1tau,0.07894736842105263,0.14285714285714285,-0.06390977443609022
p_2365,t3_1jl2l0,t1_cbfrj60,t1_cbfqlt5,0.10679611650485436,0.11290322580645161,-0.006107109301597247
p_2366,t3_1jkp1k,t1_cbfp0g2,t1_cbfoawn,0.21666666666666667,0.16666666666666666,0.05000000000000002
p_2367,t3_1jiw0b,t1_cbf6lgo,t1_cbf4sac,0.07633587786259542,0.19047619047619047,-0.11414031261359504
p_2370,t3_1jb0wl,t1_cbcxgu5,t1_cbcy8p6,0.13310580204778158,0.26666666666666666,-0.13356086461888508
p_2371,t3_1jaqjx,t1_cbctgfc,t1_cbcsn53,0.08256880733944955,0.08450704225352113,-0.0019382349140715793
p_2372,t3_1j9xnf,t1_cbcq5wa,t1_cbcvqxh,0.09009009009009009,0.04945054945054945,0.04063954063954064
p_2373,t3_1j8dv1,t1_cbc52ax,t1_cbcofch,0.25,0.2222222222222222,0.02777777777777779
p_2374,t3_1j8dv1,t1_cbc65mq,t1_cbcofch,0.17142857142857143,0.2222222222222222,-0.05079365079365078
p_2375,t3_1j8dv1,t1_cbc693d,t1_cbcofch,0.36363636363636365,0.2222222222222222,0.14141414141414144
p_2376,t3_1j8dv1,t1_cbc7rzj,t1_cbcofch,0.32,0.2222222222222222,0.0977777777777778
p_2377,t3_1j7p6i,t1_cbbxr56,t1_cbby8gg,0.1518987341772152,0.1450381679389313,0.006860566238283905
p_2378,t3_1j5z5p,t1_cbbgma6,t1_cbbghpi,0.20212765957446807,0.35294117647058826,-0.1508135168961202
p_2379,t3_1j583o,t1_cbba0li,t1_cbbbhg1,0.2,0.22950819672131148,-0.02950819672131147
p_2381,t3_1j3vw4,t1_cbavu90,t1_cbawlm4,0.175,0.2,-0.025000000000000022
p_2384,t3_1j0ghg,t1_cb9w70x,t1_cba1v9x,0.08333333333333333,0.06701030927835051,0.016323024054982815
p_2385,t3_1j0ghg,t1_cbag4fl,t1_cba1v9x,0.09178743961352658,0.06701030927835051,0.024777130335176062
p_2387,t3_1j04ik,t1_cb9skkn,t1_cb9rtf6,0.125,0.08888888888888889,0.03611111111111111
p_2386,t3_1j04ik,t1_cb9ssza,t1_cb9rtf6,0.08823529411764706,0.08888888888888889,-0.0006535947712418277
p_2388,t3_1j012y,t1_cb9qkne,t1_cb9wf8r,0.12244897959183673,0.15384615384615385,-0.03139717425431712
p_2390,t3_1j00y5,t1_cb9tnv2,t1_cb9rf5x,0.06493506493506493,0.11428571428571428,-0.04935064935064935
p_2393,t3_1iw2um,t1_cb8lac4,t1_cb8mbl8,0.2,0.12903225806451613,0.07096774193548389
p_2402,t3_1is4qd,t1_cb7j9ci,t1_cb7wbhu,0.12857142857142856,0.20930232558139536,-0.0807308970099668
p_2403,t3_1iqys7,t1_cb7bor5,t1_cb7844x,0.0949367088607595,0.1276595744680851,-0.032722865607325596
p_2404,t3_1iqys7,t1_cb7gfzl,t1_cb7gxgm,0.16083916083916083,0.18181818181818182,-0.02097902097902099
p_2405,t3_1ipjv3,t1_cb6tcwm,t1_cb7052e,0.2916666666666667,0.3125,-0.020833333333333315
p_2406,t3_1ioyfw,t1_cb6negu,t1_cb6p567,0.1935483870967742,0.23529411764705882,-0.04174573055028463
p_2408,t3_1io050,t1_cb6z8bd,t1_cb6d59l,0.29473684210526313,0.5238095238095238,-0.2290726817042607
p_2409,t3_1io050,t1_cb6te7v,t1_cb6k495,0.1746031746031746,0.3548387096774194,-0.18023553507424478
p_2410,t3_1inwvh,t1_cb6clxk,t1_cb6b3un,0.064,0.2222222222222222,-0.1582222222222222
p_2412,t3_1in64c,t1_cb6akju,t1_cb64t09,0.08695652173913043,0.3333333333333333,-0.24637681159420288
p_2413,t3_1in3mk,t1_cb6bfkt,t1_cb62n6y,0.08264462809917356,0.16363636363636364,-0.08099173553719008
p_2415,t3_1iimoi,t1_cb5m28u,t1_cb4v5by,0.16,0.21212121212121213,-0.052121212121212124
p_2418,t3_1ihnzp,t1_cb4juyf,t1_cb4ukap,0.10416666666666667,0.11290322580645161,-0.008736559139784938
p_2420,t3_1igbwh,t1_cb4649p,t1_cb464hg,0.2619047619047619,0.3333333333333333,-0.0714285714285714
p_2421,t3_1ied1a,t1_cb3rv5u,t1_cb3p38u,0.09090909090909091,0.08955223880597014,0.0013568521031207675
p_2424,t3_1ib9o8,t1_cb2tz88,t1_cb33du7,0.16279069767441862,0.1956521739130435,-0.03286147623862487
p_2427,t3_1ia9x8,t1_cb2j72l,t1_cb2rlb2,0.06542056074766354,0.16216216216216217,-0.09674160141449863
p_2429,t3_1ia3zd,t1_cb2lbid,t1_cb2h5ll,0.18032786885245902,0.12264150943396226,0.05768635941849676
p_2430,t3_1i94l9,t1_cb28ef0,t1_cb26209,0.2222222222222222,0.1568627450980392,0.065359477124183
p_2434,t3_1i5tlt,t1_cb1cje7,t1_cb1t7x1,0.07142857142857142,0.2,-0.1285714285714286
p_2436,t3_1i4vt4,t1_cb1h533,t1_cb1252u,0.13392857142857142,0.20408163265306123,-0.0701530612244898
p_2435,t3_1i4vt4,t1_cb13nik,t1_cb16bo0,0.05405405405405406,0.3469387755102041,-0.29288472145615
p_2438,t3_1i2u57,t1_cb0fo0o,t1_cb0gz21,0.13043478260869565,0.14,-0.009565217391304365
p_2439,t3_1i2u57,t1_cb0fbc9,t1_cb0hvyo,0.19047619047619047,0.12087912087912088,0.06959706959706959
p_2440,t3_1i2oju,t1_cb0dt2p,t1_cb0e4bx,0.15172413793103448,0.18181818181818182,-0.030094043887147343
p_2442,t3_1i11n0,t1_cazz418,t1_cb0464x,0.17307692307692307,0.3103448275862069,-0.13726790450928383
p_2443,t3_1i11n0,t1_cazy97z,t1_cb0464x,0.40625,0.3103448275862069,0.0959051724137931
p_2444,t3_1i0zds,t1_cazx780,t1_cazy8n0,0.07,0.14563106796116504,-0.07563106796116503
p_2445,t3_1i0zds,t1_cb005e0,t1_cb05afm,0.21428571428571427,0.14285714285714285,0.07142857142857142
p_2446,t3_1i0zds,t1_cb00x7k,t1_cazy1tv,0.08571428571428572,0.07926829268292683,0.006445993031358885
p_2447,t3_1i0zds,t1_cazx7qm,t1_cb0ano0,0.19130434782608696,0.2631578947368421,-0.07185354691075513
p_2448,t3_1i00hp,t1_cazmh6c,t1_cazmud9,0.11764705882352941,0.2,-0.0823529411764706
p_2449,t3_1hzs2p,t1_cazkd1r,t1_cazpzes,0.10869565217391304,0.16216216216216217,-0.05346650998824913
p_2451,t3_1hz0cv,t1_cazgpfl,t1_cazc5lr,0.12844036697247707,0.23529411764705882,-0.10685375067458175
p_2452,t3_1hxzas,t1_caz1kcn,t1_caz1z09,0.21195652173913043,0.22794117647058823,-0.015984654731457798
p_2453,t3_1hxrtn,t1_caz1hv5,t1_cayzct9,0.1746031746031746,0.39285714285714285,-0.21825396825396826
p_2454,t3_1hxjqk,t1_cayxqwq,t1_cazcc7l,0.125,0.09722222222222222,0.027777777777777776
p_2455,t3_1hxf9i,t1_cayvh0d,t1_caz1x0o,0.2857142857142857,0.28,0.005714285714285672
p_2456,t3_1hw3be,t1_cayi1o3,t1_caykf0u,0.07017543859649122,0.058823529411764705,0.011351909184726519
p_2460,t3_1htdmd,t1_caxqkk2,t1_caxz72q,0.08015267175572519,0.08609271523178808,-0.0059400434760628895
p_2461,t3_1ht05v,t1_caxtz6j,t1_caxzvix,0.08454810495626822,0.10650887573964497,-0.021960770783376757
p_2462,t3_1ht05v,t1_caxvc7y,t1_caxzvix,0.05825242718446602,0.10650887573964497,-0.04825644855517895
p_2463,t3_1hrko3,t1_caxe7v8,t1_cax6nz3,0.11274509803921569,0.23076923076923078,-0.1180241327300151
p_2464,t3_1hrjgc,t1_cax6dff,t1_cax6b4o,0.14173228346456693,0.125,0.016732283464566927
p_2465,t3_1hraph,t1_cax407i,t1_cax3up7,0.16363636363636364,0.15294117647058825,0.010695187165775388
p_2467,t3_1hqd66,t1_cax3idc,t1_cawz4oe,0.06962025316455696,0.15,-0.08037974683544304
p_2468,t3_1hq0v5,t1_cawqmgo,t1_cawqm34,0.075,0.1527777777777778,-0.07777777777777779
p_2469,t3_1hp8cm,t1_cawnmau,t1_cawra52,0.08888888888888889,0.14285714285714285,-0.05396825396825396
p_2470,t3_1hp8cm,t1_caws05i,t1_cawsaki,0.07377049180327869,0.06315789473684211,0.01061259706643658
p_2472,t3_1hnrv5,t1_cawg0mo,t1_caw90ul,0.08732394366197183,0.11734693877551021,-0.030022995113538384
p_2473,t3_1hnmg0,t1_caw4fwf,t1_caw2pvi,0.14457831325301204,0.14432989690721648,0.00024841634579556016
p_2474,t3_1hnesi,t1_caw5etn,t1_caw1oxb,0.09302325581395349,0.07086614173228346,0.022157114081670023
p_2475,t3_1hmzrg,t1_cavwamg,t1_caw3w4j,0.1590909090909091,0.1348314606741573,0.02425944841675179
p_2477,t3_1hmzrg,t1_cavxhoe,t1_cavwx38,0.2191780821917808,0.12698412698412698,0.09219395520765383
p_2476,t3_1hmzrg,t1_cavwmqq,t1_cavylue,0.07377049180327869,0.08677685950413223,-0.013006367700853547
p_2478,t3_1hm7uw,t1_cavpkpg,t1_cavot1s,0.14457831325301204,0.3026315789473684,-0.15805326569435638
p_2479,t3_1hj6bs,t1_cauxv2z,t1_cauydog,0.11578947368421053,0.21052631578947367,-0.09473684210526315
p_2480,t3_1hilol,t1_cav0vb9,t1_cauv0dj,0.1875,0.30434782608695654,-0.11684782608695654
p_2482,t3_1hijgw,t1_cauqk4k,t1_cauqjev,0.12658227848101267,0.1388888888888889,-0.012306610407876228
p_2484,t3_1hhk6u,t1_caueb77,t1_cauj7mz,0.12345679012345678,0.3170731707317073,-0.19361638060825054
p_2485,t3_1hhk6u,t1_caui6qo,t1_caukhoj,0.17857142857142858,0.23880597014925373,-0.06023454157782515
p_2486,t3_1hhk6u,t1_cauhmlk,t1_cauj7mz,0.27586206896551724,0.3170731707317073,-0.041211101766190084
p_2489,t3_1hc58i,t1_catea2n,t1_casxbel,0.1188118811881188,0.1978021978021978,-0.07899031661407899
p_2490,t3_1hc0j1,t1_caszio1,t1_casup0b,0.18604651162790697,0.2972972972972973,-0.11125078566939034
p_2494,t3_1hajcc,t1_casg265,t1_casiv8b,0.09433962264150944,0.16216216216216217,-0.06782253952065273
p_2495,t3_1h9sqe,t1_cas8w59,t1_cas8g4g,0.3695652173913043,0.3380952380952381,0.03146997929606621
p_2496,t3_1h9ldb,t1_cas5ysb,t1_cas7mja,0.10344827586206896,0.10218978102189781,0.0012584948401711538
p_2497,t3_1h9hye,t1_cas4sd4,t1_cas74f3,0.2549019607843137,0.17391304347826086,0.08098891730605284
p_2498,t3_1h9hye,t1_casb6t3,t1_cas9uz8,0.15384615384615385,0.18048780487804877,-0.02664165103189492
p_2499,t3_1h9hye,t1_casew9n,t1_cas88m0,0.3275862068965517,0.2077922077922078,0.1197939991043439
p_2500,t3_1h8lmm,t1_cary5pj,t1_carxthq,0.14814814814814814,0.1935483870967742,-0.04540023894862605
p_2502,t3_1h6ah2,t1_caredw7,t1_car9nmn,0.11464968152866242,0.1218274111675127,-0.007177729638850272
p_2505,t3_1h6ah2,t1_caridnc,t1_car9nmn,0.056074766355140186,0.1218274111675127,-0.0657526448123725
p_2504,t3_1h6ah2,t1_care65c,t1_car9nmn,0.09743589743589744,0.1218274111675127,-0.024391513731615258
p_2503,t3_1h6ah2,t1_card2bl,t1_car9nmn,0.13815789473684212,0.1218274111675127,0.016330483569329424
p_2506,t3_1h63cg,t1_car7qah,t1_care0ds,0.14606741573033707,0.03614457831325301,0.10992283741708406
p_2508,t3_1h5h5m,t1_car0y9s,t1_cardbx1,0.1111111111111111,0.14705882352941177,-0.035947712418300665
p_2509,t3_1h5h5m,t1_car4w5y,t1_car24xz,0.11650485436893204,0.14705882352941177,-0.030553969160479727
p_2510,t3_1h5bo4,t1_car3t1w,t1_car096v,0.13333333333333333,0.2916666666666667,-0.15833333333333335
p_2511,t3_1h4fc4,t1_caquh1j,t1_car011b,0.09090909090909091,0.07352941176470588,0.017379679144385027
p_2513,t3_1h2wxx,t1_caqbfxa,t1_caqen9z,0.12048192771084337,0.1694915254237288,-0.04900959771288543
p_2514,t3_1h13j4,t1_capskux,t1_capsire,0.20512820512820512,0.2631578947368421,-0.05802968960863697
p_2516,t3_1h0wi9,t1_capqqek,t1_caq16q7,0.20833333333333334,0.17857142857142858,0.029761904761904767
p_2517,t3_1h0dvp,t1_caplvg0,t1_caplfrl,0.3246753246753247,0.29577464788732394,0.028900676788000734
p_2518,t3_1h0dvp,t1_capmaqi,t1_caplfrl,0.23076923076923078,0.29577464788732394,-0.06500541711809316
p_2519,t3_1h0dvp,t1_capljsr,t1_capm2dv,0.26785714285714285,0.2777777777777778,-0.009920634920634941
p_2520,t3_1gzgyi,t1_capch39,t1_capcztw,0.3684210526315789,0.38271604938271603,-0.014294996751137101
p_2521,t3_1gzgyi,t1_capd988,t1_capcztw,0.22807017543859648,0.38271604938271603,-0.15464587394411955
p_2522,t3_1gzggd,t1_capcxm0,t1_capga0b,0.05263157894736842,0.1724137931034483,-0.11978221415607987
p_2523,t3_1gzggd,t1_capc8wf,t1_capc3ac,0.06557377049180328,0.03571428571428571,0.02985948477751757
p_2526,t3_1gubei,t1_canwrtx,t1_canwwia,0.10465116279069768,0.19148936170212766,-0.08683819891142998
p_2527,t3_1gubei,t1_cao0mq9,t1_cao4o8w,0.15873015873015872,0.16216216216216217,-0.00343200343200345
p_2528,t3_1gubei,t1_cao0kka,t1_cao0vy0,0.11504424778761062,0.05555555555555555,0.059488692232055065
p_2529,t3_1gtx5u,t1_canrwqs,t1_canrwi1,0.10810810810810811,0.075,0.03310810810810812
p_2530,t3_1gtewi,t1_canwe7h,t1_cannxmk,0.2222222222222222,0.3157894736842105,-0.0935672514619883
p_2533,t3_1gs77u,t1_canaax8,t1_canbqse,0.08139534883720931,0.06382978723404255,0.01756556160316676
p_2535,t3_1gqrrj,t1_camvlk1,t1_camv6ti,0.08450704225352113,0.16666666666666666,-0.08215962441314553
p_2536,t3_1gqfyr,t1_camsoga,t1_camr1ip,0.08125,0.1262135922330097,-0.044963592233009705
p_2537,t3_1go76m,t1_cama3zy,t1_cam5u2v,0.13020833333333334,0.0967741935483871,0.03343413978494625
p_2538,t3_1go0nk,t1_cam94e3,t1_cam2sp0,0.07582938388625593,0.14084507042253522,-0.06501568653627929
p_2539,t3_1gndd7,t1_calvf4q,t1_caly3r9,0.49411764705882355,0.5333333333333333,-0.039215686274509776
p_2542,t3_1gndd7,t1_calw2lu,t1_calzbfi,0.3032258064516129,0.45161290322580644,-0.14838709677419354
p_2543,t3_1gn5gq,t1_caltt0o,t1_cam4fco,0.23478260869565218,0.35802469135802467,-0.12324208266237249
p_2544,t3_1gn5gq,t1_caluwrn,t1_cam99y3,0.17777777777777778,0.2222222222222222,-0.044444444444444425
p_2546,t3_1gmopb,t1_calpm58,t1_caloeep,0.13385826771653545,0.23684210526315788,-0.10298383754662244
p_2547,t3_1glkkw,t1_caljuen,t1_calho9m,0.17777777777777778,0.1724137931034483,0.005363984674329497
p_2548,t3_1gkvdj,t1_cal8gbr,t1_calht6p,0.2702702702702703,0.2890995260663507,-0.018829255796080413
p_2549,t3_1gkvdj,t1_cal9bjy,t1_cal95oe,0.36585365853658536,0.38235294117647056,-0.016499282639885204
p_2550,t3_1gk7i3,t1_cal9gz2,t1_cakzxzy,0.1590909090909091,0.1282051282051282,0.030885780885780895
p_2552,t3_1gjdzq,t1_caks2pc,t1_cakv42m,0.08396946564885496,0.13432835820895522,-0.05035889256010026
p_2553,t3_1ghuhk,t1_cakst8b,t1_cakfe6t,0.07547169811320754,0.08928571428571429,-0.013814016172506743
p_2554,t3_1ghq26,t1_cakd83v,t1_cakbhef,0.25,0.2692307692307692,-0.019230769230769218
p_2556,t3_1gf3p8,t1_cajmk48,t1_cajlq76,0.13821138211382114,0.061224489795918366,0.07698689231790277
p_2558,t3_1gekcs,t1_cajgr6p,t1_cajgnqh,0.125,0.1956521739130435,-0.07065217391304349
p_2559,t3_1gdhz9,t1_cajoefo,t1_caj8zpy,0.0784313725490196,0.15,-0.07156862745098039
p_2561,t3_1gcmgh,t1_caizgrm,t1_caix4yf,0.2153846153846154,0.25925925925925924,-0.04387464387464385
p_2563,t3_1ga9it,t1_caiavmi,t1_caiacwj,0.07446808510638298,0.1346153846153846,-0.060147299509001634
p_2564,t3_1ga5u6,t1_caifnvs,t1_caigbsx,0.05263157894736842,0.10256410256410256,-0.04993252361673414
p_2565,t3_1g98dv,t1_caicko1,t1_cai00w1,0.11578947368421053,0.1518987341772152,-0.03610926049300467
p_2566,t3_1g912k,t1_cahy4j6,t1_cai00qt,0.20833333333333334,0.15789473684210525,0.05043859649122809
p_2567,t3_1g8ye7,t1_caiqwaz,t1_caia71j,0.1320754716981132,0.10344827586206896,0.028627195836044242
p_2568,t3_1g8tam,t1_cahvvfw,t1_cahvh3g,0.10638297872340426,0.12222222222222222,-0.015839243498817962
p_2569,t3_1g8dms,t1_cahqtw0,t1_cahrjrv,0.13366336633663367,0.13194444444444445,0.0017189218921892235
p_2570,t3_1g4ij0,t1_cagmwe5,t1_cagn2vw,0.13953488372093023,0.15217391304347827,-0.01263902932254804
p_2571,t3_1g4ij0,t1_cagti1b,t1_cagn2vw,0.08223684210526316,0.15217391304347827,-0.0699370709382151
p_2573,t3_1g0zyi,t1_cafq2a4,t1_cafq68p,0.15789473684210525,0.09558823529411764,0.062306501547987614
p_2575,t3_1g0nr4,t1_cafnpu1,t1_cafo41o,0.10416666666666667,0.36,-0.2558333333333333
p_2576,t3_1g05un,t1_cafhm9s,t1_cafhkpm,0.2413793103448276,0.36363636363636365,-0.12225705329153605
p_2577,t3_1g05un,t1_cafi4wo,t1_cafhkpm,0.32432432432432434,0.36363636363636365,-0.039312039312039304
p_2578,t3_1fze4z,t1_cafajkn,t1_cafb9bx,0.08411214953271028,0.11864406779661017,-0.0345319182638999
p_2579,t3_1fzbuj,t1_cafam2z,t1_cafeb2o,0.0916030534351145,0.08496732026143791,0.006635733173676592
p_2580,t3_1fzbuj,t1_cafpf1y,t1_cafeb2o,0.11304347826086956,0.08496732026143791,0.028076157999431653
p_2581,t3_1fz6yz,t1_cafa0ej,t1_cafbiew,0.24,0.16666666666666666,0.07333333333333333
p_2582,t3_1fvef0,t1_caehkc7,t1_caegj92,0.12121212121212122,0.14285714285714285,-0.021645021645021634
p_2583,t3_1ftvzl,t1_cadqq2m,t1_cadtuox,0.06451612903225806,0.08333333333333333,-0.018817204301075266
p_2584,t3_1fthzm,t1_cads3uf,t1_cadpyxu,0.1297709923664122,0.27710843373493976,-0.14733744136852756
p_2585,t3_1fsg25,t1_cadecc8,t1_cadh9xp,0.1336206896551724,0.12389380530973451,0.009726884345437892
p_2586,t3_1fsg25,t1_cadcq9r,t1_cadfxhh,0.26229508196721313,0.10606060606060606,0.15623447590660705
p_2589,t3_1fqxs6,t1_cacz78q,t1_cad0uj4,0.09966777408637874,0.12837837837837837,-0.028710604291999633
p_2590,t3_1fpnku,t1_cacm10c,t1_cacyujo,0.14606741573033707,0.3191489361702128,-0.1730815204398757
p_2592,t3_1fl90i,t1_cabjfyp,t1_cabh6n4,0.10344827586206896,0.128,-0.02455172413793104
p_2594,t3_1fkqyp,t1_cab9l3c,t1_cab7rfj,0.1144578313253012,0.1743119266055046,-0.0598540952802034
p_2596,t3_1fjzw1,t1_cab14u9,t1_cabbfp2,0.11557788944723618,0.05263157894736842,0.06294631049986776
p_2597,t3_1fjy6l,t1_cabf966,t1_cab0k1n,0.07894736842105263,0.0958904109589041,-0.016943042537851477
p_2598,t3_1fjy6l,t1_cabcutd,t1_cabche6,0.029411764705882353,0.12727272727272726,-0.0978609625668449
p_2599,t3_1fj2qs,t1_caar36f,t1_caas3s0,0.18181818181818182,0.16666666666666666,0.015151515151515166
p_2600,t3_1fi40v,t1_caahiii,t1_caahjdz,0.11282051282051282,0.08695652173913043,0.02586399108138239
p_2601,t3_1fi40v,t1_caai66k,t1_caahj8x,0.16,0.17142857142857143,-0.011428571428571427
p_2603,t3_1fh2ge,t1_caa6pnq,t1_caaaphg,0.06578947368421052,0.11428571428571428,-0.04849624060150376
p_2604,t3_1fgwoe,t1_caadxv7,t1_caaa1fu,0.27419354838709675,0.39473684210526316,-0.12054329371816641
p_2606,t3_1felg8,t1_ca9jegt,t1_ca9j1g5,0.1111111111111111,0.275,-0.16388888888888892
p_2607,t3_1fdu9t,t1_ca9jfv7,t1_ca9emjy,0.17721518987341772,0.14102564102564102,0.0361895488477767
p_2608,t3_1fdqr9,t1_ca9b99t,t1_ca997cz,0.037037037037037035,0.14,-0.10296296296296298
p_2609,t3_1fbyld,t1_ca8s1d1,t1_ca92m1w,0.0625,0.0,0.0625
p_2610,t3_1fakkk,t1_ca8gu3m,t1_ca8gpeh,0.13636363636363635,0.10975609756097561,0.026607538802660743
p_2613,t3_1f9bqn,t1_ca85ryy,t1_ca81ox0,0.2826086956521739,0.6791044776119403,-0.39649578195976637
p_2619,t3_1f3fkz,t1_ca6ix69,t1_ca6j47b,0.061611374407582936,0.19117647058823528,-0.12956509618065234
p_2621,t3_1f378x,t1_ca6d9pg,t1_ca6d9s8,0.031746031746031744,0.08695652173913043,-0.05521048999309869
p_2624,t3_1f08yy,t1_ca5jdzb,t1_ca5nkp8,0.0945945945945946,0.06818181818181818,0.026412776412776423
p_2625,t3_1f08yy,t1_ca5jcz6,t1_ca5nkp8,,0.06818181818181818,
p_2627,t3_1eyhc9,t1_ca511j6,t1_ca514mx,0.046511627906976744,0.06521739130434782,-0.01870576339737108
p_2628,t3_1eyhc9,t1_ca54mod,t1_ca514mx,0.057692307692307696,0.06521739130434782,-0.007525083612040129
p_2629,t3_1evztt,t1_ca4bru8,t1_ca4e1xc,0.11702127659574468,0.29411764705882354,-0.17709637046307886
p_2631,t3_1er14x,t1_ca2wy31,t1_ca2w8zb,0.06532663316582915,0.14285714285714285,-0.0775305096913137
p_2632,t3_1er14x,t1_ca2wyds,t1_ca2w8zb,0.10833333333333334,0.14285714285714285,-0.03452380952380951
p_2633,t3_1eqzdv,t1_ca2xas3,t1_ca2vznl,0.1590909090909091,0.23529411764705882,-0.07620320855614973
p_2634,t3_1eqzdv,t1_ca31l47,t1_ca2vznl,0.09523809523809523,0.23529411764705882,-0.1400560224089636
p_2636,t3_1eqpep,t1_ca2wutl,t1_ca2vk92,0.07142857142857142,0.06172839506172839,0.009700176366843033
p_2637,t3_1enop4,t1_ca26n3f,t1_ca24wnz,0.07894736842105263,0.1323529411764706,-0.05340557275541796
p_2640,t3_1ekr96,t1_ca18olx,t1_ca1bmet,0.06,0.0625,-0.0025000000000000022
p_2642,t3_1ejwsi,t1_ca0z4yj,t1_ca124sd,0.09164420485175202,0.3395061728395062,-0.24786196798775417
p_2643,t3_1ejwsi,t1_ca14g2z,t1_ca11uac,0.0975609756097561,0.15625,-0.0586890243902439
p_2649,t3_1eeqwi,t1_c9zk246,t1_c9zlxhm,0.01818181818181818,0.04918032786885246,-0.030998509687034277
p_2648,t3_1eeqwi,t1_c9zisf5,t1_c9zjpoy,0.04225352112676056,0.047619047619047616,-0.005365526492287054
p_2650,t3_1edx91,t1_c9z9hpy,t1_c9zbt49,0.18269230769230768,0.20512820512820512,-0.02243589743589744
p_2651,t3_1edr56,t1_c9z8p9f,t1_c9z9qmk,0.2,0.14705882352941177,0.05294117647058824
p_2652,t3_1edqbg,t1_c9z7ura,t1_c9zayfy,0.14925373134328357,0.12408759124087591,0.025166140102407655
p_2657,t3_1e897d,t1_c9xr4w4,t1_c9xr0vc,0.1870967741935484,0.4782608695652174,-0.291164095371669
p_2659,t3_1e7fgs,t1_c9xm6o9,t1_c9xlvv7,0.09345794392523364,0.16363636363636364,-0.07017841971113
p_2661,t3_1e7dc0,t1_c9xteak,t1_c9xkdnr,0.22857142857142856,0.23595505617977527,-0.00738362760834671
p_2663,t3_1e71tp,t1_c9xlk4m,t1_c9xez56,0.19318181818181818,0.1322314049586777,0.06095041322314049
p_2664,t3_1e5uet,t1_c9x38yb,t1_c9x7ac3,0.04597701149425287,0.11764705882352941,-0.07167004732927654
p_2666,t3_1e5dod,t1_c9wyrgk,t1_c9wz4h9,0.125,0.2,-0.07500000000000001
p_2667,t3_1e4w3h,t1_c9x0hy8,t1_c9wwhb6,0.02727272727272727,0.11764705882352941,-0.09037433155080214
p_2668,t3_1e4v4u,t1_c9wtome,t1_c9ww06i,0.16279069767441862,0.3611111111111111,-0.1983204134366925
p_2669,t3_1e4gla,t1_c9wpcpk,t1_c9wqjyf,0.15625,0.10434782608695652,0.051902173913043484
p_2671,t3_1e30x9,t1_c9wfnbb,t1_c9wbvj3,0.16494845360824742,0.13736263736263737,0.027585816245610045
p_2673,t3_1e1yw5,t1_c9wdtql,t1_c9w0hvd,0.07954545454545454,0.20512820512820512,-0.1255827505827506
p_2674,t3_1e0qz1,t1_c9vwslq,t1_c9vruwl,0.10569105691056911,0.18840579710144928,-0.08271474019088017
p_2675,t3_1e0ejy,t1_c9vl8aa,t1_c9vp3i5,0.08762886597938144,0.08695652173913043,0.0006723442402510049
p_2678,t3_1e0dd7,t1_c9vvh9i,t1_c9vmii6,0.08695652173913043,0.03333333333333333,0.0536231884057971
p_2676,t3_1e0dd7,t1_c9vn11c,t1_c9vkmsv,0.03896103896103896,0.0547945205479452,-0.015833481586906242
p_2679,t3_1dzqaz,t1_c9vevvr,t1_c9ves68,0.17073170731707318,0.125,0.045731707317073184
p_2680,t3_1dyb7o,t1_c9v8bw6,t1_c9v7j0n,0.23529411764705882,0.15151515151515152,0.0837789661319073
p_2681,t3_1dy3sl,t1_c9uym99,t1_c9uxyzk,0.14042553191489363,0.2631578947368421,-0.12273236282194847
p_2683,t3_1dx9dj,t1_c9ut84g,t1_c9v8b9b,0.19148936170212766,0.09848484848484848,0.09300451321727918
p_2684,t3_1dx9dj,t1_c9uvfc4,t1_c9usq08,0.08203125,0.16666666666666666,-0.08463541666666666
p_2685,t3_1duzzk,t1_c9u8l52,t1_c9u8yoe,0.026402640264026403,0.06666666666666667,-0.04026402640264026
p_2688,t3_1drv8o,t1_c9twcr8,t1_c9tdt5r,0.10638297872340426,0.10606060606060606,0.00032237266279819266
p_2690,t3_1dro9y,t1_c9t93tz,t1_c9tb0nm,0.11904761904761904,0.7272727272727273,-0.6082251082251082
p_2691,t3_1dro9y,t1_c9t95ad,t1_c9tb0nm,0.1744186046511628,0.7272727272727273,-0.5528541226215645
p_2692,t3_1dro9y,t1_c9tar20,t1_c9tb0nm,0.18478260869565216,0.7272727272727273,-0.5424901185770752
p_2693,t3_1dr38j,t1_c9t4zgp,t1_c9t15sb,0.2222222222222222,0.3103448275862069,-0.0881226053639847
p_2694,t3_1dr38j,t1_c9t6qfq,t1_c9t3tv5,0.11764705882352941,0.13414634146341464,-0.016499282639885232
p_2696,t3_1dqocq,t1_c9sxlof,t1_c9t1per,0.024793388429752067,0.15555555555555556,-0.1307621671258035
p_2698,t3_1dpa0j,t1_c9si9a1,t1_c9sjq6e,0.038461538461538464,0.1625,-0.12403846153846154
p_2699,t3_1dmdji,t1_c9s8tbs,t1_c9rvfop,0.038461538461538464,0.14754098360655737,-0.10907944514501891
p_2702,t3_1djzxv,t1_c9rfg9d,t1_c9r258n,0.14583333333333334,0.3888888888888889,-0.24305555555555555
p_2704,t3_1dj741,t1_c9qwjmm,t1_c9qu7yd,0.21008403361344538,0.22279792746113988,-0.012713893847694502
p_2706,t3_1ditdn,t1_c9r0krj,t1_c9qpsh8,0.12244897959183673,0.25,-0.12755102040816327
p_2707,t3_1dilyh,t1_c9qq93z,t1_c9qukp7,0.06521739130434782,0.012345679012345678,0.052871712292002146
p_2711,t3_1dfy2a,t1_c9pz92y,t1_c9pzk15,0.16393442622950818,0.15217391304347827,0.011760513186029914
p_2713,t3_1dfnx1,t1_c9pwrti,t1_c9pydqv,0.06382978723404255,0.08333333333333333,-0.01950354609929078
p_2714,t3_1deu6m,t1_c9pm9ei,t1_c9pq3i8,0.16883116883116883,0.15217391304347827,0.01665725578769056
p_2715,t3_1ddn6p,t1_c9r192d,t1_c9ptde6,0.09268292682926829,0.06593406593406594,0.026748860895202356
p_2717,t3_1dbeji,t1_c9opv9e,t1_c9oplaa,0.07692307692307693,0.13157894736842105,-0.05465587044534412
p_2718,t3_1dahpy,t1_c9oi7rq,t1_c9ohbfe,0.14655172413793102,0.18018018018018017,-0.03362845604224915
p_2720,t3_1daaz2,t1_c9om232,t1_c9oicxr,0.04433497536945813,0.028846153846153848,0.015488821523304282
p_2721,t3_1daa73,t1_c9of3p7,t1_c9of537,0.0375,0.07692307692307693,-0.03942307692307693
p_2722,t3_1da9km,t1_c9ogr0a,t1_c9oels5,0.09090909090909091,0.029850746268656716,0.06105834464043419
p_2723,t3_1d93tu,t1_c9o543i,t1_c9o48f1,0.10891089108910891,0.14035087719298245,-0.03143998610387354
p_2724,t3_1d93tu,t1_c9o9bv4,t1_c9o5bzv,0.11715481171548117,0.16470588235294117,-0.04755107063746
p_2725,t3_1d7g4o,t1_c9noa5m,t1_c9nwpbl,0.24742268041237114,0.15486725663716813,0.09255542377520301
p_2728,t3_1d4oyg,t1_c9mvjvz,t1_c9n2oa9,0.08823529411764706,0.12658227848101267,-0.0383469843633656
p_2729,t3_1d44p3,t1_c9mq0ns,t1_c9mtvks,0.13114754098360656,0.15,-0.01885245901639343
p_2731,t3_1d44p3,t1_c9mw0w9,t1_c9mpkz3,0.10493827160493827,0.2037037037037037,-0.09876543209876543
p_2732,t3_1d44p3,t1_c9n1elj,t1_c9mtvks,0.1301775147928994,0.15,-0.019822485207100587
p_2733,t3_1d44p3,t1_c9mu8cn,t1_c9mrjf5,0.125,0.1686746987951807,-0.04367469879518071
p_2734,t3_1d44p3,t1_c9msi95,t1_c9mtvks,0.10191082802547771,0.15,-0.04808917197452228
p_2738,t3_1d1i55,t1_c9mxv6l,t1_c9lzhfl,0.010869565217391304,0.011235955056179775,-0.0003663898387884709
p_2739,t3_1d1i55,t1_c9oegh1,t1_c9lzhfl,0.0,0.011235955056179775,-0.011235955056179775
p_2740,t3_1d0elu,t1_c9lsj8v,t1_c9lp7p0,0.18487394957983194,0.30434782608695654,-0.1194738765071246
p_2741,t3_1cymw8,t1_c9l9z8j,t1_c9l7omc,0.08275862068965517,0.24390243902439024,-0.16114381833473507
p_2743,t3_1cyjeb,t1_c9l6moi,t1_c9l7796,0.12941176470588237,0.17857142857142858,-0.04915966386554621
p_2748,t3_1cxteo,t1_c9l5sr6,t1_c9kz9h3,0.03571428571428571,0.13513513513513514,-0.09942084942084943
p_2746,t3_1cxteo,t1_c9l0ptr,t1_c9kztp0,0.05673758865248227,0.08620689655172414,-0.029469307899241876
p_2747,t3_1cxteo,t1_c9kzw1u,t1_c9l5bzb,0.08571428571428572,0.10344827586206896,-0.01773399014778325
p_2749,t3_1cwsse,t1_c9kr52k,t1_c9kr5qt,0.027777777777777776,0.17142857142857143,-0.14365079365079364
p_2750,t3_1cwsse,t1_c9kqato,t1_c9ks4cr,0.08888888888888889,0.1320754716981132,-0.043186582809224314
p_2751,t3_1cwsse,t1_c9kvex6,t1_c9ks4cr,0.06611570247933884,0.1320754716981132,-0.06595976921877436
p_2752,t3_1cvzbx,t1_c9km9nx,t1_c9khsqw,0.06153846153846154,0.13636363636363635,-0.07482517482517481
p_2753,t3_1ctkhw,t1_c9juokl,t1_c9jubz0,0.061224489795918366,0.075,-0.013775510204081631
p_2754,t3_1cskpb,t1_c9jkqxa,t1_c9jlje5,0.08695652173913043,0.10256410256410256,-0.015607580824972128
p_2755,t3_1crpmd,t1_c9jdeua,t1_c9jkwqp,0.13636363636363635,0.14285714285714285,-0.006493506493506496
p_2756,t3_1cq2e6,t1_c9ix0cz,t1_c9ixpvx,0.012658227848101266,0.07272727272727272,-0.06006904487917146
p_2760,t3_1cjeto,t1_c9h2lgb,t1_c9h6sc6,0.0661764705882353,0.09615384615384616,-0.029977375565610864
p_2761,t3_1chlts,t1_c9gmbnn,t1_c9gqj74,0.2616279069767442,0.21686746987951808,0.04476043709722613
p_2762,t3_1cgo5k,t1_c9gcsj9,t1_c9gc5rg,0.07407407407407407,0.21568627450980393,-0.14161220043572986
p_2765,t3_1cfa2w,t1_c9fzmpv,t1_c9g116t,0.09913793103448276,0.06837606837606838,0.03076186265841438
p_2766,t3_1cdk1m,t1_c9fscps,t1_c9fnhsl,0.20833333333333334,0.13953488372093023,0.06879844961240311
p_2767,t3_1cc9ma,t1_c9f4mbw,t1_c9f4gvx,0.10185185185185185,0.28125,-0.17939814814814814
p_2770,t3_1cc8uk,t1_c9fbcfp,t1_c9f55x0,0.12,0.12195121951219512,-0.0019512195121951237
p_2771,t3_1cbyg8,t1_c9f2fbr,t1_c9f2f7z,0.09090909090909091,0.13253012048192772,-0.04162102957283681
p_2772,t3_1cbyg8,t1_c9f37yw,t1_c9f2f7z,0.05144694533762058,0.13253012048192772,-0.08108317514430714
p_2773,t3_1cbyg8,t1_c9f2oxn,t1_c9f2f7z,0.049079754601226995,0.13253012048192772,-0.08345036588070073
p_2774,t3_1c9rnm,t1_c9efq9f,t1_c9enhzn,0.16923076923076924,0.125,0.04423076923076924
p_2776,t3_1c9lan,t1_c9eoxbt,t1_c9edlfu,0.17307692307692307,0.21333333333333335,-0.040256410256410274
p_2777,t3_1c8ym3,t1_c9e9zzx,t1_c9e9fk0,0.15254237288135594,0.25217391304347825,-0.0996315401621223
p_2778,t3_1c8ym3,t1_c9e9ga5,t1_c9ea09a,0.21138211382113822,0.2857142857142857,-0.07433217189314748
p_2779,t3_1c7z1a,t1_c9dyhme,t1_c9edsm6,0.20270270270270271,0.3411764705882353,-0.1384737678855326
p_2782,t3_1c5ps9,t1_c9da3im,t1_c9dg1q3,0.0821917808219178,0.08333333333333333,-0.001141552511415525
p_2783,t3_1c3mds,t1_c9cpeax,t1_c9cpssy,0.0918918918918919,0.2222222222222222,-0.1303303303303303
p_2784,t3_1c11cx,t1_c9c5trq,t1_c9c6lsq,0.08917197452229299,0.11475409836065574,-0.025582123838362752
p_2785,t3_1byb8b,t1_c9bdajc,t1_c9bdsul,0.11538461538461539,0.171875,-0.05649038461538461
p_2786,t3_1by7rb,t1_c9b8dbb,t1_c9ba21c,0.10606060606060606,0.16279069767441862,-0.05673009161381255
p_2787,t3_1bxkri,t1_c9b3vi9,t1_c9b4eux,0.1,0.037037037037037035,0.06296296296296297
p_2789,t3_1bxgut,t1_c9b118k,t1_c9b0bxi,0.189873417721519,0.23376623376623376,-0.04389281604471476
p_2788,t3_1bxgut,t1_c9b3hgo,t1_c9b7q7o,0.1564625850340136,0.2553191489361702,-0.09885656390215658
p_2790,t3_1bxgut,t1_c9b7tag,t1_c9b7q7o,0.12598425196850394,0.2553191489361702,-0.12933489696766626
p_2791,t3_1bwu2v,t1_c9avcwo,t1_c9auie0,0.024390243902439025,0.0045871559633027525,0.019803087939136273
p_2792,t3_1buffw,t1_c9a7bi9,t1_c9a70o8,0.19736842105263158,0.15789473684210525,0.03947368421052633
p_2793,t3_1brihl,t1_c9bfojt,t1_c99k4tp,0.24444444444444444,0.15151515151515152,0.09292929292929292
p_2794,t3_1bp6uw,t1_c98y60i,t1_c994sb5,0.08045977011494253,0.14606741573033707,-0.06560764561539455
p_2795,t3_1bodtx,t1_c98jlb4,t1_c98lik7,0.08737864077669903,0.06542056074766354,0.021958080029035487
p_2796,t3_1bljky,t1_c97sfu3,t1_c97rjrx,0.17777777777777778,0.2736842105263158,-0.09590643274853802
p_2798,t3_1bkpef,t1_c97l3q7,t1_c97m0dm,0.17647058823529413,0.17073170731707318,0.0057388809182209455
p_2799,t3_1bkdeq,t1_c97g05g,t1_c97ggko,0.11363636363636363,0.16,-0.04636363636363637
p_2803,t3_1bjaaz,t1_c977sxm,t1_c979i5l,0.1634980988593156,0.27450980392156865,-0.11101170506225305
p_2804,t3_1bitj0,t1_c971omg,t1_c978xo7,0.06164383561643835,0.04642857142857143,0.015215264187866923
p_2805,t3_1bggat,t1_c96k0ap,t1_c96jw6l,0.05263157894736842,0.1702127659574468,-0.11758118701007839
p_2806,t3_1bce8x,t1_c95l5od,t1_c95l7sx,0.08602150537634409,0.23529411764705882,-0.14927261227071473
p_2807,t3_1bcaat,t1_c95jx1p,t1_c95k33e,0.17543859649122806,0.10909090909090909,0.06634768740031897
p_2808,t3_1bc8lk,t1_c95jtsa,t1_c95k5tq,0.02666666666666667,0.03278688524590164,-0.006120218579234973
p_2809,t3_1bc7uw,t1_c95jgdf,t1_c95jk08,0.06666666666666667,0.10526315789473684,-0.03859649122807017
p_2810,t3_1b757j,t1_c947mfz,t1_c947z02,0.15,0.1875,-0.037500000000000006
p_2811,t3_1b5h4r,t1_c93tvyq,t1_c93sauz,0.11587982832618025,0.11009174311926606,0.0057880852069141925
p_2812,t3_1b532g,t1_c93p2p5,t1_c93uzd4,0.21153846153846154,0.25,-0.038461538461538464
p_2813,t3_1b4ngo,t1_c93mgx3,t1_c93juyb,0.21176470588235294,0.2631578947368421,-0.05139318885448915
p_2815,t3_1ayifp,t1_c91z4wm,t1_c91y4yc,0.22972972972972974,0.20385674931129477,0.02587298041843497
p_2817,t3_1avuk1,t1_c919bkc,t1_c918ch7,0.17647058823529413,0.3404255319148936,-0.16395494367959948
p_2818,t3_1aszfk,t1_c90i0vi,t1_c90i1xg,0.12345679012345678,0.24358974358974358,-0.1201329534662868
p_2819,t3_1assos,t1_c90fnc1,t1_c90rkrt,0.1016949152542373,0.07964601769911504,0.02204889755512225
p_2820,t3_1assos,t1_c90ewks,t1_c90rkrt,0.13008130081300814,0.07964601769911504,0.0504352831138931
p_2822,t3_1are2i,t1_c902a8w,t1_c901w5o,0.03977272727272727,0.050505050505050504,-0.010732323232323232
p_2823,t3_1are2i,t1_c9063xi,t1_c901w5o,0.07947019867549669,0.050505050505050504,0.028965148170446188
p_2827,t3_1am01f,t1_c8yqvyz,t1_c90q7d9,0.03125,0.06451612903225806,-0.03326612903225806
p_2830,t3_1ajjfw,t1_c8y1lzd,t1_c8xzdi6,0.05,0.15,-0.09999999999999999
p_2831,t3_1ajjfw,t1_c8y2o8t,t1_c8y2jox,0.0948905109489051,0.13043478260869565,-0.035544271659790544
p_2832,t3_1ahaci,t1_c8xhcoi,t1_c8xhwel,0.05128205128205128,0.15217391304347827,-0.10089186176142699
p_2833,t3_1ahaci,t1_c8ycdr7,t1_c8y9ehd,0.08571428571428572,0.08904109589041095,-0.003326810176125239
p_2834,t3_1adnuj,t1_c8wgwzb,t1_c8wgx6y,0.08771929824561403,0.1323529411764706,-0.04463364293085656
p_2835,t3_1adnuj,t1_c8wkxho,t1_c8wgx6y,0.11206896551724138,0.1323529411764706,-0.02028397565922921
p_2836,t3_1aah63,t1_c8vkumc,t1_c8w7eb9,0.175,0.25,-0.07500000000000001
p_2837,t3_1a823k,t1_c8uxrzz,t1_c8uxj2q,0.18548387096774194,0.2088607594936709,-0.02337688852592895
p_2838,t3_1a74or,t1_c8yb8lh,t1_c8wi3uo,0.023076923076923078,0.08695652173913043,-0.06387959866220735
p_2841,t3_1a1svv,t1_c8tcnlg,t1_c8tbh45,0.5454545454545454,0.15,0.3954545454545454
p_2842,t3_19x40l,t1_c8s3ojs,t1_c8sam0l,0.16666666666666666,0.23404255319148937,-0.06737588652482271
p_2843,t3_19umvm,t1_c8ri6ek,t1_c8rgbi8,0.041666666666666664,0.05172413793103448,-0.010057471264367818
p_2845,t3_19n9ak,t1_c8pkzma,t1_c8polhe,0.09230769230769231,0.14285714285714285,-0.050549450549450536
p_2846,t3_19huby,t1_c8ojliw,t1_c8oh7z7,0.09815950920245399,0.1267605633802817,-0.028601054177827698
p_2847,t3_19e3q6,t1_c8n7zld,t1_c8n6yn4,0.14367816091954022,0.1830065359477124,-0.039328375028172186
p_2850,t3_19avin,t1_c8mdkft,t1_c8mqodh,0.16363636363636364,0.1111111111111111,0.05252525252525253
p_2851,t3_19aahz,t1_c8m9s7p,t1_c8m98ui,0.10256410256410256,0.024390243902439025,0.07817385866166354
p_2853,t3_1960jw,t1_c8te8em,t1_c8lq3vy,0.09947643979057591,0.11290322580645161,-0.0134267860158757
p_2854,t3_18nf32,t1_c8gjif8,t1_c8glzi2,0.06349206349206349,0.10294117647058823,-0.03944911297852474
p_2855,t3_18n2uc,t1_c8g7yj9,t1_c8g7vdb,0.07272727272727272,0.2857142857142857,-0.21298701298701297
p_2856,t3_18n2uc,t1_c8gjaly,t1_c8hjbxc,0.05454545454545454,0.10465116279069768,-0.05010570824524314
p_2857,t3_18hfbb,t1_c8euhsu,t1_c8f4pon,0.18421052631578946,0.12,0.06421052631578947
p_2858,t3_18fnmc,t1_c8ehi0y,t1_c8fbyk9,0.06779661016949153,0.058823529411764705,0.00897308075772682
p_2859,t3_18fnmc,t1_c8eztwo,t1_c8efsxa,0.05405405405405406,0.05421686746987952,-0.0001628134158254621
p_2861,t3_18dj9h,t1_c8go2f3,t1_c8du0qd,0.1282051282051282,0.11940298507462686,0.00880214313050133
p_2862,t3_181jmd,t1_c8b2w35,t1_c8b80s2,0.17959183673469387,0.22580645161290322,-0.046214614878209354
p_2864,t3_353z1x,t1_cr0txe5,t1_cr0sypq,0.32075471698113206,0.3076923076923077,0.01306240928882435
p_2865,t3_35007e,t1_cqzpsh4,t1_cr08now,0.12396694214876033,0.10638297872340426,0.017583963425356078
p_2868,t3_34uoe6,t1_cqy8iqs,t1_cqydmf0,0.13114754098360656,0.17647058823529413,-0.045323047251687565
p_2869,t3_34uhcs,t1_cqy6f3z,t1_cqy5yg6,0.12121212121212122,0.21875,-0.09753787878787878
p_2871,t3_34r42c,t1_cqx9tcw,t1_cqxcheq,0.3225806451612903,0.2631578947368421,0.05942275042444822
p_2872,t3_34r42c,t1_cqx9isf,t1_cqxhmy0,0.34,0.40476190476190477,-0.06476190476190474
p_2873,t3_34qpil,t1_cqxbpip,t1_cqx6biz,0.21341463414634146,0.15517241379310345,0.058242220353238006
p_2875,t3_34nm86,t1_cqwfwqa,t1_cqwdlqs,0.2708333333333333,0.15841584158415842,0.1124174917491749
p_2876,t3_34mjz7,t1_cqw3q36,t1_cqw297k,0.25,0.25,0.0
p_2877,t3_34mi2s,t1_cqw2pwr,t1_cqw1jmd,0.12359550561797752,0.1375,-0.013904494382022486
p_2880,t3_34f19m,t1_cqumcdt,t1_cqu4xnk,0.16666666666666666,0.21428571428571427,-0.047619047619047616
p_2881,t3_34ew6y,t1_cqu16sw,t1_cqu66qp,0.2727272727272727,0.19148936170212766,0.08123791102514505
p_2883,t3_34dp1h,t1_cqtp0m2,t1_cqtpbha,0.17940199335548174,0.15384615384615385,0.025555839509327882
p_2885,t3_3458ym,t1_cqrehbr,t1_cqrp6kw,0.23684210526315788,0.21212121212121213,0.024720893141945754
p_2886,t3_344wiz,t1_cqras5q,t1_cqre4xb,0.12121212121212122,0.11290322580645161,0.008308895405669606
p_2887,t3_344wiz,t1_cqrc214,t1_cqrdlm0,0.16363636363636364,0.1,0.06363636363636363
p_2889,t3_3421jf,t1_cqqjotj,t1_cqqk365,0.028169014084507043,0.06349206349206349,-0.03532304940755644
p_2890,t3_341ysq,t1_cqqjryw,t1_cqqx1kp,0.09230769230769231,0.1111111111111111,-0.018803418803418792
p_2891,t3_341ysq,t1_cqqk0tn,t1_cqqijqw,0.07692307692307693,0.08737864077669903,-0.010455563853622105
p_2892,t3_341rgm,t1_cqr37bi,t1_cqqnhph,0.07142857142857142,0.061224489795918366,0.010204081632653059
p_2893,t3_341qpv,t1_cqqkadf,t1_cqqj5q6,0.08571428571428572,0.18,-0.09428571428571428
p_2896,t3_340hb6,t1_cqq5pcx,t1_cqq45sd,0.1134020618556701,0.21348314606741572,-0.10008108421174562
p_2897,t3_33yolt,t1_cqq8ib0,t1_cqpnhfk,0.27419354838709675,0.27631578947368424,-0.002122241086587484
p_2898,t3_33y71i,t1_cqpkqw3,t1_cqphhsd,0.2833333333333333,0.3132530120481928,-0.029919678714859455
p_2899,t3_33xvlb,t1_cqpizv2,t1_cqpe1w3,0.10582010582010581,0.17543859649122806,-0.06961849067112225
p_2900,t3_33x4zd,t1_cqq3w8x,t1_cqph109,0.08648648648648649,0.15584415584415584,-0.06935766935766935
p_2901,t3_33vwxp,t1_cqp9clo,t1_cqp3iwt,0.09375,0.25806451612903225,-0.16431451612903225
p_2902,t3_33vb7v,t1_cqop50f,t1_cqoq78g,0.09523809523809523,0.12,-0.024761904761904763
p_2903,t3_33vb7v,t1_cqoqk6x,t1_cqoq78g,0.09375,0.12,-0.026249999999999996
p_2906,t3_33t6ee,t1_cqo6dks,t1_cqocdox,0.1125,0.18867924528301888,-0.07617924528301888
p_2910,t3_33qkee,t1_cqnhkzy,t1_cqnfxbg,0.11764705882352941,0.42857142857142855,-0.31092436974789917
p_2911,t3_33odih,t1_cqmwrzp,t1_cqn43qi,0.12048192771084337,0.11320754716981132,0.0072743805410320495
p_2912,t3_33odih,t1_cqmx2gy,t1_cqn43qi,0.08888888888888889,0.11320754716981132,-0.02431865828092243
p_2914,t3_33m1d7,t1_cqmao20,t1_cqmqlk3,0.05714285714285714,0.15789473684210525,-0.10075187969924812
p_2915,t3_33ltmy,t1_cqm3qgs,t1_cqm6tlv,0.3466666666666667,0.3,0.04666666666666669
p_2916,t3_33ltmy,t1_cqm5fmo,t1_cqmj35v,0.13333333333333333,0.20192307692307693,-0.0685897435897436
p_2917,t3_33ltmy,t1_cqma7wu,t1_cqmj35v,0.2184873949579832,0.20192307692307693,0.016564318034906267
p_2918,t3_33ltmy,t1_cqm52oz,t1_cqmjkd0,0.17757009345794392,0.27586206896551724,-0.09829197550757332
p_2919,t3_33ltmy,t1_cqmees1,t1_cqmlryg,0.11888111888111888,0.2459016393442623,-0.1270205204631434
p_2920,t3_33ltmy,t1_cqmhim7,t1_cqmlryg,0.1792452830188679,0.2459016393442623,-0.06665635632539438
p_2921,t3_33ltmy,t1_cqme4zj,t1_cqmjkd0,0.19318181818181818,0.27586206896551724,-0.08268025078369906
p_2922,t3_33ltmy,t1_cqmf5u4,t1_cqm8bcb,0.14084507042253522,0.28,-0.1391549295774648
p_2923,t3_33ltmy,t1_cqmaxor,t1_cqmj35v,0.18604651162790697,0.20192307692307693,-0.015876565295169953
p_2925,t3_33ltmy,t1_cqmgnjb,t1_cqmjkd0,0.3125,0.27586206896551724,0.03663793103448276
p_2927,t3_33ky08,t1_cqlv92o,t1_cqm0p5u,0.2692307692307692,0.24242424242424243,0.026806526806526787
p_2928,t3_33jriw,t1_cqlmafs,t1_cqlrxku,0.3333333333333333,0.22580645161290322,0.1075268817204301
p_2929,t3_33jriw,t1_cqlrjh2,t1_cqlvlpo,0.21621621621621623,0.17647058823529413,0.0397456279809221
p_2930,t3_33gagt,t1_cqknwye,t1_cqkneou,0.16666666666666666,0.3220338983050847,-0.15536723163841806
p_2935,t3_33fzqf,t1_cqkkas1,t1_cqkomla,0.2518518518518518,0.3192771084337349,-0.06742525658188309
p_2934,t3_33fzqf,t1_cqkyc6a,t1_cqkomla,0.24719101123595505,0.3192771084337349,-0.07208609719777986
p_2932,t3_33fzqf,t1_cqkmagz,t1_cql6a4m,0.44,0.3684210526315789,0.07157894736842108
p_2933,t3_33fzqf,t1_cqksog6,t1_cql5nf4,0.4827586206896552,0.3103448275862069,0.1724137931034483
p_2936,t3_33fvr1,t1_cql32pv,t1_cqkpqqx,0.25742574257425743,0.2698412698412698,-0.012415527267012394
p_2937,t3_33f4nn,t1_cqkapdq,t1_cqktzi5,0.06635071090047394,0.125,-0.05864928909952606
p_2938,t3_33d5wv,t1_cqjs9av,t1_cqjqmmc,0.06060606060606061,0.041666666666666664,0.018939393939393943
p_2939,t3_33c9pv,t1_cqjn7rh,t1_cqji5jr,0.14953271028037382,0.2631578947368421,-0.11362518445646827
p_2940,t3_33b9np,t1_cqj96fh,t1_cqj9uef,0.12307692307692308,0.13725490196078433,-0.014177978883861242
p_2942,t3_337yvz,t1_cqift17,t1_cqigsgq,0.21100917431192662,0.19444444444444445,0.01656472986748217
p_2943,t3_337yvz,t1_cqigbq2,t1_cqigknb,0.1910828025477707,0.3541666666666667,-0.16308386411889597
p_2947,t3_335312,t1_cqhqb8z,t1_cqhmvlk,0.031413612565445025,0.07482993197278912,-0.04341631940734409
p_2948,t3_334q3e,t1_cqhpv4a,t1_cqhioox,0.1326530612244898,0.1111111111111111,0.0215419501133787
p_2949,t3_333cqy,t1_cqh6yao,t1_cqh6bst,0.1994750656167979,0.32075471698113206,-0.12127965136433416
p_2952,t3_330zv9,t1_cqgjrcd,t1_cqgm5ch,0.13793103448275862,0.14814814814814814,-0.010217113665389521
p_2953,t3_32yo7o,t1_cqghj8r,t1_cqggpsa,0.07964601769911504,0.11688311688311688,-0.03723709918400184
p_2955,t3_32x792,t1_cqfgbx0,t1_cqfhboc,0.038461538461538464,0.043478260869565216,-0.0050167224080267525
p_2957,t3_32x5bg,t1_cqffwwh,t1_cqfjbx4,0.35714285714285715,0.5121951219512195,-0.15505226480836237
p_2959,t3_32w62j,t1_cqf8h6r,t1_cqf8ttp,0.20408163265306123,0.13043478260869565,0.07364685004436558
p_2960,t3_32tuwr,t1_cqekvu6,t1_cqev05z,0.18095238095238095,0.20652173913043478,-0.025569358178053836
p_2961,t3_32rqew,t1_cqe1or9,t1_cqedg0y,0.25,0.171875,0.078125
p_2962,t3_32qem9,t1_cqdngsq,t1_cqdmrey,0.07246376811594203,0.2682926829268293,-0.19582891481088727
p_2963,t3_32nvz9,t1_cqd3dgw,t1_cqdlwp9,0.11818181818181818,0.13793103448275862,-0.01974921630094044
p_2964,t3_32mxxb,t1_cqcq0fj,t1_cqcpdn2,0.3953488372093023,0.38571428571428573,0.009634551495016574
p_2966,t3_32ml8o,t1_cqcp8hx,t1_cqcmdxj,0.06569343065693431,0.15625,-0.09055656934306569
p_2967,t3_32ml8o,t1_cqcmvme,t1_cqcmdxj,0.09285714285714286,0.15625,-0.06339285714285714
p_2969,t3_32kaxa,t1_cqc1ps3,t1_cqbztib,0.09302325581395349,0.1388888888888889,-0.04586563307493541
p_2970,t3_32jy1s,t1_cqc7xo9,t1_cqc76t8,0.2544642857142857,0.1827956989247312,0.07166858678955451
p_2972,t3_32jy1s,t1_cqc312r,t1_cqc2knn,0.26666666666666666,0.32,-0.053333333333333344
p_2973,t3_32hrcu,t1_cqbf680,t1_cqc157c,0.17391304347826086,0.1111111111111111,0.06280193236714976
p_2974,t3_32hrcu,t1_cqbuas1,t1_cqberet,0.10666666666666667,0.09259259259259259,0.014074074074074086
p_2975,t3_32hhvc,t1_cqb981l,t1_cqb97nw,0.19672131147540983,0.22340425531914893,-0.026682943843739093
p_2977,t3_32heuy,t1_cqbcbkl,t1_cqb8b3a,0.15,0.10144927536231885,0.04855072463768115
p_2978,t3_32e9dz,t1_cqag1ei,t1_cqaeq9p,0.22727272727272727,0.22033898305084745,0.006933744221879812
p_2979,t3_32dzr6,t1_cqabzcm,t1_cqavot8,0.1643835616438356,0.18181818181818182,-0.017434620174346216
p_2980,t3_32dzr6,t1_cqabzdy,t1_cqavot8,0.20588235294117646,0.18181818181818182,0.024064171122994638
p_2981,t3_32cuug,t1_cqa2kcg,t1_cqamp4r,0.1676300578034682,0.21052631578947367,-0.042896257986005465
p_2985,t3_32br6b,t1_cq9r1xc,t1_cq9xojx,0.1952662721893491,0.19718309859154928,-0.0019168264022001724
p_2987,t3_3295fa,t1_cq95v66,t1_cq97eov,0.014388489208633094,0.0056179775280898875,0.008770511680543207
p_2989,t3_328mdv,t1_cq8wilr,t1_cq8wllc,0.2153846153846154,0.23333333333333334,-0.01794871794871794
p_2990,t3_328mdv,t1_cq90btb,t1_cq8xsei,0.11282051282051282,0.15306122448979592,-0.0402407116692831
p_2991,t3_328mdv,t1_cq924w9,t1_cq8wmf8,0.12,0.15463917525773196,-0.03463917525773197
p_2992,t3_328mdv,t1_cq962cf,t1_cq909zj,0.20754716981132076,0.1346153846153846,0.07293178519593616
p_2993,t3_328cqj,t1_cq8twul,t1_cq8u7k8,0.13157894736842105,0.1111111111111111,0.02046783625730994
p_2994,t3_328cqj,t1_cq8u123,t1_cq8vtom,0.0625,0.14285714285714285,-0.08035714285714285
p_2995,t3_328cqj,t1_cq8urjg,t1_cq8uwgb,0.18,0.1951219512195122,-0.015121951219512209
p_2996,t3_325owi,t1_cq85rgn,t1_cq85o61,0.3333333333333333,0.3333333333333333,0.0
p_2997,t3_324yj6,t1_cq7zfq6,t1_cq8dhwu,0.12418300653594772,0.2882882882882883,-0.16410528175234057
p_2998,t3_3247v7,t1_cq81v9f,t1_cq7q1h2,0.18384401114206128,0.25688073394495414,-0.07303672280289286
p_2999,t3_3247v7,t1_cq7rkyr,t1_cq7q1h2,0.3142857142857143,0.25688073394495414,0.05740498034076014
p_3001,t3_321v5o,t1_cq7b3vb,t1_cq75mj1,0.18120805369127516,0.29411764705882354,-0.11290959336754838
p_3004,t3_320ncw,t1_cq6vyp0,t1_cq6qa48,0.13131313131313133,0.2571428571428571,-0.1258297258297258
p_3005,t3_320ncw,t1_cq6qbjc,t1_cq7attb,0.22580645161290322,0.20967741935483872,0.016129032258064502
p_3006,t3_320cdd,t1_cq6n5nk,t1_cq6tjhk,0.09375,0.06030150753768844,0.03344849246231156
p_3007,t3_320ag4,t1_cq6qvbi,t1_cq73ikh,0.14189189189189189,0.21739130434782608,-0.0754994124559342
p_3008,t3_31z0jc,t1_cq6cink,t1_cq6dcu3,0.14285714285714285,0.10714285714285714,0.03571428571428571
p_3009,t3_31z0jc,t1_cq6elfk,t1_cq6fijn,0.14754098360655737,0.18421052631578946,-0.03666954270923209
p_3010,t3_31y24o,t1_cq6353c,t1_cq69x2n,0.07575757575757576,0.11578947368421053,-0.040031897926634766
p_3013,t3_31tru7,t1_cq4z6e3,t1_cq4ypy8,0.18421052631578946,0.3191489361702128,-0.13493840985442332
p_3015,t3_31pc9q,t1_cq3qpv3,t1_cq3pcmq,0.24324324324324326,0.3181818181818182,-0.07493857493857492
p_3016,t3_31p2g2,t1_cq3sydv,t1_cq3oxs7,0.08950617283950617,0.11811023622047244,-0.02860406338096627
p_3017,t3_31p0pl,t1_cq3n1ay,t1_cq3nys0,0.18181818181818182,0.2711864406779661,-0.08936825885978428
p_3020,t3_31oejp,t1_cq3gtyk,t1_cq3t550,0.06818181818181818,0.07142857142857142,-0.003246753246753248
p_3021,t3_31oejp,t1_cq462r7,t1_cq3zns0,0.06578947368421052,0.13157894736842105,-0.06578947368421052
p_3022,t3_31ocvw,t1_cq3fcas,t1_cq3hias,0.2608695652173913,0.16216216216216217,0.09870740305522913
p_3024,t3_31n763,t1_cq339uk,t1_cq33n1j,0.2727272727272727,0.23529411764705882,0.03743315508021389
p_3026,t3_31m7ag,t1_cq2w03g,t1_cq2v22k,0.11666666666666667,0.08823529411764706,0.028431372549019604
p_3027,t3_31kfkt,t1_cq2ethi,t1_cq38ca1,0.47368421052631576,0.37735849056603776,0.096325719960278
p_3028,t3_31kfkt,t1_cq2m1cu,t1_cq2q8ub,0.23170731707317074,0.27672955974842767,-0.045022242675256924
p_3029,t3_31kfkt,t1_cq2iwml,t1_cq2xd07,0.1935483870967742,0.32142857142857145,-0.12788018433179726
p_3031,t3_31j4y8,t1_cq2dy2t,t1_cq2seqm,0.14166666666666666,0.2727272727272727,-0.13106060606060604
p_3032,t3_31iyzr,t1_cq20phi,t1_cq241hx,0.2663755458515284,,
p_3033,t3_31iyzr,t1_cq2hqkc,t1_cq2ggm1,0.3069306930693069,0.2611464968152866,0.045784196254020304
p_3034,t3_31extq,t1_cq0xwpm,t1_cq0zj18,0.1875,0.10194174757281553,0.08555825242718447
p_3036,t3_319lcf,t1_cpzoe1h,t1_cpzou3x,0.21666666666666667,0.189873417721519,0.026793248945147674
p_3038,t3_317c4q,t1_cpz4dkk,t1_cq08xc2,0.13076923076923078,0.0970873786407767,0.03368185212845408
p_3039,t3_316t8m,t1_cpz81dp,t1_cpz1tm8,0.03488372093023256,0.2727272727272727,-0.23784355179704014
p_3043,t3_30zgez,t1_cpx91x7,t1_cpx8d30,0.35714285714285715,0.2638888888888889,0.09325396825396826
p_3046,t3_30uf3s,t1_cpvyas0,t1_cpvxc6j,0.20588235294117646,0.1875,0.01838235294117646
p_3047,t3_30rmk0,t1_cpv7mht,t1_cpv6fnx,0.1276595744680851,0.17857142857142858,-0.05091185410334348
p_3048,t3_30rk8b,t1_cpv5sfc,t1_cpvae5t,0.16666666666666666,0.20833333333333334,-0.041666666666666685
p_3051,t3_30plxu,t1_cpumi9h,t1_cpv3rnn,0.08403361344537816,0.1348314606741573,-0.05079784722877914
p_3052,t3_30plxu,t1_cpusr84,t1_cpvc5cu,0.12244897959183673,0.2727272727272727,-0.15027829313543598
p_3053,t3_30piom,t1_cpuvrbx,t1_cpuk6e9,0.12962962962962962,0.21568627450980393,-0.08605664488017431
p_3054,t3_30piom,t1_cpukcf7,t1_cpuk6e9,0.06086956521739131,0.21568627450980393,-0.15481670929241262
p_3055,t3_30oi71,t1_cpudcxf,t1_cpuhqza,0.5303030303030303,0.5909090909090909,-0.06060606060606066
p_3056,t3_30oi71,t1_cpudthh,t1_cpuin82,0.438871473354232,0.45622119815668205,-0.01734972480245006
p_3057,t3_30oi71,t1_cpufpbf,t1_cpuh9jr,0.45390070921985815,0.5045045045045045,-0.050603795284646313
p_3058,t3_30oi71,t1_cpumucv,t1_cpubj6z,0.5666666666666667,0.6818181818181818,-0.11515151515151512
p_3059,t3_30nwta,t1_cpu5jus,t1_cpufh76,0.075,0.06521739130434782,0.009782608695652173
p_3060,t3_30lwfn,t1_cptlz3s,t1_cpu097g,0.375,0.36,0.015000000000000013
p_3061,t3_30kxn3,t1_cptgjwa,t1_cptkn0r,0.18691588785046728,0.2926829268292683,-0.10576703897880099
p_3062,t3_30kxn3,t1_cpud2ds,t1_cpuj9yz,0.21323529411764705,0.22413793103448276,-0.010902636916835712
p_3064,t3_30ikr2,t1_cpssgy6,t1_cpstqu7,0.2638888888888889,0.22413793103448276,0.03975095785440613
p_3066,t3_30ijtn,t1_cpsuz6r,t1_cptjxj0,0.10679611650485436,0.14705882352941177,-0.040262707024557406
p_3067,t3_30ijtn,t1_cpsvg1e,t1_cpt2lkh,0.0967741935483871,0.09649122807017543,0.00028296547821166085
p_3069,t3_30ieon,t1_cpspikm,t1_cpspmsa,0.22857142857142856,0.15151515151515152,0.07705627705627704
p_3070,t3_30ieon,t1_cpsqhcv,t1_cpsr9x0,0.125,0.125,0.0
p_3071,t3_30ieon,t1_cpsq3bq,t1_cpsptk3,0.09322033898305085,0.10185185185185185,-0.008631512868800997
p_3072,t3_30ieon,t1_cpssq8c,t1_cpsr9x0,0.3333333333333333,0.125,0.20833333333333331
p_3073,t3_30ieh0,t1_cpss8ht,t1_cpsq8hn,0.2,0.16666666666666666,0.033333333333333354
p_3074,t3_30dwuy,t1_cprwysn,t1_cprwrn8,0.07886435331230283,0.143646408839779,-0.06478205552747617
p_3075,t3_30dwuy,t1_cprim4b,t1_cpris3v,0.2191780821917808,0.14814814814814814,0.07102993404363267
p_3076,t3_30dwuy,t1_cps4x4a,t1_cprittq,0.2631578947368421,0.3684210526315789,-0.10526315789473684
p_3077,t3_30dn4s,t1_cpri1a1,t1_cprghef,0.11627906976744186,0.15584415584415584,-0.03956508607671398
p_3078,t3_30dc3y,t1_cpreini,t1_cprdlqm,0.09090909090909091,0.10869565217391304,-0.01778656126482213
p_3079,t3_30dc3y,t1_cprho0c,t1_cprczq0,0.1686746987951807,0.2413793103448276,-0.07270461154964689
p_3080,t3_30bmbr,t1_cpqwrqy,t1_cpqwt64,0.0975609756097561,0.06779661016949153,0.029764365440264576
p_3081,t3_30bmbr,t1_cpqx53s,t1_cpsdnqv,0.13114754098360656,0.1,0.03114754098360656
p_3082,t3_30bmbr,t1_cpr9rhs,t1_cpr0he2,0.10810810810810811,0.10256410256410256,0.0055440055440055536
p_3083,t3_30bmbr,t1_cprfcjr,t1_cpr0he2,0.13432835820895522,0.10256410256410256,0.03176425564485266
p_3084,t3_30bmbr,t1_cpqx6q7,t1_cpr0he2,0.12698412698412698,0.10256410256410256,0.024420024420024417
p_3085,t3_30bmbr,t1_cpqxz84,t1_cpr0he2,0.08333333333333333,0.10256410256410256,-0.019230769230769232
p_3086,t3_30bmbr,t1_cpqwxxi,t1_cpr0he2,0.04918032786885246,0.10256410256410256,-0.0533837746952501
p_3087,t3_30addl,t1_cpqlm0n,t1_cpqmxt8,0.05357142857142857,0.07692307692307693,-0.02335164835164836
p_3088,t3_30abxj,t1_cpql1jr,t1_cpqkw2q,0.2898550724637681,0.2857142857142857,0.004140786749482428
p_3089,t3_30a5zk,t1_cpqjney,t1_cpqkg7f,0.1897810218978102,0.1796875,0.01009352189781021
p_3090,t3_309gc1,t1_cpr1ni1,t1_cpqcrp3,0.05699481865284974,0.04310344827586207,0.01389137037698767
p_3091,t3_309bvo,t1_cpqqtlm,t1_cpqbaln,0.2839506172839506,0.2692307692307692,0.014719848053181384
p_3093,t3_306owt,t1_cppof4n,t1_cpq6ae3,0.2923076923076923,0.4375,-0.14519230769230768
p_3094,t3_306o9o,t1_cpq1gb9,t1_cpqt20q,0.2,0.17647058823529413,0.023529411764705882
p_3095,t3_306jm9,t1_cppkm2t,t1_cppkw7s,0.15555555555555556,0.1625,-0.0069444444444444475
p_3096,t3_306b19,t1_cppjkxe,t1_cppv03t,0.13709677419354838,0.13714285714285715,-4.6082949308773324e-05
p_3097,t3_306b19,t1_cppt43v,t1_cppiyoy,0.22857142857142856,0.19230769230769232,0.036263736263736246
p_3098,t3_305ejo,t1_cppptb8,t1_cppbmsd,0.38235294117647056,0.28846153846153844,0.09389140271493213
p_3099,t3_304vk8,t1_cpp4467,t1_cpp4mqn,0.20192307692307693,0.5413533834586466,-0.33943030653556966
p_3100,t3_304vk8,t1_cpp57rx,t1_cpp6nth,0.21296296296296297,0.34210526315789475,-0.12914230019493178
p_3102,t3_304vk8,t1_cpp5fv2,t1_cppe5uc,0.26785714285714285,0.25,0.01785714285714285
p_3104,t3_304nx9,t1_cpp3be4,t1_cppcie7,0.2,0.20967741935483872,-0.009677419354838707
p_3105,t3_302atl,t1_cponldu,t1_cpogvf1,0.13259668508287292,0.2,-0.06740331491712709
p_3106,t3_302atl,t1_cpom4hm,t1_cpoj5rs,0.17567567567567569,0.2894736842105263,-0.11379800853485064
p_3107,t3_301n6h,t1_cpolqex,t1_cpoikva,0.18840579710144928,0.2553191489361702,-0.06691335183472091
p_3108,t3_301aim,t1_cpo9ccq,t1_cpoaljq,0.10160427807486631,0.16129032258064516,-0.05968604450577884
p_3109,t3_300pmw,t1_cpo5gbr,t1_cpo0aso,0.18493150684931506,0.1864406779661017,-0.0015091711167866395
p_3110,t3_30059g,t1_cpo18q6,t1_cpo1wjy,0.11194029850746269,0.2,-0.08805970149253732
p_3111,t3_30059g,t1_cpo9jne,t1_cppa1ar,0.07636363636363637,0.18055555555555555,-0.10419191919191918
p_3113,t3_3002wd,t1_cpnx795,t1_cpo9jc4,0.13559322033898305,0.2037037037037037,-0.06811048336472064
p_3115,t3_2zxa1c,t1_cpn5f5x,t1_cpn5ksl,0.13131313131313133,0.20652173913043478,-0.07520860781730346
p_3117,t3_2zwjql,t1_cpmyqyw,t1_cpmyrsa,0.19540229885057472,0.1935483870967742,0.0018539117538005356
p_3118,t3_2zpo9g,t1_cpl6qj2,t1_cplbwrd,0.0963855421686747,0.2978723404255319,-0.2014867982568572
p_3122,t3_2zpo9g,t1_cpl8ybn,t1_cpl4rwr,0.17391304347826086,0.10077519379844961,0.07313784967981125
p_3123,t3_2zpo9g,t1_cplrjw9,t1_cpl4rwr,0.09923664122137404,0.10077519379844961,-0.0015385525770755665
p_3119,t3_2zpo9g,t1_cpl854i,t1_cpl7tlw,0.10344827586206896,0.15384615384615385,-0.05039787798408489
p_3121,t3_2zpo9g,t1_cpl8iis,t1_cplq1xf,0.09448818897637795,0.06569343065693431,0.028794758319443642
p_3124,t3_2zp1g2,t1_cpkyv4o,t1_cpl0p62,0.05405405405405406,0.1891891891891892,-0.13513513513513514
p_3125,t3_2zow2m,t1_cpl22pp,t1_cpkxsis,0.09358288770053476,0.14960629921259844,-0.05602341151206368
p_3126,t3_2znn1r,t1_cpkp3j2,t1_cpkoqed,0.15249266862170088,0.2111801242236025,-0.05868745560190161
p_3127,t3_2zlzlv,t1_cpk8hwi,t1_cpk6a3p,0.3,0.423728813559322,-0.12372881355932203
p_3128,t3_2zlzlv,t1_cpk93ep,t1_cpk6a3p,0.23043478260869565,0.423728813559322,-0.19329403095062636
p_3129,t3_2zkscb,t1_cpjt71i,t1_cpjth0r,0.17391304347826086,0.2631578947368421,-0.08924485125858123
p_3130,t3_2zke3b,t1_cpjq913,t1_cpktfa4,0.05555555555555555,0.1774193548387097,-0.12186379928315413
p_3131,t3_2zj7ra,t1_cpjeo7s,t1_cpjezx4,0.13333333333333333,0.13253012048192772,0.0008032128514056103
p_3132,t3_2zivuy,t1_cpjd5bs,t1_cpjkvlu,0.05660377358490566,0.15384615384615385,-0.09724238026124819
p_3135,t3_2ziiud,t1_cpjgxr8,t1_cpjahut,0.2765957446808511,0.2777777777777778,-0.0011820330969267157
p_3138,t3_2zi3o2,t1_cpj9uww,t1_cpj94l8,0.22807017543859648,0.29310344827586204,-0.06503327283726557
p_3139,t3_2zhhcc,t1_cpixs4l,t1_cpiyfa2,0.1348314606741573,0.11827956989247312,0.016551890781684175
p_3141,t3_2zhhcc,t1_cpj0ejq,t1_cpiyco1,0.02702702702702703,0.10344827586206896,-0.07642124883504194
p_3140,t3_2zhhcc,t1_cpizz9m,t1_cpiyxlc,0.11428571428571428,0.24074074074074073,-0.12645502645502643
p_3143,t3_2zhaim,t1_cpix9ia,t1_cpivskg,0.18571428571428572,0.31666666666666665,-0.13095238095238093
p_3144,t3_2zgvgy,t1_cpissdd,t1_cpirsph,0.2,0.2916666666666667,-0.09166666666666667
p_3145,t3_2zgowg,t1_cpiuav4,t1_cpiq1oq,0.16666666666666666,0.13793103448275862,0.02873563218390804
p_3146,t3_2zgndx,t1_cpiqn17,t1_cpj5r70,0.21951219512195122,0.1509433962264151,0.06856879889553613
p_3149,t3_2zgan1,t1_cpiqsg0,t1_cpimxfr,0.358695652173913,0.28125,0.07744565217391303
p_3150,t3_2zflih,t1_cpih4fg,t1_cpih5fr,0.07894736842105263,0.06451612903225806,0.014431239388794564
p_3152,t3_2zejsa,t1_cpi6gay,t1_cpi6o6i,0.25806451612903225,0.19298245614035087,0.06508205998868138
p_3154,t3_2zdsjs,t1_cpidnuu,t1_cphz7yi,0.17333333333333334,0.15789473684210525,0.015438596491228085
p_3155,t3_2zdsjs,t1_cpiftnl,t1_cpi0g46,0.09848484848484848,0.08717948717948718,0.011305361305361306
p_3156,t3_2zdhff,t1_cphy235,t1_cphw99k,0.09876543209876543,0.125,-0.026234567901234573
p_3158,t3_2zaqct,t1_cph7lsp,t1_cph6x3y,0.056179775280898875,0.12244897959183673,-0.06626920431093786
p_3160,t3_2z2msj,t1_cpfd4uy,t1_cpf7g2a,0.2523364485981308,0.2510460251046025,0.0012904234935283143
p_3161,t3_2z2e9y,t1_cpf2whk,t1_cpf8cro,0.07865168539325842,0.09302325581395349,-0.014371570420695062
p_3162,t3_2z1yoq,t1_cpezn48,t1_cpezlhg,0.09740259740259741,0.0821917808219178,0.015210816580679604
p_3163,t3_2z1yoq,t1_cpf0qg3,t1_cpezlhg,0.14130434782608695,0.0821917808219178,0.05911256700416914
p_3164,t3_2z0k1s,t1_cpeslkw,t1_cpeslxz,0.14285714285714285,0.35555555555555557,-0.21269841269841272
p_3167,t3_2ywkr1,t1_cpdxs52,t1_cpdmm80,0.19491525423728814,0.2222222222222222,-0.027306967984934066
p_3168,t3_2ytkfu,t1_cpcu8rh,t1_cpd1eku,0.17857142857142858,0.12903225806451613,0.04953917050691245
p_3169,t3_2ytkfu,t1_cpctmwq,t1_cpcxopb,0.08108108108108109,0.06666666666666667,0.01441441441441442
p_3170,t3_2yszp3,t1_cpcsn2z,t1_cpcuf7e,0.04891304347826087,0.059602649006622516,-0.010689605528361644
p_3171,t3_2yrv0y,t1_cpcgnrg,t1_cpced64,0.1380952380952381,0.21468926553672316,-0.07659402744148505
p_3172,t3_2yrv0y,t1_cpcjpjf,t1_cpced64,0.2545454545454545,0.21468926553672316,0.03985618900873136
p_3174,t3_2yrv0y,t1_cpclzng,t1_cpced64,0.23333333333333334,0.21468926553672316,0.01864406779661018
p_3173,t3_2yrv0y,t1_cpcjvrd,t1_cpcgmdh,0.2037037037037037,0.28125,-0.07754629629629631
p_3175,t3_2yrog1,t1_cpcgl5a,t1_cpch611,0.18556701030927836,0.25925925925925924,-0.07369224894998089
p_3177,t3_2yrgi3,t1_cpcaxrs,t1_cpcbda3,0.38181818181818183,0.3141025641025641,0.06771561771561774
p_3178,t3_2yp08w,t1_cpblyoq,t1_cpbm3vx,0.27586206896551724,0.2127659574468085,0.06309611151870873
p_3179,t3_2yowak,t1_cpbktny,t1_cpbk5kw,0.21428571428571427,0.4117647058823529,-0.19747899159663865
p_3181,t3_2yo9nm,t1_cpbgpkf,t1_cpbjpt4,0.14545454545454545,0.23030303030303031,-0.08484848484848487
p_3182,t3_2yo9k1,t1_cpbhs8l,t1_cpberxa,0.15577889447236182,0.2676056338028169,-0.11182673933045506
p_3184,t3_2ymgjr,t1_cpax7jo,t1_cpax3xp,0.4666666666666667,0.5084745762711864,-0.041807909604519744
p_3186,t3_2ylpc2,t1_cparq20,t1_cpbnfyg,0.1282051282051282,0.22388059701492538,-0.09567546880979719
p_3187,t3_2ylpc2,t1_cpb3atq,t1_cpb6ctl,0.125,0.12781954887218044,-0.002819548872180444
p_3188,t3_2ylpc2,t1_cpbibr5,t1_cpas8xx,0.14545454545454545,0.16666666666666666,-0.02121212121212121
p_3190,t3_2yjfmh,t1_cpa36dq,t1_cpa3an8,0.09782608695652174,0.16,-0.06217391304347826
p_3191,t3_2yiq39,t1_cpa9xce,t1_cpa631o,0.12345679012345678,0.13114754098360656,-0.007690750860149781
p_3192,t3_2yf7qq,t1_cp99lvc,t1_cp93f2r,0.08157099697885196,0.18604651162790697,-0.10447551464905501
p_3193,t3_2yd5o8,t1_cp8vpwz,t1_cp958ck,0.13395638629283488,0.2638888888888889,-0.12993250259605402
p_3195,t3_2ybbix,t1_cp82nwy,t1_cp82f52,0.2517985611510791,0.27586206896551724,-0.024063507814438112
p_3197,t3_2y7emy,t1_cp7dtp8,t1_cp6zfsl,0.0945945945945946,0.14814814814814814,-0.05355355355355354
p_3198,t3_2y3ey0,t1_cp602x0,t1_cp5xnrf,0.22784810126582278,0.2777777777777778,-0.04992967651195501
p_3200,t3_2y2x3h,t1_cp7ahf4,t1_cp5u0ky,0.13043478260869565,0.2781456953642384,-0.14771091275554274
p_3202,t3_2y1qef,t1_cp5gz36,t1_cp5f7p9,0.1506849315068493,0.08029197080291971,0.0703929607039296
p_3203,t3_2y1qef,t1_cp5grqp,t1_cp5h19u,0.13924050632911392,0.2361111111111111,-0.09687060478199719
p_3206,t3_2xucsd,t1_cp3kg1w,t1_cp40o0d,0.21333333333333335,0.15217391304347827,0.061159420289855077
p_3209,t3_2xrgw2,t1_cp37nug,t1_cp2vkvv,0.11570247933884298,0.21951219512195122,-0.10380971578310824
p_3210,t3_2xrgw2,t1_cp37f33,t1_cp2xn1u,0.11304347826086956,0.13986013986013987,-0.026816661599270306
p_3213,t3_2xmiyf,t1_cp1j8w5,t1_cp1iumq,0.17647058823529413,0.19607843137254902,-0.019607843137254888
p_3214,t3_2xmiyf,t1_cp1jnin,t1_cp1g0ku,0.2222222222222222,0.3392857142857143,-0.11706349206349209
p_3215,t3_2xlisq,t1_cp1abkg,t1_cp1754z,0.1875,0.18421052631578946,0.0032894736842105365
p_3216,t3_2xl4rw,t1_cp15lwr,t1_cp11sf7,0.037037037037037035,0.08602150537634409,-0.04898446833930706
p_3218,t3_2xi4wd,t1_cp0ef5z,t1_cp0slmn,0.2786885245901639,0.3870967741935484,-0.10840824960338447
p_3219,t3_2xi4wd,t1_cp0fl3c,t1_cp0bc52,0.39344262295081966,0.2857142857142857,0.10772833723653397
p_3220,t3_2xi4wd,t1_cp0t5wj,t1_cp0kyaf,0.2558139534883721,0.27631578947368424,-0.020501835985312133
p_3222,t3_2xhx6v,t1_cp0bt5j,t1_cp08ljs,0.1111111111111111,0.35294117647058826,-0.24183006535947715
p_3224,t3_2xdq2l,t1_coz8sbl,t1_coz76r3,0.21505376344086022,0.14285714285714285,0.07219662058371737
p_3230,t3_2x8z4g,t1_coxy4hg,t1_coxyxff,0.21739130434782608,0.08695652173913043,0.13043478260869565
p_3231,t3_2x8z4g,t1_coy04h5,t1_coy2j1k,0.2,0.19230769230769232,0.007692307692307693
p_3232,t3_2x8d5x,t1_coxvk7s,t1_coxt9pp,0.07317073170731707,0.32653061224489793,-0.25335988053758085
p_3233,t3_2x854p,t1_coxwtm2,t1_coy1knj,0.10064935064935066,0.1836734693877551,-0.08302411873840446
p_3234,t3_2x854p,t1_coxtndh,t1_coy1knj,0.06857142857142857,0.1836734693877551,-0.11510204081632654
p_3235,t3_2x5tun,t1_coxelmy,t1_coxhqfc,0.18181818181818182,0.45806451612903226,-0.27624633431085044
p_3241,t3_2x3mqe,t1_cown511,t1_cox3bqe,0.12173913043478261,0.2,-0.0782608695652174
p_3244,t3_2wzag2,t1_covh1ws,t1_covh7lg,0.22857142857142856,0.2916666666666667,-0.06309523809523812
p_3245,t3_2wwm6s,t1_cousnad,t1_couzrzu,0.09420289855072464,0.0966183574879227,-0.0024154589371980645
p_3246,t3_2wwm6s,t1_cov25ri,t1_couwhek,0.07058823529411765,0.13333333333333333,-0.06274509803921569
p_3247,t3_2wwm6s,t1_covr47l,t1_covi6v6,0.05421686746987952,0.061046511627906974,-0.006829644158027455
p_3248,t3_2ww2gf,t1_coumecu,t1_coupssh,0.20224719101123595,0.1865671641791045,0.01568002683213146
p_3249,t3_2ww2gf,t1_coumzr3,t1_coun5bz,0.21311475409836064,0.37142857142857144,-0.1583138173302108
p_3250,t3_2ww2gf,t1_coupfz0,t1_counjd7,0.19791666666666666,0.20754716981132076,-0.009630503144654107
p_3252,t3_2wtckq,t1_cotyhdv,t1_cotxl7k,0.25,0.3,-0.04999999999999999
p_3253,t3_2wtckq,t1_coty9wt,t1_cotxl7k,0.17647058823529413,0.3,-0.12352941176470586
p_3251,t3_2wtckq,t1_coty7wj,t1_cotxl7k,0.08571428571428572,0.3,-0.21428571428571427
p_3256,t3_2wspy2,t1_cots6nh,t1_cotul63,0.16551724137931034,0.14,0.02551724137931033
p_3257,t3_2wspy2,t1_cotrm84,t1_cou6ocd,0.10810810810810811,0.3,-0.19189189189189187
p_3258,t3_2wspy2,t1_cotslxs,t1_cotul63,0.078125,0.14,-0.06187500000000001
p_3259,t3_2wspy2,t1_cou8if8,t1_cottxbc,0.15584415584415584,0.09836065573770492,0.057483500106450924
p_3262,t3_2wl741,t1_cos0ngi,t1_corvz2b,0.05687203791469194,0.16279069767441862,-0.10591865975972667
p_3263,t3_2wj2qe,t1_corgf7j,t1_corcu44,0.06198347107438017,0.14728682170542637,-0.0853033506310462
p_3265,t3_2wgq7w,t1_coqolb4,t1_coqta6c,0.09142857142857143,0.0514018691588785,0.040026702269692925
p_3266,t3_2wfe25,t1_coqawpy,t1_coqc7s9,0.13131313131313133,0.1951219512195122,-0.06380881990638088
p_3267,t3_2wf11t,t1_coq7vrq,t1_coq82am,0.05,0.06818181818181818,-0.018181818181818174
p_3268,t3_2wf11t,t1_corlylz,t1_coq82am,0.03333333333333333,0.06818181818181818,-0.034848484848484844
p_3270,t3_2wcx6l,t1_copog5z,t1_copo9fg,0.3488372093023256,0.3541666666666667,-0.005329457364341095
p_3271,t3_2wcx6l,t1_copowc4,t1_copoa4v,0.23255813953488372,0.3170731707317073,-0.0845150311968236
p_3272,t3_2wcx6l,t1_copq0ro,t1_copo9fg,0.37037037037037035,0.3541666666666667,0.016203703703703665
p_3273,t3_2wc5yt,t1_copid03,t1_copia1s,0.17391304347826086,0.22448979591836735,-0.05057675244010648
p_3274,t3_2wb845,t1_copm7s7,t1_copoz9h,0.325,0.2909090909090909,0.034090909090909116
p_3275,t3_2w73vi,t1_coo9czm,t1_coo5eto,0.11304347826086956,0.3157894736842105,-0.20274599542334093
p_3276,t3_2w5ycw,t1_conwntb,t1_coo1wjv,0.11214953271028037,0.1282051282051282,-0.01605559549484782
p_3279,t3_2w51ti,t1_conqpc0,t1_conu1n5,0.15126050420168066,0.22093023255813954,-0.06966972835645888
p_3282,t3_2w4u2j,t1_conpvd6,t1_coo2owl,0.12727272727272726,0.1590909090909091,-0.03181818181818183
p_3283,t3_2w4etw,t1_conlvbr,t1_conk598,0.18309859154929578,0.20408163265306123,-0.02098304110376545
p_3284,t3_2w4e2u,t1_conpgz6,t1_conybza,0.09259259259259259,0.21138211382113822,-0.11878952122854564
p_3285,t3_2w0xan,t1_comot8c,t1_comm43e,0.16666666666666666,0.14814814814814814,0.018518518518518517
p_3287,t3_2vzx7m,t1_comdev9,t1_comd7eb,0.2925170068027211,0.30985915492957744,-0.01734214812685636
p_3288,t3_2vxtol,t1_colviyq,t1_com0vy0,0.12264150943396226,0.1111111111111111,0.01153039832285116
p_3289,t3_2vxd18,t1_com8usv,t1_colq917,0.09523809523809523,0.14583333333333334,-0.05059523809523811
p_3290,t3_2vxd18,t1_colwsdb,t1_colrkuv,0.07766990291262135,0.17105263157894737,-0.09338272866632602
p_3291,t3_2vwn9m,t1_colkgfu,t1_coljf0b,0.11940298507462686,0.12195121951219512,-0.002548234437568256
p_3295,t3_2vtswv,t1_cokxnxq,t1_cokvvwj,0.23333333333333334,0.25,-0.016666666666666663
p_3299,t3_2vnyz6,t1_cojodl0,t1_cojlnsv,0.16071428571428573,0.1746031746031746,-0.013888888888888867
p_3300,t3_2vmfvq,t1_coj80q1,t1_coj81nh,0.045454545454545456,0.13043478260869565,-0.08498023715415019
p_3301,t3_2vks7u,t1_coilce0,t1_coijwtu,0.07352941176470588,0.06896551724137931,0.004563894523326575
p_3303,t3_2vks7u,t1_coitx3o,t1_coin5gm,0.08391608391608392,0.1566265060240964,-0.07271042210801247
p_3304,t3_2vks7u,t1_cojb022,t1_coiskjc,0.09523809523809523,0.19148936170212766,-0.09625126646403243
p_3305,t3_2vhhar,t1_cohoh2a,t1_cohtbiq,0.18518518518518517,0.27941176470588236,-0.09422657952069718
p_3307,t3_2vhgab,t1_cohtk17,t1_cohodzj,0.20967741935483872,0.23529411764705882,-0.025616698292220103
p_3308,t3_2vgfjl,t1_cohjcql,t1_cohe4zu,0.13333333333333333,0.34285714285714286,-0.20952380952380953
p_3309,t3_2vfdjb,t1_coh87xk,t1_coihv1q,0.27586206896551724,0.41379310344827586,-0.13793103448275862
p_3310,t3_2vcz0j,t1_cogkf1c,t1_cogkxsx,0.37373737373737376,0.3448275862068966,0.028909787530477182
p_3311,t3_2vc9nj,t1_cogd61z,t1_cogex21,0.171875,0.061855670103092786,0.11001932989690721
p_3312,t3_2vb7n1,t1_cog7zan,t1_cojqi77,0.07058823529411765,0.0663265306122449,0.004261704681872744
p_3313,t3_2vayhb,t1_cog0004,t1_cog18c4,0.14705882352941177,0.11224489795918367,0.034813925570228096
p_3317,t3_2v54ba,t1_coeixh4,t1_coemcyd,0.10227272727272728,0.12096774193548387,-0.018695014662756596
p_3320,t3_2v54ba,t1_coeiwgf,t1_coeno30,0.2,0.20689655172413793,-0.006896551724137917
p_3321,t3_2v4vs4,t1_coeisbz,t1_coenx4c,0.08571428571428572,0.11046511627906977,-0.024750830564784054
p_3322,t3_2v3dbt,t1_coeuya9,t1_coe54na,0.17687074829931973,0.2828282828282828,-0.10595753452896309
p_3323,t3_2v3b2v,t1_coe2hj4,t1_coe3kad,0.18604651162790697,0.15873015873015872,0.027316352897748253
p_3324,t3_2v3b2v,t1_coe3dx6,t1_coe41ib,0.05945945945945946,0.1518987341772152,-0.09243927471775573
p_3326,t3_2uzgtq,t1_coda73s,t1_codi9w9,0.07317073170731707,0.1111111111111111,-0.037940379403794036
p_3327,t3_2uyf2j,t1_cocy4sv,t1_cocts31,0.1,0.07692307692307693,0.023076923076923078
p_3328,t3_2uyc2l,t1_codgr1k,t1_cod6jiu,0.2548262548262548,0.2746478873239437,-0.019821632497688868
p_3330,t3_2uudze,t1_cobt14z,t1_cobzyv2,0.08835341365461848,0.2,-0.11164658634538153
p_3331,t3_2utwnf,t1_cobnk6q,t1_cobujy3,0.0975609756097561,0.1746031746031746,-0.07704219899341849
p_3335,t3_2uocbs,t1_coa6e3k,t1_coa6g1k,0.11764705882352941,0.1095890410958904,0.008058017727639005
p_3339,t3_2unn7n,t1_coa4d4b,t1_co9zgj7,0.3088235294117647,0.4583333333333333,-0.1495098039215686
p_3341,t3_2unkg9,t1_co9z0gg,t1_coa3lkt,0.28846153846153844,0.23333333333333334,0.0551282051282051
p_3342,t3_2unkg9,t1_coadcvv,t1_coaqczi,0.24390243902439024,0.3220338983050847,-0.07813145928069448
p_3343,t3_2unhtm,t1_coaivyc,t1_coajh6t,0.14285714285714285,0.11917098445595854,0.023686158401184307
p_3344,t3_2umw9b,t1_co9t3iu,t1_co9sw89,0.20634920634920634,0.1827956989247312,0.02355350742447515
p_3345,t3_2umw9b,t1_coa4zj9,t1_co9sudq,0.12195121951219512,0.24561403508771928,-0.12366281557552417
p_3346,t3_2ul1df,t1_co9kcnl,t1_co9c0rj,0.2,0.3157894736842105,-0.1157894736842105
p_3347,t3_2uk6fx,t1_co94y3l,t1_co9o182,0.11214953271028037,0.06172839506172839,0.05042113764855198
p_3348,t3_2uk6fx,t1_co9423q,t1_co98hm4,0.10909090909090909,0.10256410256410256,0.006526806526806525
p_3349,t3_2ujo2u,t1_co9an3h,t1_co98y0r,0.28125,0.11688311688311688,0.16436688311688313
p_3352,t3_2uj4yv,t1_co9ncgk,t1_co8y43y,0.07692307692307693,0.07024793388429752,0.006675143038779405
p_3353,t3_2uiin1,t1_co8sei3,t1_co8ond6,0.22727272727272727,0.37142857142857144,-0.14415584415584418
p_3354,t3_2uid44,t1_co8o0es,t1_co8s8kd,0.0963855421686747,0.043478260869565216,0.05290728129910949
p_3358,t3_2ug2wi,t1_co82vuw,t1_co834w1,0.3076923076923077,0.2916666666666667,0.016025641025641024
p_3360,t3_2ucr50,t1_co7790p,t1_co77bgv,0.18085106382978725,0.20754716981132076,-0.02669610598153352
p_3362,t3_2ubt5m,t1_co75rce,t1_co70e85,0.14634146341463414,0.14285714285714285,0.0034843205574912883
p_3363,t3_2ubl1z,t1_co6xfgb,t1_co70me4,0.11764705882352941,0.1,0.017647058823529405
p_3364,t3_2ubbe0,t1_co73l5g,t1_co6tosu,0.21875,0.35,-0.13124999999999998
p_3367,t3_2u8qcj,t1_co67jc2,t1_co670vd,0.1111111111111111,0.13186813186813187,-0.020757020757020767
p_3368,t3_2u8hi5,t1_co65nrh,t1_co69ood,0.11538461538461539,0.1072961373390558,0.008088478045559594
p_3369,t3_2u7z7v,t1_co5yytr,t1_co63mr3,0.06862745098039216,0.0975609756097561,-0.028933524629363938
p_3371,t3_2u7i4q,t1_co62evd,t1_co5xcqu,0.24050632911392406,0.28695652173913044,-0.04645019262520639
p_3374,t3_2u460b,t1_co4yacj,t1_co5wbvc,0.21428571428571427,0.21666666666666667,-0.0023809523809524002
p_3376,t3_2u2fpm,t1_co4ivor,t1_co4n7du,0.0945945945945946,0.05952380952380952,0.03507078507078508
p_3377,t3_2u2fpm,t1_co4qgkz,t1_co4iks0,0.21428571428571427,0.19230769230769232,0.021978021978021955
p_3378,t3_2u1s4k,t1_co4efyx,t1_co5t3kb,0.0,0.019230769230769232,-0.019230769230769232
p_3379,t3_2tz5od,t1_co3mhs2,t1_co3mqwu,0.2857142857142857,0.3157894736842105,-0.03007518796992481
p_3381,t3_2txwe7,t1_co3hzuu,t1_co3b93t,0.15625,0.2641509433962264,-0.10790094339622641
p_3384,t3_2tquws,t1_co1i3vy,t1_co1iyez,0.1625,0.15384615384615385,0.00865384615384615
p_3385,t3_2tpl0x,t1_co1i4k5,t1_co16br0,0.1932367149758454,0.2265625,-0.03332578502415459
p_3387,t3_2tn8qu,t1_co0jf5s,t1_co11da9,0.21818181818181817,0.25257731958762886,-0.034395501405810686
p_3389,t3_2tlyzs,t1_co0mpip,t1_co0gu67,0.2222222222222222,0.272,-0.04977777777777781
p_3388,t3_2tlyzs,t1_co15kpv,t1_co0httm,0.41875,0.47692307692307695,-0.05817307692307694
p_3390,t3_2tj4pv,t1_cnzy3ou,t1_cnzjggb,0.3148148148148148,0.25,0.06481481481481483
p_3391,t3_2tiipu,t1_cnzc4fs,t1_cnzca9l,0.07894736842105263,0.14736842105263157,-0.06842105263157894
p_3392,t3_2tf0y4,t1_cnz5c7v,t1_cnz2826,0.20754716981132076,0.34146341463414637,-0.1339162448228256
p_3393,t3_2teulf,t1_cnyf7vq,t1_cnyyfu0,0.15833333333333333,0.25806451612903225,-0.09973118279569892
p_3394,t3_2tet25,t1_cnye2j4,t1_cnydh7a,0.21008403361344538,0.22,-0.00991596638655462
p_3395,t3_2tet25,t1_cnyfwsr,t1_cnygkjb,0.18421052631578946,0.2127659574468085,-0.02855543113101905
p_3397,t3_2tekkp,t1_cnyd3k9,t1_cnzrdgm,0.18571428571428572,0.27450980392156865,-0.08879551820728293
p_3398,t3_2td8d4,t1_cny8efd,t1_cny3yi2,0.14814814814814814,0.1935483870967742,-0.04540023894862605
p_3399,t3_2tct9j,t1_cny4adc,t1_cnxvd59,0.16470588235294117,0.13821138211382114,0.026494500239120033
p_3400,t3_2tct9j,t1_cny4b3k,t1_cnxvd59,0.07857142857142857,0.13821138211382114,-0.05963995354239257
p_3402,t3_2t6ote,t1_cnw8hwh,t1_cnwnwz0,0.1417910447761194,0.13793103448275862,0.003860010293360777
p_3403,t3_2t6ote,t1_cnwehlh,t1_cnw9vyp,0.13761467889908258,0.14285714285714285,-0.005242463958060273
p_3404,t3_2t5d0k,t1_cnw2fgz,t1_cnw6d8q,0.22962962962962963,0.3050847457627119,-0.07545511613308226
p_3405,t3_2t5d0k,t1_cnw7mj4,t1_cnw9ce5,0.2459016393442623,0.2857142857142857,-0.03981264637002341
p_3406,t3_2t26nx,t1_cnv8j11,t1_cnvag08,0.4117647058823529,0.23809523809523808,0.17366946778711484
p_3407,t3_2sy7r5,t1_cnu0c1p,t1_cnubeuy,0.05223880597014925,0.08695652173913043,-0.03471771576898118
p_3409,t3_2su8e2,t1_cnsz4kn,t1_cnsx5ru,0.3246753246753247,0.4166666666666667,-0.09199134199134201
p_3411,t3_2su8e2,t1_cnt1y8t,t1_cntdr6s,0.3855421686746988,0.40298507462686567,-0.017442905952166854
p_3412,t3_2su8e2,t1_cnt845z,t1_cnt8tg7,0.20772946859903382,0.2616279069767442,-0.053898438377710384
p_3413,t3_2su8e2,t1_cnsxgsn,t1_cntprhw,0.3614457831325301,0.30303030303030304,0.05841548010222708
p_3414,t3_2su8e2,t1_cnsxse0,t1_cnsz1rt,0.3669724770642202,0.2441860465116279,0.12278643055259231
p_3415,t3_2su8e2,t1_cnunryh,t1_cnsyy4i,0.205607476635514,0.2647058823529412,-0.059098405717427166
p_3416,t3_2su8e2,t1_cnt3umh,t1_cnsyin0,0.3225806451612903,0.36363636363636365,-0.04105571847507333
p_3417,t3_2su8e2,t1_cnte5ku,t1_cnt3fdn,0.2465753424657534,0.24193548387096775,0.004639858594785662
p_3419,t3_2su8e2,t1_cntbdmc,t1_cnsyin0,0.29411764705882354,0.36363636363636365,-0.06951871657754011
p_3421,t3_2su8e2,t1_cnt9axw,t1_cnt2iz3,0.2898550724637681,0.3142857142857143,-0.024430641821946153
p_3422,t3_2su8e2,t1_cnt85u7,t1_cntf8xd,0.20987654320987653,0.3620689655172414,-0.15219242230736485
p_3423,t3_2su8e2,t1_cntdvgn,t1_cnsyin0,0.25757575757575757,0.36363636363636365,-0.10606060606060608
p_3424,t3_2su8e2,t1_cnt1ycn,t1_cnt2h0f,0.27884615384615385,0.27956989247311825,-0.0007237386269643986
p_3425,t3_2su8e2,t1_cnt4b86,t1_cnsyin0,0.4411764705882353,0.36363636363636365,0.07754010695187163
p_3426,t3_2su6pz,t1_cnsuxnr,t1_cntesru,0.2,0.06666666666666667,0.13333333333333336
p_3427,t3_2su6pz,t1_cnsv16y,t1_cnt8h1t,0.061224489795918366,0.10309278350515463,-0.04186829370923627
p_3428,t3_2stah2,t1_cnsnfp3,t1_cnso055,0.22807017543859648,0.26153846153846155,-0.033468286099865074
p_3429,t3_2sqh6c,t1_cnsh391,t1_cns23nc,0.25,0.3225806451612903,-0.07258064516129031
p_3432,t3_2sjck6,t1_cnq11eh,t1_cnq7kou,0.30327868852459017,0.3258426966292135,-0.022564008104623334
p_3433,t3_2siye9,t1_cnpvesh,t1_cnpw7ts,0.11666666666666667,0.2,-0.08333333333333334
p_3435,t3_2sf2we,t1_cnp48f2,t1_cnp29jv,0.16379310344827586,0.3404255319148936,-0.17663242846661775
p_3437,t3_2sbnxo,t1_cno05ek,t1_cnnz3ot,0.1411764705882353,0.13636363636363635,0.004812834224598939
p_3438,t3_2sagug,t1_cnnmwvw,t1_cno8oxd,0.07142857142857142,0.16666666666666666,-0.09523809523809523
p_3439,t3_2s8qu4,t1_cnn8scl,t1_cnn8yko,0.08450704225352113,0.04938271604938271,0.03512432620413841
p_3441,t3_2s3ey4,t1_cnlta5w,t1_cnn50va,0.18604651162790697,0.06896551724137931,0.11708099438652766
p_3442,t3_2s38n0,t1_cnltsuz,t1_cnm8elm,0.12658227848101267,0.1,0.02658227848101266
p_3443,t3_2s311o,t1_cnlr4r5,t1_cnlpavt,0.13333333333333333,0.23684210526315788,-0.10350877192982455
p_3445,t3_2s0mca,t1_cnlmsyb,t1_cnl4rwb,0.20535714285714285,0.208,-0.0026428571428571412
p_3446,t3_2s04yv,t1_cnl68x9,t1_cnldfng,0.10810810810810811,0.21818181818181817,-0.11007371007371006
p_3447,t3_2ryflh,t1_cnknvgl,t1_cnknbq4,0.23404255319148937,0.15942028985507245,0.07462226333641692
p_3449,t3_2rtxcw,t1_cnjo1jr,t1_cnj9t8c,0.18518518518518517,0.0851063829787234,0.10007880220646177
p_3450,t3_2rtxcw,t1_cnjlno1,t1_cnj9t8c,0.06896551724137931,0.0851063829787234,-0.016140865737344093
p_3451,t3_2rspje,t1_cnizgmn,t1_cnj8tea,0.3157894736842105,0.31343283582089554,0.00235663786331497
p_3452,t3_2rsgv3,t1_cniw4jr,t1_cniu655,0.2777777777777778,0.17647058823529413,0.10130718954248366
p_3454,t3_2rs57a,t1_cnjiwww,t1_cnjrwds,0.18421052631578946,0.08823529411764706,0.0959752321981424
p_3455,t3_2rqvf8,t1_cnii75i,t1_cnijhp3,0.25,0.10526315789473684,0.14473684210526316
p_3457,t3_3j8yfq,t1_cundk5r,t1_cunbl8g,0.7763157894736842,0.2462686567164179,0.5300471327572662
p_3458,t3_3j8yfq,t1_cunbkbz,t1_cuncrke,0.2923076923076923,0.3360655737704918,-0.043757881462799464
p_3461,t3_3j5b7g,t1_cumhf65,t1_cumi9vr,0.29365079365079366,0.375,-0.08134920634920634
p_3462,t3_3j4xz5,t1_cumcunp,t1_cun4urq,0.1694915254237288,0.2222222222222222,-0.052730696798493404
p_3463,t3_3j4xz5,t1_cumbp9z,t1_cun012v,0.325,0.1276595744680851,0.19734042553191491
p_3465,t3_3j348p,t1_culv71v,t1_cum06j5,0.25,0.23376623376623376,0.01623376623376624
p_3466,t3_3j2zal,t1_cult31h,t1_culspcu,0.17857142857142858,0.1643835616438356,0.014187866927592968
p_3469,t3_3izsdq,t1_culv1a1,t1_cul3ok3,0.24390243902439024,0.16071428571428573,0.08318815331010451
p_3472,t3_3iz617,t1_cul2p8q,t1_culbyou,0.16494845360824742,0.25757575757575757,-0.09262730396751015
p_3473,t3_3iynfo,t1_culekhe,t1_cul3cub,0.049891540130151846,0.087248322147651,-0.03735678201749916
p_3474,t3_3iymmk,t1_cukv841,t1_cukv8bl,0.29545454545454547,0.1978021978021978,0.09765234765234768
p_3475,t3_3iymd6,t1_cukus68,t1_cuktt0z,0.2222222222222222,0.425,-0.20277777777777778
p_3476,t3_3iymd6,t1_cukvhtm,t1_cuktt0z,0.25,0.425,-0.175
p_3479,t3_3ixtu4,t1_cukm93p,t1_cuklqh9,0.0703125,0.11827956989247312,-0.047967069892473124
p_3480,t3_3ixtu4,t1_cukmf21,t1_cukm0pr,0.05673758865248227,0.18181818181818182,-0.12508059316569956
p_3483,t3_3isviu,t1_cujohec,t1_cujcyeh,0.2702702702702703,0.36,-0.0897297297297297
p_3484,t3_3isviu,t1_cujddsn,t1_cujfb9o,0.09313725490196079,0.1889763779527559,-0.09583912305079512
p_3485,t3_3irqrk,t1_cuk3web,t1_cuje0x7,0.35064935064935066,0.1875,0.16314935064935066
p_3486,t3_3irqrk,t1_cujfvvz,t1_cujmo9h,0.18867924528301888,0.1523809523809524,0.03629829290206649
p_3487,t3_3irh3k,t1_cuj0bdo,t1_cuizlek,0.21495327102803738,0.3488372093023256,-0.1338839382742882
p_3488,t3_3iqu4d,t1_cuj1ozx,t1_cuiwucd,0.1910828025477707,0.22,-0.028917197452229287
p_3489,t3_3iqty5,t1_cuj86a7,t1_cuj36j4,0.25842696629213485,0.19607843137254902,0.062348534919585835
p_3490,t3_3iq6j0,t1_cuiy6h8,t1_cuj2qp1,0.10465116279069768,0.1593625498007968,-0.05471138701009913
p_3491,t3_3inybw,t1_cui3v06,t1_cuicq4r,0.2028985507246377,0.1506849315068493,0.05221361921778839
p_3492,t3_3injsb,t1_cui5ld0,t1_cui565b,0.11428571428571428,0.3333333333333333,-0.21904761904761905
p_3495,t3_3ijsss,t1_cuh6kys,t1_cuhg7b8,0.06153846153846154,0.1,-0.038461538461538464
p_3496,t3_3ijsss,t1_cuh4arm,t1_cuhg7b8,0.11538461538461539,0.1,0.015384615384615385
p_3500,t3_3iammm,t1_cues26b,t1_cueuwm5,0.08695652173913043,0.10476190476190476,-0.017805383022774332
p_3501,t3_3iammm,t1_cuete5w,t1_cuerzgs,0.07751937984496124,0.11940298507462686,-0.041883605229665624
p_3502,t3_3iammm,t1_cuew3c0,t1_cueu3av,0.13636363636363635,0.10810810810810811,0.02825552825552824
p_3503,t3_3i9n2q,t1_cueircr,t1_cuenxor,0.2647058823529412,0.27472527472527475,-0.010019392372333569
p_3504,t3_3i9n2q,t1_cufiuhn,t1_cueyyfo,0.1943127962085308,0.3262411347517731,-0.13192833854324226
p_3505,t3_3i8nmh,t1_cue9cr1,t1_cuea24l,0.3,0.3,0.0
p_3507,t3_3i8834,t1_cue4ikv,t1_cue5fsj,0.05128205128205128,0.08450704225352113,-0.033224990971469845
p_3508,t3_3i8834,t1_cue7on2,t1_cue83jy,0.07407407407407407,0.05660377358490566,0.01747030048916841
p_3513,t3_3i7k0u,t1_cue07hc,t1_cudypb4,0.09027777777777778,0.2777777777777778,-0.1875
p_3511,t3_3i7k0u,t1_cue31x0,t1_cue1sot,0.13740458015267176,0.3055555555555556,-0.16815097540288382
p_3512,t3_3i7k0u,t1_cue0k0p,t1_cue5g6f,0.11904761904761904,0.10317460317460317,0.015873015873015872
p_3514,t3_3i7k0u,t1_cuee0d9,t1_cudzumt,0.14285714285714285,0.21621621621621623,-0.07335907335907338
p_3516,t3_3i74qy,t1_cudw08r,t1_cudux0k,0.13725490196078433,0.24,-0.10274509803921567
p_3517,t3_3i5x6k,t1_cudnqtj,t1_cue4n29,0.208955223880597,0.38095238095238093,-0.17199715707178392
p_3519,t3_3i5a78,t1_cudjp1z,t1_cudst66,0.09424083769633508,0.17073170731707318,-0.0764908696207381
p_3521,t3_3i3wn7,t1_cud76ln,t1_cud3r2z,0.09090909090909091,0.12037037037037036,-0.029461279461279452
p_3523,t3_3i3vx9,t1_cud2a4g,t1_cud2qth,0.18181818181818182,0.20588235294117646,-0.024064171122994638
p_3522,t3_3i3vx9,t1_cud5nsy,t1_cud2qth,0.13861386138613863,0.20588235294117646,-0.06726849155503783
p_3524,t3_3i2plj,t1_cucv4aa,t1_cucxjt7,0.2222222222222222,0.2765957446808511,-0.054373522458628865
p_3525,t3_3i2plj,t1_cucthi0,t1_cuctx89,0.15151515151515152,0.19117647058823528,-0.03966131907308376
p_3526,t3_3i283w,t1_cud0fa0,t1_cucolyj,0.37333333333333335,0.34375,0.02958333333333335
p_3527,t3_3i0b0w,t1_cuchpgk,t1_cuc59ef,0.1875,0.2765957446808511,-0.08909574468085107
p_3530,t3_3hsvl2,t1_cuad8r8,t1_cuaqsqb,0.05747126436781609,0.07692307692307693,-0.019451812555260836
p_3531,t3_3hrivr,t1_cua0vt2,t1_cu9xxve,0.36363636363636365,0.4090909090909091,-0.04545454545454547
p_3534,t3_3hpq7g,t1_cu9josn,t1_cu9k41i,0.15079365079365079,0.2549019607843137,-0.10410830999066292
p_3535,t3_3hpq7g,t1_cu9kipp,t1_cu9x1z9,0.21333333333333335,0.21212121212121213,0.00121212121212122
p_3536,t3_3hosv2,t1_cu9at72,t1_cu9cml6,0.104,0.16666666666666666,-0.06266666666666666
p_3537,t3_3hoq7p,t1_cu9k2tb,t1_cu9atrb,0.24675324675324675,0.2716049382716049,-0.02485169151835817
p_3538,t3_3hmpv3,t1_cu8qdp9,t1_cu8pb7k,0.2391304347826087,0.2978723404255319,-0.0587419056429232
p_3539,t3_3hkh5j,t1_cu8ovlu,t1_cu8ovof,0.13513513513513514,0.18888888888888888,-0.05375375375375374
p_3541,t3_3hh46c,t1_cu7c27f,t1_cu7c1z2,0.26785714285714285,0.1871345029239766,0.08072263993316625
p_3543,t3_3hgl6d,t1_cu7ehx8,t1_cu79azc,0.24242424242424243,0.15841584158415842,0.08400840084008401
p_3542,t3_3hgl6d,t1_cu7d0px,t1_cu7azy6,0.14814814814814814,0.2028985507246377,-0.054750402576489554
p_3544,t3_3hg6gk,t1_cu72vgj,t1_cu7213o,0.37037037037037035,0.4722222222222222,-0.10185185185185186
p_3546,t3_3hfjxc,t1_cu6z830,t1_cu71g18,0.275,0.15151515151515152,0.1234848484848485
p_3547,t3_3hfioz,t1_cuc0fou,t1_cu7ifcw,0.20202020202020202,0.16019417475728157,0.04182602726292045
p_3548,t3_3hel60,t1_cu6qm9g,t1_cu6prd9,0.15625,0.07142857142857142,0.08482142857142858
p_3552,t3_3hdp4a,t1_cu6jlng,t1_cu6jn61,0.136986301369863,0.2222222222222222,-0.0852359208523592
p_3555,t3_3hcpmz,t1_cu6c4si,t1_cu6f8lz,0.20630372492836677,0.2620320855614973,-0.05572836063313055
p_3556,t3_3hcfg2,t1_cu65tgy,t1_cu65kqn,0.09433962264150944,0.1282051282051282,-0.03386550556361875
p_3557,t3_3hcfg2,t1_cu65sqs,t1_cu65hi9,0.13725490196078433,0.1694915254237288,-0.03223662346294448
p_3558,t3_3hcfg2,t1_cu68tq4,t1_cu65vdo,0.06451612903225806,0.17307692307692307,-0.10856079404466501
p_3560,t3_3h8y7m,t1_cu5ao33,t1_cu5bjz7,0.1282051282051282,0.08064516129032258,0.047559966914805615
p_3563,t3_3h69kp,t1_cu5o71n,t1_cu4mp4v,0.08888888888888889,0.037037037037037035,0.05185185185185186
p_3566,t3_3h1dud,t1_cu3e462,t1_cu3dhym,0.5,0.10869565217391304,0.391304347826087
p_3568,t3_3h13pq,t1_cu3c98a,t1_cu3bnnc,0.17,0.21739130434782608,-0.04739130434782607
p_3569,t3_3h0s9a,t1_cu3bh3m,t1_cu383tr,0.11009174311926606,0.22448979591836735,-0.11439805279910129
p_3570,t3_3gz2bd,t1_cu2qwnu,t1_cu2zo0y,0.21875,0.2222222222222222,-0.00347222222222221
p_3571,t3_3gys03,t1_cu2q2lr,t1_cu2pmm6,0.15454545454545454,0.21705426356589147,-0.06250880902043693
p_3572,t3_3gw6np,t1_cu252mj,t1_cu20nky,0.2,0.15384615384615385,0.046153846153846156
p_3576,t3_3gri3k,t1_cu0uiw1,t1_cu0sztg,0.20270270270270271,0.23214285714285715,-0.029440154440154437
p_3577,t3_3gri3k,t1_cu0urd0,t1_cu0vpsk,0.15897435897435896,0.23684210526315788,-0.07786774628879892
p_3583,t3_3gp6g1,t1_cu0aq54,t1_cu08mnw,0.11515151515151516,0.1414141414141414,-0.02626262626262625
p_3582,t3_3gp6g1,t1_cu09x63,t1_cu08mnw,0.1484375,0.1414141414141414,0.007023358585858591
p_3585,t3_3gnc86,t1_ctzot2x,t1_ctzq8hf,0.24242424242424243,0.2571428571428571,-0.014718614718614687
p_3586,t3_3gincm,t1_ctyigsj,t1_ctyhn4v,0.10759493670886076,0.2,-0.09240506329113925
p_3587,t3_3gincm,t1_ctyhn4x,t1_ctyinar,0.17857142857142858,0.16666666666666666,0.011904761904761918
p_3589,t3_3ghl3t,t1_cty7tlm,t1_cty6dyx,0.10526315789473684,0.14285714285714285,-0.03759398496240601
p_3590,t3_3ghl3t,t1_cty9isx,t1_cty8sv7,0.12359550561797752,0.37777777777777777,-0.25418227215980027
p_3592,t3_3ggp32,t1_cty0r06,t1_cty0aec,0.22404371584699453,0.2828282828282828,-0.05878456698128828
p_3593,t3_3ggp32,t1_cty35gw,t1_cty0aec,0.12293144208037825,0.2828282828282828,-0.15989684074790456
p_3595,t3_3gec73,t1_ctxli3x,t1_ctxhga8,0.07954545454545454,0.08571428571428572,-0.006168831168831171
p_3596,t3_3ge5mc,t1_ctxb1ki,t1_ctxeqe8,0.05747126436781609,0.10256410256410256,-0.04509283819628647
p_3598,t3_3gdtg4,t1_ctylxuf,t1_ctxaqee,0.09714285714285714,0.17894736842105263,-0.08180451127819549
p_3599,t3_3gdndp,t1_ctx5qis,t1_ctx98zl,0.20833333333333334,0.32,-0.11166666666666666
p_3600,t3_3gdish,t1_ctx6te9,t1_ctx7vni,0.2,0.10256410256410256,0.09743589743589745
p_3601,t3_3gdibt,t1_ctx56mf,t1_ctx4od4,0.1,0.12359550561797752,-0.02359550561797752
p_3602,t3_3gcrbs,t1_ctx0d41,t1_ctx24yu,0.18421052631578946,0.2608695652173913,-0.07665903890160183
p_3604,t3_3gbhud,t1_ctwlw6q,t1_ctwmyam,0.17721518987341772,0.1935483870967742,-0.016333197223356466
p_3605,t3_3gbhud,t1_ctwlm4k,t1_ctwv3j1,0.16129032258064516,0.18604651162790697,-0.024756189047261817
p_3606,t3_3gbhud,t1_ctwml50,t1_ctwlr8k,0.1511627906976744,0.4166666666666667,-0.2655038759689923
p_3607,t3_3gbhud,t1_ctwlqf1,t1_ctwlr8k,0.2631578947368421,0.4166666666666667,-0.1535087719298246
p_3608,t3_3gb6h1,t1_ctwso7w,t1_ctwnm4g,0.19213973799126638,0.30288461538461536,-0.11074487739334898
p_3609,t3_3gb461,t1_ctwjnpu,t1_ctwkc6d,0.06666666666666667,0.11764705882352941,-0.050980392156862744
p_3610,t3_3ga6xh,t1_ctwcf34,t1_ctw9u8c,0.09278350515463918,0.34545454545454546,-0.2526710402999063
p_3612,t3_3ga0yc,t1_ctwa3zr,t1_ctw8bfs,0.07446808510638298,0.0958904109589041,-0.02142232585252113
p_3613,t3_3ga0yc,t1_ctwc8h0,t1_ctw824i,0.08759124087591241,0.14705882352941177,-0.05946758265349936
p_3614,t3_3ga0yc,t1_ctwe0ok,t1_ctw8bfs,0.09558823529411764,0.0958904109589041,-0.00030217566478646374
p_3615,t3_3g9no7,t1_ctw54al,t1_ctw52em,0.2,0.2777777777777778,-0.07777777777777778
p_3616,t3_3g93j6,t1_ctw0e9h,t1_ctw6elj,0.2546583850931677,0.11949685534591195,0.13516152974725573
p_3617,t3_3g8r7o,t1_ctvx3y3,t1_ctwc690,0.2736842105263158,0.2463768115942029,0.027307398932112897
p_3622,t3_3g646u,t1_ctvb9vl,t1_ctvc59g,0.1282051282051282,0.18,-0.0517948717948718
p_3623,t3_3g53av,t1_ctuxpb3,t1_ctvf9tq,0.13924050632911392,0.06716417910447761,0.0720763272246363
p_3624,t3_3g51jj,t1_ctv0l5x,t1_ctvcg39,0.1717171717171717,0.11764705882352941,0.0540701128936423
p_3625,t3_3g51jj,t1_ctv269f,t1_ctvcg39,0.09243697478991597,0.11764705882352941,-0.02521008403361344
p_3626,t3_3g51jj,t1_ctv3mds,t1_ctv9uzx,0.1875,0.13559322033898305,0.05190677966101695
p_3630,t3_3g1pcd,t1_ctu19ea,t1_ctu17ql,0.203125,0.36666666666666664,-0.16354166666666664
p_3635,t3_3g1fhs,t1_cttyuge,t1_cttxvho,0.23333333333333334,0.2,0.033333333333333326
p_3633,t3_3g1fhs,t1_ctu95h3,t1_cttxvho,0.09523809523809523,0.2,-0.10476190476190478
p_3636,t3_3g1fhs,t1_cttzgzr,t1_cttxvho,0.09734513274336283,0.2,-0.10265486725663718
p_3632,t3_3g1fhs,t1_cttxzvr,t1_cttxvho,0.3225806451612903,0.2,0.1225806451612903
p_3631,t3_3g1fhs,t1_ctty06w,t1_cttxzi1,0.0759493670886076,0.18421052631578946,-0.10826115922718187
p_3637,t3_3g1bgv,t1_cttw7r4,t1_ctu593g,0.1834862385321101,0.1386861313868613,0.04480010714524879
p_3640,t3_3g02ia,t1_cttuj7v,t1_cttrhlu,0.15384615384615385,0.13953488372093023,0.014311270125223624
p_3642,t3_3fz5pa,t1_cttcblp,t1_cttc9b6,0.1414141414141414,0.21238938053097345,-0.07097523911683204
p_3644,t3_3fvhvp,t1_ctsbzuq,t1_ctsdw9m,0.09195402298850575,0.09401709401709402,-0.0020630710285882703
p_3645,t3_3fvhjh,t1_ctscnii,t1_ctsbg6s,0.2222222222222222,0.5333333333333333,-0.3111111111111111
p_3646,t3_3fvhjh,t1_ctse486,t1_ctsbtva,0.11666666666666667,0.08421052631578947,0.0324561403508772
p_3647,t3_3fvhjh,t1_ctsbifp,t1_ctsvne2,0.14102564102564102,0.12149532710280374,0.019530313922837286
p_3648,t3_3fvhjh,t1_ctsc6ss,t1_ctsbtva,0.15,0.08421052631578947,0.06578947368421052
p_3649,t3_3fveyg,t1_ctsa8js,t1_cts9pfj,0.09883720930232558,0.13580246913580246,-0.036965259833476885
p_3650,t3_3fu1s8,t1_cts3fhv,t1_cts5hav,0.1885245901639344,0.19047619047619047,-0.0019516003122560521
p_3651,t3_3fsgbp,t1_ctrisu9,t1_ctshlnm,0.04918032786885246,0.05128205128205128,-0.002101723413198822
p_3652,t3_3fs1zm,t1_ctrhh5j,t1_ctrefi0,0.2553191489361702,0.3137254901960784,-0.058406341259908234
p_3653,t3_3frc1d,t1_ctr9vhi,t1_ctr7h2r,0.2608695652173913,0.15151515151515152,0.10935441370223978
p_3655,t3_3fql48,t1_ctr20mq,t1_ctr0pwr,0.1308411214953271,0.27848101265822783,-0.14763989116290074
p_3656,t3_3fqb1z,t1_ctqze4g,t1_ctr0cf6,0.1346153846153846,0.2413793103448276,-0.10676392572944299
p_3658,t3_3fqb1z,t1_ctr0vi4,t1_ctr0cf6,0.10344827586206896,0.2413793103448276,-0.13793103448275862
p_3657,t3_3fqb1z,t1_ctr0caa,t1_ctr0cf6,0.21875,0.2413793103448276,-0.022629310344827597
p_3659,t3_3fpfyb,t1_ctqrhgh,t1_ctqsan9,0.14285714285714285,0.15384615384615385,-0.010989010989011005
p_3660,t3_3fp3n9,t1_ctqolc7,t1_ctqnhek,0.2647058823529412,0.15714285714285714,0.10756302521008404
p_3661,t3_3fp2bi,t1_ctqnbaz,t1_ctqt3i2,0.16923076923076924,0.08196721311475409,0.08726355611601515
p_3663,t3_3fnwpa,t1_ctqdqno,t1_ctqbvw6,0.13793103448275862,0.27586206896551724,-0.13793103448275862
p_3664,t3_3fnv5p,t1_ctqbrad,t1_ctqwxiu,0.26785714285714285,0.3333333333333333,-0.06547619047619047
p_3665,t3_3fnv5p,t1_ctqn9r7,t1_ctr22l4,0.1267605633802817,0.17391304347826086,-0.04715248009797918
p_3667,t3_3fnpby,t1_ctqb537,t1_ctqb5ui,0.15503875968992248,0.19607843137254902,-0.04103967168262654
p_3666,t3_3fnpby,t1_ctqa65w,t1_ctqb5ui,0.2222222222222222,0.19607843137254902,0.026143790849673193
p_3669,t3_3fnkrz,t1_ctq8t3q,t1_ctq9oiz,0.15306122448979592,0.14102564102564102,0.012035583464154898
p_3671,t3_3fnkrz,t1_ctqas8t,t1_ctq9ar9,0.16287878787878787,0.16666666666666666,-0.0037878787878787845
p_3670,t3_3fnkrz,t1_ctq9o0e,t1_ctq9oiz,0.36,0.14102564102564102,0.21897435897435896
p_3672,t3_3fnkrz,t1_ctq9j16,t1_ctqa3ka,0.09090909090909091,0.5,-0.40909090909090906
p_3675,t3_3fme5v,t1_ctpwnu7,t1_ctpy2fx,0.23076923076923078,0.20224719101123595,0.028522039757994833
p_3676,t3_3fh6ko,t1_ctoktht,t1_ctoqkfl,0.140625,0.234375,-0.09375
p_3677,t3_3fg061,t1_cto8r5z,t1_cto8tdw,0.39285714285714285,0.2777777777777778,0.11507936507936506
p_3679,t3_3fg061,t1_cto97vg,t1_cto8tdw,0.14893617021276595,0.2777777777777778,-0.12884160756501184
p_3680,t3_3ffta7,t1_cto7io9,t1_ctoe9av,0.08571428571428572,0.13793103448275862,-0.052216748768472904
p_3681,t3_3ff3g6,t1_cto0i1n,t1_cto1zos,0.11320754716981132,0.06060606060606061,0.052601486563750716
p_3682,t3_3feqzt,t1_ctq3vzp,t1_ctnylzg,0.35555555555555557,0.20967741935483872,0.14587813620071685
p_3683,t3_3fcrvd,t1_ctnhp4o,t1_cto31ft,0.08196721311475409,0.15151515151515152,-0.06954793840039743
p_3684,t3_3fcrvd,t1_ctns9wz,t1_ctnfqp7,0.18867924528301888,0.1891891891891892,-0.0005099439061703182
p_3686,t3_3fcf5e,t1_ctndfg4,t1_ctnry92,0.14814814814814814,0.13513513513513514,0.013013013013012997
p_3688,t3_3fc3o6,t1_ctnx69r,t1_ctngp5n,0.2397003745318352,0.34,-0.10029962546816482
p_3687,t3_3fc3o6,t1_ctnaow2,t1_ctn9aav,0.297029702970297,0.3695652173913043,-0.07253551442100731
p_3692,t3_3fau90,t1_ctmxjyf,t1_ctmw18p,0.2835820895522388,0.3333333333333333,-0.04975124378109452
p_3693,t3_3fa3pf,t1_ctmq4rm,t1_ctmvo0g,0.18055555555555555,0.26373626373626374,-0.08318070818070819
p_3694,t3_3fa3pf,t1_ctmq6wk,t1_ctmpzx1,0.17218543046357615,0.17567567567567569,-0.0034902452120995353
p_3695,t3_3f8yj7,t1_ctmfz6p,t1_ctmip5y,0.1527777777777778,0.1794871794871795,-0.026709401709401698
p_3696,t3_3f8yj7,t1_ctmi79z,t1_ctmip5y,0.12021857923497267,0.1794871794871795,-0.059268600252206816
p_3697,t3_3f8yj7,t1_ctmgbxn,t1_ctmip5y,0.3269230769230769,0.1794871794871795,0.14743589743589744
p_3701,t3_3f6ga9,t1_ctlqooj,t1_ctlqdbh,0.14285714285714285,0.375,-0.23214285714285715
p_3703,t3_3f65v8,t1_ctlqq52,t1_ctm1y1p,0.1935483870967742,0.22404371584699453,-0.030495328750220346
p_3704,t3_3f38fh,t1_ctlm7ia,t1_ctkwb7j,0.09259259259259259,0.1774193548387097,-0.0848267622461171
p_3705,t3_3f2sbt,t1_ctm98ge,t1_ctkrr8t,0.18666666666666668,0.21739130434782608,-0.030724637681159406
p_3708,t3_3f20yi,t1_ctkkr6u,t1_ctkjeol,0.11564625850340136,0.2391304347826087,-0.12348417627920734
p_3709,t3_3f20yi,t1_ctkoehq,t1_ctkokut,0.17419354838709677,0.1511627906976744,0.023030757689422365
p_3712,t3_3f18mt,t1_ctkcw2a,t1_ctkb9dn,0.15853658536585366,0.2857142857142857,-0.12717770034843204
p_3711,t3_3f18mt,t1_ctkc4tg,t1_ctkn5z3,0.1951219512195122,0.18181818181818182,0.013303769401330379
p_3714,t3_3f16ju,t1_ctkcxak,t1_ctkajc6,0.1780821917808219,0.18571428571428572,-0.007632093933463813
p_3716,t3_3f0uzz,t1_ctkbyhm,t1_ctkdayj,0.22594142259414227,0.350253807106599,-0.12431238451245671
p_3717,t3_3exng6,t1_ctjf76q,t1_ctjdefn,0.25,0.29411764705882354,-0.04411764705882354
p_3718,t3_3ex1vr,t1_ctj5yub,t1_ctj6pr7,0.11627906976744186,0.08,0.03627906976744186
p_3719,t3_3ewva7,t1_ctj4jx8,t1_ctj8g6w,0.1485148514851485,0.12307692307692308,0.025437928408225424
p_3722,t3_3ewva7,t1_ctj8djb,t1_ctj8g6w,0.07407407407407407,0.12307692307692308,-0.049002849002849014
p_3720,t3_3ewva7,t1_ctj5oik,t1_ctjcs9z,0.16770186335403728,0.2,-0.03229813664596273
p_3721,t3_3ewva7,t1_ctj7ibv,t1_ctjcs9z,0.10294117647058823,0.2,-0.09705882352941178
p_3723,t3_3ewjnh,t1_ctj1fb4,t1_ctj26kt,0.16666666666666666,0.21568627450980393,-0.049019607843137275
p_3724,t3_3ewjnh,t1_ctj1ye4,t1_ctj1lht,0.14492753623188406,0.12048192771084337,0.02444560852104069
p_3725,t3_3euagb,t1_ctigcut,t1_ctihu3a,0.1935483870967742,0.125,0.06854838709677419
p_3726,t3_3eu8tm,t1_ctigaob,t1_ctiq52g,0.13725490196078433,0.22641509433962265,-0.08916019237883832
p_3727,t3_3eu8tm,t1_ctijckt,t1_ctigceq,0.1853448275862069,0.26732673267326734,-0.08198190508706044
p_3728,t3_3etxto,t1_ctid3ea,t1_cticpfj,0.09836065573770492,0.08695652173913043,0.011404133998574484
p_3730,t3_3es79p,t1_cthw2r2,t1_cthwdaq,0.19548872180451127,0.16030534351145037,0.035183378293060896
p_3731,t3_3es79p,t1_cthxdez,t1_cthwn0n,0.19480519480519481,0.2916666666666667,-0.09686147186147187
p_3732,t3_3ertta,t1_cti6rd8,t1_ctht1zk,0.19642857142857142,0.2777777777777778,-0.08134920634920637
p_3733,t3_3ertdy,t1_cthr80b,t1_cthr99r,0.13636363636363635,0.3939393939393939,-0.25757575757575757
p_3734,t3_3erhhr,t1_ctiarao,t1_cti58vh,0.18055555555555555,0.10619469026548672,0.07436086529006883
p_3735,t3_3eq514,t1_ctho613,t1_cthcqg3,0.2037037037037037,0.22058823529411764,-0.016884531590413948
p_3737,t3_3epjfs,t1_cth5t0q,t1_cthcvt3,0.24324324324324326,0.28205128205128205,-0.03880803880803879
p_3739,t3_3enur5,t1_ctgrxoh,t1_ctgz8y0,0.10248447204968944,0.10486891385767791,-0.002384441807988469
p_3740,t3_3emsdn,t1_cth30is,t1_ctgqvc3,0.06666666666666667,0.17391304347826086,-0.1072463768115942
p_3742,t3_3elw95,t1_ctg6r9r,t1_ctg9cb8,0.24489795918367346,0.46511627906976744,-0.22021831988609397
p_3743,t3_3eknr4,t1_ctglikz,t1_ctfyt7d,0.08045977011494253,0.11904761904761904,-0.03858784893267651
p_3744,t3_3ekjn3,t1_ctgdi0f,t1_ctg4na1,0.12269938650306748,0.10778443113772455,0.01491495536534293
p_3751,t3_3ee553,t1_cte3wfh,t1_cte2z0f,0.13157894736842105,0.13333333333333333,-0.0017543859649122862
p_3752,t3_3ee553,t1_cte5ytw,t1_cte2z0f,0.06666666666666667,0.13333333333333333,-0.06666666666666667
p_3754,t3_3ecjmj,t1_ctdn8gf,t1_ctdm7dj,0.3129251700680272,0.4098360655737705,-0.09691089550574328
p_3755,t3_3ecjmj,t1_ctdnq7f,t1_ctdm7dj,0.20689655172413793,0.4098360655737705,-0.20293951384963257
p_3756,t3_3ecjmj,t1_ctdoi4m,t1_ctdm7dj,0.30526315789473685,0.4098360655737705,-0.10457290767903366
p_3753,t3_3ecjmj,t1_ctdmtn2,t1_ctdoo3p,0.3275862068965517,0.15261044176706828,0.17497576512948343
p_3757,t3_3ec84d,t1_ctdlgzm,t1_ctdj2og,0.07352941176470588,0.09859154929577464,-0.025062137531068757
p_3759,t3_3ebxxu,t1_ctdn0oz,t1_ctdjt1a,0.9661016949152542,0.41935483870967744,0.5467468562055768
p_3761,t3_3ebqsa,t1_ctdwdgw,t1_ctdgbbx,0.3283582089552239,0.5882352941176471,-0.2598770851624232
p_3762,t3_3eb9u6,t1_ctda3bt,t1_ctdi2vm,0.19230769230769232,0.17857142857142858,0.013736263736263743
p_3763,t3_3eb9u6,t1_ctdaich,t1_ctdi2vm,0.1506849315068493,0.17857142857142858,-0.02788649706457927
p_3764,t3_3eai2b,t1_ctdmsz0,t1_ctdas7y,0.20952380952380953,0.3333333333333333,-0.12380952380952379
p_3765,t3_3eai2b,t1_ctdc31l,t1_ctdas7y,0.2777777777777778,0.3333333333333333,-0.055555555555555525
p_3766,t3_3ea4kl,t1_ctczlq4,t1_ctcz6mu,0.13513513513513514,0.19047619047619047,-0.05534105534105532
p_3768,t3_3e811o,t1_ctcjrd5,t1_ctcd4vr,0.06403940886699508,0.10344827586206896,-0.039408866995073885
p_3775,t3_3dt3vy,t1_ct8epzw,t1_ct8xeko,0.16831683168316833,0.21518987341772153,-0.0468730417345532
p_3776,t3_3drmw1,t1_ct7z6k1,t1_ct7zd7f,0.24324324324324326,0.23076923076923078,0.012474012474012475
p_3777,t3_3dqi0b,t1_ct7ojzo,t1_ct7o4hu,0.4107142857142857,0.39473684210526316,0.015977443609022535
p_3779,t3_3dnhsi,t1_ct6vf40,t1_ct7n9bz,0.14285714285714285,0.3103448275862069,-0.16748768472906406
p_3786,t3_3dkeyo,t1_ct60a1q,t1_ct60gf9,0.19008264462809918,0.14,0.050082644628099166
p_3787,t3_3dk4k6,t1_ct68k3i,t1_ct5ylmw,0.2608695652173913,0.3269230769230769,-0.06605351170568563
p_3789,t3_3dj5zp,t1_ct5ndqg,t1_ct5pov6,0.125,0.1744186046511628,-0.049418604651162795
p_3790,t3_3dhxmu,t1_ct59siv,t1_ct5em85,0.1111111111111111,0.125,-0.013888888888888895
p_3791,t3_3dhww4,t1_ct59ny2,t1_ct5c1n1,0.16666666666666666,0.2542372881355932,-0.08757062146892655
p_3792,t3_3dhvig,t1_ct5cmrc,t1_ct5dd1p,0.2788104089219331,0.3229166666666667,-0.04410625774473359
p_3793,t3_3dhde9,t1_ct68xez,t1_ct55tgc,0.2289156626506024,0.23333333333333334,-0.00441767068273094
p_3794,t3_3dh1ns,t1_ct5dtcs,t1_ct5eykr,0.11560693641618497,0.14285714285714285,-0.02725020644095788
p_3795,t3_3dgf6j,t1_ct54lyk,t1_ct5gs7l,0.09166666666666666,0.15384615384615385,-0.062179487179487195
p_3796,t3_3dgf6j,t1_ct5oi70,t1_ct5c1wd,0.06930693069306931,0.11538461538461539,-0.04607768469154608
p_3797,t3_3dfjej,t1_ct4p5yg,t1_ct4yewo,0.23958333333333334,0.20207253886010362,0.03751079447322972
p_3800,t3_3df1t2,t1_ct4iy6y,t1_ct4ij06,0.27586206896551724,0.30158730158730157,-0.025725232621784333
p_3801,t3_3det6i,t1_ct4g7xl,t1_ct4gbpx,0.1232876712328767,0.14545454545454545,-0.022166874221668742
p_3802,t3_3deose,t1_ct4eh79,t1_ct4g0jb,0.24285714285714285,0.296875,-0.054017857142857145
p_3803,t3_3deose,t1_ct4f9rz,t1_ct4g0jb,0.23214285714285715,0.296875,-0.06473214285714285
p_3804,t3_3deose,t1_ct4fbji,t1_ct5641w,0.1865671641791045,0.17981072555205047,0.006756438627054023
p_3805,t3_3deose,t1_ct4ewzd,t1_ct4g0jb,0.19767441860465115,0.296875,-0.09920058139534885
p_3806,t3_3de3uy,t1_ct4agqd,t1_ct494c3,0.11504424778761062,0.14457831325301204,-0.029534065465401424
p_3807,t3_3ddw70,t1_ct47mit,t1_ct4jbe5,0.17763157894736842,0.19402985074626866,-0.016398271798900244
p_3808,t3_3ddw70,t1_ct481p1,t1_ct48oqy,0.21739130434782608,0.20418848167539266,0.013202822672433417
p_3814,t3_3dbole,t1_ct3p6ns,t1_ct478ih,0.17006802721088435,0.2549019607843137,-0.08483393357342936
p_3815,t3_3dbm0n,t1_ct3lx2j,t1_ct3ly0v,0.225,0.17857142857142858,0.04642857142857143
p_3816,t3_3dbkzb,t1_ct3ojfw,t1_ct3m5s5,0.18181818181818182,0.5483870967741935,-0.3665689149560117
p_3819,t3_3d7ar8,t1_ct2lat5,t1_ct2ki11,0.21311475409836064,0.2727272727272727,-0.059612518628912065
p_3821,t3_3d70nm,t1_ct2ew4r,t1_ct2j33u,0.16279069767441862,0.13333333333333333,0.029457364341085285
p_3822,t3_3d70nm,t1_ct2dshn,t1_ct2eddg,0.10526315789473684,0.1875,-0.08223684210526316
p_3824,t3_3d6eeo,t1_ct28lpu,t1_ct2avdj,0.25274725274725274,0.3409090909090909,-0.08816183816183815
p_3825,t3_3d5kur,t1_ct1ztbe,t1_ct1zr52,0.15555555555555556,0.3333333333333333,-0.17777777777777776
p_3827,t3_3d4z8m,t1_ct20a6w,t1_ct1t0m5,0.10185185185185185,0.16666666666666666,-0.06481481481481481
p_3829,t3_3d26wz,t1_ct28b6n,t1_ct16kmz,0.13580246913580246,0.10975609756097561,0.02604637157482685
p_3830,t3_3d0d6p,t1_ct0o5u1,t1_ct0n6t4,0.15763546798029557,0.25862068965517243,-0.10098522167487686
p_3831,t3_3d01ke,t1_ct0juu5,t1_ct0mdna,0.20833333333333334,0.2564102564102564,-0.048076923076923045
p_3833,t3_3czjmn,t1_ct0n1h1,t1_ct0p4tx,0.18811881188118812,0.17560975609756097,0.012509055783627154
p_3834,t3_3cze07,t1_ct0u8p8,t1_ct1w2jq,0.1320754716981132,0.11711711711711711,0.014958354580996092
p_3836,t3_3cze07,t1_ct10eyn,t1_ct10av3,0.20408163265306123,0.20588235294117646,-0.0018007202881152318
p_3837,t3_3cz50i,t1_ct0beon,t1_ct0crzd,0.17647058823529413,0.2702702702702703,-0.09379968203497616
p_3838,t3_3cyvok,t1_ct09dsg,t1_ct0cry8,0.19767441860465115,0.2972972972972973,-0.09962287869264616
p_3840,t3_3cwzdr,t1_cszqsrm,t1_csztuip,0.22522522522522523,0.25925925925925924,-0.034034034034034016
p_3841,t3_3cwzdr,t1_cszr0ac,t1_cszzijk,0.1288888888888889,0.14925373134328357,-0.020364842454394683
p_3842,t3_3cwzdr,t1_cszsao6,t1_cszzijk,0.12698412698412698,0.14925373134328357,-0.022269604359156592
p_3843,t3_3curfb,t1_cszctr2,t1_cszdmwi,0.14634146341463414,0.08408408408408409,0.06225737933055005
p_3846,t3_3ctbdn,t1_csywwyk,t1_csyw0z6,0.12962962962962962,0.34375,-0.21412037037037038
p_3848,t3_3csry4,t1_csyq5kj,t1_csypjon,0.11827956989247312,0.0989010989010989,0.019378470991374228
p_3849,t3_3csg70,t1_csyk6pl,t1_csyj9wf,0.07784431137724551,0.18115942028985507,-0.10331510891260956
p_3850,t3_3csg70,t1_csyjkqi,t1_csyt2k1,0.22666666666666666,0.18518518518518517,0.04148148148148148
p_3852,t3_3cqwqj,t1_csy6eer,t1_csyclib,0.1232876712328767,0.15463917525773196,-0.03135150402485526
p_3853,t3_3cpk6q,t1_csxrzz6,t1_csxtt55,0.0963855421686747,0.1111111111111111,-0.014725568942436401
p_3855,t3_3cp5ze,t1_csxym6c,t1_csynpti,0.22727272727272727,0.20149253731343283,0.02578018995929443
p_3856,t3_3cp5ze,t1_csxnidr,t1_csxornz,0.27906976744186046,0.35135135135135137,-0.07228158390949091
p_3859,t3_3cntuq,t1_csxdzvx,t1_csxc29e,0.25757575757575757,0.15172413793103448,0.10585161964472309
p_3861,t3_3cm04x,t1_csx5p48,t1_csxeu2k,0.12280701754385964,0.16666666666666666,-0.043859649122807015
p_3862,t3_3clrl2,t1_csx7zrc,t1_csx8zq4,0.07303370786516854,0.14634146341463414,-0.0733077555494656
p_3863,t3_3cjime,t1_csw3vb7,t1_csw3t7x,0.21739130434782608,0.1717171717171717,0.04567413263065437
p_3865,t3_3chnd1,t1_csvsvf5,t1_csw6ssk,0.12903225806451613,0.21333333333333335,-0.08430107526881722
p_3866,t3_3ch5ru,t1_csvhoip,t1_csvipb5,0.09722222222222222,0.12037037037037036,-0.02314814814814814
p_3867,t3_3cgwcw,t1_csvjbyd,t1_csvi6d6,0.09701492537313433,0.17708333333333334,-0.08006840796019901
p_3868,t3_3cgf0e,t1_cswm70o,t1_csvf90l,0.1111111111111111,0.16071428571428573,-0.04960317460317462
p_3869,t3_3cgb39,t1_csvchfw,t1_csva8ip,0.3,0.1927710843373494,0.10722891566265058
p_3871,t3_3cexf4,t1_csvberp,t1_csv33hr,0.20238095238095238,0.208955223880597,-0.006574271499644624
p_3872,t3_3cemxp,t1_csuzkq9,t1_csuwsj4,0.21052631578947367,0.24242424242424243,-0.03189792663476876
p_3873,t3_3cccrj,t1_csuafa7,t1_csu9eyk,0.21367521367521367,0.28205128205128205,-0.06837606837606838
p_3874,t3_3cayqx,t1_cstvm0f,t1_csunb3m,0.44565217391304346,0.39215686274509803,0.053495311167945425
p_3875,t3_3cayqx,t1_cstvlmi,t1_csuqreg,0.3390804597701149,0.3805309734513274,-0.0414505136812125
p_3877,t3_3cavj4,t1_cstv538,t1_cstveu6,0.12962962962962962,0.09210526315789473,0.03752436647173489
p_3879,t3_3c98q4,t1_csu2svh,t1_cstm5hj,0.05555555555555555,0.09574468085106383,-0.04018912529550828
p_3882,t3_3c7i98,t1_cst34iw,t1_cstc95e,0.09821428571428571,0.100418410041841,-0.00220412432755529
p_3883,t3_3c7i98,t1_cst4n6b,t1_cssyowf,0.1111111111111111,0.11904761904761904,-0.007936507936507936
p_3884,t3_3c7hdt,t1_cssyep4,t1_cssyplh,0.13636363636363635,0.1724137931034483,-0.036050156739811934
p_3885,t3_3c7bxx,t1_cssy476,t1_cssz8bw,0.0684931506849315,0.05747126436781609,0.011021886317115412
p_3886,t3_3c7bxx,t1_cssx724,t1_cssyebj,0.08771929824561403,0.058823529411764705,0.028895768833849325
p_3887,t3_3c7bxx,t1_csswyf9,t1_cssyx4a,0.10317460317460317,0.2,-0.09682539682539684
p_3888,t3_3c79ax,t1_cstmdkn,t1_cst2h3f,0.14814814814814814,0.18181818181818182,-0.03367003367003368
p_3889,t3_3c4zj4,t1_cssgey0,t1_cssmoek,0.09375,0.21428571428571427,-0.12053571428571427
p_3892,t3_3c4ur8,t1_csstz3k,t1_cssgupg,0.1388888888888889,0.13114754098360656,0.007741347905282331
p_3893,t3_3c4cgb,t1_css5ynt,t1_css4koj,0.2391304347826087,0.03225806451612903,0.20687237026647967
p_3894,t3_3c1zj9,t1_csrkkl3,t1_csrki9f,0.16055045871559634,0.0963855421686747,0.06416491654692164
p_3895,t3_3c17uc,t1_csrdlff,t1_csrifkt,0.07516339869281045,0.10714285714285714,-0.03197945845004668
p_3897,t3_3bxmo5,t1_csqhtr5,t1_csql6b1,0.2153846153846154,0.1267605633802817,0.08862405200433371
p_3898,t3_3bxfo6,t1_csqmc1m,t1_csqifhm,0.15384615384615385,0.17333333333333334,-0.019487179487179485
p_3899,t3_3bvjuk,t1_cspw440,t1_csrek47,0.17094017094017094,0.1346153846153846,0.036324786324786335
p_3901,t3_3bth79,t1_csq2nx8,t1_cspwvty,0.16417910447761194,0.15,0.014179104477611948
p_3902,t3_3bsou9,t1_csp5h2g,t1_cspiswo,0.16923076923076924,0.21875,-0.04951923076923076
p_3904,t3_3brtn7,t1_csozaec,t1_csoyw8u,0.34375,0.40476190476190477,-0.06101190476190477
p_3905,t3_3bqwex,t1_csompka,t1_csomtdh,0.20168067226890757,0.42857142857142855,-0.22689075630252098
p_3906,t3_3bqwex,t1_csorp8q,t1_cson8bj,0.18518518518518517,0.22330097087378642,-0.038115785688601245
p_3908,t3_3bo4jt,t1_cso0zon,t1_csnwp3y,0.20512820512820512,0.1836734693877551,0.02145473574045001
p_3909,t3_3bnf96,t1_csnpy6t,t1_csnprkc,0.16129032258064516,0.21052631578947367,-0.049235993208828516
p_3910,t3_3bnan1,t1_csnruno,t1_csnpv63,0.37142857142857144,0.3404255319148936,0.031003039513677833
p_3911,t3_3blafk,t1_csn7a18,t1_csndd8w,0.11392405063291139,0.1686746987951807,-0.05475064816226932
p_3913,t3_3bh98p,t1_csmf3ub,t1_csmc3eh,0.12121212121212122,0.16,-0.03878787878787879
p_3914,t3_3bgni1,t1_cslzxdh,t1_cslyqv4,0.05263157894736842,0.05714285714285714,-0.004511278195488723
p_3915,t3_3bfy1c,t1_csls1iv,t1_cslt1od,0.32,0.25,0.07
p_3916,t3_3bfsz3,t1_cslqq37,t1_cslrrds,0.12903225806451613,0.2653061224489796,-0.13627386438446348
p_3917,t3_3bfrve,t1_csmj6kc,t1_cslufx2,0.18181818181818182,0.35185185185185186,-0.17003367003367004
p_3920,t3_3be88i,t1_cslgmna,t1_cslflrz,0.2894736842105263,0.41025641025641024,-0.12078272604588391
p_3923,t3_3bdv00,t1_csld97c,t1_csl9q5t,0.051643192488262914,0.07575757575757576,-0.024114383269312846
p_3924,t3_3bdv00,t1_csltmou,t1_cslb8xi,0.0625,0.23529411764705882,-0.17279411764705882
p_3925,t3_3bd8kh,t1_csl6slc,t1_csl587l,0.18421052631578946,0.2647058823529412,-0.08049535603715172
p_3926,t3_3bd8kh,t1_csl5ba1,t1_csl587l,0.2,0.2647058823529412,-0.06470588235294117
p_3927,t3_3bcp2n,t1_csl43ts,t1_csl3e30,0.18253968253968253,0.3333333333333333,-0.15079365079365079
p_3929,t3_3bc4if,t1_cslj62e,t1_cskt9uf,0.3488372093023256,0.21782178217821782,0.13101542712410777
p_3930,t3_3bbxyv,t1_cskwmb5,t1_cskrtjj,0.16176470588235295,0.12903225806451613,0.032732447817836824
p_3932,t3_3b7rjo,t1_csjnvbr,t1_csjnx6u,0.11904761904761904,0.2828282828282828,-0.16378066378066378
p_3934,t3_3b60s8,t1_csj6vl4,t1_csj6ucq,0.12903225806451613,0.23076923076923078,-0.10173697270471466
p_3935,t3_3b60s8,t1_csj6qcn,t1_csj6ucq,0.09615384615384616,0.23076923076923078,-0.13461538461538464
p_3936,t3_3b5udg,t1_csj5cco,t1_csj62ym,0.16901408450704225,0.10975609756097561,0.05925798694606664
p_3937,t3_3b3s26,t1_csikhqa,t1_csizt4g,0.2621359223300971,0.3142857142857143,-0.0521497919556172
p_3938,t3_3b3s26,t1_csinn2z,t1_csilwsy,0.1271186440677966,0.2159090909090909,-0.08879044684129431
p_3940,t3_3b3s26,t1_csj8r3h,t1_csjh1er,0.21875,0.2619047619047619,-0.04315476190476192
p_3943,t3_3aweej,t1_csgl5n3,t1_csgl50z,0.17073170731707318,0.14545454545454545,0.025277161862527736
p_3944,t3_3aw1uk,t1_csghmnt,t1_csghmsc,0.29411764705882354,0.3333333333333333,-0.039215686274509776
p_3945,t3_3avhws,t1_csgfhi0,t1_csh8ors,0.30337078651685395,0.2875,0.015870786516853974
p_3947,t3_3atkce,t1_csgbg47,t1_csfw4e2,0.05291005291005291,0.09302325581395349,-0.04011320290390058
p_3948,t3_3atkce,t1_csfy1wp,t1_csfynp2,0.18604651162790697,0.25,-0.06395348837209303
p_3951,t3_3asyzb,t1_csfojsx,t1_csfoidu,0.23529411764705882,0.3333333333333333,-0.0980392156862745
p_3949,t3_3asyzb,t1_csfoiyw,t1_csfp13b,0.22857142857142856,0.3953488372093023,-0.16677740863787374
p_3952,t3_3argex,t1_csfb50r,t1_csf9txd,0.0625,0.07936507936507936,-0.01686507936507936
p_3953,t3_3argex,t1_csf9rhm,t1_csfa4gt,0.3333333333333333,0.08823529411764706,0.24509803921568624
p_3954,t3_3aq0ij,t1_cseyfmf,t1_csf3dvk,0.1044776119402985,0.08333333333333333,0.021144278606965175
p_3955,t3_3apczi,t1_cseq9zw,t1_csf36xd,0.12345679012345678,0.15827338129496402,-0.03481659117150723
p_3956,t3_3anzqm,t1_cseek90,t1_csf57m7,0.08615384615384615,0.10204081632653061,-0.015886970172684464
p_3958,t3_3anfy4,t1_csezvw7,t1_csfvxf5,0.23232323232323232,0.17338709677419356,0.05893613554903876
p_3959,t3_3amks3,t1_cse04e1,t1_cse06yf,0.08974358974358974,0.175,-0.08525641025641024
p_3960,t3_3amks3,t1_cse088c,t1_csdzw5z,0.11214953271028037,0.29411764705882354,-0.18196811434854315
p_3961,t3_3amjrk,t1_cse2b43,t1_cse2e1a,0.14583333333333334,0.14634146341463414,-0.000508130081300795
p_3963,t3_3ajn0a,t1_csda1xc,t1_csd7usc,0.22580645161290322,0.3333333333333333,-0.1075268817204301
p_3964,t3_3ajaa6,t1_csd6bdb,t1_csdib45,0.10810810810810811,0.17647058823529413,-0.06836248012718601
p_3965,t3_3aimk2,t1_csd7mip,t1_csd1vz4,0.264026402640264,0.4107142857142857,-0.1466878830740217
p_3966,t3_3afuie,t1_csc8p2d,t1_cscbdx0,0.17647058823529413,0.15037593984962405,0.026094648385670077
p_3967,t3_3acxa4,t1_csbkvf8,t1_csbgdpk,0.09345794392523364,0.2708333333333333,-0.17737538940809966
p_3968,t3_3aco44,t1_csblx8d,t1_csbjlck,0.23809523809523808,0.2608695652173913,-0.022774327122153215
p_3969,t3_3acm0d,t1_csbe584,t1_csbdx0v,0.18823529411764706,0.14285714285714285,0.04537815126050421
p_3971,t3_3abfdn,t1_csb9hv6,t1_csb2as0,0.17721518987341772,0.23809523809523808,-0.06088004822182036
p_3972,t3_3abaqq,t1_csb38zu,t1_csb0t4r,0.13836477987421383,0.15196078431372548,-0.013596004439511644
p_3976,t3_3a8arj,t1_csb25uo,t1_csa740s,0.3698630136986301,0.5142857142857142,-0.14442270058708412
p_3975,t3_3a8arj,t1_csa7uvc,t1_csag2ec,0.2857142857142857,0.3392857142857143,-0.0535714285714286
p_3977,t3_3a7ys8,t1_csa4ppt,t1_csakjm1,0.23214285714285715,0.3548387096774194,-0.12269585253456222
p_3978,t3_3a7ys8,t1_csa41uf,t1_csakjm1,0.36666666666666664,0.3548387096774194,0.011827956989247268
p_3979,t3_3a7ys8,t1_csa7eao,t1_csaftry,0.29357798165137616,0.3181818181818182,-0.024603836530442014
p_3980,t3_3a6yg4,t1_cs9xgqf,t1_csaitas,0.32142857142857145,0.2608695652173913,0.060559006211180155
p_3981,t3_3a6sfg,t1_cs9tnoi,t1_cs9t2mb,0.14705882352941177,0.25,-0.10294117647058823
p_3982,t3_3a6sfg,t1_cs9u81l,t1_csa0tu8,0.11267605633802817,0.23809523809523808,-0.1254191817572099
p_3983,t3_3a6sfg,t1_cs9uuka,t1_cs9v38y,0.07692307692307693,0.07317073170731707,0.0037523452157598586
p_3985,t3_3a6sfg,t1_cs9ty4c,t1_cs9tcqo,0.08450704225352113,0.125,-0.040492957746478875
p_3984,t3_3a6sfg,t1_cs9tqur,t1_csa781a,0.1111111111111111,0.2413793103448276,-0.1302681992337165
p_3986,t3_3a6sfg,t1_csacapm,t1_cs9wsj6,0.07017543859649122,0.05,0.02017543859649122
p_3987,t3_3a6nix,t1_cs9ymgy,t1_cs9xs4k,0.3333333333333333,0.5675675675675675,-0.23423423423423423
p_3988,t3_3a6nix,t1_csa3hjg,t1_cs9xpu5,0.2631578947368421,0.296875,-0.03371710526315791
p_3989,t3_3a47yn,t1_cs96cyo,t1_cs96mzz,0.06521739130434782,0.046511627906976744,0.01870576339737108
p_3990,t3_3a44py,t1_cs97753,t1_cs95esh,0.17647058823529413,0.297029702970297,-0.12055911473500289
p_3991,t3_3a44py,t1_cs94osm,t1_cs95esh,0.19672131147540983,0.297029702970297,-0.10030839149488718
p_3992,t3_3a44py,t1_cs95hzu,t1_cs95esh,0.22413793103448276,0.297029702970297,-0.07289177193581425
p_3996,t3_3a2kst,t1_cs8otu7,t1_cs8qjhb,0.08426966292134831,0.09523809523809523,-0.01096843231674692
p_3997,t3_3a2kps,t1_cs8oy5s,t1_cs8pl4s,0.125,0.13333333333333333,-0.008333333333333331
p_3998,t3_3a2kps,t1_cs8w2yw,t1_cs8voy5,0.1111111111111111,0.12121212121212122,-0.01010101010101011
p_3999,t3_3a27yg,t1_cs8nx8v,t1_cs8njw2,0.22727272727272727,0.23636363636363636,-0.009090909090909094
p_4000,t3_3a27yg,t1_cs8u90i,t1_cs8z4yz,0.2857142857142857,0.32608695652173914,-0.04037267080745344
p_4001,t3_3a27yg,t1_cs98bq1,t1_cs8lemy,0.18846153846153846,0.22772277227722773,-0.03926123381568927
p_4002,t3_3a1zva,t1_cs8kcyk,t1_cs8k3ho,0.16666666666666666,0.2564102564102564,-0.08974358974358973
p_4003,t3_3a1llw,t1_cs8f5f6,t1_cs8grh5,0.0975609756097561,0.07142857142857142,0.026132404181184676
p_4004,t3_3a1llw,t1_cs8otpf,t1_cs8epuj,0.13559322033898305,0.12903225806451613,0.006560962274466925
p_4006,t3_39y3l4,t1_cs7hm0x,t1_cs7hrpe,0.2037037037037037,0.3333333333333333,-0.12962962962962962
p_4007,t3_39xc0u,t1_cs7s05a,t1_cs7ksi5,0.10516252390057361,0.10909090909090909,-0.003928385190335476
p_4008,t3_39vjw8,t1_cs6yty8,t1_cs75jk8,0.0782608695652174,0.20408163265306123,-0.12582076308784385
p_4009,t3_39tm84,t1_cs6dg04,t1_cs6p5zn,0.09722222222222222,0.0547945205479452,0.04242770167427702
p_4010,t3_39rlhg,t1_cs604vg,t1_cs5u7z4,0.15873015873015872,0.16049382716049382,-0.001763668430335097
p_4011,t3_39rlhg,t1_cs61rw2,t1_cs5u7z4,0.14225941422594143,0.16049382716049382,-0.018234412934552385
p_4012,t3_39r7s6,t1_cs5qjkd,t1_cs5pexs,0.1111111111111111,0.1774193548387097,-0.06630824372759858
p_4013,t3_39pwzl,t1_cs5e1x6,t1_cs5dyl3,0.12643678160919541,0.4634146341463415,-0.33697785253714607
p_4015,t3_39o24x,t1_cs51oox,t1_cs53w1p,0.3,0.3333333333333333,-0.033333333333333326
p_4019,t3_39o24x,t1_cs519gf,t1_cs53w1p,0.32608695652173914,0.3333333333333333,-0.00724637681159418
p_4018,t3_39o24x,t1_cs51cou,t1_cs51mes,0.3076923076923077,0.425531914893617,-0.11783960720130932
p_4020,t3_39mibw,t1_cs4mto6,t1_cs4n3wq,0.23333333333333334,0.22727272727272727,0.006060606060606072
p_4022,t3_39mgic,t1_cs4lprf,t1_cs6cp67,0.3181818181818182,0.4222222222222222,-0.10404040404040404
p_4024,t3_39kdu2,t1_cs44pon,t1_cs433uj,0.3088235294117647,0.2727272727272727,0.03609625668449201
p_4025,t3_39jwup,t1_cs46pqo,t1_cs4a7ru,0.07553956834532374,0.1021021021021021,-0.02656253375677836
p_4026,t3_39int7,t1_cs3rx5b,t1_cs3s38w,0.24,0.2535211267605634,-0.013521126760563384
p_4027,t3_39int7,t1_cs3qpta,t1_cs3s2nm,0.4642857142857143,0.4,0.06428571428571428
p_4028,t3_39gzr7,t1_cs3agsc,t1_cs3ibde,0.21951219512195122,0.27906976744186046,-0.05955757231990924
p_4029,t3_39gecw,t1_cs34hhp,t1_cs34bq6,0.28,0.21739130434782608,0.06260869565217395
p_4032,t3_39fdgq,t1_cs2vs00,t1_cs3vhdu,0.16,0.1891891891891892,-0.029189189189189196
p_4034,t3_39cnaw,t1_cs2c2cg,t1_cs2ak8s,0.14814814814814814,0.21052631578947367,-0.06237816764132553
p_4037,t3_39an4v,t1_cs1rnz3,t1_cs1qvzv,0.1875,0.4634146341463415,-0.2759146341463415
p_4038,t3_3973q1,t1_cs0zdjz,t1_cs0x3jw,0.2345679012345679,0.3409090909090909,-0.106341189674523
p_4040,t3_396i03,t1_cs0u4rr,t1_cs1pfx6,0.07446808510638298,0.0963855421686747,-0.02191745706229173
p_4041,t3_396ds4,t1_cs0r30x,t1_cs0rkfk,0.27586206896551724,0.15217391304347827,0.12368815592203897
p_4042,t3_396ds4,t1_cs0pu9z,t1_cs0rkfk,0.24691358024691357,0.15217391304347827,0.0947396672034353
p_4045,t3_394d49,t1_cs0kixk,t1_cs0kzwk,0.2714285714285714,0.2,0.0714285714285714
p_4046,t3_393acp,t1_cs0gkne,t1_cs03ftc,0.19696969696969696,0.2153846153846154,-0.018414918414918435
p_4047,t3_391syd,t1_crzm90i,t1_crzmejp,0.1774193548387097,0.19642857142857142,-0.019009216589861738
p_4050,t3_38x3jr,t1_cryip44,t1_crys2g6,0.05925925925925926,0.15178571428571427,-0.09252645502645501
p_4051,t3_38wxwu,t1_cryi2ij,t1_crygq09,0.15384615384615385,0.12698412698412698,0.026862026862026878
p_4052,t3_38wrju,t1_crygoz5,t1_cryxmv8,0.13793103448275862,0.23333333333333334,-0.09540229885057472
p_4054,t3_38s7v1,t1_crxxvxw,t1_crxhlos,0.20212765957446807,0.2,0.0021276595744680604
p_4056,t3_38qcbx,t1_crx7b22,t1_crx75t9,0.09876543209876543,0.07407407407407407,0.024691358024691357
p_4057,t3_38pbd5,t1_crwsbqv,t1_crxjvmc,0.08974358974358974,0.15,-0.06025641025641025
p_4060,t3_38nv4x,t1_crwj8qj,t1_crwnz8i,0.12987012987012986,0.28205128205128205,-0.1521811521811522
p_4061,t3_38nv4x,t1_crwoni8,t1_crwub6q,0.13793103448275862,0.1925925925925926,-0.054661558109833974
p_4062,t3_38lqjc,t1_crvzt6q,t1_crvzmx5,0.14285714285714285,0.1326530612244898,0.010204081632653045
p_4063,t3_38kv3z,t1_crwg43c,t1_crxycdw,0.13725490196078433,0.18,-0.04274509803921567
p_4064,t3_38ks5m,t1_crvtej9,t1_crvxmr6,0.032,0.10457516339869281,-0.07257516339869281
p_4065,t3_38jijq,t1_crvigw7,t1_crvi4ft,0.1232876712328767,0.34782608695652173,-0.22453841572364502
p_4068,t3_38hvec,t1_crv5pod,t1_crva2wu,0.10457516339869281,0.14018691588785046,-0.03561175248915764
p_4070,t3_38hvec,t1_crvb81l,t1_crvbp5u,0.17857142857142858,0.16666666666666666,0.011904761904761918
p_4071,t3_38esaa,t1_cruufn4,t1_cruhp7v,0.07692307692307693,0.2222222222222222,-0.14529914529914528
p_4072,t3_38ehc6,t1_crug3c6,t1_cruge8m,0.18823529411764706,0.3611111111111111,-0.17287581699346405
p_4073,t3_38ehc6,t1_crufbnb,t1_cruge8m,0.3333333333333333,0.3611111111111111,-0.02777777777777779
p_4074,t3_38b3d9,t1_crtqxff,t1_crtzoqd,0.06779661016949153,0.0718954248366013,-0.004098814667109776
p_4075,t3_38ah82,t1_crtkrsw,t1_crtl6k2,0.06698564593301436,0.13559322033898305,-0.0686075744059687
p_4078,t3_3856c4,t1_crsfw83,t1_crsdpxt,0.13559322033898305,0.20588235294117646,-0.07028913260219341
p_4079,t3_383qcb,t1_crs0xzi,t1_crs1phn,0.12121212121212122,0.21739130434782608,-0.09617918313570487
p_4080,t3_383qcb,t1_crs37s2,t1_crs5obi,0.25,0.13333333333333333,0.11666666666666667
p_4081,t3_382uqn,t1_crrvd7b,t1_crsvp2m,0.075,0.0449438202247191,0.030056179775280897
p_4084,t3_382uqn,t1_crsgxg7,t1_crsvp2m,0.07894736842105263,0.0449438202247191,0.03400354819633353
p_4085,t3_381ey6,t1_crrlwhm,t1_crrsigq,0.14689265536723164,0.10784313725490197,0.03904951811232968
p_4086,t3_381ey6,t1_crrj8n5,t1_crrl2sb,0.16666666666666666,0.14634146341463414,0.02032520325203252
p_4087,t3_381ey6,t1_crrj6x9,t1_crrsoh1,0.2047244094488189,0.6296296296296297,-0.4249052201808108
p_4088,t3_3814fe,t1_crs7vs7,t1_crrr3vr,0.2,0.26666666666666666,-0.06666666666666665
p_4089,t3_3814fe,t1_crrqjbh,t1_crrr3vr,0.13513513513513514,0.26666666666666666,-0.13153153153153152
p_4090,t3_37ypcc,t1_crqzfaw,t1_crrcx9w,0.12121212121212122,0.20588235294117646,-0.08467023172905525
p_4092,t3_37x4xe,t1_crqnq2r,t1_crqlwke,0.15217391304347827,0.1891891891891892,-0.03701527614571093
p_4095,t3_37ug2e,t1_crpxli7,t1_crpxq2o,0.07142857142857142,0.047619047619047616,0.023809523809523808
p_4096,t3_37u8cs,t1_crpxfwt,t1_crq0vt4,0.10344827586206896,0.13675213675213677,-0.0333038608900678
p_4098,t3_37te7r,t1_crq15b7,t1_crpr6qy,0.16304347826086957,0.23529411764705882,-0.07225063938618925
p_4100,t3_37scpk,t1_crpm7rq,t1_crphi3e,0.14285714285714285,0.25,-0.10714285714285715
p_4099,t3_37scpk,t1_crpjym2,t1_crpj42q,0.1595744680851064,0.171875,-0.012300531914893609
p_4101,t3_37r5aa,t1_crp4yya,t1_crp52u5,0.10714285714285714,0.20512820512820512,-0.09798534798534798
p_4102,t3_37p0d8,t1_crolmg0,t1_cros9jk,0.1509433962264151,0.1388888888888889,0.012054507337526194
p_4103,t3_37p0d8,t1_crolte5,t1_cror8od,0.1504424778761062,0.21428571428571427,-0.06384323640960807
p_4105,t3_37okwz,t1_crol9eo,t1_crohrkg,0.2,0.2463768115942029,-0.0463768115942029
p_4104,t3_37okwz,t1_croli1i,t1_croiuun,0.18110236220472442,0.3125,-0.13139763779527558
p_4107,t3_37nxjn,t1_crotvnl,t1_crobn4e,0.23728813559322035,0.19672131147540983,0.04056682411781051
p_4108,t3_37nv7l,t1_crobgcl,t1_croatus,0.3559322033898305,0.25925925925925924,0.09667294413057126
p_4109,t3_37nv7l,t1_crod5fw,t1_crobejx,0.18888888888888888,0.17073170731707318,0.0181571815718157
p_4113,t3_37jfl3,t1_crn7z3i,t1_crn9n8h,0.16216216216216217,0.07317073170731707,0.0889914304548451
p_4114,t3_37jfl3,t1_cro542n,t1_crn9n8h,0.0945945945945946,0.07317073170731707,0.02142386288727753
p_4115,t3_37jfl3,t1_crn8fep,t1_crnb7qs,0.15,0.13636363636363635,0.013636363636363641
p_4116,t3_37j0tw,t1_crnmek9,t1_crn4uka,0.25,0.24705882352941178,0.002941176470588225
p_4117,t3_37i8f6,t1_crn97hc,t1_crn6u5k,0.10606060606060606,0.12790697674418605,-0.021846370683579988
p_4119,t3_37i8f6,t1_crnc1m6,t1_crn6u5k,0.08849557522123894,0.12790697674418605,-0.039411401522947115
p_4122,t3_37h70b,t1_crnpv8h,t1_crmnqm8,0.12727272727272726,0.14814814814814814,-0.02087542087542088
p_4124,t3_37h2pb,t1_crmzdc2,t1_crn24i7,0.11612903225806452,0.13636363636363635,-0.020234604105571832
p_4125,t3_37gzdo,t1_crmlb6i,t1_crml5su,0.1111111111111111,0.14285714285714285,-0.031746031746031744
p_4127,t3_37gzdo,t1_crn13m3,t1_crmleve,0.11940298507462686,0.1702127659574468,-0.05080978088281994
p_4126,t3_37gzdo,t1_crmpjd9,t1_crmq520,0.15384615384615385,0.08571428571428572,0.06813186813186814
p_4128,t3_37gq9y,t1_crmtqyf,t1_crmj7w5,0.15384615384615385,0.2169811320754717,-0.06313497822931785
p_4129,t3_37fpzj,t1_crmgunx,t1_crmev4y,0.2328767123287671,0.14285714285714285,0.09001956947162426
p_4130,t3_37e6il,t1_crlxhoh,t1_crlycu1,0.14634146341463414,0.30434782608695654,-0.1580063626723224
p_4131,t3_37e6il,t1_crmbvpl,t1_crmbrw9,0.1746031746031746,0.2,-0.025396825396825418
p_4132,t3_37c5ei,t1_crmai65,t1_crlk9hq,0.05782312925170068,0.04736842105263158,0.010454708199069102
p_4133,t3_37b2pr,t1_crlhcyw,t1_crld5qe,0.17032967032967034,0.1064516129032258,0.06387805742644453
p_4134,t3_37956u,t1_crku1nj,t1_crktasi,0.1927710843373494,0.2677165354330709,-0.07494545109572148
p_4136,t3_376s9u,t1_crkaoej,t1_crk67b4,0.10576923076923077,0.07142857142857142,0.034340659340659344
p_4137,t3_376s9u,t1_crkcdfq,t1_crk61cm,0.10344827586206896,0.22641509433962265,-0.12296681847755368
p_4138,t3_375cgq,t1_crjtlue,t1_crkdcxu,0.08333333333333333,0.1282051282051282,-0.044871794871794865
p_4139,t3_375cgq,t1_crju8kq,t1_crju0u6,0.09411764705882353,0.05737704918032787,0.03674059787849566
p_4140,t3_374p4i,t1_crjo7t9,t1_crjoxub,0.14516129032258066,0.2376237623762376,-0.09246247205365696
p_4141,t3_373lxk,t1_crjfcxr,t1_crjh3wk,0.072,0.07142857142857142,0.00057142857142857
p_4146,t3_371vcx,t1_crj0j6i,t1_crj1d9h,0.30434782608695654,0.375,-0.07065217391304346
p_4147,t3_371t9v,t1_criyct1,t1_criz1vm,0.09615384615384616,0.10344827586206896,-0.007294429708222805
p_4148,t3_371jts,t1_crj5qge,t1_crj0124,0.09259259259259259,0.35294117647058826,-0.26034858387799564
p_4149,t3_371iek,t1_criw393,t1_criw4gt,0.23232323232323232,0.14556962025316456,0.08675361207006776
p_4151,t3_37131i,t1_crit8xo,t1_crise8t,0.06481481481481481,0.07339449541284404,-0.00857968059802923
p_4152,t3_37131i,t1_crizuk3,t1_crise8t,0.030927835051546393,0.07339449541284404,-0.04246666036129765
p_4153,t3_370rik,t1_crj6cfx,t1_crj8cj7,0.28846153846153844,0.3680555555555556,-0.07959401709401714
p_4154,t3_36wmyv,t1_crhsd0m,t1_crhpets,0.21686746987951808,0.17647058823529413,0.04039688164422395
p_4155,t3_36utu6,t1_crhapyz,t1_crhjyof,0.2828282828282828,0.3235294117647059,-0.04070112893642308
p_4156,t3_36utu6,t1_crh9yic,t1_crhhhv0,0.34285714285714286,0.375,-0.03214285714285714
p_4157,t3_36utu6,t1_crhghlc,t1_crhhhv0,0.34545454545454546,0.375,-0.02954545454545454
p_4158,t3_36utu6,t1_crhdevz,t1_crhc46p,0.23121387283236994,0.25157232704402516,-0.02035845421165522
p_4159,t3_36utu6,t1_crhsu1b,t1_crhjyof,0.3448275862068966,0.3235294117647059,0.021298174442190676
p_4160,t3_36utu6,t1_crhkv7d,t1_crhubbh,0.2620689655172414,0.32432432432432434,-0.06225535880708294
p_4161,t3_36utu6,t1_crhdith,t1_crhc46p,0.3191489361702128,0.25157232704402516,0.06757660912618763
p_4163,t3_36u3s6,t1_crh9c6f,t1_crh4b3c,0.14705882352941177,0.1509433962264151,-0.003884572697003319
p_4164,t3_36tyf9,t1_crh4v0f,t1_crh37pw,0.2706766917293233,0.28703703703703703,-0.016360345307713742
p_4165,t3_36t890,t1_crgxzpm,t1_crhepb2,0.058823529411764705,0.04477611940298507,0.014047410008779633
p_4166,t3_36rxl7,t1_crlw8uo,t1_crgw0wb,0.14583333333333334,0.171875,-0.026041666666666657
p_4168,t3_36r305,t1_crgcbrk,t1_crgb0m6,0.16666666666666666,0.3793103448275862,-0.21264367816091953
p_4169,t3_36r305,t1_crgbung,t1_crgk9p9,0.20224719101123595,0.1956521739130435,0.006595017098192463
p_4170,t3_36r305,t1_crgbjl7,t1_crgfecc,0.3076923076923077,0.25,0.05769230769230771
p_4171,t3_36r305,t1_crgf3i9,t1_crgfecc,0.24444444444444444,0.25,-0.005555555555555564
p_4172,t3_36r305,t1_crgfk2y,t1_crgfecc,0.15,0.25,-0.1
p_4175,t3_36nz4d,t1_crfsbub,t1_crfkxmv,0.16666666666666666,0.25,-0.08333333333333334
p_4176,t3_36nz4d,t1_crfn04f,t1_crfnywz,0.17391304347826086,0.19642857142857142,-0.02251552795031056
p_4177,t3_36ncax,t1_crfgebl,t1_crffh1u,0.05,0.03333333333333333,0.01666666666666667
p_4180,t3_36iee8,t1_cre9a2g,t1_cretabl,0.08139534883720931,0.05371900826446281,0.027676340572746497
p_4181,t3_36iee8,t1_crez4hc,t1_cretabl,0.010554089709762533,0.05371900826446281,-0.04316491855470028
p_4182,t3_36htjx,t1_cre64ad,t1_cre4lsx,0.13541666666666666,0.20987654320987653,-0.07445987654320987
p_4187,t3_36gp4w,t1_crdult8,t1_cree54y,0.2222222222222222,0.3225806451612903,-0.1003584229390681
p_4188,t3_36fnl9,t1_crdkebp,t1_crdk3ku,0.17777777777777778,0.14285714285714285,0.034920634920634935
p_4189,t3_36fllr,t1_cre4905,t1_crdk6ds,0.42857142857142855,0.22916666666666666,0.1994047619047619
p_4190,t3_36eadt,t1_crd7ceh,t1_crdmuo9,0.11940298507462686,0.23809523809523808,-0.11869225302061122
p_4191,t3_36dprt,t1_crd5jwj,t1_crd60jm,0.05232558139534884,0.0873015873015873,-0.03497600590623846
p_4192,t3_36ckmk,t1_crcyaft,t1_crcrx2m,0.1232876712328767,0.2073170731707317,-0.08402940193785499
p_4193,t3_36cadv,t1_crd31fu,t1_crcyh42,0.18888888888888888,0.1574074074074074,0.03148148148148147
p_4195,t3_36az4a,t1_crccjno,t1_crcd94m,0.30434782608695654,0.18181818181818182,0.12252964426877472
p_4196,t3_36az4a,t1_crcdumw,t1_crcd94m,0.13513513513513514,0.18181818181818182,-0.04668304668304668
p_4203,t3_366935,t1_crb48sd,t1_crb93o7,0.21019108280254778,0.273972602739726,-0.06378151993717823
p_4204,t3_366935,t1_crb5ovt,t1_crb4po1,0.20218579234972678,0.4523809523809524,-0.2501951600312256
p_4205,t3_366935,t1_crb3q3x,t1_crb93o7,0.28225806451612906,0.273972602739726,0.008285461776403047
p_4207,t3_3633hr,t1_cracfoy,t1_craetek,0.15254237288135594,0.2112676056338028,-0.05872523275244687
p_4213,t3_362xxo,t1_craazhe,t1_cra7vj8,0.11363636363636363,0.22448979591836735,-0.11085343228200371
p_4212,t3_362xxo,t1_cra91kz,t1_cra8egz,0.2,0.23076923076923078,-0.03076923076923077
p_4208,t3_362xxo,t1_cra9nj2,t1_cra8egz,0.1569767441860465,0.23076923076923078,-0.07379248658318427
p_4209,t3_362xxo,t1_cra9bnt,t1_cra8egz,0.3018867924528302,0.23076923076923078,0.0711175616835994
p_4214,t3_362xxo,t1_crabevn,t1_cra82mu,0.23529411764705882,0.22033898305084745,0.014955134596211367
p_4211,t3_362xxo,t1_cra8ccq,t1_cra85vs,0.3181818181818182,0.17391304347826086,0.1442687747035573
p_4215,t3_361st8,t1_cr9wx17,t1_craeuvo,0.0379746835443038,0.09615384615384616,-0.05817916260954236
p_4216,t3_361st8,t1_cra0mwx,t1_cra9gv9,0.16129032258064516,0.16494845360824742,-0.0036581310276022627
p_4217,t3_361st8,t1_craiwvx,t1_cra9gv9,0.20869565217391303,0.16494845360824742,0.04374719856566561
p_4218,t3_361cys,t1_cr9yzkw,t1_cr9y5g8,0.07006369426751592,0.16326530612244897,-0.09320161185493304
p_4219,t3_361cys,t1_cr9xgc0,t1_cr9t6qc,0.14545454545454545,0.125,0.020454545454545447
p_4220,t3_360lwk,t1_cr9nixj,t1_cr9oak1,0.14473684210526316,0.16666666666666666,-0.021929824561403494
p_4221,t3_360du5,t1_cr9k2gr,t1_cr9jhq4,0.21333333333333335,0.21212121212121213,0.00121212121212122
p_4222,t3_35zzer,t1_cr9gnue,t1_cr9i6m0,0.15476190476190477,0.19875776397515527,-0.0439958592132505
p_4223,t3_35zi4m,t1_cr9bdwl,t1_cr9fc4y,0.1111111111111111,0.1891891891891892,-0.0780780780780781
p_4224,t3_35zguh,t1_cr9iv5x,t1_cr9h75a,0.0979020979020979,0.12345679012345678,-0.02555469222135888
p_4226,t3_35z1es,t1_cr96tzb,t1_cr9571k,0.028985507246376812,0.0967741935483871,-0.06778868630201028
p_4227,t3_35z1es,t1_cr99c3w,t1_cr9d0dl,0.07317073170731707,0.09166666666666666,-0.01849593495934959
p_4228,t3_35y0qf,t1_cr8wgnx,t1_cr8vi2j,0.16463414634146342,0.10236220472440945,0.062271941617053975
p_4229,t3_35wjd8,t1_cr8v07h,t1_cr8jbs1,0.08256880733944955,0.1891891891891892,-0.10662038184973965
p_4230,t3_35w8v2,t1_cr8f3v2,t1_cr8f9ax,0.2916666666666667,0.26865671641791045,0.02300995024875624
p_4231,t3_35w8v2,t1_cr8irdf,t1_cr8gplq,0.125,0.1792452830188679,-0.05424528301886791
p_4233,t3_35toyd,t1_cr7qd1b,t1_cr85c8b,0.2692307692307692,0.16666666666666666,0.10256410256410256
p_4234,t3_35toyd,t1_cr7oo3y,t1_cr7xf53,0.1864406779661017,0.10810810810810811,0.07833256985799358
p_4235,t3_35sw2p,t1_cr7kk4p,t1_cr7ne8m,0.10179640718562874,0.14473684210526316,-0.042940434919634424
p_4237,t3_35s5bb,t1_cr7fgpo,t1_cr7juob,0.17391304347826086,0.29333333333333333,-0.11942028985507247
p_4240,t3_35ruv5,t1_cr7clfr,t1_cr7cinv,0.18181818181818182,0.20689655172413793,-0.025078369905956105
p_4239,t3_35ruv5,t1_cr7bycz,t1_cr7d0y4,0.1390728476821192,0.14285714285714285,-0.0037842951750236553
p_4241,t3_35peeu,t1_cr6ssh1,t1_cr7l53q,0.08333333333333333,0.08284023668639054,0.0004930966469427894
p_4242,t3_35oag9,t1_cr6dn1m,t1_cr6gxvj,0.4782608695652174,0.34146341463414637,0.13679745493107104
p_4243,t3_35oag9,t1_cr6m2hi,t1_cr6gxvj,0.17088607594936708,0.34146341463414637,-0.17057733868477928
p_4244,t3_35mgfp,t1_cr5tt2i,t1_cr68z3e,0.28440366972477066,0.4411764705882353,-0.15677280086346462
p_4245,t3_35mgfp,t1_cr61twj,t1_cr5t999,0.17272727272727273,0.3142857142857143,-0.14155844155844155
p_4246,t3_35mgfp,t1_cr5rof8,t1_cr68z3e,0.5357142857142857,0.4411764705882353,0.09453781512605042
p_4247,t3_35md5x,t1_cr5qlbl,t1_cr6fywq,0.1619047619047619,0.13846153846153847,0.023443223443223443
p_4249,t3_35k9i9,t1_cr5buw4,t1_cr5km5t,0.24369747899159663,0.4318181818181818,-0.1881207028265852
p_4252,t3_35gi8x,t1_cr4ky6p,t1_cr49czs,0.10869565217391304,0.2,-0.09130434782608697
p_4253,t3_35gi8x,t1_cr4s724,t1_cr49czs,0.2711864406779661,0.2,0.07118644067796609
p_4254,t3_35foy9,t1_cr3z6dk,t1_cr4asiu,0.2795031055900621,0.2962962962962963,-0.016793190706234196
p_4257,t3_35foy9,t1_cr3z34g,t1_cr46bgq,0.2711864406779661,0.2608695652173913,0.010316875460574804
p_4258,t3_35foy9,t1_cr45f27,t1_cr4asiu,0.33636363636363636,0.2962962962962963,0.040067340067340085
p_4260,t3_35fjb1,t1_cr49j5s,t1_cr3xa7x,0.32,0.2916666666666667,0.02833333333333332
p_4262,t3_35bc4b,t1_cr2suj3,t1_cr2s3nt,0.18085106382978725,0.29523809523809524,-0.114387031408308
p_4263,t3_35bc4b,t1_cr2sadm,t1_cr2soeg,0.34375,0.28169014084507044,0.062059859154929564
