pair_id,root_id,success_id,failure_id,reply_frac_in_all_success,reply_frac_in_all_failure,difference_success_minus_failure
p_1,t3_2ro9ux,t1_cnhplrm,t1_cnhqcwz,0.3392857142857143,0.3384615384615385,0.0008241758241758212
p_2,t3_2ro0ti,t1_cnhuxye,t1_cnhowj2,0.24489795918367346,0.2631578947368421,-0.018259935553168627
p_3,t3_2rnr30,t1_cni3o83,t1_cnhlmdo,0.25654450261780104,0.2076271186440678,0.04891738397373324
p_5,t3_2rnfn0,t1_cnigfd9,t1_cnhjtqq,0.36466165413533835,0.4322916666666667,-0.06763001253132833
p_6,t3_2rmy6e,t1_cnhc8a5,t1_cnhmkxc,0.1956521739130435,0.18085106382978725,0.014801110083256241
p_7,t3_2rmy6e,t1_cnhjqws,t1_cnhmkxc,0.20717131474103587,0.18085106382978725,0.02632025091124862
p_11,t3_2rkzen,t1_cngw4hp,t1_cnhjlf9,0.6,0.3875,0.21249999999999997
p_12,t3_2rkjr3,t1_cngqb7p,t1_cnhhz9u,0.4277456647398844,0.6024096385542169,-0.17466397381433252
p_13,t3_2rk7my,t1_cngooa8,t1_cngpiso,0.32786885245901637,0.32653061224489793,0.0013382402141184357
p_14,t3_2rk7my,t1_cngoaq7,t1_cngoke7,0.37777777777777777,0.2978723404255319,0.07990543735224587
p_15,t3_2rgs7o,t1_cngkdic,t1_cnfu7mt,0.40458015267175573,0.43529411764705883,-0.0307139649753031
p_18,t3_2rd7mg,t1_cnetiqi,t1_cnfbr75,0.44594594594594594,0.38341968911917096,0.06252625682677498
p_19,t3_2rd7mg,t1_cnethg8,t1_cnevo8r,0.4827586206896552,0.8333333333333334,-0.3505747126436782
p_20,t3_2rcsdh,t1_cneonwb,t1_cnerq8q,0.3115942028985507,0.265625,0.04596920289855072
p_21,t3_2rcsdh,t1_cnepre9,t1_cneta9f,0.3925233644859813,0.2857142857142857,0.1068090787716956
p_22,t3_2rcsdh,t1_cnerrix,t1_cnerq8q,0.35294117647058826,0.265625,0.08731617647058826
p_24,t3_2rcpqy,t1_cnen833,t1_cneniy0,0.24242424242424243,0.45161290322580644,-0.209188660801564
p_25,t3_2rc3p3,t1_cnelqn6,t1_cnejze0,0.2875816993464052,0.32,-0.0324183006535948
p_26,t3_2rawgb,t1_cneyhn7,t1_cnerfm7,0.20555555555555555,0.20113314447592068,0.004422411079634869
p_28,t3_2r7f0g,t1_cnd8t6p,t1_cnd4xb4,0.2302158273381295,0.25405405405405407,-0.02383822671592456
p_29,t3_2r6fw9,t1_cnczhfc,t1_cncxwgs,0.24,0.23809523809523808,0.001904761904761909
p_30,t3_2r6a86,t1_cncxf4c,t1_cncxj5i,0.2,0.2661290322580645,-0.06612903225806449
p_31,t3_2r6a86,t1_cncz7ep,t1_cnd1czm,0.17050691244239632,0.14705882352941177,0.023448088912984555
p_32,t3_2r6a86,t1_cncx9n7,t1_cnd9u6t,0.23703703703703705,0.24752475247524752,-0.010487715438210476
p_33,t3_2r5o9o,t1_cncqcjt,t1_cncwesf,0.37623762376237624,0.4090909090909091,-0.03285328532853288
p_34,t3_2r5o9o,t1_cncp4k9,t1_cncvoxh,0.46551724137931033,0.4523809523809524,0.013136288998357948
p_35,t3_2r5o9o,t1_cncqhhb,t1_cncpluh,0.3113207547169811,0.5,-0.18867924528301888
p_36,t3_2r4u3k,t1_cncry40,t1_cncnikt,0.3181818181818182,0.26857142857142857,0.049610389610389605
p_37,t3_2r4b8f,t1_cnch3ur,t1_cnchpr4,0.2655172413793103,0.3597122302158273,-0.094194988836517
p_38,t3_2r3fa4,t1_cnc4l6o,t1_cnc6h09,0.4725274725274725,0.5686274509803921,-0.09609997845291962
p_39,t3_2r39y4,t1_cnc2apj,t1_cnc69pi,0.4342105263157895,0.44155844155844154,-0.007347915242652048
p_41,t3_2r1qfw,t1_cnd3gva,t1_cnbpxtc,0.3229166666666667,0.25316455696202533,0.06975210970464135
p_42,t3_2r1omi,t1_cnblplo,t1_cnblyk8,0.5348837209302325,0.4423076923076923,0.09257602862254022
p_43,t3_2r1omi,t1_cnby5pl,t1_cnbl7tt,0.3333333333333333,0.5652173913043478,-0.23188405797101447
p_44,t3_2r17g1,t1_cnbjfmc,t1_cnbjh0e,0.2631578947368421,0.34615384615384615,-0.08299595141700405
p_45,t3_2r0eyf,t1_cncjlq6,t1_cnb8f1r,0.23684210526315788,0.35365853658536583,-0.11681643132220795
p_47,t3_2r07cv,t1_cnb5yjj,t1_cnbl2z0,0.43478260869565216,0.29213483146067415,0.142647777234978
p_50,t3_2qzudy,t1_cnb75td,t1_cnb72w5,0.29239766081871343,0.425531914893617,-0.1331342540749036
p_51,t3_2qy21w,t1_cnaozch,t1_cnaxt0m,0.3617021276595745,0.47058823529411764,-0.10888610763454315
p_52,t3_2qvzyh,t1_cna6cd3,t1_cna4m9p,0.27586206896551724,0.30434782608695654,-0.028485757121439303
p_54,t3_2qu6fg,t1_cn9rm4s,t1_cn9jqcy,0.21818181818181817,0.37681159420289856,-0.1586297760210804
p_55,t3_2qtorn,t1_cn9ejzb,t1_cn9ezot,0.37398373983739835,0.4111111111111111,-0.03712737127371274
p_56,t3_2qslmz,t1_cn96gyu,t1_cn96797,0.363395225464191,0.3521739130434783,0.011221312420712726
p_57,t3_2qrlmm,t1_cn8uzj9,t1_cna3vcn,0.41304347826086957,0.375,0.03804347826086957
p_58,t3_2qrlmm,t1_cn8va27,t1_cna3vcn,0.2747747747747748,0.375,-0.1002252252252252
p_59,t3_2qrbaf,t1_cn9b6ar,t1_cnajqzu,0.352,0.35251798561151076,-0.000517985611510785
p_60,t3_2qr8gn,t1_cn8tm9p,t1_cn8zxwa,0.44,0.47761194029850745,-0.03761194029850745
p_61,t3_2qr8gn,t1_cn9b5po,t1_cn8tfsm,0.34375,0.2875816993464052,0.056168300653594794
p_62,t3_2qqxoy,t1_cn8oez8,t1_cn8o8sq,0.19767441860465115,0.2948717948717949,-0.09719737626714373
p_63,t3_2qqa7z,t1_cn8hti0,t1_cn8hi2i,0.26875,0.28205128205128205,-0.01330128205128206
p_64,t3_2qnzap,t1_cn7zx81,t1_cn7wwbo,0.24358974358974358,0.2717391304347826,-0.02814938684503901
p_65,t3_2qnzap,t1_cn7x1ic,t1_cn7zlhv,0.3546099290780142,0.4375,-0.0828900709219858
p_66,t3_2qnu4z,t1_cn7xcvt,t1_cn8idg6,0.29767441860465116,0.39705882352941174,-0.09938440492476058
p_67,t3_2qnu4z,t1_cn7wrhe,t1_cn8idg6,0.3790322580645161,0.39705882352941174,-0.018026565464895616
p_68,t3_2qncj3,t1_cn7tqy5,t1_cn7wgim,0.25165562913907286,0.24725274725274726,0.004402881886325594
p_73,t3_2qia6o,t1_cn7l5g4,t1_cn6ogzo,0.3522012578616352,0.3925233644859813,-0.0403221066243461
p_72,t3_2qia6o,t1_cn6rxow,t1_cn6ot0g,0.21551724137931033,0.2801556420233463,-0.06463840064403598
p_74,t3_2qgpie,t1_cn620d0,t1_cn5z7c0,0.14814814814814814,0.4117647058823529,-0.2636165577342048
p_77,t3_2qc1rl,t1_cn5sqpz,t1_cn50cq3,0.24516129032258063,0.28823529411764703,-0.0430740037950664
p_80,t3_2qaf6l,t1_cn4h6d8,t1_cn4ba9v,0.16455696202531644,0.19480519480519481,-0.03024823277987837
p_81,t3_2q9fkx,t1_cn46e20,t1_cn4ebjb,0.4485294117647059,0.4457831325301205,0.0027462792345854248
p_83,t3_2q6x54,t1_cn3lhe7,t1_cn3f94v,0.2926829268292683,0.36,-0.06731707317073171
p_84,t3_2q6k6o,t1_cn3clj6,t1_cn3c0uh,0.5384615384615384,0.5586592178770949,-0.020197679415556502
p_85,t3_2q6816,t1_cn3a5px,t1_cn38xe9,0.3508771929824561,0.2676767676767677,0.08320042530568844
p_86,t3_2q6816,t1_cn3875x,t1_cn3b495,0.34615384615384615,0.36923076923076925,-0.023076923076923106
p_90,t3_2q388d,t1_cn2e530,t1_cn2pyft,0.4,0.3561643835616438,0.043835616438356206
p_91,t3_2q388d,t1_cn2eaqu,t1_cn2pyft,0.3137254901960784,0.3561643835616438,-0.04243889336556539
p_92,t3_2q388d,t1_cn2re9b,t1_cn2pyft,0.19528619528619529,0.3561643835616438,-0.16087818827544853
p_93,t3_2q388d,t1_cn2e6rz,t1_cn2j7o1,0.3023255813953488,0.3829787234042553,-0.0806531420089065
p_94,t3_2q2cxc,t1_cn28of2,t1_cn2g775,0.29411764705882354,0.2807017543859649,0.013415892672858643
p_96,t3_2q0dpm,t1_cn1ti5g,t1_cn1p49g,0.2229299363057325,0.35,-0.1270700636942675
p_101,t3_2pxqz4,t1_cn13ybe,t1_cn0y99z,0.3055555555555556,0.4375,-0.13194444444444442
p_98,t3_2pxqz4,t1_cn11dcw,t1_cn0y99z,0.3333333333333333,0.4375,-0.10416666666666669
p_99,t3_2pxqz4,t1_cn0znyb,t1_cn0y99z,0.33695652173913043,0.4375,-0.10054347826086957
p_100,t3_2pxqz4,t1_cn11u7e,t1_cn12dq3,0.25,0.3977272727272727,-0.1477272727272727
p_103,t3_2pww37,t1_cn0q1m7,t1_cn0vhkj,0.2987012987012987,0.4117647058823529,-0.11306340718105423
p_105,t3_2pt2b2,t1_cmztgqz,t1_cmzvst5,0.3670886075949367,0.39215686274509803,-0.02506825515016131
p_106,t3_2pt2b2,t1_cmzx0i4,t1_cmzv05o,0.423728813559322,0.3875,0.036228813559322004
p_107,t3_2ps2mr,t1_cmzhxux,t1_cmzyju1,0.40540540540540543,0.35080645161290325,0.05459895379250218
p_108,t3_2pqfx4,t1_cmzmqbt,t1_cmz3fhx,0.19367588932806323,0.3018867924528302,-0.10821090312476694
p_109,t3_2ppxgu,t1_cmz3fxo,t1_cmz3hz0,0.34196891191709844,0.40350877192982454,-0.0615398600127261
p_110,t3_2pp7pp,t1_cmyupjh,t1_cmyxcrc,0.255,0.15630252100840336,0.09869747899159664
p_112,t3_2pnm9s,t1_cmytc0t,t1_cmycunf,0.3614457831325301,0.494949494949495,-0.13350371181696485
p_114,t3_2pm08t,t1_cmxwzlp,t1_cmxwyti,0.21658986175115208,0.37894736842105264,-0.16235750666990056
p_116,t3_2pjmrj,t1_cmxddb6,t1_cmxj3jh,0.2390745501285347,0.3684210526315789,-0.12934650250304422
p_117,t3_2pjbkm,t1_cmx7wpk,t1_cmx81vs,0.23776223776223776,0.2064516129032258,0.031310624859011954
p_119,t3_2pjbkm,t1_cmx86kb,t1_cmx81vs,0.09293680297397769,0.2064516129032258,-0.11351480992924812
p_118,t3_2pjbkm,t1_cmx7tet,t1_cmx7r0l,0.22413793103448276,0.23148148148148148,-0.00734355044699872
p_120,t3_2pimzj,t1_cmx2c61,t1_cmy635r,0.15,0.1554054054054054,-0.005405405405405406
p_122,t3_2phwfa,t1_cmwy98c,t1_cmwvzit,0.17045454545454544,0.16806722689075632,0.002387318563789126
p_123,t3_2pfatz,t1_cmw8af0,t1_cmw5dme,0.37962962962962965,0.42592592592592593,-0.04629629629629628
p_124,t3_2pf19b,t1_cmw30ng,t1_cmw5vwc,0.2905405405405405,0.38016528925619836,-0.08962474871565784
p_125,t3_2pb90y,t1_cmw6nes,t1_cmv8x0x,0.35294117647058826,0.3783783783783784,-0.02543720190779014
p_126,t3_2pata1,t1_cmuzv8n,t1_cmuzku3,0.3813559322033898,0.32727272727272727,0.05408320493066254
p_128,t3_2pata1,t1_cmv1bja,t1_cmuzw1v,0.3228346456692913,0.35714285714285715,-0.03430821147356583
p_129,t3_2pata1,t1_cmv1kvh,t1_cmuzw1v,0.3125,0.35714285714285715,-0.04464285714285715
p_130,t3_2paiy7,t1_cmuuepa,t1_cmuuubv,0.4117647058823529,0.4528301886792453,-0.04106548279689237
p_132,t3_2pa8qe,t1_cmvck77,t1_cmuygdo,0.21311475409836064,0.3424657534246575,-0.12935099932629687
p_134,t3_2p8w9e,t1_cmuem3l,t1_cmuesb3,0.25773195876288657,0.2185430463576159,0.03918891240527067
p_135,t3_2p8d3m,t1_cmub3xl,t1_cmuaujo,0.45454545454545453,0.35365853658536583,0.1008869179600887
p_140,t3_2p3d0h,t1_cmsyikr,t1_cmt2dzd,0.3902439024390244,0.449438202247191,-0.059194299808166595
p_141,t3_2p3d0h,t1_cmszlym,t1_cmszanf,0.315,0.29608938547486036,0.018910614525139646
p_144,t3_2p11bw,t1_cmsf46p,t1_cmsib92,0.26153846153846155,0.31343283582089554,-0.051894374282433986
p_145,t3_2p0xu8,t1_cmsgy2p,t1_cmsbh89,0.15609756097560976,0.35294117647058826,-0.1968436154949785
p_148,t3_2ox2nh,t1_cmrepwp,t1_cms5gvq,0.21710526315789475,0.19642857142857142,0.02067669172932332
p_149,t3_2ox2nh,t1_cmrgr22,t1_cms5gvq,0.1943127962085308,0.19642857142857142,-0.002115775220040611
p_151,t3_2ouj9f,t1_cmqnl31,t1_cmqrfg1,0.375886524822695,0.2169811320754717,0.15890539274722332
p_153,t3_2ottrr,t1_cmqmfx7,t1_cmqnqbl,0.2644230769230769,0.22274881516587677,0.041674261757200154
p_155,t3_2osnqc,t1_cmqhv5l,t1_cmresyd,0.2796208530805687,0.3626373626373626,-0.0830165095567939
p_157,t3_2orfda,t1_cmpt6sy,t1_cmpxkl7,0.37572254335260113,0.3694915254237288,0.006231017928872318
p_158,t3_2opfa2,t1_cmpp5ft,t1_cmpbzl7,0.2835820895522388,0.2978723404255319,-0.014290250873293109
p_159,t3_2opfa2,t1_cmpb0pv,t1_cmpbzl7,0.325,0.2978723404255319,0.02712765957446811
p_162,t3_2ook4i,t1_cmp3ql5,t1_cmp6pe7,0.29508196721311475,0.35294117647058826,-0.05785920925747351
p_163,t3_2ook4i,t1_cmp3sav,t1_cmp6pe7,0.30097087378640774,0.35294117647058826,-0.051970302684180514
p_164,t3_2oo3qw,t1_cmp0nen,t1_cmoz1u8,0.23529411764705882,0.34375,-0.10845588235294118
p_165,t3_2onx4o,t1_cmpcp85,t1_cmowl2j,0.4,0.25925925925925924,0.14074074074074078
p_166,t3_2olm34,t1_cmogsmw,t1_cmobov1,0.30973451327433627,0.3125,-0.002765486725663735
p_167,t3_2okzs7,t1_cmo88eb,t1_cmo4r1b,0.20388349514563106,0.3582089552238806,-0.15432546007824952
p_168,t3_2okzs7,t1_cmobl8p,t1_cmo50pz,0.22869955156950672,0.21660649819494585,0.012093053374560875
p_170,t3_2okad4,t1_cmo23yr,t1_cmo8tg2,0.3431952662721893,0.45871559633027525,-0.11552033005808593
p_171,t3_2okad4,t1_cmo8ojn,t1_cmoaise,0.325,0.3356164383561644,-0.010616438356164382
p_172,t3_2oj6fq,t1_cmnogog,t1_cmnorxs,0.2087378640776699,0.23809523809523808,-0.02935737401756819
p_173,t3_2oihml,t1_cmnhr07,t1_cmnhhi8,0.4270833333333333,0.42105263157894735,0.00603070175438597
p_176,t3_2od6s9,t1_cmm80hm,t1_cmm6iu4,0.48,0.4,0.07999999999999996
p_177,t3_2o6paa,t1_cmkar1d,t1_cmk90wu,0.2768361581920904,0.2857142857142857,-0.0088781275221953
p_178,t3_2o66aa,t1_cmktxrs,t1_cmkb48q,0.3231441048034934,0.3358208955223881,-0.01267679071889466
p_179,t3_2o3imb,t1_cmjfisw,t1_cmjf4wj,0.2992125984251969,0.48717948717948717,-0.1879668887542903
p_180,t3_2o2kga,t1_cmj4gzw,t1_cmj4j7t,0.2871287128712871,0.22818791946308725,0.058940793408199854
p_182,t3_2o0cgz,t1_cmijvd2,t1_cmj6omn,0.18548387096774194,0.21875,-0.03326612903225806
p_184,t3_2nzz4f,t1_cmig3tq,t1_cmigugj,0.3310810810810811,0.2922077922077922,0.03887328887328889
p_185,t3_2nzz4f,t1_cmig8jp,t1_cmigugj,0.3184713375796178,0.2922077922077922,0.026263545371825625
p_188,t3_2nycpk,t1_cmi2cok,t1_cmi07y5,0.35294117647058826,0.38461538461538464,-0.03167420814479638
p_189,t3_2nycpk,t1_cmi0pj8,t1_cmi1upk,0.1592356687898089,0.1686746987951807,-0.009439030005371801
p_192,t3_2nvoj9,t1_cmhbmic,t1_cmhh0hd,0.32558139534883723,0.45454545454545453,-0.1289640591966173
p_194,t3_2nurqb,t1_cmhj4k1,t1_cmh25d1,0.1912568306010929,0.24806201550387597,-0.05680518490278308
p_197,t3_2ns94k,t1_cmge1ce,t1_cmgdr4w,0.3384615384615385,0.5405405405405406,-0.2020790020790021
p_201,t3_2nn1t8,t1_cmf6dis,t1_cmf9lck,0.39111111111111113,0.4652777777777778,-0.07416666666666666
p_203,t3_2nlqpd,t1_cmep4vb,t1_cmescql,0.37209302325581395,0.2261904761904762,0.14590254706533776
p_204,t3_2njpov,t1_cme8uee,t1_cme7zu7,0.29591836734693877,0.23636363636363636,0.05955473098330241
p_207,t3_2nhvh5,t1_cme6tfj,t1_cme00q3,0.3877551020408163,0.41025641025641024,-0.02250130821559393
p_208,t3_2nfgyu,t1_cmd8966,t1_cmdakad,0.27722772277227725,0.3018867924528302,-0.024659069680552925
p_210,t3_2nfgyu,t1_cmdtb2g,t1_cmdla4k,0.08641975308641975,0.25,-0.16358024691358025
p_211,t3_2neyur,t1_cmd1tqr,t1_cmd1oh5,0.3884297520661157,0.373015873015873,0.015413879050242663
p_212,t3_2nejw6,t1_cmcw398,t1_cmcx4w0,0.29914529914529914,0.34285714285714286,-0.04371184371184372
p_213,t3_2ndhkz,t1_cmd8rka,t1_cmco92x,0.42105263157894735,0.5344827586206896,-0.11343012704174227
p_214,t3_2nccrb,t1_cmcdwlz,t1_cmcd35f,0.46511627906976744,0.3707865168539326,0.09432976221583483
p_215,t3_2nbz5b,t1_cmca2tl,t1_cmcmvds,0.3723404255319149,0.32075471698113206,0.051585708550782816
p_218,t3_2nbeuf,t1_cmcfhk8,t1_cmc4eif,0.2903225806451613,0.27586206896551724,0.014460511679644072
p_217,t3_2nbeuf,t1_cmcdl7k,t1_cmcs0t1,0.36923076923076925,0.3103448275862069,0.058885941644562345
p_222,t3_2n8psp,t1_cmbkvaw,t1_cmbempi,0.23870967741935484,0.25625,-0.01754032258064514
p_224,t3_2n8psp,t1_cmbnpay,t1_cmbzbs2,0.19543973941368079,0.1864406779661017,0.008999061447579088
p_225,t3_2n8psp,t1_cmc2p7e,t1_cmbi6o3,0.2562814070351759,0.32967032967032966,-0.07338892263515379
p_226,t3_2n6s5w,t1_cmav500,t1_cmax5qt,0.17993079584775087,0.27884615384615385,-0.09891535799840298
p_227,t3_2n4aay,t1_cmac7sf,t1_cma6qfq,0.16279069767441862,0.3333333333333333,-0.1705426356589147
p_229,t3_2n2wu5,t1_cm9u4m0,t1_cm9uau6,0.38596491228070173,0.25316455696202533,0.1328003553186764
p_230,t3_2mzkhr,t1_cm931kl,t1_cm92k7o,0.17518248175182483,0.40540540540540543,-0.2302229236535806
p_232,t3_2mw3l4,t1_cm83s8f,t1_cm875yc,0.35526315789473684,0.21739130434782608,0.13787185354691076
p_234,t3_2mv3n4,t1_cm83yv8,t1_cm805jt,0.27586206896551724,0.21114369501466276,0.06471837395085447
p_236,t3_2mr590,t1_cm6tqwt,t1_cm6umtg,0.43661971830985913,0.5714285714285714,-0.13480885311871227
p_237,t3_2mqzo8,t1_cm6skkb,t1_cm6usez,0.34782608695652173,0.4603174603174603,-0.11249137336093856
p_238,t3_2mqujn,t1_cm7jdj2,t1_cm6wgd3,0.45098039215686275,0.29896907216494845,0.1520113199919143
p_239,t3_2mq7ib,t1_cm6ltar,t1_cm6oe3f,0.2727272727272727,0.3559322033898305,-0.0832049306625578
p_240,t3_2mptvb,t1_cm6m7jr,t1_cm6q0wq,0.3864734299516908,0.30201342281879195,0.08446000713289886
p_241,t3_2mo4fl,t1_cm613kx,t1_cm5zuuo,0.48214285714285715,0.4925373134328358,-0.010394456289978649
p_242,t3_2mnthx,t1_cm5xikh,t1_cm660yf,0.25,0.2,0.04999999999999999
p_245,t3_2mnthx,t1_cm627rv,t1_cm660yf,0.3103448275862069,0.2,0.1103448275862069
p_246,t3_2mnpdh,t1_cm6nlky,t1_cm65r7g,0.2847222222222222,0.2320675105485232,0.052654711673699006
p_248,t3_2mm2dl,t1_cm5j6hr,t1_cm5iqtr,0.14012738853503184,0.2987012987012987,-0.15857391016626685
p_247,t3_2mm2dl,t1_cm5ikfo,t1_cm5imes,0.1743119266055046,0.3125,-0.1381880733944954
p_249,t3_2mlvww,t1_cm5gv0j,t1_cm5fmvt,0.5064935064935064,0.5471698113207547,-0.040676304827248266
p_250,t3_2mikc0,t1_cm4o1vc,t1_cm4l9f4,0.24468085106382978,0.4107142857142857,-0.16603343465045592
p_251,t3_2mfr85,t1_cm3vvc3,t1_cm3xij2,0.2595419847328244,0.25263157894736843,0.006910405785455986
p_252,t3_2mfr85,t1_cm3wzw1,t1_cm3s6tg,0.17994100294985252,0.4146341463414634,-0.23469314339161088
p_255,t3_2mczo6,t1_cm330i1,t1_cm36hij,0.39285714285714285,0.509090909090909,-0.11623376623376619
p_257,t3_2m9le3,t1_cm2e6er,t1_cm31flt,0.44324324324324327,0.48292682926829267,-0.0396835860250494
p_258,t3_2m9le3,t1_cm2g5du,t1_cm31flt,0.47692307692307695,0.48292682926829267,-0.006003752345215718
p_259,t3_2m9ifg,t1_cm26bmh,t1_cm2cio0,0.49019607843137253,0.5609756097560976,-0.07077953132472509
p_260,t3_2m5248,t1_cm11puj,t1_cm1w5lh,0.5423728813559322,0.4852941176470588,0.05707876370887338
p_261,t3_2m34jb,t1_cm0licf,t1_cm0sbmk,0.2159090909090909,0.20152091254752852,0.014388178361562393
p_262,t3_2lzrmg,t1_clzo5rz,t1_clzn6zp,0.4424778761061947,0.5735294117647058,-0.13105153565851113
p_263,t3_2lzrmg,t1_clzq2xu,t1_clzow1h,0.43537414965986393,0.2586750788643533,0.17669907079551062
p_264,t3_2lzhcj,t1_clzk61h,t1_clzmzlv,0.4461538461538462,0.5952380952380952,-0.14908424908424905
p_265,t3_2lxha7,t1_clz4fjz,t1_clz6u94,0.41935483870967744,0.6724137931034483,-0.25305895439377085
p_266,t3_2lxha7,t1_clz6dii,t1_clz2zlh,0.4444444444444444,0.5977011494252874,-0.15325670498084298
p_267,t3_2lxha7,t1_clz6jmw,t1_clz6u94,0.39903846153846156,0.6724137931034483,-0.2733753315649867
p_268,t3_2lwzlt,t1_clyyqcm,t1_clyz82q,0.45161290322580644,0.39823008849557523,0.05338281473023121
p_269,t3_2lwzlt,t1_clz3eem,t1_clyzhrn,0.2668918918918919,0.36220472440944884,-0.09531283251755696
p_270,t3_2lwv67,t1_clywrsu,t1_clywnxb,0.19480519480519481,0.23404255319148937,-0.03923735838629455
p_272,t3_2lvdpt,t1_clykbog,t1_clyi7eq,0.3076923076923077,0.3924050632911392,-0.08471275559883151
p_274,t3_2lvano,t1_clyh39w,t1_clyhfb1,0.375,0.2857142857142857,0.0892857142857143
p_275,t3_2luhkp,t1_clyejs2,t1_clyfg14,0.22033898305084745,0.3090909090909091,-0.08875192604006163
p_277,t3_2ls0mt,t1_clxsuzu,t1_clxs28i,0.18493150684931506,0.205607476635514,-0.020675969786198956
p_278,t3_2lrnbm,t1_clxhtmt,t1_clxl2fj,0.3492063492063492,0.46875,-0.11954365079365081
p_279,t3_2lqmp9,t1_clxaoqd,t1_clxmady,0.21333333333333335,0.21551724137931033,-0.0021839080459769844
p_283,t3_2lorq2,t1_clwr4fw,t1_clwvc1q,0.2810810810810811,0.24468085106382978,0.03640023001725132
p_286,t3_2lo786,t1_clwsiei,t1_clwl8yv,0.2169811320754717,0.27692307692307694,-0.05994194484760523
p_287,t3_2lo786,t1_clwrur8,t1_clwvtrz,0.27835051546391754,0.4025974025974026,-0.12424688713348508
p_289,t3_2llfy2,t1_clvxvqf,t1_clvyf5z,0.3727810650887574,0.34375,0.029031065088757413
p_288,t3_2llfy2,t1_clvxvbb,t1_clvyf5z,0.37579617834394907,0.34375,0.03204617834394907
p_290,t3_2ljn6y,t1_clvf7hk,t1_clvgued,0.4470588235294118,0.4878048780487805,-0.04074605451936869
p_291,t3_2ljn6y,t1_clvf3sn,t1_clvg96j,0.24161073825503357,0.37037037037037035,-0.12875963211533678
p_293,t3_2lhzxl,t1_cluxxzr,t1_cluy5d5,0.45098039215686275,0.5,-0.04901960784313725
p_294,t3_2lhzxl,t1_cluy594,t1_cluzvgm,0.4,0.4596774193548387,-0.05967741935483867
p_296,t3_2le6r2,t1_cltxkan,t1_cltxdco,0.24074074074074073,0.2716049382716049,-0.030864197530864196
p_298,t3_2ldsgu,t1_cltyfh2,t1_cltt3fn,0.21897810218978103,0.34532374100719426,-0.12634563881741323
p_302,t3_2l9paa,t1_clspte1,t1_clsvj5h,0.32142857142857145,0.4074074074074074,-0.08597883597883593
p_303,t3_2l6x4s,t1_cls2ahn,t1_cls2eiw,0.5569620253164557,0.4827586206896552,0.07420340462680047
p_305,t3_2l6s0m,t1_cls56tt,t1_cls5hqx,0.32682926829268294,0.26229508196721313,0.06453418632546981
p_306,t3_2l3xj1,t1_clrpq69,t1_clrfe8c,0.2988505747126437,0.3684210526315789,-0.06957047791893523
p_307,t3_2kypt8,t1_clpvnyi,t1_clpvnbz,0.2692307692307692,0.2602739726027397,0.008956796628029506
p_308,t3_2kypt8,t1_clpwjwi,t1_clpzajn,0.2028985507246377,0.2265625,-0.023663949275362306
p_309,t3_2kx0t8,t1_clphwg9,t1_clpl2cj,0.21212121212121213,0.18518518518518517,0.026936026936026952
p_311,t3_2kuu7n,t1_clp4w50,t1_cloyjd8,0.325,0.31891891891891894,0.0060810810810810745
p_310,t3_2kuu7n,t1_clp4b7x,t1_clp3n3x,0.20772946859903382,0.31690140845070425,-0.10917193985167042
p_313,t3_2kqfel,t1_clnulai,t1_clntjxy,0.5714285714285714,0.654320987654321,-0.08289241622574961
p_314,t3_2kqfel,t1_clnttl9,t1_clomsf7,0.7213114754098361,0.5616438356164384,0.1596676397933977
p_315,t3_2kose9,t1_clnb50a,t1_clnb6hg,0.2,0.35877862595419846,-0.15877862595419845
p_316,t3_2ko5tx,t1_cln523m,t1_cln4fit,0.21962616822429906,0.5208333333333334,-0.30120716510903434
p_318,t3_2kkqbm,t1_clmbeod,t1_clm9hyb,0.28888888888888886,0.3813953488372093,-0.09250645994832046
p_319,t3_2kko3q,t1_clm9cj5,t1_clmew0k,0.39166666666666666,0.3472222222222222,0.04444444444444445
p_322,t3_2kko3q,t1_clmb52s,t1_clm9cuo,0.25477707006369427,0.2518248175182482,0.0029522525454460657
p_324,t3_2kk7pc,t1_clm4luc,t1_clm2hsa,0.3028169014084507,0.5050505050505051,-0.2022336036420544
p_325,t3_2kgrtb,t1_cll64ro,t1_cll7z9y,0.3448275862068966,0.3064516129032258,0.03837597330367076
p_326,t3_2kgrtb,t1_cll6vkk,t1_cll7z9y,0.23880597014925373,0.3064516129032258,-0.06764564275397209
p_328,t3_2kdqq8,t1_clkkhs8,t1_clktv9z,0.20958083832335328,0.2767857142857143,-0.06720487596236102
p_330,t3_2kcnzq,t1_clk2ygk,t1_clk0kv6,0.4523809523809524,0.38317757009345793,0.06920338228749445
p_331,t3_2kacra,t1_cljftmb,t1_cljqwum,0.24031007751937986,0.2814814814814815,-0.041171403962101644
p_332,t3_2ka7la,t1_cljglg2,t1_cljepyl,0.23943661971830985,0.3055555555555556,-0.06611893583724573
p_333,t3_2k7hdx,t1_clirc4j,t1_clio0tt,0.23684210526315788,0.28205128205128205,-0.04520917678812417
p_334,t3_2k6r90,t1_clih2os,t1_clih4bd,0.1760797342192691,0.19480519480519481,-0.018725460585925724
p_335,t3_2k6r90,t1_clij0jm,t1_clih4bd,0.164804469273743,0.19480519480519481,-0.030000725531451805
p_336,t3_2k6r90,t1_cliklzw,t1_cligqv5,0.2517482517482518,0.26143790849673204,-0.009689656748480269
p_337,t3_2k6r90,t1_clifxg1,t1_cligjkm,0.32894736842105265,0.2826086956521739,0.046338672768878764
p_338,t3_2k6gif,t1_clicob1,t1_clifs1j,0.2830188679245283,0.21578947368421053,0.06722939424031776
p_339,t3_2k4hym,t1_clhtpwj,t1_clhv3j1,0.17094017094017094,0.2857142857142857,-0.11477411477411475
p_340,t3_2k49mm,t1_clhusz2,t1_clhupbu,0.2937062937062937,0.42424242424242425,-0.13053613053613056
p_341,t3_2k3k0f,t1_clhk37s,t1_clhkbr9,0.27,0.24050632911392406,0.029493670886075962
p_342,t3_2k3k0f,t1_clhqb2i,t1_clhkbr9,0.18543046357615894,0.24050632911392406,-0.05507586553776511
p_343,t3_2k38kl,t1_clhr282,t1_clhhr4x,0.4939759036144578,0.6666666666666666,-0.17269076305220882
p_344,t3_2k36w0,t1_clhgvwv,t1_cli2kib,0.345679012345679,0.39759036144578314,-0.05191134910010414
p_345,t3_2k36w0,t1_cli8oco,t1_clhjrth,0.16615384615384615,0.20080321285140562,-0.03464936669755947
p_346,t3_2k2szz,t1_clhdjlr,t1_clhg601,0.4117647058823529,0.3709677419354839,0.04079696394686905
p_347,t3_2k1utj,t1_clh4smk,t1_clh4kow,0.35714285714285715,0.36363636363636365,-0.006493506493506496
p_348,t3_2k1utj,t1_clh4t7a,t1_clhgd1b,0.32710280373831774,0.391304347826087,-0.06420154408776924
p_349,t3_2k1utj,t1_clhb9mi,t1_clh4kow,0.21367521367521367,0.36363636363636365,-0.14996114996114998
p_351,t3_2k1puo,t1_clh63i4,t1_clh5f05,0.33070866141732286,0.4146341463414634,-0.08392548492414054
p_352,t3_2k1puo,t1_clh65uf,t1_clhvr2d,0.4147727272727273,0.3956043956043956,0.019168331668331706
p_353,t3_2k1puo,t1_clh65j4,t1_clhvr2d,0.4659090909090909,0.3956043956043956,0.0703046953046953
p_354,t3_2k1puo,t1_cli979e,t1_clhkzsx,0.3181818181818182,0.43137254901960786,-0.11319073083778969
p_355,t3_2k19cr,t1_clgz4c8,t1_clh5opp,0.5517241379310345,0.7659574468085106,-0.21423330887747616
p_357,t3_2k19cr,t1_clgz8mq,t1_clh4fvz,0.3482142857142857,0.3875,-0.03928571428571431
p_358,t3_2k17kl,t1_clhphu8,t1_clgytu5,,0.5522388059701493,
p_359,t3_2k16fy,t1_clh464b,t1_clh7dae,0.38095238095238093,0.3291139240506329,0.05183845690174804
p_360,t3_2k0t4m,t1_clh2kiw,t1_cliiz93,0.38461538461538464,0.47126436781609193,-0.0866489832007073
p_362,t3_2k08pw,t1_clgrnar,t1_clgppqb,0.19834710743801653,0.23076923076923078,-0.03242212333121425
p_367,t3_2jvv3h,t1_clfmf4m,t1_clfkc2t,0.6444444444444445,0.39344262295081966,0.2510018214936248
p_368,t3_2jug85,t1_clf92x6,t1_clfbqwz,0.33962264150943394,0.39344262295081966,-0.05381998144138572
p_369,t3_2jug85,t1_clf7frm,t1_clffyeo,0.43564356435643564,0.3670886075949367,0.06855495676149892
p_370,t3_2ju07o,t1_clf6o33,t1_clf2f0m,0.2755102040816326,0.2773109243697479,-0.0018007202881152873
p_371,t3_2jtpcj,t1_clf007u,t1_clf0si6,0.45698924731182794,0.5802469135802469,-0.123257666268419
p_372,t3_2jr2px,t1_clec1be,t1_clefsfa,0.25806451612903225,0.3089430894308943,-0.05087857330186207
p_373,t3_2jpazx,t1_cldtopl,t1_cldtw4w,0.23357664233576642,0.2803030303030303,-0.04672638796726386
p_374,t3_2jp9x4,t1_cldt2z1,t1_cldu76n,0.22131147540983606,0.3670886075949367,-0.14577713218510066
p_375,t3_2jp9x4,t1_clekeze,t1_clegi91,0.2328767123287671,0.2962962962962963,-0.06341958396752917
p_378,t3_2jk5tw,t1_clciqy4,t1_clcualb,0.26108374384236455,0.41818181818181815,-0.1570980743394536
p_380,t3_2jk4dx,t1_clcyeh9,t1_clcuzkf,0.22413793103448276,0.40476190476190477,-0.180623973727422
p_382,t3_2jgtvo,t1_clbpx86,t1_clbm2rj,0.23529411764705882,0.3617021276595745,-0.12640801001251567
p_383,t3_2jd1e2,t1_clal24g,t1_clanf9e,0.14963503649635038,0.27472527472527475,-0.12509023822892437
p_384,t3_2jd1e2,t1_clarvlb,t1_clanf9e,0.20085470085470086,0.27472527472527475,-0.07387057387057389
p_385,t3_2jd1e2,t1_claktmk,t1_clanf9e,0.24786324786324787,0.27472527472527475,-0.026862026862026878
p_387,t3_2jaz9o,t1_claaior,t1_cla6j13,0.19753086419753085,0.28205128205128205,-0.0845204178537512
p_388,t3_2jalt8,t1_clawz3s,t1_cla00dw,0.3333333333333333,0.3728813559322034,-0.03954802259887008
p_389,t3_2jalrh,t1_cl9xfk4,t1_cl9zbqs,0.20634920634920634,0.27450980392156865,-0.06816059757236231
p_390,t3_2jaiv1,t1_cl9wvir,t1_cl9x4n6,0.26900584795321636,0.248,0.02100584795321636
p_391,t3_2j7xhu,t1_cl97sqh,t1_cl96t4g,0.34328358208955223,0.32142857142857145,0.021855010660980778
p_394,t3_2j7gwy,t1_cl96wx9,t1_cl9fm82,0.4268292682926829,0.463768115942029,-0.036938847649346074
p_395,t3_2j7gwy,t1_cl9cn39,t1_cl9dn9l,0.5116279069767442,0.6911764705882353,-0.17954856361149107
p_396,t3_2j7d65,t1_cl91nh6,t1_cl91k1d,0.4146341463414634,0.45652173913043476,-0.04188759278897136
p_398,t3_2j6t16,t1_cl92lzn,t1_cl97wok,0.23853211009174313,0.20118343195266272,0.03734867813908041
p_400,t3_2j5jvu,t1_cl9bkpg,t1_cl8o6tc,0.20848056537102475,0.23711340206185566,-0.028632836690830915
p_403,t3_2j3b5u,t1_cl80w0h,t1_cl8gnj4,0.22077922077922077,0.20202020202020202,0.018759018759018753
p_407,t3_2j3b5u,t1_cl8dhjd,t1_cl85v1i,0.3288590604026846,0.3181818181818182,0.010677242220866412
p_406,t3_2j3b5u,t1_cl89ycu,t1_cl85v1i,0.29831932773109243,0.3181818181818182,-0.019862490450725745
p_408,t3_2j3aav,t1_cl840b4,t1_cl849y1,0.3069306930693069,0.31746031746031744,-0.010529624391010517
p_409,t3_2j28la,t1_cl7q1dy,t1_cl858g0,0.40540540540540543,0.4782608695652174,-0.07285546415981198
p_410,t3_2j28la,t1_cl7p4at,t1_cl83vyl,0.3018867924528302,0.36585365853658536,-0.06396686608375518
p_411,t3_2j28la,t1_cl7ri4n,t1_cl858g0,0.3643410852713178,0.4782608695652174,-0.1139197842938996
p_412,t3_2j28la,t1_cl81bji,t1_cl858g0,0.2403846153846154,0.4782608695652174,-0.23787625418060201
p_413,t3_2j196u,t1_cl7nh5y,t1_cl7qbkn,0.27450980392156865,0.2681818181818182,0.0063279857397504635
p_415,t3_2izt1m,t1_cl7icjq,t1_cl7elqy,0.29775280898876405,0.3220338983050847,-0.02428108931632067
p_416,t3_2izt1m,t1_cl7sekd,t1_cl75zb3,0.21401515151515152,0.3742690058479532,-0.16025385433280168
p_418,t3_2izjkk,t1_cl6xo3s,t1_cl74g9q,0.3302752293577982,0.26229508196721313,0.06798014739058506
p_419,t3_2izjkk,t1_cl6ygkg,t1_cl6xy7n,0.24242424242424243,0.2131979695431472,0.029226272881095222
p_420,t3_2izeqi,t1_cl6wpkg,t1_cl6w17t,0.17511520737327188,0.3115942028985507,-0.13647899552527884
p_422,t3_2ixmih,t1_cl6muq9,t1_cl6mipr,0.20220588235294118,0.4883720930232558,-0.2861662106703146
p_423,t3_2ixmih,t1_cl6ozsr,t1_cl6o7jv,0.34177215189873417,0.4,-0.058227848101265856
p_427,t3_2ixatz,t1_cl8dw9u,t1_cl6g9da,0.3333333333333333,0.20136518771331058,0.13196814562002274
p_425,t3_2ixatz,t1_cl6fauf,t1_cl6z31r,0.2890625,0.30158730158730157,-0.01252480158730157
p_426,t3_2ixatz,t1_cl6iqft,t1_cl6gf5b,0.3380281690140845,0.3728813559322034,-0.034853186918118895
p_428,t3_2iwzsp,t1_cl6ay84,t1_cl6c988,0.21578947368421053,0.27358490566037735,-0.05779543197616682
p_429,t3_2iwzsp,t1_cl6bhfy,t1_cl6c988,0.3116883116883117,0.27358490566037735,0.03810340602793433
p_430,t3_2iwveo,t1_cl6b8u3,t1_cl69lxd,0.27014218009478674,0.32167832167832167,-0.05153614158353492
p_431,t3_2iwveo,t1_cl800qa,t1_cl69lxd,0.199288256227758,0.32167832167832167,-0.12239006545056366
p_432,t3_2ivx0l,t1_cl67lqu,t1_cl67bty,0.3978494623655914,0.3409090909090909,0.056940371456500494
p_434,t3_2iv4za,t1_cl5slm3,t1_cl5s53p,0.22641509433962265,0.2535211267605634,-0.02710603242094073
p_435,t3_2iuaxc,t1_cl5nwpb,t1_cl5jk46,0.5294117647058824,0.582089552238806,-0.052677787532923626
p_437,t3_2isiv7,t1_cl525xl,t1_cl549xt,0.23648648648648649,0.3333333333333333,-0.09684684684684683
p_439,t3_2irrk7,t1_cl4wjj0,t1_cl4u4v3,0.5777777777777777,0.5132743362831859,0.06450344149459186
p_438,t3_2irrk7,t1_cl4wdvv,t1_cl52znp,0.35944700460829493,0.4942528735632184,-0.13480586895492347
p_440,t3_2irrk7,t1_cl4y7m2,t1_cl58m5a,0.3447204968944099,0.43478260869565216,-0.09006211180124224
p_441,t3_2ir1vh,t1_cl4nafc,t1_cl4pno4,0.35833333333333334,0.28888888888888886,0.06944444444444448
p_443,t3_2iovvi,t1_cl43i7i,t1_cl42uon,0.47692307692307695,0.4527027027027027,0.024220374220374263
p_444,t3_2inzpj,t1_cl3wpb9,t1_cl3udkv,0.24305555555555555,0.358695652173913,-0.11564009661835747
p_445,t3_2ina28,t1_cl3s9jc,t1_cl3neuz,0.42105263157894735,0.3191489361702128,0.10190369540873456
p_449,t3_2il3zi,t1_cl3rzx9,t1_cl3bvmc,0.32456140350877194,0.27319587628865977,0.05136552722011217
p_450,t3_2ikw3y,t1_cl371yt,t1_cl333zm,0.17006802721088435,0.18253968253968253,-0.012471655328798181
p_451,t3_2iht9m,t1_cl2lqsw,t1_cl2gvmp,0.22885572139303484,0.4090909090909091,-0.18023518769787428
p_452,t3_2igw1u,t1_cl25sfq,t1_cl22odo,0.28434504792332266,0.33766233766233766,-0.053317289739015006
p_453,t3_2idrbt,t1_cl1a71q,t1_cl1ab8j,0.2638888888888889,0.33620689655172414,-0.07231800766283525
p_454,t3_2idrbt,t1_cl1duod,t1_cl1dfkj,0.39622641509433965,0.4094488188976378,-0.013222403803298144
p_455,t3_2icu72,t1_cl11doa,t1_cl1s0iw,0.4827586206896552,0.6290322580645161,-0.14627363737486093
p_456,t3_2ia71k,t1_cl0aa4e,t1_cl09ezh,0.37349397590361444,0.3644859813084112,0.00900799459520324
p_457,t3_2ia687,t1_cl09frn,t1_cl0qx79,0.12547528517110265,0.21487603305785125,-0.0894007478867486
p_460,t3_2i87x9,t1_ckzt3jo,t1_ckzrx1b,0.2972972972972973,0.5416666666666666,-0.24436936936936932
p_461,t3_2i7mpy,t1_ckzo815,t1_ckzptel,0.2087912087912088,0.1643835616438356,0.04440764714737319
p_464,t3_2i74db,t1_ckzhoas,t1_ckzmg42,0.3764705882352941,0.2556818181818182,0.12078877005347594
p_466,t3_2i74db,t1_ckzk199,t1_ckzh5vf,0.2619047619047619,0.2857142857142857,-0.02380952380952378
p_465,t3_2i74db,t1_ckzhr6u,t1_ckzmg42,0.296875,0.2556818181818182,0.04119318181818182
p_467,t3_2i74db,t1_ckzp8g2,t1_ckzhplg,0.2830188679245283,0.3037974683544304,-0.020778600429902094
p_468,t3_2i74db,t1_cl0olzx,t1_ckzivxw,0.29545454545454547,0.25806451612903225,0.03739002932551322
p_469,t3_2i6wcg,t1_ckzjivu,t1_ckzqgtr,0.25943396226415094,0.27205882352941174,-0.0126248612652608
p_470,t3_2i6sq2,t1_ckzd013,t1_ckzmvnc,0.2682926829268293,0.24444444444444444,0.023848238482384848
p_472,t3_2i53gm,t1_ckyxxzr,t1_ckzkrjm,0.2631578947368421,0.32,-0.056842105263157916
p_474,t3_2i53gm,t1_ckyxdye,t1_ckyz4tk,0.4418604651162791,0.2777777777777778,0.1640826873385013
p_473,t3_2i53gm,t1_ckz0h04,t1_ckzj5lk,0.2328767123287671,0.24324324324324326,-0.010366530914476146
p_475,t3_2i4ujn,t1_ckz1of3,t1_ckyu5rm,0.2806451612903226,0.30128205128205127,-0.02063688999172869
p_476,t3_2i48ap,t1_ckyt6o8,t1_ckyqbf3,0.27647058823529413,0.28440366972477066,-0.007933081489476523
p_477,t3_2i1d99,t1_ckxyj6k,t1_cky3jbs,0.3067484662576687,0.5238095238095238,-0.21706105755185512
p_479,t3_2i0v1l,t1_ckxu8a4,t1_cky4z54,0.3128491620111732,0.4025974025974026,-0.08974824058622943
p_480,t3_2i0v1l,t1_ckxvp3i,t1_cky4z54,0.5056179775280899,0.4025974025974026,0.10302057493068728
p_481,t3_2i0v1l,t1_ckxu3sn,t1_cky4z54,0.44086021505376344,0.4025974025974026,0.03826281245636082
p_483,t3_2i0v1l,t1_ckxu3jp,t1_cky4z54,0.3832599118942731,0.4025974025974026,-0.019337490703129512
p_482,t3_2i0v1l,t1_cky0241,t1_ckyf89q,0.532608695652174,0.2988929889298893,0.23371570672228464
p_484,t3_2hzyl1,t1_cky1hsp,t1_ckxtqoy,0.21649484536082475,0.171875,0.04461984536082475
p_485,t3_2hxjbt,t1_ckx3oiu,t1_ckwx420,0.4567901234567901,0.671875,-0.2150848765432099
p_486,t3_2hxjbt,t1_ckx4axr,t1_ckwx420,0.4378698224852071,0.671875,-0.23400517751479288
p_488,t3_2hwulu,t1_ckwq1jd,t1_ckwq945,0.5348837209302325,0.43283582089552236,0.10204790003471015
p_490,t3_2htrl3,t1_ckw2y0n,t1_ckvy6x4,0.44805194805194803,0.3870967741935484,0.06095517385839966
p_491,t3_2htk52,t1_ckvvxkp,t1_ckvx0ev,0.20909090909090908,0.2682926829268293,-0.05920177383592021
p_492,t3_2htk52,t1_ckvxkvc,t1_ckvx0ev,0.2857142857142857,0.2682926829268293,0.017421602787456414
p_493,t3_2hr75i,t1_ckv9zqs,t1_ckv9rr3,0.2716049382716049,0.25316455696202533,0.01844038130957959
p_496,t3_2hpa2d,t1_ckuqod3,t1_ckuzhiu,0.2956521739130435,0.296,-0.0003478260869564931
p_498,t3_2ho91q,t1_ckvcw78,t1_ckuhjc3,0.323943661971831,0.3787878787878788,-0.054844216816047786
p_499,t3_2hiuav,t1_ckt28ag,t1_ckt2g63,0.2664233576642336,0.3793103448275862,-0.1128869871633526
p_500,t3_2hfggr,t1_cks62en,t1_cks5dxq,0.49514563106796117,0.4696969696969697,0.025448661370991443
p_501,t3_2hevmr,t1_cks71oj,t1_cks21ow,0.19444444444444445,0.19776119402985073,-0.0033167495854062867
p_503,t3_2hcsbm,t1_ckrirh7,t1_ckrgs3i,0.05825242718446602,0.04430379746835443,0.01394862971611159
p_504,t3_2hcsbm,t1_ckrm2w9,t1_ckrhha6,0.04895104895104895,0.06976744186046512,-0.020816392909416163
p_505,t3_2hcri1,t1_ckrh2wh,t1_ckrggw4,0.26229508196721313,0.2909090909090909,-0.028614008941877767
p_506,t3_2hcri1,t1_ckrjgy3,t1_ckrggw4,0.35,0.2909090909090909,0.05909090909090908
p_508,t3_2h86d3,t1_ckqarz7,t1_ckqhhuu,0.30985915492957744,0.232,0.07785915492957743
p_509,t3_2h86d3,t1_ckqafe5,t1_ckqce1l,0.3114754098360656,0.36507936507936506,-0.05360395524329947
p_511,t3_2h4eyz,t1_ckpc76o,t1_ckp9n1i,0.3617021276595745,0.3695652173913043,-0.007863089731729833
p_513,t3_2h0jzj,t1_ckohl81,t1_ckodwsx,0.30735930735930733,0.4785714285714286,-0.17121212121212126
p_514,t3_2h0jzj,t1_ckoe0hf,t1_ckodwsx,0.42677824267782427,0.4785714285714286,-0.05179318589360432
p_516,t3_2gzzdj,t1_cko4w0c,t1_cko704v,0.37037037037037035,0.25555555555555554,0.11481481481481481
p_519,t3_2gydya,t1_cknrbir,t1_cknn53g,0.3153846153846154,0.2727272727272727,0.04265734265734267
p_520,t3_2gydya,t1_ckoa0em,t1_ckoa7jr,0.25903614457831325,0.30392156862745096,-0.0448854240491377
p_522,t3_2gutfw,t1_ckmqhcy,t1_ckmsmic,0.47619047619047616,0.3409090909090909,0.13528138528138528
p_523,t3_2gutfw,t1_ckmsso5,t1_ckmp2m8,0.2804878048780488,0.4152542372881356,-0.1347664324100868
p_524,t3_2gutfw,t1_ckmpz17,t1_ckn0chh,0.36551724137931035,0.5555555555555556,-0.19003831417624523
p_525,t3_2gsjt4,t1_ckm3eez,t1_ckm57gi,0.43333333333333335,0.3291139240506329,0.10421940928270046
p_526,t3_2gsjkx,t1_ckm3upz,t1_ckm3me9,0.2523364485981308,0.2619047619047619,-0.009568313306631104
p_527,t3_2gscl8,t1_ckm3j6s,t1_ckm1x6y,0.34065934065934067,0.31210191082802546,0.028557429831315206
p_529,t3_2gpy69,t1_cklkgsr,t1_cklrd7q,0.18548387096774194,0.31666666666666665,-0.13118279569892471
p_532,t3_2gmkz2,t1_ckkm4uh,t1_ckkl832,0.3225806451612903,0.3157894736842105,0.006791171477079805
p_534,t3_2glozx,t1_ckkahw7,t1_ckkcrue,0.4406779661016949,0.27419354838709675,0.16648441771459815
p_535,t3_2glozx,t1_ckkb7k5,t1_ckkcgtt,0.3176470588235294,0.35714285714285715,-0.03949579831932776
p_536,t3_2gliyk,t1_ckk9blv,t1_ckk9cif,0.2621951219512195,0.19631901840490798,0.06587610354631154
p_537,t3_2gliyk,t1_ckkaypu,t1_ckkhubk,0.20883534136546184,0.18421052631578946,0.02462481504967237
p_538,t3_2gkv97,t1_ckk5d7b,t1_ckk2eje,0.2962962962962963,0.38202247191011235,-0.08572617561381607
p_541,t3_2ghosx,t1_ckj7oyl,t1_ckj8bt9,0.23921568627450981,0.4117647058823529,-0.1725490196078431
p_542,t3_2ggq4d,t1_ckiyftg,t1_ckiyjmb,0.2644628099173554,0.28846153846153844,-0.023998728544183057
p_543,t3_2ggppl,t1_ckixuwj,t1_ckixo4m,0.25,0.2543859649122807,-0.004385964912280715
p_545,t3_2ggppl,t1_ckiyv6o,t1_ckiz87f,0.26356589147286824,0.22580645161290322,0.03775943985996502
p_547,t3_2ggeie,t1_ckj0ypi,t1_ckiurpd,0.12923076923076923,0.14540059347181009,-0.016169824241040853
p_548,t3_2gf3at,t1_ckjbl54,t1_ckioyq4,0.32323232323232326,0.3225806451612903,0.0006516780710329462
p_551,t3_2gdd35,t1_cki0iqm,t1_cki80vu,0.2828282828282828,0.2857142857142857,-0.002886002886002881
p_554,t3_2g83sk,t1_ckgpxl1,t1_ckgjkvd,0.23809523809523808,0.21153846153846154,0.026556776556776546
p_555,t3_2g6mpl,t1_ckg55ez,t1_ckg4zgn,0.42028985507246375,0.3389830508474576,0.08130680422500614
p_556,t3_2g4ifu,t1_ckfqk9u,t1_ckfshmt,0.25384615384615383,0.26046511627906976,-0.006618962432915931
p_559,t3_2g2vzd,t1_ckf6qtu,t1_ckf4pc7,0.3173076923076923,0.24074074074074073,0.07656695156695156
p_561,t3_2g2dg1,t1_ckf6526,t1_ckg1de7,0.20821917808219179,0.29797979797979796,-0.08976061989760617
p_562,t3_2g1ea5,t1_ckeqq3q,t1_ckesi7g,0.3665338645418327,0.42857142857142855,-0.06203756402959587
p_564,t3_2g1ea5,t1_ckersg9,t1_cket437,0.4881889763779528,0.4207650273224044,0.06742394905554838
p_565,t3_2g1ea5,t1_cket8bk,t1_cket39p,0.4666666666666667,0.5967741935483871,-0.13010752688172045
p_566,t3_2g0wmr,t1_ckenwa6,t1_ckemqjl,0.21428571428571427,0.26,-0.045714285714285735
p_569,t3_2fwq1i,t1_ckdlfbp,t1_ckdpk3y,0.36363636363636365,0.29896907216494845,0.0646672914714152
p_570,t3_2fwmff,t1_ckdlodj,t1_ckdfg3r,0.3815789473684211,0.3192488262910798,0.06233012107734126
p_572,t3_2fuvyn,t1_ckd2th4,t1_ckd051u,0.2245762711864407,0.3136094674556213,-0.0890331962691806
p_573,t3_2fu5da,t1_ckcwa0l,t1_ckd7g94,0.3698630136986301,0.3387096774193548,0.0311533362792753
p_575,t3_2fu5da,t1_ckd2dqa,t1_ckd7g94,0.28865979381443296,0.3387096774193548,-0.05004988360492185
p_576,t3_2fu5da,t1_ckdjfgl,t1_cke4u4s,0.2601626016260163,0.3047619047619048,-0.0445993031358885
p_577,t3_2fty9r,t1_ckd78uk,t1_ckcsyfa,0.3263157894736842,0.29069767441860467,0.03561811505507956
p_579,t3_2fr87u,t1_ckcche8,t1_ckbz0d4,0.3563218390804598,0.3142857142857143,0.0420361247947455
p_581,t3_2fo07m,t1_ckb6wte,t1_ckbi4rn,0.34868421052631576,0.38372093023255816,-0.03503671970624239
p_582,t3_2fo07m,t1_ckb4dmq,t1_ckbi4rn,0.44642857142857145,0.38372093023255816,0.0627076411960133
p_586,t3_2fkhgs,t1_cka4baq,t1_ckagd1v,0.6296296296296297,0.4915254237288136,0.13810420590081607
p_587,t3_2fkhgs,t1_cka71xp,t1_ckahr81,0.31333333333333335,0.37327188940092165,-0.0599385560675883
p_588,t3_2fkhgs,t1_ckabepp,t1_ckab7k5,0.39490445859872614,0.6842105263157895,-0.28930606771706335
p_589,t3_2fjsjb,t1_ck9wx7u,t1_cka49p5,0.4009433962264151,0.39156626506024095,0.009377131166174169
p_590,t3_2fh3qu,t1_ck99mwb,t1_ck94xpk,0.2898550724637681,0.25,0.039855072463768126
p_592,t3_2fgshm,t1_ck9f5l1,t1_ck98ujh,0.3111111111111111,0.2966101694915254,0.014500941619585705
p_593,t3_2fgrxm,t1_ck91zkd,t1_ck91m7r,0.4166666666666667,0.49572649572649574,-0.07905982905982906
p_595,t3_2fg916,t1_ck8x3ob,t1_ck8wogg,0.31654676258992803,0.3,0.016546762589928043
p_597,t3_2fduqy,t1_ck8t6he,t1_ck8px65,0.2236024844720497,0.25675675675675674,-0.03315427228470705
p_598,t3_2fduqy,t1_ck8agrx,t1_ck94f1t,0.24553571428571427,0.2676056338028169,-0.022069919517102604
p_602,t3_2fdmwl,t1_ck8hcxb,t1_ck8aoqa,0.5567010309278351,0.5612903225806452,-0.004589291652810079
p_603,t3_2fdmwl,t1_ck8rib6,t1_ck8aoqa,0.42408376963350786,0.5612903225806452,-0.1372065529471373
p_605,t3_2fd87u,t1_ck83yle,t1_ck84612,0.31862745098039214,0.44565217391304346,-0.12702472293265132
p_606,t3_2fd87u,t1_ck859ka,t1_ck843v2,0.38636363636363635,0.484375,-0.09801136363636365
p_607,t3_2fbbv9,t1_ck84tkw,t1_ck88yhl,0.34177215189873417,0.4634146341463415,-0.12164248224760732
p_611,t3_2f78ys,t1_ck6mvg6,t1_ck6wzql,0.15555555555555556,0.12582781456953643,0.02972774098601913
p_616,t3_2f3w7f,t1_ck60pkf,t1_ck68kw6,0.2094240837696335,0.23958333333333334,-0.030159249563699836
p_617,t3_2f3fma,t1_ck5uh5i,t1_ck5jj2i,0.25728155339805825,0.5,-0.24271844660194175
p_618,t3_2f2p8u,t1_ck5cmsy,t1_ck5f41j,0.4634146341463415,0.3728813559322034,0.09053327821413809
p_620,t3_2f1tka,t1_ck54mdm,t1_ck53prd,0.26436781609195403,0.36065573770491804,-0.09628792161296401
p_623,t3_2f0a4a,t1_ck5qg13,t1_ck4vnzo,0.4351851851851852,0.6976744186046512,-0.262489233419466
p_626,t3_2erf2t,t1_ck2ljcj,t1_ck2gk4u,0.3089887640449438,0.2864864864864865,0.022502277558457295
p_628,t3_2eqf4w,t1_ck2dhsc,t1_ck22nty,0.1285444234404537,0.1729106628242075,-0.04436623938375381
p_635,t3_2emkns,t1_ck1194m,t1_ck13p6l,0.3728813559322034,0.2517482517482518,0.12113310418395162
p_634,t3_2emkns,t1_ck0zrjm,t1_ck13p6l,0.28448275862068967,0.2517482517482518,0.032734506872437896
p_632,t3_2emkns,t1_ck12zme,t1_ck13upr,0.22844827586206898,0.336,-0.10755172413793104
p_637,t3_2emdo8,t1_ck0wlix,t1_ck0ugt9,0.2589928057553957,0.3404255319148936,-0.08143272615949793
p_639,t3_2ehl9h,t1_cjzpkr3,t1_cjzk8g5,0.3333333333333333,0.32051282051282054,0.012820512820512775
p_641,t3_2eez7x,t1_cjzf2j8,t1_cjzgw4v,0.1810344827586207,0.287292817679558,-0.10625833492093731
p_642,t3_2eeedl,t1_cjyrp0h,t1_cjyos4x,0.21875,0.3695652173913043,-0.15081521739130432
p_643,t3_2eeedl,t1_cjyo1c4,t1_cjyz90m,0.25925925925925924,0.24285714285714285,0.01640211640211639
p_644,t3_2eeedl,t1_cjyny2g,t1_cjyos4x,0.16666666666666666,0.3695652173913043,-0.20289855072463767
p_645,t3_2eeedl,t1_cjypfnn,t1_cjyy8zl,0.2682926829268293,0.19834710743801653,0.06994557548881275
p_647,t3_2edzcv,t1_cjyy0v9,t1_cjysuzd,0.0865979381443299,0.10857142857142857,-0.021973490427098674
p_648,t3_2ebw2y,t1_cjy2hvj,t1_cjy4ceu,0.3669724770642202,0.42857142857142855,-0.061598951507208344
p_649,t3_2ebkiy,t1_cjxxcwt,t1_cjy5nhm,0.40559440559440557,0.5063291139240507,-0.1007347083296451
p_650,t3_2ebj49,t1_cjxyzxn,t1_cjxzs8p,0.2765957446808511,0.3333333333333333,-0.05673758865248224
p_651,t3_2eahyl,t1_cjxnpf1,t1_cjxqeut,0.4666666666666667,0.37373737373737376,0.09292929292929292
p_652,t3_2eahyl,t1_cjxo529,t1_cjxtave,0.4507042253521127,0.3,0.1507042253521127
p_654,t3_2e9s6m,t1_cjxf8x8,t1_cjxl9tb,0.2589928057553957,0.29508196721311475,-0.036089161457719066
p_655,t3_2e9rt1,t1_cjxgilw,t1_cjxfkcw,0.3492063492063492,0.35789473684210527,-0.008688387635756079
p_656,t3_2e9q8o,t1_cjxdy6w,t1_cjxkoca,0.24583333333333332,0.33495145631067963,-0.08911812297734631
p_657,t3_2e98b1,t1_cjxb5sz,t1_cjxexte,0.35353535353535354,0.5,-0.14646464646464646
p_659,t3_2e98b1,t1_cjxanmm,t1_cjx9qkg,0.3770491803278688,0.5,-0.12295081967213117
p_660,t3_2e8yse,t1_cjx89ru,t1_cjxdz78,0.17982456140350878,0.1925133689839572,-0.012688807580448436
p_661,t3_2e8yse,t1_cjx7g3z,t1_cjxdz78,0.29310344827586204,0.1925133689839572,0.10059007929190483
p_662,t3_2e8ach,t1_cjxi71v,t1_cjx17o5,0.27972027972027974,0.4166666666666667,-0.13694638694638694
p_663,t3_2e6v25,t1_cjxa35m,t1_cjx2bzp,0.14977973568281938,0.25555555555555554,-0.10577581987273615
p_667,t3_2e4crb,t1_cjvy9v7,t1_cjwlak3,0.16606498194945848,0.13793103448275862,0.028133947466699866
p_668,t3_2e4crb,t1_cjxll0p,t1_cjw5uck,0.1650943396226415,0.3148148148148148,-0.14972047519217332
p_669,t3_2e4b5f,t1_cjvxnfz,t1_cjwigez,0.2809917355371901,0.5,-0.2190082644628099
p_670,t3_2e439b,t1_cjw2n76,t1_cjvvbcf,0.35555555555555557,0.37681159420289856,-0.02125603864734299
p_672,t3_2e3t22,t1_cjvs6w2,t1_cjvzvc8,0.37037037037037035,0.45217391304347826,-0.08180354267310791
p_674,t3_2e3f98,t1_cjvox9d,t1_cjvp856,0.2571428571428571,0.3181818181818182,-0.06103896103896106
p_676,t3_2e2rb6,t1_cjvi6ow,t1_cjvzfop,0.4056603773584906,0.32673267326732675,0.07892770409116384
p_677,t3_2e2rb6,t1_cjx8ys6,t1_cjvin9n,0.32978723404255317,0.35294117647058826,-0.02315394242803509
p_678,t3_2e2jug,t1_cjvwam2,t1_cjvvj7z,0.366412213740458,0.313915857605178,0.05249635613528003
p_679,t3_2e2jug,t1_cjvuw76,t1_cjvoyh6,0.3395061728395062,0.5483870967741935,-0.20888092393468732
p_680,t3_2e1fah,t1_cjv53s3,t1_cjv5s7v,0.4666666666666667,0.4262295081967213,0.04043715846994539
p_681,t3_2e1fah,t1_cjv86o4,t1_cjvncqn,0.3684210526315789,0.3857677902621723,-0.017346737630593356
p_682,t3_2e1fah,t1_cjvi92b,t1_cjv5s7v,0.6153846153846154,0.4262295081967213,0.18915510718789413
p_683,t3_2dzrhq,t1_cjunv4h,t1_cjunnw5,0.36538461538461536,0.4794520547945205,-0.11406743940990516
p_684,t3_2dzrhq,t1_cjv2nbp,t1_cjunbkn,0.5130434782608696,0.4794520547945205,0.03359142346634908
p_685,t3_2dzrhq,t1_cjuplp1,t1_cjunss7,0.33587786259541985,0.4306569343065693,-0.09477907171114947
p_686,t3_2dzqgj,t1_cjurtqh,t1_cjv9hrw,0.5576923076923077,0.5145631067961165,0.04312920089619121
p_688,t3_2dzqgj,t1_cjv7aa2,t1_cjv9hrw,0.5196850393700787,0.5145631067961165,0.005121932573962207
p_687,t3_2dzqgj,t1_cjun4m4,t1_cjuorfi,0.3888888888888889,0.44505494505494503,-0.05616605616605613
p_690,t3_2dy3mw,t1_cju8xei,t1_cjuc7t4,0.3010752688172043,0.1566265060240964,0.14444876279310792
p_692,t3_2dxa7k,t1_cjtzqak,t1_cju9ahc,0.2682926829268293,0.2641509433962264,0.004141739530602873
p_695,t3_2dw5ig,t1_cjtn82k,t1_cjtn850,0.48,0.3225806451612903,0.15741935483870967
p_696,t3_2dvguy,t1_cjtqfdm,t1_cjty2p2,0.38953488372093026,0.3805309734513274,0.009003910269602844
p_697,t3_2dtng7,t1_cjsz593,t1_cjt08iq,0.2708333333333333,0.2631578947368421,0.007675438596491224
p_699,t3_2dtng7,t1_cjt0gp1,t1_cjt08iq,0.2916666666666667,0.2631578947368421,0.028508771929824595
p_701,t3_2dsh9z,t1_cjsm7s0,t1_cjsp93m,0.4146341463414634,0.32989690721649484,0.08473723912496856
p_702,t3_2dsh9z,t1_cjso3hu,t1_cjsprfv,0.3082191780821918,0.23448275862068965,0.07373641946150214
p_706,t3_2drox8,t1_cjsefiu,t1_cjshzfo,0.14339622641509434,0.12680115273775217,0.01659507367734217
p_707,t3_2dqwmd,t1_cjs75j7,t1_cjtbaaf,0.32679738562091504,0.4166666666666667,-0.08986928104575165
p_710,t3_2dqiwg,t1_cjs3gzc,t1_cjs43w0,0.21739130434782608,0.3375,-0.12010869565217394
p_713,t3_2dnntx,t1_cjrb5qh,t1_cjr97o9,0.3813559322033898,0.40458015267175573,-0.02322422046836592
p_714,t3_2dn3f8,t1_cjr9dnd,t1_cjrqm60,0.4507042253521127,0.3217391304347826,0.1289650949173301
p_717,t3_2dn11e,t1_cjrjl9x,t1_cjr71xy,0.16296296296296298,0.25949367088607594,-0.09653070792311297
p_715,t3_2dn11e,t1_cjr2n9b,t1_cjr6whw,0.3006535947712418,0.32558139534883723,-0.024927800577595416
p_718,t3_2dlheo,t1_cjqnd51,t1_cjqtrub,0.3055555555555556,0.4375,-0.13194444444444442
p_725,t3_2dhno3,t1_cjpkrey,t1_cjpktss,0.2087912087912088,0.24528301886792453,-0.03649181007671573
p_726,t3_2dhno3,t1_cjpl1mi,t1_cjpl00t,0.27956989247311825,0.3048780487804878,-0.025308156307369545
p_729,t3_2dgu6l,t1_cjpdy8k,t1_cjpe59d,0.4143646408839779,0.3972602739726027,0.01710436691137518
p_727,t3_2dgu6l,t1_cjpdn9v,t1_cjpklzu,0.5714285714285714,0.34459459459459457,0.22683397683397682
p_730,t3_2dgqx2,t1_cjpbloq,t1_cjpbk3l,0.4418604651162791,0.3541666666666667,0.08769379844961239
p_732,t3_2dg6ti,t1_cjp6klt,t1_cjp63yk,0.22950819672131148,0.25225225225225223,-0.02274405553094075
p_733,t3_2dg4c1,t1_cjpx7h2,t1_cjpio9w,0.11407766990291263,0.22043010752688172,-0.10635243762396909
p_734,t3_2dfvv8,t1_cjp4zw9,t1_cjps9sv,0.22023809523809523,0.3185840707964602,-0.09834597555836494
p_735,t3_2dfees,t1_cjoyyhb,t1_cjoyhsi,0.46875,0.43333333333333335,0.03541666666666665
p_736,t3_2df7cg,t1_cjp0py1,t1_cjp0eg0,0.13793103448275862,0.25,-0.11206896551724138
p_738,t3_2ddrqc,t1_cjos8fl,t1_cjoj8pn,0.35714285714285715,0.5106382978723404,-0.15349544072948323
p_739,t3_2ddrqc,t1_cjoqu2v,t1_cjok2vp,0.28431372549019607,0.39436619718309857,-0.1100524716929025
p_744,t3_2d9qj2,t1_cjnklzx,t1_cjnknol,0.11764705882352941,0.13425925925925927,-0.016612200435729862
p_748,t3_2d80rd,t1_cjn0zyz,t1_cjn0l56,0.34444444444444444,0.40764331210191085,-0.0631988676574664
p_749,t3_2d80rd,t1_cjmzj1k,t1_cjn0l56,0.5555555555555556,0.40764331210191085,0.14791224345364473
p_751,t3_2d70dq,t1_cjmpn2y,t1_cjmqlfg,0.4691358024691358,0.6363636363636364,-0.16722783389450058
p_752,t3_2d70dq,t1_cjmpqr5,t1_cjmq3hk,0.6296296296296297,0.5370370370370371,0.09259259259259256
p_754,t3_2d4iry,t1_cjm06yw,t1_cjlzkdu,0.17886178861788618,0.27586206896551724,-0.09700028034763106
p_753,t3_2d4iry,t1_cjm03nb,t1_cjm7yyk,0.1962025316455696,0.1925133689839572,0.0036891626616123996
p_755,t3_2d45vn,t1_cjlwas2,t1_cjmfdmh,0.3387096774193548,0.234375,0.10433467741935482
p_756,t3_2d45gd,t1_cjlw24h,t1_cjm4puq,0.3541666666666667,0.44086021505376344,-0.08669354838709675
p_757,t3_2d45gd,t1_cjlvwcv,t1_cjm05zn,0.4051724137931034,0.42,-0.01482758620689656
p_758,t3_2d3v5a,t1_cjlwcf0,t1_cjm3zmu,0.3157894736842105,0.24324324324324326,0.07254623044096725
p_759,t3_2d2as3,t1_cjlfahj,t1_cjlf2q0,0.25949367088607594,0.3380281690140845,-0.07853449812800856
p_760,t3_2czuse,t1_cjkv8v3,t1_cjkt5uj,0.20689655172413793,0.25,-0.04310344827586207
p_761,t3_2cziel,t1_cjkkwxr,t1_cjkpo0a,0.3228346456692913,0.4528301886792453,-0.12999554300995397
p_762,t3_2czhb2,t1_cjkm7nm,t1_cjkm0r4,0.195,0.27906976744186046,-0.08406976744186045
p_763,t3_2cz5rq,t1_cjkk570,t1_cjkjx53,0.22608695652173913,0.25,-0.02391304347826087
p_766,t3_2cwals,t1_cjjmt5t,t1_cjjmrg7,0.2644628099173554,0.23595505617977527,0.028507753737580105
p_767,t3_2cuup8,t1_cjj91pc,t1_cjj8z52,0.3898305084745763,0.4177215189873418,-0.02789101051276549
p_769,t3_2cuup8,t1_cjj95ae,t1_cjj95r7,0.31976744186046513,0.42424242424242425,-0.10447498238195913
p_768,t3_2cuup8,t1_cjj8vwc,t1_cjj93qh,0.5238095238095238,0.410958904109589,0.11285061969993482
p_770,t3_2ctoax,t1_cjl2zn4,t1_cjiw921,0.1956521739130435,0.2540983606557377,-0.05844618674269422
p_773,t3_2cpj4p,t1_cjhqqcp,t1_cjhqbq0,0.375,0.4807692307692308,-0.10576923076923078
p_774,t3_2cpj4p,t1_cjhreeh,t1_cjhqbq0,0.4051724137931034,0.4807692307692308,-0.07559681697612736
p_775,t3_2cotfm,t1_cjhpm9j,t1_cjhkm9q,0.24770642201834864,0.2,0.047706422018348627
p_778,t3_2cm5jd,t1_cjh0bre,t1_cjguy6j,0.163302752293578,0.22569444444444445,-0.06239169215086646
p_779,t3_2cm3oh,t1_cjgsk1z,t1_cjgv6jc,0.18181818181818182,0.23529411764705882,-0.053475935828877
p_780,t3_2clk6c,t1_cjgn3ba,t1_cjgqd1y,0.2920353982300885,0.2692307692307692,0.022804628999319287
p_781,t3_2ck2yw,t1_cjga8kb,t1_cjgci5s,0.3333333333333333,0.2988505747126437,0.03448275862068961
p_783,t3_2cjh91,t1_cjg6chd,t1_cjg4iir,0.352112676056338,0.39814814814814814,-0.04603547209181014
p_784,t3_2cixjs,t1_cjfyd92,t1_cjfxj4o,0.23636363636363636,0.3,-0.06363636363636363
p_786,t3_2cimfd,t1_cjfuup7,t1_cjftym1,0.26666666666666666,0.35398230088495575,-0.08731563421828908
p_787,t3_2cimfd,t1_cjfxnwo,t1_cjftym1,0.30120481927710846,0.35398230088495575,-0.05277748160784729
p_789,t3_2chy2d,t1_cjfpbub,t1_cjfnmjy,0.2413793103448276,0.36,-0.11862068965517239
p_792,t3_2ch2je,t1_cjfeou6,t1_cjff0g8,0.26506024096385544,0.21888412017167383,0.04617612079218161
p_794,t3_2cflx0,t1_cjfajp7,t1_cjfm8m1,0.3013698630136986,0.3413897280966767,-0.04001986508297811
p_796,t3_2cfco7,t1_cjf04a9,t1_cjexi6m,0.3176470588235294,0.4444444444444444,-0.12679738562091503
p_799,t3_2cayvr,t1_cjdvbhe,t1_cjdu0ta,0.3584905660377358,0.4393939393939394,-0.08090337335620357
p_801,t3_2c8rcd,t1_cjd7pz3,t1_cjd6lze,0.2962962962962963,0.32997481108312343,-0.03367851478682715
p_802,t3_2c8fea,t1_cjcyect,t1_cjd2c3b,0.15151515151515152,0.16666666666666666,-0.015151515151515138
p_803,t3_2c7yah,t1_cjd2kql,t1_cjcxj9f,0.3640776699029126,0.3979848866498741,-0.033907216746961455
p_805,t3_2c5zac,t1_cjc9611,t1_cjc924m,0.44776119402985076,0.42857142857142855,0.019189765458422214
p_806,t3_2c5zac,t1_cjctvr0,t1_cjcbahh,0.39759036144578314,0.3114754098360656,0.08611495160971755
p_807,t3_2c5p5y,t1_cjcho3h,t1_cjc7uan,0.4177215189873418,0.3142857142857143,0.1034358047016275
p_808,t3_2c5p5y,t1_cjcd7nc,t1_cjccm8m,0.4772727272727273,0.4878048780487805,-0.010532150776053184
p_810,t3_2c3fc3,t1_cjbjw5y,t1_cjbjkju,0.47058823529411764,0.42105263157894735,0.049535603715170295
p_813,t3_2c1mga,t1_cjb2jw5,t1_cjc4wg5,0.18518518518518517,0.1094017094017094,0.07578347578347577
p_815,t3_2c0frm,t1_cjb1qx6,t1_cjause4,0.22941176470588234,0.4032258064516129,-0.17381404174573054
p_816,t3_2c0frm,t1_cjb1sid,t1_cjb85xf,0.09956709956709957,0.14957264957264957,-0.05000555000555
p_818,t3_2bys5g,t1_cja9ddx,t1_cja81tm,0.32941176470588235,0.3149171270718232,0.014494637634059171
p_820,t3_2byn0m,t1_cja7f9f,t1_cjabwg5,0.5079365079365079,0.6415094339622641,-0.1335729260257562
p_821,t3_2btxhq,t1_cj8vmab,t1_cj8xbmk,0.2057142857142857,0.275,-0.06928571428571431
p_822,t3_2bt248,t1_cj8mfi7,t1_cj8m3h7,0.3119266055045872,0.2147239263803681,0.09720267912421907
p_823,t3_2bt248,t1_cj8m0lg,t1_cj8mwsz,0.38028169014084506,0.3153846153846154,0.06489707475622969
p_824,t3_2bsdbd,t1_cj8tbiu,t1_cj8hvl7,0.17204301075268819,0.19591836734693877,-0.02387535659425058
p_826,t3_2brzwb,t1_cj8hzbv,t1_cj8gj0l,0.22797927461139897,0.37681159420289856,-0.1488323195914996
p_827,t3_2brzmq,t1_cj8bm67,t1_cj8cjmm,0.3524590163934426,0.3712121212121212,-0.01875310481867859
p_828,t3_2brzmq,t1_cj8ba9r,t1_cj8b7ms,0.5272727272727272,0.45454545454545453,0.0727272727272727
p_829,t3_2bqtzl,t1_cj80j9s,t1_cj810fl,0.2517482517482518,0.1836734693877551,0.06807478236049666
p_832,t3_2boeux,t1_cj7b6r1,t1_cj7b5jv,0.203125,0.42857142857142855,-0.22544642857142855
p_833,t3_2boeux,t1_cj7bl1t,t1_cj7igwx,0.23140495867768596,0.23529411764705882,-0.0038891589693728634
p_834,t3_2boe3r,t1_cj7c5d5,t1_cj7cbq5,0.2375,0.26548672566371684,-0.02798672566371685
p_836,t3_2bo3al,t1_cj7h31j,t1_cj7dkvq,0.3,0.2604166666666667,0.039583333333333304
p_837,t3_2bnfju,t1_cj716f4,t1_cj718af,0.22,0.3076923076923077,-0.08769230769230771
p_838,t3_2bnfju,t1_cj71qqf,t1_cj717cb,0.3282442748091603,0.4666666666666667,-0.13842239185750638
p_840,t3_2bmc2p,t1_cj6s9ct,t1_cj6qflr,0.23880597014925373,0.19642857142857142,0.0423773987206823
p_841,t3_2bmble,t1_cj6qs8o,t1_cj6v78p,0.24113475177304963,0.21428571428571427,0.02684903748733536
p_844,t3_2bkf5u,t1_cj684og,t1_cj6d292,0.5333333333333333,0.7,-0.16666666666666663
p_846,t3_2bk0qs,t1_cj63kvq,t1_cj63fve,0.4339622641509434,0.3492063492063492,0.08475591494459422
p_849,t3_2bk0qs,t1_cj64yf0,t1_cj63fve,0.38095238095238093,0.3492063492063492,0.031746031746031744
p_847,t3_2bk0qs,t1_cj66iuo,t1_cj6420b,0.22310756972111553,0.3793103448275862,-0.15620277510647065
p_850,t3_2bk0qs,t1_cj65d7h,t1_cj66gvl,0.26495726495726496,0.25862068965517243,0.006336575302092529
p_852,t3_2bh5ak,t1_cj5b5uh,t1_cj5jak2,0.42857142857142855,0.37777777777777777,0.05079365079365078
p_854,t3_2bf94q,t1_cj4sh2e,t1_cj4qy6o,0.35135135135135137,0.30303030303030304,0.04832104832104833
p_855,t3_2bev6f,t1_cj4mn6v,t1_cj4o0am,0.5,0.5074626865671642,-0.007462686567164201
p_857,t3_2bdmlg,t1_cj4r6pc,t1_cj4uv2h,0.18430034129692832,0.39215686274509803,-0.2078565214481697
p_858,t3_2bdgci,t1_cj49439,t1_cj49ckx,0.2746478873239437,0.2246376811594203,0.050010206164523396
p_859,t3_2bd0wa,t1_cj442sl,t1_cj43vgx,0.42063492063492064,0.5,-0.07936507936507936
p_861,t3_2bbyzd,t1_cj3zuoq,t1_cj3tx1c,0.2328042328042328,0.3333333333333333,-0.10052910052910052
p_863,t3_2bbbrd,t1_cj3qs8q,t1_cj3ln9x,0.3557692307692308,0.40540540540540543,-0.049636174636174646
p_864,t3_2bbbrd,t1_cj3mpby,t1_cj3ln9x,0.45454545454545453,0.40540540540540543,0.0491400491400491
p_865,t3_2bb58m,t1_cj3lcvm,t1_cj3jor5,0.32967032967032966,0.5116279069767442,-0.18195757730641454
p_868,t3_2bag31,t1_cj3e0bt,t1_cj3f08t,0.4406779661016949,0.5565217391304348,-0.11584377302873988
p_869,t3_2ba5xo,t1_cj3aqld,t1_cj3bm6j,0.3050847457627119,0.24444444444444444,0.06064030131826745
p_873,t3_2b6skg,t1_cj2glpl,t1_cj2cg6m,0.29333333333333333,0.3305084745762712,-0.03717514124293786
p_876,t3_2b3pi0,t1_cj1uavk,t1_cj1m2xo,0.41975308641975306,0.4369747899159664,-0.017221703496213325
p_877,t3_2b3lad,t1_cj1iybx,t1_cj1jqxa,0.3220338983050847,0.3103448275862069,0.011689070718877814
p_879,t3_2b2yjr,t1_cj1hktf,t1_cj1b4e2,0.3673469387755102,0.3395348837209302,0.02781205505458001
p_881,t3_2b1rwv,t1_cj15lfe,t1_cj10jtx,0.352112676056338,0.49122807017543857,-0.13911539411910057
p_882,t3_2b1rab,t1_cj0ycid,t1_cj0zinx,0.4068965517241379,0.3556701030927835,0.05122644863135439
p_883,t3_2az65z,t1_cj0805c,t1_cj0g6d8,0.22666666666666666,0.3008849557522124,-0.07421828908554576
p_884,t3_2az65z,t1_cj0afqo,t1_cj07su5,0.4307692307692308,0.38596491228070173,0.04480431848852906
p_887,t3_2ayhxt,t1_cj01q09,t1_cj05jan,0.18238993710691823,0.2746478873239437,-0.09225795021702546
p_888,t3_2ayhnp,t1_cj0eawe,t1_cj0dm90,0.21739130434782608,0.2826086956521739,-0.06521739130434781
p_889,t3_2ay3kf,t1_cizxi5e,t1_cj0f52z,0.31213872832369943,0.41025641025641024,-0.09811768193271081
p_892,t3_2axbu7,t1_cizphk8,t1_cizp4id,0.3081081081081081,0.46153846153846156,-0.15343035343035344
p_894,t3_2ax1is,t1_cizxbqp,t1_cizm2oq,0.19402985074626866,0.30357142857142855,-0.10954157782515989
p_896,t3_2avwd8,t1_cizdu3g,t1_cizbvza,0.2892561983471074,0.4084507042253521,-0.1191945058782447
p_898,t3_2av5cs,t1_ciz2pkz,t1_ciz33sn,0.36633663366336633,0.31666666666666665,0.04966996699669968
p_899,t3_2av5cs,t1_cizd4ad,t1_ciz33th,0.21865889212827988,0.2631578947368421,-0.04449900260856221
p_900,t3_2av5cs,t1_ciz37g5,t1_cizbl7q,0.19528619528619529,0.25862068965517243,-0.06333449436897715
p_901,t3_2av4l0,t1_ciz5qhg,t1_ciz3zz1,0.25203252032520324,0.2379421221864952,0.014090398138708049
p_902,t3_2av4l0,t1_ciz4rvg,t1_cizdobh,0.3971631205673759,0.5206611570247934,-0.12349803645741753
p_903,t3_2auttr,t1_ciyyxji,t1_ciyz918,0.40441176470588236,0.5,-0.09558823529411764
p_904,t3_2auttr,t1_ciz267w,t1_cizcakn,0.3853211009174312,0.4897959183673469,-0.10447481744991571
p_905,t3_2auttr,t1_ciz01zx,t1_ciyz5z2,0.5352112676056338,0.43636363636363634,0.09884763124199741
p_907,t3_2autm6,t1_ciyzdgj,t1_ciyzc4o,0.3269230769230769,0.3333333333333333,-0.0064102564102563875
p_908,t3_2au1li,t1_ciytem3,t1_ciytn6n,0.2671009771986971,0.36496350364963503,-0.09786252645093796
p_909,t3_2atya5,t1_ciyu2jf,t1_ciza7xp,0.34545454545454546,0.18181818181818182,0.16363636363636364
p_910,t3_2atya5,t1_ciytbvr,t1_ciyug3x,0.22564102564102564,0.17424242424242425,0.05139860139860139
p_911,t3_2atkq9,t1_ciyvkn0,t1_ciysfit,0.3031161473087819,0.41081081081081083,-0.10769466350202894
p_912,t3_2atkq9,t1_ciyvfhd,t1_ciz0aqa,0.38596491228070173,0.6363636363636364,-0.2503987240829346
p_914,t3_2aprj3,t1_cixk3ln,t1_cixjumt,0.59375,0.42028985507246375,0.17346014492753625
p_915,t3_2apfnp,t1_cixj7ex,t1_cixm7i4,0.4647887323943662,0.32967032967032966,0.13511840272403652
p_916,t3_2aotoi,t1_cixcw5d,t1_cixbgnz,0.30113636363636365,0.2413793103448276,0.05975705329153605
p_917,t3_2ao6r9,t1_cix76va,t1_cix3fsy,0.3651685393258427,0.5546218487394958,-0.18945330941365313
p_918,t3_2ao6r9,t1_cix7iph,t1_cix8b7l,0.4583333333333333,0.5528455284552846,-0.09451219512195125
p_919,t3_2ao0uk,t1_cix3ypn,t1_cix3ejo,0.40350877192982454,0.22972972972972974,0.1737790422000948
p_920,t3_2ao0uk,t1_cix237u,t1_cix3ejo,0.2,0.22972972972972974,-0.02972972972972973
p_921,t3_2ancgk,t1_cizbef2,t1_ciwwlp0,0.39490445859872614,0.5540540540540541,-0.15914959545532792
p_922,t3_2am3iw,t1_ciwjxse,t1_ciwj1us,0.4,0.46296296296296297,-0.06296296296296294
p_923,t3_2am3iw,t1_ciwjejz,t1_ciwtkzm,0.20444444444444446,0.1875,0.016944444444444456
p_924,t3_2aksc1,t1_ciwatzs,t1_ciwai0k,0.23979591836734693,0.3037037037037037,-0.06390778533635677
p_925,t3_2aklm2,t1_ciwffud,t1_ciwbxu9,0.19811320754716982,0.2727272727272727,-0.07461406518010288
p_926,t3_2akhk0,t1_ciw2gow,t1_ciw2nfc,0.24324324324324326,0.1592356687898089,0.08400757445343435
p_927,t3_2ajnzj,t1_ciwqij6,t1_ciwemsm,0.3617021276595745,0.3387096774193548,0.022992450240219675
p_928,t3_2aj9r3,t1_ciwcbuo,t1_civud7i,0.21311475409836064,0.30666666666666664,-0.093551912568306
p_931,t3_2aj1mk,t1_civssxr,t1_civm58k,0.13312693498452013,0.13056379821958458,0.002563136764935553
p_930,t3_2aj1mk,t1_civrhnv,t1_civrvjf,0.27380952380952384,0.26666666666666666,0.007142857142857173
p_933,t3_2ah2al,t1_civd1ci,t1_civ856q,0.20557491289198607,0.20766773162939298,-0.0020928187374069096
p_935,t3_2afgwo,t1_ciujkwd,t1_ciuknh0,0.21008403361344538,0.475,-0.26491596638655457
p_937,t3_2afeix,t1_civ4udg,t1_ciui2wk,0.34615384615384615,0.32608695652173914,0.02006688963210701
p_936,t3_2afeix,t1_ciuiq4g,t1_civ1g4o,0.2388888888888889,0.3088235294117647,-0.06993464052287582
p_940,t3_2a9tub,t1_cisxezp,t1_cisyu2q,0.3605150214592275,0.45255474452554745,-0.09203972306631997
p_942,t3_2a9dnv,t1_cit209o,t1_cissjh9,0.4533333333333333,0.42245989304812837,0.030873440285204945
p_943,t3_2a9dnv,t1_cisrycq,t1_cisrkq6,0.3783783783783784,0.5952380952380952,-0.21685971685971683
p_945,t3_2a7l9t,t1_cisdojk,t1_cisar6g,0.1736842105263158,0.22485207100591717,-0.05116786047960137
p_946,t3_2a7f52,t1_cisdl2d,t1_cisbb3e,0.19463087248322147,0.375,-0.18036912751677853
p_947,t3_2a7f52,t1_cisbwf3,t1_cisf85e,0.17316017316017315,0.1559633027522936,0.017196870407879566
p_948,t3_2a7f52,t1_cisazcd,t1_cisbb3e,0.2627118644067797,0.375,-0.11228813559322032
p_950,t3_2a71ap,t1_cis8nhw,t1_cis9yiw,0.17028985507246377,0.2796610169491525,-0.10937116187668874
p_951,t3_2a6vk3,t1_cis5k8v,t1_cisibct,0.39622641509433965,0.4351851851851852,-0.03895877009084553
p_952,t3_2a6vk3,t1_cis6qmv,t1_cisibct,0.3488372093023256,0.4351851851851852,-0.08634797588285958
p_954,t3_2a5fi8,t1_ciro19q,t1_cirnern,0.4177215189873418,0.5045045045045045,-0.08678298551716268
p_955,t3_2a54d2,t1_cirmdvw,t1_cirrtjb,0.3950617283950617,0.29577464788732394,0.09928708050773777
p_957,t3_2a3mhz,t1_cirdfug,t1_cirn0uk,0.33783783783783783,0.34108527131782945,-0.003247433479991624
p_959,t3_2a2ccx,t1_ciqt2gd,t1_ciqstk4,0.27205882352941174,0.23529411764705882,0.03676470588235292
p_958,t3_2a2ccx,t1_ciqt1fb,t1_ciqt0ds,0.25316455696202533,0.25742574257425743,-0.004261185612232099
p_960,t3_2a299i,t1_ciqsytr,t1_ciqs72a,0.3283582089552239,0.5362318840579711,-0.20787367510274718
p_961,t3_2a299i,t1_ciqsl3r,t1_ciqt0e3,0.3409090909090909,0.32748538011695905,0.013423710792131838
p_963,t3_2a1jkp,t1_ciqmtf7,t1_ciqlutb,0.32857142857142857,0.3939393939393939,-0.06536796536796535
p_964,t3_2a1jkp,t1_ciqrmpo,t1_ciqn0ib,0.368,0.45535714285714285,-0.08735714285714286
p_966,t3_2a197z,t1_ciqil5b,t1_ciqobmw,0.4766355140186916,0.4927536231884058,-0.016118109169714234
p_967,t3_2a197z,t1_ciqihn1,t1_ciqobmw,0.4494949494949495,0.4927536231884058,-0.04325867369345632
p_968,t3_29zmtz,t1_ciq2ol0,t1_ciq3149,0.15614617940199335,0.2,-0.04385382059800666
p_969,t3_29wdwj,t1_cip54i9,t1_cip4gi2,0.304,0.2710843373493976,0.03291566265060242
p_970,t3_29vb8t,t1_cioupvy,t1_cip1yki,0.34782608695652173,0.42857142857142855,-0.08074534161490682
p_971,t3_29uigy,t1_cioolhq,t1_ciopo2e,0.2871287128712871,0.3253012048192771,-0.038172491947989995
p_972,t3_29twg4,t1_ciohbmn,t1_ciofrjv,0.16666666666666666,0.37662337662337664,-0.20995670995670998
p_973,t3_29thke,t1_cioct3t,t1_ciofixu,0.7,0.6027397260273972,0.09726027397260273
p_974,t3_29thke,t1_ciod9j6,t1_ciof299,0.6240601503759399,0.6842105263157895,-0.06015037593984962
p_975,t3_29thke,t1_ciod9wn,t1_ciof299,0.5549132947976878,0.6842105263157895,-0.12929723151810169
p_976,t3_29t2lw,t1_cio8k31,t1_ciorv42,0.4696969696969697,0.296969696969697,0.17272727272727273
p_978,t3_29sw94,t1_cioket0,t1_ciolk7r,0.226890756302521,0.2727272727272727,-0.0458365164247517
p_979,t3_29s43k,t1_cinyd5x,t1_cinyyyn,0.20833333333333334,0.24358974358974358,-0.03525641025641024
p_981,t3_29q8ct,t1_cinh7w0,t1_cing94q,0.24615384615384617,0.25203252032520324,-0.005878674171357068
p_983,t3_29pjwk,t1_cinfrtq,t1_cin94yc,0.1951219512195122,0.3333333333333333,-0.1382113821138211
p_984,t3_29oi1n,t1_cimz15m,t1_cimy8x8,0.24812030075187969,0.25217391304347825,-0.004053612291598563
p_985,t3_29o2de,t1_cimtmrk,t1_cin0747,0.25,0.19631901840490798,0.05368098159509202
p_988,t3_29nx6g,t1_cimrrzy,t1_cimrry5,0.41333333333333333,0.47368421052631576,-0.06035087719298243
p_990,t3_29n4wo,t1_cio9nnh,t1_cimnztj,0.2854609929078014,0.49230769230769234,-0.20684669939989092
p_992,t3_29mv5t,t1_cimhn69,t1_cimm4sj,0.3898305084745763,0.42727272727272725,-0.03744221879815096
p_993,t3_29kyod,t1_cily6cd,t1_cilx8xd,0.3048780487804878,0.41904761904761906,-0.11416957026713126
p_994,t3_29koa9,t1_ciluvuu,t1_cim8wkw,0.42857142857142855,0.36443148688046645,0.0641399416909621
p_996,t3_29koa9,t1_cim0cmu,t1_cim8wkw,0.30998248686514884,0.36443148688046645,-0.054449000015317606
p_997,t3_29koa9,t1_cilvgjv,t1_cim8wkw,0.39943342776203966,0.36443148688046645,0.03500194088157321
p_998,t3_29koa9,t1_cilvqev,t1_cilxj9y,0.553763440860215,0.41847826086956524,0.13528517999064976
p_999,t3_29gpjt,t1_cilbryz,t1_cikqtwr,0.35833333333333334,0.3233082706766917,0.035025062656641626
p_1000,t3_29fpzd,t1_cikhu2y,t1_cikh4e8,0.36507936507936506,0.2909090909090909,0.07417027417027416
p_1001,t3_29fb1d,t1_cikeni2,t1_cikla8t,0.5063291139240507,0.42718446601941745,0.07914464790463321
p_1002,t3_29ex1p,t1_cik9jgg,t1_ciko7yy,0.276,0.484375,-0.20837499999999998
p_1003,t3_29elqv,t1_cik5t8y,t1_cik747j,0.38636363636363635,0.3867924528301887,-0.00042881646655235084
p_1005,t3_29dde1,t1_cijuats,t1_cijzw8d,0.25,0.29310344827586204,-0.043103448275862044
p_1008,t3_29cqd5,t1_cijp4yk,t1_cijvb22,0.3076923076923077,0.4017857142857143,-0.09409340659340659
p_1009,t3_29c3ml,t1_cikuj8t,t1_cijh4ci,0.3333333333333333,0.30526315789473685,0.028070175438596467
p_1010,t3_299mpb,t1_ciiv880,t1_cijf48t,0.5035971223021583,0.48672566371681414,0.016871458585344112
p_1012,t3_299m1u,t1_cij2hf7,t1_ciirgle,0.24489795918367346,0.3020833333333333,-0.05718537414965985
p_1011,t3_299m1u,t1_cij1roi,t1_ciisuex,0.35,0.3176470588235294,0.032352941176470584
p_1015,t3_298jbk,t1_ciircqo,t1_ciijbdz,0.3305785123966942,0.287292817679558,0.043285694717136225
p_1016,t3_295zr6,t1_cihud2v,t1_cihuma6,0.48223350253807107,0.388,0.09423350253807106
p_1018,t3_293ei6,t1_cih7ua8,t1_cih1isj,0.29064039408866993,0.44642857142857145,-0.15578817733990152
p_1020,t3_292154,t1_cignun4,t1_cigrv7m,0.59375,0.4918032786885246,0.10194672131147542
p_1022,t3_28xzqn,t1_cig26mw,t1_cifrcsx,0.2554347826086957,0.3770491803278688,-0.12161439771917315
p_1023,t3_28xbw7,t1_cifjy3z,t1_cifovj7,0.29464285714285715,0.3333333333333333,-0.038690476190476164
p_1024,t3_28xbw7,t1_cig1fzx,t1_cifl87i,0.32857142857142857,0.4298245614035088,-0.1012531328320802
p_1025,t3_28wpvg,t1_cif8zbc,t1_cif9t6k,0.10985915492957747,0.2716049382716049,-0.16174578334202744
p_1026,t3_28wp3q,t1_cif8e82,t1_cif88e5,0.5172413793103449,0.3356643356643357,0.18157704364600918
p_1027,t3_28vthp,t1_cieyolc,t1_cif42z9,0.3220338983050847,0.3815789473684211,-0.05954504906333635
p_1028,t3_28sivx,t1_cie0w6q,t1_cie3rwm,0.43243243243243246,0.24528301886792453,0.18714941356450793
p_1029,t3_28sivx,t1_cie32oy,t1_cie6c67,0.21568627450980393,0.25,-0.03431372549019607
p_1030,t3_28sivx,t1_cie3t4x,t1_ciexvov,0.2804878048780488,0.25,0.030487804878048808
p_1031,t3_28rftj,t1_cidpqyo,t1_cidq2o7,0.3815028901734104,0.4228571428571429,-0.041354252683732495
p_1033,t3_28l9bo,t1_cicbcrc,t1_cicnduy,0.5,0.5853658536585366,-0.08536585365853655
p_1034,t3_28kmxf,t1_cibufhn,t1_cic57nm,0.18723404255319148,0.23655913978494625,-0.049325097231754766
p_1036,t3_28k1k9,t1_cic5k0x,t1_cibo1r9,0.3925233644859813,0.4621212121212121,-0.0695978476352308
p_1037,t3_28jnxp,t1_cibl8h0,t1_cibmdqw,0.2857142857142857,0.35,-0.06428571428571428
p_1039,t3_28io13,t1_cibbreq,t1_cic1705,0.42105263157894735,0.4358974358974359,-0.014844804318488558
p_1040,t3_28io13,t1_cibhh0f,t1_cibq1ek,0.34972677595628415,0.38596491228070173,-0.03623813632441758
p_1042,t3_28io13,t1_cibcinr,t1_cic1705,0.31654676258992803,0.4358974358974359,-0.11935067330750787
p_1044,t3_28hqnq,t1_cib224e,t1_cib40ah,0.2987012987012987,0.23076923076923078,0.06793206793206791
p_1045,t3_28c0xt,t1_ciasocp,t1_cia500d,0.2857142857142857,0.3709677419354839,-0.08525345622119818
p_1046,t3_28butd,t1_ci9glxs,t1_ci9f4fm,0.2222222222222222,0.3132530120481928,-0.09103078982597057
p_1047,t3_28b5n6,t1_ci9a3vl,t1_ci99ope,0.3564356435643564,0.42990654205607476,-0.07347089849171834
p_1052,t3_28a5fu,t1_ci9bqem,t1_ci8yety,0.25,0.3157894736842105,-0.06578947368421051
p_1053,t3_28a4rk,t1_ci8xy5w,t1_ci90bbf,0.3515981735159817,0.2996632996632997,0.05193487385268203
p_1055,t3_2881g3,t1_ci8embi,t1_ci8bs9b,0.3333333333333333,0.39705882352941174,-0.06372549019607843
p_1056,t3_287z9c,t1_ci8aubw,t1_ci8apra,0.18518518518518517,0.4074074074074074,-0.2222222222222222
p_1057,t3_287z9c,t1_ci8d0ed,t1_ci8apra,0.3263157894736842,0.4074074074074074,-0.08109161793372316
p_1058,t3_287cab,t1_ci86zv4,t1_ci87ifw,0.36548223350253806,0.3971631205673759,-0.03168088706483785
p_1059,t3_2870cx,t1_ci81vqj,t1_ci8137l,0.1987179487179487,0.37735849056603776,-0.17864054184808906
p_1060,t3_286wmt,t1_ci81k1d,t1_ci80xo1,0.36,0.30851063829787234,0.051489361702127645
p_1061,t3_286wmt,t1_ci817z2,t1_ci8clpg,0.29545454545454547,0.26356589147286824,0.03188865398167723
p_1062,t3_2848jg,t1_ci7igy9,t1_ci7f6gw,0.2625,0.2621951219512195,0.0003048780487804881
p_1064,t3_282r7k,t1_ci758gf,t1_ci6xs0m,0.2328767123287671,0.2972972972972973,-0.0644205849685302
p_1065,t3_282lgu,t1_ci6xcds,t1_ci6wglw,0.2764227642276423,0.25,0.02642276422764228
p_1068,t3_281bde,t1_ci6f2vp,t1_ci73217,0.3263157894736842,0.4074074074074074,-0.08109161793372316
p_1069,t3_2803o3,t1_ci69ena,t1_ci63g5z,0.30180180180180183,0.5517241379310345,-0.24992233612923265
p_1070,t3_2803o3,t1_ci63w8c,t1_ci63kpj,0.415929203539823,0.4823529411764706,-0.0664237376366476
p_1071,t3_27ywun,t1_ci5q8xy,t1_ci5rb2e,0.3333333333333333,0.2953020134228188,0.038031319910514505
p_1072,t3_27yn4n,t1_ci5p6hk,t1_ci5nwbp,0.38181818181818183,0.3939393939393939,-0.012121212121212088
p_1073,t3_27wog4,t1_ci54b7y,t1_ci54sne,0.3401360544217687,0.6888888888888889,-0.3487528344671202
p_1074,t3_27w5po,t1_ci4zmff,t1_ci4ziae,0.22916666666666666,0.4716981132075472,-0.24253144654088052
p_1075,t3_27w4g2,t1_ci52xge,t1_ci500mh,0.3793103448275862,0.35802469135802467,0.021285653469561516
p_1076,t3_27tb09,t1_ci498s2,t1_ci45ypy,0.45454545454545453,0.47540983606557374,-0.020864381520119213
p_1077,t3_27r91j,t1_ci3qcct,t1_ci3r4y5,0.29850746268656714,0.3939393939393939,-0.09543193125282678
p_1078,t3_27r91j,t1_ci469aj,t1_ci3lbw6,0.24338624338624337,0.4056603773584906,-0.16227413397224721
p_1080,t3_27r91j,t1_ci3v5tq,t1_ci3lbw6,0.3968253968253968,0.4056603773584906,-0.008834980533093784
p_1079,t3_27r91j,t1_ci3s6fn,t1_ci4g5dm,0.25984251968503935,0.22885572139303484,0.030986798292004514
p_1081,t3_27qqap,t1_ci3mz0v,t1_ci3fwt5,0.13368983957219252,0.21052631578947367,-0.07683647621728115
p_1082,t3_27polk,t1_ci34zl5,t1_ci34y3o,0.1593625498007968,0.1717171717171717,-0.012354621916374903
p_1083,t3_27poi8,t1_ci35etu,t1_ci36j29,0.3723404255319149,0.39344262295081966,-0.02110219741890479
p_1084,t3_27p2fu,t1_ci302xh,t1_ci2zv2i,0.30726256983240224,0.44047619047619047,-0.13321362064378822
p_1085,t3_27nxly,t1_ci2o2dq,t1_ci2ox33,0.22727272727272727,0.21929824561403508,0.00797448165869219
p_1087,t3_27mbdo,t1_ci2lk26,t1_ci271f9,0.36666666666666664,0.32558139534883723,0.04108527131782941
p_1088,t3_27m0gw,t1_ci29ixa,t1_ci2e7bo,0.34759358288770054,0.5154639175257731,-0.1678703346380726
p_1089,t3_27ltja,t1_ci22bw3,t1_ci221eg,0.20382165605095542,0.35714285714285715,-0.15332120109190173
p_1090,t3_27lpkf,t1_ci21sv8,t1_ci22b62,0.4195804195804196,0.3645833333333333,0.05499708624708627
p_1091,t3_27lmyu,t1_ci25ehz,t1_ci292ni,0.18055555555555555,0.17647058823529413,0.004084967320261423
p_1092,t3_27l0kn,t1_ci22hoe,t1_ci1usgp,0.4144144144144144,0.3670886075949367,0.04732580681947768
p_1094,t3_27jl8c,t1_ci1fdd3,t1_ci1q6ug,0.425531914893617,0.3409090909090909,0.08462282398452614
p_1095,t3_27jl8c,t1_ci1g3eq,t1_ci1o724,0.3492063492063492,0.30303030303030304,0.04617604617604615
p_1096,t3_27jl8c,t1_ci1ybru,t1_ci1ghse,0.3401360544217687,0.4,-0.059863945578231326
p_1097,t3_27hht5,t1_ci0v62f,t1_ci0xj1h,0.22105263157894736,0.25609756097560976,-0.0350449293966624
p_1098,t3_27hht5,t1_ci0v0t9,t1_ci0xj1h,0.26865671641791045,0.25609756097560976,0.012559155442300685
p_1099,t3_27hf7o,t1_ci1a4gk,t1_ci1l4fi,0.44214876033057854,0.5802469135802469,-0.1380981532496684
p_1101,t3_27gnxb,t1_ci0ta3o,t1_ci0mgmp,0.3063063063063063,0.43209876543209874,-0.12579245912579246
p_1103,t3_27ea43,t1_chzyi0v,t1_chzyvc9,0.46296296296296297,0.24812030075187969,0.21484266221108328
p_1104,t3_27ea43,t1_chzydy2,t1_chzyi89,0.4634146341463415,0.22807017543859648,0.235344458707745
p_1105,t3_27ea43,t1_ci00m2q,t1_chzyvc9,0.20168067226890757,0.24812030075187969,-0.04643962848297212
p_1106,t3_27ea43,t1_ci00sgm,t1_ci005dx,0.17695473251028807,0.1782477341389728,-0.0012930016286847312
p_1107,t3_27dypa,t1_ci0bdgm,t1_ci07fb6,0.43609022556390975,0.4533898305084746,-0.01729960494456484
p_1108,t3_27divm,t1_chzwhlt,t1_chzuja4,0.42592592592592593,0.3968253968253968,0.029100529100529127
p_1109,t3_27cn8y,t1_chzj6p6,t1_chziyko,0.32673267326732675,0.36129032258064514,-0.034557649313318395
p_1111,t3_27atxw,t1_chz6xha,t1_chz1u36,0.26842105263157895,0.36363636363636365,-0.0952153110047847
p_1112,t3_27arev,t1_chzar7e,t1_chyzift,0.2459016393442623,0.2830188679245283,-0.037117228580266004
p_1113,t3_27aea6,t1_chywdcb,t1_chywfdl,0.19047619047619047,0.23809523809523808,-0.047619047619047616
p_1114,t3_27aa6m,t1_chyw1lz,t1_chyuott,0.21364985163204747,0.25,-0.03635014836795253
p_1116,t3_278w0f,t1_chynby5,t1_chyjibx,0.3050847457627119,0.35185185185185186,-0.046767106089139976
p_1118,t3_277y4m,t1_chydgtq,t1_chywat7,0.45714285714285713,0.4264705882352941,0.030672268907563027
p_1119,t3_277y4m,t1_chydb1h,t1_chyw4kk,0.46938775510204084,0.47368421052631576,-0.004296455424274925
p_1120,t3_277x8k,t1_chyttqk,t1_chy9d0r,0.32,0.27358490566037735,0.04641509433962265
p_1121,t3_276tlp,t1_chy7sh3,t1_chy0rmg,0.39864864864864863,0.4726027397260274,-0.07395409107737877
p_1124,t3_274620,t1_chxaxd7,t1_chx8gds,0.35,0.4146341463414634,-0.06463414634146342
p_1126,t3_273kmd,t1_chxd1h9,t1_chxj63m,0.3611111111111111,0.547945205479452,-0.18683409436834092
p_1127,t3_273kmd,t1_chx2u1h,t1_chxabgz,0.40476190476190477,0.45121951219512196,-0.046457607433217196
p_1129,t3_271kgs,t1_chwkzvw,t1_chwjkzk,0.5426356589147286,0.46258503401360546,0.08005062490112319
p_1130,t3_270lsq,t1_chwcze1,t1_chw9d8q,0.43859649122807015,0.40186915887850466,0.03672733234956549
p_1131,t3_26zspu,t1_chw19hq,t1_chw183d,0.45161290322580644,0.4444444444444444,0.007168458781362019
p_1134,t3_26zc51,t1_chwc4g5,t1_chvxpww,0.3949579831932773,0.43609022556390975,-0.041132242370632455
p_1136,t3_26yks9,t1_chvwhll,t1_chvq9oq,0.3275862068965517,0.4,-0.07241379310344831
p_1137,t3_26wd6r,t1_chv5dr8,t1_chv4tni,0.5111111111111111,0.375,0.13611111111111107
p_1139,t3_26vy78,t1_chv29xs,t1_chv09i1,0.4772727272727273,0.5740740740740741,-0.09680134680134678
p_1140,t3_26uqns,t1_chuofxc,t1_chur6nz,0.1875,0.29545454545454547,-0.10795454545454547
p_1141,t3_26ua0u,t1_chujiwj,t1_chujocf,0.4691358024691358,0.40229885057471265,0.06683695189442312
p_1142,t3_26u9dw,t1_chuufxu,t1_chukxnl,0.3409090909090909,0.5121951219512195,-0.17128603104212864
p_1143,t3_26sh4n,t1_chu3p5h,t1_chu15ia,0.1813953488372093,0.20863309352517986,-0.02723774468797055
p_1146,t3_26rdo4,t1_chtuhl8,t1_chtxxpb,0.26804123711340205,0.21897810218978103,0.04906313492362102
p_1147,t3_26rdo4,t1_chu67p6,t1_chtrpps,0.2711864406779661,0.3829787234042553,-0.11179228272628922
p_1148,t3_26q635,t1_chtgusq,t1_chtf56s,0.4864864864864865,0.3125,0.1739864864864865
p_1149,t3_26p8jo,t1_cht981c,t1_chtj2ux,0.19760479041916168,0.25316455696202533,-0.05555976654286365
p_1150,t3_26p8jo,t1_cht9qr7,t1_chts9np,0.20430107526881722,0.21428571428571427,-0.009984639016897057
p_1152,t3_26oalr,t1_chsxcva,t1_chsx48j,0.3644067796610169,0.3898305084745763,-0.025423728813559365
p_1153,t3_26nxhn,t1_chsvwxu,t1_chsv0n8,0.44505494505494503,0.40119760479041916,0.04385734026452587
p_1154,t3_26nryd,t1_chsrqt8,t1_chsrvxo,0.1715686274509804,0.35,-0.17843137254901958
p_1155,t3_26nhjw,t1_cht4pkp,t1_chsu79i,0.17777777777777778,0.2727272727272727,-0.09494949494949492
p_1156,t3_26nayb,t1_chssa9d,t1_chsv92t,0.42201834862385323,0.4250871080139373,-0.0030687593900840526
p_1157,t3_26klj1,t1_chs03g4,t1_chryx19,0.345,0.3188405797101449,0.026159420289855073
p_1158,t3_26klj1,t1_chs24pt,t1_chrz6c7,0.31313131313131315,0.5054945054945055,-0.19236319236319233
p_1160,t3_26hzf8,t1_chr8s7x,t1_chrles3,0.32978723404255317,0.3018867924528302,0.02790044158972299
p_1161,t3_26hwea,t1_chrabe3,t1_chr8ld6,0.22666666666666666,0.417910447761194,-0.19124378109452736
p_1162,t3_26gh41,t1_chrb2s3,t1_chrbbrp,0.25654450261780104,0.3469387755102041,-0.09039427289240304
p_1163,t3_26dl3h,t1_chqfdzg,t1_chqb2dv,0.26262626262626265,0.23529411764705882,0.027332144979203832
p_1164,t3_26d2uo,t1_chpypl8,t1_chpy5h4,0.30158730158730157,0.24210526315789474,0.05948203842940683
p_1166,t3_26chd9,t1_chprxii,t1_chpqlc3,0.32673267326732675,0.3673469387755102,-0.04061426550818348
p_1165,t3_26chd9,t1_chpu05i,t1_chpunzb,0.2222222222222222,0.2524271844660194,-0.030204962243797207
p_1168,t3_26b7qy,t1_chpe7k0,t1_chpfdw6,0.4260869565217391,0.3717948717948718,0.05429208472686731
p_1167,t3_26b7qy,t1_chpl60e,t1_chpgldh,0.4189189189189189,0.43,-0.011081081081081079
p_1169,t3_26b1l1,t1_chphzs8,t1_chpj8nd,0.43010752688172044,0.575,-0.14489247311827952
p_1170,t3_26b1l1,t1_chpkxvq,t1_chpr7to,0.2445414847161572,0.2727272727272727,-0.028185788011115515
p_1171,t3_26axzi,t1_chpfpjf,t1_chpch30,0.373134328358209,0.2948717948717949,0.0782625334864141
p_1173,t3_26avz4,t1_chpvoyz,t1_chpdbyq,0.2132701421800948,0.24691358024691357,-0.03364343806681877
p_1172,t3_26avz4,t1_chpk0aq,t1_chpkmh2,0.24260355029585798,0.7678571428571429,-0.5252535925612849
p_1175,t3_266yvm,t1_cho98qb,t1_cho9whe,0.2518796992481203,0.2740740740740741,-0.022194374825953767
p_1176,t3_264xi6,t1_chnu7dr,t1_chntgnu,0.4246575342465753,0.3422818791946309,0.08237565505194444
p_1177,t3_264iek,t1_chnlkj6,t1_chnpgap,0.26373626373626374,0.36538461538461536,-0.10164835164835162
p_1178,t3_26478q,t1_chnuzwc,t1_chni6ea,0.3609022556390977,0.3709677419354839,-0.01006548629638615
p_1180,t3_26388i,t1_chn9wjm,t1_chn949h,0.32085561497326204,0.2830188679245283,0.03783674704873374
p_1179,t3_26388i,t1_chn995p,t1_chnvien,0.5365853658536586,0.5081967213114754,0.02838864454218315
p_1182,t3_25xo3j,t1_chm80yd,t1_chlvz4j,0.14634146341463414,0.16766467065868262,-0.021323207244048487
p_1183,t3_25xl5s,t1_chm54oj,t1_chlqmz0,0.2217391304347826,0.2631578947368421,-0.041418764302059485
p_1184,t3_25x7qp,t1_chlltit,t1_chlyib1,0.3492063492063492,0.2967032967032967,0.05250305250305248
p_1185,t3_25vncd,t1_chldip6,t1_chl5c1u,0.2733812949640288,0.32558139534883723,-0.052200100384808434
p_1187,t3_25ttah,t1_chknoam,t1_chknr46,0.15413533834586465,0.34545454545454546,-0.1913192071086808
p_1188,t3_25tb6s,t1_chkkbgt,t1_chkmpg8,0.40397350993377484,0.484375,-0.08040149006622516
p_1189,t3_25tb6s,t1_chkkdg1,t1_chknu20,0.4533333333333333,0.4019607843137255,0.051372549019607805
p_1190,t3_25suor,t1_chkfvbm,t1_chkg3m5,0.20710059171597633,0.40540540540540543,-0.1983048136894291
p_1193,t3_25scj1,t1_chkzgwk,t1_chkmkdy,0.19148936170212766,0.28,-0.08851063829787237
p_1194,t3_25r1ji,t1_chjyik3,t1_chk8w7b,0.37,0.2795275590551181,0.09047244094488188
p_1195,t3_25po6v,t1_chjkkx8,t1_chjubyn,0.3,0.39705882352941174,-0.09705882352941175
p_1196,t3_25po6v,t1_chk8sqa,t1_chjubyn,0.15702479338842976,0.39705882352941174,-0.24003403014098199
p_1197,t3_25pnxw,t1_chjirvh,t1_chjpfx2,0.1724137931034483,0.11267605633802817,0.059737736765420116
p_1198,t3_25pnxw,t1_chjjtas,t1_chjj0yp,0.13,0.2857142857142857,-0.1557142857142857
p_1199,t3_25oyan,t1_chjdqy8,t1_chjem5p,0.2568306010928962,0.21348314606741572,0.04334745502548046
p_1200,t3_25nvz4,t1_chj0cy6,t1_chj0i1f,0.3695652173913043,0.4050632911392405,-0.035498073747936176
p_1201,t3_25n272,t1_chiubth,t1_chitirm,0.375,0.3898305084745763,-0.014830508474576287
p_1202,t3_25n272,t1_chiu5hs,t1_chiulpy,0.2727272727272727,0.39473684210526316,-0.12200956937799046
p_1205,t3_25lg8m,t1_chigspr,t1_chiogt6,0.5888888888888889,0.5,0.0888888888888889
p_1206,t3_25l0uy,t1_chi8i2g,t1_chi832d,0.21142857142857144,0.2830188679245283,-0.07159029649595686
p_1207,t3_25l0uy,t1_chi7njk,t1_chi7tu1,0.2737430167597765,0.4117647058823529,-0.1380216891225764
p_1211,t3_25itrj,t1_chhmwgg,t1_chi69ds,0.3132530120481928,0.3026315789473684,0.010621433100824362
p_1212,t3_25im4s,t1_chhkumz,t1_chhjyki,0.4166666666666667,0.5661764705882353,-0.1495098039215686
p_1213,t3_25ha18,t1_chh8ifw,t1_chheuzj,0.34615384615384615,0.40860215053763443,-0.06244830438378829
p_1214,t3_25ha18,t1_chh6qmk,t1_chhe1dy,0.37815126050420167,0.5138888888888888,-0.13573762838468717
p_1216,t3_25gqr3,t1_chh26by,t1_chhh81o,0.47297297297297297,0.48739495798319327,-0.014421985010220295
p_1217,t3_25gqr3,t1_chh8rrt,t1_chhh81o,0.3333333333333333,0.48739495798319327,-0.15406162464985995
p_1218,t3_25fjdx,t1_chgsfko,t1_chgwtsq,0.1323529411764706,0.23170731707317074,-0.09935437589670015
p_1219,t3_25emz1,t1_chgg0g9,t1_chgig4z,0.5267175572519084,0.6557377049180327,-0.12902014766612435
p_1220,t3_25emz1,t1_chgg5ng,t1_chgir2d,0.45,0.5774647887323944,-0.12746478873239436
p_1221,t3_25e9jx,t1_chggnry,t1_chge47o,0.36885245901639346,0.35714285714285715,0.011709601873536313
p_1223,t3_25dxbd,t1_chg9dqe,t1_chg8ogo,0.3142857142857143,0.3181818181818182,-0.0038961038961038974
p_1227,t3_255hmb,t1_chdweq6,t1_chemebp,0.36220472440944884,0.3978494623655914,-0.035644737956142536
p_1229,t3_254zub,t1_chdvkgy,t1_chdwf9h,0.2595419847328244,0.2261904761904762,0.033351508542348224
p_1231,t3_254y08,t1_cheumim,t1_chds6fo,0.2066115702479339,0.26666666666666666,-0.06005509641873277
p_1233,t3_25397z,t1_chda336,t1_chdw4w9,0.3333333333333333,0.24742268041237114,0.08591065292096217
p_1237,t3_251sp2,t1_chcu4b5,t1_chctls6,0.3247863247863248,0.38823529411764707,-0.06344896933132227
p_1238,t3_251sp2,t1_chct90x,t1_chctls6,0.3333333333333333,0.38823529411764707,-0.05490196078431375
p_1239,t3_24y1ch,t1_chbuciq,t1_chbrxsr,0.42168674698795183,0.43434343434343436,-0.012656687355482532
p_1240,t3_24xvdh,t1_chc0kbp,t1_chbz1m4,0.3,0.3333333333333333,-0.033333333333333326
p_1241,t3_24xu2q,t1_chbubti,t1_chbry7z,0.44144144144144143,0.7012987012987013,-0.2598572598572599
p_1242,t3_24xu2q,t1_chc4ef4,t1_chbry7z,0.4221105527638191,0.7012987012987013,-0.2791881485348822
p_1244,t3_24w4ny,t1_chb93ff,t1_chb9gll,0.4411764705882353,0.352112676056338,0.08906379453189728
p_1245,t3_24w2l9,t1_chb9cc8,t1_chb90uk,0.3096774193548387,0.36220472440944884,-0.05252730505461012
p_1246,t3_24v6pp,t1_chbpbt5,t1_chb0vnk,0.19469026548672566,0.26436781609195403,-0.06967755060522837
p_1247,t3_24v4li,t1_chb1bwz,t1_chb0q8j,0.23943661971830985,0.32075471698113206,-0.08131809726282221
p_1249,t3_24v147,t1_chbavh7,t1_chbf3nm,0.27547169811320754,0.3289036544850498,-0.05343195637184228
p_1251,t3_24u1tt,t1_chatgr3,t1_chap2b6,0.543859649122807,0.5060240963855421,0.03783555273726491
p_1252,t3_24svid,t1_chabtmq,t1_chabwh6,0.2553191489361702,0.32653061224489793,-0.07121146330872774
p_1255,t3_24se6g,t1_cha8lpp,t1_cha7yte,0.18041237113402062,0.24427480916030533,-0.06386243802628472
p_1256,t3_24sb0f,t1_cha6mi6,t1_cha8ryw,0.3448275862068966,0.47619047619047616,-0.1313628899835796
p_1257,t3_24qqog,t1_ch9zipy,t1_ch9sfw0,0.3626373626373626,0.5714285714285714,-0.20879120879120877
p_1258,t3_24pgmg,t1_ch9fo96,t1_ch9x7xg,0.6666666666666666,0.5847457627118644,0.08192090395480223
p_1261,t3_24mdbl,t1_ch8og6w,t1_ch8j52p,0.3951612903225806,0.3333333333333333,0.06182795698924731
p_1262,t3_24m6ig,t1_ch8nkas,t1_ch8kf1q,0.35185185185185186,0.23232323232323232,0.11952861952861954
p_1264,t3_24j7qu,t1_ch7qjkg,t1_ch7uy3e,0.5285714285714286,0.5944055944055944,-0.06583416583416579
p_1265,t3_24io3e,t1_ch7na38,t1_ch7ieyl,0.4186046511627907,0.4691358024691358,-0.05053115130634506
p_1266,t3_24io3e,t1_ch7pz3m,t1_ch7ieyl,0.3673469387755102,0.4691358024691358,-0.10178886369362555
p_1267,t3_24hwd5,t1_ch7gi99,t1_ch7affk,0.30158730158730157,0.34545454545454546,-0.04386724386724389
p_1268,t3_24h3zr,t1_ch72c4s,t1_ch72cof,0.34507042253521125,0.43956043956043955,-0.0944900170252283
p_1269,t3_24g8ii,t1_ch71nlc,t1_ch6tmiv,0.22105263157894736,0.296875,-0.07582236842105264
p_1270,t3_24g4hq,t1_ch7257w,t1_ch6va5a,0.2631578947368421,0.375,-0.11184210526315791
p_1278,t3_24c5qv,t1_ch5oa5w,t1_ch5ogse,0.2850877192982456,0.2727272727272727,0.012360446570972905
p_1279,t3_24c5qv,t1_ch5ow4l,t1_ch5ogse,0.2651162790697674,0.2727272727272727,-0.007610993657505283
p_1280,t3_24c1q3,t1_ch5uakf,t1_ch60ays,0.3404255319148936,0.5,-0.1595744680851064
p_1281,t3_24c1q3,t1_ch61d0c,t1_ch5ursh,0.2755905511811024,0.27,0.0055905511811023545
p_1282,t3_24c1q3,t1_ch5uoui,t1_ch5ugkf,0.35384615384615387,0.4375,-0.08365384615384613
p_1283,t3_24c1q3,t1_ch5zt5k,t1_ch5p4qj,0.31496062992125984,0.38202247191011235,-0.06706184198885251
p_1284,t3_24bx3p,t1_ch5nu6w,t1_ch5ot5q,0.33653846153846156,0.34375,-0.007211538461538436
p_1285,t3_24bof3,t1_ch5k7ny,t1_ch5m04n,0.43103448275862066,0.5555555555555556,-0.12452107279693492
p_1286,t3_24bof3,t1_ch5k4dl,t1_ch5phng,0.41284403669724773,0.34814814814814815,0.06469588854909958
p_1287,t3_24b8ko,t1_ch5ozwp,t1_ch66f4q,0.3172690763052209,0.411522633744856,-0.0942535574396351
p_1288,t3_249sxa,t1_ch53so7,t1_ch4zs42,0.2978723404255319,0.3469387755102041,-0.04906643508467218
p_1289,t3_249l1k,t1_ch4xsez,t1_ch57rrn,0.3,0.21904761904761905,0.08095238095238094
p_1290,t3_248s83,t1_ch4snfe,t1_ch4qx6q,0.32558139534883723,0.4,-0.07441860465116279
p_1291,t3_248bcr,t1_ch4oftd,t1_ch51bt3,0.12307692307692308,0.19008264462809918,-0.0670057215511761
p_1295,t3_24509o,t1_ch3osvi,t1_ch3yyjg,0.17216117216117216,0.17454545454545456,-0.002384282384282399
p_1296,t3_244kp1,t1_ch3jo95,t1_ch3iw1o,0.23863636363636365,0.2553191489361702,-0.016682785299806546
p_1297,t3_244bft,t1_ch3gjc7,t1_ch3m2j3,0.3013698630136986,0.2777777777777778,0.023592085235920823
p_1301,t3_23yke6,t1_ch1tbc6,t1_ch22rmp,0.21428571428571427,0.2916666666666667,-0.07738095238095241
p_1302,t3_23yke6,t1_ch21i1v,t1_ch21o13,0.2111111111111111,0.13541666666666666,0.07569444444444445
p_1305,t3_23yke6,t1_ch29mf9,t1_ch1y1ws,0.18018018018018017,0.24615384615384617,-0.065973665973666
p_1303,t3_23yke6,t1_ch1xh6r,t1_ch20pf2,0.26666666666666666,0.2028985507246377,0.06376811594202897
p_1304,t3_23yke6,t1_ch1vy27,t1_ch22rmp,0.20833333333333334,0.2916666666666667,-0.08333333333333334
p_1308,t3_23xw5n,t1_ch20pmq,t1_ch1orox,0.31645569620253167,0.4264705882352941,-0.11001489203276243
p_1311,t3_23xekl,t1_ch1ihvg,t1_ch1ih9d,0.21390374331550802,0.3088235294117647,-0.0949197860962567
p_1310,t3_23xekl,t1_ch1lcbj,t1_ch1tafi,0.23157894736842105,0.3076923076923077,-0.07611336032388666
p_1312,t3_23wvv9,t1_ch1cxo2,t1_ch1d10a,0.29411764705882354,0.29464285714285715,-0.0005252100840336116
p_1315,t3_23wvv9,t1_ch1d1et,t1_ch1czsx,0.25862068965517243,0.30666666666666664,-0.04804597701149421
p_1314,t3_23wvv9,t1_ch1dgtk,t1_ch1czsx,0.36363636363636365,0.30666666666666664,0.056969696969697003
p_1313,t3_23wvv9,t1_ch1cuwx,t1_ch1d10a,0.3958333333333333,0.29464285714285715,0.10119047619047616
p_1316,t3_23wvv9,t1_ch1dvsg,t1_ch1d10a,0.25274725274725274,0.29464285714285715,-0.04189560439560441
p_1317,t3_23vw8b,t1_ch130xw,t1_ch12knl,0.28169014084507044,0.3157894736842105,-0.03409933283914007
p_1318,t3_23vw8b,t1_ch13k3n,t1_ch12knl,0.18867924528301888,0.3157894736842105,-0.12711022840119163
p_1319,t3_23vw8b,t1_ch149yl,t1_ch13pcr,0.15789473684210525,0.175,-0.017105263157894735
p_1320,t3_23vvzm,t1_ch1f49t,t1_ch12o3l,0.291866028708134,0.40816326530612246,-0.11629723659798846
p_1322,t3_23ou3x,t1_cgz6lk9,t1_cgz4coy,0.2627118644067797,0.3225806451612903,-0.05986878075451063
p_1324,t3_23mgec,t1_cgygajp,t1_cgyvk0r,0.35802469135802467,0.30303030303030304,0.05499438832772163
p_1326,t3_23lqtl,t1_cgybkki,t1_cgy8g3b,0.46111111111111114,0.46153846153846156,-0.00042735042735042583
p_1327,t3_23lqtl,t1_cgy90vi,t1_cgyg9t2,0.5777777777777777,0.639344262295082,-0.06156648451730429
p_1328,t3_23litg,t1_cgy73k6,t1_cgyu73z,0.2024793388429752,0.2112676056338028,-0.008788266790827615
p_1329,t3_23kv7b,t1_cgxzsco,t1_cgy6k1w,0.38961038961038963,0.24489795918367346,0.14471243042671617
p_1330,t3_23kv7b,t1_cgy0cn3,t1_cgy04hq,0.2803738317757009,0.25882352941176473,0.02155030236393618
p_1331,t3_23kv7b,t1_cgy2g6p,t1_cgy5vy7,0.25,0.36470588235294116,-0.11470588235294116
p_1332,t3_23kv7b,t1_cgy0c2d,t1_cgy551n,0.3125,0.3235294117647059,-0.011029411764705899
p_1333,t3_23kv7b,t1_cgy6gid,t1_cgyrejw,0.43548387096774194,0.4423076923076923,-0.006823821339950353
p_1334,t3_23kit3,t1_cgxz084,t1_cgxx7gu,0.18220338983050846,0.30434782608695654,-0.12214443625644808
p_1335,t3_23k2q0,t1_cgxw1t2,t1_cgxturs,0.35714285714285715,0.49333333333333335,-0.1361904761904762
p_1336,t3_23jz53,t1_cgxr95k,t1_cgxqswm,0.21428571428571427,0.35294117647058826,-0.13865546218487398
p_1337,t3_23jmyp,t1_cgxs8kb,t1_cgxn99f,0.17518248175182483,0.2692307692307692,-0.09404828747894439
p_1338,t3_23ijp4,t1_cgxcr0l,t1_cgxdbde,0.39662447257383965,0.323943661971831,0.07268081060200865
p_1341,t3_23c5x0,t1_cgvl8vi,t1_cgvm637,0.17391304347826086,0.19689119170984457,-0.0229781482315837
p_1342,t3_239u21,t1_cguzcxq,t1_cgv142h,0.47368421052631576,0.46226415094339623,0.011420059582919528
p_1343,t3_238wk7,t1_cgumv5c,t1_cgvmt4w,0.13807531380753138,0.18032786885245902,-0.04225255504492764
p_1344,t3_238afg,t1_cguflf3,t1_cgufoko,0.4027777777777778,0.32786885245901637,0.07490892531876142
p_1345,t3_2375b2,t1_cgu92dz,t1_cgu3uvw,0.12162162162162163,0.1504424778761062,-0.028820856254484578
p_1346,t3_2371el,t1_cguakwg,t1_cgu6rya,0.2523364485981308,0.2569444444444444,-0.004607995846313606
p_1347,t3_2360o1,t1_cgtz3wv,t1_cgtwa3q,0.3358208955223881,0.41379310344827586,-0.07797220792588777
p_1348,t3_2360o1,t1_cgu0cre,t1_cgtsaaa,0.2446351931330472,0.23979591836734693,0.0048392747657002855
p_1353,t3_22z33y,t1_cgrsuna,t1_cgs2mn3,0.3076923076923077,0.3064516129032258,0.0012406947890818976
p_1354,t3_22z33y,t1_cgrugp5,t1_cgs6ju7,0.3333333333333333,0.2982456140350877,0.03508771929824561
p_1355,t3_22y28i,t1_cgriyct,t1_cgrjo9h,0.4375,0.3655913978494624,0.07190860215053763
p_1358,t3_22xij5,t1_cgrqv9h,t1_cgrcwvc,0.3489583333333333,0.3880597014925373,-0.03910136815920401
p_1356,t3_22xij5,t1_cgrcz5o,t1_cgrcq5k,0.4240506329113924,0.4857142857142857,-0.06166365280289332
p_1359,t3_22wdaq,t1_cgr4744,t1_cgr1g25,0.32954545454545453,0.330188679245283,-0.0006432246998284707
p_1361,t3_22uku3,t1_cgqjbhc,t1_cgqivn8,0.36,0.3392857142857143,0.020714285714285685
p_1362,t3_22uku3,t1_cgqlrwl,t1_cgqjogl,0.2874251497005988,0.37628865979381443,-0.08886351009321564
p_1364,t3_22uku3,t1_cgqquh7,t1_cgqjogl,0.3181818181818182,0.37628865979381443,-0.05810684161199625
p_1363,t3_22uku3,t1_cgqkdik,t1_cgqivn8,0.3880597014925373,0.3392857142857143,0.04877398720682302
p_1365,t3_22ujpc,t1_cgqjh6c,t1_cgqk4rp,0.2289156626506024,0.23809523809523808,-0.009179575444635685
p_1367,t3_22s6od,t1_cgpvjq6,t1_cgpumps,0.20676691729323307,0.27058823529411763,-0.06382131800088456
p_1368,t3_22s540,t1_cgpw23e,t1_cgq0y5h,0.17150395778364116,0.12184249628528974,0.04966146149835142
p_1369,t3_22ro8l,t1_cgpubok,t1_cgpq38y,0.15555555555555556,0.19879518072289157,-0.04323962516733601
p_1373,t3_22rciz,t1_cgppvl3,t1_cgps3lm,0.5108695652173914,0.5444444444444444,-0.033574879227053045
p_1375,t3_22p8vc,t1_cgp1ivx,t1_cgp2qt7,0.2795031055900621,0.22346368715083798,0.05603941843922411
p_1376,t3_22p8vc,t1_cgph660,t1_cgp2qt7,0.16531165311653118,0.22346368715083798,-0.0581520340343068
p_1378,t3_22oxbh,t1_cgpbtta,t1_cgp8xyo,0.40384615384615385,0.4263565891472868,-0.022510435301132947
p_1381,t3_22kmvs,t1_cgnqvsu,t1_cgns9dq,0.3465346534653465,0.2606060606060606,0.08592859285928589
p_1382,t3_22kmvs,t1_cgnr65q,t1_cgnr89a,0.3191489361702128,0.34831460674157305,-0.02916567057136027
p_1383,t3_22kmvs,t1_cgnqzqt,t1_cgns9dq,0.3389830508474576,0.2606060606060606,0.078376990241397
p_1385,t3_22jhn2,t1_cgneze9,t1_cgnl46h,0.2967032967032967,0.24812030075187969,0.04858299595141702
p_1387,t3_22f1kj,t1_cgm6jha,t1_cgs195e,0.26881720430107525,0.29577464788732394,-0.026957443586248686
p_1388,t3_22f1kj,t1_cgm7mon,t1_cgmavew,0.13196480938416422,0.23232323232323232,-0.1003584229390681
p_1389,t3_22f1kj,t1_cgm6vi2,t1_cgm6jxw,0.11688311688311688,0.1878453038674033,-0.07096218698428643
p_1392,t3_22akzj,t1_cgl8lo1,t1_cgkxjgo,0.1826086956521739,0.36486486486486486,-0.18225616921269094
p_1394,t3_22aivj,t1_cglicrz,t1_cgl0x83,0.5227272727272727,0.576271186440678,-0.05354391371340528
p_1395,t3_22aivj,t1_cgljc74,t1_cgl10xq,0.4520547945205479,0.5,-0.04794520547945208
p_1396,t3_22a5ni,t1_cgktqwp,t1_cgkttdk,0.4603174603174603,0.475,-0.014682539682539686
p_1397,t3_22a3qs,t1_cgkvrr0,t1_cgkykbh,0.19310344827586207,0.39215686274509803,-0.19905341446923597
p_1398,t3_22a3qs,t1_cgl1hm0,t1_cgkykbh,0.29411764705882354,0.39215686274509803,-0.0980392156862745
p_1399,t3_22a3qs,t1_cgl1h03,t1_cgkykbh,0.2597402597402597,0.39215686274509803,-0.13241660300483832
p_1400,t3_22a37m,t1_cgksfxc,t1_cgkymem,0.3176470588235294,0.46511627906976744,-0.14746922024623804
p_1401,t3_228zyi,t1_cgkk4t4,t1_cgklgw6,0.5111111111111111,0.6,-0.0888888888888889
p_1402,t3_228zup,t1_cgkizxk,t1_cgklh2w,0.2871287128712871,0.26153846153846155,0.025590251332825553
p_1403,t3_227jtk,t1_cgkj9t2,t1_cgk3y74,0.2654320987654321,0.256198347107438,0.009233751657994116
p_1404,t3_2274kr,t1_cgk4b3c,t1_cgk2ayk,0.21182266009852216,0.2702702702702703,-0.05844761017174813
p_1406,t3_226qii,t1_cgjxbij,t1_cgjwndb,0.26136363636363635,0.23717948717948717,0.024184149184149184
p_1408,t3_225n20,t1_cgjsq8n,t1_cgjxoyj,0.21621621621621623,0.2761904761904762,-0.05997425997425998
p_1409,t3_225n20,t1_cgjse9y,t1_cgjto4c,0.3121951219512195,0.2647058823529412,0.04748923959827833
p_1411,t3_2235f3,t1_cgj1syh,t1_cgj12cs,0.34545454545454546,0.36363636363636365,-0.018181818181818188
p_1413,t3_222civ,t1_cgiu51l,t1_cgiukpc,0.16877637130801687,0.16236162361623616,0.0064147476917807145
p_1414,t3_222civ,t1_cgj0qyo,t1_cgir9ho,0.2832369942196532,0.35877862595419846,-0.07554163173454526
p_1416,t3_2225gv,t1_cgimlkk,t1_cgio20w,0.2558139534883721,0.2777777777777778,-0.021963824289405687
p_1417,t3_221bir,t1_cgif7kr,t1_cgixpf6,0.5054945054945055,0.4936708860759494,0.011823619418556086
p_1418,t3_220tb9,t1_cgi94sd,t1_cgic9mq,0.19375,0.1691542288557214,0.024595771144278605
p_1422,t3_21ufiz,t1_cghj1f0,t1_cggsmnl,0.36486486486486486,0.24390243902439024,0.12096242584047462
p_1423,t3_21tk7p,t1_cgggqyw,t1_cgghrhl,0.5777777777777777,0.3475177304964539,0.23026004728132382
p_1425,t3_21tdqe,t1_cggbp4k,t1_cggl2kk,0.4,0.6461538461538462,-0.24615384615384617
p_1426,t3_21syfg,t1_cgg7z22,t1_cgg8cok,0.3076923076923077,0.23529411764705882,0.07239819004524889
p_1428,t3_21ssfi,t1_cgg6xv3,t1_cggf9u8,0.2,0.2840909090909091,-0.0840909090909091
p_1436,t3_21pkk6,t1_cgfbywq,t1_cgfbp9c,0.11174785100286533,0.18867924528301888,-0.07693139428015355
p_1437,t3_21okwn,t1_cgf2798,t1_cgf5s9n,0.32515337423312884,0.4153846153846154,-0.09023124115148656
p_1438,t3_21lleu,t1_cgec0uu,t1_cgebs0x,0.3548387096774194,0.2849740932642487,0.06986461641317065
p_1439,t3_21l4k2,t1_cge4eyu,t1_cge6hi9,0.39805825242718446,0.4090909090909091,-0.01103265666372466
p_1441,t3_21id1m,t1_cgdf3o7,t1_cgdlgwq,0.4050632911392405,0.5185185185185185,-0.11345522737927799
p_1447,t3_21eskl,t1_cgcdlrz,t1_cgccad9,0.4444444444444444,0.28431372549019607,0.16013071895424835
p_1449,t3_21dzb8,t1_cgc6vmk,t1_cgcdz22,0.25675675675675674,0.3220338983050847,-0.06527714154832798
p_1450,t3_21ceh3,t1_cgbp7v2,t1_cgbpnct,0.37383177570093457,0.5,-0.12616822429906543
p_1451,t3_21c4g5,t1_cgbm0ol,t1_cgbmkir,0.19767441860465115,0.2711864406779661,-0.07351202207331495
p_1454,t3_21bodq,t1_cgbktwy,t1_cgboulw,0.16666666666666666,0.234375,-0.06770833333333334
p_1455,t3_21aaav,t1_cgb4hag,t1_cgb7k83,0.3780487804878049,0.36923076923076925,0.00881801125703563
p_1456,t3_219ie7,t1_cgawtkk,t1_cgaywpa,0.28804347826086957,0.27927927927927926,0.00876419898159031
p_1457,t3_219ie7,t1_cgay26g,t1_cgaxh04,0.20875420875420875,0.4931506849315068,-0.2843964761772981
p_1459,t3_219hll,t1_cgb9i7f,t1_cgawgmy,0.23529411764705882,0.36363636363636365,-0.12834224598930483
p_1461,t3_218cj0,t1_cgb7957,t1_cgakc8p,0.3382352941176471,0.3305084745762712,0.0077268195413758844
p_1460,t3_218cj0,t1_cgb4zyw,t1_cgalms8,0.1891891891891892,0.23595505617977527,-0.046765866990586075
p_1462,t3_218cay,t1_cganctm,t1_cgb5b16,0.33055555555555555,0.37962962962962965,-0.0490740740740741
p_1464,t3_217z08,t1_cgamd0q,t1_cgam4in,0.2569444444444444,0.3183856502242152,-0.0614412057797708
p_1466,t3_216l8g,t1_cga5u8e,t1_cgaj501,0.42105263157894735,0.49056603773584906,-0.06951340615690171
p_1468,t3_216l8g,t1_cgadifw,t1_cgamd1h,0.3333333333333333,0.4649122807017544,-0.13157894736842107
p_1469,t3_216l8g,t1_cga5vm9,t1_cgad30r,0.4166666666666667,0.5555555555555556,-0.1388888888888889
p_1470,t3_216c3c,t1_cgaclvt,t1_cgb76ib,0.3883495145631068,0.4230769230769231,-0.03472740851381628
p_1471,t3_2156ec,t1_cg9t3jm,t1_cg9v9lh,0.3048780487804878,0.4025974025974026,-0.09771935381691482
p_1472,t3_2156ec,t1_cg9sith,t1_cg9v9lh,0.32222222222222224,0.4025974025974026,-0.08037518037518038
p_1473,t3_213mm2,t1_cg9agr0,t1_cg9bbci,0.2982456140350877,0.25925925925925924,0.03898635477582846
p_1474,t3_2130o9,t1_cg973lr,t1_cg99h0r,0.14241486068111456,0.2727272727272727,-0.13031241204615815
p_1475,t3_2108o3,t1_cg8g5m0,t1_cg8vacp,0.22126436781609196,0.2081447963800905,0.013119571436001454
p_1477,t3_2108o3,t1_cg8pfcj,t1_cg8em1w,0.4215686274509804,0.30962343096234307,0.11194519648863732
p_1476,t3_2108o3,t1_cg8g18c,t1_cg8gp2o,0.3225806451612903,0.2857142857142857,0.036866359447004615
p_1478,t3_2100tm,t1_cg8bjor,t1_cg8bpfd,0.15714285714285714,0.26582278481012656,-0.10867992766726942
p_1479,t3_2100tm,t1_cg8bkva,t1_cg8cadv,0.10240963855421686,0.11920529801324503,-0.016795659459028167
p_1480,t3_21006g,t1_cg8ektc,t1_cg8c67y,0.2681564245810056,0.19457013574660634,0.07358628883439924
p_1481,t3_21006g,t1_cg8d5l7,t1_cg8jki4,0.4074074074074074,0.6170212765957447,-0.2096138691883373
p_1482,t3_21006g,t1_cg8k5af,t1_cg8jacm,0.31,0.19612590799031476,0.11387409200968523
p_1483,t3_20y74d,t1_cg7uqnx,t1_cg7xgcc,0.3220338983050847,0.2553191489361702,0.06671474936891453
p_1484,t3_20xnem,t1_cg7p4ea,t1_cg872iu,0.29411764705882354,0.20245398773006135,0.09166365932876219
p_1485,t3_20xnem,t1_cg7py0i,t1_cg872iu,0.19183673469387755,0.20245398773006135,-0.010617253036183799
p_1486,t3_20w0tt,t1_cg7p8xg,t1_cg7r3mc,0.44755244755244755,0.46440677966101696,-0.016854332108569403
p_1487,t3_20vzfs,t1_cg7cbh1,t1_cg7cj2w,0.4027777777777778,0.36923076923076925,0.03354700854700854
p_1488,t3_20v70n,t1_cg725lz,t1_cg73vfe,0.38271604938271603,0.3516483516483517,0.031067697734364352
p_1489,t3_20smoi,t1_cg6kjc3,t1_cg6ejad,0.17261904761904762,0.20833333333333334,-0.035714285714285726
p_1495,t3_20ofb2,t1_cg5pkgq,t1_cg5ixhz,0.30303030303030304,0.3068181818181818,-0.0037878787878787845
p_1499,t3_20nrcb,t1_cg543t2,t1_cg552uu,0.42857142857142855,0.5432098765432098,-0.1146384479717813
p_1502,t3_20mxh2,t1_cg5cj8f,t1_cg5k6xt,0.14432989690721648,0.2222222222222222,-0.07789232531500573
p_1504,t3_20mjdj,t1_cg682ww,t1_cg4t0cc,0.14383561643835616,0.14193548387096774,0.0019001325673884129
p_1503,t3_20mjdj,t1_cg4pg7g,t1_cg4t0cc,0.18811881188118812,0.14193548387096774,0.046183328010220376
p_1505,t3_20madh,t1_cg4ndzh,t1_cg4rj03,0.14492753623188406,0.24691358024691357,-0.1019860440150295
p_1508,t3_20krmr,t1_cg48d5v,t1_cg4a1y8,0.32460732984293195,0.36936936936936937,-0.044762039526437425
p_1509,t3_20k8w4,t1_cg4aii2,t1_cg48eux,0.24107142857142858,0.5652173913043478,-0.3241459627329192
p_1510,t3_20k2rr,t1_cg419ms,t1_cg412ex,0.4157303370786517,0.46621621621621623,-0.05048587913756453
p_1511,t3_20jx3a,t1_cg3ylll,t1_cg3zhj7,0.22857142857142856,0.22935779816513763,-0.0007863695937090631
p_1512,t3_20iv9v,t1_cg3ns2w,t1_cg44wwu,0.2644628099173554,0.24615384615384617,0.01830896376350921
p_1513,t3_20iv9v,t1_cg3y5m7,t1_cg44wwu,0.25925925925925924,0.24615384615384617,0.013105413105413077
p_1515,t3_20i4lp,t1_cg3uys9,t1_cg3hmbl,0.267515923566879,0.42,-0.152484076433121
p_1516,t3_20i4lp,t1_cg48c3a,t1_cg3j6v8,0.38461538461538464,0.43283582089552236,-0.048220436280137724
p_1517,t3_20i32o,t1_cg3g5qn,t1_cg3h1s6,0.18518518518518517,0.19658119658119658,-0.011396011396011402
p_1518,t3_20hoh2,t1_cg3e8tj,t1_cg3e1q3,0.367816091954023,0.2765957446808511,0.09122034727317191
p_1519,t3_20h3n2,t1_cg35tve,t1_cg35vpg,0.38613861386138615,0.4864864864864865,-0.10034787262510036
p_1520,t3_20gyw4,t1_cg3bvu3,t1_cg3fsc7,0.5208333333333334,0.4166666666666667,0.10416666666666669
p_1521,t3_20gyw4,t1_cg3fs5u,t1_cg3fsc7,0.39080459770114945,0.4166666666666667,-0.025862068965517238
p_1523,t3_20evic,t1_cg2s2cg,t1_cg2kgg6,0.32558139534883723,0.35365853658536583,-0.028077141236528602
p_1524,t3_20er8m,t1_cg2kh0h,t1_cg349wx,0.4634146341463415,0.6309523809523809,-0.16753774680603944
p_1526,t3_20er8m,t1_cg2pphh,t1_cg349wx,0.5747126436781609,0.6309523809523809,-0.05623973727422005
p_1529,t3_20ccdh,t1_cg1yrvx,t1_cg21j64,0.24761904761904763,0.3025210084033613,-0.0549019607843137
p_1530,t3_20c7cz,t1_cg1yw0u,t1_cg1tdlz,0.41379310344827586,0.4766355140186916,-0.06284241057041573
p_1531,t3_20bjzj,t1_cg1npcb,t1_cg1np4p,0.27218934911242604,0.3422818791946309,-0.07009253008220484
p_1532,t3_20bc4h,t1_cg1kcaj,t1_cg1q9b0,0.2425531914893617,0.38953488372093026,-0.14698169223156857
p_1533,t3_20bc4h,t1_cg1k60u,t1_cg1m2xr,0.4810126582278481,0.40540540540540543,0.07560725282244268
p_1536,t3_208uz9,t1_cg0x68o,t1_cg0vcfi,0.3277310924369748,0.5,-0.1722689075630252
p_1538,t3_208uz9,t1_cg10g34,t1_cg0vx6c,0.4166666666666667,0.32608695652173914,0.09057971014492755
p_1539,t3_20771y,t1_cg0g3o7,t1_cg0kgnu,0.37037037037037035,0.2524271844660194,0.11794318590435093
p_1541,t3_2067hy,t1_cg07wrp,t1_cg0fxc1,0.3263888888888889,0.35555555555555557,-0.029166666666666674
p_1542,t3_2067hy,t1_cg0du69,t1_cg0fxc1,0.35514018691588783,0.35555555555555557,-0.00041536863966773474
p_1543,t3_205wgp,t1_cg034et,t1_cg0lm1r,0.42,0.37681159420289856,0.043188405797101426
p_1545,t3_2055ga,t1_cg005x6,t1_cfzyi1j,0.37777777777777777,0.5517241379310345,-0.1739463601532567
p_1546,t3_20552o,t1_cfzv2ca,t1_cfzutd1,0.3620689655172414,0.35185185185185186,0.010217113665389521
p_1547,t3_202dsz,t1_cfz5omt,t1_cfz8mj9,0.2621951219512195,0.21474358974358973,0.04745153220762979
p_1548,t3_1zyxf5,t1_cfykpyh,t1_cfy8x1q,0.3036649214659686,0.33858267716535434,-0.034917755699385766
p_1549,t3_1zwn1x,t1_cfxnbo6,t1_cfxnnsj,0.19230769230769232,0.26229508196721313,-0.06998738965952081
p_1550,t3_1zw7ln,t1_cfxj320,t1_cfxj5az,0.29411764705882354,0.2807017543859649,0.013415892672858643
p_1551,t3_1zuvxw,t1_cfxe20o,t1_cfxmqh6,0.2028985507246377,0.3333333333333333,-0.13043478260869562
p_1552,t3_1zu61l,t1_cfwzylm,t1_cfx0hao,0.2764227642276423,0.4393939393939394,-0.1629711751662971
p_1553,t3_1ztvka,t1_cfwxsqx,t1_cfwws2r,0.24882629107981222,0.4050632911392405,-0.15623700005942828
p_1555,t3_1zs621,t1_cfwvfc8,t1_cfwgped,0.15034965034965034,0.29411764705882354,-0.1437679967091732
p_1557,t3_1zradb,t1_cfwcpec,t1_cfwls65,0.12209302325581395,0.1513157894736842,-0.02922276621787026
p_1558,t3_1zmsp5,t1_cfv2q6b,t1_cfv12db,0.22758620689655173,0.25735294117647056,-0.029766734279918827
p_1561,t3_1zj8xe,t1_cfuhnxj,t1_cfu7ye4,0.3153153153153153,0.3170731707317073,-0.0017578554163920068
p_1563,t3_1zixnc,t1_cfu2ihk,t1_cfufvm6,0.40869565217391307,0.4482758620689655,-0.039580209895052454
p_1564,t3_1zixnc,t1_cfufgl4,t1_cfu8t82,0.35365853658536583,0.38181818181818183,-0.028159645232816
p_1565,t3_1zga9j,t1_cfth378,t1_cfthktn,0.3155080213903743,0.35,-0.03449197860962566
p_1566,t3_1zfi9r,t1_cft7656,t1_cft6dvp,0.18556701030927836,0.3173076923076923,-0.13174068199841393
p_1567,t3_1zdgxp,t1_cfspefn,t1_cfsoeq2,0.35294117647058826,0.4146341463414634,-0.061692969870875136
p_1568,t3_1zav5a,t1_cfs128g,t1_cfs8we4,0.24855491329479767,0.21145374449339208,0.0371011688014056
p_1569,t3_1zav5a,t1_cfs14jd,t1_cfs27v4,0.3559322033898305,0.40625,-0.050317796610169496
p_1570,t3_1z9uki,t1_cfrtm9j,t1_cfrtrpp,0.33766233766233766,0.46153846153846156,-0.1238761238761239
p_1571,t3_1z9nj1,t1_cfrvhp5,t1_cfrt1zr,0.23853211009174313,0.2777777777777778,-0.03924566768603466
p_1572,t3_1z9nj1,t1_cfs2slp,t1_cfrt1zr,0.2392638036809816,0.2777777777777778,-0.03851397409679619
p_1575,t3_1z4j07,t1_cfqjgtm,t1_cfqfpgt,0.29545454545454547,0.2261904761904762,0.06926406926406928
p_1576,t3_1z3vej,t1_cfq9l33,t1_cfq9m7b,0.20634920634920634,0.3269230769230769,-0.12057387057387059
p_1577,t3_1z2m65,t1_cfpz5ni,t1_cfqe6na,0.2393617021276596,0.2916666666666667,-0.0523049645390071
p_1579,t3_1z1x25,t1_cfps3jr,t1_cfprwz1,0.19254658385093168,0.2980132450331126,-0.10546666118218093
p_1581,t3_1z0efm,t1_cfpdtdk,t1_cfpdbjr,0.1536144578313253,0.3046875,-0.1510730421686747
p_1582,t3_1yzk2r,t1_cfpix2k,t1_cfpb5e7,0.1702127659574468,0.18705035971223022,-0.016837593754783414
p_1584,t3_1ytd1y,t1_cfnl117,t1_cfnl2nq,0.32098765432098764,0.2608695652173913,0.06011808910359634
p_1585,t3_1yst0y,t1_cfngu5x,t1_cfngwn5,0.15637860082304528,0.2932330827067669,-0.13685448188372162
p_1586,t3_1ysjvs,t1_cfndapb,t1_cfnjy06,0.28865979381443296,0.3068181818181818,-0.01815838800374886
p_1587,t3_1ysjvs,t1_cfnejdg,t1_cfndbpn,0.1956521739130435,0.23448275862068965,-0.038830584707646165
p_1588,t3_1yqbtv,t1_cfmvaww,t1_cfn3a9g,0.24817518248175183,0.31521739130434784,-0.06704220882259601
p_1589,t3_1yqbtv,t1_cfmvnmb,t1_cfnjhfp,0.23863636363636365,0.22784810126582278,0.010788262370540869
p_1590,t3_1ypfdt,t1_cfmn9ya,t1_cfmkj9p,0.27586206896551724,0.28,-0.004137931034482789
p_1593,t3_1ylhiw,t1_cflpdf1,t1_cflrlgg,0.2703862660944206,0.4146341463414634,-0.14424788024704277
p_1594,t3_1yksrs,t1_cfln3uw,t1_cflsynk,0.5934065934065934,0.5,0.09340659340659341
p_1595,t3_1yk2nn,t1_cfmigm1,t1_cfl7jgs,0.17479674796747968,0.31343283582089554,-0.13863608785341586
p_1597,t3_1yj9yz,t1_cfkzuuw,t1_cfl3zb3,0.3111111111111111,0.37209302325581395,-0.06098191214470283
p_1598,t3_1yhd8w,t1_cfkunw0,t1_cfl04qs,0.18823529411764706,0.29285714285714287,-0.10462184873949582
p_1599,t3_1yg8sx,t1_cfkaxla,t1_cfk8844,0.30526315789473685,0.2916666666666667,0.013596491228070162
p_1600,t3_1yg2jo,t1_cfk66s1,t1_cfk729g,0.23529411764705882,0.34210526315789475,-0.10681114551083593
p_1601,t3_1yf0hw,t1_cfk3gzm,t1_cfk3g6w,0.421875,0.421875,0.0
p_1602,t3_1ycqp3,t1_cfjcixz,t1_cfjex0e,0.5555555555555556,0.44019138755980863,0.11536416799574695
p_1603,t3_1yccg0,t1_cfj7tna,t1_cfj836t,0.20382165605095542,0.21243523316062177,-0.008613577109666343
p_1604,t3_1yc8z3,t1_cfj8dok,t1_cfj6ut7,0.1797752808988764,0.2616822429906542,-0.08190696209177778
p_1607,t3_1y93n4,t1_cfilbka,t1_cfiga5n,0.27598566308243727,0.37681159420289856,-0.10082593112046129
p_1609,t3_1y8e6p,t1_cfidj9k,t1_cfi8wne,0.18269230769230768,0.1888111888111888,-0.00611888111888112
p_1610,t3_1y7dly,t1_cfi0whe,t1_cfi99ou,0.14035087719298245,0.1506276150627615,-0.010276737869779062
p_1611,t3_1y6r6n,t1_cfhuqmy,t1_cfhzeok,0.3918918918918919,0.3854748603351955,0.006417031556696373
p_1613,t3_1y5kpj,t1_cfhngrl,t1_cfhmv6r,0.14606741573033707,0.225,-0.07893258426966293
p_1614,t3_1y5jpe,t1_cfhjc63,t1_cfhoyvh,0.2978723404255319,0.3387096774193548,-0.040837336993822915
p_1615,t3_1y3vw7,t1_cfh6xl3,t1_cfhb3ig,0.32967032967032966,0.4805194805194805,-0.15084915084915085
p_1616,t3_1y0z80,t1_cfgezmv,t1_cfgd9sg,0.22142857142857142,0.3472222222222222,-0.1257936507936508
p_1617,t3_1y0z80,t1_cfgebtx,t1_cfge83v,0.3050847457627119,0.3048780487804878,0.00020669698222408606
p_1618,t3_1y0z80,t1_cfgff5w,t1_cfgdo8i,0.34210526315789475,0.3695652173913043,-0.027459954233409578
p_1619,t3_1y0z80,t1_cfggmp9,t1_cfggdeg,0.24390243902439024,0.3333333333333333,-0.08943089430894308
p_1620,t3_1y0vu9,t1_cfgiaw0,t1_cfgl96g,0.4166666666666667,0.3445378151260504,0.07212885154061627
p_1621,t3_1y0q8w,t1_cfrq7cf,t1_cfgq10w,0.20794392523364486,0.3321678321678322,-0.12422390693418733
p_1622,t3_1xzpi7,t1_cfg2dzw,t1_cfg3is1,0.2987012987012987,0.43448275862068964,-0.13578145991939095
p_1623,t3_1xzf7d,t1_cfg00me,t1_cffz5zm,0.2532467532467532,0.3486238532110092,-0.09537709996425597
p_1624,t3_1xzeag,t1_cffzwu5,t1_cffzfv6,0.29347826086956524,0.36496350364963503,-0.07148524278006979
p_1625,t3_1xzdek,t1_cfg1zzx,t1_cfg0i1g,0.17543859649122806,0.25842696629213485,-0.08298836980090679
p_1626,t3_1xz6rw,t1_cffz8em,t1_cffxz9z,0.3888888888888889,0.4175824175824176,-0.028693528693528703
p_1628,t3_1xx4hd,t1_cffpbcp,t1_cffe6q8,0.19545454545454546,0.22023809523809523,-0.02478354978354977
p_1631,t3_1xvch2,t1_cff03ce,t1_cfeznzr,0.28654970760233917,0.31645569620253167,-0.0299059886001925
p_1632,t3_1xus3u,t1_cff4s1l,t1_cff7gyo,0.15348837209302327,0.29545454545454547,-0.1419661733615222
p_1633,t3_1xtu9a,t1_cfelt93,t1_cfek1hq,0.21739130434782608,0.30337078651685395,-0.08597948216902787
p_1635,t3_1xt7na,t1_cfekvit,t1_cfehcuc,0.3103448275862069,0.3880597014925373,-0.07771487390633042
p_1636,t3_1xrsup,t1_cfe9wcm,t1_cfecpir,0.2,0.23880597014925373,-0.038805970149253716
p_1639,t3_1xqnjx,t1_cfdvt9y,t1_cfdt5y3,0.33170731707317075,0.3484848484848485,-0.01677753141167776
p_1640,t3_1xqnjx,t1_cfdsxp9,t1_cfdvwqp,0.3739495798319328,0.31086142322097376,0.06308815661095901
p_1641,t3_1xqn05,t1_cfdr670,t1_cfdzhku,0.1736111111111111,0.3283582089552239,-0.15474709784411278
p_1647,t3_1xpli3,t1_cfdj416,t1_cfdz0is,0.18061674008810572,0.2248062015503876,-0.04418946146228189
p_1648,t3_1xp9br,t1_cfddlr2,t1_cfdd9ab,0.2743362831858407,0.2734375,0.0008987831858406903
p_1649,t3_1xowzb,t1_cfdatgs,t1_cfdbx3c,0.19069767441860466,0.19642857142857142,-0.005730897009966762
p_1650,t3_1xowzb,t1_cfdbhsi,t1_cfdbx3c,0.15602836879432624,0.19642857142857142,-0.04040020263424518
p_1651,t3_1xofrl,t1_cfd7mvo,t1_cfd6avv,0.46774193548387094,0.4,0.06774193548387092
p_1652,t3_1xny71,t1_cfd4qsf,t1_cfd1p8s,0.23228346456692914,0.3722627737226277,-0.1399793091556986
p_1653,t3_1xne0t,t1_cfcwnyo,t1_cfcwuj0,0.3225806451612903,0.34146341463414637,-0.018882769472856054
p_1654,t3_1xml8r,t1_cfcpq87,t1_cfcvgy3,0.1796875,0.2608695652173913,-0.0811820652173913
p_1658,t3_1xj5t3,t1_cfbzgs9,t1_cfbsvrz,0.24210526315789474,0.19262295081967212,0.04948231233822262
p_1659,t3_1xj58k,t1_cfbw65l,t1_cfc1y4k,0.1826086956521739,0.2727272727272727,-0.0901185770750988
p_1660,t3_1xj1ga,t1_cfbsq9j,t1_cfbsdxa,0.3448275862068966,0.2827586206896552,0.06206896551724139
p_1661,t3_1xijwf,t1_cfbyqtw,t1_cfbs8fr,0.215,0.24157303370786518,-0.02657303370786518
p_1662,t3_1xijwf,t1_cfbrxxo,t1_cfbs8fr,0.3974358974358974,0.24157303370786518,0.15586286372803224
p_1663,t3_1xi9t0,t1_cfbm43v,t1_cfbl44s,0.3005181347150259,0.5,-0.19948186528497408
p_1664,t3_1xhrpt,t1_cfbkr47,t1_cfby4iv,0.1523809523809524,0.2611111111111111,-0.10873015873015873
p_1665,t3_1xhjo8,t1_cfbg2kr,t1_cfbe6yx,0.21875,0.5,-0.28125
p_1666,t3_1xhgv0,t1_cfbkzhu,t1_cfbpidx,0.34782608695652173,0.2112676056338028,0.13655848132271892
p_1668,t3_1xgop4,t1_cfb7zmh,t1_cfblib6,0.35,0.4264705882352941,-0.07647058823529412
p_1670,t3_1xg9o8,t1_cfb5szp,t1_cfb8m1v,0.09712230215827339,0.1292517006802721,-0.032129398521998725
p_1671,t3_1xg9o8,t1_cfb7rha,t1_cfb8rco,0.12669683257918551,0.125,0.0016968325791855143
p_1672,t3_1xg07x,t1_cfb0ntv,t1_cfb1y56,0.3076923076923077,0.33695652173913043,-0.029264214046822723
p_1673,t3_1xg07x,t1_cfb029j,t1_cfb1y56,0.3333333333333333,0.33695652173913043,-0.0036231884057971175
p_1674,t3_1xfxzz,t1_cfbqyq7,t1_cfb38lx,0.45112781954887216,0.5166666666666667,-0.06553884711779456
p_1675,t3_1xecbw,t1_cfapwte,t1_cfavmea,0.35365853658536583,0.29213483146067415,0.061523705124691686
p_1676,t3_1xauzj,t1_cf9ryoi,t1_cf9rnej,0.1912568306010929,0.22123893805309736,-0.02998210745200447
p_1677,t3_1x9drc,t1_cf9aorl,t1_cf9drsg,0.3,0.2956989247311828,0.004301075268817178
p_1678,t3_1x8fy5,t1_cf9c8ws,t1_cf9598e,0.1638655462184874,0.3709677419354839,-0.20710219571699648
p_1679,t3_1x7uoa,t1_cf8wl9o,t1_cf8z5i2,0.22435897435897437,0.20192307692307693,0.02243589743589744
p_1681,t3_1x5wrj,t1_cf8fe6i,t1_cf8h4zs,0.44554455445544555,0.4175824175824176,0.027962136873027954
p_1682,t3_1x5gri,t1_cf8ak7n,t1_cf8c7ra,0.25842696629213485,0.3333333333333333,-0.07490636704119846
p_1683,t3_1x4fll,t1_cf88dvu,t1_cf80gm0,0.2987012987012987,0.30392156862745096,-0.005220269926152266
p_1684,t3_1x4e9l,t1_cf8c6ja,t1_cf813g9,0.4222222222222222,0.5454545454545454,-0.1232323232323232
p_1685,t3_1x44be,t1_cf7y65l,t1_cffje6e,0.14201183431952663,0.18787878787878787,-0.045866953559261237
p_1686,t3_1x44be,t1_cf8ii0u,t1_cf7ynno,0.272,0.2248062015503876,0.04719379844961241
p_1687,t3_1x3quk,t1_cf81vtd,t1_cf811b2,0.2483221476510067,0.31343283582089554,-0.06511068816988883
p_1688,t3_1x3quk,t1_cf82a08,t1_cf7xofq,0.22633744855967078,0.3253012048192771,-0.09896375625960632
p_1689,t3_1x3jm2,t1_cf7t9mu,t1_cf7w0x1,0.30714285714285716,0.37777777777777777,-0.0706349206349206
p_1690,t3_1x3jm2,t1_cf7rvkt,t1_cf7xop4,0.5172413793103449,0.37254901960784315,0.14469235970250172
p_1691,t3_1x3jm2,t1_cf7tzua,t1_cf7v802,0.3739130434782609,0.26519337016574585,0.10871967331251503
p_1693,t3_1wxy0c,t1_cf6nwss,t1_cf6opjq,0.3767123287671233,0.42748091603053434,-0.05076858726341105
p_1694,t3_1wxy0c,t1_cf6r60y,t1_cf6opjq,0.2801724137931034,0.42748091603053434,-0.14730850223743092
p_1695,t3_1wwoop,t1_cf63aas,t1_cf61b67,0.3793103448275862,0.22522522522522523,0.15408511960236096
p_1696,t3_1wwoop,t1_cf61gbe,t1_cf642jh,0.29310344827586204,0.2857142857142857,0.007389162561576346
p_1697,t3_1wvyf1,t1_cf5vcsr,t1_cf6onl2,0.5873015873015873,0.36666666666666664,0.22063492063492068
p_1699,t3_1wvths,t1_cf614t8,t1_cf5ugx7,0.21390374331550802,0.26666666666666666,-0.05276292335115865
p_1698,t3_1wvths,t1_cf5v50x,t1_cf5viuj,0.4,0.36923076923076925,0.03076923076923077
p_1700,t3_1wvouv,t1_cf5t6kg,t1_cf5ydyu,0.25301204819277107,0.2807017543859649,-0.02768970619319383
p_1702,t3_1wvhao,t1_cf5t1xp,t1_cf63h51,,0.20634920634920634,
p_1703,t3_1wu9bx,t1_cf5ghfv,t1_cf5gzn8,0.24561403508771928,0.25984251968503935,-0.014228484597320068
p_1704,t3_1wtvq6,t1_cf5knmg,t1_cf5ocok,0.2786885245901639,0.24603174603174602,0.03265677855841789
p_1705,t3_1wteqq,t1_cf5rh0q,t1_cf57as7,0.375,0.3146067415730337,0.0603932584269663
p_1706,t3_1wt8h7,t1_cf55ppi,t1_cf559e0,0.24358974358974358,0.24675324675324675,-0.0031635031635031674
p_1707,t3_1wsalo,t1_cf54lvq,t1_cf570gn,0.44516129032258067,0.4897959183673469,-0.044634628044766256
p_1708,t3_1wqdpz,t1_cf4fnk7,t1_cf4fg38,0.18309859154929578,0.3698630136986301,-0.18676442214933434
p_1709,t3_1wnvdn,t1_cf3s4a2,t1_cf3rvjd,0.2154696132596685,0.3026315789473684,-0.0871619656876999
p_1710,t3_1wmoca,t1_cf3hjc2,t1_cf3fxbx,0.34355828220858897,0.375,-0.03144171779141103
p_1714,t3_1wjggc,t1_cf2k4m9,t1_cf2zudy,0.38028169014084506,0.2716049382716049,0.10867675186924014
p_1719,t3_1we5ye,t1_cf181nq,t1_cf1drrq,0.22119815668202766,0.1958762886597938,0.02532186802223385
p_1721,t3_1we3gg,t1_cf15n2w,t1_cf1b9fg,0.251063829787234,0.35658914728682173,-0.10552531749958771
p_1722,t3_1we3gg,t1_cf1aqki,t1_cf1mnjk,0.48148148148148145,0.45323741007194246,0.028244071409538996
p_1723,t3_1we3gg,t1_cf14k7c,t1_cf1b9fg,0.3482142857142857,0.35658914728682173,-0.00837486157253603
p_1727,t3_1w99ax,t1_cf08bgj,t1_cezuuhe,0.41284403669724773,0.5510204081632653,-0.13817637146601752
p_1728,t3_1w91jl,t1_cezwkl3,t1_cezzr6g,0.3888888888888889,0.5,-0.1111111111111111
p_1729,t3_1w84rh,t1_cezjynx,t1_cezjtaz,0.3382352941176471,0.41304347826086957,-0.07480818414322249
p_1731,t3_1w6uhl,t1_cezbyuy,t1_cez8odp,0.34408602150537637,0.3923076923076923,-0.04822167080231593
p_1730,t3_1w6uhl,t1_cezbjga,t1_cez8r6m,0.3253968253968254,0.375,-0.049603174603174593
p_1732,t3_1w6uhl,t1_cezwgtv,t1_cezh5ah,0.266304347826087,0.291005291005291,-0.024700943179204016
p_1733,t3_1w6uhl,t1_cezy174,t1_cezwt7d,0.27169811320754716,0.425,-0.15330188679245282
p_1734,t3_1w3r7a,t1_ceyfj6f,t1_ceyiqk4,0.22784810126582278,0.25274725274725274,-0.02489915148142996
p_1735,t3_1vz63d,t1_cex6xzs,t1_cexiref,0.5297619047619048,0.5348837209302325,-0.005121816168327742
p_1738,t3_1vqwtw,t1_ceuzj2d,t1_ceuycyu,0.3877551020408163,0.3787878787878788,0.008967223252937528
p_1739,t3_1vq2nf,t1_ceupm5x,t1_ceup6x1,0.2535211267605634,0.3333333333333333,-0.07981220657276994
p_1740,t3_1vpp6t,t1_ceus11w,t1_ceuld78,0.2396694214876033,0.232,0.007669421487603301
p_1742,t3_1voenh,t1_ceubelw,t1_ceu9m4y,0.132890365448505,0.17751479289940827,-0.04462442745090328
p_1743,t3_1vm911,t1_cetnn1i,t1_cettz33,0.5294117647058824,0.46551724137931033,0.06389452332657203
p_1746,t3_1vitnu,t1_cesojok,t1_cet1d7h,0.16129032258064516,0.17857142857142858,-0.01728110599078342
p_1747,t3_1vil9h,t1_cesmz2f,t1_cesm93p,0.23846153846153847,0.425,-0.18653846153846151
p_1748,t3_1vil80,t1_cet0nf1,t1_cesmfhu,0.21568627450980393,0.25405405405405407,-0.038367779544250136
p_1750,t3_1vhh7b,t1_cesb8l8,t1_ceso4j1,0.25877192982456143,0.35359116022099446,-0.09481923039643303
p_1753,t3_1vg6qn,t1_cerydvt,t1_ces7sw3,0.2088607594936709,0.1986754966887417,0.01018526280492918
p_1754,t3_1vg6qn,t1_ces7xdz,t1_ces4z4x,0.2878787878787879,0.30434782608695654,-0.01646903820816864
p_1755,t3_1vfoko,t1_cersgwa,t1_cery1u3,0.21359223300970873,0.23076923076923078,-0.017176997759522056
p_1756,t3_1veiwz,t1_cergs7r,t1_ceruu7h,0.25735294117647056,0.29213483146067415,-0.03478189028420359
p_1758,t3_1vc1ju,t1_ceqsvrq,t1_ceqsm8p,0.4020100502512563,0.536,-0.13398994974874373
p_1759,t3_1vbtut,t1_ceqq9p8,t1_ceqwdz5,0.5204081632653061,0.5689655172413793,-0.04855735397607319
p_1762,t3_1v97rw,t1_cepz02o,t1_ceq85nw,0.2265625,0.3150684931506849,-0.08850599315068491
p_1763,t3_1v8xv5,t1_cepyw13,t1_cepvurr,0.27439024390243905,0.46875,-0.19435975609756095
p_1764,t3_1v8vbr,t1_ceq1g3n,t1_cepzl4s,0.4161073825503356,0.40816326530612246,0.007944117244213122
p_1765,t3_1v8hly,t1_ceps6kq,t1_cepr262,0.125,0.1557377049180328,-0.030737704918032793
p_1767,t3_1v6x7z,t1_cepcqsx,t1_cepbgx3,0.3220338983050847,0.3696969696969697,-0.04766307139188497
p_1768,t3_1v6x7z,t1_cepbbkb,t1_ceplff5,0.3763440860215054,0.42592592592592593,-0.049581839904420555
p_1771,t3_1v6sc1,t1_cep8u6j,t1_cep920e,0.36082474226804123,0.2972972972972973,0.06352744497074392
p_1772,t3_1v6sc1,t1_cepbi6t,t1_cep9kye,0.36904761904761907,0.3870967741935484,-0.018049155145929308
p_1773,t3_1v5dnm,t1_ceovabh,t1_ceovlgt,0.2222222222222222,0.17777777777777778,0.044444444444444425
p_1774,t3_1v5dnm,t1_ceovl5u,t1_ceov0pa,0.1870967741935484,0.2987012987012987,-0.1116045245077503
p_1775,t3_1v44vp,t1_ceoj2ew,t1_ceonfda,0.40397350993377484,0.41358024691358025,-0.009606736979805408
p_1776,t3_1v44ig,t1_ceonb1b,t1_ceoluxq,0.35384615384615387,0.40939597315436244,-0.05554981930820857
p_1777,t3_1v37km,t1_ceof5q0,t1_ceoakgs,0.29218106995884774,0.2474747474747475,0.04470632248410025
p_1778,t3_1v2buu,t1_ceo3y9o,t1_ceo0vsq,0.19736842105263158,0.38333333333333336,-0.18596491228070178
p_1783,t3_1uw88g,t1_cemazwn,t1_cem9vxq,0.2845528455284553,0.5147058823529411,-0.23015303682448585
p_1784,t3_1uw88g,t1_cema7rn,t1_cematy2,0.2916666666666667,0.45925925925925926,-0.16759259259259257
p_1785,t3_1uu8f1,t1_celpb6x,t1_celpnop,0.42,0.34,0.07999999999999996
p_1787,t3_1uss24,t1_celd4ge,t1_cem21t7,0.2014388489208633,0.2711864406779661,-0.0697475917571028
p_1788,t3_1us404,t1_celnjcf,t1_cel68zm,0.12290502793296089,0.20168067226890757,-0.07877564433594668
p_1789,t3_1us3bu,t1_cel70ih,t1_celagxd,0.1837837837837838,0.17525773195876287,0.00852605182502092
p_1790,t3_1urrut,t1_cel88d0,t1_cel1jwe,0.23979591836734693,0.46,-0.2202040816326531
p_1791,t3_1up36i,t1_cel5ryl,t1_cekasft,0.4823529411764706,0.5434782608695652,-0.06112531969309459
p_1794,t3_1un1uh,t1_cejsnxi,t1_cejqr72,0.4426229508196721,0.5,-0.05737704918032788
p_1795,t3_1umi67,t1_cejoc7z,t1_cejtg9p,0.3333333333333333,0.4318181818181818,-0.09848484848484851
p_1796,t3_1um2og,t1_cejgnup,t1_cejgczp,0.2122905027932961,0.43902439024390244,-0.22673388745060635
p_1797,t3_1uldzf,t1_cejbhlx,t1_cejot4k,0.29591836734693877,0.24390243902439024,0.05201592832254853
p_1800,t3_1uhnsm,t1_cei7518,t1_cei83kz,0.22950819672131148,0.39751552795031053,-0.16800733122899905
p_1801,t3_1uhj8f,t1_cei563f,t1_ceim6kr,0.3258426966292135,0.30952380952380953,0.016318887105403967
p_1802,t3_1uhj8f,t1_cei5r73,t1_ceiav39,0.2550335570469799,0.27722772277227725,-0.022194165725297366
p_1803,t3_1ugfg7,t1_cehxooj,t1_cehv3x9,0.17355371900826447,0.20270270270270271,-0.029148983694438246
p_1804,t3_1ueg7f,t1_ceh8q6y,t1_ceh8am3,0.2032520325203252,0.3283582089552239,-0.12510617643489869
p_1806,t3_1udzn5,t1_ceh4p0r,t1_ceh6366,0.14912280701754385,0.2773109243697479,-0.12818811735220406
p_1808,t3_1udzn5,t1_cehcarm,t1_cehc82y,0.4716981132075472,0.3972602739726027,0.07443783923494446
p_1811,t3_1udlql,t1_ceh07bk,t1_cegzp5m,0.2857142857142857,0.41304347826086957,-0.12732919254658387
p_1812,t3_1ud8fv,t1_cehjb3t,t1_ceh3glw,0.23076923076923078,0.2926829268292683,-0.06191369606003749
p_1814,t3_1uctm7,t1_cegr7bn,t1_cegy5dc,0.4084507042253521,0.375,0.033450704225352124
p_1815,t3_1ucj9u,t1_cegoldf,t1_cegt2yd,0.5229357798165137,0.33620689655172414,0.1867288832647896
p_1816,t3_1ucgh6,t1_cegogz6,t1_cegohag,0.3333333333333333,0.19718309859154928,0.13615023474178403
p_1817,t3_1ucgh6,t1_cegqw1u,t1_cegohag,0.15942028985507245,0.19718309859154928,-0.03776280873647683
p_1818,t3_1uamtt,t1_cegcjhm,t1_cegb3ri,0.34210526315789475,0.2864583333333333,0.05564692982456143
p_1821,t3_1u8yzo,t1_cefohe0,t1_cefnobg,0.3706896551724138,0.3409090909090909,0.02978056426332293
p_1824,t3_1u8om4,t1_cefkzid,t1_cefl804,0.23880597014925373,0.2781065088757396,-0.039300538726485895
p_1825,t3_1u8iv1,t1_cefj6lm,t1_cefr8n0,0.3352601156069364,0.3727810650887574,-0.037520949481821
p_1827,t3_1u87uu,t1_cefgarg,t1_cefn2kn,0.11564625850340136,0.15789473684210525,-0.04224847833870389
p_1828,t3_1u7llg,t1_cefbw53,t1_cefb5g9,0.4444444444444444,0.2903225806451613,0.1541218637992831
p_1830,t3_1u4wxq,t1_ceenpjt,t1_ceekcir,0.4117647058823529,0.547945205479452,-0.1361804995970991
p_1829,t3_1u4wxq,t1_ceeovmf,t1_ceem22l,0.43478260869565216,0.4857142857142857,-0.05093167701863355
p_1831,t3_1u4fqn,t1_ceefsm0,t1_ceejtd2,0.2222222222222222,0.29365079365079366,-0.07142857142857145
p_1835,t3_1u28be,t1_cedssel,t1_cedt1r4,0.2840909090909091,0.22935779816513763,0.05473311092577149
p_1836,t3_1u0pt2,t1_cedkwy5,t1_cedqecc,0.5373134328358209,0.3875968992248062,0.14971653361101467
p_1838,t3_1ty0ux,t1_cecozto,t1_cecpcit,0.32,0.2542372881355932,0.0657627118644068
p_1839,t3_1txyfq,t1_ceczo86,t1_cecktf3,0.16097560975609757,0.40425531914893614,-0.24327970939283858
p_1840,t3_1tx0tf,t1_ceca72e,t1_ceca9ns,0.3333333333333333,0.4117647058823529,-0.0784313725490196
p_1841,t3_1twxa7,t1_cec9uo6,t1_cecflca,0.21621621621621623,0.28346456692913385,-0.06724835071291763
p_1843,t3_1twegt,t1_cecee3s,t1_cecd78s,0.3049645390070922,0.375,-0.0700354609929078
p_1844,t3_1tt75b,t1_cebccgh,t1_cebecvh,0.19038461538461537,0.3486238532110092,-0.15823923782639382
p_1845,t3_1tt5tb,t1_cebd1og,t1_cebemwn,0.2073170731707317,0.19008264462809918,0.01723442854263252
p_1846,t3_1tt5tb,t1_cebcb60,t1_cebb05i,0.19444444444444445,0.2641509433962264,-0.06970649895178196
p_1850,t3_1tqttm,t1_cealwzd,t1_ceakm2y,0.29595015576323985,0.35585585585585583,-0.05990570009261598
p_1851,t3_1tqttm,t1_ceaxcno,t1_ceak6vp,0.34065934065934067,0.39751552795031053,-0.05685618729096986
p_1853,t3_1tpqhr,t1_ceaod4e,t1_ceaei9g,0.2077922077922078,0.16875,0.039042207792207795
p_1855,t3_1to7tw,t1_ce9wkz3,t1_ce9wfe0,0.14012738853503184,0.1839080459770115,-0.04378065744197965
p_1856,t3_1tns6s,t1_ce9xde5,t1_ce9rgf8,0.65625,0.3577981651376147,0.2984518348623853
p_1857,t3_1tm85z,t1_ce9dgau,t1_ce9co77,0.24489795918367346,0.2966101694915254,-0.05171221030785195
p_1858,t3_1tku2p,t1_ce92cm3,t1_ce9099k,0.28776978417266186,0.3372093023255814,-0.049439518152919526
p_1860,t3_1tg3nh,t1_ce7sc37,t1_ce7klpg,0.5052631578947369,0.45454545454545453,0.05071770334928233
p_1861,t3_1te39z,t1_ce70eid,t1_ce71ql3,0.375,0.3225806451612903,0.052419354838709686
p_1862,t3_1td5fm,t1_ce6qqlt,t1_ce6qwq5,0.37735849056603776,0.35353535353535354,0.023823137030684227
p_1863,t3_1t9y3s,t1_ce5u6t5,t1_ce5u33e,0.18181818181818182,0.3142857142857143,-0.13246753246753246
p_1864,t3_1t9irv,t1_ce5qvxa,t1_ce5r69v,0.18840579710144928,0.13389121338912133,0.05451458371232795
p_1866,t3_1t9irv,t1_ce5spfk,t1_ce5r134,0.1694915254237288,0.20833333333333334,-0.03884180790960454
p_1867,t3_1t8yrt,t1_ce5k8r6,t1_ce5jxeb,0.39473684210526316,0.41935483870967744,-0.02461799660441427
p_1869,t3_1t83kb,t1_ce5bsdz,t1_ce5bvhb,0.15236427320490367,0.2926829268292683,-0.1403186536243646
p_1870,t3_1t5izv,t1_ce4jsh6,t1_ce4oagv,0.2774869109947644,0.21153846153846154,0.06594844945630288
p_1872,t3_1t4p86,t1_ce4jasj,t1_ce4clfo,0.22556390977443608,0.23333333333333334,-0.007769423558897259
p_1873,t3_1t46ur,t1_ce4aypp,t1_ce46qsw,0.19021739130434784,0.37349397590361444,-0.1832765845992666
p_1877,t3_1t1i45,t1_ce3sops,t1_ce3g5h1,0.2537313432835821,0.288135593220339,-0.03440424993675689
p_1878,t3_1t13mm,t1_ce3c4sb,t1_ce39wwh,0.19642857142857142,0.3380281690140845,-0.14159959758551308
p_1879,t3_1t0eax,t1_ce324pp,t1_ce36rhk,0.35106382978723405,0.40606060606060607,-0.05499677627337202
p_1880,t3_1sxioi,t1_ce27cna,t1_ce2bmpa,0.2357142857142857,0.2878787878787879,-0.05216450216450219
p_1881,t3_1sxioi,t1_ce27fv0,t1_ce2dpe5,0.21232876712328766,0.21804511278195488,-0.005716345658667216
p_1884,t3_1sv960,t1_ce1x8f8,t1_ce1krmn,0.24390243902439024,0.3333333333333333,-0.08943089430894308
p_1885,t3_1sv7nj,t1_ce1m2fp,t1_ce1qbwt,0.34523809523809523,0.2962962962962963,0.04894179894179895
p_1886,t3_1suyq6,t1_ce1hrcm,t1_ce1i6wn,0.2589928057553957,0.1476923076923077,0.11130049806308798
p_1887,t3_1suyq6,t1_ce1jnf5,t1_ce1i6wn,0.16129032258064516,0.1476923076923077,0.01359801488833745
p_1888,t3_1suyq6,t1_ce1j07m,t1_ce1ivme,0.15833333333333333,0.33695652173913043,-0.1786231884057971
p_1890,t3_1suq0i,t1_ce1l6xb,t1_ce1frfu,0.42857142857142855,0.3333333333333333,0.09523809523809523
p_1889,t3_1suq0i,t1_ce1gpo7,t1_ce1g21s,0.4020618556701031,0.5106382978723404,-0.10857644220223728
p_1891,t3_1sunm5,t1_ce1fx1q,t1_ce1fhql,0.2914285714285714,0.42105263157894735,-0.12962406015037592
p_1893,t3_1sunm5,t1_ce1epim,t1_ce1fhql,0.31654676258992803,0.42105263157894735,-0.10450586898901931
p_1892,t3_1sunm5,t1_ce1fxo1,t1_ce1gunr,0.17684887459807075,0.2616279069767442,-0.08477903237867346
p_1894,t3_1stysh,t1_ce1a8iy,t1_ce1k607,0.28125,0.30851063829787234,-0.02726063829787234
p_1895,t3_1sslvc,t1_ce0xojx,t1_ce12asq,0.13259668508287292,0.20093457943925233,-0.06833789435637941
p_1896,t3_1sqkke,t1_ce09y0e,t1_ce08oy9,0.21794871794871795,0.22826086956521738,-0.010312151616499426
p_1897,t3_1sktqj,t1_cdz832l,t1_cdymjwd,0.15444015444015444,0.189873417721519,-0.03543326328136456
p_1898,t3_1sji3o,t1_cdy85sk,t1_cdyajck,0.2608695652173913,0.2558139534883721,0.005055611729019194
p_1900,t3_1sgr9m,t1_cdxkw1s,t1_cdxgrfu,0.2948717948717949,0.5789473684210527,-0.2840755735492578
p_1904,t3_1scv1e,t1_cdwaij1,t1_cdw8ydx,0.234375,0.2980769230769231,-0.06370192307692307
p_1905,t3_1sclwf,t1_cdwfawk,t1_cdw643w,0.21153846153846154,0.32727272727272727,-0.11573426573426573
p_1907,t3_1scbek,t1_cdw4ucf,t1_cdw36rb,0.4642857142857143,0.4852941176470588,-0.02100840336134452
p_1908,t3_1sbxik,t1_cdvzh4k,t1_cdvyz1u,0.3875,0.46153846153846156,-0.07403846153846155
p_1909,t3_1saalt,t1_cdw0u51,t1_cdvmn1u,0.256,0.4177215189873418,-0.16172151898734177
p_1910,t3_1s94cq,t1_cdv71qo,t1_cdv5luo,0.375,0.45454545454545453,-0.07954545454545453
p_1911,t3_1s8zmg,t1_cdwf8t8,t1_cdvi2oo,0.2185430463576159,0.3373493975903614,-0.11880635123274552
p_1912,t3_1s6w43,t1_cduin0o,t1_cduuorr,0.3333333333333333,0.3595505617977528,-0.026217228464419484
p_1913,t3_1s60vl,t1_cdufjh4,t1_cdu9qiv,0.18134715025906736,0.22340425531914893,-0.04205710506008156
p_1916,t3_1s3pxw,t1_cdtmhc2,t1_cdtmrcr,0.16853932584269662,0.33695652173913043,-0.1684171958964338
p_1919,t3_1s3ji2,t1_cdtq1rg,t1_cdtx77n,0.19023136246786632,0.3177570093457944,-0.12752564687792806
p_1920,t3_1s344f,t1_cdtj4bf,t1_cdtgb1d,0.3175355450236967,0.3113207547169811,0.006214790306715567
p_1921,t3_1s30ko,t1_cdtuayw,t1_cdtne36,0.20388349514563106,0.18823529411764706,0.015648201027984004
p_1922,t3_1s1j8s,t1_cdtfxvy,t1_cdt6ohm,0.3274336283185841,0.37037037037037035,-0.04293674205178627
p_1923,t3_1rzqrw,t1_cdsphfd,t1_cdsigu7,0.23214285714285715,0.18867924528301888,0.04346361185983827
p_1924,t3_1rzqrw,t1_cdsm89r,t1_cdsmyt1,0.19696969696969696,0.18064516129032257,0.01632453567937439
p_1925,t3_1rw7vg,t1_cdrov9y,t1_cdrovjs,0.3107344632768362,0.40145985401459855,-0.09072539073776237
p_1927,t3_1rvnty,t1_cdre5so,t1_cdrdpkz,0.4015151515151515,0.3783783783783784,0.023136773136773092
p_1926,t3_1rvnty,t1_cdrgglu,t1_cdrgcu5,0.2723735408560311,0.2962962962962963,-0.023922755440265175
p_1928,t3_1rvjrs,t1_cdrcnts,t1_cdre1mt,0.1503267973856209,0.1242603550295858,0.026066442356035113
p_1929,t3_1rsmsh,t1_cdqij94,t1_cdqx6xw,0.13526570048309178,0.1220472440944882,0.013218456388603583
p_1930,t3_1rsdfp,t1_cdqfs62,t1_cdqdh7o,0.3137254901960784,0.3191489361702128,-0.0054234459741343555
p_1931,t3_1rrios,t1_cdq5t7s,t1_cdq4pdm,0.28708133971291866,0.3409090909090909,-0.053827751196172224
p_1932,t3_1rrios,t1_cdq5vt8,t1_cdq58j7,0.2570093457943925,0.4857142857142857,-0.2287049399198932
p_1933,t3_1rqhfc,t1_cdq3h1d,t1_cdq716e,0.12389380530973451,0.08650519031141868,0.03738861499831583
p_1935,t3_1rlna3,t1_cdokmar,t1_cdoirhb,0.29577464788732394,0.4423076923076923,-0.14653304442036835
p_1936,t3_1rkrbs,t1_cdoio50,t1_cdoe2j3,0.3118279569892473,0.4098360655737705,-0.09800810858452319
p_1937,t3_1rj73b,t1_cdnzcb1,t1_cdo2ywx,0.4473684210526316,0.5964912280701754,-0.14912280701754382
p_1939,t3_1rgch2,t1_cdmzb2b,t1_cdn32a2,0.26666666666666666,0.26732673267326734,-0.0006600660066006792
p_1940,t3_1rgch2,t1_cdmzh7v,t1_cdn0d35,0.4430379746835443,0.3037037037037037,0.13933427097984058
p_1941,t3_1rgch2,t1_cdo0n79,t1_cdn1hk3,0.3333333333333333,0.27411167512690354,0.05922165820642977
p_1942,t3_1rfn88,t1_cdmslq3,t1_cdn4bxg,0.4918032786885246,0.36,0.1318032786885246
p_1943,t3_1re89d,t1_cdmhfgx,t1_cdmequ6,0.3904761904761905,0.3888888888888889,0.0015873015873015817
p_1944,t3_1re89d,t1_cdmem16,t1_cdme68p,0.3502824858757062,0.4025157232704403,-0.05223323739473407
p_1945,t3_1re89d,t1_cdmrzwp,t1_cdmh1c4,0.275974025974026,0.4794520547945205,-0.20347802882049454
p_1946,t3_1re7tj,t1_cdmdid4,t1_cdmh6ca,0.2,0.14685314685314685,0.05314685314685316
p_1948,t3_1rddqv,t1_cdm3hlz,t1_cdm3kyd,0.29357798165137616,0.18803418803418803,0.10554379361718813
p_1949,t3_1rb6qj,t1_cdlewyd,t1_cdlyn3j,0.25,0.29577464788732394,-0.04577464788732394
p_1950,t3_1rb6qj,t1_cdlrdyo,t1_cdlyn3j,0.183206106870229,0.29577464788732394,-0.11256854101709493
p_1952,t3_1ra42n,t1_cdl4b7o,t1_cdl5bkn,0.2553191489361702,0.2131979695431472,0.042121179393022984
p_1953,t3_1ra42n,t1_cdl96cr,t1_cdmjkp2,0.2,0.13812154696132597,0.061878453038674036
p_1954,t3_1r893j,t1_cdktb2l,t1_cdkklti,0.3010752688172043,0.3950617283950617,-0.0939864595778574
p_1955,t3_1r69xi,t1_cdk0ex9,t1_cdk3u15,0.21904761904761905,0.2608695652173913,-0.04182194616977225
p_1956,t3_1r69xi,t1_cdk0r67,t1_cdk3u15,0.22459893048128343,0.2608695652173913,-0.036270634736107865
p_1960,t3_1qz653,t1_cdhyl9l,t1_cdiiqug,0.30917874396135264,0.3782051282051282,-0.06902638424377555
p_1962,t3_1qxn8r,t1_cdhle85,t1_cdhvq6g,0.29518072289156627,0.2599118942731278,0.0352688286184385
p_1963,t3_1qxn8r,t1_cdhjvcw,t1_cdhvq6g,0.32,0.2599118942731278,0.06008810572687223
p_1964,t3_1qwg8s,t1_cdhe2ys,t1_cdh6ozn,0.3263888888888889,0.29292929292929293,0.03345959595959597
p_1969,t3_1qvm1n,t1_cdgyu8j,t1_cdh0i8x,0.20212765957446807,0.36134453781512604,-0.15921687824065797
p_1970,t3_1qtuy4,t1_cdgib3s,t1_cdgy31a,0.3236514522821577,0.3865979381443299,-0.06294648586217222
p_1972,t3_1qr0id,t1_cdfybue,t1_cdfkykr,0.3356164383561644,0.33852140077821014,-0.0029049624220457426
p_1975,t3_1qncnw,t1_cdely5f,t1_cden4p9,0.1646586345381526,0.1619047619047619,0.0027538726333906915
p_1977,t3_1qj48o,t1_cddqbp8,t1_cddn1vo,0.3953488372093023,0.26277372262773724,0.13257511458156507
p_1978,t3_1qj032,t1_cdda585,t1_cddki3r,0.3316831683168317,0.3096446700507614,0.022038498266070294
p_1981,t3_1qi1dr,t1_cdd6x3m,t1_cdd4306,0.34782608695652173,0.2358490566037736,0.11197703035274814
p_1982,t3_1qhv03,t1_cdczknl,t1_cdcy1h9,0.2571428571428571,0.2709677419354839,-0.01382488479262678
p_1983,t3_1qh0lb,t1_cdcowit,t1_cdcp122,0.2641509433962264,0.21739130434782608,0.04675963904840033
p_1984,t3_1qgtma,t1_cdcurim,t1_cdcq77q,0.3130434782608696,0.28,0.03304347826086956
p_1986,t3_1qfy2y,t1_cdcoftz,t1_cdcikj0,0.23178807947019867,0.2641509433962264,-0.032362863926027746
p_1985,t3_1qfy2y,t1_cdcu71x,t1_cdcgg2f,0.4,0.3247863247863248,0.07521367521367522
p_1987,t3_1qfqj6,t1_cdcffak,t1_cdcgve9,0.30434782608695654,0.25301204819277107,0.051335777894185475
p_1988,t3_1qfo09,t1_cdcc9fw,t1_cdccpys,0.19727891156462585,0.34177215189873417,-0.14449324033410832
p_1989,t3_1qfo09,t1_cdcconr,t1_cdccpys,0.34782608695652173,0.34177215189873417,0.006053935057787563
p_1991,t3_1qee3b,t1_cdc0hlx,t1_cdc0jw6,0.26639344262295084,0.42857142857142855,-0.1621779859484777
p_1992,t3_1qe6d9,t1_cdbzgva,t1_cdckb1g,0.11488250652741515,0.12639405204460966,-0.011511545517194507
p_1993,t3_1qe6d9,t1_cdbwyxj,t1_cdckb1g,0.16666666666666666,0.12639405204460966,0.040272614622057
p_1994,t3_1qdzt5,t1_cdbyjvw,t1_cdbwdog,0.20434782608695654,0.27705627705627706,-0.07270845096932052
p_1996,t3_1qdlln,t1_cdc66t9,t1_cdby8z3,0.1895734597156398,0.3068181818181818,-0.11724472210254203
p_1998,t3_1qcw4r,t1_cdblxo9,t1_cdbsnq8,0.24691358024691357,0.21354166666666666,0.03337191358024691
p_1999,t3_1qbvlh,t1_cdb9b5i,t1_cdbf5rp,0.4263565891472868,0.5869565217391305,-0.16059993259184369
p_2000,t3_1qazk6,t1_cdb0lr2,t1_cdbddq0,0.2694063926940639,0.3333333333333333,-0.0639269406392694
p_2002,t3_1q82wf,t1_cda644z,t1_cda826v,0.31724137931034485,0.3415841584158416,-0.02434277910549676
p_2003,t3_1q5w5k,t1_cd9kwdu,t1_cd9kc11,0.40441176470588236,0.5581395348837209,-0.15372777017783856
p_2004,t3_1q5w5k,t1_cd9l1k7,t1_cd9kc11,0.3963963963963964,0.5581395348837209,-0.16174313848732452
p_2005,t3_1q4sao,t1_cd97j4q,t1_cd960cn,0.14847161572052403,0.20909090909090908,-0.06061929337038505
p_2007,t3_1q261p,t1_cd8g07m,t1_cd8gyhg,0.22058823529411764,0.2874251497005988,-0.06683691440648115
p_2008,t3_1q0s26,t1_cd87o5o,t1_cd81q6y,0.17880794701986755,0.18421052631578946,-0.0054025792959219165
p_2009,t3_1q0fp2,t1_cd8calk,t1_cd7yekn,0.23684210526315788,0.3333333333333333,-0.09649122807017543
p_2010,t3_1q01e8,t1_cd7t14x,t1_cd7zdia,0.22962962962962963,0.38961038961038963,-0.15998075998076
p_2012,t3_1pyt0c,t1_cd9eqz1,t1_cd7z0cm,0.2230769230769231,0.43137254901960786,-0.20829562594268478
p_2013,t3_1pwwvj,t1_cd6wnyq,t1_cd6y877,0.24786324786324787,0.21585903083700442,0.03200421702624345
p_2017,t3_1pux5t,t1_cd6evv3,t1_cd6cpnj,0.3373493975903614,0.37222222222222223,-0.03487282463186081
p_2018,t3_1ptwcr,t1_cd60rgh,t1_cd63zq4,0.4666666666666667,0.26,0.20666666666666667
p_2021,t3_1pt86v,t1_cd5s3dd,t1_cd5rwd6,0.3300970873786408,0.26,0.07009708737864079
p_2022,t3_1ps084,t1_cd5dy25,t1_cd5f1y4,0.3275862068965517,0.5,-0.1724137931034483
p_2023,t3_1prxpn,t1_cd5d4w9,t1_cd5dujp,0.3541666666666667,0.4117647058823529,-0.057598039215686236
p_2024,t3_1prkvt,t1_cd5q43p,t1_cd5p13p,0.13076923076923078,0.24342105263157895,-0.11265182186234818
p_2025,t3_1prhkh,t1_cd595rw,t1_cd5datb,0.3170731707317073,0.3670886075949367,-0.0500154368632294
p_2026,t3_1pqyv7,t1_cd536p8,t1_cd565uh,0.14414414414414414,0.15436241610738255,-0.010218271963238407
p_2030,t3_1pomjr,t1_cd4gee8,t1_cd4in2k,0.28368794326241137,0.3220338983050847,-0.03834595504267335
p_2031,t3_1pocaz,t1_cd4bjgk,t1_cd4c2wr,0.2909090909090909,0.423728813559322,-0.13281972265023112
p_2032,t3_1pmhql,t1_cd4a1wc,t1_cd3v545,0.2261904761904762,0.2909090909090909,-0.0647186147186147
p_2033,t3_1pkngi,t1_cd3p5gz,t1_cd43pdi,0.45714285714285713,0.41414141414141414,0.043001443001442985
p_2035,t3_1pj0co,t1_cd2vnaa,t1_cd32tjh,0.21875,0.4090909090909091,-0.19034090909090912
p_2042,t3_1pdul1,t1_cd2og2j,t1_cd1d692,0.09236947791164658,0.1013215859030837,-0.008952107991437114
p_2044,t3_1pclk6,t1_cd17lfv,t1_cd106w4,0.40476190476190477,0.4,0.004761904761904745
p_2046,t3_1pacrh,t1_cd0cttu,t1_cd0ctfp,0.4186046511627907,0.4084507042253521,0.010153946937438596
p_2047,t3_1p7ojf,t1_cczl7sy,t1_ccznfv7,0.28205128205128205,0.36363636363636365,-0.0815850815850816
p_2048,t3_1p7bao,t1_cczlh8c,t1_cczir1i,0.2857142857142857,0.5254237288135594,-0.23970944309927367
p_2049,t3_1p6fts,t1_ccz983e,t1_cczb06s,0.20359281437125748,0.4153846153846154,-0.21179180101335793
p_2050,t3_1p4x72,t1_ccysbbf,t1_ccysnss,0.3333333333333333,0.25,0.08333333333333331
p_2051,t3_1p0cwf,t1_ccxh3kc,t1_ccxfymz,0.24087591240875914,0.43859649122807015,-0.19772057881931102
p_2055,t3_1ozb3s,t1_ccx9s2j,t1_ccxbwo9,0.2967032967032967,0.2897196261682243,0.006983670535072428
p_2056,t3_1oz5lq,t1_ccx7aaw,t1_ccxafc2,0.26785714285714285,0.25,0.01785714285714285
p_2057,t3_1oyy6b,t1_ccxhhv9,t1_ccx2xpw,0.23741007194244604,0.176056338028169,0.06135373391427704
p_2059,t3_1owes7,t1_ccwccg2,t1_ccwnrv4,0.18048780487804877,0.24175824175824176,-0.061270436880192986
p_2060,t3_1ow6zk,t1_ccw91og,t1_ccw92p0,0.31196581196581197,0.4634146341463415,-0.15144882218052952
p_2062,t3_1ovrv9,t1_ccw51st,t1_ccw5ptr,0.26136363636363635,0.1736111111111111,0.08775252525252525
p_2063,t3_1ovrv9,t1_ccw6450,t1_ccw5ptr,0.2777777777777778,0.1736111111111111,0.10416666666666669
p_2064,t3_1otx5t,t1_ccvntps,t1_ccvkmsp,0.453781512605042,0.286231884057971,0.167549628547071
p_2065,t3_1otp1b,t1_ccvhvrl,t1_ccvi2vt,0.23076923076923078,0.22905027932960895,0.0017189514396218353
p_2066,t3_1osr3n,t1_ccvjj1n,t1_ccv833c,0.4489795918367347,0.3627450980392157,0.08623449379751902
p_2067,t3_1orrrs,t1_ccvj1c4,t1_ccv4ank,0.21544715447154472,0.2543352601156069,-0.0388881056440622
p_2068,t3_1or8lr,t1_ccusett,t1_ccuruyz,0.17647058823529413,0.22,-0.04352941176470587
p_2069,t3_1or8lr,t1_ccutak2,t1_ccuruyz,0.2,0.22,-0.01999999999999999
p_2070,t3_1ooyb1,t1_ccu41n1,t1_ccu4kfo,0.17073170731707318,0.29523809523809524,-0.12450638792102206
p_2071,t3_1onshz,t1_cctslvq,t1_ccttjcb,0.24897959183673468,0.38421052631578945,-0.13523093447905477
p_2072,t3_1onlj1,t1_ccts88g,t1_cctr8zg,0.16838487972508592,0.16906474820143885,-0.0006798684763529295
p_2073,t3_1onlj1,t1_ccu8ayh,t1_cctr8zg,0.11392405063291139,0.16906474820143885,-0.055140697568527464
p_2074,t3_1on8j3,t1_cctmaun,t1_cctugxw,0.2163265306122449,0.21243523316062177,0.0038912974516231436
p_2075,t3_1on0dg,t1_cctkuyk,t1_cctp521,0.2557077625570776,0.28125,-0.02554223744292239
p_2076,t3_1on0dg,t1_cctncfz,t1_cctq519,0.29333333333333333,0.47619047619047616,-0.18285714285714283
p_2078,t3_1omnis,t1_ccthnrm,t1_cctnmc9,0.4725274725274725,0.25825825825825827,0.21426921426921425
p_2079,t3_1okrb7,t1_cct05wy,t1_ccswjh5,0.25806451612903225,0.4095238095238095,-0.15145929339477726
p_2080,t3_1ok44s,t1_ccsqf0e,t1_ccsqryz,0.575,0.47191011235955055,0.1030898876404494
p_2081,t3_1oj3p9,t1_ccsggop,t1_ccsf2i1,0.13438735177865613,0.15492957746478872,-0.020542225686132592
p_2082,t3_1oix5b,t1_ccsopjf,t1_ccsdc7b,0.35802469135802467,0.37209302325581395,-0.014068331897789277
p_2083,t3_1ohh43,t1_ccs14vq,t1_ccs087t,0.32432432432432434,0.1657754010695187,0.15854892325480563
p_2084,t3_1ofi5m,t1_ccrjxvz,t1_ccrkq5s,0.24561403508771928,0.3150684931506849,-0.06945445806296563
p_2085,t3_1off27,t1_ccroh74,t1_ccrsxqd,0.24305555555555555,0.19931271477663232,0.043742840778923237
p_2086,t3_1off27,t1_ccrtt7v,t1_ccrndad,0.22093023255813954,0.3888888888888889,-0.16795865633074936
p_2087,t3_1oee4l,t1_ccrfxpy,t1_ccrhx5q,0.26635514018691586,0.27325581395348836,-0.006900673766572496
p_2088,t3_1oe5hc,t1_ccr69ni,t1_ccr52rk,0.19428571428571428,0.25,-0.055714285714285716
p_2089,t3_1odlvm,t1_ccr09qw,t1_ccr136f,0.358974358974359,0.28421052631578947,0.0747638326585695
p_2091,t3_1o8avl,t1_ccpruq6,t1_ccpueez,0.40298507462686567,0.4473684210526316,-0.04438334642576591
p_2093,t3_1o7aa8,t1_ccqapn6,t1_ccq12oe,0.24390243902439024,0.24305555555555555,0.000846883468834686
p_2096,t3_1o5c1a,t1_ccp27y8,t1_ccoz699,0.5,0.4727272727272727,0.027272727272727282
p_2097,t3_1o5321,t1_ccp3x7x,t1_ccq3lo4,0.2152777777777778,0.45454545454545453,-0.23926767676767674
p_2098,t3_1o3jlp,t1_ccoi13b,t1_ccoyngj,0.33035714285714285,0.375,-0.04464285714285715
p_2099,t3_1o2tau,t1_ccoc092,t1_ccofru6,0.34146341463414637,0.37681159420289856,-0.03534817956875219
p_2100,t3_1o24hh,t1_cco736j,t1_ccoc4gk,0.47019867549668876,0.5675675675675675,-0.09736889207087879
p_2102,t3_1nzucd,t1_ccnrlhj,t1_ccnphhf,0.1935483870967742,0.23684210526315788,-0.04329371816638369
p_2103,t3_1ny6k8,t1_ccn5pat,t1_ccn8dgu,0.1951219512195122,0.2589928057553957,-0.06387085453588348
p_2104,t3_1ny38x,t1_ccn5uqg,t1_ccn4dy5,0.13278008298755187,0.17073170731707318,-0.037951624329521316
p_2105,t3_1nwpae,t1_ccmrf9r,t1_ccmt0m5,0.3252032520325203,0.4125,-0.08729674796747966
p_2107,t3_1ntspd,t1_cclyzpy,t1_ccm05d5,0.3867924528301887,0.3352941176470588,0.051498335183129906
p_2109,t3_1ntobs,t1_cclywzr,t1_ccma5pl,0.6179775280898876,0.5084745762711864,0.10950295181870118
p_2111,t3_1nrv36,t1_cclsxnj,t1_cclgi1r,0.28865979381443296,0.24875621890547264,0.03990357490896032
p_2112,t3_1nqms4,t1_ccl8rf4,t1_ccl7xo5,0.21012658227848102,0.3142857142857143,-0.10415913200723326
p_2113,t3_1nqms4,t1_cclbk5y,t1_ccl66vn,0.27125506072874495,0.47368421052631576,-0.20242914979757082
p_2116,t3_1np3ni,t1_cclh1r6,t1_cckxr1k,0.3804347826086957,0.4166666666666667,-0.03623188405797101
p_2118,t3_1nn68m,t1_cckc1k4,t1_cck59bw,0.16494845360824742,0.37777777777777777,-0.21282932416953035
p_2119,t3_1nkqn7,t1_ccjhnln,t1_ccjhz72,0.24397590361445784,0.3018867924528302,-0.05791088883837234
p_2121,t3_1nj6q6,t1_ccj3wew,t1_ccj20in,0.13553113553113552,0.323943661971831,-0.18841252644069548
p_2122,t3_1nixjm,t1_ccj4a7h,t1_ccj2t1v,0.2248995983935743,0.34375,-0.11885040160642571
p_2123,t3_1nichn,t1_ccj007d,t1_cciuejb,0.3925619834710744,0.5638297872340425,-0.17126780376296813
p_2124,t3_1nichn,t1_ccizsq8,t1_ccj7g5s,0.45454545454545453,0.4146341463414634,0.039911308203991136
p_2125,t3_1ni9rr,t1_ccj1rba,t1_ccitwf4,0.2761904761904762,0.2727272727272727,0.0034632034632035014
p_2126,t3_1ni983,t1_cciz076,t1_cciwjvy,0.3353658536585366,0.3026315789473684,0.03273427471116819
p_2127,t3_1nhxca,t1_ccisqrm,t1_ccirnyo,0.12658227848101267,0.12077294685990338,0.00580933162110929
p_2128,t3_1nhifl,t1_ccinn6v,t1_ccincyk,0.36666666666666664,0.36363636363636365,0.0030303030303029943
p_2130,t3_1ng8mo,t1_ccidw4s,t1_ccidsew,0.390625,0.3333333333333333,0.057291666666666685
p_2132,t3_1ncxna,t1_cchh67n,t1_cchgksg,0.19310344827586207,0.3058823529411765,-0.11277890466531443
p_2133,t3_1ncq4g,t1_cchg2hg,t1_cchn5ve,0.2816326530612245,0.5050505050505051,-0.2234178519892806
p_2135,t3_1n8s63,t1_ccge5q7,t1_ccgkhcd,0.2727272727272727,0.31875,-0.04602272727272727
p_2136,t3_1n8542,t1_ccg95kd,t1_ccg99tj,0.2578947368421053,0.3184713375796178,-0.06057660073751253
p_2137,t3_1n6bmg,t1_ccgdc5o,t1_ccfzlcw,0.25555555555555554,0.22818791946308725,0.027367636092468284
p_2139,t3_1n5lqn,t1_ccfncrg,t1_ccfnbjw,0.5241379310344828,0.34959349593495936,0.17454443509952344
p_2140,t3_1n5lqn,t1_ccfq99c,t1_ccfob65,0.456,0.44537815126050423,0.010621848739495787
p_2141,t3_1n5lqn,t1_ccfqxqv,t1_ccfpzon,0.42857142857142855,0.5606060606060606,-0.132034632034632
p_2142,t3_1n4xai,t1_ccfhgkp,t1_ccfg5if,0.31313131313131315,0.37333333333333335,-0.0602020202020202
p_2144,t3_1n3wo2,t1_ccf9dhu,t1_ccf565b,0.3235294117647059,0.4025974025974026,-0.07906799083269672
p_2145,t3_1n3wo2,t1_ccfdwg9,t1_ccfhdpo,0.3575757575757576,0.34265734265734266,0.014918414918414946
p_2147,t3_1n3wo2,t1_ccfmxhg,t1_ccffwtl,0.28378378378378377,0.19902912621359223,0.08475465757019154
p_2146,t3_1n3wo2,t1_ccfmost,t1_ccfdvsg,0.41509433962264153,0.40625,0.008844339622641528
p_2149,t3_1n0a5y,t1_cceltkh,t1_cce9tgv,0.2571428571428571,0.20408163265306123,0.05306122448979589
p_2150,t3_1mxo4i,t1_ccdoxu0,t1_ccdla5i,0.23469387755102042,0.30612244897959184,-0.07142857142857142
p_2151,t3_1mxf26,t1_ccdidvp,t1_ccdnuec,0.3023255813953488,0.30434782608695654,-0.002022244691607722
p_2152,t3_1mvpmi,t1_ccd1q5w,t1_ccd6xyi,0.29545454545454547,0.41509433962264153,-0.11963979416809606
p_2153,t3_1mv3g3,t1_cccxjd9,t1_cccvmip,0.2740740740740741,0.373134328358209,-0.0990602542841349
p_2154,t3_1mv3g3,t1_cccwow7,t1_ccd56i2,0.1834862385321101,0.28,-0.09651376146788992
p_2155,t3_1mv3g3,t1_ccd581r,t1_ccd3k4q,0.26143790849673204,0.4153846153846154,-0.15394670688788337
p_2157,t3_1ms5h6,t1_ccc5hfa,t1_cccbr1n,0.15126050420168066,0.1270718232044199,0.024188680997260764
p_2158,t3_1ms5h6,t1_ccc4apy,t1_ccc3e49,0.23684210526315788,0.23076923076923078,0.0060728744939270995
p_2159,t3_1ms5h6,t1_ccc4zc0,t1_ccc6q8t,0.21568627450980393,0.2631578947368421,-0.04747162022703816
p_2160,t3_1ms5h6,t1_ccc8c0p,t1_ccca28r,0.2,0.18686868686868688,0.013131313131313133
p_2161,t3_1ms5h6,t1_ccc849f,t1_ccc5y0d,0.35714285714285715,0.25,0.10714285714285715
p_2162,t3_1mqh8t,t1_ccbop5x,t1_ccbnoar,0.2815126050420168,0.6666666666666666,-0.3851540616246498
p_2163,t3_1mqfmi,t1_cccdkog,t1_ccbqtty,0.17346938775510204,0.22535211267605634,-0.051882724920954304
p_2164,t3_1mq464,t1_ccbkgg8,t1_ccbrs5p,0.3484848484848485,0.39436619718309857,-0.04588134869825006
p_2165,t3_1mor68,t1_ccbewh1,t1_ccbhzik,0.30916030534351147,0.36363636363636365,-0.05447605829285218
p_2166,t3_1mkkiu,t1_cca3jqo,t1_ccahv7s,0.32,0.463768115942029,-0.14376811594202898
p_2170,t3_1micrr,t1_cc9iise,t1_cc9i0l2,0.21323529411764705,0.40298507462686567,-0.18974978050921862
p_2171,t3_1mhox4,t1_cc9cr45,t1_cc9ewi1,0.4878048780487805,0.5280898876404494,-0.04028500959166892
p_2175,t3_1mcs7s,t1_cc7zre6,t1_cc7zm90,0.4131455399061033,0.2952755905511811,0.11786994935492223
p_2176,t3_1mcs7s,t1_cc80xcj,t1_cc7yshf,0.275,0.46956521739130436,-0.19456521739130433
p_2177,t3_1mcgyq,t1_cc81pge,t1_cc833kb,0.2631578947368421,0.3333333333333333,-0.07017543859649122
p_2178,t3_1mc6y7,t1_cc7v8d9,t1_cc7wspd,0.2568306010928962,0.28205128205128205,-0.025220680958385866
p_2179,t3_1mc6y7,t1_cc7uvd2,t1_cc7vp54,0.26262626262626265,0.3181818181818182,-0.055555555555555525
p_2180,t3_1mbqhy,t1_cc7pp5t,t1_cc7odp3,0.2576419213973799,0.5238095238095238,-0.26616760241214393
p_2183,t3_1ma1o7,t1_cc779hk,t1_cc779ih,0.24074074074074073,0.29896907216494845,-0.05822833142420772
p_2184,t3_1m9bf6,t1_cc71e1c,t1_cc71cv0,0.13541666666666666,0.23376623376623376,-0.0983495670995671
p_2185,t3_1m7r92,t1_cc6nj16,t1_cc6k9ln,0.15328467153284672,0.21739130434782608,-0.06410663281497936
p_2186,t3_1m5nls,t1_cc65afh,t1_cc60rdt,0.1234866828087167,0.168,-0.044513317191283305
p_2187,t3_1m5ckr,t1_cc65v0o,t1_cc5yz4a,0.2549019607843137,0.34375,-0.08884803921568629
p_2188,t3_1m4ncj,t1_cc6f4wf,t1_cc62exc,0.35714285714285715,0.37142857142857144,-0.01428571428571429
p_2189,t3_1m4j0f,t1_cc5pidn,t1_cc5prn9,0.2608695652173913,0.2081447963800905,0.05272476883730079
p_2190,t3_1m3uw1,t1_cc5jurv,t1_cc5i9r4,0.2733812949640288,0.3380281690140845,-0.0646468740500557
p_2193,t3_1m2ol2,t1_cc586c8,t1_cc583f9,0.436241610738255,0.33783783783783783,0.09840377290041719
p_2192,t3_1m2ol2,t1_cc583n9,t1_cc58qz9,0.3125,0.3333333333333333,-0.020833333333333315
p_2194,t3_1m2c8d,t1_cc53f9v,t1_cc57ndo,0.296969696969697,0.44642857142857145,-0.14945887445887446
p_2195,t3_1lyzc3,t1_cc4fofp,t1_cc4e0cy,0.24630541871921183,0.3096774193548387,-0.0633720006356269
p_2196,t3_1lykde,t1_cc4218e,t1_cc433r7,0.3157894736842105,0.3233082706766917,-0.007518796992481203
p_2198,t3_1lxn1p,t1_cc3sszy,t1_cc3tpy6,0.3177570093457944,0.32323232323232326,-0.0054753138865288875
p_2199,t3_1lvnj6,t1_cc37s7x,t1_cc3b2kq,0.22142857142857142,0.325,-0.10357142857142859
p_2200,t3_1lt0gt,t1_cc2od32,t1_cc2gt9x,0.21965317919075145,0.22,-0.00034682080924855474
p_2201,t3_1ls55r,t1_cc274w7,t1_cc28zrg,0.23134328358208955,0.2556390977443609,-0.024295814162271334
p_2203,t3_1lpmle,t1_cc1kppg,t1_cc1ka02,0.3535031847133758,0.45989304812834225,-0.10638986341496648
p_2205,t3_1lpfcx,t1_cc1hmy1,t1_cc1xwz2,0.19553072625698323,0.2471264367816092,-0.05159571052462597
p_2206,t3_1lp8a5,t1_cc1fjpt,t1_cc1ftud,0.1494661921708185,0.22666666666666666,-0.07720047449584816
p_2207,t3_1lni37,t1_cc102pd,t1_cc0yjrr,0.3,0.26595744680851063,0.034042553191489355
p_2208,t3_1ln8b5,t1_cc0x96h,t1_cc0vugf,0.22641509433962265,0.17204301075268819,0.05437208358693446
p_2212,t3_1lm1eb,t1_cc0l23w,t1_cc0x7m8,0.26,0.3619047619047619,-0.10190476190476189
p_2213,t3_1lkz0j,t1_cc0ekn0,t1_cc0d09x,0.30303030303030304,0.4,-0.09696969696969698
p_2214,t3_1lkxku,t1_cc0b6tb,t1_cc0c4yb,0.24369747899159663,0.25757575757575757,-0.013878278584160936
p_2215,t3_1lkxku,t1_cc0nc73,t1_cc0gh2n,0.14979757085020243,0.21052631578947367,-0.060728744939271245
p_2218,t3_1lklmg,t1_cc06dl5,t1_cc070hz,0.294478527607362,0.287292817679558,0.007185709927803985
p_2219,t3_1lklmg,t1_cc0gnzl,t1_cc0b8sj,0.21487603305785125,0.25925925925925924,-0.044383226201408
p_2220,t3_1lj77i,t1_cc00mpq,t1_cbzwwyg,0.25203252032520324,0.2987012987012987,-0.046668778376095454
p_2221,t3_1lj1a3,t1_cbzqvmp,t1_cbzslqc,0.32894736842105265,0.32653061224489793,0.002416756176154722
p_2224,t3_1lhuz4,t1_cbzddsy,t1_cbze9hp,0.25757575757575757,0.3614457831325301,-0.10387002555677255
p_2225,t3_1lfrfd,t1_cbysfpy,t1_cbzh8fi,0.3157894736842105,0.4375,-0.12171052631578949
p_2226,t3_1lfjlx,t1_cbyrmgo,t1_cbyqak5,0.17543859649122806,0.3088235294117647,-0.13338493292053666
p_2227,t3_1lerv8,t1_cbyiaoi,t1_cbyhq86,0.41333333333333333,0.45454545454545453,-0.0412121212121212
p_2230,t3_1ld6h6,t1_cby2a8w,t1_cby1lsh,0.25,0.26595744680851063,-0.015957446808510634
p_2232,t3_1lcywy,t1_cbxzp1t,t1_cby301t,0.6507936507936508,0.3956043956043956,0.2551892551892552
p_2233,t3_1lbwhm,t1_cbxpt3g,t1_cbxs5nk,0.1986754966887417,0.17687074829931973,0.02180474838942198
p_2234,t3_1lbmj6,t1_cbxpw34,t1_cbxodyk,0.16717325227963525,0.2025862068965517,-0.03541295461691646
p_2236,t3_1lacd7,t1_cbx94i4,t1_cbx9e6e,0.15932203389830507,0.26153846153846155,-0.10221642764015648
p_2237,t3_1la7rw,t1_cbxgs50,t1_cbx89uo,0.23543123543123542,0.34146341463414637,-0.10603217920291094
p_2238,t3_1l90aj,t1_cbwzd68,t1_cbwzbg8,0.46153846153846156,0.4897959183673469,-0.028257456828885363
p_2241,t3_1l739z,t1_cbwgckn,t1_cbwhg4q,0.14885496183206107,0.2736842105263158,-0.12482924869425474
p_2242,t3_1l6so4,t1_cbwanvb,t1_cbwejit,0.2621359223300971,0.2462686567164179,0.015867265613679182
p_2243,t3_1l6jx5,t1_cbwinoh,t1_cbwci89,0.22448979591836735,0.43548387096774194,-0.2109940750493746
p_2244,t3_1l5skj,t1_cbw2q93,t1_cbw5e2q,0.3106060606060606,0.2641509433962264,0.046455117209834196
p_2245,t3_1l4zh1,t1_cbvtytr,t1_cbwfrmm,0.2550607287449393,0.3627450980392157,-0.10768436929427638
p_2246,t3_1l4s6s,t1_cbvtme3,t1_cbw349b,0.4954128440366973,0.5060240963855421,-0.010611252348844857
p_2247,t3_1l4s6s,t1_cbvtd9h,t1_cbw1t11,0.5333333333333333,0.5,0.033333333333333326
p_2249,t3_1l48mt,t1_cbvuocw,t1_cbvwhwi,0.5060240963855421,0.4855072463768116,0.020516850008730547
p_2252,t3_1l3r2u,t1_cbvi0u6,t1_cbvi11k,0.4830508474576271,0.25882352941176473,0.22422731804586238
p_2253,t3_1l3r2u,t1_cbvjfjr,t1_cbvi11k,0.296028880866426,0.25882352941176473,0.03720535145466125
p_2251,t3_1l3r2u,t1_cbvieup,t1_cbvi6i2,0.2508833922261484,0.32105263157894737,-0.07016923935279895
p_2258,t3_1l39f3,t1_cbvj6st,t1_cbvdl8d,0.3567251461988304,0.3333333333333333,0.023391812865497075
p_2256,t3_1l39f3,t1_cbvi8i7,t1_cbvetvc,0.32222222222222224,0.22493224932249323,0.09728997289972902
p_2257,t3_1l39f3,t1_cbvdnid,t1_cbvf3rq,0.3586206896551724,0.3333333333333333,0.025287356321839094
p_2259,t3_1l3115,t1_cbv9wfo,t1_cbva0et,0.46774193548387094,0.3541666666666667,0.11357526881720426
p_2260,t3_1l2ixq,t1_cbvbxs8,t1_cbv59md,0.2835820895522388,0.2982456140350877,-0.01466352448284891
p_2261,t3_1l09gg,t1_cbuio96,t1_cbugz8z,0.14857142857142858,0.2235294117647059,-0.07495798319327732
p_2262,t3_1kzxcm,t1_cbuf9oo,t1_cbuiv91,0.20923076923076922,0.25257731958762886,-0.04334655035685964
p_2265,t3_1kye6l,t1_cbtvo8l,t1_cbtvkil,0.19411764705882353,0.20491803278688525,-0.010800385728061718
p_2266,t3_1kye6l,t1_cbtwkat,t1_cbtwnnn,0.17486338797814208,0.21739130434782608,-0.042527916369684005
p_2268,t3_1kye6l,t1_cbtzwlt,t1_cbtwnnn,0.22527472527472528,0.21739130434782608,0.007883420926899198
p_2267,t3_1kye6l,t1_cbtzgqh,t1_cbtwnnn,0.15730337078651685,0.21739130434782608,-0.06008793356130923
p_2269,t3_1kxyyv,t1_cbtru4t,t1_cbtrv0z,0.21142857142857144,0.23809523809523808,-0.026666666666666644
p_2270,t3_1kxyyv,t1_cbtr9p6,t1_cbtrv0z,0.273972602739726,0.23809523809523808,0.03587736464448793
p_2271,t3_1kxyyv,t1_cbtu5q5,t1_cbtrrbq,0.25,0.3409090909090909,-0.09090909090909088
p_2272,t3_1kxyyv,t1_cbu7zd4,t1_cbtrv0z,0.296875,0.23809523809523808,0.05877976190476192
p_2275,t3_1kwoib,t1_cbtku99,t1_cbtll2e,0.4461538461538462,0.4375,0.008653846153846179
p_2274,t3_1kwoib,t1_cbteqkq,t1_cbtlv0w,0.5083333333333333,0.5633802816901409,-0.05504694835680757
p_2276,t3_1kwewh,t1_cbtagyo,t1_cbta7mx,0.19708029197080293,0.18032786885245902,0.016752423118343907
p_2278,t3_1ktrbd,t1_cbsiyod,t1_cbsj55w,0.37142857142857144,0.32272727272727275,0.04870129870129869
p_2280,t3_1ks6p4,t1_cbsevj6,t1_cbs6oi2,0.10236220472440945,0.16964285714285715,-0.0672806524184477
p_2282,t3_1kqo2m,t1_cbrp5dn,t1_cbrtmtf,0.3194444444444444,0.28846153846153844,0.030982905982905984
p_2283,t3_1kpmvy,t1_cbril3l,t1_cbrg01p,0.3333333333333333,0.4476987447698745,-0.11436541143654116
p_2284,t3_1kplpx,t1_cbs1lbf,t1_cbrbl9b,0.2523364485981308,0.3472222222222222,-0.0948857736240914
p_2285,t3_1kpcy7,t1_cbrbl5x,t1_cbrbcp0,0.20168067226890757,0.1712707182320442,0.030409954036863363
p_2288,t3_1kmwmn,t1_cbqml03,t1_cbqlofq,0.1414141414141414,0.1409921671018277,0.00042197431231372207
p_2289,t3_1kmr9u,t1_cbqlmoj,t1_cbqkl2t,0.24242424242424243,0.2222222222222222,0.02020202020202022
p_2290,t3_1klvsk,t1_cbqdd78,t1_cbqjkwj,0.2808219178082192,0.375,-0.09417808219178081
p_2291,t3_1klpoz,t1_cbqe15e,t1_cbqay82,0.17872340425531916,0.19327731092436976,-0.014553906669050598
p_2295,t3_1kkzei,t1_cbq19sn,t1_cbq4s14,0.24390243902439024,0.31645569620253167,-0.07255325717814143
p_2293,t3_1kkzei,t1_cbq6gfx,t1_cbq019j,0.3246753246753247,0.32098765432098764,0.003687670354337036
p_2294,t3_1kkzei,t1_cbq17si,t1_cbq019j,0.2857142857142857,0.32098765432098764,-0.03527336860670194
p_2297,t3_1kkvd3,t1_cbpzbps,t1_cbpzant,0.2736842105263158,0.2077922077922078,0.065892002734108
p_2298,t3_1kkvd3,t1_cbpzjlg,t1_cbqba5y,0.16326530612244897,0.20577617328519857,-0.0425108671627496
p_2299,t3_1kkl0k,t1_cbpvqsr,t1_cbpwrwm,0.34375,0.30097087378640774,0.042779126213592256
p_2300,t3_1kjxxx,t1_cbpq618,t1_cbprup5,0.21465968586387435,0.3076923076923077,-0.09303262182843336
p_2302,t3_1kji31,t1_cbpp0hg,t1_cbpp4cn,0.25146198830409355,0.47058823529411764,-0.2191262469900241
p_2303,t3_1kj8ll,t1_cbpjmas,t1_cbpisrw,0.23134328358208955,0.29081632653061223,-0.05947304294852268
p_2304,t3_1kj8ll,t1_cbpl5sq,t1_cbpotjh,0.17793594306049823,0.2875816993464052,-0.10964575628590698
p_2306,t3_1kic79,t1_cbp88fr,t1_cbp8lam,0.27102803738317754,0.2342857142857143,0.03674232309746325
p_2307,t3_1ki40o,t1_cbp9u33,t1_cbp85kd,0.19480519480519481,0.15862068965517243,0.03618450515002239
p_2308,t3_1ki1zh,t1_cbp9dea,t1_cbp5nt9,0.19202898550724637,0.23357664233576642,-0.041547656828520046
p_2310,t3_1khlm7,t1_cbp1ln5,t1_cbp1ph1,0.3348623853211009,0.41007194244604317,-0.07520955712494226
p_2311,t3_1kgh0u,t1_cboq4u7,t1_cbooh2r,0.3466666666666667,0.2803738317757009,0.06629283489096577
p_2313,t3_1ke0w4,t1_cbnzi22,t1_cbo6d5s,0.37209302325581395,0.3945578231292517,-0.022464799873437746
p_2314,t3_1ke0w4,t1_cbo3zx9,t1_cbo5iau,0.192,0.23684210526315788,-0.04484210526315788
p_2316,t3_1kdlwj,t1_cbnxd5h,t1_cbnvo71,0.34408602150537637,0.4117647058823529,-0.06767868437697655
p_2319,t3_1kcd3m,t1_cbnhq6g,t1_cbni0el,0.47619047619047616,0.527027027027027,-0.05083655083655081
p_2320,t3_1kbzmn,t1_cbng0go,t1_cbnipaa,0.18831168831168832,0.19393939393939394,-0.00562770562770562
p_2323,t3_1kag5w,t1_cbn0mxn,t1_cbmzov5,0.145748987854251,0.2,-0.05425101214574901
p_2324,t3_1kabrs,t1_cbmzr37,t1_cbn67aw,0.32926829268292684,0.3333333333333333,-0.004065040650406471
p_2325,t3_1ka5uj,t1_cbmyev9,t1_cbmxfh8,0.1610738255033557,0.12101910828025478,0.040054717223100916
p_2327,t3_1k9jlv,t1_cbmxvcd,t1_cbmuvxx,0.23931623931623933,0.3888888888888889,-0.14957264957264957
p_2328,t3_1k6xfn,t1_cbm0lyq,t1_cbm3nd0,0.6341463414634146,0.5974025974025974,0.03674374406081726
p_2329,t3_1k6i9t,t1_cblyg6g,t1_cblyvvv,0.25,0.27906976744186046,-0.02906976744186046
p_2330,t3_1k5pd2,t1_cbln0wk,t1_cblry91,0.26857142857142857,0.25120772946859904,0.017363699102829533
p_2331,t3_1k5c52,t1_cblj535,t1_cbll85k,0.296875,0.2887323943661972,0.008142605633802813
p_2332,t3_1k5c52,t1_cblu6s5,t1_cblltll,0.3333333333333333,0.5522388059701493,-0.21890547263681598
p_2333,t3_1k4u9p,t1_cbldzfo,t1_cblfrem,0.4473684210526316,0.40476190476190477,0.042606516290726815
p_2334,t3_1k3fd5,t1_cbkz187,t1_cblb6qd,0.47513812154696133,0.4280936454849498,0.04704447606201151
p_2335,t3_1k3fd5,t1_cbl0mqo,t1_cbl14ki,0.3022113022113022,0.30724070450097846,-0.005029402289676244
p_2336,t3_1k394r,t1_cbl39x0,t1_cbkxpz4,0.3081761006289308,0.640625,-0.3324488993710692
p_2337,t3_1k2ucr,t1_cbl0joo,t1_cbl04y4,0.2606060606060606,0.3274336283185841,-0.06682756771252346
p_2338,t3_1k2m9c,t1_cbku0j5,t1_cbkqfau,0.23741007194244604,0.3047619047619048,-0.06735183281945875
p_2339,t3_1k1bz3,t1_cbkdhyg,t1_cbkd9lg,0.2845528455284553,0.43333333333333335,-0.14878048780487807
p_2340,t3_1k12l4,t1_cbk9xjc,t1_cbkfcm9,0.2616822429906542,0.30985915492957744,-0.04817691193892326
p_2341,t3_1k0rar,t1_cbk9gjo,t1_cbk70ve,0.22826086956521738,0.3055555555555556,-0.0772946859903382
p_2343,t3_1k0o35,t1_cbk7t0b,t1_cbk5xan,0.47368421052631576,0.5147058823529411,-0.04102167182662536
p_2346,t3_1jxenp,t1_cbjhhbv,t1_cbjh4y3,0.16967509025270758,0.23076923076923078,-0.061094140516523204
p_2348,t3_1jxb7d,t1_cbj7ksk,t1_cbjiqx2,0.45689655172413796,0.36813186813186816,0.0887646835922698
p_2349,t3_1jxb7d,t1_cbj8nos,t1_cbjiqx2,0.2743682310469314,0.36813186813186816,-0.09376363708493674
p_2350,t3_1jx75l,t1_cbj6dz7,t1_cbj5su9,0.275,0.3177570093457944,-0.04275700934579435
p_2352,t3_1jx75l,t1_cbj9dmd,t1_cbj5t4n,0.2175732217573222,0.22905027932960895,-0.011477057572286758
p_2351,t3_1jx75l,t1_cbj8v5p,t1_cbj5t4n,0.16307692307692306,0.22905027932960895,-0.06597335625268588
p_2353,t3_1jx75l,t1_cbjctxf,t1_cbja2vi,0.29896907216494845,0.323943661971831,-0.024974589806882552
p_2355,t3_1jw0vh,t1_cbj2fl6,t1_cbivzx1,0.10344827586206896,0.1450980392156863,-0.04164976335361732
p_2356,t3_1jukj2,t1_cbihbve,t1_cbifo1m,0.21428571428571427,0.20588235294117646,0.008403361344537813
p_2357,t3_1juhcd,t1_cbih6kh,t1_cbiftjn,0.3411764705882353,0.32231404958677684,0.018862421001458463
p_2358,t3_1jtizm,t1_cbi5iji,t1_cbi4vwr,0.39285714285714285,0.410958904109589,-0.01810176125244617
p_2359,t3_1jnzxi,t1_cbgl9y6,t1_cbgko2s,0.1951219512195122,0.3523809523809524,-0.1572590011614402
p_2360,t3_1jnzxi,t1_cbgq6ri,t1_cbgmmil,0.41379310344827586,0.45652173913043476,-0.0427286356821589
p_2361,t3_1jnzxi,t1_cbgrq6w,t1_cbgqs66,0.37254901960784315,0.4107142857142857,-0.03816526610644255
p_2362,t3_1jmadm,t1_cbgfvpm,t1_cbg3jnw,0.42857142857142855,0.2553191489361702,0.17325227963525835
p_2363,t3_1jm5z2,t1_cbg3zbr,t1_cbg1tau,0.19834710743801653,0.24427480916030533,-0.0459277017222888
p_2365,t3_1jl2l0,t1_cbfrj60,t1_cbfqlt5,0.17088607594936708,0.20430107526881722,-0.033414999319450134
p_2366,t3_1jkp1k,t1_cbfp0g2,t1_cbfoawn,0.2872340425531915,0.3,-0.012765957446808474
p_2367,t3_1jiw0b,t1_cbf6lgo,t1_cbf4sac,0.171875,0.4027777777777778,-0.2309027777777778
p_2370,t3_1jb0wl,t1_cbcxgu5,t1_cbcy8p6,0.22994652406417113,0.4105263157894737,-0.18057979172530256
p_2371,t3_1jaqjx,t1_cbctgfc,t1_cbcsn53,0.17073170731707318,0.1650485436893204,0.005683163627752785
p_2372,t3_1j9xnf,t1_cbcq5wa,t1_cbcvqxh,0.15432098765432098,0.09713024282560706,0.05719074482871392
p_2373,t3_1j8dv1,t1_cbc52ax,t1_cbcofch,0.4166666666666667,0.3448275862068966,0.07183908045977011
p_2374,t3_1j8dv1,t1_cbc65mq,t1_cbcofch,0.375,0.3448275862068966,0.030172413793103425
p_2375,t3_1j8dv1,t1_cbc693d,t1_cbcofch,0.5454545454545454,0.3448275862068966,0.20062695924764884
p_2376,t3_1j8dv1,t1_cbc7rzj,t1_cbcofch,0.425531914893617,0.3448275862068966,0.08070432868672045
p_2377,t3_1j7p6i,t1_cbbxr56,t1_cbby8gg,0.16393442622950818,0.1693121693121693,-0.005377743082661118
p_2378,t3_1j5z5p,t1_cbbgma6,t1_cbbghpi,0.36231884057971014,0.6111111111111112,-0.24879227053140102
p_2379,t3_1j583o,t1_cbba0li,t1_cbbbhg1,0.3230769230769231,0.37,-0.0469230769230769
p_2381,t3_1j3vw4,t1_cbavu90,t1_cbawlm4,0.4,0.3275862068965517,0.07241379310344831
p_2384,t3_1j0ghg,t1_cb9w70x,t1_cba1v9x,0.13276231263383298,0.14682539682539683,-0.014063084191563852
p_2385,t3_1j0ghg,t1_cbag4fl,t1_cba1v9x,0.16236162361623616,0.14682539682539683,0.015536226790839325
p_2387,t3_1j04ik,t1_cb9skkn,t1_cb9rtf6,0.21875,0.18421052631578946,0.03453947368421054
p_2386,t3_1j04ik,t1_cb9ssza,t1_cb9rtf6,0.22580645161290322,0.18421052631578946,0.041595925297113756
p_2388,t3_1j012y,t1_cb9qkne,t1_cb9wf8r,0.2785714285714286,0.28865979381443296,-0.010088365243004382
p_2390,t3_1j00y5,t1_cb9tnv2,t1_cb9rf5x,0.15282392026578073,0.23232323232323232,-0.07949931205745159
p_2393,t3_1iw2um,t1_cb8lac4,t1_cb8mbl8,0.35185185185185186,0.3333333333333333,0.018518518518518545
p_2402,t3_1is4qd,t1_cb7j9ci,t1_cb7wbhu,0.22321428571428573,0.2857142857142857,-0.06249999999999997
p_2403,t3_1iqys7,t1_cb7bor5,t1_cb7844x,0.16826923076923078,0.2323943661971831,-0.06412513542795231
p_2404,t3_1iqys7,t1_cb7gfzl,t1_cb7gxgm,0.22279792746113988,0.23595505617977527,-0.013157128718635391
p_2405,t3_1ipjv3,t1_cb6tcwm,t1_cb7052e,0.45054945054945056,0.4528301886792453,-0.002280738129794735
p_2406,t3_1ioyfw,t1_cb6negu,t1_cb6p567,0.41509433962264153,0.4142857142857143,0.0008086253369272156
p_2408,t3_1io050,t1_cb6z8bd,t1_cb6d59l,0.4489795918367347,0.6216216216216216,-0.1726420297848869
p_2409,t3_1io050,t1_cb6te7v,t1_cb6k495,0.41818181818181815,0.5185185185185185,-0.10033670033670034
p_2410,t3_1inwvh,t1_cb6clxk,t1_cb6b3un,0.15384615384615385,0.3287671232876712,-0.17492096944151736
p_2412,t3_1in64c,t1_cb6akju,t1_cb64t09,0.24539877300613497,0.4,-0.15460122699386505
p_2413,t3_1in3mk,t1_cb6bfkt,t1_cb62n6y,0.21739130434782608,0.29545454545454547,-0.07806324110671939
p_2415,t3_1iimoi,t1_cb5m28u,t1_cb4v5by,0.35,0.38596491228070173,-0.035964912280701755
p_2418,t3_1ihnzp,t1_cb4juyf,t1_cb4ukap,0.21830985915492956,0.2549019607843137,-0.036592101629384144
p_2420,t3_1igbwh,t1_cb4649p,t1_cb464hg,0.375,0.5128205128205128,-0.13782051282051277
p_2421,t3_1ied1a,t1_cb3rv5u,t1_cb3p38u,0.2265193370165746,0.2761904761904762,-0.04967113917390162
p_2424,t3_1ib9o8,t1_cb2tz88,t1_cb33du7,0.27310924369747897,0.28350515463917525,-0.010395910941696285
p_2427,t3_1ia9x8,t1_cb2j72l,t1_cb2rlb2,0.18787878787878787,0.2972972972972973,-0.10941850941850945
p_2429,t3_1ia3zd,t1_cb2lbid,t1_cb2h5ll,0.2978723404255319,0.25170068027210885,0.046171660153423055
p_2430,t3_1i94l9,t1_cb28ef0,t1_cb26209,0.5789473684210527,0.4375,0.14144736842105265
p_2434,t3_1i5tlt,t1_cb1cje7,t1_cb1t7x1,0.2087912087912088,0.36363636363636365,-0.15484515484515485
p_2436,t3_1i4vt4,t1_cb1h533,t1_cb1252u,0.2356687898089172,0.36,-0.12433121019108279
p_2435,t3_1i4vt4,t1_cb13nik,t1_cb16bo0,0.23728813559322035,0.43373493975903615,-0.1964468041658158
p_2438,t3_1i2u57,t1_cb0fo0o,t1_cb0gz21,0.3026315789473684,0.25229357798165136,0.050338000965717056
p_2439,t3_1i2u57,t1_cb0fbc9,t1_cb0hvyo,0.34591194968553457,0.2777777777777778,0.06813417190775678
p_2440,t3_1i2oju,t1_cb0dt2p,t1_cb0e4bx,0.2822966507177033,0.43333333333333335,-0.15103668261563002
p_2442,t3_1i11n0,t1_cazz418,t1_cb0464x,0.3977272727272727,0.46,-0.06227272727272731
p_2443,t3_1i11n0,t1_cazy97z,t1_cb0464x,0.5051546391752577,0.46,0.045154639175257694
p_2444,t3_1i0zds,t1_cazx780,t1_cazy8n0,0.2088607594936709,0.25806451612903225,-0.04920375663536136
p_2445,t3_1i0zds,t1_cb005e0,t1_cb05afm,0.35294117647058826,0.2857142857142857,0.06722689075630256
p_2446,t3_1i0zds,t1_cb00x7k,t1_cazy1tv,0.2727272727272727,0.16666666666666666,0.10606060606060605
p_2447,t3_1i0zds,t1_cazx7qm,t1_cb0ano0,0.2832369942196532,0.3582089552238806,-0.07497196100422737
p_2448,t3_1i00hp,t1_cazmh6c,t1_cazmud9,0.26666666666666666,0.3177570093457944,-0.05109034267912771
p_2449,t3_1hzs2p,t1_cazkd1r,t1_cazpzes,0.25333333333333335,0.3387096774193548,-0.08537634408602146
p_2451,t3_1hz0cv,t1_cazgpfl,t1_cazc5lr,0.24675324675324675,0.4528301886792453,-0.20607694192599854
p_2452,t3_1hxzas,t1_caz1kcn,t1_caz1z09,0.35714285714285715,0.41,-0.052857142857142825
p_2453,t3_1hxrtn,t1_caz1hv5,t1_cayzct9,0.35714285714285715,0.5217391304347826,-0.16459627329192544
p_2454,t3_1hxjqk,t1_cayxqwq,t1_cazcc7l,0.2982456140350877,0.2608695652173913,0.037376048817696406
p_2455,t3_1hxf9i,t1_cayvh0d,t1_caz1x0o,0.3972602739726027,0.39759036144578314,-0.0003300874731804182
p_2456,t3_1hw3be,t1_cayi1o3,t1_caykf0u,0.16129032258064516,0.1935483870967742,-0.03225806451612903
p_2460,t3_1htdmd,t1_caxqkk2,t1_caxz72q,0.17941176470588235,0.22564102564102564,-0.04622926093514329
p_2461,t3_1ht05v,t1_caxtz6j,t1_caxzvix,0.13551401869158877,0.1908713692946058,-0.055357350603017025
p_2462,t3_1ht05v,t1_caxvc7y,t1_caxzvix,0.17218543046357615,0.1908713692946058,-0.018685938831029647
p_2463,t3_1hrko3,t1_caxe7v8,t1_cax6nz3,0.26865671641791045,0.3802083333333333,-0.11155161691542287
p_2464,t3_1hrjgc,t1_cax6dff,t1_cax6b4o,0.21739130434782608,0.2571428571428571,-0.03975155279503104
p_2465,t3_1hraph,t1_cax407i,t1_cax3up7,0.2934131736526946,0.3053435114503817,-0.011930337797687096
p_2467,t3_1hqd66,t1_cax3idc,t1_cawz4oe,0.16964285714285715,0.2755102040816326,-0.10586734693877548
p_2468,t3_1hq0v5,t1_cawqmgo,t1_cawqm34,0.24793388429752067,0.3113207547169811,-0.06338687041946045
p_2469,t3_1hp8cm,t1_cawnmau,t1_cawra52,0.2839506172839506,0.345679012345679,-0.06172839506172839
p_2470,t3_1hp8cm,t1_caws05i,t1_cawsaki,0.2,0.19736842105263158,0.0026315789473684292
p_2472,t3_1hnrv5,t1_cawg0mo,t1_caw90ul,0.14883720930232558,0.2159090909090909,-0.06707188160676533
p_2473,t3_1hnmg0,t1_caw4fwf,t1_caw2pvi,0.2556390977443609,0.2624113475177305,-0.0067722497733695985
p_2474,t3_1hnesi,t1_caw5etn,t1_caw1oxb,0.30434782608695654,0.19672131147540983,0.10762651461154671
p_2475,t3_1hmzrg,t1_cavwamg,t1_caw3w4j,0.3880597014925373,0.2781954887218045,0.10986421277073283
p_2477,t3_1hmzrg,t1_cavxhoe,t1_cavwx38,0.37719298245614036,0.32710280373831774,0.05009017871782262
p_2476,t3_1hmzrg,t1_cavwmqq,t1_cavylue,0.2046783625730994,0.18037974683544303,0.024298615737656376
p_2478,t3_1hm7uw,t1_cavpkpg,t1_cavot1s,0.2882882882882883,0.4583333333333333,-0.17004504504504503
p_2479,t3_1hj6bs,t1_cauxv2z,t1_cauydog,0.2708333333333333,0.34408602150537637,-0.07325268817204306
p_2480,t3_1hilol,t1_cav0vb9,t1_cauv0dj,0.32894736842105265,0.46808510638297873,-0.13913773796192608
p_2482,t3_1hijgw,t1_cauqk4k,t1_cauqjev,0.23140495867768596,0.2356687898089172,-0.004263831131231244
p_2484,t3_1hhk6u,t1_caueb77,t1_cauj7mz,0.2982456140350877,0.5,-0.2017543859649123
p_2485,t3_1hhk6u,t1_caui6qo,t1_caukhoj,0.3888888888888889,0.42452830188679247,-0.035639412997903575
p_2486,t3_1hhk6u,t1_cauhmlk,t1_cauj7mz,0.5,0.5,0.0
p_2489,t3_1hc58i,t1_catea2n,t1_casxbel,0.23809523809523808,0.29535864978902954,-0.057263411693791455
p_2490,t3_1hc0j1,t1_caszio1,t1_casup0b,0.32558139534883723,0.4925373134328358,-0.16695591808399857
p_2494,t3_1hajcc,t1_casg265,t1_casiv8b,0.18238993710691823,0.2898550724637681,-0.1074651353568499
p_2495,t3_1h9sqe,t1_cas8w59,t1_cas8g4g,0.4752475247524752,0.425531914893617,0.0497156098588582
p_2496,t3_1h9ldb,t1_cas5ysb,t1_cas7mja,0.2073170731707317,0.17708333333333334,0.030233739837398355
p_2497,t3_1h9hye,t1_cas4sd4,t1_cas74f3,0.4024390243902439,0.34057971014492755,0.06185931424531638
p_2498,t3_1h9hye,t1_casb6t3,t1_cas9uz8,0.3050847457627119,0.2679245283018868,0.037160217460825096
p_2499,t3_1h9hye,t1_casew9n,t1_cas88m0,0.43478260869565216,0.3090909090909091,0.12569169960474308
p_2500,t3_1h8lmm,t1_cary5pj,t1_carxthq,0.22916666666666666,0.35714285714285715,-0.1279761904761905
p_2502,t3_1h6ah2,t1_caredw7,t1_car9nmn,0.1963470319634703,0.176,0.02034703196347032
p_2505,t3_1h6ah2,t1_caridnc,t1_car9nmn,0.17218543046357615,0.176,-0.0038145695364238397
p_2504,t3_1h6ah2,t1_care65c,t1_car9nmn,0.1509433962264151,0.176,-0.0250566037735849
p_2503,t3_1h6ah2,t1_card2bl,t1_car9nmn,0.23671497584541062,0.176,0.060714975845410635
p_2506,t3_1h63cg,t1_car7qah,t1_care0ds,0.2826086956521739,0.19672131147540983,0.08588738417676406
p_2508,t3_1h5h5m,t1_car0y9s,t1_cardbx1,0.23809523809523808,0.2672413793103448,-0.029146141215106725
p_2509,t3_1h5h5m,t1_car4w5y,t1_car24xz,0.19480519480519481,0.2543859649122807,-0.0595807701070859
p_2510,t3_1h5bo4,t1_car3t1w,t1_car096v,0.24,0.45217391304347826,-0.21217391304347827
p_2511,t3_1h4fc4,t1_caquh1j,t1_car011b,0.2,0.22,-0.01999999999999999
p_2513,t3_1h2wxx,t1_caqbfxa,t1_caqen9z,0.2727272727272727,0.2976190476190476,-0.02489177489177491
p_2514,t3_1h13j4,t1_capskux,t1_capsire,0.38235294117647056,0.45714285714285713,-0.07478991596638657
p_2516,t3_1h0wi9,t1_capqqek,t1_caq16q7,0.2727272727272727,0.38461538461538464,-0.11188811188811193
p_2517,t3_1h0dvp,t1_caplvg0,t1_caplfrl,0.4409448818897638,0.4326923076923077,0.008252574197456064
p_2518,t3_1h0dvp,t1_capmaqi,t1_caplfrl,0.4393939393939394,0.4326923076923077,0.006701631701631683
p_2519,t3_1h0dvp,t1_capljsr,t1_capm2dv,0.4606741573033708,0.36059479553903345,0.10007936176433735
p_2520,t3_1gzgyi,t1_capch39,t1_capcztw,0.5094339622641509,0.5294117647058824,-0.019977802441731418
p_2521,t3_1gzgyi,t1_capd988,t1_capcztw,0.41875,0.5294117647058824,-0.11066176470588235
p_2522,t3_1gzggd,t1_capcxm0,t1_capga0b,0.14655172413793102,0.23076923076923078,-0.08421750663129976
p_2523,t3_1gzggd,t1_capc8wf,t1_capc3ac,0.16831683168316833,0.17307692307692307,-0.004760091393754745
p_2526,t3_1gubei,t1_canwrtx,t1_canwwia,0.288,0.3717948717948718,-0.08379487179487183
p_2527,t3_1gubei,t1_cao0mq9,t1_cao4o8w,0.35294117647058826,0.30973451327433627,0.04320666319625199
p_2528,t3_1gubei,t1_cao0kka,t1_cao0vy0,0.25882352941176473,0.2857142857142857,-0.02689075630252097
p_2529,t3_1gtx5u,t1_canrwqs,t1_canrwi1,0.21875,0.2112676056338028,0.007482394366197187
p_2530,t3_1gtewi,t1_canwe7h,t1_cannxmk,0.36129032258064514,0.46774193548387094,-0.1064516129032258
p_2533,t3_1gs77u,t1_canaax8,t1_canbqse,0.1721311475409836,0.16296296296296298,0.009168184578020627
p_2535,t3_1gqrrj,t1_camvlk1,t1_camv6ti,0.23140495867768596,0.2753623188405797,-0.043957360162893755
p_2536,t3_1gqfyr,t1_camsoga,t1_camr1ip,0.1542056074766355,0.20833333333333334,-0.05412772585669784
p_2537,t3_1go76m,t1_cama3zy,t1_cam5u2v,0.2260536398467433,0.2698412698412698,-0.04378762999452654
p_2538,t3_1go0nk,t1_cam94e3,t1_cam2sp0,0.1625441696113074,0.26229508196721313,-0.09975091235590572
p_2539,t3_1gndd7,t1_calvf4q,t1_caly3r9,0.6115702479338843,0.644927536231884,-0.033357288297999776
p_2542,t3_1gndd7,t1_calw2lu,t1_calzbfi,0.4424778761061947,0.6792452830188679,-0.23676740691267317
p_2543,t3_1gn5gq,t1_caltt0o,t1_cam4fco,0.39106145251396646,0.52,-0.12893854748603356
p_2544,t3_1gn5gq,t1_caluwrn,t1_cam99y3,0.4028776978417266,0.4214876033057851,-0.018609905464058496
p_2546,t3_1gmopb,t1_calpm58,t1_caloeep,0.1989247311827957,0.36363636363636365,-0.16471163245356796
p_2547,t3_1glkkw,t1_caljuen,t1_calho9m,0.30985915492957744,0.2808988764044944,0.02896027852508304
p_2548,t3_1gkvdj,t1_cal8gbr,t1_calht6p,0.40669856459330145,0.4090909090909091,-0.002392344497607668
p_2549,t3_1gkvdj,t1_cal9bjy,t1_cal95oe,0.5166666666666667,0.5471698113207547,-0.030503144654087988
p_2550,t3_1gk7i3,t1_cal9gz2,t1_cakzxzy,0.23672566371681417,0.2558139534883721,-0.019088289771557937
p_2552,t3_1gjdzq,t1_caks2pc,t1_cakv42m,0.18085106382978725,0.3047619047619048,-0.12391084093211754
p_2553,t3_1ghuhk,t1_cakst8b,t1_cakfe6t,0.25308641975308643,0.3020833333333333,-0.04899691358024688
p_2554,t3_1ghq26,t1_cakd83v,t1_cakbhef,0.33980582524271846,0.35658914728682173,-0.016783322044103266
p_2556,t3_1gf3p8,t1_cajmk48,t1_cajlq76,0.21428571428571427,0.15436241610738255,0.059923298178331724
p_2558,t3_1gekcs,t1_cajgr6p,t1_cajgnqh,0.3333333333333333,0.31746031746031744,0.015873015873015872
p_2559,t3_1gdhz9,t1_cajoefo,t1_caj8zpy,0.2,0.2926829268292683,-0.09268292682926826
p_2561,t3_1gcmgh,t1_caizgrm,t1_caix4yf,0.32653061224489793,0.3333333333333333,-0.006802721088435382
p_2563,t3_1ga9it,t1_caiavmi,t1_caiacwj,0.21379310344827587,0.2826086956521739,-0.06881559220389802
p_2564,t3_1ga5u6,t1_caifnvs,t1_caigbsx,0.15853658536585366,0.24242424242424243,-0.08388765705838877
p_2565,t3_1g98dv,t1_caicko1,t1_cai00w1,0.1875,0.23015873015873015,-0.042658730158730146
p_2566,t3_1g912k,t1_cahy4j6,t1_cai00qt,0.33070866141732286,0.34831460674157305,-0.017605945324250194
p_2567,t3_1g8ye7,t1_caiqwaz,t1_caia71j,0.2360248447204969,0.2604166666666667,-0.02439182194616979
p_2568,t3_1g8tam,t1_cahvvfw,t1_cahvh3g,0.22377622377622378,0.2421875,-0.018411276223776224
p_2569,t3_1g8dms,t1_cahqtw0,t1_cahrjrv,0.24555160142348753,0.2623762376237624,-0.016824636200274856
p_2570,t3_1g4ij0,t1_cagmwe5,t1_cagn2vw,0.2894736842105263,0.2562814070351759,0.03319227717535045
p_2571,t3_1g4ij0,t1_cagti1b,t1_cagn2vw,0.14627659574468085,0.2562814070351759,-0.11000481129049502
p_2573,t3_1g0zyi,t1_cafq2a4,t1_cafq68p,0.24615384615384617,0.15736040609137056,0.08879344006247561
p_2575,t3_1g0nr4,t1_cafnpu1,t1_cafo41o,0.3058823529411765,0.49019607843137253,-0.18431372549019603
p_2576,t3_1g05un,t1_cafhm9s,t1_cafhkpm,0.40860215053763443,0.543859649122807,-0.1352574985851726
p_2577,t3_1g05un,t1_cafi4wo,t1_cafhkpm,0.5084745762711864,0.543859649122807,-0.035385072851620625
p_2578,t3_1fze4z,t1_cafajkn,t1_cafb9bx,0.2129032258064516,0.24277456647398843,-0.029871340667536828
p_2579,t3_1fzbuj,t1_cafam2z,t1_cafeb2o,0.15778688524590165,0.16624040920716113,-0.00845352396125948
p_2580,t3_1fzbuj,t1_cafpf1y,t1_cafeb2o,0.2360248447204969,0.16624040920716113,0.06978443551333577
p_2581,t3_1fz6yz,t1_cafa0ej,t1_cafbiew,0.35064935064935066,0.3176470588235294,0.03300229182582126
p_2582,t3_1fvef0,t1_caehkc7,t1_caegj92,0.2692307692307692,0.26785714285714285,0.0013736263736263687
p_2583,t3_1ftvzl,t1_cadqq2m,t1_cadtuox,0.3050847457627119,0.36585365853658536,-0.060768912773873474
p_2584,t3_1fthzm,t1_cads3uf,t1_cadpyxu,0.22404371584699453,0.33076923076923076,-0.10672551492223623
p_2585,t3_1fsg25,t1_cadecc8,t1_cadh9xp,0.24522292993630573,0.28901734104046245,-0.043794411104156716
p_2586,t3_1fsg25,t1_cadcq9r,t1_cadfxhh,0.45,0.3047619047619048,0.14523809523809522
p_2589,t3_1fqxs6,t1_cacz78q,t1_cad0uj4,0.1907356948228883,0.26424870466321243,-0.07351300984032413
p_2590,t3_1fpnku,t1_cacm10c,t1_cacyujo,0.24390243902439024,0.4430379746835443,-0.19913553565915404
p_2592,t3_1fl90i,t1_cabjfyp,t1_cabh6n4,0.22613065326633167,0.24581005586592178,-0.019679402599590112
p_2594,t3_1fkqyp,t1_cab9l3c,t1_cab7rfj,0.1937046004842615,0.31097560975609756,-0.11727100927183606
p_2596,t3_1fjzw1,t1_cab14u9,t1_cabbfp2,0.19607843137254902,0.12658227848101267,0.06949615289153635
p_2597,t3_1fjy6l,t1_cabf966,t1_cab0k1n,0.14696485623003194,0.22764227642276422,-0.08067742019273227
p_2598,t3_1fjy6l,t1_cabcutd,t1_cabche6,0.14736842105263157,0.23684210526315788,-0.08947368421052632
p_2599,t3_1fj2qs,t1_caar36f,t1_caas3s0,0.3645833333333333,0.34285714285714286,0.021726190476190455
p_2600,t3_1fi40v,t1_caahiii,t1_caahjdz,0.2084942084942085,0.2336448598130841,-0.025150651318875616
p_2601,t3_1fi40v,t1_caai66k,t1_caahj8x,0.31446540880503143,0.3217391304347826,-0.007273721629751151
p_2603,t3_1fh2ge,t1_caa6pnq,t1_caaaphg,0.22018348623853212,0.2457627118644068,-0.02557922562587467
p_2604,t3_1fgwoe,t1_caadxv7,t1_caaa1fu,0.5048543689320388,0.6290322580645161,-0.12417788913247729
p_2606,t3_1felg8,t1_ca9jegt,t1_ca9j1g5,0.2962962962962963,0.42857142857142855,-0.13227513227513227
p_2607,t3_1fdu9t,t1_ca9jfv7,t1_ca9emjy,0.2230769230769231,0.226890756302521,-0.003813833225597918
p_2608,t3_1fdqr9,t1_ca9b99t,t1_ca997cz,0.23404255319148937,0.20481927710843373,0.029223276083055638
p_2609,t3_1fbyld,t1_ca8s1d1,t1_ca92m1w,0.15789473684210525,0.1,0.05789473684210525
p_2610,t3_1fakkk,t1_ca8gu3m,t1_ca8gpeh,0.25961538461538464,0.24561403508771928,0.014001349527665352
p_2613,t3_1f9bqn,t1_ca85ryy,t1_ca81ox0,0.45255474452554745,0.7219251336898396,-0.2693703891642921
p_2619,t3_1f3fkz,t1_ca6ix69,t1_ca6j47b,0.11971830985915492,0.2871287128712871,-0.16741040301213217
p_2621,t3_1f378x,t1_ca6d9pg,t1_ca6d9s8,0.1414141414141414,0.1527777777777778,-0.011363636363636381
p_2624,t3_1f08yy,t1_ca5jdzb,t1_ca5nkp8,0.21621621621621623,0.18947368421052632,0.026742532005689906
p_2625,t3_1f08yy,t1_ca5jcz6,t1_ca5nkp8,,0.18947368421052632,
p_2627,t3_1eyhc9,t1_ca511j6,t1_ca514mx,0.10687022900763359,0.15789473684210525,-0.05102450783447167
p_2628,t3_1eyhc9,t1_ca54mod,t1_ca514mx,0.12790697674418605,0.15789473684210525,-0.029987760097919203
p_2629,t3_1evztt,t1_ca4bru8,t1_ca4e1xc,0.2671232876712329,0.515625,-0.2485017123287671
p_2631,t3_1er14x,t1_ca2wy31,t1_ca2w8zb,0.13157894736842105,0.2891566265060241,-0.15757767913760304
p_2632,t3_1er14x,t1_ca2wyds,t1_ca2w8zb,0.1977401129943503,0.2891566265060241,-0.09141651351167379
p_2633,t3_1eqzdv,t1_ca2xas3,t1_ca2vznl,0.3055555555555556,0.3283582089552239,-0.022802653399668305
p_2634,t3_1eqzdv,t1_ca31l47,t1_ca2vznl,0.2403846153846154,0.3283582089552239,-0.0879735935706085
p_2636,t3_1eqpep,t1_ca2wutl,t1_ca2vk92,0.17006802721088435,0.12578616352201258,0.04428186368887177
p_2637,t3_1enop4,t1_ca26n3f,t1_ca24wnz,0.17,0.2328042328042328,-0.06280423280423278
p_2640,t3_1ekr96,t1_ca18olx,t1_ca1bmet,0.14102564102564102,0.13533834586466165,0.005687295160979378
p_2642,t3_1ejwsi,t1_ca0z4yj,t1_ca124sd,0.14224137931034483,0.37117903930131,-0.2289376599909652
p_2643,t3_1ejwsi,t1_ca14g2z,t1_ca11uac,0.18421052631578946,0.26,-0.07578947368421055
p_2649,t3_1eeqwi,t1_c9zk246,t1_c9zlxhm,0.13636363636363635,0.12021857923497267,0.01614505712866368
p_2648,t3_1eeqwi,t1_c9zisf5,t1_c9zjpoy,0.11818181818181818,0.14814814814814814,-0.02996632996632996
p_2650,t3_1edx91,t1_c9z9hpy,t1_c9zbt49,0.30201342281879195,0.391304347826087,-0.08929092500729502
p_2651,t3_1edr56,t1_c9z8p9f,t1_c9z9qmk,0.3068181818181818,0.27586206896551724,0.030956112852664586
p_2652,t3_1edqbg,t1_c9z7ura,t1_c9zayfy,0.22641509433962265,0.17435897435897435,0.0520561199806483
p_2657,t3_1e897d,t1_c9xr4w4,t1_c9xr0vc,0.3125,0.6739130434782609,-0.36141304347826086
p_2659,t3_1e7fgs,t1_c9xm6o9,t1_c9xlvv7,0.18518518518518517,0.2777777777777778,-0.09259259259259262
p_2661,t3_1e7dc0,t1_c9xteak,t1_c9xkdnr,0.41935483870967744,0.3684210526315789,0.05093378607809851
p_2663,t3_1e71tp,t1_c9xlk4m,t1_c9xez56,0.35555555555555557,0.28994082840236685,0.06561472715318872
p_2664,t3_1e5uet,t1_c9x38yb,t1_c9x7ac3,0.18181818181818182,0.2545454545454545,-0.0727272727272727
p_2666,t3_1e5dod,t1_c9wyrgk,t1_c9wz4h9,0.43478260869565216,0.3416666666666667,0.09311594202898549
p_2667,t3_1e4w3h,t1_c9x0hy8,t1_c9wwhb6,0.13529411764705881,0.2558139534883721,-0.12051983584131329
p_2668,t3_1e4v4u,t1_c9wtome,t1_c9ww06i,0.323943661971831,0.4426229508196721,-0.11867928884784112
p_2669,t3_1e4gla,t1_c9wpcpk,t1_c9wqjyf,0.19801980198019803,0.1404494382022472,0.05757036377795083
p_2671,t3_1e30x9,t1_c9wfnbb,t1_c9wbvj3,0.30344827586206896,0.2301255230125523,0.07332275284951667
p_2673,t3_1e1yw5,t1_c9wdtql,t1_c9w0hvd,0.1328125,0.2786885245901639,-0.1458760245901639
p_2674,t3_1e0qz1,t1_c9vwslq,t1_c9vruwl,0.19680851063829788,0.30434782608695654,-0.10753931544865866
p_2675,t3_1e0ejy,t1_c9vl8aa,t1_c9vp3i5,0.14615384615384616,0.2116788321167883,-0.06552498596294215
p_2678,t3_1e0dd7,t1_c9vvh9i,t1_c9vmii6,0.2911392405063291,0.14393939393939395,0.14719984656693516
p_2676,t3_1e0dd7,t1_c9vn11c,t1_c9vkmsv,0.19827586206896552,0.1891891891891892,0.009086672879776325
p_2679,t3_1dzqaz,t1_c9vevvr,t1_c9ves68,0.2753623188405797,0.23376623376623376,0.04159608507434595
p_2680,t3_1dyb7o,t1_c9v8bw6,t1_c9v7j0n,0.38461538461538464,0.24761904761904763,0.136996336996337
p_2681,t3_1dy3sl,t1_c9uym99,t1_c9uxyzk,0.21967213114754097,0.4065934065934066,-0.18692127544586562
p_2683,t3_1dx9dj,t1_c9ut84g,t1_c9v8b9b,0.323943661971831,0.2127659574468085,0.11117770452502249
p_2684,t3_1dx9dj,t1_c9uvfc4,t1_c9usq08,0.16184971098265896,0.3188405797101449,-0.15699086872748594
p_2685,t3_1duzzk,t1_c9u8l52,t1_c9u8yoe,0.05759162303664921,0.12408759124087591,-0.06649596820422671
p_2688,t3_1drv8o,t1_c9twcr8,t1_c9tdt5r,0.2236842105263158,0.24545454545454545,-0.021770334928229662
p_2690,t3_1dro9y,t1_c9t93tz,t1_c9tb0nm,0.23140495867768596,0.7560975609756098,-0.5246926022979238
p_2691,t3_1dro9y,t1_c9t95ad,t1_c9tb0nm,0.27007299270072993,0.7560975609756098,-0.48602456827487983
p_2692,t3_1dro9y,t1_c9tar20,t1_c9tb0nm,0.2727272727272727,0.7560975609756098,-0.48337028824833705
p_2693,t3_1dr38j,t1_c9t4zgp,t1_c9t15sb,0.38461538461538464,0.46938775510204084,-0.0847723704866562
p_2694,t3_1dr38j,t1_c9t6qfq,t1_c9t3tv5,0.27631578947368424,0.2413793103448276,0.03493647912885664
p_2696,t3_1dqocq,t1_c9sxlof,t1_c9t1per,0.06097560975609756,0.1891891891891892,-0.12821357943309164
p_2698,t3_1dpa0j,t1_c9si9a1,t1_c9sjq6e,0.1574074074074074,0.28440366972477066,-0.12699626231736325
p_2699,t3_1dmdji,t1_c9s8tbs,t1_c9rvfop,0.11827956989247312,0.22580645161290322,-0.1075268817204301
p_2702,t3_1djzxv,t1_c9rfg9d,t1_c9r258n,0.34615384615384615,0.46875,-0.12259615384615385
p_2704,t3_1dj741,t1_c9qwjmm,t1_c9qu7yd,0.37222222222222223,0.33210332103321033,0.0401189011890119
p_2706,t3_1ditdn,t1_c9r0krj,t1_c9qpsh8,0.2151394422310757,0.375,-0.1598605577689243
p_2707,t3_1dilyh,t1_c9qq93z,t1_c9qukp7,0.12105263157894737,0.10483870967741936,0.01621392190152801
p_2711,t3_1dfy2a,t1_c9pz92y,t1_c9pzk15,0.3137254901960784,0.3424657534246575,-0.028740263228579088
p_2713,t3_1dfnx1,t1_c9pwrti,t1_c9pydqv,0.18705035971223022,0.2545454545454545,-0.0674950948332243
p_2714,t3_1deu6m,t1_c9pm9ei,t1_c9pq3i8,0.27350427350427353,0.3076923076923077,-0.03418803418803418
p_2715,t3_1ddn6p,t1_c9r192d,t1_c9ptde6,0.16287878787878787,0.2,-0.03712121212121214
p_2717,t3_1dbeji,t1_c9opv9e,t1_c9oplaa,0.2222222222222222,0.16363636363636364,0.058585858585858575
p_2718,t3_1dahpy,t1_c9oi7rq,t1_c9ohbfe,0.3067484662576687,0.3584905660377358,-0.05174209978006711
p_2720,t3_1daaz2,t1_c9om232,t1_c9oicxr,0.08273381294964029,0.07168458781362007,0.011049225136020219
p_2721,t3_1daa73,t1_c9of3p7,t1_c9of537,0.08130081300813008,0.11764705882352941,-0.03634624581539933
p_2722,t3_1da9km,t1_c9ogr0a,t1_c9oels5,0.16666666666666666,0.1320754716981132,0.03459119496855345
p_2723,t3_1d93tu,t1_c9o543i,t1_c9o48f1,0.23076923076923078,0.29292929292929293,-0.062160062160062146
p_2724,t3_1d93tu,t1_c9o9bv4,t1_c9o5bzv,0.18553459119496854,0.27941176470588236,-0.09387717351091382
p_2725,t3_1d7g4o,t1_c9noa5m,t1_c9nwpbl,0.4125,0.292358803986711,0.12014119601328899
p_2728,t3_1d4oyg,t1_c9mvjvz,t1_c9n2oa9,0.1702127659574468,0.211864406779661,-0.0416516408222142
p_2729,t3_1d44p3,t1_c9mq0ns,t1_c9mtvks,0.22709163346613545,0.26666666666666666,-0.03957503320053121
p_2731,t3_1d44p3,t1_c9mw0w9,t1_c9mpkz3,0.22566371681415928,0.35555555555555557,-0.1298918387413963
p_2732,t3_1d44p3,t1_c9n1elj,t1_c9mtvks,0.22764227642276422,0.26666666666666666,-0.039024390243902446
p_2733,t3_1d44p3,t1_c9mu8cn,t1_c9mrjf5,0.30158730158730157,0.3153846153846154,-0.013797313797313804
p_2734,t3_1d44p3,t1_c9msi95,t1_c9mtvks,0.21645021645021645,0.26666666666666666,-0.050216450216450215
p_2738,t3_1d1i55,t1_c9mxv6l,t1_c9lzhfl,0.021897810218978103,0.02112676056338028,0.0007710496555978219
p_2739,t3_1d1i55,t1_c9oegh1,t1_c9lzhfl,0.0,0.02112676056338028,-0.02112676056338028
p_2740,t3_1d0elu,t1_c9lsj8v,t1_c9lp7p0,0.3063583815028902,0.4594594594594595,-0.1531010779565693
p_2741,t3_1cymw8,t1_c9l9z8j,t1_c9l7omc,0.14150943396226415,0.27848101265822783,-0.13697157869596369
p_2743,t3_1cyjeb,t1_c9l6moi,t1_c9l7796,0.3282442748091603,0.3372093023255814,-0.008965027516421087
p_2748,t3_1cxteo,t1_c9l5sr6,t1_c9kz9h3,0.20833333333333334,0.234375,-0.026041666666666657
p_2746,t3_1cxteo,t1_c9l0ptr,t1_c9kztp0,0.11702127659574468,0.16666666666666666,-0.049645390070921974
p_2747,t3_1cxteo,t1_c9kzw1u,t1_c9l5bzb,0.171875,0.22641509433962265,-0.05454009433962265
p_2749,t3_1cwsse,t1_c9kr52k,t1_c9kr5qt,0.11594202898550725,0.3090909090909091,-0.19314888010540182
p_2750,t3_1cwsse,t1_c9kqato,t1_c9ks4cr,0.15591397849462366,0.2631578947368421,-0.10724391624221843
p_2751,t3_1cwsse,t1_c9kvex6,t1_c9ks4cr,0.1402439024390244,0.2631578947368421,-0.12291399229781769
p_2752,t3_1cvzbx,t1_c9km9nx,t1_c9khsqw,0.20588235294117646,0.2916666666666667,-0.08578431372549022
p_2753,t3_1ctkhw,t1_c9juokl,t1_c9jubz0,0.17293233082706766,0.2318840579710145,-0.058951727143946836
p_2754,t3_1cskpb,t1_c9jkqxa,t1_c9jlje5,0.17757009345794392,0.25,-0.07242990654205608
p_2755,t3_1crpmd,t1_c9jdeua,t1_c9jkwqp,0.21333333333333335,0.23655913978494625,-0.0232258064516129
p_2756,t3_1cq2e6,t1_c9ix0cz,t1_c9ixpvx,0.064,0.09473684210526316,-0.03073684210526316
p_2760,t3_1cjeto,t1_c9h2lgb,t1_c9h6sc6,0.15463917525773196,0.1978021978021978,-0.04316302254446583
p_2761,t3_1chlts,t1_c9gmbnn,t1_c9gqj74,0.40816326530612246,0.3805309734513274,0.027632291854795044
p_2762,t3_1cgo5k,t1_c9gcsj9,t1_c9gc5rg,0.2375,0.4069767441860465,-0.16947674418604652
p_2765,t3_1cfa2w,t1_c9fzmpv,t1_c9g116t,0.1955128205128205,0.17940199335548174,0.016110827157338775
p_2766,t3_1cdk1m,t1_c9fscps,t1_c9fnhsl,0.38016528925619836,0.28191489361702127,0.09825039563917709
p_2767,t3_1cc9ma,t1_c9f4mbw,t1_c9f4gvx,0.17307692307692307,0.3888888888888889,-0.21581196581196582
p_2770,t3_1cc8uk,t1_c9fbcfp,t1_c9f55x0,0.2831858407079646,0.2471264367816092,0.0360594039263554
p_2771,t3_1cbyg8,t1_c9f2fbr,t1_c9f2f7z,0.17725752508361203,0.25984251968503935,-0.08258499460142732
p_2772,t3_1cbyg8,t1_c9f37yw,t1_c9f2f7z,0.13144329896907217,0.25984251968503935,-0.12839922071596718
p_2773,t3_1cbyg8,t1_c9f2oxn,t1_c9f2f7z,0.17889908256880735,0.25984251968503935,-0.080943437116232
p_2774,t3_1c9rnm,t1_c9efq9f,t1_c9enhzn,0.31896551724137934,0.2608695652173913,0.05809595202398804
p_2776,t3_1c9lan,t1_c9eoxbt,t1_c9edlfu,0.33695652173913043,0.3135593220338983,0.02339719970523213
p_2777,t3_1c8ym3,t1_c9e9zzx,t1_c9e9fk0,0.30864197530864196,0.4107142857142857,-0.10207231040564374
p_2778,t3_1c8ym3,t1_c9e9ga5,t1_c9ea09a,0.3389830508474576,0.4482758620689655,-0.10929281122150791
p_2779,t3_1c7z1a,t1_c9dyhme,t1_c9edsm6,0.36792452830188677,0.4883720930232558,-0.12044756472136903
p_2782,t3_1c5ps9,t1_c9da3im,t1_c9dg1q3,0.2396694214876033,0.2608695652173913,-0.021200143729787985
p_2783,t3_1c3mds,t1_c9cpeax,t1_c9cpssy,0.18775510204081633,0.33544303797468356,-0.14768793593386723
p_2784,t3_1c11cx,t1_c9c5trq,t1_c9c6lsq,0.16587677725118483,0.20670391061452514,-0.04082713336334032
p_2785,t3_1byb8b,t1_c9bdajc,t1_c9bdsul,0.265625,0.2871287128712871,-0.021503712871287106
p_2786,t3_1by7rb,t1_c9b8dbb,t1_c9ba21c,0.24324324324324326,0.3287671232876712,-0.08552388004442796
p_2787,t3_1bxkri,t1_c9b3vi9,t1_c9b4eux,0.2328767123287671,0.18181818181818182,0.05105853051058529
p_2789,t3_1bxgut,t1_c9b118k,t1_c9b0bxi,0.3247863247863248,0.33613445378151263,-0.011348128995187834
p_2788,t3_1bxgut,t1_c9b3hgo,t1_c9b7q7o,0.24770642201834864,0.3602941176470588,-0.11258769562871018
p_2790,t3_1bxgut,t1_c9b7tag,t1_c9b7q7o,0.1976401179941003,0.3602941176470588,-0.16265399965295851
p_2791,t3_1bwu2v,t1_c9avcwo,t1_c9auie0,0.041666666666666664,0.010273972602739725,0.03139269406392694
p_2792,t3_1buffw,t1_c9a7bi9,t1_c9a70o8,0.2773109243697479,0.3170731707317073,-0.03976224636195941
p_2793,t3_1brihl,t1_c9bfojt,t1_c99k4tp,0.3783783783783784,0.3793103448275862,-0.0009319664492077884
p_2794,t3_1bp6uw,t1_c98y60i,t1_c994sb5,0.23484848484848486,0.2589928057553957,-0.02414432090691082
p_2795,t3_1bodtx,t1_c98jlb4,t1_c98lik7,0.1917808219178082,0.16883116883116883,0.022949653086639377
p_2796,t3_1bljky,t1_c97sfu3,t1_c97rjrx,0.38666666666666666,0.40939597315436244,-0.022729306487695777
p_2798,t3_1bkpef,t1_c97l3q7,t1_c97m0dm,0.26804123711340205,0.2537313432835821,0.014309893829819953
p_2799,t3_1bkdeq,t1_c97g05g,t1_c97ggko,0.29333333333333333,0.2696629213483146,0.023670411985018736
p_2803,t3_1bjaaz,t1_c977sxm,t1_c979i5l,0.28405797101449276,0.43209876543209874,-0.14804079441760598
p_2804,t3_1bitj0,t1_c971omg,t1_c978xo7,0.13942307692307693,0.09444444444444444,0.044978632478632485
p_2805,t3_1bggat,t1_c96k0ap,t1_c96jw6l,0.24489795918367346,0.3176470588235294,-0.07274909963985593
p_2806,t3_1bce8x,t1_c95l5od,t1_c95l7sx,0.11486486486486487,0.24615384615384617,-0.1312889812889813
p_2807,t3_1bcaat,t1_c95jx1p,t1_c95k33e,0.23157894736842105,0.21649484536082475,0.0150841020075963
p_2808,t3_1bc8lk,t1_c95jtsa,t1_c95k5tq,0.049479166666666664,0.06201550387596899,-0.012536337209302327
p_2809,t3_1bc7uw,t1_c95jgdf,t1_c95jk08,0.125,0.1935483870967742,-0.06854838709677419
p_2810,t3_1b757j,t1_c947mfz,t1_c947z02,0.3548387096774194,0.3780487804878049,-0.023210070810385508
p_2811,t3_1b5h4r,t1_c93tvyq,t1_c93sauz,0.18269230769230768,0.23636363636363636,-0.05367132867132868
p_2812,t3_1b532g,t1_c93p2p5,t1_c93uzd4,0.36470588235294116,0.4111111111111111,-0.046405228758169936
p_2813,t3_1b4ngo,t1_c93mgx3,t1_c93juyb,0.4015151515151515,0.4925373134328358,-0.09102216191768431
p_2815,t3_1ayifp,t1_c91z4wm,t1_c91y4yc,0.3189873417721519,0.29193899782135074,0.027048343950801135
p_2817,t3_1avuk1,t1_c919bkc,t1_c918ch7,0.3490566037735849,0.47297297297297297,-0.12391636919938809
p_2818,t3_1aszfk,t1_c90i0vi,t1_c90i1xg,0.24242424242424243,0.36507936507936506,-0.12265512265512263
p_2819,t3_1assos,t1_c90fnc1,t1_c90rkrt,0.18095238095238095,0.143646408839779,0.03730597211260195
p_2820,t3_1assos,t1_c90ewks,t1_c90rkrt,0.18333333333333332,0.143646408839779,0.03968692449355432
p_2822,t3_1are2i,t1_c902a8w,t1_c901w5o,0.06521739130434782,0.1103448275862069,-0.04512743628185907
p_2823,t3_1are2i,t1_c9063xi,t1_c901w5o,0.11904761904761904,0.1103448275862069,0.008702791461412146
p_2827,t3_1am01f,t1_c8yqvyz,t1_c90q7d9,0.10204081632653061,0.13095238095238096,-0.028911564625850344
p_2830,t3_1ajjfw,t1_c8y1lzd,t1_c8xzdi6,0.17834394904458598,0.35714285714285715,-0.17879890809827118
p_2831,t3_1ajjfw,t1_c8y2o8t,t1_c8y2jox,0.1691542288557214,0.23684210526315788,-0.06768787640743648
p_2832,t3_1ahaci,t1_c8xhcoi,t1_c8xhwel,0.265625,0.3333333333333333,-0.06770833333333331
p_2833,t3_1ahaci,t1_c8ycdr7,t1_c8y9ehd,0.17567567567567569,0.1778846153846154,-0.0022089397089397056
p_2834,t3_1adnuj,t1_c8wgwzb,t1_c8wgx6y,0.22560975609756098,0.23118279569892472,-0.0055730396013637384
p_2835,t3_1adnuj,t1_c8wkxho,t1_c8wgx6y,0.20245398773006135,0.23118279569892472,-0.028728807968863374
p_2836,t3_1aah63,t1_c8vkumc,t1_c8w7eb9,0.35074626865671643,0.5,-0.14925373134328357
p_2837,t3_1a823k,t1_c8uxrzz,t1_c8uxj2q,0.30303030303030304,0.3632286995515695,-0.06019839652126646
p_2838,t3_1a74or,t1_c8yb8lh,t1_c8wi3uo,0.09278350515463918,0.1927710843373494,-0.09998757918271023
p_2841,t3_1a1svv,t1_c8tcnlg,t1_c8tbh45,0.5952380952380952,0.38461538461538464,0.2106227106227106
p_2842,t3_19x40l,t1_c8s3ojs,t1_c8sam0l,0.30927835051546393,0.345679012345679,-0.036400661830215064
p_2843,t3_19umvm,t1_c8ri6ek,t1_c8rgbi8,0.16455696202531644,0.15789473684210525,0.00666222518321119
p_2845,t3_19n9ak,t1_c8pkzma,t1_c8polhe,0.1792452830188679,0.203125,-0.023879716981132088
p_2846,t3_19huby,t1_c8ojliw,t1_c8oh7z7,0.1853448275862069,0.2619047619047619,-0.07655993431855501
p_2847,t3_19e3q6,t1_c8n7zld,t1_c8n6yn4,0.22088353413654618,0.26521739130434785,-0.044333857167801666
p_2850,t3_19avin,t1_c8mdkft,t1_c8mqodh,0.2967032967032967,0.2558139534883721,0.0408893432149246
p_2851,t3_19aahz,t1_c8m9s7p,t1_c8m98ui,0.18032786885245902,0.16393442622950818,0.016393442622950838
p_2853,t3_1960jw,t1_c8te8em,t1_c8lq3vy,0.1891891891891892,0.27102803738317754,-0.08183884819398834
p_2854,t3_18nf32,t1_c8gjif8,t1_c8glzi2,0.24324324324324326,0.23008849557522124,0.013154747668022021
p_2855,t3_18n2uc,t1_c8g7yj9,t1_c8g7vdb,0.22826086956521738,0.37209302325581395,-0.14383215369059657
p_2856,t3_18n2uc,t1_c8gjaly,t1_c8hjbxc,0.1411042944785276,0.18181818181818182,-0.040713887339654226
p_2857,t3_18hfbb,t1_c8euhsu,t1_c8f4pon,0.30434782608695654,0.25,0.05434782608695654
p_2858,t3_18fnmc,t1_c8ehi0y,t1_c8fbyk9,0.11650485436893204,0.10759493670886076,0.008909917660071279
p_2859,t3_18fnmc,t1_c8eztwo,t1_c8efsxa,0.10240963855421686,0.09051724137931035,0.011892397174906519
p_2861,t3_18dj9h,t1_c8go2f3,t1_c8du0qd,0.25757575757575757,0.24509803921568626,0.012477718360071305
p_2862,t3_181jmd,t1_c8b2w35,t1_c8b80s2,0.2962962962962963,0.3240418118466899,-0.027745515550393618
p_2864,t3_353z1x,t1_cr0txe5,t1_cr0sypq,0.4875,0.5471698113207547,-0.05966981132075472
p_2865,t3_35007e,t1_cqzpsh4,t1_cr08now,0.27932960893854747,0.234375,0.04495460893854747
p_2868,t3_34uoe6,t1_cqy8iqs,t1_cqydmf0,0.2736842105263158,0.3770491803278688,-0.10336496980155302
p_2869,t3_34uhcs,t1_cqy6f3z,t1_cqy5yg6,0.2777777777777778,0.29508196721311475,-0.01730418943533696
p_2871,t3_34r42c,t1_cqx9tcw,t1_cqxcheq,0.49122807017543857,0.42424242424242425,0.06698564593301432
p_2872,t3_34r42c,t1_cqx9isf,t1_cqxhmy0,0.475,0.5211267605633803,-0.046126760563380276
p_2873,t3_34qpil,t1_cqxbpip,t1_cqx6biz,0.30131004366812225,0.3258426966292135,-0.02453265296109125
p_2875,t3_34nm86,t1_cqwfwqa,t1_cqwdlqs,0.375,0.3028169014084507,0.07218309859154931
p_2876,t3_34mjz7,t1_cqw3q36,t1_cqw297k,0.4274193548387097,0.5102040816326531,-0.08278472679394339
p_2877,t3_34mi2s,t1_cqw2pwr,t1_cqw1jmd,0.25,0.2421875,0.0078125
p_2880,t3_34f19m,t1_cqumcdt,t1_cqu4xnk,0.37681159420289856,0.38823529411764707,-0.011423699914748509
p_2881,t3_34ew6y,t1_cqu16sw,t1_cqu66qp,0.3972602739726027,0.4266666666666667,-0.029406392694063976
p_2883,t3_34dp1h,t1_cqtp0m2,t1_cqtpbha,0.2603092783505155,0.22884615384615384,0.031463124504361645
p_2885,t3_3458ym,t1_cqrehbr,t1_cqrp6kw,0.3424657534246575,0.3275862068965517,0.014879546528105803
p_2886,t3_344wiz,t1_cqras5q,t1_cqre4xb,0.2565789473684211,0.27450980392156865,-0.01793085655314758
p_2887,t3_344wiz,t1_cqrc214,t1_cqrdlm0,0.3448275862068966,0.33962264150943394,0.005204944697462632
p_2889,t3_3421jf,t1_cqqjotj,t1_cqqk365,0.19130434782608696,0.22,-0.02869565217391304
p_2890,t3_341ysq,t1_cqqjryw,t1_cqqx1kp,0.2621359223300971,0.2972972972972973,-0.03516137496720023
p_2891,t3_341ysq,t1_cqqk0tn,t1_cqqijqw,0.24752475247524752,0.2088607594936709,0.038663992981576634
p_2892,t3_341rgm,t1_cqr37bi,t1_cqqnhph,0.15333333333333332,0.19753086419753085,-0.04419753086419753
p_2893,t3_341qpv,t1_cqqkadf,t1_cqqj5q6,0.4225352112676056,0.3977272727272727,0.02480793854033292
p_2896,t3_340hb6,t1_cqq5pcx,t1_cqq45sd,0.2620689655172414,0.3049645390070922,-0.04289557348985079
p_2897,t3_33yolt,t1_cqq8ib0,t1_cqpnhfk,0.47368421052631576,0.43478260869565216,0.0389016018306636
p_2898,t3_33y71i,t1_cqpkqw3,t1_cqphhsd,0.40816326530612246,0.432,-0.023836734693877537
p_2899,t3_33xvlb,t1_cqpizv2,t1_cqpe1w3,0.2217741935483871,0.3,-0.0782258064516129
p_2900,t3_33x4zd,t1_cqq3w8x,t1_cqph109,0.18846153846153846,0.3025210084033613,-0.11405946994182287
p_2901,t3_33vwxp,t1_cqp9clo,t1_cqp3iwt,0.2247191011235955,0.4074074074074074,-0.18268830628381189
p_2902,t3_33vb7v,t1_cqop50f,t1_cqoq78g,0.2331288343558282,0.3076923076923077,-0.0745634733364795
p_2903,t3_33vb7v,t1_cqoqk6x,t1_cqoq78g,0.28846153846153844,0.3076923076923077,-0.019230769230769273
p_2906,t3_33t6ee,t1_cqo6dks,t1_cqocdox,0.275,0.27710843373493976,-0.002108433734939741
p_2910,t3_33qkee,t1_cqnhkzy,t1_cqnfxbg,0.2807017543859649,0.5625,-0.2817982456140351
p_2911,t3_33odih,t1_cqmwrzp,t1_cqn43qi,0.21951219512195122,0.18888888888888888,0.030623306233062336
p_2912,t3_33odih,t1_cqmx2gy,t1_cqn43qi,0.23684210526315788,0.18888888888888888,0.047953216374269
p_2914,t3_33m1d7,t1_cqmao20,t1_cqmqlk3,0.25862068965517243,0.3492063492063492,-0.09058565955117676
p_2915,t3_33ltmy,t1_cqm3qgs,t1_cqm6tlv,0.41911764705882354,0.49019607843137253,-0.07107843137254899
p_2916,t3_33ltmy,t1_cqm5fmo,t1_cqmj35v,0.30434782608695654,0.32727272727272727,-0.02292490118577073
p_2917,t3_33ltmy,t1_cqma7wu,t1_cqmj35v,0.36904761904761907,0.32727272727272727,0.0417748917748918
p_2918,t3_33ltmy,t1_cqm52oz,t1_cqmjkd0,0.2781456953642384,0.43333333333333335,-0.15518763796909496
p_2919,t3_33ltmy,t1_cqmees1,t1_cqmlryg,0.26842105263157895,0.3423913043478261,-0.07397025171624716
p_2920,t3_33ltmy,t1_cqmhim7,t1_cqmlryg,0.3223684210526316,0.3423913043478261,-0.020022883295194527
p_2921,t3_33ltmy,t1_cqme4zj,t1_cqmjkd0,0.3358208955223881,0.43333333333333335,-0.09751243781094526
p_2922,t3_33ltmy,t1_cqmf5u4,t1_cqm8bcb,0.32432432432432434,0.4772727272727273,-0.15294840294840295
p_2923,t3_33ltmy,t1_cqmaxor,t1_cqmj35v,0.29015544041450775,0.32727272727272727,-0.03711728685821952
p_2925,t3_33ltmy,t1_cqmgnjb,t1_cqmjkd0,0.411214953271028,0.43333333333333335,-0.02211838006230532
p_2927,t3_33ky08,t1_cqlv92o,t1_cqm0p5u,0.425,0.40384615384615385,0.021153846153846134
p_2928,t3_33jriw,t1_cqlmafs,t1_cqlrxku,0.4772727272727273,0.358695652173913,0.11857707509881427
p_2929,t3_33jriw,t1_cqlrjh2,t1_cqlvlpo,0.43661971830985913,0.3584905660377358,0.0781291522721233
p_2930,t3_33gagt,t1_cqknwye,t1_cqkneou,0.3333333333333333,0.42718446601941745,-0.09385113268608414
p_2935,t3_33fzqf,t1_cqkkas1,t1_cqkomla,0.42328042328042326,0.47863247863247865,-0.055352055352055396
p_2934,t3_33fzqf,t1_cqkyc6a,t1_cqkomla,0.48226950354609927,0.47863247863247865,0.0036370249136206123
p_2932,t3_33fzqf,t1_cqkmagz,t1_cql6a4m,0.5925925925925926,0.6231884057971014,-0.03059581320450888
p_2933,t3_33fzqf,t1_cqksog6,t1_cql5nf4,0.6886792452830188,0.5227272727272727,0.16595197255574612
p_2936,t3_33fvr1,t1_cql32pv,t1_cqkpqqx,0.39473684210526316,0.43010752688172044,-0.03537068477645727
p_2937,t3_33f4nn,t1_cqkapdq,t1_cqktzi5,0.1206896551724138,0.21904761904761905,-0.09835796387520525
p_2938,t3_33d5wv,t1_cqjs9av,t1_cqjqmmc,0.21311475409836064,0.2608695652173913,-0.047754811119030655
p_2939,t3_33c9pv,t1_cqjn7rh,t1_cqji5jr,0.32666666666666666,0.46875,-0.14208333333333334
p_2940,t3_33b9np,t1_cqj96fh,t1_cqj9uef,0.2702702702702703,0.30120481927710846,-0.030934549006838175
p_2942,t3_337yvz,t1_cqift17,t1_cqigsgq,0.33540372670807456,0.43283582089552236,-0.0974320941874478
p_2943,t3_337yvz,t1_cqigbq2,t1_cqigknb,0.3165137614678899,0.5176470588235295,-0.20113329735563956
p_2947,t3_335312,t1_cqhqb8z,t1_cqhmvlk,0.06726457399103139,0.16161616161616163,-0.09435158762513024
p_2948,t3_334q3e,t1_cqhpv4a,t1_cqhioox,0.21705426356589147,0.23783783783783785,-0.02078357427194638
p_2949,t3_333cqy,t1_cqh6yao,t1_cqh6bst,0.29774127310061604,0.4817073170731707,-0.18396604397255467
p_2952,t3_330zv9,t1_cqgjrcd,t1_cqgm5ch,0.2962962962962963,0.32967032967032966,-0.033374033374033385
p_2953,t3_32yo7o,t1_cqghj8r,t1_cqggpsa,0.19480519480519481,0.2413793103448276,-0.04657411553963278
p_2955,t3_32x792,t1_cqfgbx0,t1_cqfhboc,0.14772727272727273,0.19480519480519481,-0.04707792207792208
p_2957,t3_32x5bg,t1_cqffwwh,t1_cqfjbx4,0.5130434782608696,0.6575342465753424,-0.14449076831447283
p_2959,t3_32w62j,t1_cqf8h6r,t1_cqf8ttp,0.39080459770114945,0.3013698630136986,0.08943473468745083
p_2960,t3_32tuwr,t1_cqekvu6,t1_cqev05z,0.304635761589404,0.3146853146853147,-0.010049553095910713
p_2961,t3_32rqew,t1_cqe1or9,t1_cqedg0y,0.5098039215686274,0.42857142857142855,0.08123249299719887
p_2962,t3_32qem9,t1_cqdngsq,t1_cqdmrey,0.26785714285714285,0.4166666666666667,-0.14880952380952384
p_2963,t3_32nvz9,t1_cqd3dgw,t1_cqdlwp9,0.23076923076923078,0.2713178294573643,-0.04054859868813354
p_2964,t3_32mxxb,t1_cqcq0fj,t1_cqcpdn2,0.6125,0.5338983050847458,0.07860169491525426
p_2966,t3_32ml8o,t1_cqcp8hx,t1_cqcmdxj,0.19597989949748743,0.32710280373831774,-0.1311229042408303
p_2967,t3_32ml8o,t1_cqcmvme,t1_cqcmdxj,0.2094240837696335,0.32710280373831774,-0.11767871996868423
p_2969,t3_32kaxa,t1_cqc1ps3,t1_cqbztib,0.24615384615384617,0.29523809523809524,-0.049084249084249076
p_2970,t3_32jy1s,t1_cqc7xo9,t1_cqc76t8,0.369281045751634,0.3015267175572519,0.0677543281943821
p_2972,t3_32jy1s,t1_cqc312r,t1_cqc2knn,0.4819277108433735,0.5531914893617021,-0.07126377851832866
p_2973,t3_32hrcu,t1_cqbf680,t1_cqc157c,0.4186046511627907,0.2440944881889764,0.17451016297381433
p_2974,t3_32hrcu,t1_cqbuas1,t1_cqberet,0.25,0.30120481927710846,-0.05120481927710846
p_2975,t3_32hhvc,t1_cqb981l,t1_cqb97nw,0.42857142857142855,0.422360248447205,0.006211180124223559
p_2977,t3_32heuy,t1_cqbcbkl,t1_cqb8b3a,0.3013698630136986,0.25925925925925924,0.04211060375443937
p_2978,t3_32e9dz,t1_cqag1ei,t1_cqaeq9p,0.3472222222222222,0.3229166666666667,0.024305555555555525
p_2979,t3_32dzr6,t1_cqabzcm,t1_cqavot8,0.27586206896551724,0.36764705882352944,-0.0917849898580122
p_2980,t3_32dzr6,t1_cqabzdy,t1_cqavot8,0.34210526315789475,0.36764705882352944,-0.025541795665634692
p_2981,t3_32cuug,t1_cqa2kcg,t1_cqamp4r,0.31906614785992216,0.4146341463414634,-0.09556799848154124
p_2985,t3_32br6b,t1_cq9r1xc,t1_cq9xojx,0.3162393162393162,0.37,-0.05376068376068377
p_2987,t3_3295fa,t1_cq95v66,t1_cq97eov,0.027613412228796843,0.025423728813559324,0.0021896834152375193
p_2989,t3_328mdv,t1_cq8wilr,t1_cq8wllc,0.3364485981308411,0.4230769230769231,-0.08662832494608197
p_2990,t3_328mdv,t1_cq90btb,t1_cq8xsei,0.20532319391634982,0.2847222222222222,-0.0793990283058724
p_2991,t3_328mdv,t1_cq924w9,t1_cq8wmf8,0.26229508196721313,0.23741007194244604,0.02488501002476709
p_2992,t3_328mdv,t1_cq962cf,t1_cq909zj,0.32954545454545453,0.2903225806451613,0.03922287390029322
p_2993,t3_328cqj,t1_cq8twul,t1_cq8u7k8,0.26506024096385544,0.26717557251908397,-0.002115331555228528
p_2994,t3_328cqj,t1_cq8u123,t1_cq8vtom,0.24166666666666667,0.3673469387755102,-0.12568027210884355
p_2995,t3_328cqj,t1_cq8urjg,t1_cq8uwgb,0.2830188679245283,0.3582089552238806,-0.07519008729935228
p_2996,t3_325owi,t1_cq85rgn,t1_cq85o61,0.5,0.4942528735632184,0.005747126436781602
p_2997,t3_324yj6,t1_cq7zfq6,t1_cq8dhwu,0.25943396226415094,0.42168674698795183,-0.1622527847238009
p_2998,t3_3247v7,t1_cq81v9f,t1_cq7q1h2,0.27765726681127983,0.4269005847953216,-0.14924331798404178
p_2999,t3_3247v7,t1_cq7rkyr,t1_cq7q1h2,0.4722222222222222,0.4269005847953216,0.045321637426900596
p_3001,t3_321v5o,t1_cq7b3vb,t1_cq75mj1,0.28502415458937197,0.4470588235294118,-0.16203466894003982
p_3004,t3_320ncw,t1_cq6vyp0,t1_cq6qa48,0.29931972789115646,0.4090909090909091,-0.10977118119975265
p_3005,t3_320ncw,t1_cq6qbjc,t1_cq7attb,0.41237113402061853,0.41346153846153844,-0.001090404440919901
p_3006,t3_320cdd,t1_cq6n5nk,t1_cq6tjhk,0.2727272727272727,0.1509433962264151,0.12178387650085762
p_3007,t3_320ag4,t1_cq6qvbi,t1_cq73ikh,0.21105527638190955,0.29545454545454547,-0.08439926907263592
p_3008,t3_31z0jc,t1_cq6cink,t1_cq6dcu3,0.288135593220339,0.3404255319148936,-0.052289938694554616
p_3009,t3_31z0jc,t1_cq6elfk,t1_cq6fijn,0.27167630057803466,0.2647058823529412,0.006970418225093478
p_3010,t3_31y24o,t1_cq6353c,t1_cq69x2n,0.15846994535519127,0.19047619047619047,-0.0320062451209992
p_3013,t3_31tru7,t1_cq4z6e3,t1_cq4ypy8,0.42857142857142855,0.4675324675324675,-0.038961038961038974
p_3015,t3_31pc9q,t1_cq3qpv3,t1_cq3pcmq,0.4083333333333333,0.44155844155844154,-0.03322510822510821
p_3016,t3_31p2g2,t1_cq3sydv,t1_cq3oxs7,0.17772511848341233,0.21893491124260356,-0.04120979275919123
p_3017,t3_31p0pl,t1_cq3n1ay,t1_cq3nys0,0.36283185840707965,0.4574468085106383,-0.09461495010355864
p_3020,t3_31oejp,t1_cq3gtyk,t1_cq3t550,0.1956521739130435,0.23076923076923078,-0.035117056856187295
p_3021,t3_31oejp,t1_cq462r7,t1_cq3zns0,0.20689655172413793,0.3114754098360656,-0.10457885811192766
p_3022,t3_31ocvw,t1_cq3fcas,t1_cq3hias,0.4,0.25,0.15000000000000002
p_3024,t3_31n763,t1_cq339uk,t1_cq33n1j,0.45,0.34523809523809523,0.10476190476190478
p_3026,t3_31m7ag,t1_cq2w03g,t1_cq2v22k,0.25252525252525254,0.35185185185185186,-0.09932659932659932
p_3027,t3_31kfkt,t1_cq2ethi,t1_cq38ca1,0.6376811594202898,0.4431818181818182,0.19449934123847162
p_3028,t3_31kfkt,t1_cq2m1cu,t1_cq2q8ub,0.3360655737704918,0.3728813559322034,-0.03681578216171161
p_3029,t3_31kfkt,t1_cq2iwml,t1_cq2xd07,0.34375,0.5576923076923077,-0.2139423076923077
p_3031,t3_31j4y8,t1_cq2dy2t,t1_cq2seqm,0.25949367088607594,0.43820224719101125,-0.1787085763049353
p_3032,t3_31iyzr,t1_cq20phi,t1_cq241hx,0.36054421768707484,,
p_3033,t3_31iyzr,t1_cq2hqkc,t1_cq2ggm1,0.3916083916083916,0.38317757009345793,0.008430821514933684
p_3034,t3_31extq,t1_cq0xwpm,t1_cq0zj18,0.3137254901960784,0.18861209964412812,0.1251133905519503
p_3036,t3_319lcf,t1_cpzoe1h,t1_cpzou3x,0.391304347826087,0.3620689655172414,0.029235382308845592
p_3038,t3_317c4q,t1_cpz4dkk,t1_cq08xc2,0.22916666666666666,0.20833333333333334,0.020833333333333315
p_3039,t3_316t8m,t1_cpz81dp,t1_cpz1tm8,0.22302158273381295,0.44871794871794873,-0.22569636598413578
p_3043,t3_30zgez,t1_cpx91x7,t1_cpx8d30,0.5616438356164384,0.44642857142857145,0.11521526418786693
p_3046,t3_30uf3s,t1_cpvyas0,t1_cpvxc6j,0.3051948051948052,0.33962264150943394,-0.03442783631462876
p_3047,t3_30rmk0,t1_cpv7mht,t1_cpv6fnx,0.28205128205128205,0.24528301886792453,0.03676826318335752
p_3048,t3_30rk8b,t1_cpv5sfc,t1_cpvae5t,0.3591549295774648,0.375,-0.01584507042253519
p_3051,t3_30plxu,t1_cpumi9h,t1_cpv3rnn,0.1881720430107527,0.25396825396825395,-0.06579621095750127
p_3052,t3_30plxu,t1_cpusr84,t1_cpvc5cu,0.29333333333333333,0.35555555555555557,-0.062222222222222234
p_3053,t3_30piom,t1_cpuvrbx,t1_cpuk6e9,0.2468354430379747,0.35365853658536583,-0.10682309354739114
p_3054,t3_30piom,t1_cpukcf7,t1_cpuk6e9,0.2046783625730994,0.35365853658536583,-0.14898017401226643
p_3055,t3_30oi71,t1_cpudcxf,t1_cpuhqza,0.6764705882352942,0.7662337662337663,-0.08976317799847211
p_3056,t3_30oi71,t1_cpudthh,t1_cpuin82,0.5264483627204031,0.5622775800711743,-0.03582921735077127
p_3057,t3_30oi71,t1_cpufpbf,t1_cpuh9jr,0.594059405940594,0.6209150326797386,-0.026855626739144545
p_3058,t3_30oi71,t1_cpumucv,t1_cpubj6z,0.6989247311827957,0.8082191780821918,-0.10929444689939605
p_3059,t3_30nwta,t1_cpu5jus,t1_cpufh76,0.24193548387096775,0.22727272727272727,0.014662756598240484
p_3060,t3_30lwfn,t1_cptlz3s,t1_cpu097g,0.631578947368421,0.6046511627906976,0.02692778457772338
p_3061,t3_30kxn3,t1_cptgjwa,t1_cptkn0r,0.3466666666666667,0.4915254237288136,-0.1448587570621469
p_3062,t3_30kxn3,t1_cpud2ds,t1_cpuj9yz,0.3888888888888889,0.43956043956043955,-0.05067155067155066
p_3064,t3_30ikr2,t1_cpssgy6,t1_cpstqu7,0.4628099173553719,0.3727810650887574,0.0900288522666145
p_3066,t3_30ijtn,t1_cpsuz6r,t1_cptjxj0,0.19333333333333333,0.21904761904761905,-0.025714285714285717
p_3067,t3_30ijtn,t1_cpsvg1e,t1_cpt2lkh,0.208,0.18125,0.026749999999999996
p_3069,t3_30ieon,t1_cpspikm,t1_cpspmsa,0.3076923076923077,0.3269230769230769,-0.019230769230769218
p_3070,t3_30ieon,t1_cpsqhcv,t1_cpsr9x0,0.30158730158730157,0.23728813559322035,0.06429916599408123
p_3071,t3_30ieon,t1_cpsq3bq,t1_cpsptk3,0.20253164556962025,0.20121951219512196,0.0013121333744982866
p_3072,t3_30ieon,t1_cpssq8c,t1_cpsr9x0,0.48,0.23728813559322035,0.24271186440677964
p_3073,t3_30ieh0,t1_cpss8ht,t1_cpsq8hn,0.3695652173913043,0.41509433962264153,-0.045529122231337205
p_3074,t3_30dwuy,t1_cprwysn,t1_cprwrn8,0.18205128205128204,0.2571428571428571,-0.07509157509157507
p_3075,t3_30dwuy,t1_cprim4b,t1_cpris3v,0.39603960396039606,0.3626373626373626,0.03340224132303343
p_3076,t3_30dwuy,t1_cps4x4a,t1_cprittq,0.5352112676056338,0.5238095238095238,0.01140174379610992
p_3077,t3_30dn4s,t1_cpri1a1,t1_cprghef,0.3333333333333333,0.35714285714285715,-0.023809523809523836
p_3078,t3_30dc3y,t1_cpreini,t1_cprdlqm,0.23178807947019867,0.2987012987012987,-0.06691321923110002
p_3079,t3_30dc3y,t1_cprho0c,t1_cprczq0,0.29411764705882354,0.36363636363636365,-0.06951871657754011
p_3080,t3_30bmbr,t1_cpqwrqy,t1_cpqwt64,0.23076923076923078,0.22826086956521738,0.002508361204013404
p_3081,t3_30bmbr,t1_cpqx53s,t1_cpsdnqv,0.22340425531914893,0.27906976744186046,-0.055665512122711536
p_3082,t3_30bmbr,t1_cpr9rhs,t1_cpr0he2,0.30666666666666664,0.2066115702479339,0.10005509641873275
p_3083,t3_30bmbr,t1_cprfcjr,t1_cpr0he2,0.2222222222222222,0.2066115702479339,0.01561065197428832
p_3084,t3_30bmbr,t1_cpqx6q7,t1_cpr0he2,0.22826086956521738,0.2066115702479339,0.021649299317283488
p_3085,t3_30bmbr,t1_cpqxz84,t1_cpr0he2,0.22077922077922077,0.2066115702479339,0.01416765053128688
p_3086,t3_30bmbr,t1_cpqwxxi,t1_cpr0he2,0.1286549707602339,0.2066115702479339,-0.07795659948769998
p_3087,t3_30addl,t1_cpqlm0n,t1_cpqmxt8,0.22826086956521738,0.2571428571428571,-0.02888198757763974
p_3088,t3_30abxj,t1_cpql1jr,t1_cpqkw2q,0.44339622641509435,0.4520547945205479,-0.008658568105453568
p_3089,t3_30a5zk,t1_cpqjney,t1_cpqkg7f,0.3448275862068966,0.34972677595628415,-0.004899189749387578
p_3090,t3_309gc1,t1_cpr1ni1,t1_cpqcrp3,0.11567164179104478,0.1488095238095238,-0.03313788201847903
p_3091,t3_309bvo,t1_cpqqtlm,t1_cpqbaln,0.475,0.42201834862385323,0.05298165137614674
p_3093,t3_306owt,t1_cppof4n,t1_cpq6ae3,0.4444444444444444,0.5454545454545454,-0.101010101010101
p_3094,t3_306o9o,t1_cpq1gb9,t1_cpqt20q,0.379746835443038,0.45,-0.07025316455696201
p_3095,t3_306jm9,t1_cppkm2t,t1_cppkw7s,0.35135135135135137,0.3007518796992481,0.05059947165210327
p_3096,t3_306b19,t1_cppjkxe,t1_cppv03t,0.27380952380952384,0.25311203319502074,0.0206974906145031
p_3097,t3_306b19,t1_cppt43v,t1_cppiyoy,0.42592592592592593,0.36046511627906974,0.06546080964685619
p_3098,t3_305ejo,t1_cppptb8,t1_cppbmsd,0.5752212389380531,0.4838709677419355,0.0913502711961176
p_3099,t3_304vk8,t1_cpp4467,t1_cpp4mqn,0.32894736842105265,0.612565445026178,-0.2836180766051254
p_3100,t3_304vk8,t1_cpp57rx,t1_cpp6nth,0.3475609756097561,0.4666666666666667,-0.1191056910569106
p_3102,t3_304vk8,t1_cpp5fv2,t1_cppe5uc,0.45263157894736844,0.45161290322580644,0.0010186757215620013
p_3104,t3_304nx9,t1_cpp3be4,t1_cppcie7,0.3953488372093023,0.4090909090909091,-0.01374207188160681
p_3105,t3_302atl,t1_cponldu,t1_cpogvf1,0.2551440329218107,0.4157303370786517,-0.160586304156841
p_3106,t3_302atl,t1_cpom4hm,t1_cpoj5rs,0.36283185840707965,0.4788732394366197,-0.11604138102954004
p_3107,t3_301n6h,t1_cpolqex,t1_cpoikva,0.2616822429906542,0.39195979899497485,-0.13027755600432067
p_3108,t3_301aim,t1_cpo9ccq,t1_cpoaljq,0.19140625,0.34,-0.14859375000000002
p_3109,t3_300pmw,t1_cpo5gbr,t1_cpo0aso,0.3490566037735849,0.41346153846153844,-0.06440493468795355
p_3110,t3_30059g,t1_cpo18q6,t1_cpo1wjy,0.23834196891191708,0.37349397590361444,-0.13515200699169735
p_3111,t3_30059g,t1_cpo9jne,t1_cppa1ar,0.1671388101983003,0.35398230088495575,-0.18684349068665546
p_3113,t3_3002wd,t1_cpnx795,t1_cpo9jc4,0.25842696629213485,0.35064935064935066,-0.0922223843572158
p_3115,t3_2zxa1c,t1_cpn5f5x,t1_cpn5ksl,0.2847682119205298,0.3546099290780142,-0.06984171715748438
p_3117,t3_2zwjql,t1_cpmyqyw,t1_cpmyrsa,0.34057971014492755,0.32857142857142857,0.01200828157349898
p_3118,t3_2zpo9g,t1_cpl6qj2,t1_cplbwrd,0.24031007751937986,0.4691358024691358,-0.22882572494975592
p_3122,t3_2zpo9g,t1_cpl8ybn,t1_cpl4rwr,0.38095238095238093,0.24725274725274726,0.13369963369963367
p_3123,t3_2zpo9g,t1_cplrjw9,t1_cpl4rwr,0.24193548387096775,0.24725274725274726,-0.005317263381779513
p_3119,t3_2zpo9g,t1_cpl854i,t1_cpl7tlw,0.2695035460992908,0.3263157894736842,-0.056812243374393445
p_3121,t3_2zpo9g,t1_cpl8iis,t1_cplq1xf,0.2043343653250774,0.2247191011235955,-0.0203847357985181
p_3124,t3_2zp1g2,t1_cpkyv4o,t1_cpl0p62,0.25396825396825395,0.3548387096774194,-0.10087045570916542
p_3125,t3_2zow2m,t1_cpl22pp,t1_cpkxsis,0.18867924528301888,0.24620060790273557,-0.05752136261971669
p_3126,t3_2znn1r,t1_cpkp3j2,t1_cpkoqed,0.25653206650831356,0.3225806451612903,-0.06604857865297675
p_3127,t3_2zlzlv,t1_cpk8hwi,t1_cpk6a3p,0.47368421052631576,0.5961538461538461,-0.12246963562753038
p_3128,t3_2zlzlv,t1_cpk93ep,t1_cpk6a3p,0.3630573248407643,0.5961538461538461,-0.23309652131308184
p_3129,t3_2zkscb,t1_cpjt71i,t1_cpjth0r,0.4772727272727273,0.453125,0.024147727272727293
p_3130,t3_2zke3b,t1_cpjq913,t1_cpktfa4,0.2125,0.2777777777777778,-0.0652777777777778
p_3131,t3_2zj7ra,t1_cpjeo7s,t1_cpjezx4,0.26717557251908397,0.27049180327868855,-0.003316230759604577
p_3132,t3_2zivuy,t1_cpjd5bs,t1_cpjkvlu,0.12195121951219512,0.1782178217821782,-0.05626660226998309
p_3135,t3_2ziiud,t1_cpjgxr8,t1_cpjahut,0.4421768707482993,0.46788990825688076,-0.02571303750858145
p_3138,t3_2zi3o2,t1_cpj9uww,t1_cpj94l8,0.3144208037825059,0.432,-0.11757919621749408
p_3139,t3_2zhhcc,t1_cpixs4l,t1_cpiyfa2,0.25,0.22794117647058823,0.02205882352941177
p_3141,t3_2zhhcc,t1_cpj0ejq,t1_cpiyco1,0.1297709923664122,0.2426470588235294,-0.1128760664571172
p_3140,t3_2zhhcc,t1_cpizz9m,t1_cpiyxlc,0.26785714285714285,0.3953488372093023,-0.12749169435215946
p_3143,t3_2zhaim,t1_cpix9ia,t1_cpivskg,0.34782608695652173,0.49107142857142855,-0.14324534161490682
p_3144,t3_2zgvgy,t1_cpissdd,t1_cpirsph,0.4146341463414634,0.4634146341463415,-0.04878048780487809
p_3145,t3_2zgowg,t1_cpiuav4,t1_cpiq1oq,0.2912621359223301,0.34,-0.048737864077669946
p_3146,t3_2zgndx,t1_cpiqn17,t1_cpj5r70,0.31496062992125984,0.2891566265060241,0.025804003415235754
p_3149,t3_2zgan1,t1_cpiqsg0,t1_cpimxfr,0.5170068027210885,0.4666666666666667,0.05034013605442178
p_3150,t3_2zflih,t1_cpih4fg,t1_cpih5fr,0.21008403361344538,0.2558139534883721,-0.04572991987492672
p_3152,t3_2zejsa,t1_cpi6gay,t1_cpi6o6i,0.375,0.3368421052631579,0.03815789473684211
p_3154,t3_2zdsjs,t1_cpidnuu,t1_cphz7yi,0.2743362831858407,0.3146067415730337,-0.04027045838719301
p_3155,t3_2zdsjs,t1_cpiftnl,t1_cpi0g46,0.17717717717717718,0.184,-0.006822822822822816
p_3156,t3_2zdhff,t1_cphy235,t1_cphw99k,0.16923076923076924,0.20689655172413793,-0.03766578249336869
p_3158,t3_2zaqct,t1_cph7lsp,t1_cph6x3y,0.19548872180451127,0.26582278481012656,-0.07033406300561529
p_3160,t3_2z2msj,t1_cpfd4uy,t1_cpf7g2a,0.4155844155844156,0.3633440514469453,0.052240364137470297
p_3161,t3_2z2e9y,t1_cpf2whk,t1_cpf8cro,0.2248062015503876,0.2948717948717949,-0.07006559332140727
p_3162,t3_2z1yoq,t1_cpezn48,t1_cpezlhg,0.14634146341463414,0.15,-0.003658536585365857
p_3163,t3_2z1yoq,t1_cpf0qg3,t1_cpezlhg,0.21641791044776118,0.15,0.06641791044776119
p_3164,t3_2z0k1s,t1_cpeslkw,t1_cpeslxz,0.26865671641791045,0.4931506849315068,-0.22449396851359638
p_3167,t3_2ywkr1,t1_cpdxs52,t1_cpdmm80,0.39444444444444443,0.43636363636363634,-0.04191919191919191
p_3168,t3_2ytkfu,t1_cpcu8rh,t1_cpd1eku,0.3076923076923077,0.2545454545454545,0.05314685314685319
p_3169,t3_2ytkfu,t1_cpctmwq,t1_cpcxopb,0.21875,0.20833333333333334,0.010416666666666657
p_3170,t3_2yszp3,t1_cpcsn2z,t1_cpcuf7e,0.1091703056768559,0.13106796116504854,-0.02189765548819264
p_3171,t3_2yrv0y,t1_cpcgnrg,t1_cpced64,0.24915824915824916,0.33725490196078434,-0.08809665280253517
p_3172,t3_2yrv0y,t1_cpcjpjf,t1_cpced64,0.4036144578313253,0.33725490196078434,0.06635955587054099
p_3174,t3_2yrv0y,t1_cpclzng,t1_cpced64,0.39416058394160586,0.33725490196078434,0.05690568198082152
p_3173,t3_2yrv0y,t1_cpcjvrd,t1_cpcgmdh,0.37423312883435583,0.5471698113207547,-0.17293668248639887
p_3175,t3_2yrog1,t1_cpcgl5a,t1_cpch611,0.27419354838709675,0.4883720930232558,-0.21417854463615904
p_3177,t3_2yrgi3,t1_cpcaxrs,t1_cpcbda3,0.5340909090909091,0.4429223744292237,0.09116853466168534
p_3178,t3_2yp08w,t1_cpblyoq,t1_cpbm3vx,0.4423076923076923,0.38271604938271603,0.05959164292497626
p_3179,t3_2yowak,t1_cpbktny,t1_cpbk5kw,0.40540540540540543,0.5,-0.09459459459459457
p_3181,t3_2yo9nm,t1_cpbgpkf,t1_cpbjpt4,0.2995391705069124,0.34710743801652894,-0.04756826750961651
p_3182,t3_2yo9k1,t1_cpbhs8l,t1_cpberxa,0.23550724637681159,0.3783783783783784,-0.14287113200156681
p_3184,t3_2ymgjr,t1_cpax7jo,t1_cpax3xp,0.6371681415929203,0.6444444444444445,-0.007276302851524141
p_3186,t3_2ylpc2,t1_cparq20,t1_cpbnfyg,0.2773722627737226,0.3113207547169811,-0.033948491943258496
p_3187,t3_2ylpc2,t1_cpb3atq,t1_cpb6ctl,0.23129251700680273,0.2393617021276596,-0.008069185120856859
p_3188,t3_2ylpc2,t1_cpbibr5,t1_cpas8xx,0.3020833333333333,0.3404255319148936,-0.038342198581560294
p_3190,t3_2yjfmh,t1_cpa36dq,t1_cpa3an8,0.19424460431654678,0.35555555555555557,-0.1613109512390088
p_3191,t3_2yiq39,t1_cpa9xce,t1_cpa631o,0.24390243902439024,0.27472527472527475,-0.03082283570088451
p_3192,t3_2yf7qq,t1_cp99lvc,t1_cp93f2r,0.15035799522673032,0.328125,-0.17776700477326968
p_3193,t3_2yd5o8,t1_cp8vpwz,t1_cp958ck,0.1778846153846154,0.375,-0.1971153846153846
p_3195,t3_2ybbix,t1_cp82nwy,t1_cp82f52,0.35384615384615387,0.41379310344827586,-0.05994694960212199
p_3197,t3_2y7emy,t1_cp7dtp8,t1_cp6zfsl,0.23076923076923078,0.3181818181818182,-0.0874125874125874
p_3198,t3_2y3ey0,t1_cp602x0,t1_cp5xnrf,0.3474576271186441,0.46153846153846156,-0.11408083441981748
p_3200,t3_2y2x3h,t1_cp7ahf4,t1_cp5u0ky,0.30303030303030304,0.4252336448598131,-0.12220334182951004
p_3202,t3_2y1qef,t1_cp5gz36,t1_cp5f7p9,0.2663316582914573,0.21243523316062177,0.05389642513083551
p_3203,t3_2y1qef,t1_cp5grqp,t1_cp5h19u,0.3181818181818182,0.35537190082644626,-0.037190082644628086
p_3206,t3_2xucsd,t1_cp3kg1w,t1_cp40o0d,0.3333333333333333,0.30985915492957744,0.023474178403755874
p_3209,t3_2xrgw2,t1_cp37nug,t1_cp2vkvv,0.21764705882352942,0.352112676056338,-0.1344656172328086
p_3210,t3_2xrgw2,t1_cp37f33,t1_cp2xn1u,0.21341463414634146,0.21717171717171718,-0.0037570830253757237
p_3213,t3_2xmiyf,t1_cp1j8w5,t1_cp1iumq,0.373015873015873,0.37894736842105264,-0.005931495405179621
p_3214,t3_2xmiyf,t1_cp1jnin,t1_cp1g0ku,0.4897959183673469,0.48514851485148514,0.004647403515861792
p_3215,t3_2xlisq,t1_cp1abkg,t1_cp1754z,0.3548387096774194,0.3125,0.04233870967741937
p_3216,t3_2xl4rw,t1_cp15lwr,t1_cp11sf7,0.1595744680851064,0.2074074074074074,-0.04783293932230101
p_3218,t3_2xi4wd,t1_cp0ef5z,t1_cp0slmn,0.43,0.5357142857142857,-0.1057142857142857
p_3219,t3_2xi4wd,t1_cp0fl3c,t1_cp0bc52,0.5306122448979592,0.39705882352941174,0.13355342136854748
p_3220,t3_2xi4wd,t1_cp0t5wj,t1_cp0kyaf,0.4393939393939394,0.35555555555555557,0.08383838383838382
p_3222,t3_2xhx6v,t1_cp0bt5j,t1_cp08ljs,0.30666666666666664,0.48484848484848486,-0.17818181818181822
p_3224,t3_2xdq2l,t1_coz8sbl,t1_coz76r3,0.38405797101449274,0.32926829268292684,0.054789678331565894
p_3230,t3_2x8z4g,t1_coxy4hg,t1_coxyxff,0.4318181818181818,0.23404255319148937,0.19777562862669246
p_3231,t3_2x8z4g,t1_coy04h5,t1_coy2j1k,0.3469387755102041,0.3333333333333333,0.013605442176870763
p_3232,t3_2x8d5x,t1_coxvk7s,t1_coxt9pp,0.15079365079365079,0.31645569620253167,-0.16566204540888088
p_3233,t3_2x854p,t1_coxwtm2,t1_coy1knj,0.16876574307304787,0.2785388127853881,-0.10977306971234024
p_3234,t3_2x854p,t1_coxtndh,t1_coy1knj,0.17094017094017094,0.2785388127853881,-0.10759864184521717
p_3235,t3_2x5tun,t1_coxelmy,t1_coxhqfc,0.3867924528301887,0.5294117647058824,-0.14261931187569366
p_3241,t3_2x3mqe,t1_cown511,t1_cox3bqe,0.2254335260115607,0.3235294117647059,-0.0980958857531452
p_3244,t3_2wzag2,t1_covh1ws,t1_covh7lg,0.4166666666666667,0.52,-0.10333333333333333
p_3245,t3_2wwm6s,t1_cousnad,t1_couzrzu,0.14903846153846154,0.1348314606741573,0.014207000864304237
p_3246,t3_2wwm6s,t1_cov25ri,t1_couwhek,0.11739130434782609,0.20175438596491227,-0.08436308161708618
p_3247,t3_2wwm6s,t1_covr47l,t1_covi6v6,0.0893719806763285,0.08767772511848342,0.0016942555578450813
p_3248,t3_2ww2gf,t1_coumecu,t1_coupssh,0.3076923076923077,0.29120879120879123,0.01648351648351648
p_3249,t3_2ww2gf,t1_coumzr3,t1_coun5bz,0.30392156862745096,0.44285714285714284,-0.13893557422969188
p_3250,t3_2ww2gf,t1_coupfz0,t1_counjd7,0.3055555555555556,0.33766233766233766,-0.032106782106782084
p_3252,t3_2wtckq,t1_cotyhdv,t1_cotxl7k,0.4461538461538462,0.45569620253164556,-0.009542356377799377
p_3253,t3_2wtckq,t1_coty9wt,t1_cotxl7k,0.30097087378640774,0.45569620253164556,-0.1547253287452378
p_3251,t3_2wtckq,t1_coty7wj,t1_cotxl7k,0.36363636363636365,0.45569620253164556,-0.09205983889528191
p_3256,t3_2wspy2,t1_cots6nh,t1_cotul63,0.297029702970297,0.35135135135135137,-0.054321648381054355
p_3257,t3_2wspy2,t1_cotrm84,t1_cou6ocd,0.3391304347826087,0.5476190476190477,-0.208488612836439
p_3258,t3_2wspy2,t1_cotslxs,t1_cotul63,0.2430939226519337,0.35135135135135137,-0.10825742869941768
p_3259,t3_2wspy2,t1_cou8if8,t1_cottxbc,0.34782608695652173,0.33695652173913043,0.010869565217391297
p_3262,t3_2wl741,t1_cos0ngi,t1_corvz2b,0.125,0.288135593220339,-0.163135593220339
p_3263,t3_2wj2qe,t1_corgf7j,t1_corcu44,0.1337579617834395,0.2328042328042328,-0.0990462710207933
p_3265,t3_2wgq7w,t1_coqolb4,t1_coqta6c,0.17094017094017094,0.12043795620437957,0.050502214735791376
p_3266,t3_2wfe25,t1_coqawpy,t1_coqc7s9,0.28,0.4246575342465753,-0.1446575342465753
p_3267,t3_2wf11t,t1_coq7vrq,t1_coq82am,0.25,0.26582278481012656,-0.015822784810126556
p_3268,t3_2wf11t,t1_corlylz,t1_coq82am,0.17857142857142858,0.26582278481012656,-0.08725135623869798
p_3270,t3_2wcx6l,t1_copog5z,t1_copo9fg,0.5405405405405406,0.5256410256410257,0.01489951489951491
p_3271,t3_2wcx6l,t1_copowc4,t1_copoa4v,0.4010989010989011,0.5447761194029851,-0.14367721830408398
p_3272,t3_2wcx6l,t1_copq0ro,t1_copo9fg,0.5555555555555556,0.5256410256410257,0.02991452991452992
p_3273,t3_2wc5yt,t1_copid03,t1_copia1s,0.2662337662337662,0.3380281690140845,-0.07179440278031829
p_3274,t3_2wb845,t1_copm7s7,t1_copoz9h,0.5,0.5106382978723404,-0.010638297872340385
p_3275,t3_2w73vi,t1_coo9czm,t1_coo5eto,0.18064516129032257,0.39622641509433965,-0.21558125380401708
p_3276,t3_2w5ycw,t1_conwntb,t1_coo1wjv,0.24375,0.3188405797101449,-0.0750905797101449
p_3279,t3_2w51ti,t1_conqpc0,t1_conu1n5,0.29775280898876405,0.3684210526315789,-0.07066824364281488
p_3282,t3_2w4u2j,t1_conpvd6,t1_coo2owl,0.21686746987951808,0.27848101265822783,-0.06161354277870976
p_3283,t3_2w4etw,t1_conlvbr,t1_conk598,0.3142857142857143,0.3108108108108108,0.003474903474903479
p_3284,t3_2w4e2u,t1_conpgz6,t1_conybza,0.17404129793510326,0.3275862068965517,-0.15354490896144846
p_3285,t3_2w0xan,t1_comot8c,t1_comm43e,0.4,0.3333333333333333,0.06666666666666671
p_3287,t3_2vzx7m,t1_comdev9,t1_comd7eb,0.41346153846153844,0.47368421052631576,-0.06022267206477733
p_3288,t3_2vxtol,t1_colviyq,t1_com0vy0,0.21052631578947367,0.19786096256684493,0.012665353222628739
p_3289,t3_2vxd18,t1_com8usv,t1_colq917,0.24043715846994534,0.3246753246753247,-0.08423816620537933
p_3290,t3_2vxd18,t1_colwsdb,t1_colrkuv,0.23684210526315788,0.35398230088495575,-0.11714019562179787
p_3291,t3_2vwn9m,t1_colkgfu,t1_coljf0b,0.21621621621621623,0.2595419847328244,-0.04332576851660819
p_3295,t3_2vtswv,t1_cokxnxq,t1_cokvvwj,0.375,0.3793103448275862,-0.004310344827586188
p_3299,t3_2vnyz6,t1_cojodl0,t1_cojlnsv,0.37,0.3577981651376147,0.012201834862385297
p_3300,t3_2vmfvq,t1_coj80q1,t1_coj81nh,0.24324324324324326,0.3116883116883117,-0.06844506844506842
p_3301,t3_2vks7u,t1_coilce0,t1_coijwtu,0.15789473684210525,0.23595505617977527,-0.07806031933767002
p_3303,t3_2vks7u,t1_coitx3o,t1_coin5gm,0.20207253886010362,0.288,-0.08592746113989636
p_3304,t3_2vks7u,t1_cojb022,t1_coiskjc,0.30303030303030304,0.37142857142857144,-0.0683982683982684
p_3305,t3_2vhhar,t1_cohoh2a,t1_cohtbiq,0.384,0.47413793103448276,-0.09013793103448275
p_3307,t3_2vhgab,t1_cohtk17,t1_cohodzj,0.3854166666666667,0.3770491803278688,0.008367486338797858
p_3308,t3_2vgfjl,t1_cohjcql,t1_cohe4zu,0.3508771929824561,0.453125,-0.10224780701754388
p_3309,t3_2vfdjb,t1_coh87xk,t1_coihv1q,0.4782608695652174,0.5858585858585859,-0.10759771629336845
p_3310,t3_2vcz0j,t1_cogkf1c,t1_cogkxsx,0.5037037037037037,0.4909090909090909,0.012794612794612747
p_3311,t3_2vc9nj,t1_cogd61z,t1_cogex21,0.3125,0.22758620689655173,0.08491379310344827
p_3312,t3_2vb7n1,t1_cog7zan,t1_cojqi77,0.17692307692307693,0.12363636363636364,0.05328671328671329
p_3313,t3_2vayhb,t1_cog0004,t1_cog18c4,0.23404255319148937,0.2185430463576159,0.015499506833873467
p_3317,t3_2v54ba,t1_coeixh4,t1_coemcyd,0.25984251968503935,0.2388888888888889,0.020953630796150452
p_3320,t3_2v54ba,t1_coeiwgf,t1_coeno30,0.4,0.4230769230769231,-0.02307692307692305
p_3321,t3_2v4vs4,t1_coeisbz,t1_coenx4c,0.25,0.20967741935483872,0.04032258064516128
p_3322,t3_2v3dbt,t1_coeuya9,t1_coe54na,0.2623762376237624,0.3877551020408163,-0.12537886441705393
p_3323,t3_2v3b2v,t1_coe2hj4,t1_coe3kad,0.2753623188405797,0.2871287128712871,-0.011766394030707394
p_3324,t3_2v3b2v,t1_coe3dx6,t1_coe41ib,0.1568627450980392,0.27049180327868855,-0.11362905818064933
p_3326,t3_2uzgtq,t1_coda73s,t1_codi9w9,0.1721311475409836,0.25,-0.0778688524590164
p_3327,t3_2uyf2j,t1_cocy4sv,t1_cocts31,0.22058823529411764,0.23076923076923078,-0.010180995475113142
p_3328,t3_2uyc2l,t1_codgr1k,t1_cod6jiu,0.38392857142857145,0.4716981132075472,-0.08776954177897572
p_3330,t3_2uudze,t1_cobt14z,t1_cobzyv2,0.1861198738170347,0.3485714285714286,-0.16245155475439388
p_3331,t3_2utwnf,t1_cobnk6q,t1_cobujy3,0.3188405797101449,0.3333333333333333,-0.014492753623188415
p_3335,t3_2uocbs,t1_coa6e3k,t1_coa6g1k,0.2215909090909091,0.22727272727272727,-0.005681818181818177
p_3339,t3_2unn7n,t1_coa4d4b,t1_co9zgj7,0.5089285714285714,0.6521739130434783,-0.14324534161490687
p_3341,t3_2unkg9,t1_co9z0gg,t1_coa3lkt,0.5189873417721519,0.4338235294117647,0.08516381236038717
p_3342,t3_2unkg9,t1_coadcvv,t1_coaqczi,0.4552238805970149,0.5408163265306123,-0.08559244593359738
p_3343,t3_2unhtm,t1_coaivyc,t1_coajh6t,0.2532467532467532,0.24621212121212122,0.007034632034632005
p_3344,t3_2umw9b,t1_co9t3iu,t1_co9sw89,0.30275229357798167,0.2695035460992908,0.03324874747869089
p_3345,t3_2umw9b,t1_coa4zj9,t1_co9sudq,0.2222222222222222,0.33663366336633666,-0.11441144114411445
p_3346,t3_2ul1df,t1_co9kcnl,t1_co9c0rj,0.2911392405063291,0.3880597014925373,-0.09692046098620821
p_3347,t3_2uk6fx,t1_co94y3l,t1_co9o182,0.1910828025477707,0.14285714285714285,0.048225659690627865
p_3348,t3_2uk6fx,t1_co9423q,t1_co98hm4,0.2604166666666667,0.2231404958677686,0.037276170798898084
p_3349,t3_2ujo2u,t1_co9an3h,t1_co98y0r,0.47368421052631576,0.28205128205128205,0.19163292847503371
p_3352,t3_2uj4yv,t1_co9ncgk,t1_co8y43y,0.14058355437665782,0.14426229508196722,-0.003678740705309408
p_3353,t3_2uiin1,t1_co8sei3,t1_co8ond6,0.352112676056338,0.40625,-0.054137323943662
p_3354,t3_2uid44,t1_co8o0es,t1_co8s8kd,0.20168067226890757,0.1917808219178082,0.00989985035109936
p_3358,t3_2ug2wi,t1_co82vuw,t1_co834w1,0.36,0.32653061224489793,0.033469387755102054
p_3360,t3_2ucr50,t1_co7790p,t1_co77bgv,0.22794117647058823,0.2727272727272727,-0.04478609625668448
p_3362,t3_2ubt5m,t1_co75rce,t1_co70e85,0.3283582089552239,0.29333333333333333,0.03502487562189055
p_3363,t3_2ubl1z,t1_co6xfgb,t1_co70me4,0.25925925925925924,0.22058823529411764,0.038671023965141604
p_3364,t3_2ubbe0,t1_co73l5g,t1_co6tosu,0.3564356435643564,0.42424242424242425,-0.06780678067806784
p_3367,t3_2u8qcj,t1_co67jc2,t1_co670vd,0.2702702702702703,0.3076923076923077,-0.037422037422037424
p_3368,t3_2u8hi5,t1_co65nrh,t1_co69ood,0.21333333333333335,0.1737704918032787,0.039562841530054654
p_3369,t3_2u7z7v,t1_co5yytr,t1_co63mr3,0.20408163265306123,0.22764227642276422,-0.023560643769702988
p_3371,t3_2u7i4q,t1_co62evd,t1_co5xcqu,0.43548387096774194,0.4409937888198758,-0.005509917852133839
p_3374,t3_2u460b,t1_co4yacj,t1_co5wbvc,0.411214953271028,0.38461538461538464,0.02659956865564339
p_3376,t3_2u2fpm,t1_co4ivor,t1_co4n7du,0.23636363636363636,0.15789473684210525,0.0784688995215311
p_3377,t3_2u2fpm,t1_co4qgkz,t1_co4iks0,0.3829787234042553,0.3392857142857143,0.043693009118541015
p_3378,t3_2u1s4k,t1_co4efyx,t1_co5t3kb,0.11290322580645161,0.1375,-0.0245967741935484
p_3379,t3_2tz5od,t1_co3mhs2,t1_co3mqwu,0.45588235294117646,0.5076923076923077,-0.051809954751131204
p_3381,t3_2txwe7,t1_co3hzuu,t1_co3b93t,0.24074074074074073,0.3368421052631579,-0.09610136452241716
p_3384,t3_2tquws,t1_co1i3vy,t1_co1iyez,0.3082706766917293,0.29523809523809524,0.013032581453634062
p_3385,t3_2tpl0x,t1_co1i4k5,t1_co16br0,0.3192982456140351,0.37222222222222223,-0.05292397660818715
p_3387,t3_2tn8qu,t1_co0jf5s,t1_co11da9,0.35327635327635326,0.40304182509505704,-0.04976547181870378
p_3389,t3_2tlyzs,t1_co0mpip,t1_co0gu67,0.4074074074074074,0.4117647058823529,-0.004357298474945537
p_3388,t3_2tlyzs,t1_co15kpv,t1_co0httm,0.5095238095238095,0.6043956043956044,-0.09487179487179487
p_3390,t3_2tj4pv,t1_cnzy3ou,t1_cnzjggb,0.47368421052631576,0.425,0.048684210526315774
p_3391,t3_2tiipu,t1_cnzc4fs,t1_cnzca9l,0.21951219512195122,0.27972027972027974,-0.06020808459832852
p_3392,t3_2tf0y4,t1_cnz5c7v,t1_cnz2826,0.41379310344827586,0.5068493150684932,-0.09305621162021732
p_3393,t3_2teulf,t1_cnyf7vq,t1_cnyyfu0,0.31843575418994413,0.4,-0.08156424581005589
p_3394,t3_2tet25,t1_cnye2j4,t1_cnydh7a,0.34705882352941175,0.39215686274509803,-0.04509803921568628
p_3395,t3_2tet25,t1_cnyfwsr,t1_cnygkjb,0.30049261083743845,0.33852140077821014,-0.03802878994077169
p_3397,t3_2tekkp,t1_cnyd3k9,t1_cnzrdgm,0.42201834862385323,0.4880952380952381,-0.06607688947138485
p_3398,t3_2td8d4,t1_cny8efd,t1_cny3yi2,0.2857142857142857,0.3225806451612903,-0.036866359447004615
p_3399,t3_2tct9j,t1_cny4adc,t1_cnxvd59,0.2878787878787879,0.26436781609195403,0.023510971786833867
p_3400,t3_2tct9j,t1_cny4b3k,t1_cnxvd59,0.21505376344086022,0.26436781609195403,-0.049314052651093815
p_3402,t3_2t6ote,t1_cnw8hwh,t1_cnwnwz0,0.2620320855614973,0.24583333333333332,0.016198752228164
p_3403,t3_2t6ote,t1_cnwehlh,t1_cnw9vyp,0.3048780487804878,0.30344827586206896,0.0014297729184188368
p_3404,t3_2t5d0k,t1_cnw2fgz,t1_cnw6d8q,0.38164251207729466,0.4782608695652174,-0.09661835748792275
p_3405,t3_2t5d0k,t1_cnw7mj4,t1_cnw9ce5,0.37894736842105264,0.44776119402985076,-0.06881382560879812
p_3406,t3_2t26nx,t1_cnv8j11,t1_cnvag08,0.47540983606557374,0.3783783783783784,0.09703145768719534
p_3407,t3_2sy7r5,t1_cnu0c1p,t1_cnubeuy,0.13333333333333333,0.18382352941176472,-0.05049019607843139
p_3409,t3_2su8e2,t1_cnsz4kn,t1_cnsx5ru,0.4496124031007752,0.5813953488372093,-0.13178294573643412
p_3411,t3_2su8e2,t1_cnt1y8t,t1_cntdr6s,0.5151515151515151,0.514018691588785,0.0011328235627301453
p_3412,t3_2su8e2,t1_cnt845z,t1_cnt8tg7,0.3236363636363636,0.3836734693877551,-0.060037105751391484
p_3413,t3_2su8e2,t1_cnsxgsn,t1_cntprhw,0.4921875,0.45714285714285713,0.03504464285714287
p_3414,t3_2su8e2,t1_cnsxse0,t1_cnsz1rt,0.5087719298245614,0.4225352112676056,0.0862367185569558
p_3415,t3_2su8e2,t1_cnunryh,t1_cnsyy4i,0.3652694610778443,0.4189189189189189,-0.05364945784107461
p_3416,t3_2su8e2,t1_cnt3umh,t1_cnsyin0,0.4897959183673469,0.5737704918032787,-0.08397457343593173
p_3417,t3_2su8e2,t1_cnte5ku,t1_cnt3fdn,0.4462809917355372,0.42857142857142855,0.017709563164108655
p_3419,t3_2su8e2,t1_cntbdmc,t1_cnsyin0,0.4444444444444444,0.5737704918032787,-0.12932604735883424
p_3421,t3_2su8e2,t1_cnt9axw,t1_cnt2iz3,0.41708542713567837,0.5084745762711864,-0.09138914913550805
p_3422,t3_2su8e2,t1_cnt85u7,t1_cntf8xd,0.3884297520661157,0.5263157894736842,-0.1378860374075685
p_3423,t3_2su8e2,t1_cntdvgn,t1_cnsyin0,0.45714285714285713,0.5737704918032787,-0.11662763466042153
p_3424,t3_2su8e2,t1_cnt1ycn,t1_cnt2h0f,0.4117647058823529,0.4563758389261745,-0.04461113304382158
p_3425,t3_2su8e2,t1_cnt4b86,t1_cnsyin0,0.5692307692307692,0.5737704918032787,-0.0045397225725094525
p_3426,t3_2su6pz,t1_cnsuxnr,t1_cntesru,0.36065573770491804,0.27586206896551724,0.08479366873940081
p_3427,t3_2su6pz,t1_cnsv16y,t1_cnt8h1t,0.1791044776119403,0.21014492753623187,-0.031040449924291585
p_3428,t3_2stah2,t1_cnsnfp3,t1_cnso055,0.37894736842105264,0.3490566037735849,0.02989076464746776
p_3429,t3_2sqh6c,t1_cnsh391,t1_cns23nc,0.42857142857142855,0.48201438848920863,-0.053442959917780086
p_3432,t3_2sjck6,t1_cnq11eh,t1_cnq7kou,0.43956043956043955,0.46923076923076923,-0.029670329670329676
p_3433,t3_2siye9,t1_cnpvesh,t1_cnpw7ts,0.21212121212121213,0.2826086956521739,-0.07048748353096176
p_3435,t3_2sf2we,t1_cnp48f2,t1_cnp29jv,0.28402366863905326,0.47297297297297297,-0.1889493043339197
p_3437,t3_2sbnxo,t1_cno05ek,t1_cnnz3ot,0.2109375,0.3088235294117647,-0.09788602941176472
p_3438,t3_2sagug,t1_cnnmwvw,t1_cno8oxd,0.35714285714285715,0.4,-0.04285714285714287
p_3439,t3_2s8qu4,t1_cnn8scl,t1_cnn8yko,0.18781725888324874,0.2196969696969697,-0.03187971081372096
p_3441,t3_2s3ey4,t1_cnlta5w,t1_cnn50va,0.30666666666666664,0.21052631578947367,0.09614035087719297
p_3442,t3_2s38n0,t1_cnltsuz,t1_cnm8elm,0.3064516129032258,0.2972972972972973,0.009154315605928498
p_3443,t3_2s311o,t1_cnlr4r5,t1_cnlpavt,0.26495726495726496,0.36507936507936506,-0.1001221001221001
p_3445,t3_2s0mca,t1_cnlmsyb,t1_cnl4rwb,0.33544303797468356,0.33695652173913043,-0.0015134837644468768
p_3446,t3_2s04yv,t1_cnl68x9,t1_cnldfng,0.24260355029585798,0.39325842696629215,-0.15065487667043417
p_3447,t3_2ryflh,t1_cnknvgl,t1_cnknbq4,0.35064935064935066,0.24761904761904763,0.10303030303030303
p_3449,t3_2rtxcw,t1_cnjo1jr,t1_cnj9t8c,0.2553191489361702,0.1417910447761194,0.1135281041600508
p_3450,t3_2rtxcw,t1_cnjlno1,t1_cnj9t8c,0.13131313131313133,0.1417910447761194,-0.01047791346298807
p_3451,t3_2rspje,t1_cnizgmn,t1_cnj8tea,0.5609756097560976,0.4666666666666667,0.09430894308943094
p_3452,t3_2rsgv3,t1_cniw4jr,t1_cniu655,0.41379310344827586,0.45614035087719296,-0.0423472474289171
p_3454,t3_2rs57a,t1_cnjiwww,t1_cnjrwds,0.24166666666666667,0.16666666666666666,0.07500000000000001
p_3455,t3_2rqvf8,t1_cnii75i,t1_cnijhp3,0.32653061224489793,0.2698412698412698,0.05668934240362811
p_3457,t3_3j8yfq,t1_cundk5r,t1_cunbl8g,0.8165137614678899,0.3967391304347826,0.4197746310331073
p_3458,t3_3j8yfq,t1_cunbkbz,t1_cuncrke,0.4791666666666667,0.46511627906976744,0.01405038759689925
p_3461,t3_3j5b7g,t1_cumhf65,t1_cumi9vr,0.4946808510638298,0.5537190082644629,-0.059038157200633046
p_3462,t3_3j4xz5,t1_cumcunp,t1_cun4urq,0.33707865168539325,0.3474576271186441,-0.010378975433250837
p_3463,t3_3j4xz5,t1_cumbp9z,t1_cun012v,0.4166666666666667,0.345679012345679,0.07098765432098769
p_3465,t3_3j348p,t1_culv71v,t1_cum06j5,0.5526315789473685,0.423728813559322,0.12890276538804646
p_3466,t3_3j2zal,t1_cult31h,t1_culspcu,0.2661290322580645,0.28448275862068967,-0.018353726362625167
p_3469,t3_3izsdq,t1_culv1a1,t1_cul3ok3,0.35135135135135137,0.25,0.10135135135135137
p_3472,t3_3iz617,t1_cul2p8q,t1_culbyou,0.2949640287769784,0.3548387096774194,-0.05987468090044096
p_3473,t3_3iynfo,t1_culekhe,t1_cul3cub,0.09549549549549549,0.17560975609756097,-0.08011426060206547
p_3474,t3_3iymmk,t1_cukv841,t1_cukv8bl,0.5454545454545454,0.34600760456273766,0.19944694089180776
p_3475,t3_3iymd6,t1_cukus68,t1_cuktt0z,0.36809815950920244,0.5692307692307692,-0.20113260972156677
p_3476,t3_3iymd6,t1_cukvhtm,t1_cuktt0z,0.4189189189189189,0.5692307692307692,-0.1503118503118503
p_3479,t3_3ixtu4,t1_cukm93p,t1_cuklqh9,0.16265060240963855,0.23015873015873015,-0.0675081277490916
p_3480,t3_3ixtu4,t1_cukmf21,t1_cukm0pr,0.14948453608247422,0.3220338983050847,-0.1725493622226105
p_3483,t3_3isviu,t1_cujohec,t1_cujcyeh,0.42028985507246375,0.4888888888888889,-0.06859903381642513
p_3484,t3_3isviu,t1_cujddsn,t1_cujfb9o,0.20306513409961685,0.3068181818181818,-0.10375304771856497
p_3485,t3_3irqrk,t1_cuk3web,t1_cuje0x7,0.4649122807017544,0.31343283582089554,0.15147944488085885
p_3486,t3_3irqrk,t1_cujfvvz,t1_cujmo9h,0.3194444444444444,0.2553191489361702,0.06412529550827423
p_3487,t3_3irh3k,t1_cuj0bdo,t1_cuizlek,0.38125,0.5,-0.11875000000000002
p_3488,t3_3iqu4d,t1_cuj1ozx,t1_cuiwucd,0.2981651376146789,0.4230769230769231,-0.12491178546224418
p_3489,t3_3iqty5,t1_cuj86a7,t1_cuj36j4,0.3787878787878788,0.35443037974683544,0.02435749904104334
p_3490,t3_3iq6j0,t1_cuiy6h8,t1_cuj2qp1,0.208,0.20569620253164558,0.002303797468354407
p_3491,t3_3inybw,t1_cui3v06,t1_cuicq4r,0.3793103448275862,0.3185840707964602,0.060726274031126015
p_3492,t3_3injsb,t1_cui5ld0,t1_cui565b,0.19727891156462585,0.45454545454545453,-0.2572665429808287
p_3495,t3_3ijsss,t1_cuh6kys,t1_cuhg7b8,0.21568627450980393,0.2376237623762376,-0.02193748786643368
p_3496,t3_3ijsss,t1_cuh4arm,t1_cuhg7b8,0.20125786163522014,0.2376237623762376,-0.036365900741017476
p_3500,t3_3iammm,t1_cues26b,t1_cueuwm5,0.2524271844660194,0.23270440251572327,0.019722781950296142
p_3501,t3_3iammm,t1_cuete5w,t1_cuerzgs,0.21142857142857144,0.25862068965517243,-0.04719211822660099
p_3502,t3_3iammm,t1_cuew3c0,t1_cueu3av,0.40476190476190477,0.24615384615384617,0.1586080586080586
p_3503,t3_3i9n2q,t1_cueircr,t1_cuenxor,0.4434782608695652,0.4090909090909091,0.034387351778656094
p_3504,t3_3i9n2q,t1_cufiuhn,t1_cueyyfo,0.3017543859649123,0.4264705882352941,-0.12471620227038183
p_3505,t3_3i8nmh,t1_cue9cr1,t1_cuea24l,0.45121951219512196,0.43846153846153846,0.012757973733583505
p_3507,t3_3i8834,t1_cue4ikv,t1_cue5fsj,0.20588235294117646,0.22807017543859648,-0.022187822497420018
p_3508,t3_3i8834,t1_cue7on2,t1_cue83jy,0.17829457364341086,0.15584415584415584,0.022450417799255024
p_3513,t3_3i7k0u,t1_cue07hc,t1_cudypb4,0.18592964824120603,0.34523809523809523,-0.1593084469968892
p_3511,t3_3i7k0u,t1_cue31x0,t1_cue1sot,0.22043010752688172,0.3787878787878788,-0.15835777126099707
p_3512,t3_3i7k0u,t1_cue0k0p,t1_cue5g6f,0.23015873015873015,0.20218579234972678,0.027972937809003368
p_3514,t3_3i7k0u,t1_cuee0d9,t1_cudzumt,0.2823529411764706,0.36363636363636365,-0.08128342245989306
p_3516,t3_3i74qy,t1_cudw08r,t1_cudux0k,0.25287356321839083,0.3958333333333333,-0.14295977011494249
p_3517,t3_3i5x6k,t1_cudnqtj,t1_cue4n29,0.3191489361702128,0.5303030303030303,-0.2111540941328175
p_3519,t3_3i5a78,t1_cudjp1z,t1_cudst66,0.18773946360153257,0.373134328358209,-0.1853948647566764
p_3521,t3_3i3wn7,t1_cud76ln,t1_cud3r2z,0.22608695652173913,0.24342105263157895,-0.017334096109839825
p_3523,t3_3i3vx9,t1_cud2a4g,t1_cud2qth,0.47619047619047616,0.3116883116883117,0.16450216450216448
p_3522,t3_3i3vx9,t1_cud5nsy,t1_cud2qth,0.23214285714285715,0.3116883116883117,-0.07954545454545453
p_3524,t3_3i2plj,t1_cucv4aa,t1_cucxjt7,0.3698630136986301,0.4642857142857143,-0.09442270058708419
p_3525,t3_3i2plj,t1_cucthi0,t1_cuctx89,0.38,0.3490566037735849,0.03094339622641512
p_3526,t3_3i283w,t1_cud0fa0,t1_cucolyj,0.46956521739130436,0.5614035087719298,-0.09183829138062544
p_3527,t3_3i0b0w,t1_cuchpgk,t1_cuc59ef,0.32038834951456313,0.4166666666666667,-0.09627831715210355
p_3530,t3_3hsvl2,t1_cuad8r8,t1_cuaqsqb,0.1518624641833811,0.21875,-0.06688753581661891
p_3531,t3_3hrivr,t1_cua0vt2,t1_cu9xxve,0.43103448275862066,0.5,-0.06896551724137934
p_3534,t3_3hpq7g,t1_cu9josn,t1_cu9k41i,0.34269662921348315,0.4946236559139785,-0.15192702670049535
p_3535,t3_3hpq7g,t1_cu9kipp,t1_cu9x1z9,0.42105263157894735,0.3888888888888889,0.03216374269005845
p_3536,t3_3hosv2,t1_cu9at72,t1_cu9cml6,0.2603550295857988,0.34074074074074073,-0.08038571115494192
p_3537,t3_3hoq7p,t1_cu9k2tb,t1_cu9atrb,0.3964757709251101,0.45864661654135336,-0.06217084561624325
p_3538,t3_3hmpv3,t1_cu8qdp9,t1_cu8pb7k,0.3829787234042553,0.4266666666666667,-0.04368794326241138
p_3539,t3_3hkh5j,t1_cu8ovlu,t1_cu8ovof,0.22727272727272727,0.24647887323943662,-0.01920614596670936
p_3541,t3_3hh46c,t1_cu7c27f,t1_cu7c1z2,0.46,0.3125,0.14750000000000002
p_3543,t3_3hgl6d,t1_cu7ehx8,t1_cu79azc,0.3609022556390977,0.3082191780821918,0.05268307755690593
p_3542,t3_3hgl6d,t1_cu7d0px,t1_cu7azy6,0.34831460674157305,0.4036697247706422,-0.05535511802906917
p_3544,t3_3hg6gk,t1_cu72vgj,t1_cu7213o,0.4942528735632184,0.5571428571428572,-0.06288998357963876
p_3546,t3_3hfjxc,t1_cu6z830,t1_cu71g18,0.32857142857142857,0.2727272727272727,0.05584415584415586
p_3547,t3_3hfioz,t1_cuc0fou,t1_cu7ifcw,0.33088235294117646,0.2730627306273063,0.05781962231387017
p_3548,t3_3hel60,t1_cu6qm9g,t1_cu6prd9,0.28125,0.3088235294117647,-0.02757352941176472
p_3552,t3_3hdp4a,t1_cu6jlng,t1_cu6jn61,0.24299065420560748,0.3333333333333333,-0.09034267912772584
p_3555,t3_3hcpmz,t1_cu6c4si,t1_cu6f8lz,0.30663615560640733,0.3783783783783784,-0.07174222277197106
p_3556,t3_3hcfg2,t1_cu65tgy,t1_cu65kqn,0.25925925925925924,0.24786324786324787,0.011396011396011374
p_3557,t3_3hcfg2,t1_cu65sqs,t1_cu65hi9,0.2682926829268293,0.3069306930693069,-0.03863801014247764
p_3558,t3_3hcfg2,t1_cu68tq4,t1_cu65vdo,0.21666666666666667,0.2857142857142857,-0.06904761904761902
p_3560,t3_3h8y7m,t1_cu5ao33,t1_cu5bjz7,0.2537313432835821,0.25,0.0037313432835821003
p_3563,t3_3h69kp,t1_cu5o71n,t1_cu4mp4v,0.23809523809523808,0.2,0.03809523809523807
p_3566,t3_3h1dud,t1_cu3e462,t1_cu3dhym,0.65625,0.3424657534246575,0.3137842465753425
p_3568,t3_3h13pq,t1_cu3c98a,t1_cu3bnnc,0.3424657534246575,0.38596491228070173,-0.04349915885604422
p_3569,t3_3h0s9a,t1_cu3bh3m,t1_cu383tr,0.26282051282051283,0.39285714285714285,-0.13003663003663002
p_3570,t3_3gz2bd,t1_cu2qwnu,t1_cu2zo0y,0.49122807017543857,0.4105263157894737,0.08070175438596489
p_3571,t3_3gys03,t1_cu2q2lr,t1_cu2pmm6,0.24381625441696114,0.33695652173913043,-0.09314026732216929
p_3572,t3_3gw6np,t1_cu252mj,t1_cu20nky,0.32432432432432434,0.3235294117647059,0.0007949125596184436
p_3576,t3_3gri3k,t1_cu0uiw1,t1_cu0sztg,0.37142857142857144,0.449438202247191,-0.07800963081861956
p_3577,t3_3gri3k,t1_cu0urd0,t1_cu0vpsk,0.28957528957528955,0.43103448275862066,-0.1414591931833311
p_3583,t3_3gp6g1,t1_cu0aq54,t1_cu08mnw,0.21428571428571427,0.2773722627737226,-0.06308654848800835
p_3582,t3_3gp6g1,t1_cu09x63,t1_cu08mnw,0.25139664804469275,0.2773722627737226,-0.025975614729029872
p_3585,t3_3gnc86,t1_ctzot2x,t1_ctzq8hf,0.46551724137931033,0.42342342342342343,0.0420938179558869
p_3586,t3_3gincm,t1_ctyigsj,t1_ctyhn4v,0.22972972972972974,0.35714285714285715,-0.1274131274131274
p_3587,t3_3gincm,t1_ctyhn4x,t1_ctyinar,0.41304347826086957,0.3620689655172414,0.050974512743628186
p_3589,t3_3ghl3t,t1_cty7tlm,t1_cty6dyx,0.26229508196721313,0.2962962962962963,-0.03400121432908315
p_3590,t3_3ghl3t,t1_cty9isx,t1_cty8sv7,0.20930232558139536,0.5,-0.2906976744186046
p_3592,t3_3ggp32,t1_cty0r06,t1_cty0aec,0.3277310924369748,0.4154929577464789,-0.08776186530950408
p_3593,t3_3ggp32,t1_cty35gw,t1_cty0aec,0.1992110453648915,0.4154929577464789,-0.21628191238158737
p_3595,t3_3gec73,t1_ctxli3x,t1_ctxhga8,0.20149253731343283,0.21052631578947367,-0.009033778476040838
p_3596,t3_3ge5mc,t1_ctxb1ki,t1_ctxeqe8,0.13983050847457626,0.28125,-0.14141949152542374
p_3598,t3_3gdtg4,t1_ctylxuf,t1_ctxaqee,0.2033195020746888,0.32432432432432434,-0.12100482224963555
p_3599,t3_3gdndp,t1_ctx5qis,t1_ctx98zl,0.38392857142857145,0.5180722891566265,-0.13414371772805506
p_3600,t3_3gdish,t1_ctx6te9,t1_ctx7vni,0.30864197530864196,0.19642857142857142,0.11221340388007053
p_3601,t3_3gdibt,t1_ctx56mf,t1_ctx4od4,0.32098765432098764,0.2913907284768212,0.029596925844166455
p_3602,t3_3gcrbs,t1_ctx0d41,t1_ctx24yu,0.38235294117647056,0.46938775510204084,-0.08703481392557028
p_3604,t3_3gbhud,t1_ctwlw6q,t1_ctwmyam,0.33070866141732286,0.3223684210526316,0.008340240364691276
p_3605,t3_3gbhud,t1_ctwlm4k,t1_ctwv3j1,0.39285714285714285,0.3698630136986301,0.022994129158512733
p_3606,t3_3gbhud,t1_ctwml50,t1_ctwlr8k,0.3049645390070922,0.5531914893617021,-0.24822695035460995
p_3607,t3_3gbhud,t1_ctwlqf1,t1_ctwlr8k,0.43283582089552236,0.5531914893617021,-0.12035566846617979
p_3608,t3_3gb6h1,t1_ctwso7w,t1_ctwnm4g,0.32014388489208634,0.4420289855072464,-0.12188510061516006
p_3609,t3_3gb461,t1_ctwjnpu,t1_ctwkc6d,0.23404255319148937,0.3333333333333333,-0.09929078014184395
p_3610,t3_3ga6xh,t1_ctwcf34,t1_ctw9u8c,0.18382352941176472,0.3409090909090909,-0.15708556149732616
p_3612,t3_3ga0yc,t1_ctwa3zr,t1_ctw8bfs,0.17857142857142858,0.1642512077294686,0.014320220841959969
p_3613,t3_3ga0yc,t1_ctwc8h0,t1_ctw824i,0.18877551020408162,0.26153846153846155,-0.07276295133437993
p_3614,t3_3ga0yc,t1_ctwe0ok,t1_ctw8bfs,0.17708333333333334,0.1642512077294686,0.012832125603864736
p_3615,t3_3g9no7,t1_ctw54al,t1_ctw52em,0.40816326530612246,0.48333333333333334,-0.07517006802721088
p_3616,t3_3g93j6,t1_ctw0e9h,t1_ctw6elj,0.336322869955157,0.21100917431192662,0.12531369564323036
p_3617,t3_3g8r7o,t1_ctvx3y3,t1_ctwc690,0.43884892086330934,0.37254901960784315,0.0662999012554662
p_3622,t3_3g646u,t1_ctvb9vl,t1_ctvc59g,0.2647058823529412,0.3218390804597701,-0.05713319810682893
p_3623,t3_3g53av,t1_ctuxpb3,t1_ctvf9tq,0.26153846153846155,0.13372093023255813,0.12781753130590343
p_3624,t3_3g51jj,t1_ctv0l5x,t1_ctvcg39,0.296551724137931,0.25892857142857145,0.037623152709359564
p_3625,t3_3g51jj,t1_ctv269f,t1_ctvcg39,0.1927710843373494,0.25892857142857145,-0.06615748709122204
p_3626,t3_3g51jj,t1_ctv3mds,t1_ctv9uzx,0.33064516129032256,0.30097087378640774,0.02967428750391482
p_3630,t3_3g1pcd,t1_ctu19ea,t1_ctu17ql,0.42201834862385323,0.5263157894736842,-0.10429744084983095
p_3635,t3_3g1fhs,t1_cttyuge,t1_cttxvho,0.35555555555555557,0.3113207547169811,0.04423480083857445
p_3633,t3_3g1fhs,t1_ctu95h3,t1_cttxvho,0.16387959866220736,0.3113207547169811,-0.14744115605477376
p_3636,t3_3g1fhs,t1_cttzgzr,t1_cttxvho,0.2,0.3113207547169811,-0.11132075471698111
p_3632,t3_3g1fhs,t1_cttxzvr,t1_cttxvho,0.3333333333333333,0.3113207547169811,0.022012578616352196
p_3631,t3_3g1fhs,t1_ctty06w,t1_cttxzi1,0.20535714285714285,0.35185185185185186,-0.146494708994709
p_3637,t3_3g1bgv,t1_cttw7r4,t1_ctu593g,0.28846153846153844,0.2608695652173913,0.02759197324414714
p_3640,t3_3g02ia,t1_cttuj7v,t1_cttrhlu,0.3548387096774194,0.32857142857142857,0.026267281105990803
p_3642,t3_3fz5pa,t1_cttcblp,t1_cttc9b6,0.20357142857142857,0.27848101265822783,-0.07490958408679926
p_3644,t3_3fvhvp,t1_ctsbzuq,t1_ctsdw9m,0.1598360655737705,0.1895424836601307,-0.02970641808636021
p_3645,t3_3fvhjh,t1_ctscnii,t1_ctsbg6s,0.5277777777777778,0.6,-0.07222222222222219
p_3646,t3_3fvhjh,t1_ctse486,t1_ctsbtva,0.29608938547486036,0.2876712328767123,0.008418152598148043
p_3647,t3_3fvhjh,t1_ctsbifp,t1_ctsvne2,0.32786885245901637,0.2727272727272727,0.05514157973174366
p_3648,t3_3fvhjh,t1_ctsc6ss,t1_ctsbtva,0.32,0.2876712328767123,0.032328767123287694
p_3649,t3_3fveyg,t1_ctsa8js,t1_cts9pfj,0.17796610169491525,0.25396825396825395,-0.0760021522733387
p_3650,t3_3fu1s8,t1_cts3fhv,t1_cts5hav,0.3142857142857143,0.29347826086956524,0.020807453416149035
p_3651,t3_3fsgbp,t1_ctrisu9,t1_ctshlnm,0.24528301886792453,0.19642857142857142,0.048854447439353105
p_3652,t3_3fs1zm,t1_ctrhh5j,t1_ctrefi0,0.42028985507246375,0.5,-0.07971014492753625
p_3653,t3_3frc1d,t1_ctr9vhi,t1_ctr7h2r,0.4666666666666667,0.3333333333333333,0.13333333333333336
p_3655,t3_3fql48,t1_ctr20mq,t1_ctr0pwr,0.23448275862068965,0.4083333333333333,-0.17385057471264367
p_3656,t3_3fqb1z,t1_ctqze4g,t1_ctr0cf6,0.34146341463414637,0.45161290322580644,-0.11014948859166007
p_3658,t3_3fqb1z,t1_ctr0vi4,t1_ctr0cf6,0.32142857142857145,0.45161290322580644,-0.130184331797235
p_3657,t3_3fqb1z,t1_ctr0caa,t1_ctr0cf6,0.4,0.45161290322580644,-0.05161290322580642
p_3659,t3_3fpfyb,t1_ctqrhgh,t1_ctqsan9,0.29896907216494845,0.2839506172839506,0.015018454880997845
p_3660,t3_3fp3n9,t1_ctqolc7,t1_ctqnhek,0.43333333333333335,0.2564102564102564,0.17692307692307696
p_3661,t3_3fp2bi,t1_ctqnbaz,t1_ctqt3i2,0.32989690721649484,0.2916666666666667,0.038230240549828154
p_3663,t3_3fnwpa,t1_ctqdqno,t1_ctqbvw6,0.36538461538461536,0.4583333333333333,-0.09294871794871795
p_3664,t3_3fnv5p,t1_ctqbrad,t1_ctqwxiu,0.43564356435643564,0.49206349206349204,-0.056419927707056394
p_3665,t3_3fnv5p,t1_ctqn9r7,t1_ctr22l4,0.26851851851851855,0.3805309734513274,-0.11201245493280887
p_3667,t3_3fnpby,t1_ctqb537,t1_ctqb5ui,0.24022346368715083,0.32,-0.07977653631284917
p_3666,t3_3fnpby,t1_ctqa65w,t1_ctqb5ui,0.33653846153846156,0.32,0.016538461538461557
p_3669,t3_3fnkrz,t1_ctq8t3q,t1_ctq9oiz,0.33783783783783783,0.2714285714285714,0.06640926640926642
p_3671,t3_3fnkrz,t1_ctqas8t,t1_ctq9ar9,0.24495677233429394,0.2810810810810811,-0.036124308746787154
p_3670,t3_3fnkrz,t1_ctq9o0e,t1_ctq9oiz,0.5535714285714286,0.2714285714285714,0.2821428571428572
p_3672,t3_3fnkrz,t1_ctq9j16,t1_ctqa3ka,0.2857142857142857,0.62,-0.3342857142857143
p_3675,t3_3fme5v,t1_ctpwnu7,t1_ctpy2fx,0.46938775510204084,0.352,0.11738775510204086
p_3676,t3_3fh6ko,t1_ctoktht,t1_ctoqkfl,0.29896907216494845,0.34782608695652173,-0.04885701479157328
p_3677,t3_3fg061,t1_cto8r5z,t1_cto8tdw,0.5098039215686274,0.4444444444444444,0.065359477124183
p_3679,t3_3fg061,t1_cto97vg,t1_cto8tdw,0.3655913978494624,0.4444444444444444,-0.07885304659498205
p_3680,t3_3ffta7,t1_cto7io9,t1_ctoe9av,0.3064516129032258,0.27058823529411763,0.03586337760910818
p_3681,t3_3ff3g6,t1_cto0i1n,t1_cto1zos,0.16774193548387098,0.11290322580645161,0.05483870967741937
p_3682,t3_3feqzt,t1_ctq3vzp,t1_ctnylzg,0.44776119402985076,0.3956043956043956,0.052156798425455175
p_3683,t3_3fcrvd,t1_ctnhp4o,t1_cto31ft,0.22580645161290322,0.23195876288659795,-0.006152311273694727
p_3684,t3_3fcrvd,t1_ctns9wz,t1_ctnfqp7,0.2717391304347826,0.296875,-0.025135869565217406
p_3686,t3_3fcf5e,t1_ctndfg4,t1_ctnry92,0.35,0.40350877192982454,-0.05350877192982456
p_3688,t3_3fc3o6,t1_ctnx69r,t1_ctngp5n,0.3391812865497076,0.5238095238095238,-0.18462823725981625
p_3687,t3_3fc3o6,t1_ctnaow2,t1_ctn9aav,0.4305555555555556,0.4805194805194805,-0.04996392496392493
p_3692,t3_3fau90,t1_ctmxjyf,t1_ctmw18p,0.504424778761062,0.5,0.004424778761061954
p_3693,t3_3fa3pf,t1_ctmq4rm,t1_ctmvo0g,0.3076923076923077,0.4306569343065693,-0.12296462661426161
p_3694,t3_3fa3pf,t1_ctmq6wk,t1_ctmpzx1,0.3127962085308057,0.3577981651376147,-0.045001956606809
p_3695,t3_3f8yj7,t1_ctmfz6p,t1_ctmip5y,0.27403846153846156,0.373134328358209,-0.09909586681974741
p_3696,t3_3f8yj7,t1_ctmi79z,t1_ctmip5y,0.2248995983935743,0.373134328358209,-0.1482347299646347
p_3697,t3_3f8yj7,t1_ctmgbxn,t1_ctmip5y,0.44047619047619047,0.373134328358209,0.06734186211798149
p_3701,t3_3f6ga9,t1_ctlqooj,t1_ctlqdbh,0.3055555555555556,0.4583333333333333,-0.15277777777777773
p_3703,t3_3f65v8,t1_ctlqq52,t1_ctm1y1p,0.35658914728682173,0.3291139240506329,0.02747522323618884
p_3704,t3_3f38fh,t1_ctlm7ia,t1_ctkwb7j,0.2145922746781116,0.3838383838383838,-0.16924610916027222
p_3705,t3_3f2sbt,t1_ctm98ge,t1_ctkrr8t,0.3364485981308411,0.3403141361256545,-0.003865537994813373
p_3708,t3_3f20yi,t1_ctkkr6u,t1_ctkjeol,0.291866028708134,0.43209876543209874,-0.14023273672396475
p_3709,t3_3f20yi,t1_ctkoehq,t1_ctkokut,0.35064935064935066,0.36507936507936506,-0.014430014430014404
p_3712,t3_3f18mt,t1_ctkcw2a,t1_ctkb9dn,0.2610619469026549,0.42857142857142855,-0.16750948166877366
p_3711,t3_3f18mt,t1_ctkc4tg,t1_ctkn5z3,0.3081395348837209,0.3283582089552239,-0.020218674071502962
p_3714,t3_3f16ju,t1_ctkcxak,t1_ctkajc6,0.3125,0.30097087378640774,0.011529126213592256
p_3716,t3_3f0uzz,t1_ctkbyhm,t1_ctkdayj,0.3509933774834437,0.4664179104477612,-0.11542453296431748
p_3717,t3_3exng6,t1_ctjf76q,t1_ctjdefn,0.42168674698795183,0.5555555555555556,-0.13386880856760375
p_3718,t3_3ex1vr,t1_ctj5yub,t1_ctj6pr7,0.2740740740740741,0.2716049382716049,0.002469135802469158
p_3719,t3_3ewva7,t1_ctj4jx8,t1_ctj8g6w,0.25547445255474455,0.21292775665399238,0.04254669590075216
p_3722,t3_3ewva7,t1_ctj8djb,t1_ctj8g6w,0.1729957805907173,0.21292775665399238,-0.03993197606327509
p_3720,t3_3ewva7,t1_ctj5oik,t1_ctjcs9z,0.248868778280543,0.40229885057471265,-0.15343007229416966
p_3721,t3_3ewva7,t1_ctj7ibv,t1_ctjcs9z,0.23157894736842105,0.40229885057471265,-0.1707199032062916
p_3723,t3_3ewjnh,t1_ctj1fb4,t1_ctj26kt,0.27631578947368424,0.3157894736842105,-0.03947368421052627
p_3724,t3_3ewjnh,t1_ctj1ye4,t1_ctj1lht,0.2897196261682243,0.25203252032520324,0.03768710584302104
p_3725,t3_3euagb,t1_ctigcut,t1_ctihu3a,0.2631578947368421,0.18333333333333332,0.07982456140350877
p_3726,t3_3eu8tm,t1_ctigaob,t1_ctiq52g,0.36054421768707484,0.41916167664670656,-0.05861745895963172
p_3727,t3_3eu8tm,t1_ctijckt,t1_ctigceq,0.3079470198675497,0.43243243243243246,-0.12448541256488277
p_3728,t3_3etxto,t1_ctid3ea,t1_cticpfj,0.1977401129943503,0.24561403508771928,-0.04787392209336899
p_3730,t3_3es79p,t1_cthw2r2,t1_cthwdaq,0.36597938144329895,0.3105263157894737,0.05545306565382524
p_3731,t3_3es79p,t1_cthxdez,t1_cthwn0n,0.3968253968253968,0.5041322314049587,-0.10730683457956186
p_3732,t3_3ertta,t1_cti6rd8,t1_ctht1zk,0.36075949367088606,0.4918032786885246,-0.13104378501763853
p_3733,t3_3ertdy,t1_cthr80b,t1_cthr99r,0.2682926829268293,0.5102040816326531,-0.2419113987058238
p_3734,t3_3erhhr,t1_ctiarao,t1_cti58vh,0.2761904761904762,0.22941176470588234,0.046778711484593866
p_3735,t3_3eq514,t1_ctho613,t1_cthcqg3,0.4090909090909091,0.3487179487179487,0.060372960372960416
p_3737,t3_3epjfs,t1_cth5t0q,t1_cthcvt3,0.4074074074074074,0.42857142857142855,-0.021164021164021163
p_3739,t3_3enur5,t1_ctgrxoh,t1_ctgz8y0,0.1775,0.1855072463768116,-0.008007246376811605
p_3740,t3_3emsdn,t1_cth30is,t1_ctgqvc3,0.1830065359477124,0.2962962962962963,-0.11328976034858387
p_3742,t3_3elw95,t1_ctg6r9r,t1_ctg9cb8,0.4591194968553459,0.6619718309859155,-0.20285233413056958
p_3743,t3_3eknr4,t1_ctglikz,t1_ctfyt7d,0.2440944881889764,0.296875,-0.05278051181102361
p_3744,t3_3ekjn3,t1_ctgdi0f,t1_ctg4na1,0.25217391304347825,0.24774774774774774,0.004426165295730505
p_3751,t3_3ee553,t1_cte3wfh,t1_cte2z0f,0.3611111111111111,0.3333333333333333,0.02777777777777779
p_3752,t3_3ee553,t1_cte5ytw,t1_cte2z0f,0.2692307692307692,0.3333333333333333,-0.0641025641025641
p_3754,t3_3ecjmj,t1_ctdn8gf,t1_ctdm7dj,0.40096618357487923,0.5227272727272727,-0.12176108915239348
p_3755,t3_3ecjmj,t1_ctdnq7f,t1_ctdm7dj,0.2905405405405405,0.5227272727272727,-0.2321867321867322
p_3756,t3_3ecjmj,t1_ctdoi4m,t1_ctdm7dj,0.37398373983739835,0.5227272727272727,-0.14874353288987435
p_3753,t3_3ecjmj,t1_ctdmtn2,t1_ctdoo3p,0.40425531914893614,0.23880597014925373,0.16544934899968242
p_3757,t3_3ec84d,t1_ctdlgzm,t1_ctdj2og,0.24271844660194175,0.19072164948453607,0.05199679711740568
p_3759,t3_3ebxxu,t1_ctdn0oz,t1_ctdjt1a,0.979381443298969,0.6346153846153846,0.34476605868358445
p_3761,t3_3ebqsa,t1_ctdwdgw,t1_ctdgbbx,0.4778761061946903,0.6947368421052632,-0.21686073591057292
p_3762,t3_3eb9u6,t1_ctda3bt,t1_ctdi2vm,0.3037974683544304,0.4,-0.09620253164556963
p_3763,t3_3eb9u6,t1_ctdaich,t1_ctdi2vm,0.3474576271186441,0.4,-0.05254237288135594
p_3764,t3_3eai2b,t1_ctdmsz0,t1_ctdas7y,0.423841059602649,0.524822695035461,-0.10098163543281197
p_3765,t3_3eai2b,t1_ctdc31l,t1_ctdas7y,0.4632352941176471,0.524822695035461,-0.061587400917813895
p_3766,t3_3ea4kl,t1_ctczlq4,t1_ctcz6mu,0.19696969696969696,0.2727272727272727,-0.07575757575757575
p_3768,t3_3e811o,t1_ctcjrd5,t1_ctcd4vr,0.13382899628252787,0.21649484536082475,-0.08266584907829688
p_3775,t3_3dt3vy,t1_ct8epzw,t1_ct8xeko,0.26582278481012656,0.29310344827586204,-0.02728066346573549
p_3776,t3_3drmw1,t1_ct7z6k1,t1_ct7zd7f,0.30158730158730157,0.4,-0.09841269841269845
p_3777,t3_3dqi0b,t1_ct7ojzo,t1_ct7o4hu,0.5714285714285714,0.582089552238806,-0.010660980810234588
p_3779,t3_3dnhsi,t1_ct6vf40,t1_ct7n9bz,0.32926829268292684,0.45454545454545453,-0.1252771618625277
p_3786,t3_3dkeyo,t1_ct60a1q,t1_ct60gf9,0.2891566265060241,0.28205128205128205,0.007105344454742035
p_3787,t3_3dk4k6,t1_ct68k3i,t1_ct5ylmw,0.3953488372093023,0.5185185185185185,-0.12316968130921618
p_3789,t3_3dj5zp,t1_ct5ndqg,t1_ct5pov6,0.2594594594594595,0.3046875,-0.045228040540540526
p_3790,t3_3dhxmu,t1_ct59siv,t1_ct5em85,0.27692307692307694,0.3076923076923077,-0.03076923076923077
p_3791,t3_3dhww4,t1_ct59ny2,t1_ct5c1n1,0.4342105263157895,0.5,-0.06578947368421051
p_3792,t3_3dhvig,t1_ct5cmrc,t1_ct5dd1p,0.40054495912806537,0.4897959183673469,-0.08925095923928156
p_3793,t3_3dhde9,t1_ct68xez,t1_ct55tgc,0.4186046511627907,0.44680851063829785,-0.02820385947550713
p_3794,t3_3dh1ns,t1_ct5dtcs,t1_ct5eykr,0.19913419913419914,0.22272727272727272,-0.023593073593073582
p_3795,t3_3dgf6j,t1_ct54lyk,t1_ct5gs7l,0.2,0.32608695652173914,-0.12608695652173912
p_3796,t3_3dgf6j,t1_ct5oi70,t1_ct5c1wd,0.16791044776119404,0.3404255319148936,-0.17251508415369957
p_3797,t3_3dfjej,t1_ct4p5yg,t1_ct4yewo,0.344,0.3203125,0.023687499999999972
p_3800,t3_3df1t2,t1_ct4iy6y,t1_ct4ij06,0.3894736842105263,0.46,-0.07052631578947371
p_3801,t3_3det6i,t1_ct4g7xl,t1_ct4gbpx,0.24299065420560748,0.29411764705882354,-0.05112699285321606
p_3802,t3_3deose,t1_ct4eh79,t1_ct4g0jb,0.38095238095238093,0.43636363636363634,-0.05541125541125541
p_3803,t3_3deose,t1_ct4f9rz,t1_ct4g0jb,0.3393939393939394,0.43636363636363634,-0.09696969696969693
p_3804,t3_3deose,t1_ct4fbji,t1_ct5641w,0.28865979381443296,0.2375,0.051159793814432974
p_3805,t3_3deose,t1_ct4ewzd,t1_ct4g0jb,0.3795620437956204,0.43636363636363634,-0.056801592568015924
p_3806,t3_3de3uy,t1_ct4agqd,t1_ct494c3,0.21951219512195122,0.28205128205128205,-0.06253908692933083
p_3807,t3_3ddw70,t1_ct47mit,t1_ct4jbe5,0.3051643192488263,0.328125,-0.02296068075117369
p_3808,t3_3ddw70,t1_ct481p1,t1_ct48oqy,0.3157894736842105,0.31007751937984496,0.005711954304365552
p_3814,t3_3dbole,t1_ct3p6ns,t1_ct478ih,0.3058252427184466,0.4044943820224719,-0.09866913930402532
p_3815,t3_3dbm0n,t1_ct3lx2j,t1_ct3ly0v,0.3629032258064516,0.38202247191011235,-0.019119246103660725
p_3816,t3_3dbkzb,t1_ct3ojfw,t1_ct3m5s5,0.3375,0.5873015873015873,-0.2498015873015873
p_3819,t3_3d7ar8,t1_ct2lat5,t1_ct2ki11,0.29591836734693877,0.35,-0.05408163265306121
p_3821,t3_3d70nm,t1_ct2ew4r,t1_ct2j33u,0.2777777777777778,0.26229508196721313,0.015482695810564662
p_3822,t3_3d70nm,t1_ct2dshn,t1_ct2eddg,0.2222222222222222,0.30434782608695654,-0.08212560386473433
p_3824,t3_3d6eeo,t1_ct28lpu,t1_ct2avdj,0.44285714285714284,0.5662650602409639,-0.12340791738382106
p_3825,t3_3d5kur,t1_ct1ztbe,t1_ct1zr52,0.32,0.44285714285714284,-0.12285714285714283
p_3827,t3_3d4z8m,t1_ct20a6w,t1_ct1t0m5,0.2261904761904762,0.2894736842105263,-0.06328320802005014
p_3829,t3_3d26wz,t1_ct28b6n,t1_ct16kmz,0.25663716814159293,0.24,0.01663716814159294
p_3830,t3_3d0d6p,t1_ct0o5u1,t1_ct0n6t4,0.2736842105263158,0.40217391304347827,-0.12848970251716246
p_3831,t3_3d01ke,t1_ct0juu5,t1_ct0mdna,0.4523809523809524,0.5,-0.047619047619047616
p_3833,t3_3czjmn,t1_ct0n1h1,t1_ct0p4tx,0.363013698630137,0.29965156794425085,0.06336213068588614
p_3834,t3_3cze07,t1_ct0u8p8,t1_ct1w2jq,0.3516483516483517,0.2777777777777778,0.07387057387057389
p_3836,t3_3cze07,t1_ct10eyn,t1_ct10av3,0.375,0.40350877192982454,-0.02850877192982454
p_3837,t3_3cz50i,t1_ct0beon,t1_ct0crzd,0.3764705882352941,0.41025641025641024,-0.03378582202111613
p_3838,t3_3cyvok,t1_ct09dsg,t1_ct0cry8,0.3684210526315789,0.4649122807017544,-0.09649122807017546
p_3840,t3_3cwzdr,t1_cszqsrm,t1_csztuip,0.3670886075949367,0.4146341463414634,-0.04754553874652667
p_3841,t3_3cwzdr,t1_cszr0ac,t1_cszzijk,0.23920265780730898,0.25357142857142856,-0.014368770764119576
p_3842,t3_3cwzdr,t1_cszsao6,t1_cszzijk,0.2653846153846154,0.25357142857142856,0.011813186813186827
p_3843,t3_3curfb,t1_cszctr2,t1_cszdmwi,0.2573099415204678,0.15330188679245282,0.104008054728015
p_3846,t3_3ctbdn,t1_csywwyk,t1_csyw0z6,0.31645569620253167,0.5636363636363636,-0.24718066743383194
p_3848,t3_3csry4,t1_csyq5kj,t1_csypjon,0.23484848484848486,0.20422535211267606,0.0306231327358088
p_3849,t3_3csg70,t1_csyk6pl,t1_csyj9wf,0.1963470319634703,0.2717948717948718,-0.07544783983140146
p_3850,t3_3csg70,t1_csyjkqi,t1_csyt2k1,0.3652173913043478,0.32653061224489793,0.038686779059449894
p_3852,t3_3cqwqj,t1_csy6eer,t1_csyclib,0.20875420875420875,0.3103448275862069,-0.10159061883199816
p_3853,t3_3cpk6q,t1_csxrzz6,t1_csxtt55,0.2900763358778626,0.24375,0.046326335877862584
p_3855,t3_3cp5ze,t1_csxym6c,t1_csynpti,0.34293948126801155,0.37755102040816324,-0.03461153914015169
p_3856,t3_3cp5ze,t1_csxnidr,t1_csxornz,0.4782608695652174,0.5846153846153846,-0.10635451505016724
p_3859,t3_3cntuq,t1_csxdzvx,t1_csxc29e,0.39805825242718446,0.3005181347150259,0.09754011771215854
p_3861,t3_3cm04x,t1_csx5p48,t1_csxeu2k,0.26666666666666666,0.3088235294117647,-0.042156862745098056
p_3862,t3_3clrl2,t1_csx7zrc,t1_csx8zq4,0.17154811715481172,0.3235294117647059,-0.15198129460989418
p_3863,t3_3cjime,t1_csw3vb7,t1_csw3t7x,0.3274021352313167,0.31851851851851853,0.008883616712798192
p_3865,t3_3chnd1,t1_csvsvf5,t1_csw6ssk,0.22535211267605634,0.3076923076923077,-0.08234019501625137
p_3866,t3_3ch5ru,t1_csvhoip,t1_csvipb5,0.24271844660194175,0.24516129032258063,-0.002442843720638882
p_3867,t3_3cgwcw,t1_csvjbyd,t1_csvi6d6,0.1977077363896848,0.32075471698113206,-0.12304698059144725
p_3868,t3_3cgf0e,t1_cswm70o,t1_csvf90l,0.23134328358208955,0.2875,-0.056156716417910424
p_3869,t3_3cgb39,t1_csvchfw,t1_csva8ip,0.4925373134328358,0.352,0.14053731343283582
p_3871,t3_3cexf4,t1_csvberp,t1_csv33hr,0.34959349593495936,0.3191489361702128,0.03044455976474658
p_3872,t3_3cemxp,t1_csuzkq9,t1_csuwsj4,0.34285714285714286,0.47540983606557374,-0.13255269320843088
p_3873,t3_3cccrj,t1_csuafa7,t1_csu9eyk,0.3684210526315789,0.5223880597014925,-0.15396700706991356
p_3874,t3_3cayqx,t1_cstvm0f,t1_csunb3m,0.6013986013986014,0.528169014084507,0.07322958731409435
p_3875,t3_3cayqx,t1_cstvlmi,t1_csuqreg,0.48917748917748916,0.5697674418604651,-0.08058995268297597
p_3877,t3_3cavj4,t1_cstv538,t1_cstveu6,0.2716049382716049,0.19444444444444445,0.07716049382716048
p_3879,t3_3c98q4,t1_csu2svh,t1_cstm5hj,0.17857142857142858,0.2152777777777778,-0.036706349206349215
p_3882,t3_3c7i98,t1_cst34iw,t1_cstc95e,0.17567567567567569,0.1761006289308176,-0.0004249532551419133
p_3883,t3_3c7i98,t1_cst4n6b,t1_cssyowf,0.3230769230769231,0.35443037974683544,-0.03135345666991235
p_3884,t3_3c7hdt,t1_cssyep4,t1_cssyplh,0.28378378378378377,0.30097087378640774,-0.017187090002623973
p_3885,t3_3c7bxx,t1_cssy476,t1_cssz8bw,0.16711590296495957,0.1782608695652174,-0.011144966600257822
p_3886,t3_3c7bxx,t1_cssx724,t1_cssyebj,0.30337078651685395,0.29545454545454547,0.007916241062308482
p_3887,t3_3c7bxx,t1_csswyf9,t1_cssyx4a,0.24725274725274726,0.33636363636363636,-0.0891108891108891
p_3888,t3_3c79ax,t1_cstmdkn,t1_cst2h3f,0.28695652173913044,0.3888888888888889,-0.10193236714975845
p_3889,t3_3c4zj4,t1_cssgey0,t1_cssmoek,0.22429906542056074,0.32857142857142857,-0.10427236315086783
p_3892,t3_3c4ur8,t1_csstz3k,t1_cssgupg,0.4225352112676056,0.33980582524271846,0.08272938602488716
p_3893,t3_3c4cgb,t1_css5ynt,t1_css4koj,0.30120481927710846,0.2727272727272727,0.028477546549835753
p_3894,t3_3c1zj9,t1_csrkkl3,t1_csrki9f,0.21993127147766323,0.22131147540983606,-0.0013802039321728354
p_3895,t3_3c17uc,t1_csrdlff,t1_csrifkt,0.12468827930174564,0.19387755102040816,-0.06918927171866252
p_3897,t3_3bxmo5,t1_csqhtr5,t1_csql6b1,0.3645833333333333,0.28125,0.08333333333333331
p_3898,t3_3bxfo6,t1_csqmc1m,t1_csqifhm,0.32666666666666666,0.38016528925619836,-0.0534986225895317
p_3899,t3_3bvjuk,t1_cspw440,t1_csrek47,0.28735632183908044,0.22167487684729065,0.0656814449917898
p_3901,t3_3bth79,t1_csq2nx8,t1_cspwvty,0.29591836734693877,0.30612244897959184,-0.010204081632653073
p_3902,t3_3bsou9,t1_csp5h2g,t1_cspiswo,0.4166666666666667,0.42857142857142855,-0.011904761904761862
p_3904,t3_3brtn7,t1_csozaec,t1_csoyw8u,0.5409836065573771,0.5294117647058824,0.011571841851494735
p_3905,t3_3bqwex,t1_csompka,t1_csomtdh,0.3505747126436782,0.5555555555555556,-0.2049808429118774
p_3906,t3_3bqwex,t1_csorp8q,t1_cson8bj,0.40476190476190477,0.36942675159235666,0.035335153169548106
p_3908,t3_3bo4jt,t1_cso0zon,t1_csnwp3y,0.4305555555555556,0.3875,0.04305555555555557
p_3909,t3_3bnf96,t1_csnpy6t,t1_csnprkc,0.35185185185185186,0.5454545454545454,-0.19360269360269355
p_3910,t3_3bnan1,t1_csnruno,t1_csnpv63,0.5625,0.5066666666666667,0.05583333333333329
p_3911,t3_3blafk,t1_csn7a18,t1_csndd8w,0.29770992366412213,0.31343283582089554,-0.015722912156773405
p_3913,t3_3bh98p,t1_csmf3ub,t1_csmc3eh,0.24489795918367346,0.2765957446808511,-0.03169778549717761
p_3914,t3_3bgni1,t1_cslzxdh,t1_cslyqv4,0.21739130434782608,0.23728813559322035,-0.019896831245394264
p_3915,t3_3bfy1c,t1_csls1iv,t1_cslt1od,0.4583333333333333,0.37777777777777777,0.08055555555555555
p_3916,t3_3bfsz3,t1_cslqq37,t1_cslrrds,0.2482758620689655,0.379746835443038,-0.1314709733740725
p_3917,t3_3bfrve,t1_csmj6kc,t1_cslufx2,0.4342105263157895,0.625,-0.1907894736842105
p_3920,t3_3be88i,t1_cslgmna,t1_cslflrz,0.45,0.5384615384615384,-0.08846153846153842
p_3923,t3_3bdv00,t1_csld97c,t1_csl9q5t,0.14878892733564014,0.20212765957446807,-0.05333873223882793
p_3924,t3_3bdv00,t1_csltmou,t1_cslb8xi,0.2125984251968504,0.5121951219512195,-0.2995966967543691
p_3925,t3_3bd8kh,t1_csl6slc,t1_csl587l,0.3220338983050847,0.47368421052631576,-0.15165031222123104
p_3926,t3_3bd8kh,t1_csl5ba1,t1_csl587l,0.3482142857142857,0.47368421052631576,-0.12546992481203006
p_3927,t3_3bcp2n,t1_csl43ts,t1_csl3e30,0.2905027932960894,0.4016393442622951,-0.11113655096620567
p_3929,t3_3bc4if,t1_cslj62e,t1_cskt9uf,0.4772727272727273,0.3611111111111111,0.11616161616161619
p_3930,t3_3bbxyv,t1_cskwmb5,t1_cskrtjj,0.34234234234234234,0.30303030303030304,0.039312039312039304
p_3932,t3_3b7rjo,t1_csjnvbr,t1_csjnx6u,0.25301204819277107,0.40372670807453415,-0.15071465988176308
p_3934,t3_3b60s8,t1_csj6vl4,t1_csj6ucq,0.29473684210526313,0.373134328358209,-0.07839748625294585
p_3935,t3_3b60s8,t1_csj6qcn,t1_csj6ucq,0.2018348623853211,0.373134328358209,-0.17129946597288787
p_3936,t3_3b5udg,t1_csj5cco,t1_csj62ym,0.27,0.23140495867768596,0.03859504132231406
p_3937,t3_3b3s26,t1_csikhqa,t1_csizt4g,0.4013605442176871,0.4672897196261682,-0.06592917540848114
p_3938,t3_3b3s26,t1_csinn2z,t1_csilwsy,0.28313253012048195,0.36496350364963503,-0.08183097352915308
p_3940,t3_3b3s26,t1_csj8r3h,t1_csjh1er,0.43859649122807015,0.43609022556390975,0.002506265664160401
p_3943,t3_3aweej,t1_csgl5n3,t1_csgl50z,0.4090909090909091,0.28662420382165604,0.12246670526925307
p_3944,t3_3aw1uk,t1_csghmnt,t1_csghmsc,0.47692307692307695,0.47619047619047616,0.0007326007326007855
p_3945,t3_3avhws,t1_csgfhi0,t1_csh8ors,0.4222222222222222,0.432,-0.009777777777777774
p_3947,t3_3atkce,t1_csgbg47,t1_csfw4e2,0.16666666666666666,0.20833333333333334,-0.041666666666666685
p_3948,t3_3atkce,t1_csfy1wp,t1_csfynp2,0.379746835443038,0.44680851063829785,-0.06706167519525985
p_3951,t3_3asyzb,t1_csfojsx,t1_csfoidu,0.4945054945054945,0.5964912280701754,-0.10198573356468088
p_3949,t3_3asyzb,t1_csfoiyw,t1_csfp13b,0.4727272727272727,0.5866666666666667,-0.11393939393939395
p_3952,t3_3argex,t1_csfb50r,t1_csf9txd,0.22784810126582278,0.2857142857142857,-0.05786618444846292
p_3953,t3_3argex,t1_csf9rhm,t1_csfa4gt,0.42105263157894735,0.3448275862068966,0.07622504537205077
p_3954,t3_3aq0ij,t1_cseyfmf,t1_csf3dvk,0.22807017543859648,0.23711340206185566,-0.009043226623259182
p_3955,t3_3apczi,t1_cseq9zw,t1_csf36xd,0.26495726495726496,0.3112244897959184,-0.04626722483865342
p_3956,t3_3anzqm,t1_cseek90,t1_csf57m7,0.15,0.1865079365079365,-0.03650793650793652
p_3958,t3_3anfy4,t1_csezvw7,t1_csfvxf5,0.4097222222222222,0.3042168674698795,0.10550535475234268
p_3959,t3_3amks3,t1_cse04e1,t1_cse06yf,0.26548672566371684,0.35294117647058826,-0.08745445080687142
p_3960,t3_3amks3,t1_cse088c,t1_csdzw5z,0.27044025157232704,0.49056603773584906,-0.22012578616352202
p_3961,t3_3amjrk,t1_cse2b43,t1_cse2e1a,0.2193877551020408,0.24427480916030533,-0.024887054058264524
p_3963,t3_3ajn0a,t1_csda1xc,t1_csd7usc,0.36082474226804123,0.4782608695652174,-0.11743612729717617
p_3964,t3_3ajaa6,t1_csd6bdb,t1_csdib45,0.25862068965517243,0.36538461538461536,-0.10676392572944293
p_3965,t3_3aimk2,t1_csd7mip,t1_csd1vz4,0.37628865979381443,0.5528455284552846,-0.17655686866147013
p_3966,t3_3afuie,t1_csc8p2d,t1_cscbdx0,0.33962264150943394,0.2786885245901639,0.06093411691927003
p_3967,t3_3acxa4,t1_csbkvf8,t1_csbgdpk,0.1630695443645084,0.4024390243902439,-0.23936948002573552
p_3968,t3_3aco44,t1_csblx8d,t1_csbjlck,0.3711340206185567,0.4520547945205479,-0.0809207739019912
p_3969,t3_3acm0d,t1_csbe584,t1_csbdx0v,0.30158730158730157,0.32941176470588235,-0.027824463118580778
p_3971,t3_3abfdn,t1_csb9hv6,t1_csb2as0,0.3181818181818182,0.3486238532110092,-0.030442035029191017
p_3972,t3_3abaqq,t1_csb38zu,t1_csb0t4r,0.2643171806167401,0.25547445255474455,0.008842728061995542
p_3976,t3_3a8arj,t1_csb25uo,t1_csa740s,0.5081967213114754,0.609375,-0.10117827868852458
p_3975,t3_3a8arj,t1_csa7uvc,t1_csag2ec,0.42748091603053434,0.5161290322580645,-0.08864811622753016
p_3977,t3_3a7ys8,t1_csa4ppt,t1_csakjm1,0.44954128440366975,0.49019607843137253,-0.04065479402770278
p_3978,t3_3a7ys8,t1_csa41uf,t1_csakjm1,0.5272727272727272,0.49019607843137253,0.0370766488413547
p_3979,t3_3a7ys8,t1_csa7eao,t1_csaftry,0.4233128834355828,0.49038461538461536,-0.06707173194903254
p_3980,t3_3a6yg4,t1_cs9xgqf,t1_csaitas,0.5344827586206896,0.44036697247706424,0.09411578614362537
p_3981,t3_3a6sfg,t1_cs9tnoi,t1_cs9t2mb,0.3076923076923077,0.45652173913043476,-0.14882943143812705
p_3982,t3_3a6sfg,t1_cs9u81l,t1_csa0tu8,0.3008849557522124,0.41025641025641024,-0.10937145450419783
p_3983,t3_3a6sfg,t1_cs9uuka,t1_cs9v38y,0.30434782608695654,0.2647058823529412,0.03964194373401536
p_3985,t3_3a6sfg,t1_cs9ty4c,t1_cs9tcqo,0.19597989949748743,0.3076923076923077,-0.11171240819482028
p_3984,t3_3a6sfg,t1_cs9tqur,t1_csa781a,0.27522935779816515,0.43636363636363634,-0.1611342785654712
p_3986,t3_3a6sfg,t1_csacapm,t1_cs9wsj6,0.22346368715083798,0.25,-0.026536312849162025
p_3987,t3_3a6nix,t1_cs9ymgy,t1_cs9xs4k,0.5660377358490566,0.6984126984126984,-0.13237496256364178
p_3988,t3_3a6nix,t1_csa3hjg,t1_cs9xpu5,0.4777777777777778,0.4291044776119403,0.048673300165837485
p_3989,t3_3a47yn,t1_cs96cyo,t1_cs96mzz,0.16666666666666666,0.19696969696969696,-0.030303030303030304
p_3990,t3_3a44py,t1_cs97753,t1_cs95esh,0.32989690721649484,0.42857142857142855,-0.09867452135493371
p_3991,t3_3a44py,t1_cs94osm,t1_cs95esh,0.40816326530612246,0.42857142857142855,-0.02040816326530609
p_3992,t3_3a44py,t1_cs95hzu,t1_cs95esh,0.43820224719101125,0.42857142857142855,0.009630818619582704
p_3996,t3_3a2kst,t1_cs8otu7,t1_cs8qjhb,0.18823529411764706,0.22580645161290322,-0.03757115749525616
p_3997,t3_3a2kps,t1_cs8oy5s,t1_cs8pl4s,0.38571428571428573,0.3698630136986301,0.015851272015655615
p_3998,t3_3a2kps,t1_cs8w2yw,t1_cs8voy5,0.31333333333333335,0.2962962962962963,0.017037037037037073
p_3999,t3_3a27yg,t1_cs8nx8v,t1_cs8njw2,0.4,0.44086021505376344,-0.040860215053763416
p_4000,t3_3a27yg,t1_cs8u90i,t1_cs8z4yz,0.4482758620689655,0.5131578947368421,-0.06488203266787662
p_4001,t3_3a27yg,t1_cs98bq1,t1_cs8lemy,0.2869822485207101,0.3717948717948718,-0.08481262327416172
p_4002,t3_3a1zva,t1_cs8kcyk,t1_cs8k3ho,0.3333333333333333,0.4264705882352941,-0.09313725490196079
p_4003,t3_3a1llw,t1_cs8f5f6,t1_cs8grh5,0.3717948717948718,0.21830985915492956,0.15348501263994224
p_4004,t3_3a1llw,t1_cs8otpf,t1_cs8epuj,0.32673267326732675,0.3484848484848485,-0.021752175217521763
p_4006,t3_39y3l4,t1_cs7hm0x,t1_cs7hrpe,0.425531914893617,0.5507246376811594,-0.1251927227875424
p_4007,t3_39xc0u,t1_cs7s05a,t1_cs7ksi5,0.16720257234726688,0.2326388888888889,-0.06543631654162202
p_4008,t3_39vjw8,t1_cs6yty8,t1_cs75jk8,0.14469453376205788,0.29559748427672955,-0.15090295051467167
p_4009,t3_39tm84,t1_cs6dg04,t1_cs6p5zn,0.1641025641025641,0.168141592920354,-0.004039028817789891
p_4010,t3_39rlhg,t1_cs604vg,t1_cs5u7z4,0.3404255319148936,0.28688524590163933,0.05354028601325428
p_4011,t3_39rlhg,t1_cs61rw2,t1_cs5u7z4,0.2267080745341615,0.28688524590163933,-0.06017717136747783
p_4012,t3_39r7s6,t1_cs5qjkd,t1_cs5pexs,0.22297297297297297,0.30097087378640774,-0.07799790081343477
p_4013,t3_39pwzl,t1_cs5e1x6,t1_cs5dyl3,0.31343283582089554,0.5342465753424658,-0.22081373952157024
p_4015,t3_39o24x,t1_cs51oox,t1_cs53w1p,0.4496124031007752,0.5428571428571428,-0.0932447397563676
p_4019,t3_39o24x,t1_cs519gf,t1_cs53w1p,0.5211267605633803,0.5428571428571428,-0.021730382293762562
p_4018,t3_39o24x,t1_cs51cou,t1_cs51mes,0.5625,0.64,-0.07750000000000001
p_4020,t3_39mibw,t1_cs4mto6,t1_cs4n3wq,0.3883495145631068,0.40540540540540543,-0.017055890842298638
p_4022,t3_39mgic,t1_cs4lprf,t1_cs6cp67,0.5555555555555556,0.5694444444444444,-0.01388888888888884
p_4024,t3_39kdu2,t1_cs44pon,t1_cs433uj,0.48672566371681414,0.4146341463414634,0.07209151737535074
p_4025,t3_39jwup,t1_cs46pqo,t1_cs4a7ru,0.13533834586466165,0.18287037037037038,-0.04753202450570873
p_4026,t3_39int7,t1_cs3rx5b,t1_cs3s38w,0.4044943820224719,0.41116751269035534,-0.006673130667883442
p_4027,t3_39int7,t1_cs3qpta,t1_cs3s2nm,0.5764705882352941,0.65,-0.07352941176470595
p_4028,t3_39gzr7,t1_cs3agsc,t1_cs3ibde,0.29545454545454547,0.4027777777777778,-0.10732323232323232
p_4029,t3_39gecw,t1_cs34hhp,t1_cs34bq6,0.45454545454545453,0.43478260869565216,0.01976284584980237
p_4032,t3_39fdgq,t1_cs2vs00,t1_cs3vhdu,0.28735632183908044,0.30158730158730157,-0.014230979748221129
p_4034,t3_39cnaw,t1_cs2c2cg,t1_cs2ak8s,0.29891304347826086,0.36666666666666664,-0.06775362318840578
p_4037,t3_39an4v,t1_cs1rnz3,t1_cs1qvzv,0.3076923076923077,0.6086956521739131,-0.3010033444816054
p_4038,t3_3973q1,t1_cs0zdjz,t1_cs0x3jw,0.3629032258064516,0.5138888888888888,-0.15098566308243722
p_4040,t3_396i03,t1_cs0u4rr,t1_cs1pfx6,0.16279069767441862,0.19327731092436976,-0.03048661324995114
p_4041,t3_396ds4,t1_cs0r30x,t1_cs0rkfk,0.43137254901960786,0.34328358208955223,0.08808896693005563
p_4042,t3_396ds4,t1_cs0pu9z,t1_cs0rkfk,0.35772357723577236,0.34328358208955223,0.01443999514622013
p_4045,t3_394d49,t1_cs0kixk,t1_cs0kzwk,0.3557692307692308,0.325,0.03076923076923077
p_4046,t3_393acp,t1_cs0gkne,t1_cs03ftc,0.3106796116504854,0.3673469387755102,-0.05666732712502481
p_4047,t3_391syd,t1_crzm90i,t1_crzmejp,0.32386363636363635,0.3333333333333333,-0.009469696969696961
p_4050,t3_38x3jr,t1_cryip44,t1_crys2g6,0.18617021276595744,0.3018867924528302,-0.11571657968687274
p_4051,t3_38wxwu,t1_cryi2ij,t1_crygq09,0.26666666666666666,0.25742574257425743,0.00924092409240923
p_4052,t3_38wrju,t1_crygoz5,t1_cryxmv8,0.3137254901960784,0.4489795918367347,-0.13525410164065627
p_4054,t3_38s7v1,t1_crxxvxw,t1_crxhlos,0.3409090909090909,0.37777777777777777,-0.036868686868686884
p_4056,t3_38qcbx,t1_crx7b22,t1_crx75t9,0.21138211382113822,0.2235294117647059,-0.01214729794356767
p_4057,t3_38pbd5,t1_crwsbqv,t1_crxjvmc,0.25210084033613445,0.296875,-0.044774159663865554
p_4060,t3_38nv4x,t1_crwj8qj,t1_crwnz8i,0.26,0.4098360655737705,-0.1498360655737705
p_4061,t3_38nv4x,t1_crwoni8,t1_crwub6q,0.24380165289256198,0.3005464480874317,-0.05674479519486972
p_4062,t3_38lqjc,t1_crvzt6q,t1_crvzmx5,0.3118279569892473,0.23225806451612904,0.07956989247311827
p_4063,t3_38kv3z,t1_crwg43c,t1_crxycdw,0.2684563758389262,0.2695035460992908,-0.001047170260364605
p_4064,t3_38ks5m,t1_crvtej9,t1_crvxmr6,0.1411764705882353,0.18686868686868688,-0.045692216280451586
p_4065,t3_38jijq,t1_crvigw7,t1_crvi4ft,0.18781725888324874,0.35555555555555557,-0.16773829667230683
p_4068,t3_38hvec,t1_crv5pod,t1_crva2wu,0.22058823529411764,0.2422360248447205,-0.02164778955060287
p_4070,t3_38hvec,t1_crvb81l,t1_crvbp5u,0.3617021276595745,0.38636363636363635,-0.024661508704061863
p_4071,t3_38esaa,t1_cruufn4,t1_cruhp7v,0.22388059701492538,0.2962962962962963,-0.0724156992813709
p_4072,t3_38ehc6,t1_crug3c6,t1_cruge8m,0.31343283582089554,0.49230769230769234,-0.1788748564867968
p_4073,t3_38ehc6,t1_crufbnb,t1_cruge8m,0.4782608695652174,0.49230769230769234,-0.01404682274247493
p_4074,t3_38b3d9,t1_crtqxff,t1_crtzoqd,0.20224719101123595,0.14746543778801843,0.054781753223217516
p_4075,t3_38ah82,t1_crtkrsw,t1_crtl6k2,0.1384083044982699,0.25263157894736843,-0.11422327444909852
p_4078,t3_3856c4,t1_crsfw83,t1_crsdpxt,0.2765957446808511,0.35185185185185186,-0.07525610717100079
p_4079,t3_383qcb,t1_crs0xzi,t1_crs1phn,0.24528301886792453,0.3333333333333333,-0.08805031446540879
p_4080,t3_383qcb,t1_crs37s2,t1_crs5obi,0.325,0.2411764705882353,0.08382352941176471
p_4081,t3_382uqn,t1_crrvd7b,t1_crsvp2m,0.22580645161290322,0.125,0.10080645161290322
p_4084,t3_382uqn,t1_crsgxg7,t1_crsvp2m,0.1590909090909091,0.125,0.03409090909090909
p_4085,t3_381ey6,t1_crrlwhm,t1_crrsigq,0.26877470355731226,0.2569444444444444,0.011830259112867836
p_4086,t3_381ey6,t1_crrj8n5,t1_crrl2sb,0.3372093023255814,0.3924050632911392,-0.05519576096555784
p_4087,t3_381ey6,t1_crrj6x9,t1_crrsoh1,0.3469387755102041,0.7241379310344828,-0.3771991555242787
p_4088,t3_3814fe,t1_crs7vs7,t1_crrr3vr,0.2682926829268293,0.39622641509433965,-0.12793373216751036
p_4089,t3_3814fe,t1_crrqjbh,t1_crrr3vr,0.23333333333333334,0.39622641509433965,-0.1628930817610063
p_4090,t3_37ypcc,t1_crqzfaw,t1_crrcx9w,0.39285714285714285,0.4307692307692308,-0.037912087912087944
p_4092,t3_37x4xe,t1_crqnq2r,t1_crqlwke,0.2676056338028169,0.2822085889570552,-0.014602955154238317
p_4095,t3_37ug2e,t1_crpxli7,t1_crpxq2o,0.25806451612903225,0.20634920634920634,0.05171530977982591
p_4096,t3_37u8cs,t1_crpxfwt,t1_crq0vt4,0.2222222222222222,0.20987654320987653,0.012345679012345678
p_4098,t3_37te7r,t1_crq15b7,t1_crpr6qy,0.23703703703703705,0.38596491228070173,-0.1489278752436647
p_4100,t3_37scpk,t1_crpm7rq,t1_crphi3e,0.2891566265060241,0.42105263157894735,-0.13189600507292326
p_4099,t3_37scpk,t1_crpjym2,t1_crpj42q,0.3283582089552239,0.32978723404255317,-0.0014290250873292831
p_4101,t3_37r5aa,t1_crp4yya,t1_crp52u5,0.4166666666666667,0.359375,0.057291666666666685
p_4102,t3_37p0d8,t1_crolmg0,t1_cros9jk,0.32051282051282054,0.4307692307692308,-0.11025641025641025
p_4103,t3_37p0d8,t1_crolte5,t1_cror8od,0.23841059602649006,0.3706896551724138,-0.13227905914592375
p_4105,t3_37okwz,t1_crol9eo,t1_crohrkg,0.3902439024390244,0.40540540540540543,-0.015161502966381024
p_4104,t3_37okwz,t1_croli1i,t1_croiuun,0.336734693877551,0.49230769230769234,-0.15557299843014133
p_4107,t3_37nxjn,t1_crotvnl,t1_crobn4e,0.3804347826086957,0.3592233009708738,0.021211481637821883
p_4108,t3_37nv7l,t1_crobgcl,t1_croatus,0.5050505050505051,0.5051546391752577,-0.00010413412475263062
p_4109,t3_37nv7l,t1_crod5fw,t1_crobejx,0.35,0.2831858407079646,0.06681415929203538
p_4113,t3_37jfl3,t1_crn7z3i,t1_crn9n8h,0.3105590062111801,0.18141592920353983,0.12914307700764027
p_4114,t3_37jfl3,t1_cro542n,t1_crn9n8h,0.27102803738317754,0.18141592920353983,0.08961210817963772
p_4115,t3_37jfl3,t1_crn8fep,t1_crnb7qs,0.3228346456692913,0.5,-0.17716535433070868
p_4116,t3_37j0tw,t1_crnmek9,t1_crn4uka,0.37267080745341613,0.36681222707423583,0.0058585803791803
p_4117,t3_37i8f6,t1_crn97hc,t1_crn6u5k,0.22433460076045628,0.29545454545454547,-0.0711199446940892
p_4119,t3_37i8f6,t1_crnc1m6,t1_crn6u5k,0.2345679012345679,0.29545454545454547,-0.06088664421997758
p_4122,t3_37h70b,t1_crnpv8h,t1_crmnqm8,0.22727272727272727,0.32,-0.09272727272727274
p_4124,t3_37h2pb,t1_crmzdc2,t1_crn24i7,0.24019607843137256,0.23948220064724918,0.000713877784123379
p_4125,t3_37gzdo,t1_crmlb6i,t1_crml5su,0.23404255319148937,0.25,-0.015957446808510634
p_4127,t3_37gzdo,t1_crn13m3,t1_crmleve,0.20754716981132076,0.2682926829268293,-0.06074551311550852
p_4126,t3_37gzdo,t1_crmpjd9,t1_crmq520,0.2857142857142857,0.21052631578947367,0.07518796992481203
p_4128,t3_37gq9y,t1_crmtqyf,t1_crmj7w5,0.3142857142857143,0.40268456375838924,-0.08839884947267496
p_4129,t3_37fpzj,t1_crmgunx,t1_crmev4y,0.391304347826087,0.312,0.07930434782608697
p_4130,t3_37e6il,t1_crlxhoh,t1_crlycu1,0.4057971014492754,0.4603174603174603,-0.054520358868184904
p_4131,t3_37e6il,t1_crmbvpl,t1_crmbrw9,0.313953488372093,0.4095238095238095,-0.09557032115171649
p_4132,t3_37c5ei,t1_crmai65,t1_crlk9hq,0.10824742268041238,0.09168443496801706,0.01656298771239531
p_4133,t3_37b2pr,t1_crlhcyw,t1_crld5qe,0.24180327868852458,0.16666666666666666,0.07513661202185792
p_4134,t3_37956u,t1_crku1nj,t1_crktasi,0.28615384615384615,0.41621621621621624,-0.1300623700623701
p_4136,t3_376s9u,t1_crkaoej,t1_crk67b4,0.22580645161290322,0.3103448275862069,-0.08453837597330369
p_4137,t3_376s9u,t1_crkcdfq,t1_crk61cm,0.2376237623762376,0.35365853658536583,-0.11603477420912822
p_4138,t3_375cgq,t1_crjtlue,t1_crkdcxu,0.23478260869565218,0.2878787878787879,-0.05309617918313572
p_4139,t3_375cgq,t1_crju8kq,t1_crju0u6,0.22950819672131148,0.19135802469135801,0.038150172029953466
p_4140,t3_374p4i,t1_crjo7t9,t1_crjoxub,0.3058823529411765,0.3712121212121212,-0.06532976827094472
p_4141,t3_373lxk,t1_crjfcxr,t1_crjh3wk,0.17647058823529413,0.19393939393939394,-0.01746880570409981
p_4146,t3_371vcx,t1_crj0j6i,t1_crj1d9h,0.46153846153846156,0.5333333333333333,-0.07179487179487176
p_4147,t3_371t9v,t1_criyct1,t1_criz1vm,0.24719101123595505,0.2916666666666667,-0.044475655430711636
p_4148,t3_371jts,t1_crj5qge,t1_crj0124,0.2597402597402597,0.5487804878048781,-0.2890402280646184
p_4149,t3_371iek,t1_criw393,t1_criw4gt,0.3333333333333333,0.23923444976076555,0.09409888357256777
p_4151,t3_37131i,t1_crit8xo,t1_crise8t,0.1518987341772152,0.15294117647058825,-0.0010424422933730526
p_4152,t3_37131i,t1_crizuk3,t1_crise8t,0.09615384615384616,0.15294117647058825,-0.05678733031674209
p_4153,t3_370rik,t1_crj6cfx,t1_crj8cj7,0.5617977528089888,0.5147058823529411,0.04709187045604768
p_4154,t3_36wmyv,t1_crhsd0m,t1_crhpets,0.36363636363636365,0.3670886075949367,-0.0034522439585730758
p_4155,t3_36utu6,t1_crhapyz,t1_crhjyof,0.436241610738255,0.49107142857142855,-0.05482981783317353
p_4156,t3_36utu6,t1_crh9yic,t1_crhhhv0,0.47530864197530864,0.5445544554455446,-0.06924581347023595
p_4157,t3_36utu6,t1_crhghlc,t1_crhhhv0,0.5168539325842697,0.5445544554455446,-0.02770052286127489
p_4158,t3_36utu6,t1_crhdevz,t1_crhc46p,0.3651452282157676,0.39545454545454545,-0.030309317238777833
p_4159,t3_36utu6,t1_crhsu1b,t1_crhjyof,0.5111111111111111,0.49107142857142855,0.020039682539682524
p_4160,t3_36utu6,t1_crhkv7d,t1_crhubbh,0.4117647058823529,0.46875,-0.05698529411764708
p_4161,t3_36utu6,t1_crhdith,t1_crhc46p,0.5357142857142857,0.39545454545454545,0.14025974025974025
p_4163,t3_36u3s6,t1_crh9c6f,t1_crh4b3c,0.3275862068965517,0.27472527472527475,0.052860932171276964
p_4164,t3_36tyf9,t1_crh4v0f,t1_crh37pw,0.35276967930029157,0.41935483870967744,-0.06658515940938586
p_4165,t3_36t890,t1_crgxzpm,t1_crhepb2,0.20238095238095238,0.15454545454545454,0.04783549783549784
p_4166,t3_36rxl7,t1_crlw8uo,t1_crgw0wb,0.3333333333333333,0.34,-0.00666666666666671
p_4168,t3_36r305,t1_crgcbrk,t1_crgb0m6,0.3918918918918919,0.5319148936170213,-0.14002300172512938
p_4169,t3_36r305,t1_crgbung,t1_crgk9p9,0.34615384615384615,0.3561643835616438,-0.01001053740779767
p_4170,t3_36r305,t1_crgbjl7,t1_crgfecc,0.45,0.4186046511627907,0.03139534883720929
p_4171,t3_36r305,t1_crgf3i9,t1_crgfecc,0.4520547945205479,0.4186046511627907,0.0334501433577572
p_4172,t3_36r305,t1_crgfk2y,t1_crgfecc,0.2923076923076923,0.4186046511627907,-0.1262969588550984
p_4175,t3_36nz4d,t1_crfsbub,t1_crfkxmv,0.3793103448275862,0.5365853658536586,-0.15727502102607238
p_4176,t3_36nz4d,t1_crfn04f,t1_crfnywz,0.3072289156626506,0.3161290322580645,-0.008900116595413898
p_4177,t3_36ncax,t1_crfgebl,t1_crffh1u,0.15463917525773196,0.17307692307692307,-0.018437747819191108
p_4180,t3_36iee8,t1_cre9a2g,t1_cretabl,0.1796875,0.11146496815286625,0.06822253184713375
p_4181,t3_36iee8,t1_crez4hc,t1_cretabl,0.05701754385964912,0.11146496815286625,-0.054447424293217125
p_4182,t3_36htjx,t1_cre64ad,t1_cre4lsx,0.24647887323943662,0.3135593220338983,-0.06708044879446168
p_4187,t3_36gp4w,t1_crdult8,t1_cree54y,0.45714285714285713,0.5396825396825397,-0.08253968253968252
p_4188,t3_36fnl9,t1_crdkebp,t1_crdk3ku,0.2894736842105263,0.3584905660377358,-0.0690168818272095
p_4189,t3_36fllr,t1_cre4905,t1_crdk6ds,0.5357142857142857,0.34177215189873417,0.19394213381555153
p_4190,t3_36eadt,t1_crd7ceh,t1_crdmuo9,0.20388349514563106,0.34408602150537637,-0.1402025263597453
p_4191,t3_36dprt,t1_crd5jwj,t1_crd60jm,0.14782608695652175,0.1875,-0.039673913043478254
p_4192,t3_36ckmk,t1_crcyaft,t1_crcrx2m,0.27403846153846156,0.3305084745762712,-0.05647001303780963
p_4193,t3_36cadv,t1_crd31fu,t1_crcyh42,0.31724137931034485,0.2891566265060241,0.028084752804320767
p_4195,t3_36az4a,t1_crccjno,t1_crcd94m,0.4791666666666667,0.3178294573643411,0.1613372093023256
p_4196,t3_36az4a,t1_crcdumw,t1_crcd94m,0.3870967741935484,0.3178294573643411,0.06926731682920728
p_4203,t3_366935,t1_crb48sd,t1_crb93o7,0.3783783783783784,0.39215686274509803,-0.013778484366719634
p_4204,t3_366935,t1_crb5ovt,t1_crb4po1,0.34552845528455284,0.59375,-0.24822154471544716
p_4205,t3_366935,t1_crb3q3x,t1_crb93o7,0.44919786096256686,0.39215686274509803,0.05704099821746883
p_4207,t3_3633hr,t1_cracfoy,t1_craetek,0.35555555555555557,0.37037037037037035,-0.01481481481481478
p_4213,t3_362xxo,t1_craazhe,t1_cra7vj8,0.38235294117647056,0.42857142857142855,-0.046218487394957986
p_4212,t3_362xxo,t1_cra91kz,t1_cra8egz,0.336,0.38461538461538464,-0.048615384615384616
p_4208,t3_362xxo,t1_cra9nj2,t1_cra8egz,0.3021276595744681,0.38461538461538464,-0.08248772504091656
p_4209,t3_362xxo,t1_cra9bnt,t1_cra8egz,0.4470588235294118,0.38461538461538464,0.06244343891402715
p_4214,t3_362xxo,t1_crabevn,t1_cra82mu,0.5675675675675675,0.40404040404040403,0.1635271635271635
p_4211,t3_362xxo,t1_cra8ccq,t1_cra85vs,0.475,0.39805825242718446,0.07694174757281552
p_4215,t3_361st8,t1_cr9wx17,t1_craeuvo,0.2689075630252101,0.31958762886597936,-0.050680065840769284
p_4216,t3_361st8,t1_cra0mwx,t1_cra9gv9,0.3333333333333333,0.31875,0.014583333333333337
p_4217,t3_361st8,t1_craiwvx,t1_cra9gv9,0.3314285714285714,0.31875,0.012678571428571428
p_4218,t3_361cys,t1_cr9yzkw,t1_cr9y5g8,0.16581632653061223,0.38461538461538464,-0.2187990580847724
p_4219,t3_361cys,t1_cr9xgc0,t1_cr9t6qc,0.30625,0.41379310344827586,-0.10754310344827583
p_4220,t3_360lwk,t1_cr9nixj,t1_cr9oak1,0.2777777777777778,0.36619718309859156,-0.08841940532081377
p_4221,t3_360du5,t1_cr9k2gr,t1_cr9jhq4,0.3333333333333333,0.41,-0.07666666666666666
p_4222,t3_35zzer,t1_cr9gnue,t1_cr9i6m0,0.3181818181818182,0.3173913043478261,0.0007905138339920903
p_4223,t3_35zi4m,t1_cr9bdwl,t1_cr9fc4y,0.21568627450980393,0.30158730158730157,-0.08590102707749764
p_4224,t3_35zguh,t1_cr9iv5x,t1_cr9h75a,0.195,0.20434782608695654,-0.009347826086956529
p_4226,t3_35z1es,t1_cr96tzb,t1_cr9571k,0.1565217391304348,0.22641509433962265,-0.06989335520918785
p_4227,t3_35z1es,t1_cr99c3w,t1_cr9d0dl,0.13636363636363635,0.1437125748502994,-0.0073489384866630425
p_4228,t3_35y0qf,t1_cr8wgnx,t1_cr8vi2j,0.28991596638655465,0.2802197802197802,0.009696186166774423
p_4229,t3_35wjd8,t1_cr8v07h,t1_cr8jbs1,0.18012422360248448,0.32786885245901637,-0.1477446288565319
p_4230,t3_35w8v2,t1_cr8f3v2,t1_cr8f9ax,0.4523809523809524,0.3564356435643564,0.09594530881659596
p_4231,t3_35w8v2,t1_cr8irdf,t1_cr8gplq,0.2727272727272727,0.2808219178082192,-0.008094645080946483
p_4233,t3_35toyd,t1_cr7qd1b,t1_cr85c8b,0.4375,0.39285714285714285,0.04464285714285715
p_4234,t3_35toyd,t1_cr7oo3y,t1_cr7xf53,0.3673469387755102,0.35384615384615387,0.013500784929356358
p_4235,t3_35sw2p,t1_cr7kk4p,t1_cr7ne8m,0.20454545454545456,0.31092436974789917,-0.10637891520244461
p_4237,t3_35s5bb,t1_cr7fgpo,t1_cr7juob,0.3783783783783784,0.4393939393939394,-0.06101556101556099
p_4240,t3_35ruv5,t1_cr7clfr,t1_cr7cinv,0.40298507462686567,0.4444444444444444,-0.04145936981757875
p_4239,t3_35ruv5,t1_cr7bycz,t1_cr7d0y4,0.27450980392156865,0.2845528455284553,-0.010043041606886627
p_4241,t3_35peeu,t1_cr6ssh1,t1_cr7l53q,0.16605166051660517,0.16595744680851063,9.421370809453711e-05
p_4242,t3_35oag9,t1_cr6dn1m,t1_cr6gxvj,0.5949367088607594,0.44715447154471544,0.147782237316044
p_4243,t3_35oag9,t1_cr6m2hi,t1_cr6gxvj,0.3162393162393162,0.44715447154471544,-0.1309151553053992
p_4244,t3_35mgfp,t1_cr5tt2i,t1_cr68z3e,0.43870967741935485,0.6078431372549019,-0.16913345983554706
p_4245,t3_35mgfp,t1_cr61twj,t1_cr5t999,0.32679738562091504,0.5,-0.17320261437908496
p_4246,t3_35mgfp,t1_cr5rof8,t1_cr68z3e,0.6808510638297872,0.6078431372549019,0.0730079265748853
p_4247,t3_35md5x,t1_cr5qlbl,t1_cr6fywq,0.3356643356643357,0.2962962962962963,0.0393680393680394
p_4249,t3_35k9i9,t1_cr5buw4,t1_cr5km5t,0.38650306748466257,0.5789473684210527,-0.1924443009363901
p_4252,t3_35gi8x,t1_cr4ky6p,t1_cr49czs,0.352112676056338,0.37404580152671757,-0.021933125470379566
p_4253,t3_35gi8x,t1_cr4s724,t1_cr49czs,0.4260355029585799,0.37404580152671757,0.05198970143186232
p_4254,t3_35foy9,t1_cr3z6dk,t1_cr4asiu,0.425531914893617,0.4782608695652174,-0.05272895467160038
p_4257,t3_35foy9,t1_cr3z34g,t1_cr46bgq,0.4791666666666667,0.4378698224852071,0.04129684418145957
p_4258,t3_35foy9,t1_cr45f27,t1_cr4asiu,0.47337278106508873,0.4782608695652174,-0.004888088500128673
p_4260,t3_35fjb1,t1_cr49j5s,t1_cr3xa7x,0.5,0.45714285714285713,0.04285714285714287
p_4262,t3_35bc4b,t1_cr2suj3,t1_cr2s3nt,0.2734375,0.4025157232704403,-0.12907822327044027
p_4263,t3_35bc4b,t1_cr2sadm,t1_cr2soeg,0.4583333333333333,0.3979591836734694,0.06037414965986393
