pair_id,root_id,success_id,failure_id,type_token_ratio_success,type_token_ratio_failure,difference_success_minus_failure
p_1,t3_2ro9ux,t1_cnhplrm,t1_cnhqcwz,0.6746987951807228,0.7386363636363636,-0.0639375684556408
p_2,t3_2ro0ti,t1_cnhuxye,t1_cnhowj2,0.7313432835820896,0.7524752475247525,-0.021131963942662924
p_3,t3_2rnr30,t1_cni3o83,t1_cnhlmdo,0.60828025477707,0.5198237885462555,0.08845646623081449
p_5,t3_2rnfn0,t1_cnigfd9,t1_cnhjtqq,0.44112769485903813,0.4648910411622276,-0.023763346303189492
p_6,t3_2rmy6e,t1_cnhc8a5,t1_cnhmkxc,0.5096952908587258,0.5044722719141324,0.005223018944593427
p_7,t3_2rmy6e,t1_cnhjqws,t1_cnhmkxc,0.47718631178707227,0.5044722719141324,-0.027285960127060083
p_11,t3_2rkzen,t1_cngw4hp,t1_cnhjlf9,0.660377358490566,0.7207207207207207,-0.060343362230154685
p_12,t3_2rkjr3,t1_cngqb7p,t1_cnhhz9u,0.5133531157270029,0.6434108527131783,-0.1300577369861754
p_13,t3_2rk7my,t1_cngooa8,t1_cngpiso,0.4420289855072464,0.593939393939394,-0.1519104084321476
p_14,t3_2rk7my,t1_cngoaq7,t1_cngoke7,0.8181818181818182,0.7580645161290323,0.06011730205278598
p_15,t3_2rgs7o,t1_cngkdic,t1_cnfu7mt,0.6517412935323383,0.7522123893805309,-0.10047109584819258
p_18,t3_2rd7mg,t1_cnetiqi,t1_cnfbr75,0.49169435215946844,0.5273224043715847,-0.03562805221211629
p_19,t3_2rd7mg,t1_cnethg8,t1_cnevo8r,0.8787878787878788,0.7096774193548387,0.16911045943304004
p_20,t3_2rcsdh,t1_cneonwb,t1_cnerq8q,0.6509433962264151,0.6095238095238096,0.04141958670260548
p_21,t3_2rcsdh,t1_cnepre9,t1_cneta9f,0.6993464052287581,0.7446808510638298,-0.045334445835071624
p_22,t3_2rcsdh,t1_cnerrix,t1_cnerq8q,0.6439393939393939,0.6095238095238096,0.034415584415584344
p_24,t3_2rcpqy,t1_cnen833,t1_cneniy0,0.6226415094339622,0.5849056603773585,0.037735849056603765
p_25,t3_2rc3p3,t1_cnelqn6,t1_cnejze0,0.5134228187919463,0.5387931034482759,-0.025370284656329622
p_26,t3_2rawgb,t1_cneyhn7,t1_cnerfm7,0.4215456674473068,0.4776725304465494,-0.05612686299924258
p_28,t3_2r7f0g,t1_cnd8t6p,t1_cnd4xb4,0.6650717703349283,0.6208053691275168,0.04426640120741143
p_29,t3_2r6fw9,t1_cnczhfc,t1_cncxwgs,0.6410256410256411,0.7,-0.058974358974358876
p_30,t3_2r6a86,t1_cncxf4c,t1_cncxj5i,0.46403712296983757,0.5990338164251208,-0.1349966934552832
p_31,t3_2r6a86,t1_cncz7ep,t1_cnd1czm,0.4607218683651805,0.4617996604414261,-0.0010777920762456428
p_32,t3_2r6a86,t1_cncx9n7,t1_cnd9u6t,0.5601659751037344,0.5804597701149425,-0.020293795011208093
p_33,t3_2r5o9o,t1_cncqcjt,t1_cncwesf,0.6516129032258065,0.8,-0.1483870967741936
p_34,t3_2r5o9o,t1_cncp4k9,t1_cncvoxh,0.5979381443298969,0.6,-0.0020618556701030855
p_35,t3_2r5o9o,t1_cncqhhb,t1_cncpluh,0.6272189349112426,0.5777777777777777,0.049441157133464864
p_36,t3_2r4u3k,t1_cncry40,t1_cncnikt,0.8148148148148148,0.4985754985754986,0.31623931623931617
p_37,t3_2r4b8f,t1_cnch3ur,t1_cnchpr4,0.4559748427672956,0.5186567164179104,-0.06268187365061484
p_38,t3_2r3fa4,t1_cnc4l6o,t1_cnc6h09,0.5909090909090909,0.7183098591549296,-0.12740076824583868
p_39,t3_2r39y4,t1_cnc2apj,t1_cnc69pi,0.4691358024691358,0.5877862595419847,-0.11865045707284894
p_41,t3_2r1qfw,t1_cnd3gva,t1_cnbpxtc,0.6037735849056604,0.6076923076923076,-0.0039187227866472885
p_42,t3_2r1omi,t1_cnblplo,t1_cnblyk8,0.8958333333333334,0.7761194029850746,0.11971393034825872
p_43,t3_2r1omi,t1_cnby5pl,t1_cnbl7tt,0.5668202764976958,0.8214285714285714,-0.25460829493087556
p_44,t3_2r17g1,t1_cnbjfmc,t1_cnbjh0e,0.6846846846846847,0.8524590163934426,-0.16777433170875788
p_45,t3_2r0eyf,t1_cncjlq6,t1_cnb8f1r,0.6263736263736264,0.656,-0.02962637362637366
p_47,t3_2r07cv,t1_cnb5yjj,t1_cnbl2z0,0.7419354838709677,0.6496350364963503,0.0923004473746174
p_50,t3_2qzudy,t1_cnb75td,t1_cnb72w5,0.5480769230769231,0.7580645161290323,-0.20998759305210912
p_51,t3_2qy21w,t1_cnaozch,t1_cnaxt0m,0.6911764705882353,0.7391304347826086,-0.047953964194373366
p_52,t3_2qvzyh,t1_cna6cd3,t1_cna4m9p,0.5420560747663551,0.6106194690265486,-0.06856339426019353
p_54,t3_2qu6fg,t1_cn9rm4s,t1_cn9jqcy,0.6179775280898876,0.6764705882352942,-0.05849306014540656
p_55,t3_2qtorn,t1_cn9ejzb,t1_cn9ezot,0.5418502202643172,0.5454545454545454,-0.0036043251902282414
p_56,t3_2qslmz,t1_cn96gyu,t1_cn96797,0.38986556359875907,0.559610705596107,-0.16974514199734797
p_57,t3_2qrlmm,t1_cn8uzj9,t1_cna3vcn,0.8214285714285714,0.7017543859649122,0.11967418546365916
p_58,t3_2qrlmm,t1_cn8va27,t1_cna3vcn,0.5298329355608592,0.7017543859649122,-0.17192145040405304
p_59,t3_2qrbaf,t1_cn9b6ar,t1_cnajqzu,0.6188118811881188,0.6017316017316018,0.017080279456517022
p_60,t3_2qr8gn,t1_cn8tm9p,t1_cn8zxwa,0.6521739130434783,0.6767676767676768,-0.024593763724198525
p_61,t3_2qr8gn,t1_cn9b5po,t1_cn8tfsm,0.4304932735426009,0.4273743016759777,0.0031189718666232435
p_62,t3_2qqxoy,t1_cn8oez8,t1_cn8o8sq,0.5358255451713395,0.6782608695652174,-0.14243532439387785
p_63,t3_2qqa7z,t1_cn8hti0,t1_cn8hi2i,0.53156146179402,0.6030927835051546,-0.07153132171113463
p_64,t3_2qnzap,t1_cn7zx81,t1_cn7wwbo,0.4633663366336634,0.4816753926701571,-0.018309056036493687
p_65,t3_2qnzap,t1_cn7x1ic,t1_cn7zlhv,0.5617529880478087,0.6956521739130435,-0.13389918586523475
p_66,t3_2qnu4z,t1_cn7xcvt,t1_cn8idg6,0.5168269230769231,0.5074626865671642,0.009364236509758928
p_67,t3_2qnu4z,t1_cn7wrhe,t1_cn8idg6,0.6078431372549019,0.5074626865671642,0.10038045068773771
p_68,t3_2qncj3,t1_cn7tqy5,t1_cn7wgim,0.5261324041811847,0.47643979057591623,0.04969261360526844
p_73,t3_2qia6o,t1_cn7l5g4,t1_cn6ogzo,0.5658362989323843,0.5944444444444444,-0.028608145512060146
p_72,t3_2qia6o,t1_cn6rxow,t1_cn6ot0g,0.4773662551440329,0.49233716475095785,-0.014970909606924931
p_74,t3_2qgpie,t1_cn620d0,t1_cn5z7c0,0.47217806041335453,0.796875,-0.32469693958664547
p_77,t3_2qc1rl,t1_cn5sqpz,t1_cn50cq3,0.6378600823045267,0.6137184115523465,0.02414167075218021
p_80,t3_2qaf6l,t1_cn4h6d8,t1_cn4ba9v,0.5895522388059702,0.6754385964912281,-0.08588635768525787
p_81,t3_2q9fkx,t1_cn46e20,t1_cn4ebjb,0.5643153526970954,0.5928571428571429,-0.02854179016004743
p_83,t3_2q6x54,t1_cn3lhe7,t1_cn3f94v,0.6949152542372882,0.7692307692307693,-0.0743155149934811
p_84,t3_2q6k6o,t1_cn3clj6,t1_cn3c0uh,0.49852507374631266,0.44862155388471175,0.04990351986160091
p_85,t3_2q6816,t1_cn3a5px,t1_cn38xe9,0.5327102803738317,0.55,-0.01728971962616832
p_86,t3_2q6816,t1_cn3875x,t1_cn3b495,0.8125,0.7558139534883721,0.0566860465116279
p_90,t3_2q388d,t1_cn2e530,t1_cn2pyft,0.5660377358490566,0.7087378640776699,-0.14270012822861333
p_91,t3_2q388d,t1_cn2eaqu,t1_cn2pyft,0.7727272727272727,0.7087378640776699,0.06398940864960279
p_92,t3_2q388d,t1_cn2re9b,t1_cn2pyft,0.4699367088607595,0.7087378640776699,-0.23880115521691042
p_93,t3_2q388d,t1_cn2e6rz,t1_cn2j7o1,0.6825396825396826,0.8392857142857143,-0.15674603174603174
p_94,t3_2q2cxc,t1_cn28of2,t1_cn2g775,0.6071428571428571,0.5181818181818182,0.08896103896103891
p_96,t3_2q0dpm,t1_cn1ti5g,t1_cn1p49g,0.5880149812734082,0.7547169811320755,-0.1667019998586673
p_101,t3_2pxqz4,t1_cn13ybe,t1_cn0y99z,0.7272727272727273,0.6095238095238096,0.11774891774891771
p_98,t3_2pxqz4,t1_cn11dcw,t1_cn0y99z,0.5581395348837209,0.6095238095238096,-0.051384274640088656
p_99,t3_2pxqz4,t1_cn0znyb,t1_cn0y99z,0.5859872611464968,0.6095238095238096,-0.023536548377312783
p_100,t3_2pxqz4,t1_cn11u7e,t1_cn12dq3,0.5588235294117647,0.5866666666666667,-0.02784313725490195
p_103,t3_2pww37,t1_cn0q1m7,t1_cn0vhkj,0.5032679738562091,0.7611940298507462,-0.2579260559945371
p_105,t3_2pt2b2,t1_cmztgqz,t1_cmzvst5,0.5266666666666666,0.6107784431137725,-0.08411177644710588
p_106,t3_2pt2b2,t1_cmzx0i4,t1_cmzv05o,0.5959595959595959,0.6837606837606838,-0.08780108780108786
p_107,t3_2ps2mr,t1_cmzhxux,t1_cmzyju1,0.46365914786967416,0.5040650406504065,-0.04040589278073231
p_108,t3_2pqfx4,t1_cmzmqbt,t1_cmz3fhx,0.5488069414316703,0.6272189349112426,-0.07841199347957228
p_109,t3_2ppxgu,t1_cmz3fxo,t1_cmz3hz0,0.546742209631728,0.6514285714285715,-0.10468636179684343
p_110,t3_2pp7pp,t1_cmyupjh,t1_cmyxcrc,0.5865102639296188,0.4346238130021914,0.15188645092742742
p_112,t3_2pnm9s,t1_cmytc0t,t1_cmycunf,0.5763888888888888,0.592814371257485,-0.0164254823685962
p_114,t3_2pm08t,t1_cmxwzlp,t1_cmxwyti,0.6078431372549019,0.6737588652482269,-0.06591572799332501
p_116,t3_2pjmrj,t1_cmxddb6,t1_cmxj3jh,0.4270032930845225,0.59375,-0.1667467069154775
p_117,t3_2pjbkm,t1_cmx7wpk,t1_cmx81vs,0.5437262357414449,0.5984555984555985,-0.05472936271415363
p_119,t3_2pjbkm,t1_cmx86kb,t1_cmx81vs,0.4786476868327402,0.5984555984555985,-0.11980791162285825
p_118,t3_2pjbkm,t1_cmx7tet,t1_cmx7r0l,0.7073170731707317,0.6467065868263473,0.06061048634438437
p_120,t3_2pimzj,t1_cmx2c61,t1_cmy635r,0.6382978723404256,0.6016260162601627,0.03667185608026291
p_122,t3_2phwfa,t1_cmwy98c,t1_cmwvzit,0.5641025641025641,0.601010101010101,-0.0369075369075369
p_123,t3_2pfatz,t1_cmw8af0,t1_cmw5dme,0.5654450261780105,0.5192307692307693,0.04621425694724124
p_124,t3_2pf19b,t1_cmw30ng,t1_cmw5vwc,0.5873015873015873,0.5475113122171946,0.0397902750843927
p_125,t3_2pb90y,t1_cmw6nes,t1_cmv8x0x,0.6666666666666666,0.7254901960784313,-0.05882352941176472
p_126,t3_2pata1,t1_cmuzv8n,t1_cmuzku3,0.5812807881773399,0.7236842105263158,-0.14240342234897596
p_128,t3_2pata1,t1_cmv1bja,t1_cmuzw1v,0.5934579439252337,0.717948717948718,-0.1244907740234843
p_129,t3_2pata1,t1_cmv1kvh,t1_cmuzw1v,0.6336633663366337,0.717948717948718,-0.08428535161208428
p_130,t3_2paiy7,t1_cmuuepa,t1_cmuuubv,0.7285714285714285,0.803030303030303,-0.07445887445887445
p_132,t3_2pa8qe,t1_cmvck77,t1_cmuygdo,0.6421052631578947,0.7019230769230769,-0.05981781376518214
p_134,t3_2p8w9e,t1_cmuem3l,t1_cmuesb3,0.6879432624113475,0.5471014492753623,0.1408418131359852
p_135,t3_2p8d3m,t1_cmub3xl,t1_cmuaujo,0.6285714285714286,0.6356589147286822,-0.007087486157253631
p_140,t3_2p3d0h,t1_cmsyikr,t1_cmt2dzd,0.7192982456140351,0.5329341317365269,0.18636411387750818
p_141,t3_2p3d0h,t1_cmszlym,t1_cmszanf,0.46511627906976744,0.5718849840255591,-0.10676870495579166
p_144,t3_2p11bw,t1_cmsf46p,t1_cmsib92,0.7471264367816092,0.6633663366336634,0.08376010014794577
p_145,t3_2p0xu8,t1_cmsgy2p,t1_cmsbh89,0.6047197640117994,0.6601941747572816,-0.055474410745482206
p_148,t3_2ox2nh,t1_cmrepwp,t1_cms5gvq,0.5714285714285714,0.4844290657439446,0.08699950568462678
p_149,t3_2ox2nh,t1_cmrgr22,t1_cms5gvq,0.5672043010752689,0.4844290657439446,0.08277523533132425
p_151,t3_2ouj9f,t1_cmqnl31,t1_cmqrfg1,0.5708502024291497,0.6074498567335244,-0.03659965430437462
p_153,t3_2ottrr,t1_cmqmfx7,t1_cmqnqbl,0.5698630136986301,0.541025641025641,0.028837372672989137
p_155,t3_2osnqc,t1_cmqhv5l,t1_cmresyd,0.4817351598173516,0.6546762589928058,-0.1729410991754542
p_157,t3_2orfda,t1_cmpt6sy,t1_cmpxkl7,0.46442953020134226,0.45384615384615384,0.010583376355188412
p_158,t3_2opfa2,t1_cmpp5ft,t1_cmpbzl7,0.8072289156626506,0.7014925373134329,0.10573637834921779
p_159,t3_2opfa2,t1_cmpb0pv,t1_cmpbzl7,0.7547169811320755,0.7014925373134329,0.053224443818642664
p_162,t3_2ook4i,t1_cmp3ql5,t1_cmp6pe7,0.5446428571428571,0.8095238095238095,-0.26488095238095244
p_163,t3_2ook4i,t1_cmp3sav,t1_cmp6pe7,0.64375,0.8095238095238095,-0.1657738095238095
p_164,t3_2oo3qw,t1_cmp0nen,t1_cmoz1u8,0.5013404825737265,0.463768115942029,0.03757236663169755
p_165,t3_2onx4o,t1_cmpcp85,t1_cmowl2j,0.7075471698113207,0.6390532544378699,0.06849391537345084
p_166,t3_2olm34,t1_cmogsmw,t1_cmobov1,0.6348314606741573,0.6442953020134228,-0.009463841339265477
p_167,t3_2okzs7,t1_cmo88eb,t1_cmo4r1b,0.5202020202020202,0.8072289156626506,-0.2870268954606304
p_168,t3_2okzs7,t1_cmobl8p,t1_cmo50pz,0.5347721822541966,0.5018115942028986,0.03296058805129809
p_170,t3_2okad4,t1_cmo23yr,t1_cmo8tg2,0.569023569023569,0.5891891891891892,-0.02016562016562018
p_171,t3_2okad4,t1_cmo8ojn,t1_cmoaise,0.517799352750809,0.6403508771929824,-0.12255152444217343
p_172,t3_2oj6fq,t1_cmnogog,t1_cmnorxs,0.45076586433260396,0.7325581395348837,-0.28179227520227973
p_173,t3_2oihml,t1_cmnhr07,t1_cmnhhi8,0.6037735849056604,0.5100671140939598,0.09370647081170058
p_176,t3_2od6s9,t1_cmm80hm,t1_cmm6iu4,0.7211538461538461,0.8,-0.0788461538461539
p_177,t3_2o6paa,t1_cmkar1d,t1_cmk90wu,0.4957983193277311,0.6116504854368932,-0.11585216610916205
p_178,t3_2o66aa,t1_cmktxrs,t1_cmkb48q,0.5531400966183575,0.6175115207373272,-0.06437142411896968
p_179,t3_2o3imb,t1_cmjfisw,t1_cmjf4wj,0.5313807531380753,0.78,-0.24861924686192471
p_180,t3_2o2kga,t1_cmj4gzw,t1_cmj4j7t,0.6196319018404908,0.5418181818181819,0.07781372002230891
p_182,t3_2o0cgz,t1_cmijvd2,t1_cmj6omn,0.62,0.5925925925925926,0.027407407407407436
p_184,t3_2nzz4f,t1_cmig3tq,t1_cmigugj,0.46540880503144655,0.5365853658536586,-0.07117656082221202
p_185,t3_2nzz4f,t1_cmig8jp,t1_cmigugj,0.585820895522388,0.5365853658536586,0.04923552966872946
p_188,t3_2nycpk,t1_cmi2cok,t1_cmi07y5,0.5604395604395604,0.6190476190476191,-0.05860805860805862
p_189,t3_2nycpk,t1_cmi0pj8,t1_cmi1upk,0.5836431226765799,0.5407166123778502,0.042926510298729736
p_192,t3_2nvoj9,t1_cmhbmic,t1_cmhh0hd,0.7678571428571429,0.7272727272727273,0.04058441558441561
p_194,t3_2nurqb,t1_cmhj4k1,t1_cmh25d1,0.44963144963144963,0.5560344827586207,-0.10640303312717103
p_197,t3_2ns94k,t1_cmge1ce,t1_cmgdr4w,0.7142857142857143,0.6607142857142857,0.0535714285714286
p_201,t3_2nn1t8,t1_cmf6dis,t1_cmf9lck,0.5306603773584906,0.6075949367088608,-0.07693455935037019
p_203,t3_2nlqpd,t1_cmep4vb,t1_cmescql,0.7543859649122807,0.6774193548387096,0.07696661007357108
p_204,t3_2njpov,t1_cme8uee,t1_cme7zu7,0.5764705882352941,0.48672566371681414,0.08974492451847993
p_207,t3_2nhvh5,t1_cme6tfj,t1_cme00q3,0.5568181818181818,0.4802955665024631,0.07652261531571869
p_208,t3_2nfgyu,t1_cmd8966,t1_cmdakad,0.5642458100558659,0.8153846153846154,-0.25113880532874944
p_210,t3_2nfgyu,t1_cmdtb2g,t1_cmdla4k,0.3557833089311859,0.672,-0.3162166910688141
p_211,t3_2neyur,t1_cmd1tqr,t1_cmd1oh5,0.6436170212765957,0.5971563981042654,0.04646062317233035
p_212,t3_2nejw6,t1_cmcw398,t1_cmcx4w0,0.6573033707865169,0.7692307692307693,-0.11192739844425237
p_213,t3_2ndhkz,t1_cmd8rka,t1_cmco92x,0.6551724137931034,0.6480446927374302,0.007127721055673275
p_214,t3_2nccrb,t1_cmcdwlz,t1_cmcd35f,0.7288135593220338,0.664179104477612,0.06463445484442187
p_215,t3_2nbz5b,t1_cmca2tl,t1_cmcmvds,0.6911764705882353,0.5247524752475248,0.1664239953407105
p_218,t3_2nbeuf,t1_cmcfhk8,t1_cmc4eif,0.6739130434782609,0.6,0.07391304347826089
p_217,t3_2nbeuf,t1_cmcdl7k,t1_cmcs0t1,0.7647058823529411,0.651685393258427,0.11302048909451412
p_222,t3_2n8psp,t1_cmbkvaw,t1_cmbempi,0.504885993485342,0.5776173285198556,-0.07273133503451357
p_224,t3_2n8psp,t1_cmbnpay,t1_cmbzbs2,0.42877094972067037,0.3876478318002628,0.04112311792040757
p_225,t3_2n8psp,t1_cmc2p7e,t1_cmbi6o3,0.5076530612244898,0.6791044776119403,-0.17145141638745043
p_226,t3_2n6s5w,t1_cmav500,t1_cmax5qt,0.5722772277227722,0.6341463414634146,-0.06186911374064241
p_227,t3_2n4aay,t1_cmac7sf,t1_cma6qfq,0.7543859649122807,0.8214285714285714,-0.06704260651629068
p_229,t3_2n2wu5,t1_cm9u4m0,t1_cm9uau6,0.8507462686567164,0.7383177570093458,0.11242851164737067
p_230,t3_2mzkhr,t1_cm931kl,t1_cm92k7o,0.681592039800995,0.6851851851851852,-0.0035931453841901995
p_232,t3_2mw3l4,t1_cm83s8f,t1_cm875yc,0.7524752475247525,0.5897435897435898,0.16273165778116272
p_234,t3_2mv3n4,t1_cm83yv8,t1_cm805jt,0.3853820598006645,0.39467592592592593,-0.009293866125261452
p_236,t3_2mr590,t1_cm6tqwt,t1_cm6umtg,0.6513761467889908,0.7924528301886793,-0.14107668339968849
p_237,t3_2mqzo8,t1_cm6skkb,t1_cm6usez,0.6318681318681318,0.6666666666666666,-0.034798534798534786
p_238,t3_2mqujn,t1_cm7jdj2,t1_cm6wgd3,0.53125,0.5373961218836565,-0.006146121883656486
p_239,t3_2mq7ib,t1_cm6ltar,t1_cm6oe3f,0.6666666666666666,0.7468354430379747,-0.08016877637130804
p_240,t3_2mptvb,t1_cm6m7jr,t1_cm6q0wq,0.4641255605381166,0.3978638184245661,0.06626174211355051
p_241,t3_2mo4fl,t1_cm613kx,t1_cm5zuuo,0.6153846153846154,0.7976190476190477,-0.18223443223443225
p_242,t3_2mnthx,t1_cm5xikh,t1_cm660yf,0.6666666666666666,0.5976095617529881,0.06905710491367856
p_245,t3_2mnthx,t1_cm627rv,t1_cm660yf,0.7160493827160493,0.5976095617529881,0.11843982096306127
p_246,t3_2mnpdh,t1_cm6nlky,t1_cm65r7g,0.6923076923076923,0.5302013422818792,0.16210635002581308
p_248,t3_2mm2dl,t1_cm5j6hr,t1_cm5iqtr,0.5451388888888888,0.6015625,-0.05642361111111116
p_247,t3_2mm2dl,t1_cm5ikfo,t1_cm5imes,0.7032258064516129,0.7191011235955056,-0.015875317143892675
p_249,t3_2mlvww,t1_cm5gv0j,t1_cm5fmvt,0.6260162601626016,0.726027397260274,-0.1000111370976724
p_250,t3_2mikc0,t1_cm4o1vc,t1_cm4l9f4,0.5645645645645646,0.7887323943661971,-0.22416782980163252
p_251,t3_2mfr85,t1_cm3vvc3,t1_cm3xij2,0.6752577319587629,0.6012658227848101,0.07399190917395282
p_252,t3_2mfr85,t1_cm3wzw1,t1_cm3s6tg,0.443717277486911,0.6119402985074627,-0.1682230210205517
p_255,t3_2mczo6,t1_cm330i1,t1_cm36hij,0.8,0.7638888888888888,0.036111111111111205
p_257,t3_2m9le3,t1_cm2e6er,t1_cm31flt,0.5572289156626506,0.45353982300884954,0.10368909265380111
p_258,t3_2m9le3,t1_cm2g5du,t1_cm31flt,0.45454545454545453,0.45353982300884954,0.0010056315366049895
p_259,t3_2m9ifg,t1_cm26bmh,t1_cm2cio0,0.7846153846153846,0.7068965517241379,0.0777188328912467
p_260,t3_2m5248,t1_cm11puj,t1_cm1w5lh,0.6020408163265306,0.6868686868686869,-0.08482787054215624
p_261,t3_2m34jb,t1_cm0licf,t1_cm0sbmk,0.39329608938547483,0.4495726495726496,-0.05627656018717475
p_262,t3_2lzrmg,t1_clzo5rz,t1_clzn6zp,0.5794871794871795,0.6071428571428571,-0.027655677655677557
p_263,t3_2lzrmg,t1_clzq2xu,t1_clzow1h,0.6176470588235294,0.42379679144385024,0.1938502673796792
p_264,t3_2lzhcj,t1_clzk61h,t1_clzmzlv,0.6914893617021277,0.7241379310344828,-0.03264856933235505
p_265,t3_2lxha7,t1_clz4fjz,t1_clz6u94,0.5154394299287411,0.725,-0.20956057007125883
p_266,t3_2lxha7,t1_clz6dii,t1_clz2zlh,0.4619771863117871,0.7310924369747899,-0.2691152506630028
p_267,t3_2lxha7,t1_clz6jmw,t1_clz6u94,0.4611973392461197,0.725,-0.26380266075388026
p_268,t3_2lwzlt,t1_clyyqcm,t1_clyz82q,0.5923566878980892,0.5707070707070707,0.021649617191018433
p_269,t3_2lwzlt,t1_clz3eem,t1_clyzhrn,0.4983164983164983,0.6479591836734694,-0.14964268535697106
p_270,t3_2lwv67,t1_clywrsu,t1_clywnxb,0.6039215686274509,0.6962962962962963,-0.09237472766884536
p_272,t3_2lvdpt,t1_clykbog,t1_clyi7eq,0.5909090909090909,0.7117117117117117,-0.12080262080262072
p_274,t3_2lvano,t1_clyh39w,t1_clyhfb1,0.8,0.7205882352941176,0.0794117647058824
p_275,t3_2luhkp,t1_clyejs2,t1_clyfg14,0.6020408163265306,0.7971014492753623,-0.1950606329488317
p_277,t3_2ls0mt,t1_clxsuzu,t1_clxs28i,0.5447761194029851,0.7328767123287672,-0.18810059292578207
p_278,t3_2lrnbm,t1_clxhtmt,t1_clxl2fj,0.6596858638743456,0.6881720430107527,-0.028486179136407164
p_279,t3_2lqmp9,t1_clxaoqd,t1_clxmady,0.7894736842105263,0.6946107784431138,0.09486290576741252
p_283,t3_2lorq2,t1_clwr4fw,t1_clwvc1q,0.4648241206030151,0.46078431372549017,0.004039806877524921
p_286,t3_2lo786,t1_clwsiei,t1_clwl8yv,0.5083932853717026,0.5603448275862069,-0.051951542214504265
p_287,t3_2lo786,t1_clwrur8,t1_clwvtrz,0.6554054054054054,0.6695652173913044,-0.014159811985898996
p_289,t3_2llfy2,t1_clvxvqf,t1_clvyf5z,0.5577557755775577,0.6857142857142857,-0.127958510136728
p_288,t3_2llfy2,t1_clvxvbb,t1_clvyf5z,0.6487603305785123,0.6857142857142857,-0.036953955135773375
p_290,t3_2ljn6y,t1_clvf7hk,t1_clvgued,0.5704697986577181,0.7454545454545455,-0.1749847467968274
p_291,t3_2ljn6y,t1_clvf3sn,t1_clvg96j,0.5983935742971888,0.6033519553072626,-0.004958381010073842
p_293,t3_2lhzxl,t1_cluxxzr,t1_cluy5d5,0.6035502958579881,0.7321428571428571,-0.12859256128486896
p_294,t3_2lhzxl,t1_cluy594,t1_cluzvgm,0.6145251396648045,0.5344827586206896,0.08004238104411487
p_296,t3_2le6r2,t1_cltxkan,t1_cltxdco,0.6,0.7363636363636363,-0.13636363636363635
p_298,t3_2ldsgu,t1_cltyfh2,t1_cltt3fn,0.6586538461538461,0.5743801652892562,0.08427368086458997
p_302,t3_2l9paa,t1_clspte1,t1_clsvj5h,0.6829268292682927,0.6666666666666666,0.016260162601626105
p_303,t3_2l6x4s,t1_cls2ahn,t1_cls2eiw,0.6370967741935484,0.8055555555555556,-0.1684587813620072
p_305,t3_2l6s0m,t1_cls56tt,t1_cls5hqx,0.5481283422459893,0.5133239831697055,0.034804359076283764
p_306,t3_2l3xj1,t1_clrpq69,t1_clrfe8c,0.7372881355932204,0.7037037037037037,0.03358443188951665
p_307,t3_2kypt8,t1_clpvnyi,t1_clpvnbz,0.7323943661971831,0.6033057851239669,0.1290885810732162
p_308,t3_2kypt8,t1_clpwjwi,t1_clpzajn,0.6388888888888888,0.6153846153846154,0.02350427350427342
p_309,t3_2kx0t8,t1_clphwg9,t1_clpl2cj,0.7674418604651163,0.7941176470588235,-0.026675786593707174
p_311,t3_2kuu7n,t1_clp4w50,t1_cloyjd8,0.6741573033707865,0.5854430379746836,0.08871426539610294
p_310,t3_2kuu7n,t1_clp4b7x,t1_clp3n3x,0.5376623376623376,0.5546875,-0.01702516233766238
p_313,t3_2kqfel,t1_clnulai,t1_clntjxy,0.7590361445783133,0.5586206896551724,0.20041545492314083
p_314,t3_2kqfel,t1_clnttl9,t1_clomsf7,0.6069651741293532,0.584,0.022965174129353283
p_315,t3_2kose9,t1_clnb50a,t1_clnb6hg,0.4626334519572954,0.5874439461883408,-0.12481049423104545
p_316,t3_2ko5tx,t1_cln523m,t1_cln4fit,0.46120689655172414,0.6857142857142857,-0.22450738916256158
p_318,t3_2kkqbm,t1_clmbeod,t1_clm9hyb,0.4766949152542373,0.5569948186528497,-0.08029990339861243
p_319,t3_2kko3q,t1_clm9cj5,t1_clmew0k,0.6,0.72,-0.12
p_322,t3_2kko3q,t1_clmb52s,t1_clm9cuo,0.4779299847792998,0.4469820554649266,0.030947929314373235
p_324,t3_2kk7pc,t1_clm4luc,t1_clm2hsa,0.6995073891625616,0.6923076923076923,0.00719969685486932
p_325,t3_2kgrtb,t1_cll64ro,t1_cll7z9y,0.5918367346938775,0.5560538116591929,0.035782923034684666
p_326,t3_2kgrtb,t1_cll6vkk,t1_cll7z9y,0.5374331550802139,0.5560538116591929,-0.018620656578978934
p_328,t3_2kdqq8,t1_clkkhs8,t1_clktv9z,0.6423076923076924,0.5490196078431373,0.09328808446455505
p_330,t3_2kcnzq,t1_clk2ygk,t1_clk0kv6,0.8076923076923077,0.6045197740112994,0.2031725336810083
p_331,t3_2kacra,t1_cljftmb,t1_cljqwum,0.6515151515151515,0.5075187969924813,0.14399635452267023
p_332,t3_2ka7la,t1_cljglg2,t1_cljepyl,0.7244897959183674,0.6625766871165644,0.06191310880180301
p_333,t3_2k7hdx,t1_clirc4j,t1_clio0tt,0.6972477064220184,0.8297872340425532,-0.13253952762053478
p_334,t3_2k6r90,t1_clih2os,t1_clih4bd,0.5216637781629117,0.5310344827586206,-0.00937070459570899
p_335,t3_2k6r90,t1_clij0jm,t1_clih4bd,0.46074646074646075,0.5310344827586206,-0.07028802201215989
p_336,t3_2k6r90,t1_cliklzw,t1_cligqv5,0.6441441441441441,0.6348547717842323,0.009289372359911785
p_337,t3_2k6r90,t1_clifxg1,t1_cligjkm,0.5588235294117647,0.8846153846153846,-0.32579185520361986
p_338,t3_2k6gif,t1_clicob1,t1_clifs1j,0.6883116883116883,0.5705705705705706,0.11774111774111773
p_339,t3_2k4hym,t1_clhtpwj,t1_clhv3j1,0.7090909090909091,0.8289473684210527,-0.11985645933014355
p_340,t3_2k49mm,t1_clhusz2,t1_clhupbu,0.55,0.7252747252747253,-0.1752747252747252
p_341,t3_2k3k0f,t1_clhk37s,t1_clhkbr9,0.5952380952380952,0.6475409836065574,-0.0523028883684622
p_342,t3_2k3k0f,t1_clhqb2i,t1_clhkbr9,0.5189003436426117,0.6475409836065574,-0.1286406399639457
p_343,t3_2k38kl,t1_clhr282,t1_clhhr4x,0.7410714285714286,0.7258064516129032,0.015264976958525356
p_344,t3_2k36w0,t1_clhgvwv,t1_cli2kib,0.627906976744186,0.6240601503759399,0.003846826368246181
p_345,t3_2k36w0,t1_cli8oco,t1_clhjrth,0.3057384760112888,0.34062927496580025,-0.03489079895451147
p_346,t3_2k2szz,t1_clhdjlr,t1_clhg601,0.7157894736842105,0.7654320987654321,-0.049642625081221525
p_347,t3_2k1utj,t1_clh4smk,t1_clh4kow,0.56,0.8,-0.24
p_348,t3_2k1utj,t1_clh4t7a,t1_clhgd1b,0.5,0.6666666666666666,-0.16666666666666663
p_349,t3_2k1utj,t1_clhb9mi,t1_clh4kow,0.6882352941176471,0.8,-0.11176470588235299
p_351,t3_2k1puo,t1_clh63i4,t1_clh5f05,0.7383720930232558,0.7256637168141593,0.012708376209096484
p_352,t3_2k1puo,t1_clh65uf,t1_clhvr2d,0.383025027203482,0.5741324921135647,-0.19110746491008263
p_353,t3_2k1puo,t1_clh65j4,t1_clhvr2d,0.5827814569536424,0.5741324921135647,0.00864896484007771
p_354,t3_2k1puo,t1_cli979e,t1_clhkzsx,0.6936936936936937,0.6428571428571429,0.05083655083655081
p_355,t3_2k19cr,t1_clgz4c8,t1_clh5opp,0.6666666666666666,0.6911764705882353,-0.02450980392156865
p_357,t3_2k19cr,t1_clgz8mq,t1_clh4fvz,0.45807770961145194,0.5369127516778524,-0.07883504206640041
p_358,t3_2k17kl,t1_clhphu8,t1_clgytu5,,0.6907216494845361,
p_359,t3_2k16fy,t1_clh464b,t1_clh7dae,0.8181818181818182,0.6220472440944882,0.19613457408733004
p_360,t3_2k0t4m,t1_clh2kiw,t1_cliiz93,0.5909090909090909,0.54375,0.047159090909090984
p_362,t3_2k08pw,t1_clgrnar,t1_clgppqb,0.5084033613445378,0.5449101796407185,-0.03650681829618074
p_367,t3_2jvv3h,t1_clfmf4m,t1_clfkc2t,0.7627118644067796,0.6354166666666666,0.127295197740113
p_368,t3_2jug85,t1_clf92x6,t1_clfbqwz,0.6928104575163399,0.7093023255813954,-0.016491868065055537
p_369,t3_2jug85,t1_clf7frm,t1_clffyeo,0.6917808219178082,0.6583333333333333,0.03344748858447488
p_370,t3_2ju07o,t1_clf6o33,t1_clf2f0m,0.5833333333333334,0.6071428571428571,-0.023809523809523725
p_371,t3_2jtpcj,t1_clf007u,t1_clf0si6,0.512396694214876,0.7363636363636363,-0.22396694214876034
p_372,t3_2jr2px,t1_clec1be,t1_clefsfa,0.6431535269709544,0.634020618556701,0.009132908414253404
p_373,t3_2jpazx,t1_cldtopl,t1_cldtw4w,0.5708333333333333,0.631578947368421,-0.060745614035087714
p_374,t3_2jp9x4,t1_cldt2z1,t1_cldu76n,0.5893719806763285,0.6869565217391305,-0.09758454106280201
p_375,t3_2jp9x4,t1_clekeze,t1_clegi91,0.5658914728682171,0.75,-0.18410852713178294
p_378,t3_2jk5tw,t1_clciqy4,t1_clcualb,0.42557651991614254,0.7142857142857143,-0.28870919436957176
p_380,t3_2jk4dx,t1_clcyeh9,t1_clcuzkf,0.5087719298245614,0.84,-0.33122807017543854
p_382,t3_2jgtvo,t1_clbpx86,t1_clbm2rj,0.6355140186915887,0.6351351351351351,0.00037888355645365746
p_383,t3_2jd1e2,t1_clal24g,t1_clanf9e,0.5239005736137667,0.7459016393442623,-0.2220010657304956
p_384,t3_2jd1e2,t1_clarvlb,t1_clanf9e,0.5441860465116279,0.7459016393442623,-0.2017155928326344
p_385,t3_2jd1e2,t1_claktmk,t1_clanf9e,0.7090909090909091,0.7459016393442623,-0.03681073025335324
p_387,t3_2jaz9o,t1_claaior,t1_cla6j13,0.7043478260869566,0.639344262295082,0.06500356379187455
p_388,t3_2jalt8,t1_clawz3s,t1_cla00dw,0.503731343283582,0.6210526315789474,-0.11732128829536537
p_389,t3_2jalrh,t1_cl9xfk4,t1_cl9zbqs,0.6116504854368932,0.7285714285714285,-0.11692094313453538
p_390,t3_2jaiv1,t1_cl9wvir,t1_cl9x4n6,0.5643564356435643,0.589622641509434,-0.025266205865869695
p_391,t3_2j7xhu,t1_cl97sqh,t1_cl96t4g,0.7528089887640449,0.835820895522388,-0.08301190675834313
p_394,t3_2j7gwy,t1_cl96wx9,t1_cl9fm82,0.4685714285714286,0.4726027397260274,-0.004031311154598816
p_395,t3_2j7gwy,t1_cl9cn39,t1_cl9dn9l,0.5512820512820513,0.68,-0.12871794871794873
p_396,t3_2j7d65,t1_cl91nh6,t1_cl91k1d,0.5503355704697986,0.7796610169491526,-0.22932544647935393
p_398,t3_2j6t16,t1_cl92lzn,t1_cl97wok,0.6193181818181818,0.49127906976744184,0.12803911205073992
p_400,t3_2j5jvu,t1_cl9bkpg,t1_cl8o6tc,0.3980309423347398,0.6879432624113475,-0.2899123200766077
p_403,t3_2j3b5u,t1_cl80w0h,t1_cl8gnj4,0.77,0.6305732484076433,0.13942675159235673
p_407,t3_2j3b5u,t1_cl8dhjd,t1_cl85v1i,0.6286919831223629,0.5076923076923077,0.12099967543005519
p_406,t3_2j3b5u,t1_cl89ycu,t1_cl85v1i,0.5162689804772235,0.5076923076923077,0.008576672784915806
p_408,t3_2j3aav,t1_cl840b4,t1_cl849y1,0.643312101910828,0.6086956521739131,0.03461644973691491
p_409,t3_2j28la,t1_cl7q1dy,t1_cl858g0,0.6548672566371682,0.7301587301587301,-0.07529147352156196
p_410,t3_2j28la,t1_cl7p4at,t1_cl83vyl,0.6503067484662577,0.6666666666666666,-0.01635991820040894
p_411,t3_2j28la,t1_cl7ri4n,t1_cl858g0,0.5019455252918288,0.7301587301587301,-0.22821320486690133
p_412,t3_2j28la,t1_cl81bji,t1_cl858g0,0.465324384787472,0.7301587301587301,-0.2648343453712581
p_413,t3_2j196u,t1_cl7nh5y,t1_cl7qbkn,0.5483870967741935,0.5263157894736842,0.022071307300509324
p_415,t3_2izt1m,t1_cl7icjq,t1_cl7elqy,0.6768060836501901,0.7023809523809523,-0.0255748687307622
p_416,t3_2izt1m,t1_cl7sekd,t1_cl75zb3,0.40428790199081166,0.59375,-0.18946209800918834
p_418,t3_2izjkk,t1_cl6xo3s,t1_cl74g9q,0.6228571428571429,0.7218934911242604,-0.09903634826711749
p_419,t3_2izjkk,t1_cl6ygkg,t1_cl6xy7n,0.5397196261682243,0.5025510204081632,0.03716860576006109
p_420,t3_2izeqi,t1_cl6wpkg,t1_cl6w17t,0.5371287128712872,0.5433070866141733,-0.006178373742886101
p_422,t3_2ixmih,t1_cl6muq9,t1_cl6mipr,0.5112781954887218,0.6231884057971014,-0.11191021030837967
p_423,t3_2ixmih,t1_cl6ozsr,t1_cl6o7jv,0.4656188605108055,0.632183908045977,-0.16656504753517154
p_427,t3_2ixatz,t1_cl8dw9u,t1_cl6g9da,0.8709677419354839,0.43407407407407406,0.4368936678614098
p_425,t3_2ixatz,t1_cl6fauf,t1_cl6z31r,0.649746192893401,0.8513513513513513,-0.20160515845795035
p_426,t3_2ixatz,t1_cl6iqft,t1_cl6gf5b,0.8352941176470589,0.7972972972972973,0.037996820349761595
p_428,t3_2iwzsp,t1_cl6ay84,t1_cl6c988,0.5277777777777778,0.6091954022988506,-0.08141762452107282
p_429,t3_2iwzsp,t1_cl6bhfy,t1_cl6c988,0.7857142857142857,0.6091954022988506,0.1765188834154351
p_430,t3_2iwveo,t1_cl6b8u3,t1_cl69lxd,0.45869565217391306,0.5276752767527675,-0.06897962457885443
p_431,t3_2iwveo,t1_cl800qa,t1_cl69lxd,0.5,0.5276752767527675,-0.027675276752767486
p_432,t3_2ivx0l,t1_cl67lqu,t1_cl67bty,0.6458333333333334,0.6285714285714286,0.01726190476190481
p_434,t3_2iv4za,t1_cl5slm3,t1_cl5s53p,0.7162162162162162,0.71,0.006216216216216264
p_435,t3_2iuaxc,t1_cl5nwpb,t1_cl5jk46,0.53125,0.6504854368932039,-0.11923543689320393
p_437,t3_2isiv7,t1_cl525xl,t1_cl549xt,0.5441176470588235,0.8035714285714286,-0.2594537815126051
p_439,t3_2irrk7,t1_cl4wjj0,t1_cl4u4v3,0.43973941368078173,0.6686390532544378,-0.2288996395736561
p_438,t3_2irrk7,t1_cl4wdvv,t1_cl52znp,0.5254237288135594,0.5028901734104047,0.022533555403154715
p_440,t3_2irrk7,t1_cl4y7m2,t1_cl58m5a,0.4586894586894587,0.5669014084507042,-0.10821194976124554
p_441,t3_2ir1vh,t1_cl4nafc,t1_cl4pno4,0.4878048780487805,0.6766917293233082,-0.18888685127452776
p_443,t3_2iovvi,t1_cl43i7i,t1_cl42uon,0.6666666666666666,0.6577777777777778,0.008888888888888835
p_444,t3_2inzpj,t1_cl3wpb9,t1_cl3udkv,0.5,0.7479674796747967,-0.2479674796747967
p_445,t3_2ina28,t1_cl3s9jc,t1_cl3neuz,0.6263736263736264,0.7014925373134329,-0.0751189109398065
p_449,t3_2il3zi,t1_cl3rzx9,t1_cl3bvmc,0.5377358490566038,0.5025906735751295,0.03514517548147422
p_450,t3_2ikw3y,t1_cl371yt,t1_cl333zm,0.6024590163934426,0.6666666666666666,-0.06420765027322406
p_451,t3_2iht9m,t1_cl2lqsw,t1_cl2gvmp,0.6165644171779141,0.717391304347826,-0.10082688716991195
p_452,t3_2igw1u,t1_cl25sfq,t1_cl22odo,0.4206989247311828,0.5202702702702703,-0.09957134553908747
p_453,t3_2idrbt,t1_cl1a71q,t1_cl1ab8j,0.5124555160142349,0.6863905325443787,-0.17393501653014376
p_454,t3_2idrbt,t1_cl1duod,t1_cl1dfkj,0.7851851851851852,0.6446700507614214,0.14051513442376384
p_455,t3_2icu72,t1_cl11doa,t1_cl1s0iw,0.7073170731707317,0.7469879518072289,-0.03967087863649721
p_456,t3_2ia71k,t1_cl0aa4e,t1_cl09ezh,0.680327868852459,0.6114285714285714,0.06889929742388756
p_457,t3_2ia687,t1_cl09frn,t1_cl0qx79,0.561965811965812,0.5627906976744186,-0.0008248857086066153
p_460,t3_2i87x9,t1_ckzt3jo,t1_ckzrx1b,0.7789473684210526,0.6666666666666666,0.11228070175438598
p_461,t3_2i7mpy,t1_ckzo815,t1_ckzptel,0.4406779661016949,0.5420792079207921,-0.10140124181909721
p_464,t3_2i74db,t1_ckzhoas,t1_ckzmg42,0.7083333333333334,0.5285285285285285,0.17980480480480487
p_466,t3_2i74db,t1_ckzk199,t1_ckzh5vf,0.6461538461538462,0.7241379310344828,-0.07798408488063657
p_465,t3_2i74db,t1_ckzhr6u,t1_ckzmg42,0.5818181818181818,0.5285285285285285,0.053289653289653294
p_467,t3_2i74db,t1_ckzp8g2,t1_ckzhplg,0.6162790697674418,0.6752136752136753,-0.05893460544623341
p_468,t3_2i74db,t1_cl0olzx,t1_ckzivxw,0.5866666666666667,0.7153846153846154,-0.12871794871794873
p_469,t3_2i6wcg,t1_ckzjivu,t1_ckzqgtr,0.5520833333333334,0.5643153526970954,-0.012232019363762059
p_470,t3_2i6sq2,t1_ckzd013,t1_ckzmvnc,0.7592592592592593,0.8823529411764706,-0.12309368191721126
p_472,t3_2i53gm,t1_ckyxxzr,t1_ckzkrjm,0.6705882352941176,0.75,-0.0794117647058824
p_474,t3_2i53gm,t1_ckyxdye,t1_ckyz4tk,0.7166666666666667,0.8181818181818182,-0.10151515151515156
p_473,t3_2i53gm,t1_ckz0h04,t1_ckzj5lk,0.47096774193548385,0.4920212765957447,-0.02105353466026083
p_475,t3_2i4ujn,t1_ckz1of3,t1_ckyu5rm,0.43478260869565216,0.6070038910505836,-0.17222128235493145
p_476,t3_2i48ap,t1_ckyt6o8,t1_ckyqbf3,0.47752808988764045,0.6193181818181818,-0.14179009193054132
p_477,t3_2i1d99,t1_ckxyj6k,t1_cky3jbs,0.6014760147601476,0.7241379310344828,-0.1226619162743352
p_479,t3_2i0v1l,t1_ckxu8a4,t1_cky4z54,0.5233918128654971,0.47384615384615386,0.04954565901934321
p_480,t3_2i0v1l,t1_ckxvp3i,t1_cky4z54,0.717741935483871,0.47384615384615386,0.24389578163771714
p_481,t3_2i0v1l,t1_ckxu3sn,t1_cky4z54,0.6595744680851063,0.47384615384615386,0.18572831423895247
p_483,t3_2i0v1l,t1_ckxu3jp,t1_cky4z54,0.5089686098654709,0.47384615384615386,0.03512245601931702
p_482,t3_2i0v1l,t1_cky0241,t1_ckyf89q,0.5476190476190477,0.5519348268839104,-0.004315779264862707
p_484,t3_2hzyl1,t1_cky1hsp,t1_ckxtqoy,0.751937984496124,0.5013054830287206,0.25063250146740346
p_485,t3_2hxjbt,t1_ckx3oiu,t1_ckwx420,0.5311475409836065,0.6808510638297872,-0.14970352284618071
p_486,t3_2hxjbt,t1_ckx4axr,t1_ckwx420,0.5868055555555556,0.6808510638297872,-0.09404550827423164
p_488,t3_2hwulu,t1_ckwq1jd,t1_ckwq945,0.7288135593220338,0.6767676767676768,0.05204588255435705
p_490,t3_2htrl3,t1_ckw2y0n,t1_ckvy6x4,0.5877862595419847,0.640495867768595,-0.052709608226610305
p_491,t3_2htk52,t1_ckvvxkp,t1_ckvx0ev,0.5670103092783505,0.7884615384615384,-0.22145122918318794
p_492,t3_2htk52,t1_ckvxkvc,t1_ckvx0ev,0.8333333333333334,0.7884615384615384,0.044871794871794934
p_493,t3_2hr75i,t1_ckv9zqs,t1_ckv9rr3,0.680672268907563,0.6694915254237288,0.011180743483834243
p_496,t3_2hpa2d,t1_ckuqod3,t1_ckuzhiu,0.6216216216216216,0.7062146892655368,-0.08459306764391517
p_498,t3_2ho91q,t1_ckvcw78,t1_ckuhjc3,0.7802197802197802,0.75,0.030219780219780223
p_499,t3_2hiuav,t1_ckt28ag,t1_ckt2g63,0.4221879815100154,0.5523809523809524,-0.130192970870937
p_500,t3_2hfggr,t1_cks62en,t1_cks5dxq,0.5124378109452736,0.4520547945205479,0.06038301642472571
p_501,t3_2hevmr,t1_cks71oj,t1_cks21ow,0.4814264487369985,0.3946980854197349,0.08672836331726363
p_503,t3_2hcsbm,t1_ckrirh7,t1_ckrgs3i,0.6560509554140127,0.5602836879432624,0.09576726747075026
p_504,t3_2hcsbm,t1_ckrm2w9,t1_ckrhha6,0.588477366255144,0.5608695652173913,0.027607801037752733
p_505,t3_2hcri1,t1_ckrh2wh,t1_ckrggw4,0.6288659793814433,0.6626506024096386,-0.03378462302819529
p_506,t3_2hcri1,t1_ckrjgy3,t1_ckrggw4,0.6896551724137931,0.6626506024096386,0.02700457000415457
p_508,t3_2h86d3,t1_ckqarz7,t1_ckqhhuu,0.6425339366515838,0.4708097928436911,0.17172414380789264
p_509,t3_2h86d3,t1_ckqafe5,t1_ckqce1l,0.5648148148148148,0.7590361445783133,-0.19422132976349848
p_511,t3_2h4eyz,t1_ckpc76o,t1_ckp9n1i,0.8245614035087719,0.7796610169491526,0.044900386559619365
p_513,t3_2h0jzj,t1_ckohl81,t1_ckodwsx,0.4782608695652174,0.6278026905829597,-0.14954182101774227
p_514,t3_2h0jzj,t1_ckoe0hf,t1_ckodwsx,0.5494252873563218,0.6278026905829597,-0.07837740322663789
p_516,t3_2gzzdj,t1_cko4w0c,t1_cko704v,0.6982758620689655,0.6474820143884892,0.050793847680476345
p_519,t3_2gydya,t1_cknrbir,t1_cknn53g,0.593607305936073,0.4835164835164835,0.1100908224195895
p_520,t3_2gydya,t1_ckoa0em,t1_ckoa7jr,0.5496688741721855,0.6710526315789473,-0.12138375740676188
p_522,t3_2gutfw,t1_ckmqhcy,t1_ckmsmic,0.631578947368421,0.6197183098591549,0.011860637509266136
p_523,t3_2gutfw,t1_ckmsso5,t1_ckmp2m8,0.43386243386243384,0.6210526315789474,-0.18719019771651357
p_524,t3_2gutfw,t1_ckmpz17,t1_ckn0chh,0.5967078189300411,0.75,-0.1532921810699589
p_525,t3_2gsjt4,t1_ckm3eez,t1_ckm57gi,0.5769230769230769,0.42702702702702705,0.14989604989604982
p_526,t3_2gsjkx,t1_ckm3upz,t1_ckm3me9,0.5270935960591133,0.6774193548387096,-0.1503257587795963
p_527,t3_2gscl8,t1_ckm3j6s,t1_ckm1x6y,0.5947712418300654,0.6596638655462185,-0.06489262371615312
p_529,t3_2gpy69,t1_cklkgsr,t1_cklrd7q,0.7045454545454546,0.8108108108108109,-0.10626535626535627
p_532,t3_2gmkz2,t1_ckkm4uh,t1_ckkl832,0.7948717948717948,0.7450980392156863,0.04977375565610853
p_534,t3_2glozx,t1_ckkahw7,t1_ckkcrue,0.8082191780821918,0.49206349206349204,0.31615568601869976
p_535,t3_2glozx,t1_ckkb7k5,t1_ckkcgtt,0.6071428571428571,0.672,-0.06485714285714295
p_536,t3_2gliyk,t1_ckk9blv,t1_ckk9cif,0.5484949832775919,0.5544217687074829,-0.005926785429891002
p_537,t3_2gliyk,t1_ckkaypu,t1_ckkhubk,0.48349514563106794,0.6229508196721312,-0.13945567404106324
p_538,t3_2gkv97,t1_ckk5d7b,t1_ckk2eje,0.8709677419354839,0.6691729323308271,0.2017948096046568
p_541,t3_2ghosx,t1_ckj7oyl,t1_ckj8bt9,0.5151515151515151,0.7727272727272727,-0.25757575757575757
p_542,t3_2ggq4d,t1_ckiyftg,t1_ckiyjmb,0.7202380952380952,0.7819548872180451,-0.06171679197994984
p_543,t3_2ggppl,t1_ckixuwj,t1_ckixo4m,0.6178861788617886,0.6951219512195121,-0.0772357723577235
p_545,t3_2ggppl,t1_ckiyv6o,t1_ckiz87f,0.6649484536082474,0.6492146596858639,0.0157337939223835
p_547,t3_2ggeie,t1_ckj0ypi,t1_ckiurpd,0.49846625766871167,0.3950762016412661,0.10339005602744555
p_548,t3_2gf3at,t1_ckjbl54,t1_ckioyq4,0.7071428571428572,0.6666666666666666,0.040476190476190554
p_551,t3_2gdd35,t1_cki0iqm,t1_cki80vu,0.6346153846153846,0.6946564885496184,-0.060041103934233786
p_554,t3_2g83sk,t1_ckgpxl1,t1_ckgjkvd,0.6116504854368932,0.6933333333333334,-0.0816828478964402
p_555,t3_2g6mpl,t1_ckg55ez,t1_ckg4zgn,0.696969696969697,0.6310160427807486,0.06595365418894839
p_556,t3_2g4ifu,t1_ckfqk9u,t1_ckfshmt,0.6046511627906976,0.524390243902439,0.08026091888825859
p_559,t3_2g2vzd,t1_ckf6qtu,t1_ckf4pc7,0.6666666666666666,0.7012987012987013,-0.03463203463203468
p_561,t3_2g2dg1,t1_ckf6526,t1_ckg1de7,0.4429611650485437,0.5365853658536586,-0.09362420080511485
p_562,t3_2g1ea5,t1_ckeqq3q,t1_ckesi7g,0.5492341356673961,0.49538461538461537,0.05384952028278073
p_564,t3_2g1ea5,t1_ckersg9,t1_cket437,0.5594713656387665,0.48284960422163586,0.07662176141713067
p_565,t3_2g1ea5,t1_cket8bk,t1_cket39p,0.75,0.8378378378378378,-0.08783783783783783
p_566,t3_2g0wmr,t1_ckenwa6,t1_ckemqjl,0.5462012320328542,0.547945205479452,-0.001743973446597824
p_569,t3_2fwq1i,t1_ckdlfbp,t1_ckdpk3y,0.7333333333333333,0.6830985915492958,0.05023474178403753
p_570,t3_2fwmff,t1_ckdlodj,t1_ckdfg3r,0.5371024734982333,0.48299319727891155,0.05410927621932171
p_572,t3_2fuvyn,t1_ckd2th4,t1_ckd051u,0.5488372093023256,0.5728813559322034,-0.02404414662987775
p_573,t3_2fu5da,t1_ckcwa0l,t1_ckd7g94,0.7019230769230769,0.8493150684931506,-0.14739199157007377
p_575,t3_2fu5da,t1_ckd2dqa,t1_ckd7g94,0.7185185185185186,0.8493150684931506,-0.13079654997463208
p_576,t3_2fu5da,t1_ckdjfgl,t1_cke4u4s,0.6612903225806451,0.6907894736842105,-0.02949915110356538
p_577,t3_2fty9r,t1_ckd78uk,t1_ckcsyfa,0.6333333333333333,0.6417910447761194,-0.008457711442786064
p_579,t3_2fr87u,t1_ckcche8,t1_ckbz0d4,0.7981651376146789,0.6441717791411042,0.15399335847357465
p_581,t3_2fo07m,t1_ckb6wte,t1_ckbi4rn,0.6523605150214592,0.6120996441281139,0.04026087089334529
p_582,t3_2fo07m,t1_ckb4dmq,t1_ckbi4rn,0.5463414634146342,0.6120996441281139,-0.06575818071347972
p_586,t3_2fkhgs,t1_cka4baq,t1_ckagd1v,0.5586206896551724,0.7023809523809523,-0.1437602627257799
p_587,t3_2fkhgs,t1_cka71xp,t1_ckahr81,0.6578947368421053,0.444672131147541,0.2132226056945643
p_588,t3_2fkhgs,t1_ckabepp,t1_ckab7k5,0.45375722543352603,0.6551724137931034,-0.2014151883595774
p_589,t3_2fjsjb,t1_ck9wx7u,t1_cka49p5,0.46187363834422657,0.5551839464882943,-0.09331030814406771
p_590,t3_2fh3qu,t1_ck99mwb,t1_ck94xpk,0.6359447004608295,0.4984025559105431,0.1375421445502864
p_592,t3_2fgshm,t1_ck9f5l1,t1_ck98ujh,0.5018587360594795,0.6666666666666666,-0.16480793060718713
p_593,t3_2fgrxm,t1_ck91zkd,t1_ck91m7r,0.7659574468085106,0.5969387755102041,0.1690186712983065
p_595,t3_2fg916,t1_ck8x3ob,t1_ck8wogg,0.6261261261261262,0.6410256410256411,-0.01489951489951491
p_597,t3_2fduqy,t1_ck8t6he,t1_ck8px65,0.42592592592592593,0.6636771300448431,-0.23775120411891715
p_598,t3_2fduqy,t1_ck8agrx,t1_ck94f1t,0.45714285714285713,0.5525291828793775,-0.09538632573652034
p_602,t3_2fdmwl,t1_ck8hcxb,t1_ck8aoqa,0.60625,0.5254237288135594,0.08082627118644059
p_603,t3_2fdmwl,t1_ck8rib6,t1_ck8aoqa,0.5823170731707317,0.5254237288135594,0.056893344357172304
p_605,t3_2fd87u,t1_ck83yle,t1_ck84612,0.5340314136125655,0.7540983606557377,-0.2200669470431722
p_606,t3_2fd87u,t1_ck859ka,t1_ck843v2,0.6616541353383458,0.6881720430107527,-0.026517907672406915
p_607,t3_2fbbv9,t1_ck84tkw,t1_ck88yhl,0.43646408839779005,0.6356589147286822,-0.19919482633089214
p_611,t3_2f78ys,t1_ck6mvg6,t1_ck6wzql,0.6136363636363636,0.3586698337292161,0.2549665299071475
p_616,t3_2f3w7f,t1_ck60pkf,t1_ck68kw6,0.5134408602150538,0.493573264781491,0.019867595433562757
p_617,t3_2f3fma,t1_ck5uh5i,t1_ck5jj2i,0.5024390243902439,0.6293706293706294,-0.12693160498038547
p_618,t3_2f2p8u,t1_ck5cmsy,t1_ck5f41j,0.7454545454545455,0.7866666666666666,-0.041212121212121144
p_620,t3_2f1tka,t1_ck54mdm,t1_ck53prd,0.5523809523809524,0.8243243243243243,-0.2719433719433719
p_623,t3_2f0a4a,t1_ck5qg13,t1_ck4vnzo,0.6101694915254238,0.7962962962962963,-0.1861268047708725
p_626,t3_2erf2t,t1_ck2ljcj,t1_ck2gk4u,0.4903581267217631,0.5377906976744186,-0.04743257095265546
p_628,t3_2eqf4w,t1_ck2dhsc,t1_ck22nty,0.3122786304604486,0.48261474269819193,-0.1703361122377433
p_635,t3_2emkns,t1_ck1194m,t1_ck13p6l,0.7283950617283951,0.5276752767527675,0.2007197849756276
p_634,t3_2emkns,t1_ck0zrjm,t1_ck13p6l,0.6304347826086957,0.5276752767527675,0.10275950585592819
p_632,t3_2emkns,t1_ck12zme,t1_ck13upr,0.5155555555555555,0.6188118811881188,-0.10325632563256326
p_637,t3_2emdo8,t1_ck0wlix,t1_ck0ugt9,0.7554347826086957,0.7286821705426356,0.026752612066060055
p_639,t3_2ehl9h,t1_cjzpkr3,t1_cjzk8g5,0.6330275229357798,0.7222222222222222,-0.08919469928644241
p_641,t3_2eez7x,t1_cjzf2j8,t1_cjzgw4v,0.5829145728643216,0.565625,0.017289572864321534
p_642,t3_2eeedl,t1_cjyrp0h,t1_cjyos4x,0.6666666666666666,0.6388888888888888,0.02777777777777779
p_643,t3_2eeedl,t1_cjyo1c4,t1_cjyz90m,0.6864406779661016,0.5982905982905983,0.08815007967550337
p_644,t3_2eeedl,t1_cjyny2g,t1_cjyos4x,0.6666666666666666,0.6388888888888888,0.02777777777777779
p_645,t3_2eeedl,t1_cjypfnn,t1_cjyy8zl,0.803921568627451,0.6914285714285714,0.11249299719887962
p_647,t3_2edzcv,t1_cjyy0v9,t1_cjysuzd,0.4597156398104265,0.6457564575645757,-0.18604081775414916
p_648,t3_2ebw2y,t1_cjy2hvj,t1_cjy4ceu,0.5093457943925234,0.7159090909090909,-0.20656329651656757
p_649,t3_2ebkiy,t1_cjxxcwt,t1_cjy5nhm,0.5257352941176471,0.6475409836065574,-0.12180568948891035
p_650,t3_2ebj49,t1_cjxyzxn,t1_cjxzs8p,0.6266666666666667,0.76,-0.1333333333333333
p_651,t3_2eahyl,t1_cjxnpf1,t1_cjxqeut,0.7894736842105263,0.5561797752808989,0.23329390892962742
p_652,t3_2eahyl,t1_cjxo529,t1_cjxtave,0.6826923076923077,0.33769063180827885,0.34500167588402886
p_654,t3_2e9s6m,t1_cjxf8x8,t1_cjxl9tb,0.5018050541516246,0.5922330097087378,-0.09042795555711325
p_655,t3_2e9rt1,t1_cjxgilw,t1_cjxfkcw,0.6395939086294417,0.59375,0.045843908629441654
p_656,t3_2e9q8o,t1_cjxdy6w,t1_cjxkoca,0.4419889502762431,0.4660633484162896,-0.024074398140046527
p_657,t3_2e98b1,t1_cjxb5sz,t1_cjxexte,0.5755813953488372,0.7368421052631579,-0.16126070991432062
p_659,t3_2e98b1,t1_cjxanmm,t1_cjx9qkg,0.6039603960396039,0.6666666666666666,-0.06270627062706269
p_660,t3_2e8yse,t1_cjx89ru,t1_cjxdz78,0.5277777777777778,0.5666666666666667,-0.03888888888888886
p_661,t3_2e8yse,t1_cjx7g3z,t1_cjxdz78,0.7945205479452054,0.5666666666666667,0.22785388127853878
p_662,t3_2e8ach,t1_cjxi71v,t1_cjx17o5,0.3783068783068783,0.6545454545454545,-0.27623857623857623
p_663,t3_2e6v25,t1_cjxa35m,t1_cjx2bzp,0.5911458333333334,0.6666666666666666,-0.07552083333333326
p_667,t3_2e4crb,t1_cjvy9v7,t1_cjwlak3,0.4809027777777778,0.6531531531531531,-0.17225037537537535
p_668,t3_2e4crb,t1_cjxll0p,t1_cjw5uck,0.5463917525773195,0.6428571428571429,-0.09646539027982337
p_669,t3_2e4b5f,t1_cjvxnfz,t1_cjwigez,0.6335078534031413,0.7647058823529411,-0.13119802894979982
p_670,t3_2e439b,t1_cjw2n76,t1_cjvvbcf,0.7086614173228346,0.69,0.01866141732283466
p_672,t3_2e3t22,t1_cjvs6w2,t1_cjvzvc8,0.6136363636363636,0.6020942408376964,0.011542122798667287
p_674,t3_2e3f98,t1_cjvox9d,t1_cjvp856,0.7291666666666666,0.7021276595744681,0.02703900709219853
p_676,t3_2e2rb6,t1_cjvi6ow,t1_cjvzfop,0.6973684210526315,0.7112676056338029,-0.013899184581171342
p_677,t3_2e2rb6,t1_cjx8ys6,t1_cjvin9n,0.6911764705882353,0.7083333333333334,-0.01715686274509809
p_678,t3_2e2jug,t1_cjvwam2,t1_cjvvj7z,0.5783664459161147,0.4959871589085072,0.08237928700760755
p_679,t3_2e2jug,t1_cjvuw76,t1_cjvoyh6,0.44201909959072305,0.7005649717514124,-0.25854587216068936
p_680,t3_2e1fah,t1_cjv53s3,t1_cjv5s7v,0.5732484076433121,0.8133333333333334,-0.24008492569002127
p_681,t3_2e1fah,t1_cjv86o4,t1_cjvncqn,0.4567307692307692,0.4517766497461929,0.004954119484576303
p_682,t3_2e1fah,t1_cjvi92b,t1_cjv5s7v,0.6842105263157895,0.8133333333333334,-0.12912280701754386
p_683,t3_2dzrhq,t1_cjunv4h,t1_cjunnw5,0.6666666666666666,0.7525773195876289,-0.08591065292096223
p_684,t3_2dzrhq,t1_cjv2nbp,t1_cjunbkn,0.672514619883041,0.7448979591836735,-0.07238333930063257
p_685,t3_2dzrhq,t1_cjuplp1,t1_cjunss7,0.5413223140495868,0.6199095022624435,-0.0785871882128567
p_686,t3_2dzqgj,t1_cjurtqh,t1_cjv9hrw,0.7761194029850746,0.7573529411764706,0.018766461808604085
p_688,t3_2dzqgj,t1_cjv7aa2,t1_cjv9hrw,0.5852534562211982,0.7573529411764706,-0.17209948495527239
p_687,t3_2dzqgj,t1_cjun4m4,t1_cjuorfi,0.802547770700637,0.5652173913043478,0.2373303793962892
p_690,t3_2dy3mw,t1_cju8xei,t1_cjuc7t4,0.6413793103448275,0.5582959641255605,0.08308334621926705
p_692,t3_2dxa7k,t1_cjtzqak,t1_cju9ahc,0.7454545454545455,0.6503067484662577,0.09514779698828779
p_695,t3_2dw5ig,t1_cjtn82k,t1_cjtn850,0.6097560975609756,0.4881889763779528,0.12156712118302282
p_696,t3_2dvguy,t1_cjtqfdm,t1_cjty2p2,0.549520766773163,0.6871165644171779,-0.13759579764401497
p_697,t3_2dtng7,t1_cjsz593,t1_cjt08iq,0.5236363636363637,0.6690140845070423,-0.14537772087067857
p_699,t3_2dtng7,t1_cjt0gp1,t1_cjt08iq,0.5106382978723404,0.6690140845070423,-0.15837578663470187
p_701,t3_2dsh9z,t1_cjsm7s0,t1_cjsp93m,0.656,0.5705882352941176,0.08541176470588241
p_702,t3_2dsh9z,t1_cjso3hu,t1_cjsprfv,0.5816733067729084,0.7107843137254902,-0.12911100695258182
p_706,t3_2drox8,t1_cjsefiu,t1_cjshzfo,0.539714867617108,0.45300261096605743,0.08671225665105053
p_707,t3_2dqwmd,t1_cjs75j7,t1_cjtbaaf,0.575187969924812,0.6792452830188679,-0.10405731309405586
p_710,t3_2dqiwg,t1_cjs3gzc,t1_cjs43w0,0.552,0.7766990291262136,-0.22469902912621353
p_713,t3_2dnntx,t1_cjrb5qh,t1_cjr97o9,0.5870646766169154,0.6179245283018868,-0.030859851684971407
p_714,t3_2dn3f8,t1_cjr9dnd,t1_cjrqm60,0.6826923076923077,0.6534090909090909,0.02928321678321677
p_717,t3_2dn11e,t1_cjrjl9x,t1_cjr71xy,0.3562005277044855,0.5524475524475524,-0.19624702474306688
p_715,t3_2dn11e,t1_cjr2n9b,t1_cjr6whw,0.5221843003412969,0.5139442231075697,0.008240077233727217
p_718,t3_2dlheo,t1_cjqnd51,t1_cjqtrub,0.6067415730337079,0.6233766233766234,-0.01663505034291546
p_725,t3_2dhno3,t1_cjpkrey,t1_cjpktss,0.6026490066225165,0.6272189349112426,-0.02456992828872606
p_726,t3_2dhno3,t1_cjpl1mi,t1_cjpl00t,0.6642857142857143,0.6949152542372882,-0.030629539951573914
p_729,t3_2dgu6l,t1_cjpdy8k,t1_cjpe59d,0.4022222222222222,0.4965986394557823,-0.0943764172335601
p_727,t3_2dgu6l,t1_cjpdn9v,t1_cjpklzu,0.65625,0.43023255813953487,0.22601744186046513
p_730,t3_2dgqx2,t1_cjpbloq,t1_cjpbk3l,0.6231884057971014,0.7384615384615385,-0.11527313266443706
p_732,t3_2dg6ti,t1_cjp6klt,t1_cjp63yk,0.6192893401015228,0.6686746987951807,-0.0493853586936579
p_733,t3_2dg4c1,t1_cjpx7h2,t1_cjpio9w,0.4115884115884116,0.44819277108433736,-0.036604359495925776
p_734,t3_2dfvv8,t1_cjp4zw9,t1_cjps9sv,0.49266862170087977,0.7635135135135135,-0.2708448918126337
p_735,t3_2dfees,t1_cjoyyhb,t1_cjoyhsi,0.6620689655172414,0.5678233438485805,0.0942456216686609
p_736,t3_2df7cg,t1_cjp0py1,t1_cjp0eg0,0.7837837837837838,0.7272727272727273,0.05651105651105648
p_738,t3_2ddrqc,t1_cjos8fl,t1_cjoj8pn,0.6862745098039216,0.8703703703703703,-0.18409586056644878
p_739,t3_2ddrqc,t1_cjoqu2v,t1_cjok2vp,0.6496815286624203,0.7634408602150538,-0.1137593315526334
p_744,t3_2d9qj2,t1_cjnklzx,t1_cjnknol,0.4257095158597663,0.391304347826087,0.03440516803367932
p_748,t3_2d80rd,t1_cjn0zyz,t1_cjn0l56,0.5042016806722689,0.5340136054421769,-0.029811924769908016
p_749,t3_2d80rd,t1_cjmzj1k,t1_cjn0l56,0.7411764705882353,0.5340136054421769,0.20716286514605842
p_751,t3_2d70dq,t1_cjmpn2y,t1_cjmqlfg,0.7168141592920354,0.5866666666666667,0.13014749262536873
p_752,t3_2d70dq,t1_cjmpqr5,t1_cjmq3hk,0.7605633802816901,0.8059701492537313,-0.04540676897204121
p_754,t3_2d4iry,t1_cjm06yw,t1_cjlzkdu,0.5720930232558139,0.6692307692307692,-0.09713774597495528
p_753,t3_2d4iry,t1_cjm03nb,t1_cjm7yyk,0.6752136752136753,0.5,0.17521367521367526
p_755,t3_2d45vn,t1_cjlwas2,t1_cjmfdmh,0.7045454545454546,0.6956521739130435,0.008893280632411127
p_756,t3_2d45gd,t1_cjlw24h,t1_cjm4puq,0.8571428571428571,0.6458333333333334,0.21130952380952372
p_757,t3_2d45gd,t1_cjlvwcv,t1_cjm05zn,0.5225225225225225,0.5617977528089888,-0.03927523028646629
p_758,t3_2d3v5a,t1_cjlwcf0,t1_cjm3zmu,0.7307692307692307,0.6607142857142857,0.07005494505494503
p_759,t3_2d2as3,t1_cjlfahj,t1_cjlf2q0,0.5302013422818792,0.8554216867469879,-0.3252203444651087
p_760,t3_2czuse,t1_cjkv8v3,t1_cjkt5uj,0.5742574257425742,0.8,-0.22574257425742583
p_761,t3_2cziel,t1_cjkkwxr,t1_cjkpo0a,0.6287128712871287,0.5096153846153846,0.11909748667174413
p_762,t3_2czhb2,t1_cjkm7nm,t1_cjkm0r4,0.5405405405405406,0.7543859649122807,-0.21384542437174014
p_763,t3_2cz5rq,t1_cjkk570,t1_cjkjx53,0.539906103286385,0.5373134328358209,0.002592670450564105
p_766,t3_2cwals,t1_cjjmt5t,t1_cjjmrg7,0.5845410628019324,0.7542372881355932,-0.1696962253336608
p_767,t3_2cuup8,t1_cjj91pc,t1_cjj8z52,0.7564102564102564,0.6694915254237288,0.08691873098652758
p_769,t3_2cuup8,t1_cjj95ae,t1_cjj95r7,0.546031746031746,0.66,-0.11396825396825405
p_768,t3_2cuup8,t1_cjj8vwc,t1_cjj93qh,0.6666666666666666,0.6886792452830188,-0.022012578616352196
p_770,t3_2ctoax,t1_cjl2zn4,t1_cjiw921,0.47750865051903113,0.6387434554973822,-0.16123480497835108
p_773,t3_2cpj4p,t1_cjhqqcp,t1_cjhqbq0,0.6703910614525139,0.5810055865921788,0.0893854748603351
p_774,t3_2cpj4p,t1_cjhreeh,t1_cjhqbq0,0.6408839779005525,0.5810055865921788,0.05987839130837369
p_775,t3_2cotfm,t1_cjhpm9j,t1_cjhkm9q,0.48660714285714285,0.6043956043956044,-0.11778846153846151
p_778,t3_2cm5jd,t1_cjh0bre,t1_cjguy6j,0.34083802376485306,0.5207956600361664,-0.17995763627131334
p_779,t3_2cm3oh,t1_cjgsk1z,t1_cjgv6jc,0.7764705882352941,0.5730337078651685,0.20343688037012564
p_780,t3_2clk6c,t1_cjgn3ba,t1_cjgqd1y,0.5,0.5942857142857143,-0.0942857142857143
p_781,t3_2ck2yw,t1_cjga8kb,t1_cjgci5s,0.7009345794392523,0.7131147540983607,-0.012180174659108367
p_783,t3_2cjh91,t1_cjg6chd,t1_cjg4iir,0.6200873362445415,0.4897959183673469,0.13029141787719456
p_784,t3_2cixjs,t1_cjfyd92,t1_cjfxj4o,0.6626506024096386,0.9090909090909091,-0.24644030668127048
p_786,t3_2cimfd,t1_cjfuup7,t1_cjftym1,0.6741573033707865,0.5947368421052631,0.07942046126552338
p_787,t3_2cimfd,t1_cjfxnwo,t1_cjftym1,0.5684931506849316,0.5947368421052631,-0.02624369142033156
p_789,t3_2chy2d,t1_cjfpbub,t1_cjfnmjy,0.5731225296442688,0.8771929824561403,-0.3040704528118715
p_792,t3_2ch2je,t1_cjfeou6,t1_cjff0g8,0.5570469798657718,0.4824016563146998,0.07464532355107201
p_794,t3_2cflx0,t1_cjfajp7,t1_cjfm8m1,0.5354523227383863,0.44972826086956524,0.08572406186882103
p_796,t3_2cfco7,t1_cjf04a9,t1_cjexi6m,0.5172413793103449,0.7411764705882353,-0.22393509127789046
p_799,t3_2cayvr,t1_cjdvbhe,t1_cjdu0ta,0.4389233954451346,0.6947368421052632,-0.2558134466601286
p_801,t3_2c8rcd,t1_cjd7pz3,t1_cjd6lze,0.43929912390488113,0.36930232558139536,0.06999679832348576
p_802,t3_2c8fea,t1_cjcyect,t1_cjd2c3b,0.4870848708487085,0.5101214574898786,-0.023036586641170087
p_803,t3_2c7yah,t1_cjd2kql,t1_cjcxj9f,0.47520184544405997,0.49625,-0.021048154555940057
p_805,t3_2c5zac,t1_cjc9611,t1_cjc924m,0.67,0.6885245901639344,-0.018524590163934374
p_806,t3_2c5zac,t1_cjctvr0,t1_cjcbahh,0.5123456790123457,0.8714285714285714,-0.3590828924162257
p_807,t3_2c5p5y,t1_cjcho3h,t1_cjc7uan,0.7452830188679245,0.5243445692883895,0.220938449579535
p_808,t3_2c5p5y,t1_cjcd7nc,t1_cjccm8m,0.8148148148148148,0.803921568627451,0.010893246187363759
p_810,t3_2c3fc3,t1_cjbjw5y,t1_cjbjkju,0.7183098591549296,0.6785714285714286,0.03973843058350102
p_813,t3_2c1mga,t1_cjb2jw5,t1_cjc4wg5,0.5590062111801242,0.4076655052264808,0.15134070595364335
p_815,t3_2c0frm,t1_cjb1qx6,t1_cjause4,0.513595166163142,0.7469879518072289,-0.23339278564408683
p_816,t3_2c0frm,t1_cjb1sid,t1_cjb85xf,0.43833017077798864,0.5954198473282443,-0.15708967655025563
p_818,t3_2bys5g,t1_cja9ddx,t1_cja81tm,0.6227106227106227,0.4958904109589041,0.1268202117517186
p_820,t3_2byn0m,t1_cja7f9f,t1_cjabwg5,0.6428571428571429,0.6794871794871795,-0.03663003663003661
p_821,t3_2btxhq,t1_cj8vmab,t1_cj8xbmk,0.660377358490566,0.6486486486486487,0.011728709841917317
p_822,t3_2bt248,t1_cj8mfi7,t1_cj8m3h7,0.5505050505050505,0.5361842105263158,0.014320839978734679
p_823,t3_2bt248,t1_cj8m0lg,t1_cj8mwsz,0.6893203883495146,0.625,0.06432038834951459
p_824,t3_2bsdbd,t1_cj8tbiu,t1_cj8hvl7,0.5470588235294118,0.45794392523364486,0.08911489829576696
p_826,t3_2brzwb,t1_cj8hzbv,t1_cj8gj0l,0.5346260387811634,0.6634615384615384,-0.128835499680375
p_827,t3_2brzmq,t1_cj8bm67,t1_cj8cjmm,0.7052023121387283,0.6633165829145728,0.041885729224155455
p_828,t3_2brzmq,t1_cj8ba9r,t1_cj8b7ms,0.7236842105263158,0.6875,0.03618421052631582
p_829,t3_2bqtzl,t1_cj80j9s,t1_cj810fl,0.6271929824561403,0.5,0.1271929824561403
p_832,t3_2boeux,t1_cj7b6r1,t1_cj7b5jv,0.4682926829268293,0.6533333333333333,-0.18504065040650403
p_833,t3_2boeux,t1_cj7bl1t,t1_cj7igwx,0.521551724137931,0.7846153846153846,-0.26306366047745355
p_834,t3_2boe3r,t1_cj7c5d5,t1_cj7cbq5,0.6177606177606177,0.5885416666666666,0.029218951093951118
p_836,t3_2bo3al,t1_cj7h31j,t1_cj7dkvq,0.8333333333333334,0.5962732919254659,0.23706004140786752
p_837,t3_2bnfju,t1_cj716f4,t1_cj718af,0.5649717514124294,0.8387096774193549,-0.2737379260069255
p_838,t3_2bnfju,t1_cj71qqf,t1_cj717cb,0.515748031496063,0.7758620689655172,-0.2601140374694543
p_840,t3_2bmc2p,t1_cj6s9ct,t1_cj6qflr,0.7127659574468085,0.6588235294117647,0.05394242803504379
p_841,t3_2bmble,t1_cj6qs8o,t1_cj6v78p,0.5662650602409639,0.5781710914454278,-0.011906031204463874
p_844,t3_2bkf5u,t1_cj684og,t1_cj6d292,0.7692307692307693,0.8,-0.03076923076923077
p_846,t3_2bk0qs,t1_cj63kvq,t1_cj63fve,0.7910447761194029,0.7411764705882353,0.04986830553116761
p_849,t3_2bk0qs,t1_cj64yf0,t1_cj63fve,0.875,0.7411764705882353,0.13382352941176467
p_847,t3_2bk0qs,t1_cj66iuo,t1_cj6420b,0.4395796847635727,0.6823529411764706,-0.24277325641289793
p_850,t3_2bk0qs,t1_cj65d7h,t1_cj66gvl,0.6157894736842106,0.8169014084507042,-0.2011119347664937
p_852,t3_2bh5ak,t1_cj5b5uh,t1_cj5jak2,0.7205882352941176,0.7894736842105263,-0.06888544891640869
p_854,t3_2bf94q,t1_cj4sh2e,t1_cj4qy6o,0.7789473684210526,0.6470588235294118,0.1318885448916408
p_855,t3_2bev6f,t1_cj4mn6v,t1_cj4o0am,0.7368421052631579,0.7127659574468085,0.02407614781634937
p_857,t3_2bdmlg,t1_cj4r6pc,t1_cj4uv2h,0.47564935064935066,0.6710526315789473,-0.1954032809295967
p_858,t3_2bdgci,t1_cj49439,t1_cj49ckx,0.5182481751824818,0.6571428571428571,-0.13889468196037535
p_859,t3_2bd0wa,t1_cj442sl,t1_cj43vgx,0.63,0.75,-0.12
p_861,t3_2bbyzd,t1_cj3zuoq,t1_cj3tx1c,0.63,0.6104651162790697,0.019534883720930263
p_863,t3_2bbbrd,t1_cj3qs8q,t1_cj3ln9x,0.6419753086419753,0.6666666666666666,-0.024691358024691357
p_864,t3_2bbbrd,t1_cj3mpby,t1_cj3ln9x,0.7333333333333333,0.6666666666666666,0.06666666666666665
p_865,t3_2bb58m,t1_cj3lcvm,t1_cj3jor5,0.6026490066225165,0.8775510204081632,-0.2749020137856467
p_868,t3_2bag31,t1_cj3e0bt,t1_cj3f08t,0.5115606936416185,0.5927835051546392,-0.08122281151302069
p_869,t3_2ba5xo,t1_cj3aqld,t1_cj3bm6j,0.5841584158415841,0.6521739130434783,-0.06801549720189415
p_873,t3_2b6skg,t1_cj2glpl,t1_cj2cg6m,0.635593220338983,0.6082474226804123,0.027345797658570703
p_876,t3_2b3pi0,t1_cj1uavk,t1_cj1m2xo,0.6864406779661016,0.595,0.09144067796610167
p_877,t3_2b3lad,t1_cj1iybx,t1_cj1jqxa,0.7195121951219512,0.54375,0.17576219512195124
p_879,t3_2b2yjr,t1_cj1hktf,t1_cj1b4e2,0.4919678714859438,0.49311926605504586,-0.001151394569102071
p_881,t3_2b1rwv,t1_cj15lfe,t1_cj10jtx,0.5966386554621849,0.5846153846153846,0.012023270846800216
p_882,t3_2b1rab,t1_cj0ycid,t1_cj0zinx,0.5197132616487455,0.5025906735751295,0.017122588073615996
p_883,t3_2az65z,t1_cj0805c,t1_cj0g6d8,0.6172839506172839,0.6457142857142857,-0.02843033509700177
p_884,t3_2az65z,t1_cj0afqo,t1_cj07su5,0.7222222222222222,0.5643564356435643,0.1578657865786579
p_887,t3_2ayhxt,t1_cj01q09,t1_cj05jan,0.44600280504908835,0.5318352059925093,-0.08583240094342098
p_888,t3_2ayhnp,t1_cj0eawe,t1_cj0dm90,0.552,0.6301369863013698,-0.07813698630136978
p_889,t3_2ay3kf,t1_cizxi5e,t1_cj0f52z,0.5580645161290323,0.6554621848739496,-0.09739766874491729
p_892,t3_2axbu7,t1_cizphk8,t1_cizp4id,0.5270655270655271,0.6232876712328768,-0.09622214416734964
p_894,t3_2ax1is,t1_cizxbqp,t1_cizm2oq,0.5800865800865801,0.8235294117647058,-0.24344283167812575
p_896,t3_2avwd8,t1_cizdu3g,t1_cizbvza,0.6368421052631579,0.8160919540229885,-0.17924984875983063
p_898,t3_2av5cs,t1_ciz2pkz,t1_ciz33sn,0.6352201257861635,0.7317073170731707,-0.09648719128700722
p_899,t3_2av5cs,t1_cizd4ad,t1_ciz33th,0.3947065592635213,0.4988066825775656,-0.10410012331404433
p_900,t3_2av5cs,t1_ciz37g5,t1_cizbl7q,0.477491961414791,0.5121412803532008,-0.034649318938409834
p_901,t3_2av4l0,t1_ciz5qhg,t1_ciz3zz1,0.4372037914691943,0.4560117302052786,-0.018807938736084273
p_902,t3_2av4l0,t1_ciz4rvg,t1_cizdobh,0.5300751879699248,0.5426008968609866,-0.012525708891061749
p_903,t3_2auttr,t1_ciyyxji,t1_ciyz918,0.4892086330935252,0.6493506493506493,-0.16014201625712415
p_904,t3_2auttr,t1_ciz267w,t1_cizcakn,0.6411764705882353,0.7424242424242424,-0.10124777183600708
p_905,t3_2auttr,t1_ciz01zx,t1_ciyz5z2,0.696078431372549,0.7534246575342466,-0.0573462261616976
p_907,t3_2autm6,t1_ciyzdgj,t1_ciyzc4o,0.6666666666666666,0.8450704225352113,-0.17840375586854462
p_908,t3_2au1li,t1_ciytem3,t1_ciytn6n,0.42997198879551823,0.732620320855615,-0.3026483320600968
p_909,t3_2atya5,t1_ciyu2jf,t1_ciza7xp,0.6962025316455697,0.6355555555555555,0.060646976090014126
p_910,t3_2atya5,t1_ciytbvr,t1_ciyug3x,0.5256064690026954,0.4756756756756757,0.04993079332701966
p_911,t3_2atkq9,t1_ciyvkn0,t1_ciysfit,0.4071510957324106,0.505464480874317,-0.09831338514190635
p_912,t3_2atkq9,t1_ciyvfhd,t1_ciz0aqa,0.5551948051948052,0.7333333333333333,-0.17813852813852804
p_914,t3_2aprj3,t1_cixk3ln,t1_cixjumt,0.7804878048780488,0.7419354838709677,0.03855232100708106
p_915,t3_2apfnp,t1_cixj7ex,t1_cixm7i4,0.6396396396396397,0.5870967741935483,0.052542865446091325
p_916,t3_2aotoi,t1_cixcw5d,t1_cixbgnz,0.5398773006134969,0.4963325183374083,0.0435447822760886
p_917,t3_2ao6r9,t1_cix76va,t1_cix3fsy,0.559748427672956,0.5,0.05974842767295596
p_918,t3_2ao6r9,t1_cix7iph,t1_cix8b7l,0.5526315789473685,0.5515695067264574,0.0010620722209110367
p_919,t3_2ao0uk,t1_cix3ypn,t1_cix3ejo,0.7307692307692307,0.6379310344827587,0.09283819628647205
p_920,t3_2ao0uk,t1_cix237u,t1_cix3ejo,0.7534246575342466,0.6379310344827587,0.11549362305148791
p_921,t3_2ancgk,t1_cizbef2,t1_ciwwlp0,0.585820895522388,0.8043478260869565,-0.2185269305645685
p_922,t3_2am3iw,t1_ciwjxse,t1_ciwj1us,0.6746031746031746,0.6067415730337079,0.06786160156946675
p_923,t3_2am3iw,t1_ciwjejz,t1_ciwtkzm,0.5257009345794392,0.6428571428571429,-0.11715620827770368
p_924,t3_2aksc1,t1_ciwatzs,t1_ciwai0k,0.5730994152046783,0.6308411214953271,-0.05774170629064879
p_925,t3_2aklm2,t1_ciwffud,t1_ciwbxu9,0.7737226277372263,0.8,-0.026277372262773713
p_926,t3_2akhk0,t1_ciw2gow,t1_ciw2nfc,0.5481481481481482,0.4984126984126984,0.049735449735449744
p_927,t3_2ajnzj,t1_ciwqij6,t1_ciwemsm,0.7121212121212122,0.7654320987654321,-0.0533108866442199
p_928,t3_2aj9r3,t1_ciwcbuo,t1_civud7i,0.580952380952381,0.635593220338983,-0.054640839386602025
p_931,t3_2aj1mk,t1_civssxr,t1_civm58k,0.5374376039933444,0.493411420204978,0.04402618378836637
p_930,t3_2aj1mk,t1_civrhnv,t1_civrvjf,0.509090909090909,0.660377358490566,-0.15128644939965696
p_933,t3_2ah2al,t1_civd1ci,t1_civ856q,0.4839797639123103,0.4206989247311828,0.06328083918112748
p_935,t3_2afgwo,t1_ciujkwd,t1_ciuknh0,0.569377990430622,0.6060606060606061,-0.036682615629984094
p_937,t3_2afeix,t1_civ4udg,t1_ciui2wk,0.6290322580645161,0.8070175438596491,-0.17798528579513295
p_936,t3_2afeix,t1_ciuiq4g,t1_civ1g4o,0.6428571428571429,0.8607594936708861,-0.2179023508137432
p_940,t3_2a9tub,t1_cisxezp,t1_cisyu2q,0.544392523364486,0.5591836734693878,-0.01479115010490184
p_942,t3_2a9dnv,t1_cit209o,t1_cissjh9,0.6578947368421053,0.5223463687150838,0.13554836812702153
p_943,t3_2a9dnv,t1_cisrycq,t1_cisrkq6,0.6132596685082873,0.6774193548387096,-0.06415968633042235
p_945,t3_2a7l9t,t1_cisdojk,t1_cisar6g,0.572289156626506,0.5297805642633229,0.04250859236318316
p_946,t3_2a7f52,t1_cisdl2d,t1_cisbb3e,0.5797665369649806,0.7,-0.12023346303501936
p_947,t3_2a7f52,t1_cisbwf3,t1_cisf85e,0.4967741935483871,0.44948453608247424,0.04728965746591285
p_948,t3_2a7f52,t1_cisazcd,t1_cisbb3e,0.5673076923076923,0.7,-0.13269230769230766
p_950,t3_2a71ap,t1_cis8nhw,t1_cis9yiw,0.4742268041237113,0.5592417061611374,-0.08501490203742612
p_951,t3_2a6vk3,t1_cis5k8v,t1_cisibct,0.5698924731182796,0.6206896551724138,-0.05079718205413419
p_952,t3_2a6vk3,t1_cis6qmv,t1_cisibct,0.5944700460829493,0.6206896551724138,-0.026219609089464524
p_954,t3_2a5fi8,t1_ciro19q,t1_cirnern,0.512987012987013,0.7025316455696202,-0.18954463258260723
p_955,t3_2a54d2,t1_cirmdvw,t1_cirrtjb,0.54,0.6454545454545455,-0.10545454545454547
p_957,t3_2a3mhz,t1_cirdfug,t1_cirn0uk,0.6379310344827587,0.645,-0.0070689655172413435
p_959,t3_2a2ccx,t1_ciqt2gd,t1_ciqstk4,0.5964912280701754,0.6476190476190476,-0.051127819548872244
p_958,t3_2a2ccx,t1_ciqt1fb,t1_ciqt0ds,0.6991150442477876,0.7481481481481481,-0.04903310390036053
p_960,t3_2a299i,t1_ciqsytr,t1_ciqs72a,0.5583333333333333,0.7263157894736842,-0.1679824561403509
p_961,t3_2a299i,t1_ciqsl3r,t1_ciqt0e3,0.6027397260273972,0.5570032573289903,0.045736468698406973
p_963,t3_2a1jkp,t1_ciqmtf7,t1_ciqlutb,0.498220640569395,0.66,-0.161779359430605
p_964,t3_2a1jkp,t1_ciqrmpo,t1_ciqn0ib,0.6377551020408163,0.4933920704845815,0.1443630315562348
p_966,t3_2a197z,t1_ciqil5b,t1_ciqobmw,0.656441717791411,0.5702479338842975,0.08619378390711352
p_967,t3_2a197z,t1_ciqihn1,t1_ciqobmw,0.5609065155807366,0.5702479338842975,-0.009341418303560944
p_968,t3_29zmtz,t1_ciq2ol0,t1_ciq3149,0.44005847953216376,0.8241758241758241,-0.3841173446436604
p_969,t3_29wdwj,t1_cip54i9,t1_cip4gi2,0.5841121495327103,0.5907473309608541,-0.006635181428143788
p_970,t3_29vb8t,t1_cioupvy,t1_cip1yki,0.6764705882352942,0.7777777777777778,-0.10130718954248363
p_971,t3_29uigy,t1_cioolhq,t1_ciopo2e,0.6917808219178082,0.7904761904761904,-0.09869536855838223
p_972,t3_29twg4,t1_ciohbmn,t1_ciofrjv,0.6741573033707865,0.6470588235294118,0.0270984798413747
p_973,t3_29thke,t1_cioct3t,t1_ciofixu,0.7692307692307693,0.7934782608695652,-0.024247491638795915
p_974,t3_29thke,t1_ciod9j6,t1_ciof299,0.5911111111111111,0.5876288659793815,0.0034822451317296776
p_975,t3_29thke,t1_ciod9wn,t1_ciof299,0.6156583629893239,0.5876288659793815,0.028029497009942395
p_976,t3_29t2lw,t1_cio8k31,t1_ciorv42,0.8048780487804879,0.444743935309973,0.3601341134705148
p_978,t3_29sw94,t1_cioket0,t1_ciolk7r,0.6761363636363636,0.5923076923076923,0.08382867132867133
p_979,t3_29s43k,t1_cinyd5x,t1_cinyyyn,0.7659574468085106,0.6446280991735537,0.12132934763495695
p_981,t3_29q8ct,t1_cinh7w0,t1_cing94q,0.5855855855855856,0.5913461538461539,-0.005760568260568255
p_983,t3_29pjwk,t1_cinfrtq,t1_cin94yc,0.5168067226890757,0.6835443037974683,-0.16673758110839265
p_984,t3_29oi1n,t1_cimz15m,t1_cimy8x8,0.4889705882352941,0.5707196029776674,-0.08174901474237334
p_985,t3_29o2de,t1_cimtmrk,t1_cin0747,0.7368421052631579,0.5800711743772242,0.15677093088593363
p_988,t3_29nx6g,t1_cimrrzy,t1_cimrry5,0.6578947368421053,0.5352112676056338,0.12268346923647155
p_990,t3_29n4wo,t1_cio9nnh,t1_cimnztj,0.334916864608076,0.4936708860759494,-0.15875402146787337
p_992,t3_29mv5t,t1_cimhn69,t1_cimm4sj,0.7195121951219512,0.5612244897959183,0.15828770532603287
p_993,t3_29kyod,t1_cily6cd,t1_cilx8xd,0.5503355704697986,0.5898876404494382,-0.03955206997963956
p_994,t3_29koa9,t1_ciluvuu,t1_cim8wkw,0.49122807017543857,0.47375690607734805,0.01747116409809052
p_996,t3_29koa9,t1_cim0cmu,t1_cim8wkw,0.40756602426837973,0.47375690607734805,-0.06619088180896832
p_997,t3_29koa9,t1_cilvgjv,t1_cim8wkw,0.41238317757009346,0.47375690607734805,-0.06137372850725459
p_998,t3_29koa9,t1_cilvqev,t1_cilxj9y,0.5269121813031161,0.5380116959064327,-0.011099514603316596
p_999,t3_29gpjt,t1_cilbryz,t1_cikqtwr,0.5555555555555556,0.6303317535545023,-0.07477619799894675
p_1000,t3_29fpzd,t1_cikhu2y,t1_cikh4e8,0.5727272727272728,0.8088235294117647,-0.23609625668449197
p_1001,t3_29fb1d,t1_cikeni2,t1_cikla8t,0.6124031007751938,0.6094674556213018,0.002935645153891997
p_1002,t3_29ex1p,t1_cik9jgg,t1_ciko7yy,0.4424778761061947,0.6037735849056604,-0.16129570879946564
p_1003,t3_29elqv,t1_cik5t8y,t1_cik747j,0.6947368421052632,0.7162162162162162,-0.02147937411095302
p_1005,t3_29dde1,t1_cijuats,t1_cijzw8d,0.6412213740458015,0.5321100917431193,0.10911128230268219
p_1008,t3_29cqd5,t1_cijp4yk,t1_cijvb22,0.680628272251309,0.6588235294117647,0.021804742839544256
p_1009,t3_29c3ml,t1_cikuj8t,t1_cijh4ci,0.6625766871165644,0.46116504854368934,0.20141163857287503
p_1010,t3_299mpb,t1_ciiv880,t1_cijf48t,0.5864978902953587,0.7290322580645161,-0.1425343677691574
p_1012,t3_299m1u,t1_cij2hf7,t1_ciirgle,0.5051546391752577,0.5818181818181818,-0.07666354264292408
p_1011,t3_299m1u,t1_cij1roi,t1_ciisuex,0.759493670886076,0.7083333333333334,0.05116033755274263
p_1015,t3_298jbk,t1_ciircqo,t1_ciijbdz,0.568075117370892,0.5292397660818714,0.0388353512890206
p_1016,t3_295zr6,t1_cihud2v,t1_cihuma6,0.5295698924731183,0.5252100840336135,0.0043598084395047865
p_1018,t3_293ei6,t1_cih7ua8,t1_cih1isj,0.6023738872403561,0.691358024691358,-0.08898413745100187
p_1020,t3_292154,t1_cignun4,t1_cigrv7m,0.6881720430107527,0.7721518987341772,-0.08397985572342448
p_1022,t3_28xzqn,t1_cig26mw,t1_cifrcsx,0.4444444444444444,0.7625,-0.31805555555555554
p_1023,t3_28xbw7,t1_cifjy3z,t1_cifovj7,0.7088607594936709,0.7422680412371134,-0.03340728174344254
p_1024,t3_28xbw7,t1_cig1fzx,t1_cifl87i,0.7446808510638298,0.7125,0.03218085106382973
p_1025,t3_28wpvg,t1_cif8zbc,t1_cif9t6k,0.43773119605425403,0.6585365853658537,-0.22080538931159965
p_1026,t3_28wp3q,t1_cif8e82,t1_cif88e5,0.651685393258427,0.6163793103448276,0.03530608291359938
p_1027,t3_28vthp,t1_cieyolc,t1_cif42z9,0.6555555555555556,0.6909090909090909,-0.03535353535353536
p_1028,t3_28sivx,t1_cie0w6q,t1_cie3rwm,0.5648854961832062,0.6057142857142858,-0.0408287895310796
p_1029,t3_28sivx,t1_cie32oy,t1_cie6c67,0.6938775510204082,0.5844748858447488,0.10940266517565933
p_1030,t3_28sivx,t1_cie3t4x,t1_ciexvov,0.6890756302521008,0.7142857142857143,-0.025210084033613467
p_1031,t3_28rftj,t1_cidpqyo,t1_cidq2o7,0.5242424242424243,0.5131964809384164,0.011045943304007877
p_1033,t3_28l9bo,t1_cicbcrc,t1_cicnduy,0.6811594202898551,0.7592592592592593,-0.0780998389694042
p_1034,t3_28kmxf,t1_cibufhn,t1_cic57nm,0.4718875502008032,0.6,-0.12811244979919678
p_1036,t3_28k1k9,t1_cic5k0x,t1_cibo1r9,0.5737265415549598,0.5866666666666667,-0.012940125111706835
p_1037,t3_28jnxp,t1_cibl8h0,t1_cibmdqw,0.49391727493917276,0.6802721088435374,-0.18635483390436464
p_1039,t3_28io13,t1_cibbreq,t1_cic1705,0.4935064935064935,0.5864661654135338,-0.0929596719070403
p_1040,t3_28io13,t1_cibhh0f,t1_cibq1ek,0.45073891625615764,0.8382352941176471,-0.38749637786148944
p_1042,t3_28io13,t1_cibcinr,t1_cic1705,0.634703196347032,0.5864661654135338,0.04823703093349818
p_1044,t3_28hqnq,t1_cib224e,t1_cib40ah,0.6416666666666667,0.8125,-0.17083333333333328
p_1045,t3_28c0xt,t1_ciasocp,t1_cia500d,0.5121951219512195,0.6666666666666666,-0.1544715447154471
p_1046,t3_28butd,t1_ci9glxs,t1_ci9f4fm,0.7071428571428572,0.7033898305084746,0.0037530266343825947
p_1047,t3_28b5n6,t1_ci9a3vl,t1_ci99ope,0.6824324324324325,0.66875,0.0136824324324325
p_1052,t3_28a5fu,t1_ci9bqem,t1_ci8yety,0.5581395348837209,0.6386554621848739,-0.08051592730115298
p_1053,t3_28a4rk,t1_ci8xy5w,t1_ci90bbf,0.5289855072463768,0.48214285714285715,0.04684265010351968
p_1055,t3_2881g3,t1_ci8embi,t1_ci8bs9b,0.6923076923076923,0.7311827956989247,-0.03887510339123246
p_1056,t3_287z9c,t1_ci8aubw,t1_ci8apra,0.6077170418006431,0.7168141592920354,-0.10909711749139228
p_1057,t3_287z9c,t1_ci8d0ed,t1_ci8apra,0.7307692307692307,0.7168141592920354,0.013955071477195324
p_1058,t3_287cab,t1_ci86zv4,t1_ci87ifw,0.556497175141243,0.6025641025641025,-0.04606692742285956
p_1059,t3_2870cx,t1_ci81vqj,t1_ci8137l,0.5252525252525253,0.6708860759493671,-0.1456335506968418
p_1060,t3_286wmt,t1_ci81k1d,t1_ci80xo1,0.7936507936507936,0.7121212121212122,0.08152958152958145
p_1061,t3_286wmt,t1_ci817z2,t1_ci8clpg,0.6929133858267716,0.4358108108108108,0.25710257501596084
p_1062,t3_2848jg,t1_ci7igy9,t1_ci7f6gw,0.642570281124498,0.47674418604651164,0.16582609507798635
p_1064,t3_282r7k,t1_ci758gf,t1_ci6xs0m,0.7373737373737373,0.6324786324786325,0.1048951048951049
p_1065,t3_282lgu,t1_ci6xcds,t1_ci6wglw,0.4939759036144578,0.5434782608695652,-0.049502357255107376
p_1068,t3_281bde,t1_ci6f2vp,t1_ci73217,0.5523255813953488,0.6136363636363636,-0.06131078224101483
p_1069,t3_2803o3,t1_ci69ena,t1_ci63g5z,0.4134078212290503,0.8405797101449275,-0.4271718889158772
p_1070,t3_2803o3,t1_ci63w8c,t1_ci63kpj,0.6420454545454546,0.6746031746031746,-0.03255772005772006
p_1071,t3_27ywun,t1_ci5q8xy,t1_ci5rb2e,0.5102639296187683,0.610655737704918,-0.10039180808614967
p_1072,t3_27yn4n,t1_ci5p6hk,t1_ci5nwbp,0.625,0.6439024390243903,-0.01890243902439026
p_1073,t3_27wog4,t1_ci54b7y,t1_ci54sne,0.6591928251121076,0.7894736842105263,-0.1302808590984187
p_1074,t3_27w5po,t1_ci4zmff,t1_ci4ziae,0.47880299251870323,0.8412698412698413,-0.36246684875113805
p_1075,t3_27w4g2,t1_ci52xge,t1_ci500mh,0.7837837837837838,0.7363636363636363,0.04742014742014744
p_1076,t3_27tb09,t1_ci498s2,t1_ci45ypy,0.6875,0.6931818181818182,-0.005681818181818232
p_1077,t3_27r91j,t1_ci3qcct,t1_ci3r4y5,0.7613636363636364,0.7096774193548387,0.05168621700879761
p_1078,t3_27r91j,t1_ci469aj,t1_ci3lbw6,0.5762195121951219,0.5668449197860963,0.009374592409025606
p_1080,t3_27r91j,t1_ci3v5tq,t1_ci3lbw6,0.875,0.5668449197860963,0.3081550802139037
p_1079,t3_27r91j,t1_ci3s6fn,t1_ci4g5dm,0.7016574585635359,0.5461956521739131,0.15546180638962281
p_1081,t3_27qqap,t1_ci3mz0v,t1_ci3fwt5,0.43488372093023253,0.6551724137931034,-0.2202886928628709
p_1082,t3_27polk,t1_ci34zl5,t1_ci34y3o,0.4726930320150659,0.5546218487394958,-0.08192881672442992
p_1083,t3_27poi8,t1_ci35etu,t1_ci36j29,0.5595238095238095,0.5700934579439252,-0.010569648420115652
p_1084,t3_27p2fu,t1_ci302xh,t1_ci2zv2i,0.5541795665634675,0.6222222222222222,-0.06804265565875478
p_1085,t3_27nxly,t1_ci2o2dq,t1_ci2ox33,0.6209677419354839,0.6440677966101694,-0.023100054674685566
p_1087,t3_27mbdo,t1_ci2lk26,t1_ci271f9,0.7142857142857143,0.8431372549019608,-0.12885154061624648
p_1088,t3_27m0gw,t1_ci29ixa,t1_ci2e7bo,0.5683890577507599,0.5480225988700564,0.02036645888070343
p_1089,t3_27ltja,t1_ci22bw3,t1_ci221eg,0.628,0.84,-0.21199999999999997
p_1090,t3_27lpkf,t1_ci21sv8,t1_ci22b62,0.5053003533568905,0.5,0.005300353356890497
p_1091,t3_27lmyu,t1_ci25ehz,t1_ci292ni,0.555984555984556,0.5907335907335908,-0.03474903474903479
p_1092,t3_27l0kn,t1_ci22hoe,t1_ci1usgp,0.4911504424778761,0.79,-0.29884955752212394
p_1094,t3_27jl8c,t1_ci1fdd3,t1_ci1q6ug,0.6103896103896104,0.6875,-0.07711038961038963
p_1095,t3_27jl8c,t1_ci1g3eq,t1_ci1o724,0.5779816513761468,0.8048780487804879,-0.2268963974043411
p_1096,t3_27jl8c,t1_ci1ybru,t1_ci1ghse,0.5104166666666666,0.6435643564356436,-0.13314768976897695
p_1097,t3_27hht5,t1_ci0v62f,t1_ci0xj1h,0.7142857142857143,0.5815602836879432,0.1327254305977711
p_1098,t3_27hht5,t1_ci0v0t9,t1_ci0xj1h,0.6907216494845361,0.5815602836879432,0.10916136579659286
p_1099,t3_27hf7o,t1_ci1a4gk,t1_ci1l4fi,0.4959016393442623,0.7363636363636363,-0.24046199701937404
p_1101,t3_27gnxb,t1_ci0ta3o,t1_ci0mgmp,0.5935828877005348,0.7043478260869566,-0.11076493838642176
p_1103,t3_27ea43,t1_chzyi0v,t1_chzyvc9,0.782608695652174,0.6073059360730594,0.17530275957911456
p_1104,t3_27ea43,t1_chzydy2,t1_chzyi89,0.82,0.7215189873417721,0.09848101265822784
p_1105,t3_27ea43,t1_ci00m2q,t1_chzyvc9,0.47695390781563124,0.6073059360730594,-0.13035202825742814
p_1106,t3_27ea43,t1_ci00sgm,t1_ci005dx,0.5181236673773987,0.36655592469545956,0.15156774268193912
p_1107,t3_27dypa,t1_ci0bdgm,t1_ci07fb6,0.35046113306982873,0.39398998330550916,-0.04352885023568043
p_1108,t3_27divm,t1_chzwhlt,t1_chzuja4,0.7941176470588235,0.7159090909090909,0.07820855614973254
p_1109,t3_27cn8y,t1_chzj6p6,t1_chziyko,0.6870748299319728,0.543859649122807,0.14321518080916573
p_1111,t3_27atxw,t1_chz6xha,t1_chz1u36,0.5444126074498568,0.7534246575342466,-0.20901205008438983
p_1112,t3_27arev,t1_chzar7e,t1_chyzift,0.5781990521327014,0.5888888888888889,-0.01068983675618751
p_1113,t3_27aea6,t1_chywdcb,t1_chywfdl,0.5853658536585366,0.5753424657534246,0.010023387905111925
p_1114,t3_27aa6m,t1_chyw1lz,t1_chyuott,0.40071343638525564,0.6666666666666666,-0.265953230281411
p_1116,t3_278w0f,t1_chynby5,t1_chyjibx,0.7866666666666666,0.8307692307692308,-0.04410256410256419
p_1118,t3_277y4m,t1_chydgtq,t1_chywat7,0.5343511450381679,0.6181818181818182,-0.08383067314365023
p_1119,t3_277y4m,t1_chydb1h,t1_chyw4kk,0.8032786885245902,0.76,0.04327868852459016
p_1120,t3_277x8k,t1_chyttqk,t1_chy9d0r,0.7075471698113207,0.6666666666666666,0.04088050314465408
p_1121,t3_276tlp,t1_chy7sh3,t1_chy0rmg,0.3925729442970822,0.5793650793650794,-0.1867921350679972
p_1124,t3_274620,t1_chxaxd7,t1_chx8gds,0.625,0.8541666666666666,-0.22916666666666663
p_1126,t3_273kmd,t1_chxd1h9,t1_chxj63m,0.4836852207293666,0.7019230769230769,-0.21823785619371028
p_1127,t3_273kmd,t1_chx2u1h,t1_chxabgz,0.5097087378640777,0.6029411764705882,-0.09323243860651054
p_1129,t3_271kgs,t1_chwkzvw,t1_chwjkzk,0.5560344827586207,0.49830508474576274,0.057729398012857924
p_1130,t3_270lsq,t1_chwcze1,t1_chw9d8q,0.8507462686567164,0.6993464052287581,0.1513998634279583
p_1131,t3_26zspu,t1_chw19hq,t1_chw183d,0.5568862275449101,0.7078651685393258,-0.15097894099441567
p_1134,t3_26zc51,t1_chwc4g5,t1_chvxpww,0.5384615384615384,0.6487804878048781,-0.11031894934333963
p_1136,t3_26yks9,t1_chvwhll,t1_chvq9oq,0.7073170731707317,0.7894736842105263,-0.08215661103979466
p_1137,t3_26wd6r,t1_chv5dr8,t1_chv4tni,0.6081081081081081,0.6260869565217392,-0.017978848413631066
p_1139,t3_26vy78,t1_chv29xs,t1_chv09i1,0.7213114754098361,0.7397260273972602,-0.018414551987424144
p_1140,t3_26uqns,t1_chuofxc,t1_chur6nz,0.64,0.5789473684210527,0.06105263157894736
p_1141,t3_26ua0u,t1_chujiwj,t1_chujocf,0.5704225352112676,0.5132743362831859,0.05714819892808176
p_1142,t3_26u9dw,t1_chuufxu,t1_chukxnl,0.6875,0.803921568627451,-0.11642156862745101
p_1143,t3_26sh4n,t1_chu3p5h,t1_chu15ia,0.5,0.6043478260869565,-0.10434782608695647
p_1146,t3_26rdo4,t1_chtuhl8,t1_chtxxpb,0.7238805970149254,0.6008771929824561,0.12300340403246923
p_1147,t3_26rdo4,t1_chu67p6,t1_chtrpps,0.7468354430379747,0.7966101694915254,-0.049774726453550744
p_1148,t3_26q635,t1_chtgusq,t1_chtf56s,0.7551020408163265,0.8421052631578947,-0.08700322234156821
p_1149,t3_26p8jo,t1_cht981c,t1_chtj2ux,0.605072463768116,0.7596153846153846,-0.15454292084726862
p_1150,t3_26p8jo,t1_cht9qr7,t1_chts9np,0.5886075949367089,0.6588235294117647,-0.07021593447505581
p_1152,t3_26oalr,t1_chsxcva,t1_chsx48j,0.5673076923076923,0.5756097560975609,-0.008302063789868641
p_1153,t3_26nxhn,t1_chsvwxu,t1_chsv0n8,0.48533333333333334,0.594306049822064,-0.10897271648873069
p_1154,t3_26nryd,t1_chsrqt8,t1_chsrvxo,0.5396825396825397,0.7692307692307693,-0.22954822954822962
p_1155,t3_26nhjw,t1_cht4pkp,t1_chsu79i,0.5921052631578947,0.5258964143426295,0.06620884881526523
p_1156,t3_26nayb,t1_chssa9d,t1_chsv92t,0.4348404255319149,0.4562798092209857,-0.021439383689070834
p_1157,t3_26klj1,t1_chs03g4,t1_chryx19,0.477326968973747,0.5679012345679012,-0.09057426559415421
p_1158,t3_26klj1,t1_chs24pt,t1_chrz6c7,0.5210526315789473,0.65,-0.1289473684210527
p_1160,t3_26hzf8,t1_chr8s7x,t1_chrles3,0.6025641025641025,0.7019867549668874,-0.09942265240278492
p_1161,t3_26hwea,t1_chrabe3,t1_chr8ld6,0.6521739130434783,0.6633663366336634,-0.01119242359018513
p_1162,t3_26gh41,t1_chrb2s3,t1_chrbbrp,0.5718562874251497,0.6405228758169934,-0.0686665883918437
p_1163,t3_26dl3h,t1_chqfdzg,t1_chqb2dv,0.66,0.7472527472527473,-0.08725274725274723
p_1164,t3_26d2uo,t1_chpypl8,t1_chpy5h4,0.8181818181818182,0.6884057971014492,0.129776021080369
p_1166,t3_26chd9,t1_chprxii,t1_chpqlc3,0.6824324324324325,0.6282051282051282,0.05422730422730426
p_1165,t3_26chd9,t1_chpu05i,t1_chpunzb,0.5167464114832536,0.4790697674418605,0.03767664404139315
p_1168,t3_26b7qy,t1_chpe7k0,t1_chpfdw6,0.5989583333333334,0.5234899328859061,0.07546840044742731
p_1167,t3_26b7qy,t1_chpl60e,t1_chpgldh,0.6324786324786325,0.43859649122807015,0.1938821412505623
p_1169,t3_26b1l1,t1_chphzs8,t1_chpj8nd,0.6413793103448275,0.8,-0.1586206896551725
p_1170,t3_26b1l1,t1_chpkxvq,t1_chpr7to,0.4924731182795699,0.5427631578947368,-0.050290039615166926
p_1171,t3_26axzi,t1_chpfpjf,t1_chpch30,0.7701149425287356,0.582089552238806,0.1880253902899296
p_1173,t3_26avz4,t1_chpvoyz,t1_chpdbyq,0.4245472837022133,0.43315508021390375,-0.008607796511690469
p_1172,t3_26avz4,t1_chpk0aq,t1_chpkmh2,0.5232198142414861,0.691358024691358,-0.16813821044987187
p_1175,t3_266yvm,t1_cho98qb,t1_cho9whe,0.46996466431095407,0.48214285714285715,-0.012178192831903079
p_1176,t3_264xi6,t1_chnu7dr,t1_chntgnu,0.5863453815261044,0.6394849785407726,-0.053139597014668194
p_1177,t3_264iek,t1_chnlkj6,t1_chnpgap,0.6546762589928058,0.6753246753246753,-0.020648416331869535
p_1178,t3_26478q,t1_chnuzwc,t1_chni6ea,0.6100917431192661,0.5020242914979757,0.10806745162129039
p_1180,t3_26388i,t1_chn9wjm,t1_chn949h,0.5807453416149069,0.5449871465295629,0.03575819508534395
p_1179,t3_26388i,t1_chn995p,t1_chnvien,0.8541666666666666,0.5754716981132075,0.2786949685534591
p_1182,t3_25xo3j,t1_chm80yd,t1_chlvz4j,0.5674740484429066,0.5369774919614148,0.030496556481491854
p_1183,t3_25xl5s,t1_chm54oj,t1_chlqmz0,0.39316239316239315,0.5807860262008734,-0.18762363303848023
p_1184,t3_25x7qp,t1_chlltit,t1_chlyib1,0.7159090909090909,0.5986842105263158,0.11722488038277512
p_1185,t3_25vncd,t1_chldip6,t1_chl5c1u,0.516728624535316,0.7288135593220338,-0.21208493478671786
p_1187,t3_25ttah,t1_chknoam,t1_chknr46,0.5225933202357563,0.5945945945945946,-0.0720012743588383
p_1188,t3_25tb6s,t1_chkkbgt,t1_chkmpg8,0.592156862745098,0.7441860465116279,-0.15202918376652985
p_1189,t3_25tb6s,t1_chkkdg1,t1_chknu20,0.8152173913043478,0.7183098591549296,0.09690753214941816
p_1190,t3_25suor,t1_chkfvbm,t1_chkg3m5,0.6057347670250897,0.7254901960784313,-0.11975542905334169
p_1193,t3_25scj1,t1_chkzgwk,t1_chkmkdy,0.6064516129032258,0.746268656716418,-0.13981704381319215
p_1194,t3_25r1ji,t1_chjyik3,t1_chk8w7b,0.6756756756756757,0.4618181818181818,0.21385749385749386
p_1195,t3_25po6v,t1_chjkkx8,t1_chjubyn,0.46511627906976744,0.7010309278350515,-0.23591464876528406
p_1196,t3_25po6v,t1_chk8sqa,t1_chjubyn,0.41580756013745707,0.7010309278350515,-0.28522336769759443
p_1197,t3_25pnxw,t1_chjirvh,t1_chjpfx2,0.6236559139784946,0.7319587628865979,-0.10830284890810327
p_1198,t3_25pnxw,t1_chjjtas,t1_chjj0yp,0.6802721088435374,0.7887323943661971,-0.10846028552265974
p_1199,t3_25oyan,t1_chjdqy8,t1_chjem5p,0.5579268292682927,0.5615141955835962,-0.0035873663153034308
p_1200,t3_25nvz4,t1_chj0cy6,t1_chj0i1f,0.8518518518518519,0.6869565217391305,0.1648953301127214
p_1201,t3_25n272,t1_chiubth,t1_chitirm,0.7142857142857143,0.8082191780821918,-0.09393346379647749
p_1202,t3_25n272,t1_chiu5hs,t1_chiulpy,0.5040431266846361,0.7307692307692307,-0.2267261040845946
p_1205,t3_25lg8m,t1_chigspr,t1_chiogt6,0.6766917293233082,0.7288135593220338,-0.05212182999872561
p_1206,t3_25l0uy,t1_chi8i2g,t1_chi832d,0.49019607843137253,0.828125,-0.33792892156862747
p_1207,t3_25l0uy,t1_chi7njk,t1_chi7tu1,0.5070821529745042,0.796875,-0.2897928470254958
p_1211,t3_25itrj,t1_chhmwgg,t1_chi69ds,0.5060975609756098,0.7169811320754716,-0.2108835710998619
p_1212,t3_25im4s,t1_chhkumz,t1_chhjyki,0.5436893203883495,0.5596707818930041,-0.015981461504654626
p_1213,t3_25ha18,t1_chh8ifw,t1_chheuzj,0.5579399141630901,0.5602409638554217,-0.0023010496923315804
p_1214,t3_25ha18,t1_chh6qmk,t1_chhe1dy,0.6432432432432432,0.6260869565217392,0.017156286721504044
p_1216,t3_25gqr3,t1_chh26by,t1_chhh81o,0.6491228070175439,0.6329787234042553,0.016144083613288562
p_1217,t3_25gqr3,t1_chh8rrt,t1_chhh81o,0.3898768809849521,0.6329787234042553,-0.24310184241930322
p_1218,t3_25fjdx,t1_chgsfko,t1_chgwtsq,0.6445497630331753,0.6456692913385826,-0.0011195283054072913
p_1219,t3_25emz1,t1_chgg0g9,t1_chgig4z,0.6009174311926605,0.6703296703296703,-0.06941223913700978
p_1220,t3_25emz1,t1_chgg5ng,t1_chgir2d,0.5,0.696078431372549,-0.196078431372549
p_1221,t3_25e9jx,t1_chggnry,t1_chge47o,0.5795724465558195,0.5612472160356348,0.018325230520184754
p_1223,t3_25dxbd,t1_chg9dqe,t1_chg8ogo,0.6306306306306306,0.6260162601626016,0.004614370468029039
p_1227,t3_255hmb,t1_chdweq6,t1_chemebp,0.679144385026738,0.636986301369863,0.04215808365687501
p_1229,t3_254zub,t1_chdvkgy,t1_chdwf9h,0.6179245283018868,0.7304347826086957,-0.11251025430680883
p_1231,t3_254y08,t1_cheumim,t1_chds6fo,0.568075117370892,0.703125,-0.135049882629108
p_1233,t3_25397z,t1_chda336,t1_chdw4w9,0.7666666666666667,0.6643835616438356,0.10228310502283111
p_1237,t3_251sp2,t1_chcu4b5,t1_chctls6,0.6802325581395349,0.6640625,0.01617005813953487
p_1238,t3_251sp2,t1_chct90x,t1_chctls6,0.7764705882352941,0.6640625,0.11240808823529413
p_1239,t3_24y1ch,t1_chbuciq,t1_chbrxsr,0.5886524822695035,0.5561797752808989,0.032472706988604605
p_1240,t3_24xvdh,t1_chc0kbp,t1_chbz1m4,0.6132075471698113,0.5533980582524272,0.059809488917384135
p_1241,t3_24xu2q,t1_chbubti,t1_chbry7z,0.581151832460733,0.6470588235294118,-0.06590699106867881
p_1242,t3_24xu2q,t1_chc4ef4,t1_chbry7z,0.5195822454308094,0.6470588235294118,-0.12747657809860236
p_1244,t3_24w4ny,t1_chb93ff,t1_chb9gll,0.5074626865671642,0.5518134715025906,-0.044350784935426435
p_1245,t3_24w2l9,t1_chb9cc8,t1_chb90uk,0.5477031802120141,0.6479591836734694,-0.10025600346145525
p_1246,t3_24v6pp,t1_chbpbt5,t1_chb0vnk,0.653179190751445,0.6641221374045801,-0.01094294665313511
p_1247,t3_24v4li,t1_chb1bwz,t1_chb0q8j,0.6574074074074074,0.7162162162162162,-0.05880880880880879
p_1249,t3_24v147,t1_chbavh7,t1_chbf3nm,0.3727144866385373,0.4703125,-0.09759801336146273
p_1251,t3_24u1tt,t1_chatgr3,t1_chap2b6,0.6404494382022472,0.6240601503759399,0.01638928782630733
p_1252,t3_24svid,t1_chabtmq,t1_chabwh6,0.6714285714285714,0.8032786885245902,-0.1318501170960188
p_1255,t3_24se6g,t1_cha8lpp,t1_cha7yte,0.4961636828644501,0.5390946502057613,-0.04293096734131119
p_1256,t3_24sb0f,t1_cha6mi6,t1_cha8ryw,0.7073170731707317,0.8571428571428571,-0.14982578397212543
p_1257,t3_24qqog,t1_ch9zipy,t1_ch9sfw0,0.5170454545454546,0.7692307692307693,-0.2521853146853147
p_1258,t3_24pgmg,t1_ch9fo96,t1_ch9x7xg,0.5882352941176471,0.5645933014354066,0.02364199268224043
p_1261,t3_24mdbl,t1_ch8og6w,t1_ch8j52p,0.6019417475728155,0.45685279187817257,0.14508895569464292
p_1262,t3_24m6ig,t1_ch8nkas,t1_ch8kf1q,0.5869565217391305,0.5722543352601156,0.01470218647901489
p_1264,t3_24j7qu,t1_ch7qjkg,t1_ch7uy3e,0.7954545454545454,0.48639455782312924,0.3090599876314162
p_1265,t3_24io3e,t1_ch7na38,t1_ch7ieyl,0.6466165413533834,0.6982758620689655,-0.0516593207155821
p_1266,t3_24io3e,t1_ch7pz3m,t1_ch7ieyl,0.6163522012578616,0.6982758620689655,-0.08192366081110392
p_1267,t3_24hwd5,t1_ch7gi99,t1_ch7affk,0.7241379310344828,0.6547619047619048,0.069376026272578
p_1268,t3_24h3zr,t1_ch72c4s,t1_ch72cof,0.6425339366515838,0.4396135265700483,0.20292041008153544
p_1269,t3_24g8ii,t1_ch71nlc,t1_ch6tmiv,0.5382436260623229,0.6956521739130435,-0.15740854785072056
p_1270,t3_24g4hq,t1_ch7257w,t1_ch6va5a,0.7378640776699029,0.8235294117647058,-0.08566533409480293
p_1278,t3_24c5qv,t1_ch5oa5w,t1_ch5ogse,0.5441527446300716,0.5333333333333333,0.010819411296738246
p_1279,t3_24c5qv,t1_ch5ow4l,t1_ch5ogse,0.5058823529411764,0.5333333333333333,-0.027450980392156876
p_1280,t3_24c1q3,t1_ch5uakf,t1_ch60ays,0.6746411483253588,0.8,-0.12535885167464123
p_1281,t3_24c1q3,t1_ch61d0c,t1_ch5ursh,0.4712430426716141,0.5208333333333334,-0.04959029066171927
p_1282,t3_24c1q3,t1_ch5uoui,t1_ch5ugkf,0.7647058823529411,0.7619047619047619,0.0028011204481792618
p_1283,t3_24c1q3,t1_ch5zt5k,t1_ch5p4qj,0.616504854368932,0.6592592592592592,-0.042754404890327224
p_1284,t3_24bx3p,t1_ch5nu6w,t1_ch5ot5q,0.6153846153846154,0.7111111111111111,-0.09572649572649572
p_1285,t3_24bof3,t1_ch5k7ny,t1_ch5m04n,0.8787878787878788,0.6716417910447762,0.2071460877431026
p_1286,t3_24bof3,t1_ch5k4dl,t1_ch5phng,0.4977168949771689,0.5487804878048781,-0.05106359282770917
p_1287,t3_24b8ko,t1_ch5ozwp,t1_ch66f4q,0.49502982107355864,0.4959183673469388,-0.0008885462733801419
p_1288,t3_249sxa,t1_ch53so7,t1_ch4zs42,0.5802469135802469,0.8305084745762712,-0.25026156099602426
p_1289,t3_249l1k,t1_ch4xsez,t1_ch57rrn,0.8,0.6325301204819277,0.16746987951807235
p_1290,t3_248s83,t1_ch4snfe,t1_ch4qx6q,0.542016806722689,0.8333333333333334,-0.29131652661064433
p_1291,t3_248bcr,t1_ch4oftd,t1_ch51bt3,0.4012345679012346,0.4253075571177504,-0.02407298921651585
p_1295,t3_24509o,t1_ch3osvi,t1_ch3yyjg,0.5723270440251572,0.6111111111111112,-0.038784067085953944
p_1296,t3_244kp1,t1_ch3jo95,t1_ch3iw1o,0.6376811594202898,0.8392857142857143,-0.2016045548654245
p_1297,t3_244bft,t1_ch3gjc7,t1_ch3m2j3,0.7227722772277227,0.7346938775510204,-0.011921600323297699
p_1301,t3_23yke6,t1_ch1tbc6,t1_ch22rmp,0.7466666666666667,0.9411764705882353,-0.19450980392156858
p_1302,t3_23yke6,t1_ch21i1v,t1_ch21o13,0.625,0.493573264781491,0.131426735218509
p_1305,t3_23yke6,t1_ch29mf9,t1_ch1y1ws,0.578125,0.65,-0.07187500000000002
p_1303,t3_23yke6,t1_ch1xh6r,t1_ch20pf2,0.7407407407407407,0.6448598130841121,0.09588092765662859
p_1304,t3_23yke6,t1_ch1vy27,t1_ch22rmp,0.8181818181818182,0.9411764705882353,-0.12299465240641705
p_1308,t3_23xw5n,t1_ch20pmq,t1_ch1orox,0.6475409836065574,0.7391304347826086,-0.09158945117605122
p_1311,t3_23xekl,t1_ch1ihvg,t1_ch1ih9d,0.46984924623115576,0.7391304347826086,-0.2692811885514529
p_1310,t3_23xekl,t1_ch1lcbj,t1_ch1tafi,0.5864197530864198,0.7738095238095238,-0.18738977072310403
p_1312,t3_23wvv9,t1_ch1cxo2,t1_ch1d10a,0.6938775510204082,0.6021505376344086,0.09172701338599953
p_1315,t3_23wvv9,t1_ch1d1et,t1_ch1czsx,0.7733333333333333,0.7142857142857143,0.059047619047619015
p_1314,t3_23wvv9,t1_ch1dgtk,t1_ch1czsx,0.6666666666666666,0.7142857142857143,-0.04761904761904767
p_1313,t3_23wvv9,t1_ch1cuwx,t1_ch1d10a,0.6575342465753424,0.6021505376344086,0.05538370894093381
p_1316,t3_23wvv9,t1_ch1dvsg,t1_ch1d10a,0.7054263565891473,0.6021505376344086,0.1032758189547387
p_1317,t3_23vw8b,t1_ch130xw,t1_ch12knl,0.5378787878787878,0.6229508196721312,-0.08507203179334333
p_1318,t3_23vw8b,t1_ch13k3n,t1_ch12knl,0.6708860759493671,0.6229508196721312,0.04793525627723594
p_1319,t3_23vw8b,t1_ch149yl,t1_ch13pcr,0.5473251028806584,0.6060606060606061,-0.05873550317994769
p_1320,t3_23vvzm,t1_ch1f49t,t1_ch12o3l,0.4988066825775656,0.6621621621621622,-0.16335547958459656
p_1322,t3_23ou3x,t1_cgz6lk9,t1_cgz4coy,0.6820809248554913,0.7126436781609196,-0.030562753305428236
p_1324,t3_23mgec,t1_cgygajp,t1_cgyvk0r,0.6,0.7333333333333333,-0.1333333333333333
p_1326,t3_23lqtl,t1_cgybkki,t1_cgy8g3b,0.5341246290801187,0.6011560693641619,-0.06703144028404318
p_1327,t3_23lqtl,t1_cgy90vi,t1_cgyg9t2,0.7377049180327869,0.6630434782608695,0.07466143977191741
p_1328,t3_23litg,t1_cgy73k6,t1_cgyu73z,0.5353982300884956,0.5949720670391061,-0.05957383695061047
p_1329,t3_23kv7b,t1_cgxzsco,t1_cgy6k1w,0.719626168224299,0.6074380165289256,0.11218815169537344
p_1330,t3_23kv7b,t1_cgy0cn3,t1_cgy04hq,0.5911602209944752,0.625,-0.03383977900552482
p_1331,t3_23kv7b,t1_cgy2g6p,t1_cgy5vy7,0.8,0.6343283582089553,0.16567164179104477
p_1332,t3_23kv7b,t1_cgy0c2d,t1_cgy551n,0.6808510638297872,0.5862068965517241,0.09464416727806313
p_1333,t3_23kv7b,t1_cgy6gid,t1_cgyrejw,0.7294117647058823,0.7761194029850746,-0.04670763827919233
p_1334,t3_23kit3,t1_cgxz084,t1_cgxx7gu,0.4767676767676768,0.6013071895424836,-0.12453951277480685
p_1335,t3_23k2q0,t1_cgxw1t2,t1_cgxturs,0.5384615384615384,0.6410256410256411,-0.10256410256410264
p_1336,t3_23jz53,t1_cgxr95k,t1_cgxqswm,0.5705329153605015,0.7083333333333334,-0.13780041797283182
p_1337,t3_23jmyp,t1_cgxs8kb,t1_cgxn99f,0.5780590717299579,0.6797385620915033,-0.10167949036154544
p_1338,t3_23ijp4,t1_cgxcr0l,t1_cgxdbde,0.48466257668711654,0.5710455764075067,-0.08638299972039021
p_1341,t3_23c5x0,t1_cgvl8vi,t1_cgvm637,0.5380116959064327,0.5578034682080925,-0.019791772301659738
p_1342,t3_239u21,t1_cguzcxq,t1_cgv142h,0.7676767676767676,0.5988700564971752,0.16880671117959245
p_1343,t3_238wk7,t1_cgumv5c,t1_cgvmt4w,0.513978494623656,0.6267123287671232,-0.11273383414346727
p_1344,t3_238afg,t1_cguflf3,t1_cgufoko,0.6486486486486487,0.8472222222222222,-0.19857357357357353
p_1345,t3_2375b2,t1_cgu92dz,t1_cgu3uvw,0.4794816414686825,0.6141304347826086,-0.13464879331392615
p_1346,t3_2371el,t1_cguakwg,t1_cgu6rya,0.6257309941520468,0.5255474452554745,0.10018354889657233
p_1347,t3_2360o1,t1_cgtz3wv,t1_cgtwa3q,0.5826086956521739,0.6666666666666666,-0.08405797101449275
p_1348,t3_2360o1,t1_cgu0cre,t1_cgtsaaa,0.4745417515274949,0.6068111455108359,-0.13226939398334103
p_1353,t3_22z33y,t1_cgrsuna,t1_cgs2mn3,0.7647058823529411,0.7848101265822784,-0.02010424422933732
p_1354,t3_22z33y,t1_cgrugp5,t1_cgs6ju7,0.6494845360824743,0.7702702702702703,-0.12078573418779603
p_1355,t3_22y28i,t1_cgriyct,t1_cgrjo9h,0.5783132530120482,0.5886075949367089,-0.010294341924660722
p_1358,t3_22xij5,t1_cgrqv9h,t1_cgrcwvc,0.5501432664756447,0.5296442687747036,0.020498997700941102
p_1356,t3_22xij5,t1_cgrcz5o,t1_cgrcq5k,0.5266666666666666,0.6306306306306306,-0.10396396396396401
p_1359,t3_22wdaq,t1_cgr4744,t1_cgr1g25,0.5986394557823129,0.6198830409356725,-0.021243585153359557
p_1361,t3_22uku3,t1_cgqjbhc,t1_cgqivn8,0.7692307692307693,0.5401929260450161,0.22903784318575315
p_1362,t3_22uku3,t1_cgqlrwl,t1_cgqjogl,0.45690834473324216,0.5464788732394367,-0.08957052850619451
p_1364,t3_22uku3,t1_cgqquh7,t1_cgqjogl,0.5620437956204379,0.5464788732394367,0.015564922381001267
p_1363,t3_22uku3,t1_cgqkdik,t1_cgqivn8,0.6175115207373272,0.5401929260450161,0.07731859469231106
p_1365,t3_22ujpc,t1_cgqjh6c,t1_cgqk4rp,0.6916666666666667,0.8289473684210527,-0.137280701754386
p_1367,t3_22s6od,t1_cgpvjq6,t1_cgpumps,0.4827586206896552,0.6746031746031746,-0.19184455391351946
p_1368,t3_22s540,t1_cgpw23e,t1_cgq0y5h,0.4427570093457944,0.41086691086691085,0.03189009847888352
p_1369,t3_22ro8l,t1_cgpubok,t1_cgpq38y,0.48596112311015116,0.503030303030303,-0.01706917992015189
p_1373,t3_22rciz,t1_cgppvl3,t1_cgps3lm,0.6174496644295302,0.6818181818181818,-0.06436851738865157
p_1375,t3_22p8vc,t1_cgp1ivx,t1_cgp2qt7,0.6192307692307693,0.515850144092219,0.10338062513855029
p_1376,t3_22p8vc,t1_cgph660,t1_cgp2qt7,0.45555555555555555,0.515850144092219,-0.06029458853666342
p_1378,t3_22oxbh,t1_cgpbtta,t1_cgp8xyo,0.574585635359116,0.591743119266055,-0.017157483906939053
p_1381,t3_22kmvs,t1_cgnqvsu,t1_cgns9dq,0.5738636363636364,0.5892857142857143,-0.015422077922077948
p_1382,t3_22kmvs,t1_cgnr65q,t1_cgnr89a,0.6225165562913907,0.7876106194690266,-0.16509406317763586
p_1383,t3_22kmvs,t1_cgnqzqt,t1_cgns9dq,0.7375,0.5892857142857143,0.14821428571428574
p_1385,t3_22jhn2,t1_cgneze9,t1_cgnl46h,0.5617283950617284,0.4962686567164179,0.06545973834531055
p_1387,t3_22f1kj,t1_cgm6jha,t1_cgs195e,0.6413793103448275,0.6893203883495146,-0.047941078004687054
p_1388,t3_22f1kj,t1_cgm7mon,t1_cgmavew,0.4626865671641791,0.6305732484076433,-0.16788668124346418
p_1389,t3_22f1kj,t1_cgm6vi2,t1_cgm6jxw,0.4549483013293944,0.6033333333333334,-0.148385032003939
p_1392,t3_22akzj,t1_cgl8lo1,t1_cgkxjgo,0.42592592592592593,0.5692307692307692,-0.14330484330484328
p_1394,t3_22aivj,t1_cglicrz,t1_cgl0x83,0.8,0.6941176470588235,0.10588235294117654
p_1395,t3_22aivj,t1_cgljc74,t1_cgl10xq,0.5934959349593496,0.7058823529411765,-0.11238641798182691
p_1396,t3_22a5ni,t1_cgktqwp,t1_cgkttdk,0.6363636363636364,0.8,-0.1636363636363637
p_1397,t3_22a3qs,t1_cgkvrr0,t1_cgkykbh,0.5123674911660777,0.6455696202531646,-0.13320212908708684
p_1398,t3_22a3qs,t1_cgl1hm0,t1_cgkykbh,0.5354330708661418,0.6455696202531646,-0.11013654938702278
p_1399,t3_22a3qs,t1_cgl1h03,t1_cgkykbh,0.5703703703703704,0.6455696202531646,-0.07519924988279414
p_1400,t3_22a37m,t1_cgksfxc,t1_cgkymem,0.6589147286821705,0.8775510204081632,-0.21863629172599275
p_1401,t3_228zyi,t1_cgkk4t4,t1_cgklgw6,0.8181818181818182,0.6730769230769231,0.1451048951048951
p_1402,t3_228zup,t1_cgkizxk,t1_cgklh2w,0.608433734939759,0.5803571428571429,0.028076592082616147
p_1403,t3_227jtk,t1_cgkj9t2,t1_cgk3y74,0.5664335664335665,0.6685082872928176,-0.10207472085925118
p_1404,t3_2274kr,t1_cgk4b3c,t1_cgk2ayk,0.42691903259726605,0.4190938511326861,0.007825181464579944
p_1406,t3_226qii,t1_cgjxbij,t1_cgjwndb,0.6285714285714286,0.5672727272727273,0.0612987012987013
p_1408,t3_225n20,t1_cgjsq8n,t1_cgjxoyj,0.6686746987951807,0.49295774647887325,0.17571695231630746
p_1409,t3_225n20,t1_cgjse9y,t1_cgjto4c,0.45154185022026433,0.5024630541871922,-0.05092120396692784
p_1411,t3_2235f3,t1_cgj1syh,t1_cgj12cs,0.7534246575342466,0.9166666666666666,-0.16324200913242004
p_1413,t3_222civ,t1_cgiu51l,t1_cgiukpc,0.41872791519434627,0.38659058487874465,0.03213733031560162
p_1414,t3_222civ,t1_cgj0qyo,t1_cgir9ho,0.5884353741496599,0.5981735159817352,-0.009738141832075331
p_1416,t3_2225gv,t1_cgimlkk,t1_cgio20w,0.6370370370370371,0.8,-0.16296296296296298
p_1417,t3_221bir,t1_cgif7kr,t1_cgixpf6,0.7054263565891473,0.7383177570093458,-0.03289140042019845
p_1418,t3_220tb9,t1_cgi94sd,t1_cgic9mq,0.5298013245033113,0.475177304964539,0.05462401953877227
p_1422,t3_21ufiz,t1_cghj1f0,t1_cggsmnl,0.7872340425531915,0.803921568627451,-0.016687526074259496
p_1423,t3_21tk7p,t1_cgggqyw,t1_cgghrhl,0.7142857142857143,0.5164835164835165,0.19780219780219777
p_1425,t3_21tdqe,t1_cggbp4k,t1_cggl2kk,0.75,0.6701030927835051,0.0798969072164949
p_1426,t3_21syfg,t1_cgg7z22,t1_cgg8cok,0.7222222222222222,0.68,0.04222222222222216
p_1428,t3_21ssfi,t1_cgg6xv3,t1_cggf9u8,0.5622489959839357,0.7154471544715447,-0.15319815848760898
p_1436,t3_21pkk6,t1_cgfbywq,t1_cgfbp9c,0.38183807439824946,0.5031645569620253,-0.12132648256377587
p_1437,t3_21okwn,t1_cgf2798,t1_cgf5s9n,0.5379537953795379,0.7558139534883721,-0.2178601581088342
p_1438,t3_21lleu,t1_cgec0uu,t1_cgebs0x,0.5054347826086957,0.5578034682080925,-0.05236868559939678
p_1439,t3_21l4k2,t1_cge4eyu,t1_cge6hi9,0.6602564102564102,0.7719298245614035,-0.11167341430499322
p_1441,t3_21id1m,t1_cgdf3o7,t1_cgdlgwq,0.6752136752136753,0.7105263157894737,-0.035312640575798415
p_1447,t3_21eskl,t1_cgcdlrz,t1_cgccad9,0.7605633802816901,0.7338129496402878,0.026750430641402367
p_1449,t3_21dzb8,t1_cgc6vmk,t1_cgcdz22,0.6607142857142857,0.7564102564102564,-0.09569597069597069
p_1450,t3_21ceh3,t1_cgbp7v2,t1_cgbpnct,0.7379310344827587,0.75,-0.012068965517241348
p_1451,t3_21c4g5,t1_cgbm0ol,t1_cgbmkir,0.43288590604026844,0.6344086021505376,-0.20152269611026918
p_1454,t3_21bodq,t1_cgbktwy,t1_cgboulw,0.5688487584650113,0.6994535519125683,-0.13060479344755704
p_1455,t3_21aaav,t1_cgb4hag,t1_cgb7k83,0.6356589147286822,0.7386363636363636,-0.10297744890768146
p_1456,t3_219ie7,t1_cgawtkk,t1_cgaywpa,0.5411764705882353,0.6686746987951807,-0.12749822820694545
p_1457,t3_219ie7,t1_cgay26g,t1_cgaxh04,0.4752,0.6239316239316239,-0.14873162393162392
p_1459,t3_219hll,t1_cgb9i7f,t1_cgawgmy,0.6428571428571429,0.7333333333333333,-0.09047619047619038
p_1461,t3_218cj0,t1_cgb7957,t1_cgakc8p,0.7727272727272727,0.5152838427947598,0.2574434299325129
p_1460,t3_218cj0,t1_cgb4zyw,t1_cgalms8,0.6577777777777778,0.5741935483870968,0.083584229390681
p_1462,t3_218cay,t1_cganctm,t1_cgb5b16,0.40770101925254815,0.4853932584269663,-0.07769223917441814
p_1464,t3_217z08,t1_cgamd0q,t1_cgam4in,0.47368421052631576,0.4588477366255144,0.014836473900801339
p_1466,t3_216l8g,t1_cga5u8e,t1_cgaj501,0.6368715083798883,0.7681159420289855,-0.13124443364909721
p_1468,t3_216l8g,t1_cgadifw,t1_cgamd1h,0.43057722308892354,0.6705882352941176,-0.24001101220519405
p_1469,t3_216l8g,t1_cga5vm9,t1_cgad30r,0.6629834254143646,0.8059701492537313,-0.14298672383936673
p_1470,t3_216c3c,t1_cgaclvt,t1_cgb76ib,0.6821192052980133,0.7155963302752294,-0.03347712497721611
p_1471,t3_2156ec,t1_cg9t3jm,t1_cg9v9lh,0.6507936507936508,0.652542372881356,-0.0017487220877051568
p_1472,t3_2156ec,t1_cg9sith,t1_cg9v9lh,0.6040268456375839,0.652542372881356,-0.04851552724377206
p_1473,t3_213mm2,t1_cg9agr0,t1_cg9bbci,0.6298342541436464,0.6,0.029834254143646377
p_1474,t3_2130o9,t1_cg973lr,t1_cg99h0r,0.417312661498708,0.5045871559633027,-0.08727449446459473
p_1475,t3_2108o3,t1_cg8g5m0,t1_cg8vacp,0.47802197802197804,0.42095238095238097,0.05706959706959708
p_1477,t3_2108o3,t1_cg8pfcj,t1_cg8em1w,0.7132867132867133,0.4649805447470817,0.2483061685396316
p_1476,t3_2108o3,t1_cg8g18c,t1_cg8gp2o,0.5893536121673004,0.625,-0.03564638783269958
p_1478,t3_2100tm,t1_cg8bjor,t1_cg8bpfd,0.8235294117647058,0.7669902912621359,0.05653912050256993
p_1479,t3_2100tm,t1_cg8bkva,t1_cg8cadv,0.48751835535976507,0.6239669421487604,-0.1364485867889953
p_1480,t3_21006g,t1_cg8ektc,t1_cg8c67y,0.46981627296587924,0.5274463007159904,-0.05763002775011117
p_1481,t3_21006g,t1_cg8d5l7,t1_cg8jki4,0.6,0.7014925373134329,-0.10149253731343288
p_1482,t3_21006g,t1_cg8k5af,t1_cg8jacm,0.4329004329004329,0.406496062992126,0.026404369908306913
p_1483,t3_20y74d,t1_cg7uqnx,t1_cg7xgcc,0.8082191780821918,0.6103896103896104,0.19782956769258142
p_1484,t3_20xnem,t1_cg7p4ea,t1_cg872iu,0.5543478260869565,0.5224358974358975,0.031911928651059074
p_1485,t3_20xnem,t1_cg7py0i,t1_cg872iu,0.48902195608782434,0.5224358974358975,-0.03341394134807313
p_1486,t3_20w0tt,t1_cg7p8xg,t1_cg7r3mc,0.6085106382978723,0.44227886056971516,0.16623177772815717
p_1487,t3_20vzfs,t1_cg7cbh1,t1_cg7cj2w,0.7422680412371134,0.6770833333333334,0.06518470790378006
p_1488,t3_20v70n,t1_cg725lz,t1_cg73vfe,0.680672268907563,0.5909090909090909,0.08976317799847211
p_1489,t3_20smoi,t1_cg6kjc3,t1_cg6ejad,0.509090909090909,0.6091370558375635,-0.10004614674665446
p_1495,t3_20ofb2,t1_cg5pkgq,t1_cg5ixhz,0.6387096774193548,0.7521367521367521,-0.11342707471739732
p_1499,t3_20nrcb,t1_cg543t2,t1_cg552uu,0.6473988439306358,0.7297297297297297,-0.08233088579909387
p_1502,t3_20mxh2,t1_cg5cj8f,t1_cg5k6xt,0.5558739255014327,0.5338983050847458,0.02197562041668688
p_1504,t3_20mjdj,t1_cg682ww,t1_cg4t0cc,0.5703125,0.5615942028985508,0.008718297101449224
p_1503,t3_20mjdj,t1_cg4pg7g,t1_cg4t0cc,0.6778523489932886,0.5615942028985508,0.11625814609473784
p_1505,t3_20madh,t1_cg4ndzh,t1_cg4rj03,0.5045703839122486,0.49693251533742333,0.007637868574825291
p_1508,t3_20krmr,t1_cg48d5v,t1_cg4a1y8,0.5520231213872833,0.6342857142857142,-0.08226259289843096
p_1509,t3_20k8w4,t1_cg4aii2,t1_cg48eux,0.5530864197530864,0.7419354838709677,-0.18884906411788138
p_1510,t3_20k2rr,t1_cg419ms,t1_cg412ex,0.5114942528735632,0.5826771653543307,-0.07118291248076747
p_1511,t3_20jx3a,t1_cg3ylll,t1_cg3zhj7,0.6441717791411042,0.6728395061728395,-0.028667727031735257
p_1512,t3_20iv9v,t1_cg3ns2w,t1_cg44wwu,0.6302083333333334,0.6074766355140186,0.022731697819314722
p_1513,t3_20iv9v,t1_cg3y5m7,t1_cg44wwu,0.6390532544378699,0.6074766355140186,0.03157661892385122
p_1515,t3_20i4lp,t1_cg3uys9,t1_cg3hmbl,0.5667870036101083,0.7575757575757576,-0.19078875396564932
p_1516,t3_20i4lp,t1_cg48c3a,t1_cg3j6v8,0.5963302752293578,0.7976190476190477,-0.2012887723896899
p_1517,t3_20i32o,t1_cg3g5qn,t1_cg3h1s6,0.6308411214953271,0.6157894736842106,0.015051647811116564
p_1518,t3_20hoh2,t1_cg3e8tj,t1_cg3e1q3,0.6170212765957447,0.6130434782608696,0.0039777983348751045
p_1519,t3_20h3n2,t1_cg35tve,t1_cg35vpg,0.7709923664122137,0.7115384615384616,0.05945390487375213
p_1520,t3_20gyw4,t1_cg3bvu3,t1_cg3fsc7,0.6666666666666666,0.8275862068965517,-0.16091954022988508
p_1521,t3_20gyw4,t1_cg3fs5u,t1_cg3fsc7,0.6214285714285714,0.8275862068965517,-0.20615763546798027
p_1523,t3_20evic,t1_cg2s2cg,t1_cg2kgg6,0.524390243902439,0.7256637168141593,-0.20127347291172026
p_1524,t3_20er8m,t1_cg2kh0h,t1_cg349wx,0.803921568627451,0.5637583892617449,0.24016317936570608
p_1526,t3_20er8m,t1_cg2pphh,t1_cg349wx,0.7767857142857143,0.5637583892617449,0.21302732502396937
p_1529,t3_20ccdh,t1_cg1yrvx,t1_cg21j64,0.7394366197183099,0.5409090909090909,0.19852752880921898
p_1530,t3_20c7cz,t1_cg1yw0u,t1_cg1tdlz,0.8169014084507042,0.6524390243902439,0.16446238406046032
p_1531,t3_20bjzj,t1_cg1npcb,t1_cg1np4p,0.5184049079754601,0.5477941176470589,-0.02938920967159875
p_1532,t3_20bc4h,t1_cg1kcaj,t1_cg1q9b0,0.5402298850574713,0.4738292011019284,0.06640068395554288
p_1533,t3_20bc4h,t1_cg1k60u,t1_cg1m2xr,0.6124031007751938,0.7708333333333334,-0.1584302325581396
p_1536,t3_208uz9,t1_cg0x68o,t1_cg0vcfi,0.5979899497487438,0.7111111111111111,-0.11312116136236738
p_1538,t3_208uz9,t1_cg10g34,t1_cg0vx6c,0.8571428571428571,0.40707964601769914,0.45006321112515796
p_1539,t3_20771y,t1_cg0g3o7,t1_cg0kgnu,0.6428571428571429,0.6023391812865497,0.040517961570593175
p_1541,t3_2067hy,t1_cg07wrp,t1_cg0fxc1,0.6824644549763034,0.6206896551724138,0.06177479980388956
p_1542,t3_2067hy,t1_cg0du69,t1_cg0fxc1,0.6772151898734177,0.6206896551724138,0.056525534701003854
p_1543,t3_205wgp,t1_cg034et,t1_cg0lm1r,0.704225352112676,0.6388888888888888,0.06533646322378717
p_1545,t3_2055ga,t1_cg005x6,t1_cfzyi1j,0.6474820143884892,0.5017301038062284,0.14575191058226078
p_1546,t3_20552o,t1_cfzv2ca,t1_cfzutd1,0.655367231638418,0.5625,0.09286723163841804
p_1547,t3_202dsz,t1_cfz5omt,t1_cfz8mj9,0.623574144486692,0.4663677130044843,0.1572064314822077
p_1548,t3_1zyxf5,t1_cfykpyh,t1_cfy8x1q,0.5457142857142857,0.6512820512820513,-0.10556776556776559
p_1549,t3_1zwn1x,t1_cfxnbo6,t1_cfxnnsj,0.7375886524822695,0.7261904761904762,0.011398176291793294
p_1550,t3_1zw7ln,t1_cfxj320,t1_cfxj5az,0.7083333333333334,0.7808219178082192,-0.07248858447488582
p_1551,t3_1zuvxw,t1_cfxe20o,t1_cfxmqh6,0.563265306122449,0.5934065934065934,-0.030141287284144447
p_1552,t3_1zu61l,t1_cfwzylm,t1_cfx0hao,0.5668202764976958,0.5892857142857143,-0.02246543778801846
p_1553,t3_1ztvka,t1_cfwxsqx,t1_cfwws2r,0.5949720670391061,0.8061224489795918,-0.21115038194048574
p_1555,t3_1zs621,t1_cfwvfc8,t1_cfwgped,0.4126984126984127,0.5930232558139535,-0.18032484311554087
p_1557,t3_1zradb,t1_cfwcpec,t1_cfwls65,0.5134328358208955,0.495114006514658,0.018318829306237516
p_1558,t3_1zmsp5,t1_cfv2q6b,t1_cfv12db,0.5253623188405797,0.5836909871244635,-0.05832866828388383
p_1561,t3_1zj8xe,t1_cfuhnxj,t1_cfu7ye4,0.6646706586826348,0.7008547008547008,-0.036184042172066055
p_1563,t3_1zixnc,t1_cfu2ihk,t1_cfufvm6,0.5637254901960784,0.48739495798319327,0.07633053221288516
p_1564,t3_1zixnc,t1_cfufgl4,t1_cfu8t82,0.5377049180327869,0.6832298136645962,-0.14552489563180937
p_1565,t3_1zga9j,t1_cfth378,t1_cfthktn,0.4921052631578947,0.7142857142857143,-0.2221804511278196
p_1566,t3_1zfi9r,t1_cft7656,t1_cft6dvp,0.60625,0.6842105263157895,-0.07796052631578954
p_1567,t3_1zdgxp,t1_cfspefn,t1_cfsoeq2,0.5730337078651685,0.7387387387387387,-0.16570503087357025
p_1568,t3_1zav5a,t1_cfs128g,t1_cfs8we4,0.49008498583569404,0.425891181988743,0.06419380384695106
p_1569,t3_1zav5a,t1_cfs14jd,t1_cfs27v4,0.8194444444444444,0.7804878048780488,0.03895663956639561
p_1570,t3_1z9uki,t1_cfrtm9j,t1_cfrtrpp,0.6936936936936937,0.7222222222222222,-0.028528528528528496
p_1571,t3_1z9nj1,t1_cfrvhp5,t1_cfrt1zr,0.7077922077922078,0.6467065868263473,0.061085620965860454
p_1572,t3_1z9nj1,t1_cfs2slp,t1_cfrt1zr,0.5241157556270096,0.6467065868263473,-0.12259083119933767
p_1575,t3_1z4j07,t1_cfqjgtm,t1_cfqfpgt,0.6717557251908397,0.6412213740458015,0.03053435114503822
p_1576,t3_1z3vej,t1_cfq9l33,t1_cfq9m7b,0.7411764705882353,0.8,-0.05882352941176472
p_1577,t3_1z2m65,t1_cfpz5ni,t1_cfqe6na,0.5,0.6357615894039735,-0.13576158940397354
p_1579,t3_1z1x25,t1_cfps3jr,t1_cfprwz1,0.47352941176470587,0.5613382899628253,-0.08780887819811944
p_1581,t3_1z0efm,t1_cfpdtdk,t1_cfpdbjr,0.5460526315789473,0.6464646464646465,-0.10041201488569917
p_1582,t3_1yzk2r,t1_cfpix2k,t1_cfpb5e7,0.3683385579937304,0.44220572640509015,-0.07386716841135976
p_1584,t3_1ytd1y,t1_cfnl117,t1_cfnl2nq,0.5159235668789809,0.7301587301587301,-0.21423516327974923
p_1585,t3_1yst0y,t1_cfngu5x,t1_cfngwn5,0.5758293838862559,0.5518672199170125,0.023962163969243444
p_1586,t3_1ysjvs,t1_cfndapb,t1_cfnjy06,0.6381578947368421,0.7457627118644068,-0.10760481712756464
p_1587,t3_1ysjvs,t1_cfnejdg,t1_cfndbpn,0.6174496644295302,0.5894308943089431,0.028018770120587067
p_1588,t3_1yqbtv,t1_cfmvaww,t1_cfn3a9g,0.42946708463949845,0.5822784810126582,-0.15281139637315977
p_1589,t3_1yqbtv,t1_cfmvnmb,t1_cfnjhfp,0.6111111111111112,0.6752136752136753,-0.0641025641025641
p_1590,t3_1ypfdt,t1_cfmn9ya,t1_cfmkj9p,0.6541353383458647,0.6578947368421053,-0.003759398496240629
p_1593,t3_1ylhiw,t1_cflpdf1,t1_cflrlgg,0.492600422832981,0.6721311475409836,-0.17953072470800258
p_1594,t3_1yksrs,t1_cfln3uw,t1_cflsynk,0.6691176470588235,0.8131868131868132,-0.1440691661279897
p_1595,t3_1yk2nn,t1_cfmigm1,t1_cfl7jgs,0.4205128205128205,0.6568627450980392,-0.2363499245852187
p_1597,t3_1yj9yz,t1_cfkzuuw,t1_cfl3zb3,0.7894736842105263,0.7962962962962963,-0.006822612085769952
p_1598,t3_1yhd8w,t1_cfkunw0,t1_cfl04qs,0.4594594594594595,0.5303030303030303,-0.07084357084357079
p_1599,t3_1yg8sx,t1_cfkaxla,t1_cfk8844,0.7037037037037037,0.7578947368421053,-0.05419103313840157
p_1600,t3_1yg2jo,t1_cfk66s1,t1_cfk729g,0.68,0.7755102040816326,-0.09551020408163258
p_1601,t3_1yf0hw,t1_cfk3gzm,t1_cfk3g6w,0.43656207366984995,0.43656207366984995,0.0
p_1602,t3_1ycqp3,t1_cfjcixz,t1_cfjex0e,0.6694214876033058,0.4782608695652174,0.19116061803808837
p_1603,t3_1yccg0,t1_cfj7tna,t1_cfj836t,0.6205533596837944,0.5498575498575499,0.07069580982624457
p_1604,t3_1yc8z3,t1_cfj8dok,t1_cfj6ut7,0.6075085324232082,0.656441717791411,-0.04893318536820279
p_1607,t3_1y93n4,t1_cfilbka,t1_cfiga5n,0.4246575342465753,0.6731707317073171,-0.2485131974607418
p_1609,t3_1y8e6p,t1_cfidj9k,t1_cfi8wne,0.47380410022779046,0.6244541484716157,-0.15065004824382527
p_1610,t3_1y7dly,t1_cfi0whe,t1_cfi99ou,0.6826347305389222,0.39700996677740863,0.2856247637615136
p_1611,t3_1y6r6n,t1_cfhuqmy,t1_cfhzeok,0.5138888888888888,0.40774487471526194,0.1061440141736269
p_1613,t3_1y5kpj,t1_cfhngrl,t1_cfhmv6r,0.7606837606837606,0.5970149253731343,0.16366883531062637
p_1614,t3_1y5jpe,t1_cfhjc63,t1_cfhoyvh,0.8392857142857143,0.7126436781609196,0.12664203612479474
p_1615,t3_1y3vw7,t1_cfh6xl3,t1_cfhb3ig,0.5290697674418605,0.6754385964912281,-0.14636882904936754
p_1616,t3_1y0z80,t1_cfgezmv,t1_cfgd9sg,0.5932203389830508,0.6923076923076923,-0.09908735332464147
p_1617,t3_1y0z80,t1_cfgebtx,t1_cfge83v,0.6178010471204188,0.7192982456140351,-0.10149719849361627
p_1618,t3_1y0z80,t1_cfgff5w,t1_cfgdo8i,0.7755102040816326,0.7931034482758621,-0.017593244194229474
p_1619,t3_1y0z80,t1_cfggmp9,t1_cfggdeg,0.7663551401869159,0.7924528301886793,-0.02609769000176343
p_1620,t3_1y0vu9,t1_cfgiaw0,t1_cfgl96g,0.7142857142857143,0.695906432748538,0.018379281537176273
p_1621,t3_1y0q8w,t1_cfrq7cf,t1_cfgq10w,0.44123711340206184,0.46353322528363045,-0.022296111881568603
p_1622,t3_1xzpi7,t1_cfg2dzw,t1_cfg3is1,0.5448113207547169,0.58,-0.03518867924528302
p_1623,t3_1xzf7d,t1_cfg00me,t1_cffz5zm,0.56,0.5797872340425532,-0.019787234042553115
p_1624,t3_1xzeag,t1_cffzwu5,t1_cffzfv6,0.5041095890410959,0.5879828326180258,-0.08387324357692982
p_1625,t3_1xzdek,t1_cfg1zzx,t1_cfg0i1g,0.48441926345609065,0.6953125,-0.21089323654390935
p_1626,t3_1xz6rw,t1_cffz8em,t1_cffxz9z,0.5192307692307693,0.6546762589928058,-0.13544548976203652
p_1628,t3_1xx4hd,t1_cffpbcp,t1_cffe6q8,0.4612159329140461,0.5813148788927336,-0.12009894597868748
p_1631,t3_1xvch2,t1_cff03ce,t1_cfeznzr,0.504424778761062,0.5047923322683706,-0.00036755350730866
p_1632,t3_1xus3u,t1_cff4s1l,t1_cff7gyo,0.5205811138014528,0.5751633986928104,-0.054582284891357635
p_1633,t3_1xtu9a,t1_cfelt93,t1_cfek1hq,0.5307692307692308,0.4517766497461929,0.07899258102303786
p_1635,t3_1xt7na,t1_cfekvit,t1_cfehcuc,0.6744186046511628,0.7701149425287356,-0.09569633787757281
p_1636,t3_1xrsup,t1_cfe9wcm,t1_cfecpir,0.5451713395638629,0.8271604938271605,-0.2819891542632976
p_1639,t3_1xqnjx,t1_cfdvt9y,t1_cfdt5y3,0.5601092896174863,0.5351351351351351,0.024974154482351185
p_1640,t3_1xqnjx,t1_cfdsxp9,t1_cfdvwqp,0.4075342465753425,0.5174418604651163,-0.10990761388977383
p_1641,t3_1xqn05,t1_cfdr670,t1_cfdzhku,0.6956521739130435,0.7204301075268817,-0.024777933613838288
p_1647,t3_1xpli3,t1_cfdj416,t1_cfdz0is,0.4799154334038055,0.5584415584415584,-0.07852612503775291
p_1648,t3_1xp9br,t1_cfddlr2,t1_cfdd9ab,0.4977973568281938,0.4980544747081712,-0.00025711787997739766
p_1649,t3_1xowzb,t1_cfdatgs,t1_cfdbx3c,0.5023364485981309,0.5508196721311476,-0.048483223533016706
p_1650,t3_1xowzb,t1_cfdbhsi,t1_cfdbx3c,0.47959183673469385,0.5508196721311476,-0.07122783539645372
p_1651,t3_1xofrl,t1_cfd7mvo,t1_cfd6avv,0.7848101265822784,0.7456140350877193,0.03919609149455916
p_1652,t3_1xny71,t1_cfd4qsf,t1_cfd1p8s,0.4747663551401869,0.7172774869109948,-0.2425111317708079
p_1653,t3_1xne0t,t1_cfcwnyo,t1_cfcwuj0,0.6098360655737705,0.7387387387387387,-0.12890267316496828
p_1654,t3_1xml8r,t1_cfcpq87,t1_cfcvgy3,0.4731977818853974,0.5948275862068966,-0.12162980432149917
p_1658,t3_1xj5t3,t1_cfbzgs9,t1_cfbsvrz,0.5864197530864198,0.5041322314049587,0.08228752168146114
p_1659,t3_1xj58k,t1_cfbw65l,t1_cfc1y4k,0.5450236966824644,0.616822429906542,-0.0717987332240776
p_1660,t3_1xj1ga,t1_cfbsq9j,t1_cfbsdxa,0.5576923076923077,0.5870445344129555,-0.029352226720647745
p_1661,t3_1xijwf,t1_cfbyqtw,t1_cfbs8fr,0.4329004329004329,0.55625,-0.12334956709956713
p_1662,t3_1xijwf,t1_cfbrxxo,t1_cfbs8fr,0.7027027027027027,0.55625,0.14645270270270272
p_1663,t3_1xi9t0,t1_cfbm43v,t1_cfbl44s,0.4541176470588235,0.5617021276595745,-0.10758448060075099
p_1664,t3_1xhrpt,t1_cfbkr47,t1_cfby4iv,0.3626943005181347,0.47619047619047616,-0.11349617567234144
p_1665,t3_1xhjo8,t1_cfbg2kr,t1_cfbe6yx,0.5351170568561873,0.5736434108527132,-0.03852635399652593
p_1666,t3_1xhgv0,t1_cfbkzhu,t1_cfbpidx,0.6106194690265486,0.46405228758169936,0.14656718144484926
p_1668,t3_1xgop4,t1_cfb7zmh,t1_cfblib6,0.7407407407407407,0.6296296296296297,0.11111111111111105
p_1670,t3_1xg9o8,t1_cfb5szp,t1_cfb8m1v,0.5215759849906192,0.6074380165289256,-0.0858620315383064
p_1671,t3_1xg9o8,t1_cfb7rha,t1_cfb8rco,0.5594936708860759,0.5239294710327456,0.03556419985333037
p_1672,t3_1xg07x,t1_cfb0ntv,t1_cfb1y56,0.6565656565656566,0.6433566433566433,0.013209013209013243
p_1673,t3_1xg07x,t1_cfb029j,t1_cfb1y56,0.6144578313253012,0.6433566433566433,-0.028898812031342147
p_1674,t3_1xfxzz,t1_cfbqyq7,t1_cfb38lx,0.5384615384615384,0.625,-0.08653846153846156
p_1675,t3_1xecbw,t1_cfapwte,t1_cfavmea,0.7192982456140351,0.7295081967213115,-0.010209951107276405
p_1676,t3_1xauzj,t1_cf9ryoi,t1_cf9rnej,0.5884244372990354,0.5458937198067633,0.04253071749227211
p_1677,t3_1x9drc,t1_cf9aorl,t1_cf9drsg,0.4700854700854701,0.5299145299145299,-0.05982905982905984
p_1678,t3_1x8fy5,t1_cf9c8ws,t1_cf9598e,0.5458715596330275,0.7209302325581395,-0.175058672925112
p_1679,t3_1x7uoa,t1_cf8wl9o,t1_cf8z5i2,0.5252525252525253,0.6709677419354839,-0.14571521668295861
p_1681,t3_1x5wrj,t1_cf8fe6i,t1_cf8h4zs,0.608433734939759,0.7647058823529411,-0.15627214741318207
p_1682,t3_1x5gri,t1_cf8ak7n,t1_cf8c7ra,0.46678321678321677,0.6573033707865169,-0.19052015400330014
p_1683,t3_1x4fll,t1_cf88dvu,t1_cf80gm0,0.7,0.6375,0.0625
p_1684,t3_1x4e9l,t1_cf8c6ja,t1_cf813g9,0.656934306569343,0.5546218487394958,0.10231245782984721
p_1685,t3_1x44be,t1_cf7y65l,t1_cffje6e,0.5522875816993464,0.5631399317406144,-0.010852350041267944
p_1686,t3_1x44be,t1_cf8ii0u,t1_cf7ynno,0.5813953488372093,0.5443037974683544,0.03709155136885489
p_1687,t3_1x3quk,t1_cf81vtd,t1_cf811b2,0.4806451612903226,0.6146788990825688,-0.1340337377922462
p_1688,t3_1x3quk,t1_cf82a08,t1_cf7xofq,0.49390243902439024,0.7614678899082569,-0.26756545088386663
p_1689,t3_1x3jm2,t1_cf7t9mu,t1_cf7w0x1,0.5243445692883895,0.5252918287937743,-0.0009472595053848787
p_1690,t3_1x3jm2,t1_cf7rvkt,t1_cf7xop4,0.6041666666666666,0.75,-0.14583333333333337
p_1691,t3_1x3jm2,t1_cf7tzua,t1_cf7v802,0.5867346938775511,0.4689119170984456,0.11782277677910546
p_1693,t3_1wxy0c,t1_cf6nwss,t1_cf6opjq,0.5140845070422535,0.5646551724137931,-0.05057066537153965
p_1694,t3_1wxy0c,t1_cf6r60y,t1_cf6opjq,0.5497630331753555,0.5646551724137931,-0.014892139238437685
p_1695,t3_1wwoop,t1_cf63aas,t1_cf61b67,0.58,0.6607142857142857,-0.08071428571428574
p_1696,t3_1wwoop,t1_cf61gbe,t1_cf642jh,0.7837837837837838,0.7475728155339806,0.03621096824980319
p_1697,t3_1wvyf1,t1_cf5vcsr,t1_cf6onl2,0.6,0.6666666666666666,-0.06666666666666665
p_1699,t3_1wvths,t1_cf614t8,t1_cf5ugx7,0.5548961424332344,0.48214285714285715,0.07275328529037722
p_1698,t3_1wvths,t1_cf5v50x,t1_cf5viuj,0.8653846153846154,0.7647058823529411,0.1006787330316743
p_1700,t3_1wvouv,t1_cf5t6kg,t1_cf5ydyu,0.7345132743362832,0.6951219512195121,0.03939132311677107
p_1702,t3_1wvhao,t1_cf5t1xp,t1_cf63h51,,0.6237623762376238,
p_1703,t3_1wu9bx,t1_cf5ghfv,t1_cf5gzn8,0.5560975609756098,0.5183673469387755,0.0377302140368343
p_1704,t3_1wtvq6,t1_cf5knmg,t1_cf5ocok,0.7011494252873564,0.63,0.07114942528735635
p_1705,t3_1wteqq,t1_cf5rh0q,t1_cf57as7,0.7272727272727273,0.5085714285714286,0.21870129870129873
p_1706,t3_1wt8h7,t1_cf55ppi,t1_cf559e0,0.8125,0.6936936936936937,0.11880630630630629
p_1707,t3_1wsalo,t1_cf54lvq,t1_cf570gn,0.48742138364779874,0.8448275862068966,-0.35740620255909783
p_1708,t3_1wqdpz,t1_cf4fnk7,t1_cf4fg38,0.47333333333333333,0.7448979591836735,-0.2715646258503402
p_1709,t3_1wnvdn,t1_cf3s4a2,t1_cf3rvjd,0.6114864864864865,0.7378640776699029,-0.1263775911834164
p_1710,t3_1wmoca,t1_cf3hjc2,t1_cf3fxbx,0.5258064516129032,0.7619047619047619,-0.23609831029185868
p_1714,t3_1wjggc,t1_cf2k4m9,t1_cf2zudy,0.6016949152542372,0.7168141592920354,-0.11511924403779816
p_1719,t3_1we5ye,t1_cf181nq,t1_cf1drrq,0.4607218683651805,0.47901234567901235,-0.018290477313831877
p_1721,t3_1we3gg,t1_cf15n2w,t1_cf1b9fg,0.4510556621880998,0.5633187772925764,-0.11226311510447662
p_1722,t3_1we3gg,t1_cf1aqki,t1_cf1mnjk,0.7941176470588235,0.4809688581314879,0.3131487889273356
p_1723,t3_1we3gg,t1_cf14k7c,t1_cf1b9fg,0.5833333333333334,0.5633187772925764,0.02001455604075697
p_1727,t3_1w99ax,t1_cf08bgj,t1_cezuuhe,0.5706806282722513,0.765625,-0.1949443717277487
p_1728,t3_1w91jl,t1_cezwkl3,t1_cezzr6g,0.5307125307125307,0.627906976744186,-0.09719444603165539
p_1729,t3_1w84rh,t1_cezjynx,t1_cezjtaz,0.7157894736842105,0.6133333333333333,0.10245614035087725
p_1731,t3_1w6uhl,t1_cezbyuy,t1_cez8odp,0.7622950819672131,0.5829596412556054,0.17933544071160767
p_1730,t3_1w6uhl,t1_cezbjga,t1_cez8r6m,0.6086956521739131,0.6666666666666666,-0.05797101449275355
p_1732,t3_1w6uhl,t1_cezwgtv,t1_cezh5ah,0.5041095890410959,0.54,-0.035890410958904106
p_1733,t3_1w6uhl,t1_cezy174,t1_cezwt7d,0.4818181818181818,0.625,-0.1431818181818182
p_1734,t3_1w3r7a,t1_ceyfj6f,t1_ceyiqk4,0.5808823529411765,0.6026490066225165,-0.02176665368134001
p_1735,t3_1vz63d,t1_cex6xzs,t1_cexiref,0.6021505376344086,0.5088757396449705,0.09327479798943816
p_1738,t3_1vqwtw,t1_ceuzj2d,t1_ceuycyu,0.7313432835820896,0.6875,0.043843283582089554
p_1739,t3_1vq2nf,t1_ceupm5x,t1_ceup6x1,0.6574074074074074,0.8636363636363636,-0.2062289562289562
p_1740,t3_1vpp6t,t1_ceus11w,t1_ceuld78,0.654054054054054,0.5122950819672131,0.14175897208684096
p_1742,t3_1voenh,t1_ceubelw,t1_ceu9m4y,0.44925373134328356,0.5827586206896552,-0.13350488934637167
p_1743,t3_1vm911,t1_cetnn1i,t1_cettz33,0.796875,0.8055555555555556,-0.00868055555555558
p_1746,t3_1vitnu,t1_cesojok,t1_cet1d7h,0.6431535269709544,0.5014925373134328,0.1416609896575216
p_1747,t3_1vil9h,t1_cesmz2f,t1_cesm93p,0.5371900826446281,0.7339449541284404,-0.19675487148381232
p_1748,t3_1vil80,t1_cet0nf1,t1_cesmfhu,0.5204081632653061,0.5300859598853869,-0.009677796620080725
p_1750,t3_1vhh7b,t1_cesb8l8,t1_ceso4j1,0.46435845213849286,0.530791788856305,-0.0664333367178121
p_1753,t3_1vg6qn,t1_cerydvt,t1_ces7sw3,0.6124031007751938,0.5655430711610487,0.04686002961414504
p_1754,t3_1vg6qn,t1_ces7xdz,t1_ces4z4x,0.6666666666666666,0.5702479338842975,0.09641873278236912
p_1755,t3_1vfoko,t1_cersgwa,t1_cery1u3,0.5919540229885057,0.7155963302752294,-0.12364230728672365
p_1756,t3_1veiwz,t1_cergs7r,t1_ceruu7h,0.6699507389162561,0.7355371900826446,-0.0655864511663885
p_1758,t3_1vc1ju,t1_ceqsvrq,t1_ceqsm8p,0.5063613231552163,0.5952380952380952,-0.08887677208287892
p_1759,t3_1vbtut,t1_ceqq9p8,t1_ceqwdz5,0.46445497630331756,0.5858585858585859,-0.1214036095552683
p_1762,t3_1v97rw,t1_cepz02o,t1_ceq85nw,0.5161290322580645,0.6186440677966102,-0.10251503553854568
p_1763,t3_1v8xv5,t1_cepyw13,t1_cepvurr,0.4924924924924925,0.6504065040650406,-0.15791401157254814
p_1764,t3_1v8vbr,t1_ceq1g3n,t1_cepzl4s,0.4983277591973244,0.765625,-0.2672972408026756
p_1765,t3_1v8hly,t1_ceps6kq,t1_cepr262,0.45540796963946867,0.583732057416268,-0.12832408777679932
p_1767,t3_1v6x7z,t1_cepcqsx,t1_cepbgx3,0.49166666666666664,0.5631399317406144,-0.07147326507394774
p_1768,t3_1v6x7z,t1_cepbbkb,t1_ceplff5,0.6283783783783784,0.5848375451263538,0.043540833252024624
p_1771,t3_1v6sc1,t1_cep8u6j,t1_cep920e,0.6298701298701299,0.47435897435897434,0.15551115551115557
p_1772,t3_1v6sc1,t1_cepbi6t,t1_cep9kye,0.6222222222222222,0.7294117647058823,-0.10718954248366008
p_1773,t3_1v5dnm,t1_ceovabh,t1_ceovlgt,0.7105263157894737,0.625,0.08552631578947367
p_1774,t3_1v5dnm,t1_ceovl5u,t1_ceov0pa,0.5236486486486487,0.6875,-0.16385135135135132
p_1775,t3_1v44vp,t1_ceoj2ew,t1_ceonfda,0.6291666666666667,0.5031055900621118,0.1260610766045549
p_1776,t3_1v44ig,t1_ceonb1b,t1_ceoluxq,0.6467661691542289,0.6081632653061224,0.038602903848106496
p_1777,t3_1v37km,t1_ceof5q0,t1_ceoakgs,0.47368421052631576,0.5515320334261838,-0.07784782289986808
p_1778,t3_1v2buu,t1_ceo3y9o,t1_ceo0vsq,0.5259515570934256,0.7792207792207793,-0.2532692221273537
p_1783,t3_1uw88g,t1_cemazwn,t1_cem9vxq,0.6721311475409836,0.7010309278350515,-0.028899780294067923
p_1784,t3_1uw88g,t1_cema7rn,t1_cematy2,0.5813148788927336,0.5625,0.01881487889273359
p_1785,t3_1uu8f1,t1_celpb6x,t1_celpnop,0.7352941176470589,0.746268656716418,-0.01097453906935908
p_1787,t3_1uss24,t1_celd4ge,t1_cem21t7,0.49642857142857144,0.7662337662337663,-0.2698051948051948
p_1788,t3_1us404,t1_celnjcf,t1_cel68zm,0.44582814445828145,0.7083333333333334,-0.2625051888750519
p_1789,t3_1us3bu,t1_cel70ih,t1_celagxd,0.5745341614906833,0.5672514619883041,0.007282699502379142
p_1790,t3_1urrut,t1_cel88d0,t1_cel1jwe,0.5521126760563381,0.6329113924050633,-0.08079871634872526
p_1791,t3_1up36i,t1_cel5ryl,t1_cekasft,0.5985915492957746,0.8363636363636363,-0.23777208706786168
p_1794,t3_1un1uh,t1_cejsnxi,t1_cejqr72,0.7261904761904762,0.8,-0.07380952380952388
p_1795,t3_1umi67,t1_cejoc7z,t1_cejtg9p,0.7155963302752294,0.8,-0.08440366972477065
p_1796,t3_1um2og,t1_cejgnup,t1_cejgczp,0.504225352112676,0.7454545454545455,-0.24122919334186943
p_1797,t3_1uldzf,t1_cejbhlx,t1_cejot4k,0.784,0.6142322097378277,0.16976779026217237
p_1800,t3_1uhnsm,t1_cei7518,t1_cei83kz,0.5722326454033771,0.543918918918919,0.02831372648445818
p_1801,t3_1uhj8f,t1_cei563f,t1_ceim6kr,0.6402877697841727,0.5271966527196653,0.11309111706450736
p_1802,t3_1uhj8f,t1_cei5r73,t1_ceiav39,0.436950146627566,0.5139949109414759,-0.07704476431390989
p_1803,t3_1ugfg7,t1_cehxooj,t1_cehv3x9,0.43137254901960786,0.6016260162601627,-0.1702534672405548
p_1804,t3_1ueg7f,t1_ceh8q6y,t1_ceh8am3,0.4219554030874786,0.6568627450980392,-0.23490734201056063
p_1806,t3_1udzn5,t1_ceh4p0r,t1_ceh6366,0.512743628185907,0.7345679012345679,-0.22182427304866092
p_1808,t3_1udzn5,t1_cehcarm,t1_cehc82y,0.7794117647058824,0.7604166666666666,0.01899509803921573
p_1811,t3_1udlql,t1_ceh07bk,t1_cegzp5m,0.6829268292682927,0.5609756097560976,0.12195121951219512
p_1812,t3_1ud8fv,t1_cehjb3t,t1_ceh3glw,0.4739583333333333,0.6,-0.12604166666666666
p_1814,t3_1uctm7,t1_cegr7bn,t1_cegy5dc,0.5590551181102362,0.8135593220338984,-0.25450420392366213
p_1815,t3_1ucj9u,t1_cegoldf,t1_cegt2yd,0.6770186335403726,0.6373626373626373,0.0396559961777353
p_1816,t3_1ucgh6,t1_cegogz6,t1_cegohag,0.725,0.6995073891625616,0.025492610837438368
p_1817,t3_1ucgh6,t1_cegqw1u,t1_cegohag,0.7419354838709677,0.6995073891625616,0.04242809470840614
p_1818,t3_1uamtt,t1_cegcjhm,t1_cegb3ri,0.5786802030456852,0.5106382978723404,0.06804190517334485
p_1821,t3_1u8yzo,t1_cefohe0,t1_cefnobg,0.47346938775510206,0.6984126984126984,-0.22494331065759632
p_1824,t3_1u8om4,t1_cefkzid,t1_cefl804,0.638095238095238,0.6014234875444839,0.03667175055075411
p_1825,t3_1u8iv1,t1_cefj6lm,t1_cefr8n0,0.6134751773049646,0.6079136690647482,0.005561508240216395
p_1827,t3_1u87uu,t1_cefgarg,t1_cefn2kn,0.5610687022900763,0.5397727272727273,0.021295975017349034
p_1828,t3_1u7llg,t1_cefbw53,t1_cefb5g9,0.6371681415929203,0.6413793103448275,-0.0042111687519071905
p_1830,t3_1u4wxq,t1_ceenpjt,t1_ceekcir,0.5738396624472574,0.5983606557377049,-0.024520993290447546
p_1829,t3_1u4wxq,t1_ceeovmf,t1_ceem22l,0.5669014084507042,0.639269406392694,-0.07236799794198978
p_1831,t3_1u4fqn,t1_ceefsm0,t1_ceejtd2,0.75,0.5727272727272728,0.17727272727272725
p_1835,t3_1u28be,t1_cedssel,t1_cedt1r4,0.6027397260273972,0.5706806282722513,0.03205909775514593
p_1836,t3_1u0pt2,t1_cedkwy5,t1_cedqecc,0.6979166666666666,0.57847533632287,0.11944133034379667
p_1838,t3_1ty0ux,t1_cecozto,t1_cecpcit,0.6578947368421053,0.5645933014354066,0.09330143540669866
p_1839,t3_1txyfq,t1_ceczo86,t1_cecktf3,0.5647382920110193,0.7014925373134329,-0.13675424530241354
p_1840,t3_1tx0tf,t1_ceca72e,t1_ceca9ns,0.5951417004048583,0.6415094339622641,-0.046367733557405866
p_1841,t3_1twxa7,t1_cec9uo6,t1_cecflca,0.5648854961832062,0.5746606334841629,-0.009775137300956693
p_1843,t3_1twegt,t1_cecee3s,t1_cecd78s,0.5529411764705883,0.6075949367088608,-0.05465376023827251
p_1844,t3_1tt75b,t1_cebccgh,t1_cebecvh,0.3217821782178218,0.48660714285714285,-0.16482496463932106
p_1845,t3_1tt5tb,t1_cebd1og,t1_cebemwn,0.6890756302521008,0.7245508982035929,-0.03547526795149203
p_1846,t3_1tt5tb,t1_cebcb60,t1_cebb05i,0.7578947368421053,0.726027397260274,0.0318673395818313
p_1850,t3_1tqttm,t1_cealwzd,t1_ceakm2y,0.42686170212765956,0.4713375796178344,-0.04447587749017484
p_1851,t3_1tqttm,t1_ceaxcno,t1_ceak6vp,0.7398373983739838,0.543918918918919,0.1959184794550648
p_1853,t3_1tpqhr,t1_ceaod4e,t1_ceaei9g,0.652542372881356,0.6477732793522267,0.0047690935291292424
p_1855,t3_1to7tw,t1_ce9wkz3,t1_ce9wfe0,0.5880149812734082,0.628158844765343,-0.04014386349193477
p_1856,t3_1tns6s,t1_ce9xde5,t1_ce9rgf8,0.64,0.6411764705882353,-0.0011764705882353343
p_1857,t3_1tm85z,t1_ce9dgau,t1_ce9co77,0.4069767441860465,0.6145833333333334,-0.20760658914728686
p_1858,t3_1tku2p,t1_ce92cm3,t1_ce9099k,0.6747572815533981,0.6515151515151515,0.0232421300382466
p_1860,t3_1tg3nh,t1_ce7sc37,t1_ce7klpg,0.625,0.7857142857142857,-0.1607142857142857
p_1861,t3_1te39z,t1_ce70eid,t1_ce71ql3,0.7272727272727273,0.6326530612244898,0.09461966604823746
p_1862,t3_1td5fm,t1_ce6qqlt,t1_ce6qwq5,0.7681159420289855,0.673469387755102,0.09464655427388347
p_1863,t3_1t9y3s,t1_ce5u6t5,t1_ce5u33e,0.6685082872928176,0.7070707070707071,-0.038562419777889434
p_1864,t3_1t9irv,t1_ce5qvxa,t1_ce5r69v,0.4981949458483754,0.494824016563147,0.003370929285228419
p_1866,t3_1t9irv,t1_ce5spfk,t1_ce5r134,0.47580645161290325,0.6779661016949152,-0.20215965008201198
p_1867,t3_1t8yrt,t1_ce5k8r6,t1_ce5jxeb,0.5650557620817844,0.5535714285714286,0.011484333510355826
p_1869,t3_1t83kb,t1_ce5bsdz,t1_ce5bvhb,0.4251675353685778,0.5109034267912772,-0.08573589142269938
p_1870,t3_1t5izv,t1_ce4jsh6,t1_ce4oagv,0.5718562874251497,0.6419753086419753,-0.07011902121682556
p_1872,t3_1t4p86,t1_ce4jasj,t1_ce4clfo,0.6751269035532995,0.7086614173228346,-0.03353451376953509
p_1873,t3_1t46ur,t1_ce4aypp,t1_ce46qsw,0.5508982035928144,0.6335877862595419,-0.08268958266672755
p_1877,t3_1t1i45,t1_ce3sops,t1_ce3g5h1,0.7444444444444445,0.6519337016574586,0.0925107427869859
p_1878,t3_1t13mm,t1_ce3c4sb,t1_ce39wwh,0.5957446808510638,0.6574074074074074,-0.06166272655634364
p_1879,t3_1t0eax,t1_ce324pp,t1_ce36rhk,0.5222222222222223,0.5749128919860628,-0.052690669763840514
p_1880,t3_1sxioi,t1_ce27cna,t1_ce2bmpa,0.625,0.7764705882352941,-0.15147058823529413
p_1881,t3_1sxioi,t1_ce27fv0,t1_ce2dpe5,0.6320346320346321,0.6487804878048781,-0.01674585577024601
p_1884,t3_1sv960,t1_ce1x8f8,t1_ce1krmn,0.6051660516605166,0.8181818181818182,-0.2130157665213016
p_1885,t3_1sv7nj,t1_ce1m2fp,t1_ce1qbwt,0.7567567567567568,0.680672268907563,0.07608448784919375
p_1886,t3_1suyq6,t1_ce1hrcm,t1_ce1i6wn,0.516728624535316,0.397796817625459,0.118931806909857
p_1887,t3_1suyq6,t1_ce1jnf5,t1_ce1i6wn,0.6061452513966481,0.397796817625459,0.2083484337711891
p_1888,t3_1suyq6,t1_ce1j07m,t1_ce1ivme,0.5769230769230769,0.5714285714285714,0.005494505494505475
p_1890,t3_1suq0i,t1_ce1l6xb,t1_ce1frfu,0.695364238410596,0.6847826086956522,0.010581629714943808
p_1889,t3_1suq0i,t1_ce1gpo7,t1_ce1g21s,0.7461538461538462,0.8867924528301887,-0.14063860667634254
p_1891,t3_1sunm5,t1_ce1fx1q,t1_ce1fhql,0.5972696245733788,0.8636363636363636,-0.2663667390629848
p_1893,t3_1sunm5,t1_ce1epim,t1_ce1fhql,0.5515873015873016,0.8636363636363636,-0.312049062049062
p_1892,t3_1sunm5,t1_ce1fxo1,t1_ce1gunr,0.500805152979066,0.6013986013986014,-0.10059344841953533
p_1894,t3_1stysh,t1_ce1a8iy,t1_ce1k607,0.5161290322580645,0.6266666666666667,-0.1105376344086022
p_1895,t3_1sslvc,t1_ce0xojx,t1_ce12asq,0.436670687575392,0.5232273838630807,-0.08655669628768864
p_1896,t3_1sqkke,t1_ce09y0e,t1_ce08oy9,0.6446280991735537,0.696969696969697,-0.052341597796143335
p_1897,t3_1sktqj,t1_cdz832l,t1_cdymjwd,0.45359019264448336,0.366306027820711,0.08728416482377238
p_1898,t3_1sji3o,t1_cdy85sk,t1_cdyajck,0.71875,0.7818181818181819,-0.06306818181818186
p_1900,t3_1sgr9m,t1_cdxkw1s,t1_cdxgrfu,0.6842105263157895,0.7307692307692307,-0.046558704453441235
p_1904,t3_1scv1e,t1_cdwaij1,t1_cdw8ydx,0.6274509803921569,0.6380368098159509,-0.010585829423794046
p_1905,t3_1sclwf,t1_cdwfawk,t1_cdw643w,0.4984025559105431,0.7534246575342466,-0.2550221016237035
p_1907,t3_1scbek,t1_cdw4ucf,t1_cdw36rb,0.6222222222222222,0.8,-0.1777777777777778
p_1908,t3_1sbxik,t1_cdvzh4k,t1_cdvyz1u,0.7079646017699115,0.7323943661971831,-0.024429764427271627
p_1909,t3_1saalt,t1_cdw0u51,t1_cdvmn1u,0.576036866359447,0.632,-0.05596313364055305
p_1910,t3_1s94cq,t1_cdv71qo,t1_cdv5luo,0.7128712871287128,0.673469387755102,0.03940189937361083
p_1911,t3_1s8zmg,t1_cdwf8t8,t1_cdvi2oo,0.40482573726541554,0.5886524822695035,-0.18382674500408797
p_1912,t3_1s6w43,t1_cduin0o,t1_cduuorr,0.7226277372262774,0.6592592592592592,0.06336847796701817
p_1913,t3_1s60vl,t1_cdufjh4,t1_cdu9qiv,0.5830815709969789,0.7286821705426356,-0.14560059954565674
p_1916,t3_1s3pxw,t1_cdtmhc2,t1_cdtmrcr,0.5056818181818182,0.4919786096256685,0.01370320855614976
p_1919,t3_1s3ji2,t1_cdtq1rg,t1_cdtx77n,0.36907020872865276,0.49767441860465117,-0.1286042098759984
p_1920,t3_1s344f,t1_cdtj4bf,t1_cdtgb1d,0.48394495412844035,0.5888888888888889,-0.10494393476044855
p_1921,t3_1s30ko,t1_cdtuayw,t1_cdtne36,0.5722222222222222,0.35269709543568467,0.21952512678653752
p_1922,t3_1s1j8s,t1_cdtfxvy,t1_cdt6ohm,0.6890243902439024,0.5901639344262295,0.09886045581767289
p_1923,t3_1rzqrw,t1_cdsphfd,t1_cdsigu7,0.8,0.7162162162162162,0.08378378378378382
p_1924,t3_1rzqrw,t1_cdsm89r,t1_cdsmyt1,0.6376811594202898,0.5218855218855218,0.11579563753476796
p_1925,t3_1rw7vg,t1_cdrov9y,t1_cdrovjs,0.5728155339805825,0.5661157024793388,0.006699831501243647
p_1927,t3_1rvnty,t1_cdre5so,t1_cdrdpkz,0.5617021276595745,0.6915887850467289,-0.12988665738715444
p_1926,t3_1rvnty,t1_cdrgglu,t1_cdrgcu5,0.4493006993006993,0.5844155844155844,-0.13511488511488506
p_1928,t3_1rvjrs,t1_cdrcnts,t1_cdre1mt,0.5168918918918919,0.5950704225352113,-0.07817853064331937
p_1929,t3_1rsmsh,t1_cdqij94,t1_cdqx6xw,0.5461741424802111,0.5313807531380753,0.01479338934213581
p_1930,t3_1rsdfp,t1_cdqfs62,t1_cdqdh7o,0.8095238095238095,0.746031746031746,0.06349206349206349
p_1931,t3_1rrios,t1_cdq5t7s,t1_cdq4pdm,0.5048309178743962,0.45517241379310347,0.04965850408129269
p_1932,t3_1rrios,t1_cdq5vt8,t1_cdq58j7,0.4403292181069959,0.5511811023622047,-0.11085188425520887
p_1933,t3_1rqhfc,t1_cdq3h1d,t1_cdq716e,0.452,0.517921146953405,-0.06592114695340495
p_1935,t3_1rlna3,t1_cdokmar,t1_cdoirhb,0.6120689655172413,0.7761194029850746,-0.16405043746783332
p_1936,t3_1rkrbs,t1_cdoio50,t1_cdoe2j3,0.4198645598194131,0.5495495495495496,-0.12968498973013648
p_1937,t3_1rj73b,t1_cdnzcb1,t1_cdo2ywx,0.6972477064220184,0.8507462686567164,-0.15349856223469804
p_1939,t3_1rgch2,t1_cdmzb2b,t1_cdn32a2,0.6779661016949152,0.6688741721854304,0.009091929509484786
p_1940,t3_1rgch2,t1_cdmzh7v,t1_cdn0d35,0.6528925619834711,0.5555555555555556,0.09733700642791554
p_1941,t3_1rgch2,t1_cdo0n79,t1_cdn1hk3,0.5562913907284768,0.5845697329376854,-0.028278342209208662
p_1942,t3_1rfn88,t1_cdmslq3,t1_cdn4bxg,0.6354166666666666,0.704225352112676,-0.06880868544600938
p_1943,t3_1re89d,t1_cdmhfgx,t1_cdmequ6,0.7094594594594594,0.6766917293233082,0.032767730136151196
p_1944,t3_1re89d,t1_cdmem16,t1_cdme68p,0.5115606936416185,0.5230263157894737,-0.011465622147855181
p_1945,t3_1re89d,t1_cdmrzwp,t1_cdmh1c4,0.4797507788161994,0.6347826086956522,-0.1550318298794528
p_1946,t3_1re7tj,t1_cdmdid4,t1_cdmh6ca,0.8181818181818182,0.5017543859649123,0.31642743221690595
p_1948,t3_1rddqv,t1_cdm3hlz,t1_cdm3kyd,0.6526946107784432,0.6882352941176471,-0.035540683339203905
p_1949,t3_1rb6qj,t1_cdlewyd,t1_cdlyn3j,0.7894736842105263,0.4536741214057508,0.3357995628047755
p_1950,t3_1rb6qj,t1_cdlrdyo,t1_cdlyn3j,0.3981762917933131,0.4536741214057508,-0.05549782961243771
p_1952,t3_1ra42n,t1_cdl4b7o,t1_cdl5bkn,0.597457627118644,0.5596590909090909,0.03779853620955309
p_1953,t3_1ra42n,t1_cdl96cr,t1_cdmjkp2,0.5707762557077626,0.3863393810032017,0.18443687470456088
p_1954,t3_1r893j,t1_cdktb2l,t1_cdkklti,0.6158940397350994,0.7570093457943925,-0.14111530605929312
p_1955,t3_1r69xi,t1_cdk0ex9,t1_cdk3u15,0.6069364161849711,0.5476190476190477,0.0593173685659234
p_1956,t3_1r69xi,t1_cdk0r67,t1_cdk3u15,0.5632530120481928,0.5476190476190477,0.01563396442914511
p_1960,t3_1qz653,t1_cdhyl9l,t1_cdiiqug,0.4726027397260274,0.5842696629213483,-0.1116669231953209
p_1962,t3_1qxn8r,t1_cdhle85,t1_cdhvq6g,0.5804195804195804,0.5443645083932853,0.0360550720262951
p_1963,t3_1qxn8r,t1_cdhjvcw,t1_cdhvq6g,0.6055363321799307,0.5443645083932853,0.06117182378664543
p_1964,t3_1qwg8s,t1_cdhe2ys,t1_cdh6ozn,0.576,0.6923076923076923,-0.11630769230769233
p_1969,t3_1qvm1n,t1_cdgyu8j,t1_cdh0i8x,0.5053763440860215,0.53125,-0.0258736559139785
p_1970,t3_1qtuy4,t1_cdgib3s,t1_cdgy31a,0.6147959183673469,0.5344352617079889,0.08036065665935799
p_1972,t3_1qr0id,t1_cdfybue,t1_cdfkykr,0.477124183006536,0.4304857621440536,0.04663842086248238
p_1975,t3_1qncnw,t1_cdely5f,t1_cden4p9,0.49306930693069306,0.6176470588235294,-0.12457775189283637
p_1977,t3_1qj48o,t1_cddqbp8,t1_cddn1vo,0.6564885496183206,0.6143497757847534,0.042138773833567233
p_1978,t3_1qj032,t1_cdda585,t1_cddki3r,0.6066066066066066,0.5353260869565217,0.07128051965008486
p_1981,t3_1qi1dr,t1_cdd6x3m,t1_cdd4306,0.8023255813953488,0.6385542168674698,0.163771364527879
p_1982,t3_1qhv03,t1_cdczknl,t1_cdcy1h9,0.546875,0.541958041958042,0.0049169580419580194
p_1983,t3_1qh0lb,t1_cdcowit,t1_cdcp122,0.6883116883116883,0.6448598130841121,0.04345187522757621
p_1984,t3_1qgtma,t1_cdcurim,t1_cdcq77q,0.6609195402298851,0.5194805194805194,0.14143902074936565
p_1986,t3_1qfy2y,t1_cdcoftz,t1_cdcikj0,0.4674922600619195,0.4971857410881801,-0.02969348102626057
p_1985,t3_1qfy2y,t1_cdcu71x,t1_cdcgg2f,0.6097560975609756,0.6964285714285714,-0.0866724738675958
p_1987,t3_1qfqj6,t1_cdcffak,t1_cdcgve9,0.602996254681648,0.5949820788530465,0.008014175828601422
p_1988,t3_1qfo09,t1_cdcc9fw,t1_cdccpys,0.519434628975265,0.5374149659863946,-0.017980337011129555
p_1989,t3_1qfo09,t1_cdcconr,t1_cdccpys,0.7040816326530612,0.5374149659863946,0.16666666666666663
p_1991,t3_1qee3b,t1_cdc0hlx,t1_cdc0jw6,0.4236111111111111,0.6666666666666666,-0.24305555555555552
p_1992,t3_1qe6d9,t1_cdbzgva,t1_cdckb1g,0.4614457831325301,0.5123809523809524,-0.050935169248422285
p_1993,t3_1qe6d9,t1_cdbwyxj,t1_cdckb1g,0.75,0.5123809523809524,0.23761904761904762
p_1994,t3_1qdzt5,t1_cdbyjvw,t1_cdbwdog,0.5679012345679012,0.4647887323943662,0.10311250217353501
p_1996,t3_1qdlln,t1_cdc66t9,t1_cdby8z3,0.5702702702702702,0.6470588235294118,-0.07678855325914158
p_1998,t3_1qcw4r,t1_cdblxo9,t1_cdbsnq8,0.680672268907563,0.5052631578947369,0.1754091110128262
p_1999,t3_1qbvlh,t1_cdb9b5i,t1_cdbf5rp,0.6292682926829268,0.6301369863013698,-0.000868693618442995
p_2000,t3_1qazk6,t1_cdb0lr2,t1_cdbddq0,0.5967302452316077,0.49295774647887325,0.10377249875273442
p_2002,t3_1q82wf,t1_cda644z,t1_cda826v,0.58,0.47754137115839246,0.1024586288416075
p_2003,t3_1q5w5k,t1_cd9kwdu,t1_cd9kc11,0.5210727969348659,0.6056338028169014,-0.08456100588203552
p_2004,t3_1q5w5k,t1_cd9l1k7,t1_cd9kc11,0.6529411764705882,0.6056338028169014,0.04730737365368687
p_2005,t3_1q4sao,t1_cd97j4q,t1_cd960cn,0.5585365853658537,0.5978260869565217,-0.03928950159066802
p_2007,t3_1q261p,t1_cd8g07m,t1_cd8gyhg,0.4939467312348668,0.5798611111111112,-0.08591437987624434
p_2008,t3_1q0s26,t1_cd87o5o,t1_cd81q6y,0.42178770949720673,0.6255144032921811,-0.20372669379497438
p_2009,t3_1q0fp2,t1_cd8calk,t1_cd7yekn,0.6178861788617886,0.47468354430379744,0.1432026345579912
p_2010,t3_1q01e8,t1_cd7t14x,t1_cd7zdia,0.503731343283582,0.6209677419354839,-0.11723639865190183
p_2012,t3_1pyt0c,t1_cd9eqz1,t1_cd7z0cm,0.7065217391304348,0.7183098591549296,-0.011788120024494808
p_2013,t3_1pwwvj,t1_cd6wnyq,t1_cd6y877,0.5391705069124424,0.5746835443037974,-0.03551303739135503
p_2017,t3_1pux5t,t1_cd6evv3,t1_cd6cpnj,0.5845070422535211,0.47244094488188976,0.11206609737163137
p_2018,t3_1ptwcr,t1_cd60rgh,t1_cd63zq4,0.7228915662650602,0.7575757575757576,-0.03468419131069733
p_2021,t3_1pt86v,t1_cd5s3dd,t1_cd5rwd6,0.569060773480663,0.5813953488372093,-0.012334575356546362
p_2022,t3_1ps084,t1_cd5dy25,t1_cd5f1y4,0.8656716417910447,0.6896551724137931,0.17601646937725157
p_2023,t3_1prxpn,t1_cd5d4w9,t1_cd5dujp,0.6233766233766234,0.7846153846153846,-0.16123876123876124
p_2024,t3_1prkvt,t1_cd5q43p,t1_cd5p13p,0.45614035087719296,0.6204081632653061,-0.16426781238811317
p_2025,t3_1prhkh,t1_cd595rw,t1_cd5datb,0.5942028985507246,0.5851851851851851,0.00901771336553947
p_2026,t3_1pqyv7,t1_cd536p8,t1_cd565uh,0.5127020785219399,0.6681614349775785,-0.15545935645563858
p_2030,t3_1pomjr,t1_cd4gee8,t1_cd4in2k,0.5551181102362205,0.6704545454545454,-0.11533643521832493
p_2031,t3_1pocaz,t1_cd4bjgk,t1_cd4c2wr,0.6707317073170732,0.6941176470588235,-0.023385939741750295
p_2032,t3_1pmhql,t1_cd4a1wc,t1_cd3v545,0.5544554455445545,0.7534246575342466,-0.19896921198969209
p_2033,t3_1pkngi,t1_cd3p5gz,t1_cd43pdi,0.6441717791411042,0.7857142857142857,-0.14154250657318146
p_2035,t3_1pj0co,t1_cd2vnaa,t1_cd32tjh,0.5529157667386609,0.497737556561086,0.05517821017757496
p_2042,t3_1pdul1,t1_cd2og2j,t1_cd1d692,0.3735933983495874,0.3773898586866168,-0.003796460337029406
p_2044,t3_1pclk6,t1_cd17lfv,t1_cd106w4,0.6885245901639344,0.6009615384615384,0.08756305170239598
p_2046,t3_1pacrh,t1_cd0cttu,t1_cd0ctfp,0.819047619047619,0.7395833333333334,0.07946428571428565
p_2047,t3_1p7ojf,t1_cczl7sy,t1_ccznfv7,0.6190476190476191,0.6015625,0.01748511904761907
p_2048,t3_1p7bao,t1_cczlh8c,t1_cczir1i,0.5029940119760479,0.6243386243386243,-0.12134461236257643
p_2049,t3_1p6fts,t1_ccz983e,t1_cczb06s,0.540453074433657,0.7065217391304348,-0.16606866469677783
p_2050,t3_1p4x72,t1_ccysbbf,t1_ccysnss,0.5663265306122449,0.42391304347826086,0.14241348713398405
p_2051,t3_1p0cwf,t1_ccxh3kc,t1_ccxfymz,0.7365591397849462,0.8769230769230769,-0.14036393713813067
p_2055,t3_1ozb3s,t1_ccx9s2j,t1_ccxbwo9,0.6363636363636364,0.6369047619047619,-0.0005411255411255089
p_2056,t3_1oz5lq,t1_ccx7aaw,t1_ccxafc2,0.7368421052631579,0.7007299270072993,0.03611217825585855
p_2057,t3_1oyy6b,t1_ccxhhv9,t1_ccx2xpw,0.6069868995633187,0.5991561181434599,0.007830781419858823
p_2059,t3_1owes7,t1_ccwccg2,t1_ccwnrv4,0.5678670360110804,0.7054263565891473,-0.13755932057806697
p_2060,t3_1ow6zk,t1_ccw91og,t1_ccw92p0,0.5142857142857142,0.7387387387387387,-0.2244530244530245
p_2062,t3_1ovrv9,t1_ccw51st,t1_ccw5ptr,0.6717557251908397,0.5255474452554745,0.14620827993536523
p_2063,t3_1ovrv9,t1_ccw6450,t1_ccw5ptr,0.6605504587155964,0.5255474452554745,0.1350030134601219
p_2064,t3_1otx5t,t1_ccvntps,t1_ccvkmsp,0.5336322869955157,0.519774011299435,0.013858275696080669
p_2065,t3_1otp1b,t1_ccvhvrl,t1_ccvi2vt,0.5886792452830188,0.5440729483282675,0.04460629695475138
p_2066,t3_1osr3n,t1_ccvjj1n,t1_ccv833c,0.7777777777777778,0.7611940298507462,0.016583747927031545
p_2067,t3_1orrrs,t1_ccvj1c4,t1_ccv4ank,0.5843230403800475,0.5133531157270029,0.07096992465304452
p_2068,t3_1or8lr,t1_ccusett,t1_ccuruyz,0.42403628117913833,0.6756756756756757,-0.2516393944965373
p_2069,t3_1or8lr,t1_ccutak2,t1_ccuruyz,0.4891304347826087,0.6756756756756757,-0.18654524089306695
p_2070,t3_1ooyb1,t1_ccu41n1,t1_ccu4kfo,0.44565217391304346,0.7142857142857143,-0.26863354037267084
p_2071,t3_1onshz,t1_cctslvq,t1_ccttjcb,0.5710955710955711,0.5352112676056338,0.03588430348993732
p_2072,t3_1onlj1,t1_ccts88g,t1_cctr8zg,0.5168738898756661,0.5110294117647058,0.005844478110960227
p_2073,t3_1onlj1,t1_ccu8ayh,t1_cctr8zg,0.41704374057315236,0.5110294117647058,-0.09398567119155349
p_2074,t3_1on8j3,t1_cctmaun,t1_cctugxw,0.43209876543209874,0.6245954692556634,-0.1924967038235647
p_2075,t3_1on0dg,t1_cctkuyk,t1_cctp521,0.4487704918032787,0.624390243902439,-0.1756197520991603
p_2076,t3_1on0dg,t1_cctncfz,t1_cctq519,0.7142857142857143,0.8235294117647058,-0.10924369747899154
p_2078,t3_1omnis,t1_ccthnrm,t1_cctnmc9,0.7222222222222222,0.4026602176541717,0.3195620045680505
p_2079,t3_1okrb7,t1_cct05wy,t1_ccswjh5,0.5236486486486487,0.5769230769230769,-0.05327442827442819
p_2080,t3_1ok44s,t1_ccsqf0e,t1_ccsqryz,0.7017543859649122,0.717741935483871,-0.015987549518958755
p_2081,t3_1oj3p9,t1_ccsggop,t1_ccsf2i1,0.45585585585585586,0.6209912536443148,-0.16513539778845898
p_2082,t3_1oix5b,t1_ccsopjf,t1_ccsdc7b,0.7714285714285715,0.8113207547169812,-0.03989218328840971
p_2083,t3_1ohh43,t1_ccs14vq,t1_ccs087t,0.6607142857142857,0.518005540166205,0.14270874554808066
p_2084,t3_1ofi5m,t1_ccrjxvz,t1_ccrkq5s,0.6627906976744186,0.7448979591836735,-0.08210726150925496
p_2085,t3_1off27,t1_ccroh74,t1_ccrsxqd,0.549618320610687,0.4626391096979332,0.08697921091275385
p_2086,t3_1off27,t1_ccrtt7v,t1_ccrndad,0.6120996441281139,0.7012987012987013,-0.0891990571705874
p_2087,t3_1oee4l,t1_ccrfxpy,t1_ccrhx5q,0.4262948207171315,0.5196374622356495,-0.09334264151851807
p_2088,t3_1oe5hc,t1_ccr69ni,t1_ccr52rk,0.5116959064327485,0.5888324873096447,-0.07713658087689612
p_2089,t3_1odlvm,t1_ccr09qw,t1_ccr136f,0.5864661654135338,0.5491329479768786,0.037333217436655186
p_2091,t3_1o8avl,t1_ccpruq6,t1_ccpueez,0.7444444444444445,0.6909090909090909,0.05353535353535355
p_2093,t3_1o7aa8,t1_ccqapn6,t1_ccq12oe,0.5491071428571429,0.5925925925925926,-0.043485449735449655
p_2096,t3_1o5c1a,t1_ccp27y8,t1_ccoz699,0.6764705882352942,0.7236842105263158,-0.04721362229102166
p_2097,t3_1o5321,t1_ccp3x7x,t1_ccq3lo4,0.5647058823529412,0.66,-0.09529411764705886
p_2098,t3_1o3jlp,t1_ccoi13b,t1_ccoyngj,0.6549707602339181,0.6829268292682927,-0.027956069034374642
p_2099,t3_1o2tau,t1_ccoc092,t1_ccofru6,0.5290322580645161,0.5542168674698795,-0.02518460940536338
p_2100,t3_1o24hh,t1_cco736j,t1_ccoc4gk,0.483974358974359,0.578125,-0.09415064102564102
p_2102,t3_1nzucd,t1_ccnrlhj,t1_ccnphhf,0.5454545454545454,0.5671641791044776,-0.02170963364993217
p_2103,t3_1ny6k8,t1_ccn5pat,t1_ccn8dgu,0.5594541910331384,0.5346153846153846,0.024838806417753823
p_2104,t3_1ny38x,t1_ccn5uqg,t1_ccn4dy5,0.4303571428571429,0.5578231292517006,-0.12746598639455775
p_2105,t3_1nwpae,t1_ccmrf9r,t1_ccmt0m5,0.6648648648648648,0.6611570247933884,0.003707840071476398
p_2107,t3_1ntspd,t1_cclyzpy,t1_ccm05d5,0.6385542168674698,0.5167173252279635,0.12183689163950628
p_2109,t3_1ntobs,t1_cclywzr,t1_ccma5pl,0.6013513513513513,0.686046511627907,-0.08469516027655566
p_2111,t3_1nrv36,t1_cclsxnj,t1_cclgi1r,0.49238578680203043,0.5374331550802139,-0.04504736827818351
p_2112,t3_1nqms4,t1_ccl8rf4,t1_ccl7xo5,0.3691588785046729,0.6451612903225806,-0.27600241181790774
p_2113,t3_1nqms4,t1_cclbk5y,t1_ccl66vn,0.38836477987421386,0.7755102040816326,-0.38714542420741876
p_2116,t3_1np3ni,t1_cclh1r6,t1_cckxr1k,0.7076923076923077,0.5423728813559322,0.16531942633637553
p_2118,t3_1nn68m,t1_cckc1k4,t1_cck59bw,0.5574712643678161,0.7894736842105263,-0.2320024198427102
p_2119,t3_1nkqn7,t1_ccjhnln,t1_ccjhz72,0.4529331514324693,0.62109375,-0.16816059856753068
p_2121,t3_1nj6q6,t1_ccj3wew,t1_ccj20in,0.43402225755166934,0.7244897959183674,-0.29046753836669803
p_2122,t3_1nixjm,t1_ccj4a7h,t1_ccj2t1v,0.5460526315789473,0.7441860465116279,-0.19813341493268055
p_2123,t3_1nichn,t1_ccj007d,t1_cciuejb,0.6558265582655827,0.6666666666666666,-0.010840108401083959
p_2124,t3_1nichn,t1_ccizsq8,t1_ccj7g5s,0.5789473684210527,0.8118811881188119,-0.23293381969775928
p_2125,t3_1ni9rr,t1_ccj1rba,t1_ccitwf4,0.7191780821917808,0.5902439024390244,0.12893417975275645
p_2126,t3_1ni983,t1_cciz076,t1_cciwjvy,0.5503355704697986,0.6440677966101694,-0.0937322261403708
p_2127,t3_1nhxca,t1_ccisqrm,t1_ccirnyo,0.5,0.5036496350364964,-0.0036496350364964014
p_2128,t3_1nhifl,t1_ccinn6v,t1_ccincyk,0.821917808219178,0.6918238993710691,0.1300939088481089
p_2130,t3_1ng8mo,t1_ccidw4s,t1_ccidsew,0.8311688311688312,0.8035714285714286,0.02759740259740262
p_2132,t3_1ncxna,t1_cchh67n,t1_cchgksg,0.614406779661017,0.6692913385826772,-0.05488455892166022
p_2133,t3_1ncq4g,t1_cchg2hg,t1_cchn5ve,0.5710955710955711,0.5857988165680473,-0.014703245472476256
p_2135,t3_1n8s63,t1_ccge5q7,t1_ccgkhcd,0.5789473684210527,0.5653710247349824,0.013576343686070302
p_2136,t3_1n8542,t1_ccg95kd,t1_ccg99tj,0.5846153846153846,0.6680851063829787,-0.08346972176759404
p_2137,t3_1n6bmg,t1_ccgdc5o,t1_ccfzlcw,0.7317073170731707,0.4885245901639344,0.2431827269092363
p_2139,t3_1n5lqn,t1_ccfncrg,t1_ccfnbjw,0.48172757475083056,0.6684782608695652,-0.18675068611873463
p_2140,t3_1n5lqn,t1_ccfq99c,t1_ccfob65,0.625,0.7083333333333334,-0.08333333333333337
p_2141,t3_1n5lqn,t1_ccfqxqv,t1_ccfpzon,0.5968992248062015,0.7252747252747253,-0.12837550046852375
p_2142,t3_1n4xai,t1_ccfhgkp,t1_ccfg5if,0.6644295302013423,0.7653061224489796,-0.10087659224763723
p_2144,t3_1n3wo2,t1_ccf9dhu,t1_ccf565b,0.7906976744186046,0.6581196581196581,0.1325780162989465
p_2145,t3_1n3wo2,t1_ccfdwg9,t1_ccfhdpo,0.6395348837209303,0.6875,-0.04796511627906974
p_2147,t3_1n3wo2,t1_ccfmxhg,t1_ccffwtl,0.27205882352941174,0.6112759643916914,-0.33921714086227966
p_2146,t3_1n3wo2,t1_ccfmost,t1_ccfdvsg,0.9298245614035088,0.6808510638297872,0.24897349757372156
p_2149,t3_1n0a5y,t1_cceltkh,t1_cce9tgv,0.693069306930693,0.550561797752809,0.14250750917788402
p_2150,t3_1mxo4i,t1_ccdoxu0,t1_ccdla5i,0.550561797752809,0.632258064516129,-0.08169626676331998
p_2151,t3_1mxf26,t1_ccdidvp,t1_ccdnuec,0.57847533632287,0.5665024630541872,0.011972873268682793
p_2152,t3_1mvpmi,t1_ccd1q5w,t1_ccd6xyi,0.6567164179104478,0.7464788732394366,-0.08976245532898885
p_2153,t3_1mv3g3,t1_cccxjd9,t1_cccvmip,0.569620253164557,0.8271604938271605,-0.2575402406626035
p_2154,t3_1mv3g3,t1_cccwow7,t1_ccd56i2,0.49025487256371814,0.7396449704142012,-0.24939009785048305
p_2155,t3_1mv3g3,t1_ccd581r,t1_ccd3k4q,0.5773584905660377,0.6190476190476191,-0.04168912848158135
p_2157,t3_1ms5h6,t1_ccc5hfa,t1_cccbr1n,0.601010101010101,0.4769433465085639,0.12406675450153709
p_2158,t3_1ms5h6,t1_ccc4apy,t1_ccc3e49,0.6909090909090909,0.6446280991735537,0.046280991735537236
p_2159,t3_1ms5h6,t1_ccc4zc0,t1_ccc6q8t,0.6986301369863014,0.7196969696969697,-0.021066832710668337
p_2160,t3_1ms5h6,t1_ccc8c0p,t1_ccca28r,0.6031746031746031,0.5806451612903226,0.02252944188428052
p_2161,t3_1ms5h6,t1_ccc849f,t1_ccc5y0d,0.8045977011494253,0.7088607594936709,0.09573694165575442
p_2162,t3_1mqh8t,t1_ccbop5x,t1_ccbnoar,0.5534883720930233,0.6506024096385542,-0.09711403754553094
p_2163,t3_1mqfmi,t1_cccdkog,t1_ccbqtty,0.5203539823008849,0.4382716049382716,0.08208237736261331
p_2164,t3_1mq464,t1_ccbkgg8,t1_ccbrs5p,0.43326039387308535,0.5725806451612904,-0.13932025128820502
p_2165,t3_1mor68,t1_ccbewh1,t1_ccbhzik,0.4388609715242881,0.5251989389920424,-0.0863379674677543
p_2166,t3_1mkkiu,t1_cca3jqo,t1_ccahv7s,0.6756756756756757,0.6160714285714286,0.059604247104247055
p_2170,t3_1micrr,t1_cc9iise,t1_cc9i0l2,0.5009208103130756,0.6979166666666666,-0.19699585635359107
p_2171,t3_1mhox4,t1_cc9cr45,t1_cc9ewi1,0.5082644628099173,0.7063492063492064,-0.19808474353928907
p_2175,t3_1mcs7s,t1_cc7zre6,t1_cc7zm90,0.49882903981264637,0.5474137931034483,-0.04858475329080192
p_2176,t3_1mcs7s,t1_cc80xcj,t1_cc7yshf,0.4225352112676056,0.71875,-0.2962147887323944
p_2177,t3_1mcgyq,t1_cc81pge,t1_cc833kb,0.7125,0.6,0.11250000000000004
p_2178,t3_1mc6y7,t1_cc7v8d9,t1_cc7wspd,0.5335276967930029,0.6554621848739496,-0.12193448808094665
p_2179,t3_1mc6y7,t1_cc7uvd2,t1_cc7vp54,0.717391304347826,0.7333333333333333,-0.01594202898550723
p_2180,t3_1mbqhy,t1_cc7pp5t,t1_cc7odp3,0.4851694915254237,0.8289473684210527,-0.34377787689562894
p_2183,t3_1ma1o7,t1_cc779hk,t1_cc779ih,0.5869565217391305,0.6381578947368421,-0.05120137299771166
p_2184,t3_1m9bf6,t1_cc71e1c,t1_cc71cv0,0.6666666666666666,0.652542372881356,0.01412429378531066
p_2185,t3_1m7r92,t1_cc6nj16,t1_cc6k9ln,0.4183206106870229,0.4981949458483754,-0.0798743351613525
p_2186,t3_1m5nls,t1_cc65afh,t1_cc60rdt,0.46772366930917325,0.5208333333333334,-0.05310966402416012
p_2187,t3_1m5ckr,t1_cc65v0o,t1_cc5yz4a,0.5368421052631579,0.46545454545454545,0.07138755980861244
p_2188,t3_1m4ncj,t1_cc6f4wf,t1_cc62exc,0.875,0.6363636363636364,0.23863636363636365
p_2189,t3_1m4j0f,t1_cc5pidn,t1_cc5prn9,0.6715328467153284,0.45286885245901637,0.21866399425631206
p_2190,t3_1m3uw1,t1_cc5jurv,t1_cc5i9r4,0.5767634854771784,0.6574074074074074,-0.08064392193022907
p_2193,t3_1m2ol2,t1_cc586c8,t1_cc583f9,0.5120274914089347,0.6218487394957983,-0.10982124808686367
p_2192,t3_1m2ol2,t1_cc583n9,t1_cc58qz9,0.5423728813559322,0.6850393700787402,-0.14266648872280796
p_2194,t3_1m2c8d,t1_cc53f9v,t1_cc57ndo,0.4838709677419355,0.8888888888888888,-0.40501792114695334
p_2195,t3_1lyzc3,t1_cc4fofp,t1_cc4e0cy,0.5062344139650873,0.4983922829581994,0.007842131006887909
p_2196,t3_1lykde,t1_cc4218e,t1_cc433r7,0.5115384615384615,0.5757575757575758,-0.0642191142191143
p_2198,t3_1lxn1p,t1_cc3sszy,t1_cc3tpy6,0.513189448441247,0.5657142857142857,-0.052524837273038694
p_2199,t3_1lvnj6,t1_cc37s7x,t1_cc3b2kq,0.5405405405405406,0.8,-0.2594594594594595
p_2200,t3_1lt0gt,t1_cc2od32,t1_cc2gt9x,0.5844594594594594,0.56657223796034,0.017887221499119477
p_2201,t3_1ls55r,t1_cc274w7,t1_cc28zrg,0.5173745173745173,0.5518672199170125,-0.034492702542495146
p_2203,t3_1lpmle,t1_cc1kppg,t1_cc1ka02,0.4511494252873563,0.5267605633802817,-0.07561113809292536
p_2205,t3_1lpfcx,t1_cc1hmy1,t1_cc1xwz2,0.6704119850187266,0.5117647058823529,0.15864727913637366
p_2206,t3_1lp8a5,t1_cc1fjpt,t1_cc1ftud,0.4722689075630252,0.6637168141592921,-0.19144790659626687
p_2207,t3_1lni37,t1_cc102pd,t1_cc0yjrr,0.7843137254901961,0.6619718309859155,0.12234189450428057
p_2208,t3_1ln8b5,t1_cc0x96h,t1_cc0vugf,0.8153846153846154,0.6642857142857143,0.15109890109890112
p_2212,t3_1lm1eb,t1_cc0l23w,t1_cc0x7m8,0.746268656716418,0.621301775147929,0.12496688156848901
p_2213,t3_1lkz0j,t1_cc0ekn0,t1_cc0d09x,0.6470588235294118,0.8088235294117647,-0.16176470588235292
p_2214,t3_1lkxku,t1_cc0b6tb,t1_cc0c4yb,0.601010101010101,0.5945945945945946,0.006415506415506367
p_2215,t3_1lkxku,t1_cc0nc73,t1_cc0gh2n,0.5061475409836066,0.6333333333333333,-0.1271857923497267
p_2218,t3_1lklmg,t1_cc06dl5,t1_cc070hz,0.43466666666666665,0.556923076923077,-0.12225641025641032
p_2219,t3_1lklmg,t1_cc0gnzl,t1_cc0b8sj,0.44981412639405205,0.5148305084745762,-0.06501638208052418
p_2220,t3_1lj77i,t1_cc00mpq,t1_cbzwwyg,0.5466666666666666,0.6470588235294118,-0.10039215686274516
p_2221,t3_1lj1a3,t1_cbzqvmp,t1_cbzslqc,0.4935064935064935,0.6447368421052632,-0.15123034859876966
p_2224,t3_1lhuz4,t1_cbzddsy,t1_cbze9hp,0.8048780487804879,0.6434108527131783,0.16146719606730953
p_2225,t3_1lfrfd,t1_cbysfpy,t1_cbzh8fi,0.5643564356435643,0.7741935483870968,-0.20983711274353245
p_2226,t3_1lfjlx,t1_cbyrmgo,t1_cbyqak5,0.5588235294117647,0.6666666666666666,-0.10784313725490191
p_2227,t3_1lerv8,t1_cbyiaoi,t1_cbyhq86,0.7075471698113207,0.7457627118644068,-0.03821554205308608
p_2230,t3_1ld6h6,t1_cby2a8w,t1_cby1lsh,0.5769230769230769,0.752,-0.17507692307692313
p_2232,t3_1lcywy,t1_cbxzp1t,t1_cby301t,0.75,0.5870967741935483,0.16290322580645167
p_2233,t3_1lbwhm,t1_cbxpt3g,t1_cbxs5nk,0.3700980392156863,0.30519031141868513,0.06490772779700116
p_2234,t3_1lbmj6,t1_cbxpw34,t1_cbxodyk,0.4660056657223796,0.58,-0.11399433427762035
p_2236,t3_1lacd7,t1_cbx94i4,t1_cbx9e6e,0.472,0.7647058823529411,-0.29270588235294115
p_2237,t3_1la7rw,t1_cbxgs50,t1_cbx89uo,0.44780793319415446,0.5899280575539568,-0.14212012435980237
p_2238,t3_1l90aj,t1_cbwzd68,t1_cbwzbg8,0.8253968253968254,0.8166666666666667,0.0087301587301587
p_2241,t3_1l739z,t1_cbwgckn,t1_cbwhg4q,0.3659217877094972,0.6884057971014492,-0.32248400939195204
p_2242,t3_1l6so4,t1_cbwanvb,t1_cbwejit,0.6204819277108434,0.73224043715847,-0.11175850944762655
p_2243,t3_1l6jx5,t1_cbwinoh,t1_cbwci89,0.5201698513800425,0.8266666666666667,-0.3064968152866242
p_2244,t3_1l5skj,t1_cbw2q93,t1_cbw5e2q,0.5196850393700787,0.5910780669144982,-0.07139302754441945
p_2245,t3_1l4zh1,t1_cbvtytr,t1_cbwfrmm,0.43106457242582896,0.5425531914893617,-0.11148861906353269
p_2246,t3_1l4s6s,t1_cbvtme3,t1_cbw349b,0.6228571428571429,0.7830188679245284,-0.16016172506738546
p_2247,t3_1l4s6s,t1_cbvtd9h,t1_cbw1t11,0.6578947368421053,0.7469879518072289,-0.08909321496512357
p_2249,t3_1l48mt,t1_cbvuocw,t1_cbvwhwi,0.680327868852459,0.552,0.12832786885245895
p_2252,t3_1l3r2u,t1_cbvi0u6,t1_cbvi11k,0.6178010471204188,0.5579868708971554,0.05981417622326346
p_2253,t3_1l3r2u,t1_cbvjfjr,t1_cbvi11k,0.39290780141843973,0.5579868708971554,-0.16507906947871565
p_2251,t3_1l3r2u,t1_cbvieup,t1_cbvi6i2,0.5154826958105647,0.510752688172043,0.004730007638521716
p_2258,t3_1l39f3,t1_cbvj6st,t1_cbvdl8d,0.5377358490566038,0.5792079207920792,-0.0414720717354754
p_2256,t3_1l39f3,t1_cbvi8i7,t1_cbvetvc,0.5438066465256798,0.4006514657980456,0.14315518072763417
p_2257,t3_1l39f3,t1_cbvdnid,t1_cbvf3rq,0.5942622950819673,0.6335403726708074,-0.039278077588840166
p_2259,t3_1l3115,t1_cbv9wfo,t1_cbva0et,0.8157894736842105,0.7619047619047619,0.053884711779448646
p_2260,t3_1l2ixq,t1_cbvbxs8,t1_cbv59md,0.6261682242990654,0.6440677966101694,-0.01789957231110406
p_2261,t3_1l09gg,t1_cbuio96,t1_cbugz8z,0.5663430420711975,0.6640625,-0.09771945792880254
p_2262,t3_1kzxcm,t1_cbuf9oo,t1_cbuiv91,0.4204398447606727,0.5271739130434783,-0.10673406828280557
p_2265,t3_1kye6l,t1_cbtvo8l,t1_cbtvkil,0.4913294797687861,0.6069651741293532,-0.11563569436056714
p_2266,t3_1kye6l,t1_cbtwkat,t1_cbtwnnn,0.5243553008595988,0.6865671641791045,-0.16221186331950566
p_2268,t3_1kye6l,t1_cbtzwlt,t1_cbtwnnn,0.4666666666666667,0.6865671641791045,-0.2199004975124378
p_2267,t3_1kye6l,t1_cbtzgqh,t1_cbtwnnn,0.4231378763866878,0.6865671641791045,-0.26342928779241664
p_2269,t3_1kxyyv,t1_cbtru4t,t1_cbtrv0z,0.5368098159509203,0.5874125874125874,-0.05060277146166714
p_2270,t3_1kxyyv,t1_cbtr9p6,t1_cbtrv0z,0.7525773195876289,0.5874125874125874,0.16516473217504146
p_2271,t3_1kxyyv,t1_cbtu5q5,t1_cbtrrbq,0.5172413793103449,0.8148148148148148,-0.2975734355044699
p_2272,t3_1kxyyv,t1_cbu7zd4,t1_cbtrv0z,0.5267489711934157,0.5874125874125874,-0.06066361621917171
p_2275,t3_1kwoib,t1_cbtku99,t1_cbtll2e,0.7926829268292683,0.7164179104477612,0.07626501638150718
p_2274,t3_1kwoib,t1_cbteqkq,t1_cbtlv0w,0.594059405940594,0.6396396396396397,-0.045580233699045625
p_2276,t3_1kwewh,t1_cbtagyo,t1_cbta7mx,0.556910569105691,0.7439024390243902,-0.1869918699186992
p_2278,t3_1ktrbd,t1_cbsiyod,t1_cbsj55w,0.5511811023622047,0.5670103092783505,-0.015829206916145755
p_2280,t3_1ks6p4,t1_cbsevj6,t1_cbs6oi2,0.5772727272727273,0.6153846153846154,-0.03811188811188815
p_2282,t3_1kqo2m,t1_cbrp5dn,t1_cbrtmtf,0.8089887640449438,0.6797385620915033,0.1292502019534405
p_2283,t3_1kpmvy,t1_cbril3l,t1_cbrg01p,0.4133180252583238,0.5085106382978724,-0.09519261303954857
p_2284,t3_1kplpx,t1_cbs1lbf,t1_cbrbl9b,0.5194174757281553,0.7058823529411765,-0.18646487721302119
p_2285,t3_1kpcy7,t1_cbrbl5x,t1_cbrbcp0,0.40022421524663676,0.509142053445851,-0.10891783819921419
p_2288,t3_1kmwmn,t1_cbqml03,t1_cbqlofq,0.518324607329843,0.3623462630085147,0.1559783443213283
p_2289,t3_1kmr9u,t1_cbqlmoj,t1_cbqkl2t,0.7674418604651163,0.8035714285714286,-0.03612956810631229
p_2290,t3_1klvsk,t1_cbqdd78,t1_cbqjkwj,0.6266094420600858,0.6206896551724138,0.005919786887672029
p_2291,t3_1klpoz,t1_cbqe15e,t1_cbqay82,0.4519230769230769,0.6574585635359116,-0.20553548661283466
p_2295,t3_1kkzei,t1_cbq19sn,t1_cbq4s14,0.5899280575539568,0.5374149659863946,0.05251309156756223
p_2293,t3_1kkzei,t1_cbq6gfx,t1_cbq019j,0.5116279069767442,0.5625,-0.05087209302325579
p_2294,t3_1kkzei,t1_cbq17si,t1_cbq019j,0.6814159292035398,0.5625,0.11891592920353977
p_2297,t3_1kkvd3,t1_cbpzbps,t1_cbpzant,0.5740181268882175,0.4797507788161994,0.09426734807201814
p_2298,t3_1kkvd3,t1_cbpzjlg,t1_cbqba5y,0.43793445878848064,0.554,-0.11606554121151941
p_2299,t3_1kkl0k,t1_cbpvqsr,t1_cbpwrwm,0.64,0.673202614379085,-0.033202614379085005
p_2300,t3_1kjxxx,t1_cbpq618,t1_cbprup5,0.5488505747126436,0.5306122448979592,0.01823832981468443
p_2302,t3_1kji31,t1_cbpp0hg,t1_cbpp4cn,0.6218181818181818,0.8793103448275862,-0.25749216300940436
p_2303,t3_1kj8ll,t1_cbpjmas,t1_cbpisrw,0.4116743471582181,0.4326710816777042,-0.020996734519486082
p_2304,t3_1kj8ll,t1_cbpl5sq,t1_cbpotjh,0.48700173310225303,0.5604395604395604,-0.07343782733730742
p_2306,t3_1kic79,t1_cbp88fr,t1_cbp8lam,0.6369047619047619,0.5208333333333334,0.11607142857142849
p_2307,t3_1ki40o,t1_cbp9u33,t1_cbp85kd,0.7264150943396226,0.58,0.14641509433962263
p_2308,t3_1ki1zh,t1_cbp9dea,t1_cbp5nt9,0.44301765650080255,0.4287949921752739,0.014222664325528656
p_2310,t3_1khlm7,t1_cbp1ln5,t1_cbp1ph1,0.5227817745803357,0.5346153846153846,-0.011833610035048903
p_2311,t3_1kgh0u,t1_cboq4u7,t1_cbooh2r,0.6818181818181818,0.5944444444444444,0.08737373737373733
p_2313,t3_1ke0w4,t1_cbnzi22,t1_cbo6d5s,0.5676567656765676,0.5764705882352941,-0.008813822558726425
p_2314,t3_1ke0w4,t1_cbo3zx9,t1_cbo5iau,0.4231550440081246,0.34124438742783836,0.08191065658028623
p_2316,t3_1kdlwj,t1_cbnxd5h,t1_cbnvo71,0.49076517150395776,0.6219512195121951,-0.13118604800823735
p_2319,t3_1kcd3m,t1_cbnhq6g,t1_cbni0el,0.672,0.8222222222222222,-0.15022222222222215
p_2320,t3_1kbzmn,t1_cbng0go,t1_cbnipaa,0.5422535211267606,0.5481727574750831,-0.005919236348322476
p_2323,t3_1kag5w,t1_cbn0mxn,t1_cbmzov5,0.4786821705426357,0.48333333333333334,-0.0046511627906976605
p_2324,t3_1kabrs,t1_cbmzr37,t1_cbn67aw,0.780952380952381,0.7916666666666666,-0.010714285714285676
p_2325,t3_1ka5uj,t1_cbmyev9,t1_cbmxfh8,0.6535087719298246,0.5924528301886792,0.06105594174114537
p_2327,t3_1k9jlv,t1_cbmxvcd,t1_cbmuvxx,0.6464088397790055,0.8709677419354839,-0.22455890215647833
p_2328,t3_1k6xfn,t1_cbm0lyq,t1_cbm3nd0,0.6259541984732825,0.6416666666666667,-0.015712468193384233
p_2329,t3_1k6i9t,t1_cblyg6g,t1_cblyvvv,0.6035805626598465,0.6013986013986014,0.0021819612612451467
p_2330,t3_1k5pd2,t1_cbln0wk,t1_cblry91,0.6809338521400778,0.5549597855227882,0.1259740666172896
p_2331,t3_1k5c52,t1_cblj535,t1_cbll85k,0.6808510638297872,0.6283185840707964,0.05253247975899078
p_2332,t3_1k5c52,t1_cblu6s5,t1_cblltll,0.5474452554744526,0.7444444444444445,-0.1969991889699919
p_2333,t3_1k4u9p,t1_cbldzfo,t1_cblfrem,0.7169811320754716,0.84,-0.12301886792452832
p_2334,t3_1k3fd5,t1_cbkz187,t1_cblb6qd,0.523121387283237,0.3955026455026455,0.12761874178059146
p_2335,t3_1k3fd5,t1_cbl0mqo,t1_cbl14ki,0.38505203405865657,0.3945945945945946,-0.00954256053593805
p_2336,t3_1k394r,t1_cbl39x0,t1_cbkxpz4,0.5463917525773195,0.6274509803921569,-0.08105922781483732
p_2337,t3_1k2ucr,t1_cbl0joo,t1_cbl04y4,0.5339805825242718,0.6686390532544378,-0.134658470730166
p_2338,t3_1k2m9c,t1_cbku0j5,t1_cbkqfau,0.5450980392156862,0.5675675675675675,-0.022469528351881318
p_2339,t3_1k1bz3,t1_cbkdhyg,t1_cbkd9lg,0.5970873786407767,0.7407407407407407,-0.14365336209996404
p_2340,t3_1k12l4,t1_cbk9xjc,t1_cbkfcm9,0.5691489361702128,0.6635514018691588,-0.09440246569894606
p_2341,t3_1k0rar,t1_cbk9gjo,t1_cbk70ve,0.6258503401360545,0.6857142857142857,-0.05986394557823127
p_2343,t3_1k0o35,t1_cbk7t0b,t1_cbk5xan,0.8142857142857143,0.7083333333333334,0.10595238095238091
p_2346,t3_1jxenp,t1_cbjhhbv,t1_cbjh4y3,0.5148698884758365,0.5485232067510548,-0.033653318275218336
p_2348,t3_1jxb7d,t1_cbj7ksk,t1_cbjiqx2,0.651685393258427,0.5652173913043478,0.08646800195407922
p_2349,t3_1jxb7d,t1_cbj8nos,t1_cbjiqx2,0.5551102204408818,0.5652173913043478,-0.01010717086346602
p_2350,t3_1jx75l,t1_cbj6dz7,t1_cbj5su9,0.7476635514018691,0.7086092715231788,0.03905427987869037
p_2352,t3_1jx75l,t1_cbj9dmd,t1_cbj5t4n,0.5252747252747253,0.6047297297297297,-0.07945500445500442
p_2351,t3_1jx75l,t1_cbj8v5p,t1_cbj5t4n,0.49019607843137253,0.6047297297297297,-0.11453365129835719
p_2353,t3_1jx75l,t1_cbjctxf,t1_cbja2vi,0.7637795275590551,0.7395833333333334,0.024196194225721723
p_2355,t3_1jw0vh,t1_cbj2fl6,t1_cbivzx1,0.5631067961165048,0.4739776951672863,0.08912910094921855
p_2356,t3_1jukj2,t1_cbihbve,t1_cbifo1m,0.4827586206896552,0.6580645161290323,-0.17530589543937708
p_2357,t3_1juhcd,t1_cbih6kh,t1_cbiftjn,0.7327586206896551,0.605,0.12775862068965516
p_2358,t3_1jtizm,t1_cbi5iji,t1_cbi4vwr,0.5419354838709678,0.7087378640776699,-0.16680238020670213
p_2359,t3_1jnzxi,t1_cbgl9y6,t1_cbgko2s,0.7522935779816514,0.6862745098039216,0.06601906817772984
p_2360,t3_1jnzxi,t1_cbgq6ri,t1_cbgmmil,0.6904761904761905,0.8363636363636363,-0.14588744588744584
p_2361,t3_1jnzxi,t1_cbgrq6w,t1_cbgqs66,0.796875,0.7368421052631579,0.060032894736842146
p_2362,t3_1jmadm,t1_cbgfvpm,t1_cbg3jnw,0.6666666666666666,0.5529411764705883,0.11372549019607836
p_2363,t3_1jm5z2,t1_cbg3zbr,t1_cbg1tau,0.6470588235294118,0.6093023255813953,0.0377564979480165
p_2365,t3_1jl2l0,t1_cbfrj60,t1_cbfqlt5,0.6245059288537549,0.543859649122807,0.08064627973094785
p_2366,t3_1jkp1k,t1_cbfp0g2,t1_cbfoawn,0.6962962962962963,0.7272727272727273,-0.03097643097643099
p_2367,t3_1jiw0b,t1_cbf6lgo,t1_cbf4sac,0.573134328358209,0.6666666666666666,-0.09353233830845764
p_2370,t3_1jb0wl,t1_cbcxgu5,t1_cbcy8p6,0.4394829612220917,0.536723163841808,-0.09724020261971628
p_2371,t3_1jaqjx,t1_cbctgfc,t1_cbcsn53,0.5222929936305732,0.6602564102564102,-0.137963416625837
p_2372,t3_1j9xnf,t1_cbcq5wa,t1_cbcvqxh,0.6,0.37192118226600984,0.22807881773399014
p_2373,t3_1j8dv1,t1_cbc52ax,t1_cbcofch,0.631578947368421,0.7016129032258065,-0.07003395585738548
p_2374,t3_1j8dv1,t1_cbc65mq,t1_cbcofch,0.8,0.7016129032258065,0.09838709677419355
p_2375,t3_1j8dv1,t1_cbc693d,t1_cbcofch,0.7857142857142857,0.7016129032258065,0.0841013824884792
p_2376,t3_1j8dv1,t1_cbc7rzj,t1_cbcofch,0.8103448275862069,0.7016129032258065,0.10873192436040036
p_2377,t3_1j7p6i,t1_cbbxr56,t1_cbby8gg,0.5596330275229358,0.5962145110410094,-0.036581483518073665
p_2378,t3_1j5z5p,t1_cbbgma6,t1_cbbghpi,0.6026200873362445,0.7346938775510204,-0.13207379021477594
p_2379,t3_1j583o,t1_cbba0li,t1_cbbbhg1,0.5555555555555556,0.684931506849315,-0.12937595129375945
p_2381,t3_1j3vw4,t1_cbavu90,t1_cbawlm4,0.6565656565656566,0.6823529411764706,-0.025787284610814032
p_2384,t3_1j0ghg,t1_cb9w70x,t1_cba1v9x,0.45077220077220076,0.53276955602537,-0.08199735525316926
p_2385,t3_1j0ghg,t1_cbag4fl,t1_cba1v9x,0.5622406639004149,0.53276955602537,0.029471107875044922
p_2387,t3_1j04ik,t1_cb9skkn,t1_cb9rtf6,0.7710843373493976,0.6608695652173913,0.11021477213200637
p_2386,t3_1j04ik,t1_cb9ssza,t1_cb9rtf6,0.7654320987654321,0.6608695652173913,0.10456253354804079
p_2388,t3_1j012y,t1_cb9qkne,t1_cb9wf8r,0.6511627906976745,0.6381578947368421,0.013004895960832319
p_2390,t3_1j00y5,t1_cb9tnv2,t1_cb9rf5x,0.4394160583941606,0.678082191780822,-0.23866613338666137
p_2393,t3_1iw2um,t1_cb8lac4,t1_cb8mbl8,0.675,0.6404494382022472,0.03455056179775284
p_2402,t3_1is4qd,t1_cb7j9ci,t1_cb7wbhu,0.691358024691358,0.6428571428571429,0.04850088183421508
p_2403,t3_1iqys7,t1_cb7bor5,t1_cb7844x,0.5123152709359606,0.6228070175438597,-0.11049174660789907
p_2404,t3_1iqys7,t1_cb7gfzl,t1_cb7gxgm,0.5287671232876713,0.652014652014652,-0.12324752872698075
p_2405,t3_1ipjv3,t1_cb6tcwm,t1_cb7052e,0.7459016393442623,0.7681159420289855,-0.02221430268472313
p_2406,t3_1ioyfw,t1_cb6negu,t1_cb6p567,0.828125,0.49295774647887325,0.33516725352112675
p_2408,t3_1io050,t1_cb6z8bd,t1_cb6d59l,0.5526315789473685,0.6915887850467289,-0.13895720609936046
p_2409,t3_1io050,t1_cb6te7v,t1_cb6k495,0.6358381502890174,0.782608695652174,-0.1467705453631566
p_2410,t3_1inwvh,t1_cb6clxk,t1_cb6b3un,0.47643979057591623,0.6759259259259259,-0.1994861353500097
p_2412,t3_1in64c,t1_cb6akju,t1_cb64t09,0.5309446254071661,0.7207207207207207,-0.18977609531355455
p_2413,t3_1in3mk,t1_cb6bfkt,t1_cb62n6y,0.47058823529411764,0.676923076923077,-0.20633484162895932
p_2415,t3_1iimoi,t1_cb5m28u,t1_cb4v5by,0.8,0.8142857142857143,-0.014285714285714235
p_2418,t3_1ihnzp,t1_cb4juyf,t1_cb4ukap,0.5941422594142259,0.5698324022346368,0.02430985717958911
p_2420,t3_1igbwh,t1_cb4649p,t1_cb464hg,0.8089887640449438,0.6724137931034483,0.1365749709414955
p_2421,t3_1ied1a,t1_cb3rv5u,t1_cb3p38u,0.5201149425287356,0.621301775147929,-0.10118683261919337
p_2424,t3_1ib9o8,t1_cb2tz88,t1_cb33du7,0.43911439114391143,0.5434173669467787,-0.10430297580286724
p_2427,t3_1ia9x8,t1_cb2j72l,t1_cb2rlb2,0.5518394648829431,0.6727272727272727,-0.12088780784432962
p_2429,t3_1ia3zd,t1_cb2lbid,t1_cb2h5ll,0.6962962962962963,0.5903614457831325,0.10593485051316376
p_2430,t3_1i94l9,t1_cb28ef0,t1_cb26209,0.7037037037037037,0.64,0.0637037037037037
p_2434,t3_1i5tlt,t1_cb1cje7,t1_cb1t7x1,0.6453900709219859,0.7142857142857143,-0.06889564336372844
p_2436,t3_1i4vt4,t1_cb1h533,t1_cb1252u,0.5607142857142857,0.5725190839694656,-0.011804798255179882
p_2435,t3_1i4vt4,t1_cb13nik,t1_cb16bo0,0.7023809523809523,0.5460526315789473,0.15632832080200498
p_2438,t3_1i2u57,t1_cb0fo0o,t1_cb0gz21,0.7676767676767676,0.448559670781893,0.3191170968948746
p_2439,t3_1i2u57,t1_cb0fbc9,t1_cb0hvyo,0.5618374558303887,0.5975103734439834,-0.0356729176135947
p_2440,t3_1i2oju,t1_cb0dt2p,t1_cb0e4bx,0.5428571428571428,0.5454545454545454,-0.0025974025974025983
p_2442,t3_1i11n0,t1_cazz418,t1_cb0464x,0.6153846153846154,0.684931506849315,-0.06954689146469961
p_2443,t3_1i11n0,t1_cazy97z,t1_cb0464x,0.7028985507246377,0.684931506849315,0.017967043875322664
p_2444,t3_1i0zds,t1_cazx780,t1_cazy8n0,0.5939849624060151,0.46686746987951805,0.127117492526497
p_2445,t3_1i0zds,t1_cb005e0,t1_cb05afm,0.7611940298507462,0.84,-0.07880597014925372
p_2446,t3_1i0zds,t1_cb00x7k,t1_cazy1tv,0.7051282051282052,0.5508684863523573,0.15425971877584788
p_2447,t3_1i0zds,t1_cazx7qm,t1_cb0ano0,0.4713896457765668,0.5877192982456141,-0.1163296524690473
p_2448,t3_1i00hp,t1_cazmh6c,t1_cazmud9,0.7291666666666666,0.5119617224880383,0.21720494417862835
p_2449,t3_1hzs2p,t1_cazkd1r,t1_cazpzes,0.7978723404255319,0.7045454545454546,0.09332688588007731
p_2451,t3_1hz0cv,t1_cazgpfl,t1_cazc5lr,0.616,0.803030303030303,-0.187030303030303
p_2452,t3_1hxzas,t1_caz1kcn,t1_caz1z09,0.5662921348314607,0.5555555555555556,0.0107365792759051
p_2453,t3_1hxrtn,t1_caz1hv5,t1_cayzct9,0.5416666666666666,0.5054945054945055,0.036172161172161155
p_2454,t3_1hxjqk,t1_cayxqwq,t1_cazcc7l,0.7215189873417721,0.6460674157303371,0.07545157161143501
p_2455,t3_1hxf9i,t1_cayvh0d,t1_caz1x0o,0.6033057851239669,0.7280701754385965,-0.1247643903146296
p_2456,t3_1hw3be,t1_cayi1o3,t1_caykf0u,0.6413793103448275,0.6966292134831461,-0.05524990313831857
p_2460,t3_1htdmd,t1_caxqkk2,t1_caxz72q,0.4657534246575342,0.5769230769230769,-0.11116965226554265
p_2461,t3_1ht05v,t1_caxtz6j,t1_caxzvix,0.44260599793174765,0.4462962962962963,-0.00369029836454865
p_2462,t3_1ht05v,t1_caxvc7y,t1_caxzvix,0.571969696969697,0.4462962962962963,0.12567340067340071
p_2463,t3_1hrko3,t1_caxe7v8,t1_cax6nz3,0.50853889943074,0.5408450704225352,-0.03230617099179511
p_2464,t3_1hrjgc,t1_cax6dff,t1_cax6b4o,0.6501766784452296,0.5198019801980198,0.13037469824720982
p_2465,t3_1hraph,t1_cax407i,t1_cax3up7,0.5251572327044025,0.6894736842105263,-0.16431645150612384
p_2467,t3_1hqd66,t1_cax3idc,t1_cawz4oe,0.5114155251141552,0.7101449275362319,-0.1987294024220767
p_2468,t3_1hq0v5,t1_cawqmgo,t1_cawqm34,0.55,0.6198830409356725,-0.06988304093567244
p_2469,t3_1hp8cm,t1_cawnmau,t1_cawra52,0.675,0.6230769230769231,0.05192307692307696
p_2470,t3_1hp8cm,t1_caws05i,t1_cawsaki,0.5373134328358209,0.4662576687116564,0.07105576412416448
p_2472,t3_1hnrv5,t1_cawg0mo,t1_caw90ul,0.47045951859956237,0.43066884176182707,0.039790676837735295
p_2473,t3_1hnmg0,t1_caw4fwf,t1_caw2pvi,0.4249201277955272,0.4845360824742268,-0.05961595467869962
p_2474,t3_1hnesi,t1_caw5etn,t1_caw1oxb,0.71875,0.5941558441558441,0.1245941558441559
p_2475,t3_1hmzrg,t1_cavwamg,t1_caw3w4j,0.8072289156626506,0.7307692307692307,0.07645968489341992
p_2477,t3_1hmzrg,t1_cavxhoe,t1_cavwx38,0.6951219512195121,0.5783783783783784,0.11674357284113379
p_2476,t3_1hmzrg,t1_cavwmqq,t1_cavylue,0.6107142857142858,0.38773006134969323,0.22298422436459253
p_2478,t3_1hm7uw,t1_cavpkpg,t1_cavot1s,0.6115702479338843,0.5769230769230769,0.03464717101080739
p_2479,t3_1hj6bs,t1_cauxv2z,t1_cauydog,0.6605504587155964,0.6888888888888889,-0.028338430173292517
p_2480,t3_1hilol,t1_cav0vb9,t1_cauv0dj,0.6440677966101694,0.7230769230769231,-0.07900912646675362
p_2482,t3_1hijgw,t1_cauqk4k,t1_cauqjev,0.6080402010050251,0.5709090909090909,0.03713111009593417
p_2484,t3_1hhk6u,t1_caueb77,t1_cauj7mz,0.7125,0.7228915662650602,-0.010391566265060215
p_2485,t3_1hhk6u,t1_caui6qo,t1_caukhoj,0.656934306569343,0.6708860759493671,-0.01395176938002407
p_2486,t3_1hhk6u,t1_cauhmlk,t1_cauj7mz,0.7012987012987013,0.7228915662650602,-0.021592864966358927
p_2489,t3_1hc58i,t1_catea2n,t1_casxbel,0.5170454545454546,0.5984848484848485,-0.08143939393939392
p_2490,t3_1hc0j1,t1_caszio1,t1_casup0b,0.7166666666666667,0.6907216494845361,0.025945017182130603
p_2494,t3_1hajcc,t1_casg265,t1_casiv8b,0.5096153846153846,0.7419354838709677,-0.23232009925558317
p_2495,t3_1h9sqe,t1_cas8w59,t1_cas8g4g,0.5,0.43993759750390016,0.06006240249609984
p_2496,t3_1h9ldb,t1_cas5ysb,t1_cas7mja,0.6666666666666666,0.5408450704225352,0.12582159624413147
p_2497,t3_1h9hye,t1_cas4sd4,t1_cas74f3,0.6074074074074074,0.6272727272727273,-0.01986531986531992
p_2498,t3_1h9hye,t1_casb6t3,t1_cas9uz8,0.7564102564102564,0.5408163265306123,0.2155939298796441
p_2499,t3_1h9hye,t1_casew9n,t1_cas88m0,0.6917293233082706,0.6470588235294118,0.04467049977885884
p_2500,t3_1h8lmm,t1_cary5pj,t1_carxthq,0.4279346210995542,0.7,-0.27206537890044574
p_2502,t3_1h6ah2,t1_caredw7,t1_car9nmn,0.5354523227383863,0.5966587112171837,-0.06120638847879745
p_2505,t3_1h6ah2,t1_caridnc,t1_car9nmn,0.611336032388664,0.5966587112171837,0.01467732117148024
p_2504,t3_1h6ah2,t1_care65c,t1_car9nmn,0.4155052264808362,0.5966587112171837,-0.18115348473634751
p_2503,t3_1h6ah2,t1_card2bl,t1_car9nmn,0.5609756097560976,0.5966587112171837,-0.03568310146108611
p_2506,t3_1h63cg,t1_car7qah,t1_care0ds,0.6,0.6559139784946236,-0.05591397849462365
p_2508,t3_1h5h5m,t1_car0y9s,t1_cardbx1,0.6441717791411042,0.6203208556149733,0.02385092352613094
p_2509,t3_1h5h5m,t1_car4w5y,t1_car24xz,0.5855513307984791,0.5816326530612245,0.003918677737254628
p_2510,t3_1h5bo4,t1_car3t1w,t1_car096v,0.45662100456621,0.6686046511627907,-0.21198364659658064
p_2511,t3_1h4fc4,t1_caquh1j,t1_car011b,0.5891238670694864,0.6711409395973155,-0.08201707252782908
p_2513,t3_1h2wxx,t1_caqbfxa,t1_caqen9z,0.48,0.7241379310344828,-0.24413793103448278
p_2514,t3_1h13j4,t1_capskux,t1_capsire,0.5,0.625,-0.125
p_2516,t3_1h0wi9,t1_capqqek,t1_caq16q7,0.4010416666666667,0.6419753086419753,-0.2409336419753086
p_2517,t3_1h0dvp,t1_caplvg0,t1_caplfrl,0.4379310344827586,0.5777777777777777,-0.13984674329501912
p_2518,t3_1h0dvp,t1_capmaqi,t1_caplfrl,0.75,0.5777777777777777,0.17222222222222228
p_2519,t3_1h0dvp,t1_capljsr,t1_capm2dv,0.6742424242424242,0.4020926756352765,0.2721497486071477
p_2520,t3_1gzgyi,t1_capch39,t1_capcztw,0.36754507628294036,0.4399260628465804,-0.07238098656364006
p_2521,t3_1gzgyi,t1_capd988,t1_capcztw,0.5797101449275363,0.4399260628465804,0.13978408208095583
p_2522,t3_1gzggd,t1_capcxm0,t1_capga0b,0.5550239234449761,0.6582278481012658,-0.10320392465628969
p_2523,t3_1gzggd,t1_capc8wf,t1_capc3ac,0.7426470588235294,0.7428571428571429,-0.00021008403361344463
p_2526,t3_1gubei,t1_canwrtx,t1_canwwia,0.6377551020408163,0.8125,-0.1747448979591837
p_2527,t3_1gubei,t1_cao0mq9,t1_cao4o8w,0.6938775510204082,0.6494252873563219,0.04445226366408628
p_2528,t3_1gubei,t1_cao0kka,t1_cao0vy0,0.6827309236947792,0.7777777777777778,-0.09504685408299862
p_2529,t3_1gtx5u,t1_canrwqs,t1_canrwi1,0.7111111111111111,0.7319587628865979,-0.020847651775486753
p_2530,t3_1gtewi,t1_canwe7h,t1_cannxmk,0.5065359477124183,0.5794392523364486,-0.07290330462403027
p_2533,t3_1gs77u,t1_canaax8,t1_canbqse,0.6524064171122995,0.7336956521739131,-0.08128923506161356
p_2535,t3_1gqrrj,t1_camvlk1,t1_camv6ti,0.657608695652174,0.6831683168316832,-0.025559621179509273
p_2536,t3_1gqfyr,t1_camsoga,t1_camr1ip,0.4942263279445728,0.5538461538461539,-0.0596198259015811
p_2537,t3_1go76m,t1_cama3zy,t1_cam5u2v,0.5661605206073753,0.5675675675675675,-0.0014070469601922264
p_2538,t3_1go0nk,t1_cam94e3,t1_cam2sp0,0.434715821812596,0.4765625,-0.04184667818740401
p_2539,t3_1gndd7,t1_calvf4q,t1_caly3r9,0.555045871559633,0.6272727272727273,-0.07222685571309428
p_2542,t3_1gndd7,t1_calw2lu,t1_calzbfi,0.452,0.5824175824175825,-0.13041758241758244
p_2543,t3_1gn5gq,t1_caltt0o,t1_cam4fco,0.5311572700296736,0.5813953488372093,-0.050238078807535724
p_2544,t3_1gn5gq,t1_caluwrn,t1_cam99y3,0.6495327102803738,0.6111111111111112,0.03842159916926269
p_2546,t3_1gmopb,t1_calpm58,t1_caloeep,0.543859649122807,0.7252747252747253,-0.1814150761519182
p_2547,t3_1glkkw,t1_caljuen,t1_calho9m,0.7553191489361702,0.5632911392405063,0.19202800969566391
p_2548,t3_1gkvdj,t1_cal8gbr,t1_calht6p,0.6040462427745664,0.5143884892086331,0.0896577535659333
p_2549,t3_1gkvdj,t1_cal9bjy,t1_cal95oe,0.5678233438485805,0.726027397260274,-0.15820405341169352
p_2550,t3_1gk7i3,t1_cal9gz2,t1_cakzxzy,0.437984496124031,0.607773851590106,-0.169789355466075
p_2552,t3_1gjdzq,t1_caks2pc,t1_cakv42m,0.3693516699410609,0.6645569620253164,-0.29520529208425556
p_2553,t3_1ghuhk,t1_cakst8b,t1_cakfe6t,0.5827338129496403,0.588957055214724,-0.006223242265083639
p_2554,t3_1ghq26,t1_cakd83v,t1_cakbhef,0.5953757225433526,0.5972222222222222,-0.0018464996788696286
p_2556,t3_1gf3p8,t1_cajmk48,t1_cajlq76,0.5515151515151515,0.573076923076923,-0.021561771561771526
p_2558,t3_1gekcs,t1_cajgr6p,t1_cajgnqh,0.75,0.7974683544303798,-0.04746835443037978
p_2559,t3_1gdhz9,t1_cajoefo,t1_caj8zpy,0.7109004739336493,0.7592592592592593,-0.04835878532561
p_2561,t3_1gcmgh,t1_caizgrm,t1_caix4yf,0.5355191256830601,0.7045454545454546,-0.16902632886239444
p_2563,t3_1ga9it,t1_caiavmi,t1_caiacwj,0.5253623188405797,0.4623115577889447,0.06305076105163498
p_2564,t3_1ga5u6,t1_caifnvs,t1_caigbsx,0.5899280575539568,0.825,-0.23507194244604313
p_2565,t3_1g98dv,t1_caicko1,t1_cai00w1,0.44991212653778556,0.6028708133971292,-0.15295868685934366
p_2566,t3_1g912k,t1_cahy4j6,t1_cai00qt,0.5990566037735849,0.712,-0.11294339622641503
p_2567,t3_1g8ye7,t1_caiqwaz,t1_caia71j,0.540268456375839,0.6956521739130435,-0.15538371753720448
p_2568,t3_1g8tam,t1_cahvvfw,t1_cahvh3g,0.6008403361344538,0.5844748858447488,0.01636545028970493
p_2569,t3_1g8dms,t1_cahqtw0,t1_cahrjrv,0.5194085027726433,0.5024875621890548,0.016920940583588506
p_2570,t3_1g4ij0,t1_cagmwe5,t1_cagn2vw,0.6972477064220184,0.5887573964497042,0.10849030997231424
p_2571,t3_1g4ij0,t1_cagti1b,t1_cagn2vw,0.40560949298813376,0.5887573964497042,-0.1831479034615704
p_2573,t3_1g0zyi,t1_cafq2a4,t1_cafq68p,0.7142857142857143,0.5644699140401146,0.1498158002455997
p_2575,t3_1g0nr4,t1_cafnpu1,t1_cafo41o,0.68,0.7285714285714285,-0.04857142857142849
p_2576,t3_1g05un,t1_cafhm9s,t1_cafhkpm,0.6788321167883211,0.7037037037037037,-0.024871586915382604
p_2577,t3_1g05un,t1_cafi4wo,t1_cafhkpm,0.7468354430379747,0.7037037037037037,0.043131739334270947
p_2578,t3_1fze4z,t1_cafajkn,t1_cafb9bx,0.6078431372549019,0.596551724137931,0.011291413116970905
p_2579,t3_1fzbuj,t1_cafam2z,t1_cafeb2o,0.34102026554856746,0.4168443496801706,-0.07582408413160313
p_2580,t3_1fzbuj,t1_cafpf1y,t1_cafeb2o,0.4791666666666667,0.4168443496801706,0.062322316986496096
p_2581,t3_1fz6yz,t1_cafa0ej,t1_cafbiew,0.6470588235294118,0.6640625,-0.017003676470588203
p_2582,t3_1fvef0,t1_caehkc7,t1_caegj92,0.7123287671232876,0.6956521739130435,0.016676593210244173
p_2583,t3_1ftvzl,t1_cadqq2m,t1_cadtuox,0.7375,0.7592592592592593,-0.021759259259259256
p_2584,t3_1fthzm,t1_cads3uf,t1_cadpyxu,0.43364928909952605,0.6220095693779905,-0.1883602802784644
p_2585,t3_1fsg25,t1_cadecc8,t1_cadh9xp,0.4577259475218659,0.4928774928774929,-0.03515154535562698
p_2586,t3_1fsg25,t1_cadcq9r,t1_cadfxhh,0.5494505494505495,0.5555555555555556,-0.006105006105006083
p_2589,t3_1fqxs6,t1_cacz78q,t1_cad0uj4,0.5205673758865248,0.564327485380117,-0.043760109493592214
p_2590,t3_1fpnku,t1_cacm10c,t1_cacyujo,0.4959677419354839,0.6528925619834711,-0.15692482004798725
p_2592,t3_1fl90i,t1_cabjfyp,t1_cabh6n4,0.5306666666666666,0.5907590759075908,-0.06009240924092418
p_2594,t3_1fkqyp,t1_cab9l3c,t1_cab7rfj,0.34217067108533555,0.48520710059171596,-0.1430364295063804
p_2596,t3_1fjzw1,t1_cab14u9,t1_cabbfp2,0.5414012738853503,0.5146579804560261,0.026743293429324244
p_2597,t3_1fjy6l,t1_cabf966,t1_cab0k1n,0.44022503516174405,0.6507936507936508,-0.21056861563190676
p_2598,t3_1fjy6l,t1_cabcutd,t1_cabche6,0.6834532374100719,0.6551724137931034,0.028280823616968487
p_2599,t3_1fj2qs,t1_caar36f,t1_caas3s0,0.6357615894039735,0.5426356589147286,0.09312593048924489
p_2600,t3_1fi40v,t1_caahiii,t1_caahjdz,0.48592870544090055,0.656441717791411,-0.17051301235051047
p_2601,t3_1fi40v,t1_caai66k,t1_caahj8x,0.5955056179775281,0.5897435897435898,0.005762028233938343
p_2603,t3_1fh2ge,t1_caa6pnq,t1_caaaphg,0.6449704142011834,0.6113989637305699,0.033571450470613495
p_2604,t3_1fgwoe,t1_caadxv7,t1_caaa1fu,0.6319018404907976,0.6666666666666666,-0.03476482617586907
p_2606,t3_1felg8,t1_ca9jegt,t1_ca9j1g5,0.5714285714285714,0.7070707070707071,-0.13564213564213567
p_2607,t3_1fdu9t,t1_ca9jfv7,t1_ca9emjy,0.5855855855855856,0.5613207547169812,0.024264830868604426
p_2608,t3_1fdqr9,t1_ca9b99t,t1_ca997cz,0.8392857142857143,0.6484375,0.1908482142857143
p_2609,t3_1fbyld,t1_ca8s1d1,t1_ca92m1w,0.6129032258064516,0.8,-0.18709677419354842
p_2610,t3_1fakkk,t1_ca8gu3m,t1_ca8gpeh,0.7272727272727273,0.6298342541436464,0.09743847312908094
p_2613,t3_1f9bqn,t1_ca85ryy,t1_ca81ox0,0.6284403669724771,0.5282485875706214,0.10019177940185564
p_2619,t3_1f3fkz,t1_ca6ix69,t1_ca6j47b,0.38430311231393777,0.5674157303370787,-0.18311261802314094
p_2621,t3_1f378x,t1_ca6d9pg,t1_ca6d9s8,0.668918918918919,0.6457399103139013,0.023179008605017648
p_2624,t3_1f08yy,t1_ca5jdzb,t1_ca5nkp8,0.7449664429530202,0.6070287539936102,0.13793768895940994
p_2625,t3_1f08yy,t1_ca5jcz6,t1_ca5nkp8,,0.6070287539936102,
p_2627,t3_1eyhc9,t1_ca511j6,t1_ca514mx,0.5695652173913044,0.7450980392156863,-0.1755328218243819
p_2628,t3_1eyhc9,t1_ca54mod,t1_ca514mx,0.5771812080536913,0.7450980392156863,-0.16791683116199496
p_2629,t3_1evztt,t1_ca4bru8,t1_ca4e1xc,0.5347985347985348,0.6597938144329897,-0.12499527963445489
p_2631,t3_1er14x,t1_ca2wy31,t1_ca2w8zb,0.49534450651769085,0.564625850340136,-0.06928134382244516
p_2632,t3_1er14x,t1_ca2wyds,t1_ca2w8zb,0.5100864553314121,0.564625850340136,-0.054539395008723957
p_2633,t3_1eqzdv,t1_ca2xas3,t1_ca2vznl,0.5373134328358209,0.7701149425287356,-0.2328015096929147
p_2634,t3_1eqzdv,t1_ca31l47,t1_ca2vznl,0.4482758620689655,0.7701149425287356,-0.32183908045977005
p_2636,t3_1eqpep,t1_ca2wutl,t1_ca2vk92,0.5121951219512195,0.45558739255014324,0.05660772940107628
p_2637,t3_1enop4,t1_ca26n3f,t1_ca24wnz,0.5361930294906166,0.5308988764044944,0.005294153086122244
p_2640,t3_1ekr96,t1_ca18olx,t1_ca1bmet,0.7222222222222222,0.4618055555555556,0.26041666666666663
p_2642,t3_1ejwsi,t1_ca0z4yj,t1_ca124sd,0.4187725631768953,0.5216400911161732,-0.10286752793927784
p_2643,t3_1ejwsi,t1_ca14g2z,t1_ca11uac,0.5123595505617977,0.5952380952380952,-0.08287854467629752
p_2649,t3_1eeqwi,t1_c9zk246,t1_c9zlxhm,0.6567164179104478,0.5512048192771084,0.10551159863333937
p_2648,t3_1eeqwi,t1_c9zisf5,t1_c9zjpoy,0.6832298136645962,0.7346938775510204,-0.051464063886424216
p_2650,t3_1edx91,t1_c9z9hpy,t1_c9zbt49,0.596,0.7666666666666667,-0.17066666666666674
p_2651,t3_1edr56,t1_c9z8p9f,t1_c9z9qmk,0.6518518518518519,0.6904761904761905,-0.03862433862433856
p_2652,t3_1edqbg,t1_c9z7ura,t1_c9zayfy,0.6973684210526315,0.5652173913043478,0.13215102974828374
p_2657,t3_1e897d,t1_c9xr4w4,t1_c9xr0vc,0.4792626728110599,0.8214285714285714,-0.3421658986175115
p_2659,t3_1e7fgs,t1_c9xm6o9,t1_c9xlvv7,0.5977859778597786,0.7317073170731707,-0.1339213392133921
p_2661,t3_1e7dc0,t1_c9xteak,t1_c9xkdnr,0.5299145299145299,0.588495575221239,-0.058581045306709045
p_2663,t3_1e71tp,t1_c9xlk4m,t1_c9xez56,0.5601659751037344,0.6079136690647482,-0.04774769396101375
p_2664,t3_1e5uet,t1_c9x38yb,t1_c9x7ac3,0.5958333333333333,0.5759162303664922,0.019917102966841127
p_2666,t3_1e5dod,t1_c9wyrgk,t1_c9wz4h9,0.8070175438596491,0.5555555555555556,0.2514619883040935
p_2667,t3_1e4w3h,t1_c9x0hy8,t1_c9wwhb6,0.5723905723905723,0.7543859649122807,-0.18199539252170838
p_2668,t3_1e4v4u,t1_c9wtome,t1_c9ww06i,0.6826923076923077,0.7625,-0.07980769230769225
p_2669,t3_1e4gla,t1_c9wpcpk,t1_c9wqjyf,0.5941176470588235,0.5281899109792285,0.06592773607959501
p_2671,t3_1e30x9,t1_c9wfnbb,t1_c9wbvj3,0.6590909090909091,0.5334821428571429,0.12560876623376616
p_2673,t3_1e1yw5,t1_c9wdtql,t1_c9w0hvd,0.649746192893401,0.7721518987341772,-0.12240570584077626
p_2674,t3_1e0qz1,t1_c9vwslq,t1_c9vruwl,0.45965770171149145,0.5476190476190477,-0.08796134590755622
p_2675,t3_1e0ejy,t1_c9vl8aa,t1_c9vp3i5,0.5210420841683366,0.6088888888888889,-0.08784680472055229
p_2678,t3_1e0dd7,t1_c9vvh9i,t1_c9vmii6,0.6991150442477876,0.6082949308755761,0.09082011337221152
p_2676,t3_1e0dd7,t1_c9vn11c,t1_c9vkmsv,0.6041666666666666,0.7254901960784313,-0.12132352941176472
p_2679,t3_1dzqaz,t1_c9vevvr,t1_c9ves68,0.6764705882352942,0.652542372881356,0.023928215353938187
p_2680,t3_1dyb7o,t1_c9v8bw6,t1_c9v7j0n,0.6666666666666666,0.5769230769230769,0.08974358974358976
p_2681,t3_1dy3sl,t1_c9uym99,t1_c9uxyzk,0.4935275080906149,0.65,-0.15647249190938511
p_2683,t3_1dx9dj,t1_c9ut84g,t1_c9v8b9b,0.4930555555555556,0.49214659685863876,0.0009089586969168173
p_2684,t3_1dx9dj,t1_c9uvfc4,t1_c9usq08,0.4075382803297998,0.5454545454545454,-0.13791626512474564
p_2685,t3_1duzzk,t1_c9u8l52,t1_c9u8yoe,0.46472019464720193,0.5036764705882353,-0.03895627594103335
p_2688,t3_1drv8o,t1_c9twcr8,t1_c9tdt5r,0.5428571428571428,0.6432748538011696,-0.10041771094402674
p_2690,t3_1dro9y,t1_c9t93tz,t1_c9tb0nm,0.605,0.82,-0.21499999999999997
p_2691,t3_1dro9y,t1_c9t95ad,t1_c9tb0nm,0.5546558704453441,0.82,-0.2653441295546558
p_2692,t3_1dro9y,t1_c9tar20,t1_c9tb0nm,0.5958333333333333,0.82,-0.22416666666666663
p_2693,t3_1dr38j,t1_c9t4zgp,t1_c9t15sb,0.8666666666666667,0.7777777777777778,0.0888888888888889
p_2694,t3_1dr38j,t1_c9t6qfq,t1_c9t3tv5,0.76,0.6105263157894737,0.14947368421052631
p_2696,t3_1dqocq,t1_c9sxlof,t1_c9t1per,0.6142322097378277,0.7047619047619048,-0.09052969502407715
p_2698,t3_1dpa0j,t1_c9si9a1,t1_c9sjq6e,0.5950413223140496,0.7171052631578947,-0.12206394084384509
p_2699,t3_1dmdji,t1_c9s8tbs,t1_c9rvfop,0.5329512893982808,0.6326530612244898,-0.09970177182620898
p_2702,t3_1djzxv,t1_c9rfg9d,t1_c9r258n,0.6666666666666666,0.7032967032967034,-0.03663003663003672
p_2704,t3_1dj741,t1_c9qwjmm,t1_c9qu7yd,0.5013927576601671,0.4124809741248097,0.08891178353535739
p_2706,t3_1ditdn,t1_c9r0krj,t1_c9qpsh8,0.5132924335378323,0.6376811594202898,-0.12438872588245753
p_2707,t3_1dilyh,t1_c9qq93z,t1_c9qukp7,0.5149051490514905,0.7337278106508875,-0.218822661599397
p_2711,t3_1dfy2a,t1_c9pz92y,t1_c9pzk15,0.6415094339622641,0.6886792452830188,-0.047169811320754707
p_2713,t3_1dfnx1,t1_c9pwrti,t1_c9pydqv,0.5604838709677419,0.7432432432432432,-0.18275937227550132
p_2714,t3_1deu6m,t1_c9pm9ei,t1_c9pq3i8,0.6062176165803109,0.6964285714285714,-0.09021095484826047
p_2715,t3_1ddn6p,t1_c9r192d,t1_c9ptde6,0.5387755102040817,0.7440476190476191,-0.20527210884353742
p_2717,t3_1dbeji,t1_c9opv9e,t1_c9oplaa,0.6486486486486487,0.7096774193548387,-0.06102877070619006
p_2718,t3_1dahpy,t1_c9oi7rq,t1_c9ohbfe,0.47941176470588237,0.48623853211009177,-0.0068267674042093995
p_2720,t3_1daaz2,t1_c9om232,t1_c9oicxr,0.40406976744186046,0.5205223880597015,-0.11645262061784106
p_2721,t3_1daa73,t1_c9of3p7,t1_c9of537,0.6059113300492611,0.6868686868686869,-0.08095735681942573
p_2722,t3_1da9km,t1_c9ogr0a,t1_c9oels5,0.6382978723404256,0.5326633165829145,0.10563455575751102
p_2723,t3_1d93tu,t1_c9o543i,t1_c9o48f1,0.5492957746478874,0.6346153846153846,-0.08531960996749721
p_2724,t3_1d93tu,t1_c9o9bv4,t1_c9o5bzv,0.4332425068119891,0.5151515151515151,-0.08190900833952602
p_2725,t3_1d7g4o,t1_c9noa5m,t1_c9nwpbl,0.46647230320699706,0.4251412429378531,0.04133106026914396
p_2728,t3_1d4oyg,t1_c9mvjvz,t1_c9n2oa9,0.6238938053097345,0.6082474226804123,0.015646382629322164
p_2729,t3_1d44p3,t1_c9mq0ns,t1_c9mtvks,0.36749633967789164,0.539568345323741,-0.17207200564584935
p_2731,t3_1d44p3,t1_c9mw0w9,t1_c9mpkz3,0.47983014861995754,0.6923076923076923,-0.21247754368773475
p_2732,t3_1d44p3,t1_c9n1elj,t1_c9mtvks,0.5189873417721519,0.539568345323741,-0.020581003551589094
p_2733,t3_1d44p3,t1_c9mu8cn,t1_c9mrjf5,0.586046511627907,0.6435643564356436,-0.057517844807736584
p_2734,t3_1d44p3,t1_c9msi95,t1_c9mtvks,0.5818639798488665,0.539568345323741,0.042295634525125525
p_2738,t3_1d1i55,t1_c9mxv6l,t1_c9lzhfl,0.6008771929824561,0.5991561181434599,0.001721074838996195
p_2739,t3_1d1i55,t1_c9oegh1,t1_c9lzhfl,0.7,0.5991561181434599,0.10084388185654003
p_2740,t3_1d0elu,t1_c9lsj8v,t1_c9lp7p0,0.5945017182130584,0.7326732673267327,-0.13817154911367424
p_2741,t3_1cymw8,t1_c9l9z8j,t1_c9l7omc,0.4300202839756592,0.632,-0.20197971602434078
p_2743,t3_1cyjeb,t1_c9l6moi,t1_c9l7796,0.6517412935323383,0.5714285714285714,0.08031272210376694
p_2748,t3_1cxteo,t1_c9l5sr6,t1_c9kz9h3,0.7164179104477612,0.7804878048780488,-0.06406989443028765
p_2746,t3_1cxteo,t1_c9l0ptr,t1_c9kztp0,0.4973544973544973,0.6455696202531646,-0.14821512289866723
p_2747,t3_1cxteo,t1_c9kzw1u,t1_c9l5bzb,0.7901234567901234,0.8833333333333333,-0.09320987654320989
p_2749,t3_1cwsse,t1_c9kr52k,t1_c9kr5qt,0.5390625,0.7971014492753623,-0.2580389492753623
p_2750,t3_1cwsse,t1_c9kqato,t1_c9ks4cr,0.5470588235294118,0.672566371681416,-0.12550754815200416
p_2751,t3_1cwsse,t1_c9kvex6,t1_c9ks4cr,0.5616438356164384,0.672566371681416,-0.1109225360649776
p_2752,t3_1cvzbx,t1_c9km9nx,t1_c9khsqw,0.5666666666666667,0.6,-0.033333333333333326
p_2753,t3_1ctkhw,t1_c9juokl,t1_c9jubz0,0.6363636363636364,0.7931034482758621,-0.15673981191222575
p_2754,t3_1cskpb,t1_c9jkqxa,t1_c9jlje5,0.7039473684210527,0.7472527472527473,-0.04330537883169461
p_2755,t3_1crpmd,t1_c9jdeua,t1_c9jkwqp,0.7575757575757576,0.7622950819672131,-0.004719324391455504
p_2756,t3_1cq2e6,t1_c9ix0cz,t1_c9ixpvx,0.5458515283842795,0.6462585034013606,-0.10040697501708107
p_2760,t3_1cjeto,t1_c9h2lgb,t1_c9h6sc6,0.5987654320987654,0.5260115606936416,0.0727538714051238
p_2761,t3_1chlts,t1_c9gmbnn,t1_c9gqj74,0.5147058823529411,0.6890243902439024,-0.17431850789096126
p_2762,t3_1cgo5k,t1_c9gcsj9,t1_c9gc5rg,0.6060606060606061,0.7166666666666667,-0.1106060606060606
p_2765,t3_1cfa2w,t1_c9fzmpv,t1_c9g116t,0.48297213622291024,0.4755134281200632,0.007458708102847045
p_2766,t3_1cdk1m,t1_c9fscps,t1_c9fnhsl,0.6205128205128205,0.5207756232686981,0.09973719724412244
p_2767,t3_1cc9ma,t1_c9f4mbw,t1_c9f4gvx,0.6666666666666666,0.7297297297297297,-0.06306306306306309
p_2770,t3_1cc8uk,t1_c9fbcfp,t1_c9f55x0,0.5594059405940595,0.5420560747663551,0.01734986582770437
p_2771,t3_1cbyg8,t1_c9f2fbr,t1_c9f2f7z,0.49585406301824214,0.6381909547738693,-0.1423368917556272
p_2772,t3_1cbyg8,t1_c9f37yw,t1_c9f2f7z,0.4680337756332931,0.6381909547738693,-0.1701571791405762
p_2773,t3_1cbyg8,t1_c9f2oxn,t1_c9f2f7z,0.558974358974359,0.6381909547738693,-0.07921659579951035
p_2774,t3_1c9rnm,t1_c9efq9f,t1_c9enhzn,0.5321100917431193,0.6609195402298851,-0.1288094484867658
p_2776,t3_1c9lan,t1_c9eoxbt,t1_c9edlfu,0.6388888888888888,0.6519337016574586,-0.013044812768569725
p_2777,t3_1c8ym3,t1_c9e9zzx,t1_c9e9fk0,0.54,0.6436781609195402,-0.10367816091954019
p_2778,t3_1c8ym3,t1_c9e9ga5,t1_c9ea09a,0.553125,0.725,-0.171875
p_2779,t3_1c7z1a,t1_c9dyhme,t1_c9edsm6,0.7114093959731543,0.5466101694915254,0.16479922648162892
p_2782,t3_1c5ps9,t1_c9da3im,t1_c9dg1q3,0.6505376344086021,0.6609195402298851,-0.010381905821282955
p_2783,t3_1c3mds,t1_c9cpeax,t1_c9cpssy,0.5125523012552301,0.5080385852090032,0.004513716046226857
p_2784,t3_1c11cx,t1_c9c5trq,t1_c9c6lsq,0.5158924205378973,0.4877384196185286,0.028154000919368705
p_2785,t3_1byb8b,t1_c9bdajc,t1_c9bdsul,0.6153846153846154,0.7062937062937062,-0.09090909090909083
p_2786,t3_1by7rb,t1_c9b8dbb,t1_c9ba21c,0.511520737327189,0.5367647058823529,-0.025243968555163976
p_2787,t3_1bxkri,t1_c9b3vi9,t1_c9b4eux,0.5887096774193549,0.88,-0.29129032258064513
p_2789,t3_1bxgut,t1_c9b118k,t1_c9b0bxi,0.609375,0.6296296296296297,-0.02025462962962965
p_2788,t3_1bxgut,t1_c9b3hgo,t1_c9b7q7o,0.5227817745803357,0.6238532110091743,-0.10107143642883865
p_2790,t3_1bxgut,t1_c9b7tag,t1_c9b7q7o,0.4109090909090909,0.6238532110091743,-0.21294412010008346
p_2791,t3_1bwu2v,t1_c9avcwo,t1_c9auie0,0.782608695652174,0.4492307692307692,0.33337792642140474
p_2792,t3_1buffw,t1_c9a7bi9,t1_c9a70o8,0.54337899543379,0.7321428571428571,-0.18876386170906712
p_2793,t3_1brihl,t1_c9bfojt,t1_c99k4tp,0.6851851851851852,0.7073170731707317,-0.02213188798554644
p_2794,t3_1bp6uw,t1_c98y60i,t1_c994sb5,0.6027397260273972,0.6405529953917051,-0.037813269364307844
p_2795,t3_1bodtx,t1_c98jlb4,t1_c98lik7,0.6239316239316239,0.5150501672240803,0.10888145670754368
p_2796,t3_1bljky,t1_c97sfu3,t1_c97rjrx,0.646551724137931,0.596,0.050551724137931076
p_2798,t3_1bkpef,t1_c97l3q7,t1_c97m0dm,0.60625,0.7701149425287356,-0.16386494252873562
p_2799,t3_1bkdeq,t1_c97g05g,t1_c97ggko,0.6637168141592921,0.7739130434782608,-0.11019622931896877
p_2803,t3_1bjaaz,t1_c977sxm,t1_c979i5l,0.4030373831775701,0.5175718849840255,-0.11453450180645541
p_2804,t3_1bitj0,t1_c971omg,t1_c978xo7,0.5073170731707317,0.3813559322033898,0.1259611409673419
p_2805,t3_1bggat,t1_c96k0ap,t1_c96jw6l,0.5903614457831325,0.7203389830508474,-0.12997753726771488
p_2806,t3_1bce8x,t1_c95l5od,t1_c95l7sx,0.5826771653543307,0.6190476190476191,-0.036370453693288396
p_2807,t3_1bcaat,t1_c95jx1p,t1_c95k33e,0.5337078651685393,0.6510067114093959,-0.11729884624085662
p_2808,t3_1bc8lk,t1_c95jtsa,t1_c95k5tq,0.45176470588235296,0.419284940411701,0.032479765470651956
p_2809,t3_1bc7uw,t1_c95jgdf,t1_c95jk08,0.5957446808510638,0.7560975609756098,-0.16035288012454596
p_2810,t3_1b757j,t1_c947mfz,t1_c947z02,0.7848101265822784,0.6949152542372882,0.08989487234499027
p_2811,t3_1b5h4r,t1_c93tvyq,t1_c93sauz,0.45414847161572053,0.5935251798561151,-0.13937670824039455
p_2812,t3_1b532g,t1_c93p2p5,t1_c93uzd4,0.6439393939393939,0.625,0.018939393939393923
p_2813,t3_1b4ngo,t1_c93mgx3,t1_c93juyb,0.5196850393700787,0.7204301075268817,-0.20074506815680304
p_2815,t3_1ayifp,t1_c91z4wm,t1_c91y4yc,0.35909090909090907,0.4090909090909091,-0.050000000000000044
p_2817,t3_1avuk1,t1_c919bkc,t1_c918ch7,0.6883116883116883,0.6851851851851852,0.0031265031265030885
p_2818,t3_1aszfk,t1_c90i0vi,t1_c90i1xg,0.6111111111111112,0.45985401459854014,0.15125709651257102
p_2819,t3_1assos,t1_c90fnc1,t1_c90rkrt,0.6730769230769231,0.5027777777777778,0.17029914529914536
p_2820,t3_1assos,t1_c90ewks,t1_c90rkrt,0.5863192182410424,0.5027777777777778,0.08354144046326462
p_2822,t3_1are2i,t1_c902a8w,t1_c901w5o,0.4956896551724138,0.6531531531531531,-0.15746349798073933
p_2823,t3_1are2i,t1_c9063xi,t1_c901w5o,0.5109489051094891,0.6531531531531531,-0.14220424804366405
p_2827,t3_1am01f,t1_c8yqvyz,t1_c90q7d9,0.5580865603644647,0.46537396121883656,0.09271259914562813
p_2830,t3_1ajjfw,t1_c8y1lzd,t1_c8xzdi6,0.5048231511254019,0.7636363636363637,-0.2588132125109618
p_2831,t3_1ajjfw,t1_c8y2o8t,t1_c8y2jox,0.5775862068965517,0.8351648351648352,-0.2575786282682835
p_2832,t3_1ahaci,t1_c8xhcoi,t1_c8xhwel,0.7191011235955056,0.7425742574257426,-0.02347313383023697
p_2833,t3_1ahaci,t1_c8ycdr7,t1_c8y9ehd,0.6351931330472103,0.47165532879818595,0.1635378042490243
p_2834,t3_1adnuj,t1_c8wgwzb,t1_c8wgx6y,0.4685714285714286,0.5794392523364486,-0.11086782376501997
p_2835,t3_1adnuj,t1_c8wkxho,t1_c8wgx6y,0.5759717314487632,0.5794392523364486,-0.003467520887685316
p_2836,t3_1aah63,t1_c8vkumc,t1_c8w7eb9,0.5403225806451613,0.6551724137931034,-0.11484983314794217
p_2837,t3_1a823k,t1_c8uxrzz,t1_c8uxj2q,0.421455938697318,0.48903508771929827,-0.06757914902198026
p_2838,t3_1a74or,t1_c8yb8lh,t1_c8wi3uo,0.565597667638484,0.6287878787878788,-0.06319021114939483
p_2841,t3_1a1svv,t1_c8tcnlg,t1_c8tbh45,0.7777777777777778,0.7558139534883721,0.021963824289405687
p_2842,t3_19x40l,t1_c8s3ojs,t1_c8sam0l,0.5914634146341463,0.6864406779661016,-0.09497726333195533
p_2843,t3_19umvm,t1_c8ri6ek,t1_c8rgbi8,0.7452830188679245,0.6291390728476821,0.11614394602024236
p_2845,t3_19n9ak,t1_c8pkzma,t1_c8polhe,0.6235294117647059,0.6736842105263158,-0.05015479876160989
p_2846,t3_19huby,t1_c8ojliw,t1_c8oh7z7,0.4803312629399586,0.6146341463414634,-0.1343028834015048
p_2847,t3_19e3q6,t1_c8n7zld,t1_c8n6yn4,0.40487804878048783,0.4397705544933078,-0.03489250571281999
p_2850,t3_19avin,t1_c8mdkft,t1_c8mqodh,0.7,0.5119047619047619,0.1880952380952381
p_2851,t3_19aahz,t1_c8m9s7p,t1_c8m98ui,0.6559139784946236,0.7922077922077922,-0.13629381371316862
p_2853,t3_1960jw,t1_c8te8em,t1_c8lq3vy,0.5679824561403509,0.5487179487179488,0.019264507422402155
p_2854,t3_18nf32,t1_c8gjif8,t1_c8glzi2,0.5935828877005348,0.5736040609137056,0.019978826786829162
p_2855,t3_18n2uc,t1_c8g7yj9,t1_c8g7vdb,0.71875,0.7818181818181819,-0.06306818181818186
p_2856,t3_18n2uc,t1_c8gjaly,t1_c8hjbxc,0.5800711743772242,0.6059322033898306,-0.02586102901260634
p_2857,t3_18hfbb,t1_c8euhsu,t1_c8f4pon,0.5609756097560976,0.6185567010309279,-0.05758109127483024
p_2858,t3_18fnmc,t1_c8ehi0y,t1_c8fbyk9,0.639751552795031,0.5745454545454546,0.06520609824957646
p_2859,t3_18fnmc,t1_c8eztwo,t1_c8efsxa,0.5570469798657718,0.4773662551440329,0.07968072472173887
p_2861,t3_18dj9h,t1_c8go2f3,t1_c8du0qd,0.7252747252747253,0.6938775510204082,0.031397174254317095
p_2862,t3_181jmd,t1_c8b2w35,t1_c8b80s2,0.46219686162624823,0.4562798092209857,0.005917052405262524
p_2864,t3_353z1x,t1_cr0txe5,t1_cr0sypq,0.6896551724137931,0.654320987654321,0.03533418475947214
p_2865,t3_35007e,t1_cqzpsh4,t1_cr08now,0.5774193548387097,0.4376068376068376,0.13981251723187205
p_2868,t3_34uoe6,t1_cqy8iqs,t1_cqydmf0,0.6597222222222222,0.8026315789473685,-0.14290935672514626
p_2869,t3_34uhcs,t1_cqy6f3z,t1_cqy5yg6,0.7397260273972602,0.6224489795918368,0.11727704780542347
p_2871,t3_34r42c,t1_cqx9tcw,t1_cqxcheq,0.8382352941176471,0.717391304347826,0.12084398976982103
p_2872,t3_34r42c,t1_cqx9isf,t1_cqxhmy0,0.6106870229007634,0.5590551181102362,0.05163190479052715
p_2873,t3_34qpil,t1_cqxbpip,t1_cqx6biz,0.5375586854460094,0.6312056737588653,-0.0936469883128559
p_2875,t3_34nm86,t1_cqwfwqa,t1_cqwdlqs,0.6050420168067226,0.5819672131147541,0.02307480369196857
p_2876,t3_34mjz7,t1_cqw3q36,t1_cqw297k,0.6019417475728155,0.7313432835820896,-0.12940153600927407
p_2877,t3_34mi2s,t1_cqw2pwr,t1_cqw1jmd,0.6210045662100456,0.6305418719211823,-0.009537305711136645
p_2880,t3_34f19m,t1_cqumcdt,t1_cqu4xnk,0.7340425531914894,0.6439393939393939,0.09010315925209544
p_2881,t3_34ew6y,t1_cqu16sw,t1_cqu66qp,0.776595744680851,0.7281553398058253,0.048440404875025767
p_2883,t3_34dp1h,t1_cqtp0m2,t1_cqtpbha,0.4837905236907731,0.3951367781155015,0.08865374557527156
p_2885,t3_3458ym,t1_cqrehbr,t1_cqrp6kw,0.7373737373737373,0.7631578947368421,-0.025784157363104798
p_2886,t3_344wiz,t1_cqras5q,t1_cqre4xb,0.6495726495726496,0.7285714285714285,-0.07899877899877894
p_2887,t3_344wiz,t1_cqrc214,t1_cqrdlm0,0.7310924369747899,0.7571428571428571,-0.026050420168067245
p_2889,t3_3421jf,t1_cqqjotj,t1_cqqk365,0.515695067264574,0.5681818181818182,-0.052486750917244196
p_2890,t3_341ysq,t1_cqqjryw,t1_cqqx1kp,0.7006802721088435,0.7708333333333334,-0.07015306122448983
p_2891,t3_341ysq,t1_cqqk0tn,t1_cqqijqw,0.6451612903225806,0.5543859649122806,0.09077532541029998
p_2892,t3_341rgm,t1_cqr37bi,t1_cqqnhph,0.625,0.7714285714285715,-0.14642857142857146
p_2893,t3_341qpv,t1_cqqkadf,t1_cqqj5q6,0.5634920634920635,0.7787610619469026,-0.21526899845483916
p_2896,t3_340hb6,t1_cqq5pcx,t1_cqq45sd,0.58,0.5090252707581228,0.0709747292418772
p_2897,t3_33yolt,t1_cqq8ib0,t1_cqpnhfk,0.5523255813953488,0.5665024630541872,-0.014176881658838347
p_2898,t3_33y71i,t1_cqpkqw3,t1_cqphhsd,0.5104166666666666,0.46296296296296297,0.047453703703703665
p_2899,t3_33xvlb,t1_cqpizv2,t1_cqpe1w3,0.5714285714285714,0.5633802816901409,0.008048289738430525
p_2900,t3_33x4zd,t1_cqq3w8x,t1_cqph109,0.4340567612687813,0.5891089108910891,-0.1550521496223078
p_2901,t3_33vwxp,t1_cqp9clo,t1_cqp3iwt,0.7876106194690266,0.9152542372881356,-0.12764361781910905
p_2902,t3_33vb7v,t1_cqop50f,t1_cqoq78g,0.49096385542168675,0.7520661157024794,-0.26110226028079264
p_2903,t3_33vb7v,t1_cqoqk6x,t1_cqoq78g,0.7647058823529411,0.7520661157024794,0.012639766650461737
p_2906,t3_33t6ee,t1_cqo6dks,t1_cqocdox,0.625,0.6859504132231405,-0.06095041322314054
p_2910,t3_33qkee,t1_cqnhkzy,t1_cqnfxbg,0.6404494382022472,0.676056338028169,-0.0356068998259218
p_2911,t3_33odih,t1_cqmwrzp,t1_cqn43qi,0.5774647887323944,0.7692307692307693,-0.1917659804983749
p_2912,t3_33odih,t1_cqmx2gy,t1_cqn43qi,0.6495726495726496,0.7692307692307693,-0.11965811965811968
p_2914,t3_33m1d7,t1_cqmao20,t1_cqmqlk3,0.8405797101449275,0.6176470588235294,0.22293265132139806
p_2915,t3_33ltmy,t1_cqm3qgs,t1_cqm6tlv,0.5354330708661418,0.5604395604395604,-0.025006489573418667
p_2916,t3_33ltmy,t1_cqm5fmo,t1_cqmj35v,0.75,0.5555555555555556,0.19444444444444442
p_2917,t3_33ltmy,t1_cqma7wu,t1_cqmj35v,0.5299684542586751,0.5555555555555556,-0.025587101296880466
p_2918,t3_33ltmy,t1_cqm52oz,t1_cqmjkd0,0.58984375,0.6870229007633588,-0.09717915076335881
p_2919,t3_33ltmy,t1_cqmees1,t1_cqmlryg,0.5080213903743316,0.4380952380952381,0.06992615227909349
p_2920,t3_33ltmy,t1_cqmhim7,t1_cqmlryg,0.658008658008658,0.4380952380952381,0.21991341991341995
p_2921,t3_33ltmy,t1_cqme4zj,t1_cqmjkd0,0.5726495726495726,0.6870229007633588,-0.1143733281137862
p_2922,t3_33ltmy,t1_cqmf5u4,t1_cqm8bcb,0.5967741935483871,0.8979591836734694,-0.30118499012508226
p_2923,t3_33ltmy,t1_cqmaxor,t1_cqmj35v,0.5092348284960422,0.5555555555555556,-0.0463207270595134
p_2925,t3_33ltmy,t1_cqmgnjb,t1_cqmjkd0,0.6445783132530121,0.6870229007633588,-0.04244458751034674
p_2927,t3_33ky08,t1_cqlv92o,t1_cqm0p5u,0.7843137254901961,0.8,-0.015686274509803977
p_2928,t3_33jriw,t1_cqlmafs,t1_cqlrxku,0.7857142857142857,0.5364431486880467,0.24927113702623904
p_2929,t3_33jriw,t1_cqlrjh2,t1_cqlvlpo,0.6283185840707964,0.6162790697674418,0.012039514303354593
p_2930,t3_33gagt,t1_cqknwye,t1_cqkneou,0.5958904109589042,0.5885714285714285,0.0073189823874756366
p_2935,t3_33fzqf,t1_cqkkas1,t1_cqkomla,0.7186311787072244,0.45436893203883494,0.26426224666838943
p_2934,t3_33fzqf,t1_cqkyc6a,t1_cqkomla,0.6077586206896551,0.45436893203883494,0.1533896886508202
p_2932,t3_33fzqf,t1_cqkmagz,t1_cql6a4m,0.7152317880794702,0.8518518518518519,-0.13662006377238167
p_2933,t3_33fzqf,t1_cqksog6,t1_cql5nf4,0.6235294117647059,0.8627450980392157,-0.23921568627450984
p_2936,t3_33fvr1,t1_cql32pv,t1_cqkpqqx,0.4175824175824176,0.5740740740740741,-0.15649165649165647
p_2937,t3_33f4nn,t1_cqkapdq,t1_cqktzi5,0.4991394148020654,0.6645569620253164,-0.16541754722325103
p_2938,t3_33d5wv,t1_cqjs9av,t1_cqjqmmc,0.782051282051282,0.8518518518518519,-0.06980056980056981
p_2939,t3_33c9pv,t1_cqjn7rh,t1_cqji5jr,0.6072874493927125,0.7111111111111111,-0.10382366171839863
p_2940,t3_33b9np,t1_cqj96fh,t1_cqj9uef,0.6379310344827587,0.6747967479674797,-0.03686571348472101
p_2942,t3_337yvz,t1_cqift17,t1_cqigsgq,0.6192307692307693,0.7052631578947368,-0.08603238866396756
p_2943,t3_337yvz,t1_cqigbq2,t1_cqigknb,0.5706806282722513,0.648854961832061,-0.07817433355980974
p_2947,t3_335312,t1_cqhqb8z,t1_cqhmvlk,0.44540612516644473,0.5,-0.05459387483355527
p_2948,t3_334q3e,t1_cqhpv4a,t1_cqhioox,0.5286885245901639,0.5817610062893082,-0.05307248169914425
p_2949,t3_333cqy,t1_cqh6yao,t1_cqh6bst,0.38558986539984164,0.5,-0.11441013460015836
p_2952,t3_330zv9,t1_cqgjrcd,t1_cqgm5ch,0.72,0.7583333333333333,-0.03833333333333333
p_2953,t3_32yo7o,t1_cqghj8r,t1_cqggpsa,0.5945945945945946,0.6863905325443787,-0.09179593794978402
p_2955,t3_32x792,t1_cqfgbx0,t1_cqfhboc,0.6567164179104478,0.8105263157894737,-0.15380989787902588
p_2957,t3_32x5bg,t1_cqffwwh,t1_cqfjbx4,0.5808080808080808,0.584,-0.0031919191919191903
p_2959,t3_32w62j,t1_cqf8h6r,t1_cqf8ttp,0.7016129032258065,0.5703125,0.1313004032258065
p_2960,t3_32tuwr,t1_cqekvu6,t1_cqev05z,0.5335689045936396,0.6190476190476191,-0.08547871445397948
p_2961,t3_32rqew,t1_cqe1or9,t1_cqedg0y,0.6710526315789473,0.7342657342657343,-0.06321310268678693
p_2962,t3_32qem9,t1_cqdngsq,t1_cqdmrey,0.5863874345549738,0.5806451612903226,0.005742273264651154
p_2963,t3_32nvz9,t1_cqd3dgw,t1_cqdlwp9,0.6079136690647482,0.5330578512396694,0.07485581782507877
p_2964,t3_32mxxb,t1_cqcq0fj,t1_cqcpdn2,0.6779661016949152,0.5841584158415841,0.0938076858533311
p_2966,t3_32ml8o,t1_cqcp8hx,t1_cqcmdxj,0.525065963060686,0.5404040404040404,-0.015338077343354461
p_2967,t3_32ml8o,t1_cqcmvme,t1_cqcmdxj,0.5134408602150538,0.5404040404040404,-0.02696318018898669
p_2969,t3_32kaxa,t1_cqc1ps3,t1_cqbztib,0.6403940886699507,0.6907894736842105,-0.050395385014259775
p_2970,t3_32jy1s,t1_cqc7xo9,t1_cqc76t8,0.3269230769230769,0.45964912280701753,-0.1327260458839406
p_2972,t3_32jy1s,t1_cqc312r,t1_cqc2knn,0.5845070422535211,0.7580645161290323,-0.17355747387551113
p_2973,t3_32hrcu,t1_cqbf680,t1_cqc157c,0.8431372549019608,0.5358649789029536,0.3072722759990072
p_2974,t3_32hrcu,t1_cqbuas1,t1_cqberet,0.5504587155963303,0.7094017094017094,-0.15894299380537913
p_2975,t3_32hhvc,t1_cqb981l,t1_cqb97nw,0.5104166666666666,0.5143769968051118,-0.003960330138445212
p_2977,t3_32heuy,t1_cqbcbkl,t1_cqb8b3a,0.776595744680851,0.7297297297297297,0.046866014951121304
p_2978,t3_32e9dz,t1_cqag1ei,t1_cqaeq9p,0.72,0.6274509803921569,0.09254901960784312
p_2979,t3_32dzr6,t1_cqabzcm,t1_cqavot8,0.6304347826086957,0.6017699115044248,0.02866487110427085
p_2980,t3_32dzr6,t1_cqabzdy,t1_cqavot8,0.6826347305389222,0.6017699115044248,0.08086481903449738
p_2981,t3_32cuug,t1_cqa2kcg,t1_cqamp4r,0.4681238615664845,0.6,-0.13187613843351548
p_2985,t3_32br6b,t1_cq9r1xc,t1_cq9xojx,0.5505882352941176,0.5249343832020997,0.02565385209201787
p_2987,t3_3295fa,t1_cq95v66,t1_cq97eov,0.4069020866773676,0.5632458233890215,-0.1563437367116539
p_2989,t3_328mdv,t1_cq8wilr,t1_cq8wllc,0.6079545454545454,0.7428571428571429,-0.13490259740259747
p_2990,t3_328mdv,t1_cq90btb,t1_cq8xsei,0.43256578947368424,0.5581395348837209,-0.12557374541003669
p_2991,t3_328mdv,t1_cq924w9,t1_cq8wmf8,0.5734597156398105,0.6881188118811881,-0.1146590962413776
p_2992,t3_328mdv,t1_cq962cf,t1_cq909zj,0.6285714285714286,0.5254237288135594,0.1031476997578692
p_2993,t3_328cqj,t1_cq8twul,t1_cq8u7k8,0.6747967479674797,0.6064814814814815,0.06831526648599817
p_2994,t3_328cqj,t1_cq8u123,t1_cq8vtom,0.6857142857142857,0.6447368421052632,0.04097744360902256
p_2995,t3_328cqj,t1_cq8urjg,t1_cq8uwgb,0.5745257452574526,0.7790697674418605,-0.20454402218440793
p_2996,t3_325owi,t1_cq85rgn,t1_cq85o61,0.6666666666666666,0.7073170731707317,-0.04065040650406504
p_2997,t3_324yj6,t1_cq7zfq6,t1_cq8dhwu,0.4069097888675624,0.4911242603550296,-0.08421447148746719
p_2998,t3_3247v7,t1_cq81v9f,t1_cq7q1h2,0.46754563894523327,0.6428571428571429,-0.17531150391190964
p_2999,t3_3247v7,t1_cq7rkyr,t1_cq7q1h2,0.6625766871165644,0.6428571428571429,0.019719544259421462
p_3001,t3_321v5o,t1_cq7b3vb,t1_cq75mj1,0.5640326975476839,0.5704697986577181,-0.006437101110034149
p_3004,t3_320ncw,t1_cq6vyp0,t1_cq6qa48,0.6591928251121076,0.7764705882352941,-0.1172777631231865
p_3005,t3_320ncw,t1_cq6qbjc,t1_cq7attb,0.6689655172413793,0.6227544910179641,0.04621102622341522
p_3006,t3_320cdd,t1_cq6n5nk,t1_cq6tjhk,0.8461538461538461,0.5145631067961165,0.33159073935772965
p_3007,t3_320ag4,t1_cq6qvbi,t1_cq73ikh,0.5089514066496164,0.5945945945945946,-0.08564318794497827
p_3008,t3_31z0jc,t1_cq6cink,t1_cq6dcu3,0.659217877094972,0.8545454545454545,-0.19532757745048246
p_3009,t3_31z0jc,t1_cq6elfk,t1_cq6fijn,0.5844594594594594,0.5138539042821159,0.07060555517734357
p_3010,t3_31y24o,t1_cq6353c,t1_cq69x2n,0.5846645367412141,0.5568181818181818,0.027846354923032335
p_3013,t3_31tru7,t1_cq4z6e3,t1_cq4ypy8,0.7078651685393258,0.652542372881356,0.055322795657969825
p_3015,t3_31pc9q,t1_cq3qpv3,t1_cq3pcmq,0.5714285714285714,0.8191489361702128,-0.24772036474164139
p_3016,t3_31p2g2,t1_cq3sydv,t1_cq3oxs7,0.41050583657587547,0.599290780141844,-0.18878494356596853
p_3017,t3_31p0pl,t1_cq3n1ay,t1_cq3nys0,0.6348314606741573,0.5465116279069767,0.08831983276718058
p_3020,t3_31oejp,t1_cq3gtyk,t1_cq3t550,0.5948275862068966,0.7,-0.10517241379310338
p_3021,t3_31oejp,t1_cq462r7,t1_cq3zns0,0.651685393258427,0.7349397590361446,-0.08325436577771761
p_3022,t3_31ocvw,t1_cq3fcas,t1_cq3hias,0.7407407407407407,0.7142857142857143,0.026455026455026398
p_3024,t3_31n763,t1_cq339uk,t1_cq33n1j,0.7142857142857143,0.6131386861313869,0.10114702815432741
p_3026,t3_31m7ag,t1_cq2w03g,t1_cq2v22k,0.6111111111111112,0.75,-0.13888888888888884
p_3027,t3_31kfkt,t1_cq2ethi,t1_cq38ca1,0.71875,0.7213114754098361,-0.0025614754098360892
p_3028,t3_31kfkt,t1_cq2m1cu,t1_cq2q8ub,0.4899598393574297,0.49372384937238495,-0.0037640100149552436
p_3029,t3_31kfkt,t1_cq2iwml,t1_cq2xd07,0.5818181818181818,0.8,-0.21818181818181825
p_3031,t3_31j4y8,t1_cq2dy2t,t1_cq2seqm,0.6528925619834711,0.7416666666666667,-0.08877410468319558
p_3032,t3_31iyzr,t1_cq20phi,t1_cq241hx,0.450229709035222,,
p_3033,t3_31iyzr,t1_cq2hqkc,t1_cq2ggm1,0.4642857142857143,0.4863636363636364,-0.022077922077922085
p_3034,t3_31extq,t1_cq0xwpm,t1_cq0zj18,0.6710526315789473,0.42255639097744363,0.24849624060150372
p_3036,t3_319lcf,t1_cpzoe1h,t1_cpzou3x,0.6715328467153284,0.58,0.09153284671532846
p_3038,t3_317c4q,t1_cpz4dkk,t1_cq08xc2,0.512,0.576,-0.06399999999999995
p_3039,t3_316t8m,t1_cpz81dp,t1_cpz1tm8,0.4793103448275862,0.6446280991735537,-0.16531775434596746
p_3043,t3_30zgez,t1_cpx91x7,t1_cpx8d30,0.6759259259259259,0.6086956521739131,0.06723027375201285
p_3046,t3_30uf3s,t1_cpvyas0,t1_cpvxc6j,0.532871972318339,0.7681159420289855,-0.23524396971064643
p_3047,t3_30rmk0,t1_cpv7mht,t1_cpv6fnx,0.6782608695652174,0.8548387096774194,-0.176577840112202
p_3048,t3_30rk8b,t1_cpv5sfc,t1_cpvae5t,0.4551282051282051,0.6265060240963856,-0.17137781896818044
p_3051,t3_30plxu,t1_cpumi9h,t1_cpv3rnn,0.47570332480818417,0.586046511627907,-0.11034318681972283
p_3052,t3_30plxu,t1_cpusr84,t1_cpvc5cu,0.6944444444444444,0.9183673469387755,-0.2239229024943311
p_3053,t3_30piom,t1_cpuvrbx,t1_cpuk6e9,0.5663082437275986,0.5616438356164384,0.004664408111160201
p_3054,t3_30piom,t1_cpukcf7,t1_cpuk6e9,0.49137931034482757,0.5616438356164384,-0.07026452527161081
p_3055,t3_30oi71,t1_cpudcxf,t1_cpuhqza,0.6845637583892618,0.6695652173913044,0.014998540997957388
p_3056,t3_30oi71,t1_cpudthh,t1_cpuin82,0.4703791469194313,0.5321969696969697,-0.061817822777538445
p_3057,t3_30oi71,t1_cpufpbf,t1_cpuh9jr,0.4975369458128079,0.6538461538461539,-0.15630920803334597
p_3058,t3_30oi71,t1_cpumucv,t1_cpubj6z,0.7099236641221374,0.6886792452830188,0.02124441883911854
p_3059,t3_30nwta,t1_cpu5jus,t1_cpufh76,0.6595744680851063,0.704,-0.04442553191489362
p_3060,t3_30lwfn,t1_cptlz3s,t1_cpu097g,0.5588235294117647,0.6323529411764706,-0.07352941176470584
p_3061,t3_30kxn3,t1_cptgjwa,t1_cptkn0r,0.672645739910314,0.6555555555555556,0.017090184354758398
p_3062,t3_30kxn3,t1_cpud2ds,t1_cpuj9yz,0.5025380710659898,0.6691176470588235,-0.16657957599283368
p_3064,t3_30ikr2,t1_cpssgy6,t1_cpstqu7,0.6722222222222223,0.5416666666666666,0.13055555555555565
p_3066,t3_30ijtn,t1_cpsuz6r,t1_cptjxj0,0.672645739910314,0.6441717791411042,0.028473960769209716
p_3067,t3_30ijtn,t1_cpsvg1e,t1_cpt2lkh,0.6345177664974619,0.6349206349206349,-0.0004028684231729418
p_3069,t3_30ieon,t1_cpspikm,t1_cpspmsa,0.6989247311827957,0.7428571428571429,-0.04393241167434714
p_3070,t3_30ieon,t1_cpsqhcv,t1_cpsr9x0,0.7974683544303798,0.7195121951219512,0.07795615930842859
p_3071,t3_30ieon,t1_cpsq3bq,t1_cpsptk3,0.49375,0.5484949832775919,-0.05474498327759192
p_3072,t3_30ieon,t1_cpssq8c,t1_cpsr9x0,0.684931506849315,0.7195121951219512,-0.03458068827263616
p_3073,t3_30ieh0,t1_cpss8ht,t1_cpsq8hn,0.7540983606557377,0.726027397260274,0.028070963395463666
p_3074,t3_30dwuy,t1_cprwysn,t1_cprwrn8,0.499359795134443,0.4794520547945205,0.019907740339922486
p_3075,t3_30dwuy,t1_cprim4b,t1_cpris3v,0.6870748299319728,0.6275862068965518,0.05948862303542102
p_3076,t3_30dwuy,t1_cps4x4a,t1_cprittq,0.6761904761904762,0.7777777777777778,-0.10158730158730156
p_3077,t3_30dn4s,t1_cpri1a1,t1_cprghef,0.7155963302752294,0.6395939086294417,0.07600242164578774
p_3078,t3_30dc3y,t1_cpreini,t1_cprdlqm,0.583011583011583,0.7,-0.116988416988417
p_3079,t3_30dc3y,t1_cprho0c,t1_cprczq0,0.6467391304347826,0.4943820224719101,0.1523571079628725
p_3080,t3_30bmbr,t1_cpqwrqy,t1_cpqwt64,0.740506329113924,0.7131782945736435,0.027328034540280544
p_3081,t3_30bmbr,t1_cpqx53s,t1_cpsdnqv,0.7642276422764228,0.7049180327868853,0.05930960948953756
p_3082,t3_30bmbr,t1_cpr9rhs,t1_cpr0he2,0.7142857142857143,0.6205128205128205,0.09377289377289377
p_3083,t3_30bmbr,t1_cprfcjr,t1_cpr0he2,0.7615384615384615,0.6205128205128205,0.14102564102564097
p_3084,t3_30bmbr,t1_cpqx6q7,t1_cpr0he2,0.6666666666666666,0.6205128205128205,0.0461538461538461
p_3085,t3_30bmbr,t1_cpqxz84,t1_cpr0he2,0.5923076923076923,0.6205128205128205,-0.028205128205128216
p_3086,t3_30bmbr,t1_cpqwxxi,t1_cpr0he2,0.6286764705882353,0.6205128205128205,0.008163650075414752
p_3087,t3_30addl,t1_cpqlm0n,t1_cpqmxt8,0.6388888888888888,0.7368421052631579,-0.09795321637426901
p_3088,t3_30abxj,t1_cpql1jr,t1_cpqkw2q,0.6503067484662577,0.7019230769230769,-0.05161632845681918
p_3089,t3_30a5zk,t1_cpqjney,t1_cpqkg7f,0.4300847457627119,0.5579268292682927,-0.12784208350558085
p_3090,t3_309gc1,t1_cpr1ni1,t1_cpqcrp3,0.4785714285714286,0.47863247863247865,-6.105006105006083e-05
p_3091,t3_309bvo,t1_cpqqtlm,t1_cpqbaln,0.6382978723404256,0.5330073349633252,0.10529053737710037
p_3093,t3_306owt,t1_cppof4n,t1_cpq6ae3,0.6171428571428571,0.7064220183486238,-0.08927916120576673
p_3094,t3_306o9o,t1_cpq1gb9,t1_cpqt20q,0.5895522388059702,0.7894736842105263,-0.19992144540455614
p_3095,t3_306jm9,t1_cppkm2t,t1_cppkw7s,0.5692307692307692,0.5911111111111111,-0.021880341880341936
p_3096,t3_306b19,t1_cppjkxe,t1_cppv03t,0.5137614678899083,0.4397810218978102,0.07398044599209808
p_3097,t3_306b19,t1_cppt43v,t1_cppiyoy,0.6835443037974683,0.5477707006369427,0.13577360316052567
p_3098,t3_305ejo,t1_cppptb8,t1_cppbmsd,0.6384180790960452,0.6283783783783784,0.0100397007176668
p_3099,t3_304vk8,t1_cpp4467,t1_cpp4mqn,0.5467625899280576,0.5162162162162162,0.030546373711841435
p_3100,t3_304vk8,t1_cpp57rx,t1_cpp6nth,0.5616438356164384,0.5042016806722689,0.05744215494416949
p_3102,t3_304vk8,t1_cpp5fv2,t1_cppe5uc,0.6551724137931034,0.6138613861386139,0.041311027654489574
p_3104,t3_304nx9,t1_cpp3be4,t1_cppcie7,0.5733333333333334,0.6285714285714286,-0.0552380952380952
p_3105,t3_302atl,t1_cponldu,t1_cpogvf1,0.511578947368421,0.644927536231884,-0.133348588863463
p_3106,t3_302atl,t1_cpom4hm,t1_cpoj5rs,0.6569767441860465,0.7634408602150538,-0.1064641160290073
p_3107,t3_301n6h,t1_cpolqex,t1_cpoikva,0.4155339805825243,0.5115681233933161,-0.09603414281079187
p_3108,t3_301aim,t1_cpo9ccq,t1_cpoaljq,0.5322245322245323,0.6578947368421053,-0.12567020461757306
p_3109,t3_300pmw,t1_cpo5gbr,t1_cpo0aso,0.53,0.6709677419354839,-0.1409677419354839
p_3110,t3_30059g,t1_cpo18q6,t1_cpo1wjy,0.5331491712707183,0.6102941176470589,-0.07714494637634062
p_3111,t3_30059g,t1_cpo9jne,t1_cppa1ar,0.5042857142857143,0.6075268817204301,-0.10324116743471579
p_3113,t3_3002wd,t1_cpnx795,t1_cpo9jc4,0.5510835913312694,0.7549019607843137,-0.20381836945304432
p_3115,t3_2zxa1c,t1_cpn5f5x,t1_cpn5ksl,0.571969696969697,0.46534653465346537,0.10662316231623165
p_3117,t3_2zwjql,t1_cpmyqyw,t1_cpmyrsa,0.6133333333333333,0.6572769953051644,-0.04394366197183108
p_3118,t3_2zpo9g,t1_cpl6qj2,t1_cplbwrd,0.6683937823834197,0.81,-0.14160621761658032
p_3122,t3_2zpo9g,t1_cpl8ybn,t1_cpl4rwr,0.7924528301886793,0.629757785467128,0.16269504472155127
p_3123,t3_2zpo9g,t1_cplrjw9,t1_cpl4rwr,0.5670731707317073,0.629757785467128,-0.06268461473542075
p_3119,t3_2zpo9g,t1_cpl854i,t1_cpl7tlw,0.5899581589958159,0.6690140845070423,-0.07905592551122631
p_3121,t3_2zpo9g,t1_cpl8iis,t1_cplq1xf,0.5970425138632163,0.5798045602605864,0.01723795360262992
p_3124,t3_2zp1g2,t1_cpkyv4o,t1_cpl0p62,0.7590361445783133,0.7209302325581395,0.03810591202017377
p_3125,t3_2zow2m,t1_cpl22pp,t1_cpkxsis,0.32099596231493943,0.4404283801874163,-0.11943241787247688
p_3126,t3_2znn1r,t1_cpkp3j2,t1_cpkoqed,0.3735581188997338,0.5203836930455635,-0.14682557414582975
p_3127,t3_2zlzlv,t1_cpk8hwi,t1_cpk6a3p,0.665,0.5714285714285714,0.09357142857142864
p_3128,t3_2zlzlv,t1_cpk93ep,t1_cpk6a3p,0.47865853658536583,0.5714285714285714,-0.09277003484320556
p_3129,t3_2zkscb,t1_cpjt71i,t1_cpjth0r,0.8,0.7191011235955056,0.08089887640449445
p_3130,t3_2zke3b,t1_cpjq913,t1_cpktfa4,0.7547169811320755,0.6206896551724138,0.13402732595966171
p_3131,t3_2zj7ra,t1_cpjeo7s,t1_cpjezx4,0.6093023255813953,0.5191489361702127,0.09015338941118256
p_3132,t3_2zivuy,t1_cpjd5bs,t1_cpjkvlu,0.6259541984732825,0.6516129032258065,-0.025658704752523964
p_3135,t3_2ziiud,t1_cpjgxr8,t1_cpjahut,0.5306859205776173,0.6488095238095238,-0.11812360323190652
p_3138,t3_2zi3o2,t1_cpj9uww,t1_cpj94l8,0.4597826086956522,0.43859649122807015,0.021186117467582033
p_3139,t3_2zhhcc,t1_cpixs4l,t1_cpiyfa2,0.6111111111111112,0.6384976525821596,-0.027386541471048464
p_3141,t3_2zhhcc,t1_cpj0ejq,t1_cpiyco1,0.645320197044335,0.5787234042553191,0.06659679278901587
p_3140,t3_2zhhcc,t1_cpizz9m,t1_cpiyxlc,0.6187845303867403,0.6187050359712231,7.949441551724501e-05
p_3143,t3_2zhaim,t1_cpix9ia,t1_cpivskg,0.5989583333333334,0.6511627906976745,-0.052204457364341095
p_3144,t3_2zgvgy,t1_cpissdd,t1_cpirsph,0.7884615384615384,0.7735849056603774,0.014876632801161027
p_3145,t3_2zgowg,t1_cpiuav4,t1_cpiq1oq,0.6645161290322581,0.6578947368421053,0.006621392190152786
p_3146,t3_2zgndx,t1_cpiqn17,t1_cpj5r70,0.5825688073394495,0.6693548387096774,-0.08678603137022789
p_3149,t3_2zgan1,t1_cpiqsg0,t1_cpimxfr,0.57421875,0.580110497237569,-0.005891747237569023
p_3150,t3_2zflih,t1_cpih4fg,t1_cpih5fr,0.6040609137055838,0.7678571428571429,-0.16379622915155911
p_3152,t3_2zejsa,t1_cpi6gay,t1_cpi6o6i,0.7887323943661971,0.6690140845070423,0.11971830985915488
p_3154,t3_2zdsjs,t1_cpidnuu,t1_cphz7yi,0.5916230366492147,0.7606837606837606,-0.16906072403454597
p_3155,t3_2zdsjs,t1_cpiftnl,t1_cpi0g46,0.48191027496382055,0.5446623093681917,-0.06275203440437116
p_3156,t3_2zdhff,t1_cphy235,t1_cphw99k,0.6220095693779905,0.7341772151898734,-0.11216764581188299
p_3158,t3_2zaqct,t1_cph7lsp,t1_cph6x3y,0.6551724137931034,0.5563380281690141,0.0988343856240893
p_3160,t3_2z2msj,t1_cpfd4uy,t1_cpf7g2a,0.6209677419354839,0.4968051118210863,0.1241626301143976
p_3161,t3_2z2e9y,t1_cpf2whk,t1_cpf8cro,0.6482412060301508,0.75,-0.10175879396984921
p_3162,t3_2z1yoq,t1_cpezn48,t1_cpezlhg,0.45657015590200445,0.390625,0.06594515590200445
p_3163,t3_2z1yoq,t1_cpf0qg3,t1_cpezlhg,0.475177304964539,0.390625,0.08455230496453903
p_3164,t3_2z0k1s,t1_cpeslkw,t1_cpeslxz,0.6036036036036037,0.7087378640776699,-0.10513426047406627
p_3167,t3_2ywkr1,t1_cpdxs52,t1_cpdmm80,0.5142857142857142,0.7236842105263158,-0.20939849624060158
p_3168,t3_2ytkfu,t1_cpcu8rh,t1_cpd1eku,0.7027027027027027,0.7638888888888888,-0.0611861861861861
p_3169,t3_2ytkfu,t1_cpctmwq,t1_cpcxopb,0.8311688311688312,0.5783132530120482,0.25285557815678306
p_3170,t3_2yszp3,t1_cpcsn2z,t1_cpcuf7e,0.5668316831683168,0.6076696165191741,-0.04083793335085728
p_3171,t3_2yrv0y,t1_cpcgnrg,t1_cpced64,0.48688524590163934,0.4644808743169399,0.022404371584699434
p_3172,t3_2yrv0y,t1_cpcjpjf,t1_cpced64,0.6264150943396226,0.4644808743169399,0.1619342200226827
p_3174,t3_2yrv0y,t1_cpclzng,t1_cpced64,0.6523809523809524,0.4644808743169399,0.1879000780640125
p_3173,t3_2yrv0y,t1_cpcjvrd,t1_cpcgmdh,0.5699300699300699,0.7910447761194029,-0.22111470618933304
p_3175,t3_2yrog1,t1_cpcgl5a,t1_cpch611,0.5649202733485194,0.7413793103448276,-0.17645903699630827
p_3177,t3_2yrgi3,t1_cpcaxrs,t1_cpcbda3,0.6821705426356589,0.5264423076923077,0.1557282349433512
p_3178,t3_2yp08w,t1_cpblyoq,t1_cpbm3vx,0.7536231884057971,0.7570093457943925,-0.003386157388595379
p_3179,t3_2yowak,t1_cpbktny,t1_cpbk5kw,0.5138888888888888,0.6037735849056604,-0.08988469601677151
p_3181,t3_2yo9nm,t1_cpbgpkf,t1_cpbjpt4,0.5046511627906977,0.4223385689354276,0.08231259385527007
p_3182,t3_2yo9k1,t1_cpbhs8l,t1_cpberxa,0.3714670255720054,0.5362318840579711,-0.16476485848596567
p_3184,t3_2ymgjr,t1_cpax7jo,t1_cpax3xp,0.6208791208791209,0.7142857142857143,-0.09340659340659341
p_3186,t3_2ylpc2,t1_cparq20,t1_cpbnfyg,0.5684647302904564,0.6883116883116883,-0.11984695802123191
p_3187,t3_2ylpc2,t1_cpb3atq,t1_cpb6ctl,0.6049382716049383,0.5150684931506849,0.08986977845425337
p_3188,t3_2ylpc2,t1_cpbibr5,t1_cpas8xx,0.7384615384615385,0.6666666666666666,0.07179487179487187
p_3190,t3_2yjfmh,t1_cpa36dq,t1_cpa3an8,0.6289592760180995,0.8035714285714286,-0.17461215255332907
p_3191,t3_2yiq39,t1_cpa9xce,t1_cpa631o,0.5747663551401869,0.6319444444444444,-0.057178089304257496
p_3192,t3_2yf7qq,t1_cp99lvc,t1_cp93f2r,0.39232209737827717,0.5898617511520737,-0.19753965377379656
p_3193,t3_2yd5o8,t1_cp8vpwz,t1_cp958ck,0.3652326602282704,0.538860103626943,-0.17362744339867264
p_3195,t3_2ybbix,t1_cp82nwy,t1_cp82f52,0.44930875576036866,0.6692307692307692,-0.21992201347040052
p_3197,t3_2y7emy,t1_cp7dtp8,t1_cp6zfsl,0.6190476190476191,0.6984126984126984,-0.0793650793650793
p_3198,t3_2y3ey0,t1_cp602x0,t1_cp5xnrf,0.6781609195402298,0.7065217391304348,-0.028360819590204978
p_3200,t3_2y2x3h,t1_cp7ahf4,t1_cp5u0ky,0.66,0.5270935960591133,0.1329064039408867
p_3202,t3_2y1qef,t1_cp5gz36,t1_cp5f7p9,0.6180124223602484,0.636963696369637,-0.018951274009388563
p_3203,t3_2y1qef,t1_cp5grqp,t1_cp5h19u,0.6804123711340206,0.6685082872928176,0.011904083841203006
p_3206,t3_2xucsd,t1_cp3kg1w,t1_cp40o0d,0.6646706586826348,0.6761904761904762,-0.011519817507841479
p_3209,t3_2xrgw2,t1_cp37nug,t1_cp2vkvv,0.6227106227106227,0.6761904761904762,-0.05347985347985351
p_3210,t3_2xrgw2,t1_cp37f33,t1_cp2xn1u,0.5942028985507246,0.6226415094339622,-0.028438610883237625
p_3213,t3_2xmiyf,t1_cp1j8w5,t1_cp1iumq,0.6,0.6643356643356644,-0.0643356643356644
p_3214,t3_2xmiyf,t1_cp1jnin,t1_cp1g0ku,0.5632183908045977,0.6011904761904762,-0.037972085385878485
p_3215,t3_2xlisq,t1_cp1abkg,t1_cp1754z,0.8266666666666667,0.5688888888888889,0.2577777777777778
p_3216,t3_2xl4rw,t1_cp15lwr,t1_cp11sf7,0.5136612021857924,0.5532786885245902,-0.0396174863387978
p_3218,t3_2xi4wd,t1_cp0ef5z,t1_cp0slmn,0.5952380952380952,0.7777777777777778,-0.18253968253968256
p_3219,t3_2xi4wd,t1_cp0fl3c,t1_cp0bc52,0.5051546391752577,0.6126126126126126,-0.10745797343735486
p_3220,t3_2xi4wd,t1_cp0t5wj,t1_cp0kyaf,0.7021276595744681,0.45271629778672035,0.24941136178774775
p_3222,t3_2xhx6v,t1_cp0bt5j,t1_cp08ljs,0.7211538461538461,0.6285714285714286,0.09258241758241759
p_3224,t3_2xdq2l,t1_coz8sbl,t1_coz76r3,0.6216216216216216,0.6666666666666666,-0.04504504504504503
p_3230,t3_2x8z4g,t1_coxy4hg,t1_coxyxff,0.7213114754098361,0.5899581589958159,0.13135331641402015
p_3231,t3_2x8z4g,t1_coy04h5,t1_coy2j1k,0.8166666666666667,0.6126760563380281,0.20399061032863852
p_3232,t3_2x8d5x,t1_coxvk7s,t1_coxt9pp,0.6206896551724138,0.6171875,0.0035021551724138122
p_3233,t3_2x854p,t1_coxwtm2,t1_coy1knj,0.4823815309842041,0.543424317617866,-0.061042786633661916
p_3234,t3_2x854p,t1_coxtndh,t1_coy1knj,0.5282167042889391,0.543424317617866,-0.01520761332892695
p_3235,t3_2x5tun,t1_coxelmy,t1_coxhqfc,0.5955056179775281,0.4556701030927835,0.1398355148847446
p_3241,t3_2x3mqe,t1_cown511,t1_cox3bqe,0.5179640718562875,0.7010309278350515,-0.18306685597876404
p_3244,t3_2wzag2,t1_covh1ws,t1_covh7lg,0.5654450261780105,0.5747126436781609,-0.009267617500150371
p_3245,t3_2wwm6s,t1_cousnad,t1_couzrzu,0.5892351274787535,0.44574290484140233,0.14349222263735117
p_3246,t3_2wwm6s,t1_cov25ri,t1_couwhek,0.5424528301886793,0.6333333333333333,-0.09088050314465401
p_3247,t3_2wwm6s,t1_covr47l,t1_covi6v6,0.44325481798715205,0.4405010438413361,0.002753774145815957
p_3248,t3_2ww2gf,t1_coumecu,t1_coupssh,0.6598984771573604,0.5229885057471264,0.13690997141023398
p_3249,t3_2ww2gf,t1_coumzr3,t1_coun5bz,0.6144578313253012,0.7291666666666666,-0.11470883534136544
p_3250,t3_2ww2gf,t1_coupfz0,t1_counjd7,0.6486486486486487,0.7064220183486238,-0.05777336969997515
p_3252,t3_2wtckq,t1_cotyhdv,t1_cotxl7k,0.7065217391304348,0.5984848484848485,0.1080368906455863
p_3253,t3_2wtckq,t1_coty9wt,t1_cotxl7k,0.6821192052980133,0.5984848484848485,0.08363435681316478
p_3251,t3_2wtckq,t1_coty7wj,t1_cotxl7k,0.7857142857142857,0.5984848484848485,0.1872294372294372
p_3256,t3_2wspy2,t1_cots6nh,t1_cotul63,0.5642458100558659,0.6727272727272727,-0.10848146267140679
p_3257,t3_2wspy2,t1_cotrm84,t1_cou6ocd,0.6647398843930635,0.7777777777777778,-0.11303789338471426
p_3258,t3_2wspy2,t1_cotslxs,t1_cotul63,0.6135593220338983,0.6727272727272727,-0.05916795069337444
p_3259,t3_2wspy2,t1_cou8if8,t1_cottxbc,0.6117021276595744,0.5786163522012578,0.03308577545831659
p_3262,t3_2wl741,t1_cos0ngi,t1_corvz2b,0.5269461077844312,0.8939393939393939,-0.36699328615496274
p_3263,t3_2wj2qe,t1_corgf7j,t1_corcu44,0.44857142857142857,0.5526315789473685,-0.10406015037593991
p_3265,t3_2wgq7w,t1_coqolb4,t1_coqta6c,0.5777777777777777,0.5546558704453441,0.023121907332433578
p_3266,t3_2wfe25,t1_coqawpy,t1_coqc7s9,0.5102040816326531,0.6517857142857143,-0.14158163265306123
p_3267,t3_2wf11t,t1_coq7vrq,t1_coq82am,0.76,0.7314814814814815,0.0285185185185185
p_3268,t3_2wf11t,t1_corlylz,t1_coq82am,0.7567567567567568,0.7314814814814815,0.02527527527527529
p_3270,t3_2wcx6l,t1_copog5z,t1_copo9fg,0.6788990825688074,0.6341463414634146,0.044752741105392735
p_3271,t3_2wcx6l,t1_copowc4,t1_copoa4v,0.5368731563421829,0.5800865800865801,-0.043213423744397184
p_3272,t3_2wcx6l,t1_copq0ro,t1_copo9fg,0.645933014354067,0.6341463414634146,0.011786672890652383
p_3273,t3_2wc5yt,t1_copid03,t1_copia1s,0.44,0.5568627450980392,-0.11686274509803923
p_3274,t3_2wb845,t1_copm7s7,t1_copoz9h,0.775,0.618421052631579,0.15657894736842104
p_3275,t3_2w73vi,t1_coo9czm,t1_coo5eto,0.6175298804780877,0.9137931034482759,-0.29626322297018826
p_3276,t3_2w5ycw,t1_conwntb,t1_coo1wjv,0.5904059040590406,0.7666666666666667,-0.17626076260762613
p_3279,t3_2w51ti,t1_conqpc0,t1_conu1n5,0.5615141955835962,0.5564853556485355,0.005028839935060647
p_3282,t3_2w4u2j,t1_conpvd6,t1_coo2owl,0.7155172413793104,0.7247706422018348,-0.00925340082252446
p_3283,t3_2w4etw,t1_conlvbr,t1_conk598,0.5898876404494382,0.5967741935483871,-0.006886553098948922
p_3284,t3_2w4e2u,t1_conpgz6,t1_conybza,0.4532085561497326,0.5488958990536278,-0.09568734290389519
p_3285,t3_2w0xan,t1_comot8c,t1_comm43e,0.7692307692307693,0.7153846153846154,0.05384615384615388
p_3287,t3_2vzx7m,t1_comdev9,t1_comd7eb,0.5024154589371981,0.5253456221198156,-0.022930163182617536
p_3288,t3_2vxtol,t1_colviyq,t1_com0vy0,0.5333333333333333,0.49340369393139843,0.03992963940193489
p_3289,t3_2vxd18,t1_com8usv,t1_colq917,0.5495495495495496,0.652542372881356,-0.10299282333180637
p_3290,t3_2vxd18,t1_colwsdb,t1_colrkuv,0.6129032258064516,0.5885416666666666,0.024361559139784994
p_3291,t3_2vwn9m,t1_colkgfu,t1_coljf0b,0.6146179401993356,0.5900900900900901,0.02452785010924552
p_3295,t3_2vtswv,t1_cokxnxq,t1_cokvvwj,0.7088607594936709,0.5576923076923077,0.15116845180136318
p_3299,t3_2vnyz6,t1_cojodl0,t1_cojlnsv,0.591715976331361,0.7266666666666667,-0.1349506903353057
p_3300,t3_2vmfvq,t1_coj80q1,t1_coj81nh,0.74,0.6470588235294118,0.0929411764705882
p_3301,t3_2vks7u,t1_coilce0,t1_coijwtu,0.5205479452054794,0.6793893129770993,-0.15884136777161983
p_3303,t3_2vks7u,t1_coitx3o,t1_coin5gm,0.561046511627907,0.5952380952380952,-0.03419158361018826
p_3304,t3_2vks7u,t1_cojb022,t1_coiskjc,0.5714285714285714,0.7777777777777778,-0.2063492063492064
p_3305,t3_2vhhar,t1_cohoh2a,t1_cohtbiq,0.6188118811881188,0.5,0.1188118811881188
p_3307,t3_2vhgab,t1_cohtk17,t1_cohodzj,0.5363128491620112,0.6224489795918368,-0.0861361304298256
p_3308,t3_2vgfjl,t1_cohjcql,t1_cohe4zu,0.75,0.5565217391304348,0.1934782608695652
p_3309,t3_2vfdjb,t1_coh87xk,t1_coihv1q,0.4972972972972973,0.6149068322981367,-0.11760953500083937
p_3310,t3_2vcz0j,t1_cogkf1c,t1_cogkxsx,0.5947136563876652,0.5445544554455446,0.05015920094212056
p_3311,t3_2vc9nj,t1_cogd61z,t1_cogex21,0.6906474820143885,0.6839622641509434,0.006685217863445114
p_3312,t3_2vb7n1,t1_cog7zan,t1_cojqi77,0.6632653061224489,0.4816112084063047,0.1816540977161442
p_3313,t3_2vayhb,t1_cog0004,t1_cog18c4,0.5802469135802469,0.648068669527897,-0.06782175594765005
p_3317,t3_2v54ba,t1_coeixh4,t1_coemcyd,0.6512820512820513,0.4466501240694789,0.2046319272125724
p_3320,t3_2v54ba,t1_coeiwgf,t1_coeno30,0.7142857142857143,0.8125,-0.0982142857142857
p_3321,t3_2v4vs4,t1_coeisbz,t1_coenx4c,0.7272727272727273,0.4732824427480916,0.2539902845246357
p_3322,t3_2v3dbt,t1_coeuya9,t1_coe54na,0.5166240409207161,0.48355263157894735,0.033071409341768776
p_3323,t3_2v3b2v,t1_coe2hj4,t1_coe3kad,0.75,0.7952755905511811,-0.04527559055118113
p_3324,t3_2v3b2v,t1_coe3dx6,t1_coe41ib,0.5039525691699605,0.7721518987341772,-0.26819932956421677
p_3326,t3_2uzgtq,t1_coda73s,t1_codi9w9,0.6815642458100558,0.7317073170731707,-0.0501430712631149
p_3327,t3_2uyf2j,t1_cocy4sv,t1_cocts31,0.5811965811965812,0.6797385620915033,-0.09854198089492205
p_3328,t3_2uyc2l,t1_codgr1k,t1_cod6jiu,0.47124824684431976,0.4896073903002309,-0.018359143455911164
p_3330,t3_2uudze,t1_cobt14z,t1_cobzyv2,0.41115434500648507,0.5555555555555556,-0.1444012105490705
p_3331,t3_2utwnf,t1_cobnk6q,t1_cobujy3,0.6330275229357798,0.8031496062992126,-0.17012208336343282
p_3335,t3_2uocbs,t1_coa6e3k,t1_coa6g1k,0.5789473684210527,0.5527638190954773,0.026183549325575317
p_3339,t3_2unn7n,t1_coa4d4b,t1_co9zgj7,0.7133757961783439,0.6301369863013698,0.08323880987697407
p_3341,t3_2unkg9,t1_co9z0gg,t1_coa3lkt,0.797979797979798,0.68,0.11797979797979796
p_3342,t3_2unkg9,t1_coadcvv,t1_coaqczi,0.6767676767676768,0.6049382716049383,0.0718294051627385
p_3343,t3_2unhtm,t1_coaivyc,t1_coajh6t,0.42777777777777776,0.4672566371681416,-0.03947885939036383
p_3344,t3_2umw9b,t1_co9t3iu,t1_co9sw89,0.6646341463414634,0.5090252707581228,0.1556088755833407
p_3345,t3_2umw9b,t1_coa4zj9,t1_co9sudq,0.8076923076923077,0.6196319018404908,0.18806040585181694
p_3346,t3_2ul1df,t1_co9kcnl,t1_co9c0rj,0.7053571428571429,0.67,0.035357142857142865
p_3347,t3_2uk6fx,t1_co94y3l,t1_co9o182,0.5793357933579336,0.6134020618556701,-0.03406626849773653
p_3348,t3_2uk6fx,t1_co9423q,t1_co98hm4,0.6357615894039735,0.6436170212765957,-0.007855431872622165
p_3349,t3_2ujo2u,t1_co9an3h,t1_co98y0r,0.6951219512195121,0.5969387755102041,0.09818317570930801
p_3352,t3_2uj4yv,t1_co9ncgk,t1_co8y43y,0.5129251700680272,0.4856687898089172,0.02725638025910998
p_3353,t3_2uiin1,t1_co8sei3,t1_co8ond6,0.7171717171717171,0.7619047619047619,-0.044733044733044736
p_3354,t3_2uid44,t1_co8o0es,t1_co8s8kd,0.6230366492146597,0.7604166666666666,-0.1373800174520069
p_3358,t3_2ug2wi,t1_co82vuw,t1_co834w1,0.847457627118644,0.6447368421052632,0.20272078501338087
p_3360,t3_2ucr50,t1_co7790p,t1_co77bgv,0.6384976525821596,0.7333333333333333,-0.09483568075117366
p_3362,t3_2ubt5m,t1_co75rce,t1_co70e85,0.7362637362637363,0.6944444444444444,0.04181929181929189
p_3363,t3_2ubl1z,t1_co6xfgb,t1_co70me4,0.5921052631578947,0.5666666666666667,0.025438596491228038
p_3364,t3_2ubbe0,t1_co73l5g,t1_co6tosu,0.6352201257861635,0.6875,-0.05227987421383651
p_3367,t3_2u8qcj,t1_co67jc2,t1_co670vd,0.676829268292683,0.5860655737704918,0.09076369452219113
p_3368,t3_2u8hi5,t1_co65nrh,t1_co69ood,0.6493506493506493,0.4375896700143472,0.21176097933630217
p_3369,t3_2u7z7v,t1_co5yytr,t1_co63mr3,0.6391304347826087,0.5857142857142857,0.05341614906832293
p_3371,t3_2u7i4q,t1_co62evd,t1_co5xcqu,0.6458333333333334,0.5420875420875421,0.10374579124579131
p_3374,t3_2u460b,t1_co4yacj,t1_co5wbvc,0.6257309941520468,0.7054263565891473,-0.07969536243710051
p_3376,t3_2u2fpm,t1_co4ivor,t1_co4n7du,0.6010928961748634,0.6826347305389222,-0.08154183436405882
p_3377,t3_2u2fpm,t1_co4qgkz,t1_co4iks0,0.746031746031746,0.7777777777777778,-0.031746031746031744
p_3378,t3_2u1s4k,t1_co4efyx,t1_co5t3kb,0.6966292134831461,0.6956521739130435,0.0009770395701026446
p_3379,t3_2tz5od,t1_co3mhs2,t1_co3mqwu,0.8,0.6842105263157895,0.11578947368421055
p_3381,t3_2txwe7,t1_co3hzuu,t1_co3b93t,0.7397260273972602,0.5397727272727273,0.19995330012453294
p_3384,t3_2tquws,t1_co1i3vy,t1_co1iyez,0.540650406504065,0.6774193548387096,-0.1367689483346446
p_3385,t3_2tpl0x,t1_co1i4k5,t1_co16br0,0.42792792792792794,0.5572755417956656,-0.1293476138677377
p_3387,t3_2tn8qu,t1_co0jf5s,t1_co11da9,0.48817802503477054,0.5,-0.011821974965229465
p_3389,t3_2tlyzs,t1_co0mpip,t1_co0gu67,0.5921052631578947,0.5610561056105611,0.031049157547333617
p_3388,t3_2tlyzs,t1_co15kpv,t1_co0httm,0.49295774647887325,0.6594202898550725,-0.16646254337619926
p_3390,t3_2tj4pv,t1_cnzy3ou,t1_cnzjggb,0.6333333333333333,0.8,-0.16666666666666674
p_3391,t3_2tiipu,t1_cnzc4fs,t1_cnzca9l,0.5694444444444444,0.5607843137254902,0.008660130718954218
p_3392,t3_2tf0y4,t1_cnz5c7v,t1_cnz2826,0.6692307692307692,0.6636363636363637,0.005594405594405494
p_3393,t3_2teulf,t1_cnyf7vq,t1_cnyyfu0,0.521865889212828,0.7692307692307693,-0.24736488001794132
p_3394,t3_2tet25,t1_cnye2j4,t1_cnydh7a,0.5074626865671642,0.5862068965517241,-0.07874420998455989
p_3395,t3_2tet25,t1_cnyfwsr,t1_cnygkjb,0.5356200527704486,0.4423407917383821,0.09327926103206646
p_3397,t3_2tekkp,t1_cnyd3k9,t1_cnzrdgm,0.5647668393782384,0.7777777777777778,-0.21301093839953944
p_3398,t3_2td8d4,t1_cny8efd,t1_cny3yi2,0.6268656716417911,0.5923566878980892,0.034508983743701926
p_3399,t3_2tct9j,t1_cny4adc,t1_cnxvd59,0.55,0.525679758308157,0.024320241691842992
p_3400,t3_2tct9j,t1_cny4b3k,t1_cnxvd59,0.5375722543352601,0.525679758308157,0.011892496027103072
p_3402,t3_2t6ote,t1_cnw8hwh,t1_cnwnwz0,0.603225806451613,0.5783132530120482,0.024912553439564777
p_3403,t3_2t6ote,t1_cnwehlh,t1_cnw9vyp,0.5559322033898305,0.5215827338129496,0.0343494695768809
p_3404,t3_2t5d0k,t1_cnw2fgz,t1_cnw6d8q,0.5123762376237624,0.6715328467153284,-0.15915660909156604
p_3405,t3_2t5d0k,t1_cnw7mj4,t1_cnw9ce5,0.6690140845070423,0.788235294117647,-0.11922120961060478
p_3406,t3_2t26nx,t1_cnv8j11,t1_cnvag08,0.6630434782608695,0.6548672566371682,0.008176221623701352
p_3407,t3_2sy7r5,t1_cnu0c1p,t1_cnubeuy,0.5284552845528455,0.6634146341463415,-0.13495934959349598
p_3409,t3_2su8e2,t1_cnsz4kn,t1_cnsx5ru,0.5707964601769911,0.5,0.07079646017699115
p_3411,t3_2su8e2,t1_cnt1y8t,t1_cntdr6s,0.5945945945945946,0.6645962732919255,-0.07000167869733087
p_3412,t3_2su8e2,t1_cnt845z,t1_cnt8tg7,0.5413385826771654,0.4861111111111111,0.05522747156605429
p_3413,t3_2su8e2,t1_cnsxgsn,t1_cntprhw,0.5844748858447488,0.621301775147929,-0.03682688930318012
p_3414,t3_2su8e2,t1_cnsxse0,t1_cnsz1rt,0.5662251655629139,0.6068376068376068,-0.04061244127469288
p_3415,t3_2su8e2,t1_cnunryh,t1_cnsyy4i,0.49554896142433236,0.5692307692307692,-0.07368180780643685
p_3416,t3_2su8e2,t1_cnt3umh,t1_cnsyin0,0.5833333333333334,0.6288659793814433,-0.045532646048109915
p_3417,t3_2su8e2,t1_cnte5ku,t1_cnt3fdn,0.6269430051813472,0.6645569620253164,-0.03761395684396929
p_3419,t3_2su8e2,t1_cntbdmc,t1_cnsyin0,0.7058823529411765,0.6288659793814433,0.07701637355973323
p_3421,t3_2su8e2,t1_cnt9axw,t1_cnt2iz3,0.4335511982570806,0.7375,-0.30394880174291944
p_3422,t3_2su8e2,t1_cnt85u7,t1_cntf8xd,0.5707547169811321,0.5654761904761905,0.00527852650494165
p_3423,t3_2su8e2,t1_cntdvgn,t1_cnsyin0,0.603448275862069,0.6288659793814433,-0.025417703519374335
p_3424,t3_2su8e2,t1_cnt1ycn,t1_cnt2h0f,0.5257731958762887,0.5379061371841155,-0.012132941307826828
p_3425,t3_2su8e2,t1_cnt4b86,t1_cnsyin0,0.6565656565656566,0.6288659793814433,0.02769967718421329
p_3426,t3_2su6pz,t1_cnsuxnr,t1_cntesru,0.7349397590361446,0.7837837837837838,-0.04884402474763916
p_3427,t3_2su6pz,t1_cnsv16y,t1_cnt8h1t,0.5214007782101168,0.6079295154185022,-0.08652873720838539
p_3428,t3_2stah2,t1_cnsnfp3,t1_cnso055,0.5864197530864198,0.6503067484662577,-0.06388699537983789
p_3429,t3_2sqh6c,t1_cnsh391,t1_cns23nc,0.5733788395904437,0.5148148148148148,0.05856402477562883
p_3432,t3_2sjck6,t1_cnq11eh,t1_cnq7kou,0.533724340175953,0.5179282868525896,0.015796053323363424
p_3433,t3_2siye9,t1_cnpvesh,t1_cnpw7ts,0.6387096774193548,0.7796610169491526,-0.14095133952979777
p_3435,t3_2sf2we,t1_cnp48f2,t1_cnp29jv,0.5950704225352113,0.7872340425531915,-0.19216362001798026
p_3437,t3_2sbnxo,t1_cno05ek,t1_cnnz3ot,0.5203252032520326,0.6355140186915887,-0.11518881543955617
p_3438,t3_2sagug,t1_cnnmwvw,t1_cno8oxd,0.7,0.6382978723404256,0.06170212765957439
p_3439,t3_2s8qu4,t1_cnn8scl,t1_cnn8yko,0.5211640211640212,0.631578947368421,-0.11041492620439985
p_3441,t3_2s3ey4,t1_cnlta5w,t1_cnn50va,0.6097560975609756,0.8769230769230769,-0.2671669793621013
p_3442,t3_2s38n0,t1_cnltsuz,t1_cnm8elm,0.6391752577319587,0.6788990825688074,-0.039723824836848665
p_3443,t3_2s311o,t1_cnlr4r5,t1_cnlpavt,0.5879396984924623,0.7241379310344828,-0.13619823254202046
p_3445,t3_2s0mca,t1_cnlmsyb,t1_cnl4rwb,0.6220472440944882,0.5348837209302325,0.08716352316425569
p_3446,t3_2s04yv,t1_cnl68x9,t1_cnldfng,0.513677811550152,0.6180555555555556,-0.10437774400540356
p_3447,t3_2ryflh,t1_cnknvgl,t1_cnknbq4,0.7403846153846154,0.6363636363636364,0.10402097902097907
p_3449,t3_2rtxcw,t1_cnjo1jr,t1_cnj9t8c,0.7966101694915254,0.67,0.12661016949152537
p_3450,t3_2rtxcw,t1_cnjlno1,t1_cnj9t8c,0.6971830985915493,0.67,0.027183098591549215
p_3451,t3_2rspje,t1_cnizgmn,t1_cnj8tea,0.7454545454545455,0.621301775147929,0.12415277030661653
p_3452,t3_2rsgv3,t1_cniw4jr,t1_cniu655,0.6823529411764706,0.6333333333333333,0.0490196078431373
p_3454,t3_2rs57a,t1_cnjiwww,t1_cnjrwds,0.5172413793103449,0.6515837104072398,-0.13434233109689497
p_3455,t3_2rqvf8,t1_cnii75i,t1_cnijhp3,0.8305084745762712,0.75,0.0805084745762712
p_3457,t3_3j8yfq,t1_cundk5r,t1_cunbl8g,0.592391304347826,0.6153846153846154,-0.022993311036789366
p_3458,t3_3j8yfq,t1_cunbkbz,t1_cuncrke,0.732824427480916,0.48179271708683474,0.2510317103940813
p_3461,t3_3j5b7g,t1_cumhf65,t1_cumi9vr,0.6416382252559727,0.5426008968609866,0.09903732839498613
p_3462,t3_3j4xz5,t1_cumcunp,t1_cun4urq,0.7063492063492064,0.5959595959595959,0.11038961038961048
p_3463,t3_3j4xz5,t1_cumbp9z,t1_cun012v,0.8275862068965517,0.680672268907563,0.14691393798898866
p_3465,t3_3j348p,t1_culv71v,t1_cum06j5,0.7450980392156863,0.6051282051282051,0.1399698340874812
p_3466,t3_3j2zal,t1_cult31h,t1_culspcu,0.6739130434782609,0.7295597484276729,-0.05564670494941204
p_3469,t3_3izsdq,t1_culv1a1,t1_cul3ok3,0.6788990825688074,0.6885245901639344,-0.009625507595127036
p_3472,t3_3iz617,t1_cul2p8q,t1_culbyou,0.6150442477876106,0.5152354570637119,0.0998087907238987
p_3473,t3_3iynfo,t1_culekhe,t1_cul3cub,0.3714859437751004,0.6101190476190477,-0.23863310384394726
p_3474,t3_3iymmk,t1_cukv841,t1_cukv8bl,0.7064220183486238,0.4194577352472089,0.2869642831014149
p_3475,t3_3iymd6,t1_cukus68,t1_cuktt0z,0.5191082802547771,0.8125,-0.29339171974522293
p_3476,t3_3iymd6,t1_cukvhtm,t1_cuktt0z,0.5967741935483871,0.8125,-0.21572580645161288
p_3479,t3_3ixtu4,t1_cukm93p,t1_cuklqh9,0.608058608058608,0.6737967914438503,-0.06573818338524229
p_3480,t3_3ixtu4,t1_cukmf21,t1_cukm0pr,0.6576271186440678,0.8428571428571429,-0.1852300242130751
p_3483,t3_3isviu,t1_cujohec,t1_cujcyeh,0.6330275229357798,0.7258064516129032,-0.09277892867712345
p_3484,t3_3isviu,t1_cujddsn,t1_cujfb9o,0.5761589403973509,0.5906040268456376,-0.014445086448286681
p_3485,t3_3irqrk,t1_cuk3web,t1_cuje0x7,0.6627906976744186,0.6504854368932039,0.012305260781214633
p_3486,t3_3irqrk,t1_cujfvvz,t1_cujmo9h,0.6792452830188679,0.6746411483253588,0.0046041346935090655
p_3487,t3_3irh3k,t1_cuj0bdo,t1_cuizlek,0.5298013245033113,0.6902654867256637,-0.16046416222235238
p_3488,t3_3iqu4d,t1_cuj1ozx,t1_cuiwucd,0.4458077709611452,0.6782608695652174,-0.23245309860407215
p_3489,t3_3iqty5,t1_cuj86a7,t1_cuj36j4,0.5617021276595745,0.7821782178217822,-0.2204760901622077
p_3490,t3_3iq6j0,t1_cuiy6h8,t1_cuj2qp1,0.6476683937823834,0.441340782122905,0.20632761165947838
p_3491,t3_3inybw,t1_cui3v06,t1_cuicq4r,0.6170212765957447,0.7337662337662337,-0.11674495717048905
p_3492,t3_3injsb,t1_cui5ld0,t1_cui565b,0.620253164556962,0.6470588235294118,-0.026805658972449797
p_3495,t3_3ijsss,t1_cuh6kys,t1_cuhg7b8,0.6071428571428571,0.7481481481481481,-0.14100529100529102
p_3496,t3_3ijsss,t1_cuh4arm,t1_cuhg7b8,0.5389830508474577,0.7481481481481481,-0.20916509730069044
p_3500,t3_3iammm,t1_cues26b,t1_cueuwm5,0.6518987341772152,0.5698924731182796,0.0820062610589356
p_3501,t3_3iammm,t1_cuete5w,t1_cuerzgs,0.5718954248366013,0.6590909090909091,-0.08719548425430779
p_3502,t3_3iammm,t1_cuew3c0,t1_cueu3av,0.84,0.6018518518518519,0.2381481481481481
p_3503,t3_3i9n2q,t1_cueircr,t1_cuenxor,0.6020942408376964,0.5477178423236515,0.054376398514044855
p_3504,t3_3i9n2q,t1_cufiuhn,t1_cueyyfo,0.43846153846153846,0.5382585751978892,-0.09979703673635076
p_3505,t3_3i8nmh,t1_cue9cr1,t1_cuea24l,0.6507936507936508,0.44982698961937717,0.20096666117427364
p_3507,t3_3i8834,t1_cue4ikv,t1_cue5fsj,0.7555555555555555,0.5786802030456852,0.1768753525098703
p_3508,t3_3i8834,t1_cue7on2,t1_cue83jy,0.5308641975308642,0.5310344827586206,-0.00017028522775641708
p_3513,t3_3i7k0u,t1_cue07hc,t1_cudypb4,0.5378378378378378,0.5874125874125874,-0.04957474957474961
p_3511,t3_3i7k0u,t1_cue31x0,t1_cue1sot,0.5519287833827893,0.5038167938931297,0.04811198948965956
p_3512,t3_3i7k0u,t1_cue0k0p,t1_cue5g6f,0.6057692307692307,0.5846645367412141,0.021104694028016624
p_3514,t3_3i7k0u,t1_cuee0d9,t1_cudzumt,0.6296296296296297,0.75,-0.12037037037037035
p_3516,t3_3i74qy,t1_cudw08r,t1_cudux0k,0.6692307692307692,0.8571428571428571,-0.1879120879120879
p_3517,t3_3i5x6k,t1_cudnqtj,t1_cue4n29,0.6163934426229508,0.6111111111111112,0.005282331511839655
p_3519,t3_3i5a78,t1_cudjp1z,t1_cudst66,0.5067961165048543,0.7362637362637363,-0.22946761975888197
p_3521,t3_3i3wn7,t1_cud76ln,t1_cud3r2z,0.6764705882352942,0.6031746031746031,0.07329598506069102
p_3523,t3_3i3vx9,t1_cud2a4g,t1_cud2qth,0.8076923076923077,0.5365853658536586,0.27110694183864914
p_3522,t3_3i3vx9,t1_cud5nsy,t1_cud2qth,0.45088566827697263,0.5365853658536586,-0.08569969757668594
p_3524,t3_3i2plj,t1_cucv4aa,t1_cucxjt7,0.6666666666666666,0.6614173228346457,0.005249343832020914
p_3525,t3_3i2plj,t1_cucthi0,t1_cuctx89,0.5882352941176471,0.6751592356687898,-0.08692394155114269
p_3526,t3_3i283w,t1_cud0fa0,t1_cucolyj,0.48936170212765956,0.6477272727272727,-0.15836557059961315
p_3527,t3_3i0b0w,t1_cuchpgk,t1_cuc59ef,0.6242424242424243,0.5316455696202531,0.09259685462217115
p_3530,t3_3hsvl2,t1_cuad8r8,t1_cuaqsqb,0.3961407491486947,0.7384615384615385,-0.3423207893128438
p_3531,t3_3hrivr,t1_cua0vt2,t1_cu9xxve,0.5043478260869565,0.76,-0.2556521739130435
p_3534,t3_3hpq7g,t1_cu9josn,t1_cu9k41i,0.49859943977591037,0.62,-0.12140056022408963
p_3535,t3_3hpq7g,t1_cu9kipp,t1_cu9x1z9,0.6514285714285715,0.6233766233766234,0.028051948051948106
p_3536,t3_3hosv2,t1_cu9at72,t1_cu9cml6,0.6167883211678832,0.6164383561643836,0.00034996500349959714
p_3537,t3_3hoq7p,t1_cu9k2tb,t1_cu9atrb,0.45951417004048584,0.6584158415841584,-0.1989016715436726
p_3538,t3_3hmpv3,t1_cu8qdp9,t1_cu8pb7k,0.6051502145922747,0.6756756756756757,-0.07052546108340096
p_3539,t3_3hkh5j,t1_cu8ovlu,t1_cu8ovof,0.6214689265536724,0.6311111111111111,-0.009642184557438704
p_3541,t3_3hh46c,t1_cu7c27f,t1_cu7c1z2,0.546448087431694,0.449438202247191,0.09700988518450304
p_3543,t3_3hgl6d,t1_cu7ehx8,t1_cu79azc,0.6963350785340314,0.6008230452674898,0.09551203326654167
p_3542,t3_3hgl6d,t1_cu7d0px,t1_cu7azy6,0.6180555555555556,0.5396039603960396,0.07845159515951594
p_3544,t3_3hg6gk,t1_cu72vgj,t1_cu7213o,0.6541353383458647,0.7608695652173914,-0.10673422687152667
p_3546,t3_3hfjxc,t1_cu6z830,t1_cu71g18,0.7865168539325843,0.6149068322981367,0.1716100216344476
p_3547,t3_3hfioz,t1_cuc0fou,t1_cu7ifcw,0.6044444444444445,0.4936247723132969,0.11081967213114757
p_3548,t3_3hel60,t1_cu6qm9g,t1_cu6prd9,0.7804878048780488,0.6732673267326733,0.1072204781453755
p_3552,t3_3hdp4a,t1_cu6jlng,t1_cu6jn61,0.5846994535519126,0.7012987012987013,-0.11659924774678876
p_3555,t3_3hcpmz,t1_cu6c4si,t1_cu6f8lz,0.38400702987697716,0.45121951219512196,-0.0672124823181448
p_3556,t3_3hcfg2,t1_cu65tgy,t1_cu65kqn,0.6230769230769231,0.6724137931034483,-0.049336870026525204
p_3557,t3_3hcfg2,t1_cu65sqs,t1_cu65hi9,0.5815602836879432,0.6158536585365854,-0.034293374848642144
p_3558,t3_3hcfg2,t1_cu68tq4,t1_cu65vdo,0.75,0.7241379310344828,0.025862068965517238
p_3560,t3_3h8y7m,t1_cu5ao33,t1_cu5bjz7,0.788235294117647,0.5181347150259067,0.27010057909174034
p_3563,t3_3h69kp,t1_cu5o71n,t1_cu4mp4v,0.6774193548387096,0.819672131147541,-0.14225277630883137
p_3566,t3_3h1dud,t1_cu3e462,t1_cu3dhym,0.5423728813559322,0.7448979591836735,-0.20252507782774132
p_3568,t3_3h13pq,t1_cu3c98a,t1_cu3bnnc,0.5910931174089069,0.5570032573289903,0.034089860079916656
p_3569,t3_3h0s9a,t1_cu3bh3m,t1_cu383tr,0.5234899328859061,0.5915492957746479,-0.06805936288874181
p_3570,t3_3gz2bd,t1_cu2qwnu,t1_cu2zo0y,0.76,0.6737588652482269,0.08624113475177309
p_3571,t3_3gys03,t1_cu2q2lr,t1_cu2pmm6,0.5505836575875487,0.573208722741433,-0.022625065153884294
p_3572,t3_3gw6np,t1_cu252mj,t1_cu20nky,0.6548672566371682,0.7640449438202247,-0.10917768718305654
p_3576,t3_3gri3k,t1_cu0uiw1,t1_cu0sztg,0.4772727272727273,0.7478991596638656,-0.27062643239113826
p_3577,t3_3gri3k,t1_cu0urd0,t1_cu0vpsk,0.5452631578947369,0.6041666666666666,-0.058903508771929736
p_3583,t3_3gp6g1,t1_cu0aq54,t1_cu08mnw,0.5699745547073791,0.6088888888888889,-0.0389143341815098
p_3582,t3_3gp6g1,t1_cu09x63,t1_cu08mnw,0.5249266862170088,0.6088888888888889,-0.08396220267188015
p_3585,t3_3gnc86,t1_ctzot2x,t1_ctzq8hf,0.7532467532467533,0.6235955056179775,0.12965124762877578
p_3586,t3_3gincm,t1_ctyigsj,t1_ctyhn4v,0.555,0.7368421052631579,-0.1818421052631578
p_3587,t3_3gincm,t1_ctyhn4x,t1_ctyinar,0.7419354838709677,0.7341772151898734,0.007758268681094305
p_3589,t3_3ghl3t,t1_cty7tlm,t1_cty6dyx,0.6931818181818182,0.627906976744186,0.06527484143763218
p_3590,t3_3ghl3t,t1_cty9isx,t1_cty8sv7,0.6683937823834197,0.7254901960784313,-0.057096413695011616
p_3592,t3_3ggp32,t1_cty0r06,t1_cty0aec,0.505307855626327,0.5941422594142259,-0.08883440378789897
p_3593,t3_3ggp32,t1_cty35gw,t1_cty0aec,0.39485981308411217,0.5941422594142259,-0.19928244633011377
p_3595,t3_3gec73,t1_ctxli3x,t1_ctxhga8,0.6036036036036037,0.608,-0.004396396396396329
p_3596,t3_3ge5mc,t1_ctxb1ki,t1_ctxeqe8,0.5700483091787439,0.7710843373493976,-0.2010360281706537
p_3598,t3_3gdtg4,t1_ctylxuf,t1_ctxaqee,0.4908350305498982,0.6065573770491803,-0.11572234649928215
p_3599,t3_3gdndp,t1_ctx5qis,t1_ctx98zl,0.6473988439306358,0.7980769230769231,-0.15067807914628728
p_3600,t3_3gdish,t1_ctx6te9,t1_ctx7vni,0.5294117647058824,0.6666666666666666,-0.13725490196078427
p_3601,t3_3gdibt,t1_ctx56mf,t1_ctx4od4,0.6377952755905512,0.46319018404907975,0.1746050915414714
p_3602,t3_3gcrbs,t1_ctx0d41,t1_ctx24yu,0.6601941747572816,0.8448275862068966,-0.18463341144961498
p_3604,t3_3gbhud,t1_ctwlw6q,t1_ctwmyam,0.503968253968254,0.5277777777777778,-0.023809523809523836
p_3605,t3_3gbhud,t1_ctwlm4k,t1_ctwv3j1,0.8115942028985508,0.7373737373737373,0.07422046552481343
p_3606,t3_3gbhud,t1_ctwml50,t1_ctwlr8k,0.5402298850574713,0.8103448275862069,-0.2701149425287356
p_3607,t3_3gbhud,t1_ctwlqf1,t1_ctwlr8k,0.6979166666666666,0.8103448275862069,-0.11242816091954022
p_3608,t3_3gb6h1,t1_ctwso7w,t1_ctwnm4g,0.5366795366795367,0.5433070866141733,-0.006627549934636545
p_3609,t3_3gb461,t1_ctwjnpu,t1_ctwkc6d,0.7642276422764228,0.7215189873417721,0.0427086549346507
p_3610,t3_3ga6xh,t1_ctwcf34,t1_ctw9u8c,0.7272727272727273,0.7857142857142857,-0.058441558441558406
p_3612,t3_3ga0yc,t1_ctwa3zr,t1_ctw8bfs,0.6862745098039216,0.5782122905027933,0.10806221930112825
p_3613,t3_3ga0yc,t1_ctwc8h0,t1_ctw824i,0.5268817204301075,0.5803571428571429,-0.0534754224270354
p_3614,t3_3ga0yc,t1_ctwe0ok,t1_ctw8bfs,0.5714285714285714,0.5782122905027933,-0.006783719074221928
p_3615,t3_3g9no7,t1_ctw54al,t1_ctw52em,0.5975609756097561,0.8450704225352113,-0.24750944692545518
p_3616,t3_3g93j6,t1_ctw0e9h,t1_ctw6elj,0.5703324808184144,0.5343137254901961,0.0360187553282183
p_3617,t3_3g8r7o,t1_ctvx3y3,t1_ctwc690,0.5889830508474576,0.6496815286624203,-0.06069847781496274
p_3622,t3_3g646u,t1_ctvb9vl,t1_ctvc59g,0.7157894736842105,0.5723684210526315,0.143421052631579
p_3623,t3_3g53av,t1_ctuxpb3,t1_ctvf9tq,0.6074766355140186,0.4496732026143791,0.15780343289963955
p_3624,t3_3g51jj,t1_ctv0l5x,t1_ctvcg39,0.4948805460750853,0.6363636363636364,-0.14148309028855105
p_3625,t3_3g51jj,t1_ctv269f,t1_ctvcg39,0.5845070422535211,0.6363636363636364,-0.05185659411011523
p_3626,t3_3g51jj,t1_ctv3mds,t1_ctv9uzx,0.5662100456621004,0.5392670157068062,0.026943029955294184
p_3630,t3_3g1pcd,t1_ctu19ea,t1_ctu17ql,0.5860215053763441,0.6209150326797386,-0.034893527303394456
p_3635,t3_3g1fhs,t1_cttyuge,t1_cttxvho,0.8653846153846154,0.6463414634146342,0.21904315196998125
p_3633,t3_3g1fhs,t1_ctu95h3,t1_cttxvho,0.453030303030303,0.6463414634146342,-0.19331116038433116
p_3636,t3_3g1fhs,t1_cttzgzr,t1_cttxvho,0.5769230769230769,0.6463414634146342,-0.0694183864915573
p_3632,t3_3g1fhs,t1_cttxzvr,t1_cttxvho,0.6585365853658537,0.6463414634146342,0.012195121951219523
p_3631,t3_3g1fhs,t1_ctty06w,t1_cttxzi1,0.6666666666666666,0.8571428571428571,-0.19047619047619047
p_3637,t3_3g1bgv,t1_cttw7r4,t1_ctu593g,0.624,0.5609756097560976,0.06302439024390238
p_3640,t3_3g02ia,t1_cttuj7v,t1_cttrhlu,0.8051948051948052,0.7777777777777778,0.02741702741702745
p_3642,t3_3fz5pa,t1_cttcblp,t1_cttc9b6,0.46511627906976744,0.5284280936454849,-0.0633118145757175
p_3644,t3_3fvhvp,t1_ctsbzuq,t1_ctsdw9m,0.5741176470588235,0.5204081632653061,0.053709483793517365
p_3645,t3_3fvhjh,t1_ctscnii,t1_ctsbg6s,0.6923076923076923,0.7936507936507936,-0.10134310134310132
p_3646,t3_3fvhjh,t1_ctse486,t1_ctsbtva,0.5295857988165681,0.5658914728682171,-0.03630567405164897
p_3647,t3_3fvhjh,t1_ctsbifp,t1_ctsvne2,0.5327510917030568,0.6299559471365639,-0.0972048554335071
p_3648,t3_3fvhjh,t1_ctsc6ss,t1_ctsbtva,0.4416961130742049,0.5658914728682171,-0.12419535979401214
p_3649,t3_3fveyg,t1_ctsa8js,t1_cts9pfj,0.47580645161290325,0.5228215767634855,-0.04701512515058226
p_3650,t3_3fu1s8,t1_cts3fhv,t1_cts5hav,0.6118881118881119,0.47058823529411764,0.14129987659399423
p_3651,t3_3fsgbp,t1_ctrisu9,t1_ctshlnm,0.585635359116022,0.5813148788927336,0.004320480223288459
p_3652,t3_3fs1zm,t1_ctrhh5j,t1_ctrefi0,0.5348837209302325,0.624113475177305,-0.08922975424707247
p_3653,t3_3frc1d,t1_ctr9vhi,t1_ctr7h2r,0.6338028169014085,0.7021276595744681,-0.0683248426730596
p_3655,t3_3fql48,t1_ctr20mq,t1_ctr0pwr,0.5350553505535055,0.6417112299465241,-0.10665587939301857
p_3656,t3_3fqb1z,t1_ctqze4g,t1_ctr0cf6,0.7454545454545455,0.6940298507462687,0.05142469470827682
p_3658,t3_3fqb1z,t1_ctr0vi4,t1_ctr0cf6,0.5217391304347826,0.6940298507462687,-0.17229072031148607
p_3657,t3_3fqb1z,t1_ctr0caa,t1_ctr0cf6,0.873015873015873,0.6940298507462687,0.17898602226960436
p_3659,t3_3fpfyb,t1_ctqrhgh,t1_ctqsan9,0.7404580152671756,0.6377952755905512,0.10266273967662443
p_3660,t3_3fp3n9,t1_ctqolc7,t1_ctqnhek,0.7692307692307693,0.6685714285714286,0.10065934065934068
p_3661,t3_3fp2bi,t1_ctqnbaz,t1_ctqt3i2,0.6598639455782312,0.6530612244897959,0.006802721088435382
p_3663,t3_3fnwpa,t1_ctqdqno,t1_ctqbvw6,0.7222222222222222,0.75,-0.02777777777777779
p_3664,t3_3fnv5p,t1_ctqbrad,t1_ctqwxiu,0.6352201257861635,0.6847826086956522,-0.049562482909488725
p_3665,t3_3fnv5p,t1_ctqn9r7,t1_ctr22l4,0.4381338742393509,0.5824742268041238,-0.14434035256477284
p_3667,t3_3fnpby,t1_ctqb537,t1_ctqb5ui,0.5264705882352941,0.5639097744360902,-0.037439186200796115
p_3666,t3_3fnpby,t1_ctqa65w,t1_ctqb5ui,0.697986577181208,0.5639097744360902,0.1340768027451178
p_3669,t3_3fnkrz,t1_ctq8t3q,t1_ctq9oiz,0.669683257918552,0.5097087378640777,0.15997452005447432
p_3671,t3_3fnkrz,t1_ctqas8t,t1_ctq9ar9,0.47599451303155005,0.5124653739612188,-0.03647086092966878
p_3670,t3_3fnkrz,t1_ctq9o0e,t1_ctq9oiz,0.7567567567567568,0.5097087378640777,0.24704801889267913
p_3672,t3_3fnkrz,t1_ctq9j16,t1_ctqa3ka,0.728,0.7692307692307693,-0.04123076923076929
p_3675,t3_3fme5v,t1_ctpwnu7,t1_ctpy2fx,0.7538461538461538,0.4770992366412214,0.27674691720493244
p_3676,t3_3fh6ko,t1_ctoktht,t1_ctoqkfl,0.6298701298701299,0.5989583333333334,0.030911796536796543
p_3677,t3_3fg061,t1_cto8r5z,t1_cto8tdw,0.6710526315789473,0.6774193548387096,-0.006366723259762286
p_3679,t3_3fg061,t1_cto97vg,t1_cto8tdw,0.5254237288135594,0.6774193548387096,-0.15199562602515027
p_3680,t3_3ffta7,t1_cto7io9,t1_ctoe9av,0.6813186813186813,0.5555555555555556,0.12576312576312576
p_3681,t3_3ff3g6,t1_cto0i1n,t1_cto1zos,0.5762081784386617,0.6220735785953178,-0.04586540015665608
p_3682,t3_3feqzt,t1_ctq3vzp,t1_ctnylzg,0.67,0.7583333333333333,-0.08833333333333326
p_3683,t3_3fcrvd,t1_ctnhp4o,t1_cto31ft,0.5636363636363636,0.47901234567901235,0.08462401795735125
p_3684,t3_3fcrvd,t1_ctns9wz,t1_ctnfqp7,0.6052631578947368,0.6274509803921569,-0.022187822497420018
p_3686,t3_3fcf5e,t1_ctndfg4,t1_ctnry92,0.7142857142857143,0.7307692307692307,-0.016483516483516425
p_3688,t3_3fc3o6,t1_ctnx69r,t1_ctngp5n,0.43236409608091025,0.7,-0.2676359039190897
p_3687,t3_3fc3o6,t1_ctnaow2,t1_ctn9aav,0.5625,0.6260162601626016,-0.06351626016260159
p_3692,t3_3fau90,t1_ctmxjyf,t1_ctmw18p,0.5678391959798995,0.6142857142857143,-0.04644651830581481
p_3693,t3_3fa3pf,t1_ctmq4rm,t1_ctmvo0g,0.46706586826347307,0.47079037800687284,-0.003724509743399773
p_3694,t3_3fa3pf,t1_ctmq6wk,t1_ctmpzx1,0.5382653061224489,0.6526946107784432,-0.11442930465599421
p_3695,t3_3f8yj7,t1_ctmfz6p,t1_ctmip5y,0.5306122448979592,0.8701298701298701,-0.33951762523191087
p_3696,t3_3f8yj7,t1_ctmi79z,t1_ctmip5y,0.5570469798657718,0.8701298701298701,-0.3130828902640983
p_3697,t3_3f8yj7,t1_ctmgbxn,t1_ctmip5y,0.6774193548387096,0.8701298701298701,-0.19271051529116046
p_3701,t3_3f6ga9,t1_ctlqooj,t1_ctlqdbh,0.72,0.8888888888888888,-0.16888888888888887
p_3703,t3_3f65v8,t1_ctlqq52,t1_ctm1y1p,0.5863636363636363,0.6061381074168798,-0.01977447105324348
p_3704,t3_3f38fh,t1_ctlm7ia,t1_ctkwb7j,0.5431235431235432,0.553072625698324,-0.009949082574780888
p_3705,t3_3f2sbt,t1_ctm98ge,t1_ctkrr8t,0.656441717791411,0.5770392749244713,0.07940244286693976
p_3708,t3_3f20yi,t1_ctkkr6u,t1_ctkjeol,0.5543766578249337,0.6230769230769231,-0.06870026525198936
p_3709,t3_3f20yi,t1_ctkoehq,t1_ctkokut,0.5513126491646778,0.6331658291457286,-0.0818531799810508
p_3712,t3_3f18mt,t1_ctkcw2a,t1_ctkb9dn,0.49452954048140046,0.7094594594594594,-0.21492991897805896
p_3711,t3_3f18mt,t1_ctkc4tg,t1_ctkn5z3,0.5657894736842105,0.7613636363636364,-0.19557416267942584
p_3714,t3_3f16ju,t1_ctkcxak,t1_ctkajc6,0.5863874345549738,0.6477987421383647,-0.06141130758339097
p_3716,t3_3f0uzz,t1_ctkbyhm,t1_ctkdayj,0.4870967741935484,0.4364820846905538,0.050614689502994636
p_3717,t3_3exng6,t1_ctjf76q,t1_ctjdefn,0.6148148148148148,0.72,-0.10518518518518516
p_3718,t3_3ex1vr,t1_ctj5yub,t1_ctj6pr7,0.4440789473684211,0.6982758620689655,-0.25419691470054445
p_3719,t3_3ewva7,t1_ctj4jx8,t1_ctj8g6w,0.681592039800995,0.5513626834381551,0.13022935636283994
p_3722,t3_3ewva7,t1_ctj8djb,t1_ctj8g6w,0.5710843373493976,0.5513626834381551,0.019721653911242476
p_3720,t3_3ewva7,t1_ctj5oik,t1_ctjcs9z,0.5470297029702971,0.7699115044247787,-0.22288180145448167
p_3721,t3_3ewva7,t1_ctj7ibv,t1_ctjcs9z,0.7307692307692307,0.7699115044247787,-0.03914227365554801
p_3723,t3_3ewjnh,t1_ctj1fb4,t1_ctj26kt,0.5801526717557252,0.6666666666666666,-0.08651399491094147
p_3724,t3_3ewjnh,t1_ctj1ye4,t1_ctj1lht,0.5846994535519126,0.6949152542372882,-0.11021580068537562
p_3725,t3_3euagb,t1_ctigcut,t1_ctihu3a,0.75,0.8450704225352113,-0.09507042253521125
p_3726,t3_3eu8tm,t1_ctigaob,t1_ctiq52g,0.6074380165289256,0.594306049822064,0.013131966706861564
p_3727,t3_3eu8tm,t1_ctijckt,t1_ctigceq,0.468944099378882,0.6297872340425532,-0.16084313466367123
p_3728,t3_3etxto,t1_ctid3ea,t1_cticpfj,0.6,0.6745562130177515,-0.0745562130177515
p_3730,t3_3es79p,t1_cthw2r2,t1_cthwdaq,0.5434173669467787,0.5163043478260869,0.02711301912069175
p_3731,t3_3es79p,t1_cthxdez,t1_cthwn0n,0.5060240963855421,0.6269430051813472,-0.12091890879580502
p_3732,t3_3ertta,t1_cti6rd8,t1_ctht1zk,0.632,0.8243243243243243,-0.19232432432432434
p_3733,t3_3ertdy,t1_cthr80b,t1_cthr99r,0.7192982456140351,0.6712328767123288,0.04806536890170632
p_3734,t3_3erhhr,t1_ctiarao,t1_cti58vh,0.6481481481481481,0.5573770491803278,0.09077109896782032
p_3735,t3_3eq514,t1_ctho613,t1_cthcqg3,0.6821705426356589,0.6055900621118012,0.07658048052385769
p_3737,t3_3epjfs,t1_cth5t0q,t1_cthcvt3,0.75,0.6796116504854369,0.07038834951456308
p_3739,t3_3enur5,t1_ctgrxoh,t1_ctgz8y0,0.3791469194312796,0.4872881355932203,-0.10814121616194072
p_3740,t3_3emsdn,t1_cth30is,t1_ctgqvc3,0.6095617529880478,0.680672268907563,-0.07111051591951523
p_3742,t3_3elw95,t1_ctg6r9r,t1_ctg9cb8,0.5598591549295775,0.6228070175438597,-0.0629478626142822
p_3743,t3_3eknr4,t1_ctglikz,t1_ctfyt7d,0.6076555023923444,0.8,-0.1923444976076556
p_3744,t3_3ekjn3,t1_ctgdi0f,t1_ctg4na1,0.5227272727272727,0.49223946784922396,0.030487804878048752
p_3751,t3_3ee553,t1_cte3wfh,t1_cte2z0f,0.6923076923076923,0.6818181818181818,0.010489510489510523
p_3752,t3_3ee553,t1_cte5ytw,t1_cte2z0f,0.6724137931034483,0.6818181818181818,-0.00940438871473348
p_3754,t3_3ecjmj,t1_ctdn8gf,t1_ctdm7dj,0.5240506329113924,0.6376811594202898,-0.11363052650889738
p_3755,t3_3ecjmj,t1_ctdnq7f,t1_ctdm7dj,0.4860426929392447,0.6376811594202898,-0.15163846648104512
p_3756,t3_3ecjmj,t1_ctdoi4m,t1_ctdm7dj,0.4871287128712871,0.6376811594202898,-0.15055244654900268
p_3753,t3_3ecjmj,t1_ctdmtn2,t1_ctdoo3p,0.5377574370709383,0.4272959183673469,0.11046151870359133
p_3757,t3_3ec84d,t1_ctdlgzm,t1_ctdj2og,0.673202614379085,0.5480225988700564,0.12518001550902857
p_3759,t3_3ebxxu,t1_ctdn0oz,t1_ctdjt1a,0.5843373493975904,0.8125,-0.2281626506024096
p_3761,t3_3ebqsa,t1_ctdwdgw,t1_ctdgbbx,0.6647058823529411,0.6597222222222222,0.0049836601307189365
p_3762,t3_3eb9u6,t1_ctda3bt,t1_ctdi2vm,0.7247706422018348,0.7432432432432432,-0.018472601041408354
p_3763,t3_3eb9u6,t1_ctdaich,t1_ctdi2vm,0.6082474226804123,0.7432432432432432,-0.13499582056283088
p_3764,t3_3eai2b,t1_ctdmsz0,t1_ctdas7y,0.6265560165975104,0.5529411764705883,0.0736148401269221
p_3765,t3_3eai2b,t1_ctdc31l,t1_ctdas7y,0.591304347826087,0.5529411764705883,0.038363171355498715
p_3766,t3_3ea4kl,t1_ctczlq4,t1_ctcz6mu,0.6,0.5409836065573771,0.05901639344262288
p_3768,t3_3e811o,t1_ctcjrd5,t1_ctcd4vr,0.4075757575757576,0.5878787878787879,-0.1803030303030303
p_3775,t3_3dt3vy,t1_ct8epzw,t1_ct8xeko,0.531986531986532,0.6590909090909091,-0.12710437710437705
p_3776,t3_3drmw1,t1_ct7z6k1,t1_ct7zd7f,0.7241379310344828,0.847457627118644,-0.12331969608416127
p_3777,t3_3dqi0b,t1_ct7ojzo,t1_ct7o4hu,0.5454545454545454,0.7052631578947368,-0.1598086124401914
p_3779,t3_3dnhsi,t1_ct6vf40,t1_ct7n9bz,0.6721311475409836,0.6790123456790124,-0.006881198138028788
p_3786,t3_3dkeyo,t1_ct60a1q,t1_ct60gf9,0.51875,0.4588235294117647,0.05992647058823536
p_3787,t3_3dk4k6,t1_ct68k3i,t1_ct5ylmw,0.6073446327683616,0.7363636363636363,-0.12901900359527474
p_3789,t3_3dj5zp,t1_ct5ndqg,t1_ct5pov6,0.49731182795698925,0.6701570680628273,-0.17284524010583802
p_3790,t3_3dhxmu,t1_ct59siv,t1_ct5em85,0.625,0.65,-0.025000000000000022
p_3791,t3_3dhww4,t1_ct59ny2,t1_ct5c1n1,0.7450980392156863,0.6442953020134228,0.10080273720226351
p_3792,t3_3dhvig,t1_ct5cmrc,t1_ct5dd1p,0.41609977324263037,0.494949494949495,-0.0788497217068646
p_3793,t3_3dhde9,t1_ct68xez,t1_ct55tgc,0.6,0.7833333333333333,-0.18333333333333335
p_3794,t3_3dh1ns,t1_ct5dtcs,t1_ct5eykr,0.4978448275862069,0.5069124423963134,-0.009067614810106484
p_3795,t3_3dgf6j,t1_ct54lyk,t1_ct5gs7l,0.5910543130990416,0.36220472440944884,0.2288495886895927
p_3796,t3_3dgf6j,t1_ct5oi70,t1_ct5c1wd,0.5183752417794971,0.8103448275862069,-0.29196958580670973
p_3797,t3_3dfjej,t1_ct4p5yg,t1_ct4yewo,0.6544502617801047,0.5300207039337475,0.12442955784635723
p_3800,t3_3df1t2,t1_ct4iy6y,t1_ct4ij06,0.6375838926174496,0.6535947712418301,-0.016010878624380442
p_3801,t3_3det6i,t1_ct4g7xl,t1_ct4gbpx,0.7086092715231788,0.7024793388429752,0.006129932680203565
p_3802,t3_3deose,t1_ct4eh79,t1_ct4g0jb,0.5329949238578681,0.6790123456790124,-0.1460174218211443
p_3803,t3_3deose,t1_ct4f9rz,t1_ct4g0jb,0.42091836734693877,0.6790123456790124,-0.2580939783320736
p_3804,t3_3deose,t1_ct4fbji,t1_ct5641w,0.4911392405063291,0.48959608323133413,0.0015431572749949884
p_3805,t3_3deose,t1_ct4ewzd,t1_ct4g0jb,0.5330739299610895,0.6790123456790124,-0.14593841571792288
p_3806,t3_3de3uy,t1_ct4agqd,t1_ct494c3,0.5559322033898305,0.6358695652173914,-0.07993736182756084
p_3807,t3_3ddw70,t1_ct47mit,t1_ct4jbe5,0.5605263157894737,0.5303867403314917,0.03013957545798196
p_3808,t3_3ddw70,t1_ct481p1,t1_ct48oqy,0.6354515050167224,0.5108910891089109,0.12456041590781153
p_3814,t3_3dbole,t1_ct3p6ns,t1_ct478ih,0.5582655826558266,0.7007874015748031,-0.14252181891897653
p_3815,t3_3dbm0n,t1_ct3lx2j,t1_ct3ly0v,0.6231155778894473,0.6402877697841727,-0.017172191894725408
p_3816,t3_3dbkzb,t1_ct3ojfw,t1_ct3m5s5,0.6201550387596899,0.6847826086956522,-0.0646275699359623
p_3819,t3_3d7ar8,t1_ct2lat5,t1_ct2ki11,0.6405228758169934,0.7272727272727273,-0.08674985145573388
p_3821,t3_3d70nm,t1_ct2ew4r,t1_ct2j33u,0.6605504587155964,0.48031496062992124,0.18023549808567513
p_3822,t3_3d70nm,t1_ct2dshn,t1_ct2eddg,0.8289473684210527,0.8679245283018868,-0.03897715988083417
p_3824,t3_3d6eeo,t1_ct28lpu,t1_ct2avdj,0.5147058823529411,0.538961038961039,-0.02425515660809785
p_3825,t3_3d5kur,t1_ct1ztbe,t1_ct1zr52,0.7142857142857143,0.7692307692307693,-0.05494505494505497
p_3827,t3_3d4z8m,t1_ct20a6w,t1_ct1t0m5,0.5894736842105263,0.7450980392156863,-0.15562435500516003
p_3829,t3_3d26wz,t1_ct28b6n,t1_ct16kmz,0.5824742268041238,0.6038647342995169,-0.021390507495393174
p_3830,t3_3d0d6p,t1_ct0o5u1,t1_ct0n6t4,0.40830945558739257,0.6571428571428571,-0.24883340155546457
p_3831,t3_3d01ke,t1_ct0juu5,t1_ct0mdna,0.8076923076923077,0.8,0.007692307692307665
p_3833,t3_3czjmn,t1_ct0n1h1,t1_ct0p4tx,0.5017182130584192,0.519927536231884,-0.018209323173464798
p_3834,t3_3cze07,t1_ct0u8p8,t1_ct1w2jq,0.7165354330708661,0.525974025974026,0.1905614070968401
p_3836,t3_3cze07,t1_ct10eyn,t1_ct10av3,0.6611570247933884,0.7215189873417721,-0.06036196254838366
p_3837,t3_3cz50i,t1_ct0beon,t1_ct0crzd,0.7142857142857143,0.6802325581395349,0.03405315614617943
p_3838,t3_3cyvok,t1_ct09dsg,t1_ct0cry8,0.6394230769230769,0.6,0.039423076923076894
p_3840,t3_3cwzdr,t1_cszqsrm,t1_csztuip,0.5984848484848485,0.634020618556701,-0.03553577007185249
p_3841,t3_3cwzdr,t1_cszr0ac,t1_cszzijk,0.5,0.5490196078431373,-0.0490196078431373
p_3842,t3_3cwzdr,t1_cszsao6,t1_cszzijk,0.49335863377609107,0.5490196078431373,-0.05566097406704623
p_3843,t3_3curfb,t1_cszctr2,t1_cszdmwi,0.5816326530612245,0.4248496993987976,0.1567829536624269
p_3846,t3_3ctbdn,t1_csywwyk,t1_csyw0z6,0.8404255319148937,0.7236842105263158,0.11674132138857785
p_3848,t3_3csry4,t1_csyq5kj,t1_csypjon,0.6666666666666666,0.5795918367346938,0.0870748299319728
p_3849,t3_3csg70,t1_csyk6pl,t1_csyj9wf,0.553030303030303,0.5718475073313783,-0.018817204301075363
p_3850,t3_3csg70,t1_csyjkqi,t1_csyt2k1,0.688622754491018,0.6901408450704225,-0.0015180905794045518
p_3852,t3_3cqwqj,t1_csy6eer,t1_csyclib,0.5120689655172413,0.6415929203539823,-0.12952395483674095
p_3853,t3_3cpk6q,t1_csxrzz6,t1_csxtt55,0.6894736842105263,0.6060606060606061,0.08341307814992027
p_3855,t3_3cp5ze,t1_csxym6c,t1_csynpti,0.37594799566630555,0.4827586206896552,-0.10681062502334965
p_3856,t3_3cp5ze,t1_csxnidr,t1_csxornz,0.7340425531914894,0.625,0.10904255319148937
p_3859,t3_3cntuq,t1_csxdzvx,t1_csxc29e,0.6776315789473685,0.6146496815286624,0.06298189741870608
p_3861,t3_3cm04x,t1_csx5p48,t1_csxeu2k,0.7142857142857143,0.7010309278350515,0.013254786450662803
p_3862,t3_3clrl2,t1_csx7zrc,t1_csx8zq4,0.49176954732510286,0.6732673267326733,-0.18149777940757045
p_3863,t3_3cjime,t1_csw3vb7,t1_csw3t7x,0.44043887147335425,0.6136363636363636,-0.1731974921630094
p_3865,t3_3chnd1,t1_csvsvf5,t1_csw6ssk,0.6016949152542372,0.5246636771300448,0.07703123812419244
p_3866,t3_3ch5ru,t1_csvhoip,t1_csvipb5,0.6167664670658682,0.5065359477124183,0.11023051935344996
p_3867,t3_3cgwcw,t1_csvjbyd,t1_csvi6d6,0.408187134502924,0.5559440559440559,-0.14775692144113195
p_3868,t3_3cgf0e,t1_cswm70o,t1_csvf90l,0.4511784511784512,0.6153846153846154,-0.16420616420616424
p_3869,t3_3cgb39,t1_csvchfw,t1_csva8ip,0.7613636363636364,0.5681818181818182,0.19318181818181812
p_3871,t3_3cexf4,t1_csvberp,t1_csv33hr,0.634020618556701,0.5562130177514792,0.07780760080522175
p_3872,t3_3cemxp,t1_csuzkq9,t1_csuwsj4,0.32710280373831774,0.5754716981132075,-0.2483688943748898
p_3873,t3_3cccrj,t1_csuafa7,t1_csu9eyk,0.5662251655629139,0.788235294117647,-0.22201012855473312
p_3874,t3_3cayqx,t1_cstvm0f,t1_csunb3m,0.5983263598326359,0.5941422594142259,0.004184100418409997
p_3875,t3_3cayqx,t1_cstvlmi,t1_csuqreg,0.5862944162436549,0.6666666666666666,-0.08037225042301177
p_3877,t3_3cavj4,t1_cstv538,t1_cstveu6,0.5765124555160143,0.561038961038961,0.015473494477053262
p_3879,t3_3c98q4,t1_csu2svh,t1_cstm5hj,0.8235294117647058,0.602510460251046,0.2210189515136598
p_3882,t3_3c7i98,t1_cst34iw,t1_cstc95e,0.49333333333333335,0.4562410329985653,0.03709230033476807
p_3883,t3_3c7i98,t1_cst4n6b,t1_cssyowf,0.7647058823529411,0.6370967741935484,0.12760910815939275
p_3884,t3_3c7hdt,t1_cssyep4,t1_cssyplh,0.7551020408163265,0.6866666666666666,0.06843537414965983
p_3885,t3_3c7bxx,t1_cssy476,t1_cssz8bw,0.38405797101449274,0.5275229357798165,-0.14346496476532372
p_3886,t3_3c7bxx,t1_cssx724,t1_cssyebj,0.6592592592592592,0.5986394557823129,0.06061980347694629
p_3887,t3_3c7bxx,t1_csswyf9,t1_cssyx4a,0.5531914893617021,0.6043956043956044,-0.05120411503390221
p_3888,t3_3c79ax,t1_cstmdkn,t1_cst2h3f,0.5897435897435898,0.5454545454545454,0.044289044289044344
p_3889,t3_3c4zj4,t1_cssgey0,t1_cssmoek,0.5404040404040404,0.7070707070707071,-0.16666666666666663
p_3892,t3_3c4ur8,t1_csstz3k,t1_cssgupg,0.6698113207547169,0.6518987341772152,0.01791258657750172
p_3893,t3_3c4cgb,t1_css5ynt,t1_css4koj,0.5424836601307189,0.8333333333333334,-0.29084967320261446
p_3894,t3_3c1zj9,t1_csrkkl3,t1_csrki9f,0.5459662288930581,0.6524064171122995,-0.1064401882192414
p_3895,t3_3c17uc,t1_csrdlff,t1_csrifkt,0.3113354037267081,0.5798816568047337,-0.2685462530780256
p_3897,t3_3bxmo5,t1_csqhtr5,t1_csql6b1,0.64,0.7007299270072993,-0.06072992700729929
p_3898,t3_3bxfo6,t1_csqmc1m,t1_csqifhm,0.5703422053231939,0.5426008968609866,0.027741308462207348
p_3899,t3_3bvjuk,t1_cspw440,t1_csrek47,0.5761589403973509,0.6265432098765432,-0.05038426947919228
p_3901,t3_3bth79,t1_csq2nx8,t1_cspwvty,0.6901408450704225,0.620253164556962,0.0698876805134605
p_3902,t3_3bsou9,t1_csp5h2g,t1_cspiswo,0.6506024096385542,0.48695652173913045,0.16364588789942375
p_3904,t3_3brtn7,t1_csozaec,t1_csoyw8u,0.648936170212766,0.68,-0.0310638297872341
p_3905,t3_3bqwex,t1_csompka,t1_csomtdh,0.5304878048780488,0.6923076923076923,-0.16181988742964348
p_3906,t3_3bqwex,t1_csorp8q,t1_cson8bj,0.6176470588235294,0.5547703180212014,0.06287674080232808
p_3908,t3_3bo4jt,t1_cso0zon,t1_csnwp3y,0.6545454545454545,0.7142857142857143,-0.05974025974025976
p_3909,t3_3bnf96,t1_csnpy6t,t1_csnprkc,0.675,0.66,0.015000000000000013
p_3910,t3_3bnan1,t1_csnruno,t1_csnpv63,0.5981308411214953,0.7009345794392523,-0.10280373831775702
p_3911,t3_3blafk,t1_csn7a18,t1_csndd8w,0.5390946502057613,0.6442307692307693,-0.10513611902500797
p_3913,t3_3bh98p,t1_csmf3ub,t1_csmc3eh,0.8305084745762712,0.7966101694915254,0.03389830508474578
p_3914,t3_3bgni1,t1_cslzxdh,t1_cslyqv4,0.6666666666666666,0.7195121951219512,-0.05284552845528456
p_3915,t3_3bfy1c,t1_csls1iv,t1_cslt1od,0.64,0.8490566037735849,-0.20905660377358493
p_3916,t3_3bfsz3,t1_cslqq37,t1_cslrrds,0.6359649122807017,0.6869565217391305,-0.05099160945842873
p_3917,t3_3bfrve,t1_csmj6kc,t1_cslufx2,0.5527272727272727,0.5581395348837209,-0.005412262156448189
p_3920,t3_3be88i,t1_cslgmna,t1_cslflrz,0.8695652173913043,0.7358490566037735,0.1337161607875308
p_3923,t3_3bdv00,t1_csld97c,t1_csl9q5t,0.4398782343987823,0.5645645645645646,-0.12468633016578229
p_3924,t3_3bdv00,t1_csltmou,t1_cslb8xi,0.5141700404858299,0.7192982456140351,-0.20512820512820518
p_3925,t3_3bd8kh,t1_csl6slc,t1_csl587l,0.7972972972972973,0.6551724137931034,0.14212488350419383
p_3926,t3_3bd8kh,t1_csl5ba1,t1_csl587l,0.56,0.6551724137931034,-0.09517241379310337
p_3927,t3_3bcp2n,t1_csl43ts,t1_csl3e30,0.5264705882352941,0.6387434554973822,-0.11227286726208807
p_3929,t3_3bc4if,t1_cslj62e,t1_cskt9uf,0.559322033898305,0.6101694915254238,-0.05084745762711873
p_3930,t3_3bbxyv,t1_cskwmb5,t1_cskrtjj,0.5904255319148937,0.5641025641025641,0.026322967812329567
p_3932,t3_3b7rjo,t1_csjnvbr,t1_csjnx6u,0.5589225589225589,0.5143769968051118,0.04454556211744709
p_3934,t3_3b60s8,t1_csj6vl4,t1_csj6ucq,0.5163043478260869,0.7052631578947368,-0.1889588100686499
p_3935,t3_3b60s8,t1_csj6qcn,t1_csj6ucq,0.4668094218415418,0.7052631578947368,-0.23845373605319503
p_3936,t3_3b5udg,t1_csj5cco,t1_csj62ym,0.6944444444444444,0.6648351648351648,0.029609279609279615
p_3937,t3_3b3s26,t1_csikhqa,t1_csizt4g,0.5951417004048583,0.6948051948051948,-0.0996634944003365
p_3938,t3_3b3s26,t1_csinn2z,t1_csilwsy,0.6287878787878788,0.685,-0.05621212121212127
p_3940,t3_3b3s26,t1_csj8r3h,t1_csjh1er,0.7916666666666666,0.59375,0.19791666666666663
p_3943,t3_3aweej,t1_csgl5n3,t1_csgl50z,0.6346153846153846,0.5528169014084507,0.08179848320693384
p_3944,t3_3aw1uk,t1_csghmnt,t1_csghmsc,0.65,0.8571428571428571,-0.20714285714285707
p_3945,t3_3avhws,t1_csgfhi0,t1_csh8ors,0.5793991416309013,0.6313131313131313,-0.05191398968222993
p_3947,t3_3atkce,t1_csgbg47,t1_csfw4e2,0.5843230403800475,0.4928131416837782,0.09150989869626924
p_3948,t3_3atkce,t1_csfy1wp,t1_csfynp2,0.7596153846153846,0.6351351351351351,0.1244802494802495
p_3951,t3_3asyzb,t1_csfojsx,t1_csfoidu,0.6546762589928058,0.7125,-0.05782374100719423
p_3949,t3_3asyzb,t1_csfoiyw,t1_csfp13b,0.6790123456790124,0.6818181818181818,-0.0028058361391694042
p_3952,t3_3argex,t1_csfb50r,t1_csf9txd,0.6869565217391305,0.6490066225165563,0.03794989922257419
p_3953,t3_3argex,t1_csf9rhm,t1_csfa4gt,0.76,0.8405797101449275,-0.08057971014492749
p_3954,t3_3aq0ij,t1_cseyfmf,t1_csf3dvk,0.6129032258064516,0.5987654320987654,0.014137793707686197
p_3955,t3_3apczi,t1_cseq9zw,t1_csf36xd,0.5109170305676856,0.5459610027855153,-0.03504397221782973
p_3956,t3_3anzqm,t1_cseek90,t1_csf57m7,0.45558086560364464,0.5431034482758621,-0.08752258267221746
p_3958,t3_3anfy4,t1_csezvw7,t1_csfvxf5,0.5475285171102662,0.4818577648766328,0.06567075223363339
p_3959,t3_3amks3,t1_cse04e1,t1_cse06yf,0.6208791208791209,0.7157894736842105,-0.09491035280508964
p_3960,t3_3amks3,t1_cse088c,t1_csdzw5z,0.6022727272727273,0.6708860759493671,-0.06861334867663982
p_3961,t3_3amjrk,t1_cse2b43,t1_cse2e1a,0.509090909090909,0.5796460176991151,-0.07055510860820602
p_3963,t3_3ajn0a,t1_csda1xc,t1_csd7usc,0.6928571428571428,0.7263157894736842,-0.03345864661654141
p_3964,t3_3ajaa6,t1_csd6bdb,t1_csdib45,0.7733333333333333,0.8387096774193549,-0.06537634408602155
p_3965,t3_3aimk2,t1_csd7mip,t1_csd1vz4,0.41541755888650966,0.42857142857142855,-0.013153869684918884
p_3966,t3_3afuie,t1_csc8p2d,t1_cscbdx0,0.6883116883116883,0.5865384615384616,0.10177322677322675
p_3967,t3_3acxa4,t1_csbkvf8,t1_csbgdpk,0.41002949852507375,0.7522935779816514,-0.34226407945657766
p_3968,t3_3aco44,t1_csblx8d,t1_csbjlck,0.5969230769230769,0.7448979591836735,-0.14797488226059663
p_3969,t3_3acm0d,t1_csbe584,t1_csbdx0v,0.6086956521739131,0.5782312925170068,0.030464359656906304
p_3971,t3_3abfdn,t1_csb9hv6,t1_csb2as0,0.7189542483660131,0.7315436241610739,-0.012589375795060809
p_3972,t3_3abaqq,t1_csb38zu,t1_csb0t4r,0.47789473684210526,0.4612794612794613,0.016615275562643972
p_3976,t3_3a8arj,t1_csb25uo,t1_csa740s,0.5398230088495575,0.7441860465116279,-0.20436303766207042
p_3975,t3_3a8arj,t1_csa7uvc,t1_csag2ec,0.5927601809954751,0.6549295774647887,-0.06216939646931363
p_3977,t3_3a7ys8,t1_csa4ppt,t1_csakjm1,0.5956284153005464,0.7285714285714285,-0.1329430132708821
p_3978,t3_3a7ys8,t1_csa41uf,t1_csakjm1,0.6707317073170732,0.7285714285714285,-0.057839721254355325
p_3979,t3_3a7ys8,t1_csa7eao,t1_csaftry,0.5030864197530864,0.6380368098159509,-0.13495039006286447
p_3980,t3_3a6yg4,t1_cs9xgqf,t1_csaitas,0.8169014084507042,0.6606060606060606,0.1562953478446436
p_3981,t3_3a6sfg,t1_cs9tnoi,t1_cs9t2mb,0.6081871345029239,0.7419354838709677,-0.1337483493680438
p_3982,t3_3a6sfg,t1_cs9u81l,t1_csa0tu8,0.5566502463054187,0.78,-0.22334975369458132
p_3983,t3_3a6sfg,t1_cs9uuka,t1_cs9v38y,0.6699029126213593,0.8395061728395061,-0.16960326021814687
p_3985,t3_3a6sfg,t1_cs9ty4c,t1_cs9tcqo,0.5751445086705202,0.7222222222222222,-0.14707771355170196
p_3984,t3_3a6sfg,t1_cs9tqur,t1_csa781a,0.5767195767195767,0.7857142857142857,-0.20899470899470896
p_3986,t3_3a6sfg,t1_csacapm,t1_cs9wsj6,0.5907590759075908,0.723404255319149,-0.13264517941155818
p_3987,t3_3a6nix,t1_cs9ymgy,t1_cs9xs4k,0.7794117647058824,0.6428571428571429,0.13655462184873945
p_3988,t3_3a6nix,t1_csa3hjg,t1_cs9xpu5,0.7377049180327869,0.4953789279112754,0.24232599012151151
p_3989,t3_3a47yn,t1_cs96cyo,t1_cs96mzz,0.72,0.7252747252747253,-0.005274725274725278
p_3990,t3_3a44py,t1_cs97753,t1_cs95esh,0.5464788732394367,0.5544554455445545,-0.007976572305117835
p_3991,t3_3a44py,t1_cs94osm,t1_cs95esh,0.7050359712230215,0.5544554455445545,0.15058052567846703
p_3992,t3_3a44py,t1_cs95hzu,t1_cs95esh,0.6592592592592592,0.5544554455445545,0.10480381371470471
p_3996,t3_3a2kst,t1_cs8otu7,t1_cs8qjhb,0.40348101265822783,0.5719557195571956,-0.16847470689896776
p_3997,t3_3a2kps,t1_cs8oy5s,t1_cs8pl4s,0.8045977011494253,0.73,0.07459770114942532
p_3998,t3_3a2kps,t1_cs8w2yw,t1_cs8voy5,0.5319148936170213,0.7297297297297297,-0.19781483611270845
p_3999,t3_3a27yg,t1_cs8nx8v,t1_cs8njw2,0.591715976331361,0.6283783783783784,-0.03666240204701743
p_4000,t3_3a27yg,t1_cs8u90i,t1_cs8z4yz,0.6083916083916084,0.6129032258064516,-0.004511617414843183
p_4001,t3_3a27yg,t1_cs98bq1,t1_cs8lemy,0.3997627520759193,0.5762081784386617,-0.17644542636274235
p_4002,t3_3a1zva,t1_cs8kcyk,t1_cs8k3ho,0.582089552238806,0.723404255319149,-0.141314703080343
p_4003,t3_3a1llw,t1_cs8f5f6,t1_cs8grh5,0.8125,0.6120689655172413,0.20043103448275867
p_4004,t3_3a1llw,t1_cs8otpf,t1_cs8epuj,0.6234567901234568,0.75,-0.12654320987654322
p_4006,t3_39y3l4,t1_cs7hm0x,t1_cs7hrpe,0.746031746031746,0.5111111111111111,0.23492063492063497
p_4007,t3_39xc0u,t1_cs7s05a,t1_cs7ksi5,0.43044982698961937,0.5043782837127846,-0.07392845672316523
p_4008,t3_39vjw8,t1_cs6yty8,t1_cs75jk8,0.43802816901408453,0.49843260188087773,-0.0604044328667932
p_4009,t3_39tm84,t1_cs6dg04,t1_cs6p5zn,0.48148148148148145,0.6384180790960452,-0.15693659761456374
p_4010,t3_39rlhg,t1_cs604vg,t1_cs5u7z4,0.5875,0.6161616161616161,-0.02866161616161611
p_4011,t3_39rlhg,t1_cs61rw2,t1_cs5u7z4,0.3779342723004695,0.6161616161616161,-0.23822734386114663
p_4012,t3_39r7s6,t1_cs5qjkd,t1_cs5pexs,0.5896414342629482,0.6776315789473685,-0.08799014468442024
p_4013,t3_39pwzl,t1_cs5e1x6,t1_cs5dyl3,0.5702127659574469,0.5793650793650794,-0.009152313407632562
p_4015,t3_39o24x,t1_cs51oox,t1_cs53w1p,0.671875,0.7,-0.028124999999999956
p_4019,t3_39o24x,t1_cs519gf,t1_cs53w1p,0.5966386554621849,0.7,-0.10336134453781509
p_4018,t3_39o24x,t1_cs51cou,t1_cs51mes,0.7164179104477612,0.635593220338983,0.08082469010877813
p_4020,t3_39mibw,t1_cs4mto6,t1_cs4n3wq,0.6167664670658682,0.6271186440677966,-0.010352177001928364
p_4022,t3_39mgic,t1_cs4lprf,t1_cs6cp67,0.6545454545454545,0.6728971962616822,-0.018351741716227665
p_4024,t3_39kdu2,t1_cs44pon,t1_cs433uj,0.6569767441860465,0.7592592592592593,-0.10228251507321284
p_4025,t3_39jwup,t1_cs46pqo,t1_cs4a7ru,0.37741203178206584,0.4747252747252747,-0.09731324294320887
p_4026,t3_39int7,t1_cs3rx5b,t1_cs3s38w,0.6033898305084746,0.5170603674540682,0.08632946305440636
p_4027,t3_39int7,t1_cs3qpta,t1_cs3s2nm,0.7456140350877193,0.8333333333333334,-0.08771929824561409
p_4028,t3_39gzr7,t1_cs3agsc,t1_cs3ibde,0.515625,0.6792452830188679,-0.16362028301886788
p_4029,t3_39gecw,t1_cs34hhp,t1_cs34bq6,0.6984126984126984,0.7540983606557377,-0.05568566224303928
p_4032,t3_39fdgq,t1_cs2vs00,t1_cs3vhdu,0.5576923076923077,0.6631578947368421,-0.10546558704453435
p_4034,t3_39cnaw,t1_cs2c2cg,t1_cs2ak8s,0.6195286195286195,0.7692307692307693,-0.1497021497021498
p_4037,t3_39an4v,t1_cs1rnz3,t1_cs1qvzv,0.6441441441441441,0.7931034482758621,-0.14895930413171798
p_4038,t3_3973q1,t1_cs0zdjz,t1_cs0x3jw,0.5511111111111111,0.7272727272727273,-0.17616161616161619
p_4040,t3_396i03,t1_cs0u4rr,t1_cs1pfx6,0.6262135922330098,0.601010101010101,0.02520349122290877
p_4041,t3_396ds4,t1_cs0r30x,t1_cs0rkfk,0.7727272727272727,0.5775862068965517,0.195141065830721
p_4042,t3_396ds4,t1_cs0pu9z,t1_cs0rkfk,0.6243654822335025,0.5775862068965517,0.04677927533695081
p_4045,t3_394d49,t1_cs0kixk,t1_cs0kzwk,0.6046511627906976,0.7142857142857143,-0.10963455149501666
p_4046,t3_393acp,t1_cs0gkne,t1_cs03ftc,0.6023391812865497,0.6758620689655173,-0.07352288767896753
p_4047,t3_391syd,t1_crzm90i,t1_crzmejp,0.6423357664233577,0.6305732484076433,0.011762518015714374
p_4050,t3_38x3jr,t1_cryip44,t1_crys2g6,0.6573426573426573,0.5932835820895522,0.06405907525310506
p_4051,t3_38wxwu,t1_cryi2ij,t1_crygq09,0.6164383561643836,0.6733333333333333,-0.056894977168949756
p_4052,t3_38wrju,t1_crygoz5,t1_cryxmv8,0.7846153846153846,0.8305084745762712,-0.04589308996088659
p_4054,t3_38s7v1,t1_crxxvxw,t1_crxhlos,0.5751633986928104,0.5042016806722689,0.07096171802054152
p_4056,t3_38qcbx,t1_crx7b22,t1_crx75t9,0.5774647887323944,0.6296296296296297,-0.052164840897235276
p_4057,t3_38pbd5,t1_crwsbqv,t1_crxjvmc,0.5458715596330275,0.7901234567901234,-0.24425189715709594
p_4060,t3_38nv4x,t1_crwj8qj,t1_crwnz8i,0.7092198581560284,0.8133333333333334,-0.10411347517730496
p_4061,t3_38nv4x,t1_crwoni8,t1_crwub6q,0.55125284738041,0.5648148148148148,-0.013561967434404743
p_4062,t3_38lqjc,t1_crvzt6q,t1_crvzmx5,0.6326530612244898,0.5636363636363636,0.06901669758812623
p_4063,t3_38kv3z,t1_crwg43c,t1_crxycdw,0.49337748344370863,0.5662650602409639,-0.07288757679725527
p_4064,t3_38ks5m,t1_crvtej9,t1_crvxmr6,0.6854838709677419,0.6622073578595318,0.023276513108210106
p_4065,t3_38jijq,t1_crvigw7,t1_crvi4ft,0.5811209439528023,0.7894736842105263,-0.208352740257724
p_4068,t3_38hvec,t1_crv5pod,t1_crva2wu,0.5177664974619289,0.5833333333333334,-0.06556683587140444
p_4070,t3_38hvec,t1_crvb81l,t1_crvbp5u,0.9038461538461539,0.8301886792452831,0.0736574746008708
p_4071,t3_38esaa,t1_cruufn4,t1_cruhp7v,0.7362637362637363,0.7714285714285715,-0.03516483516483515
p_4072,t3_38ehc6,t1_crug3c6,t1_cruge8m,0.6063348416289592,0.8024691358024691,-0.19613429417350992
p_4073,t3_38ehc6,t1_crufbnb,t1_cruge8m,0.575,0.8024691358024691,-0.2274691358024692
p_4074,t3_38b3d9,t1_crtqxff,t1_crtzoqd,0.6846153846153846,0.4696969696969697,0.2149184149184149
p_4075,t3_38ah82,t1_crtkrsw,t1_crtl6k2,0.49401709401709404,0.6934306569343066,-0.19941356291721257
p_4078,t3_3856c4,t1_crsfw83,t1_crsdpxt,0.6527777777777778,0.7012987012987013,-0.04852092352092352
p_4079,t3_383qcb,t1_crs0xzi,t1_crs1phn,0.7794117647058824,0.6428571428571429,0.13655462184873945
p_4080,t3_383qcb,t1_crs37s2,t1_crs5obi,0.6896551724137931,0.45698924731182794,0.2326659251019652
p_4081,t3_382uqn,t1_crrvd7b,t1_crsvp2m,0.7948717948717948,0.6881720430107527,0.10669975186104208
p_4084,t3_382uqn,t1_crsgxg7,t1_crsvp2m,0.5014245014245015,0.6881720430107527,-0.1867475415862513
p_4085,t3_381ey6,t1_crrlwhm,t1_crrsigq,0.5464362850971922,0.6101694915254238,-0.06373320642823155
p_4086,t3_381ey6,t1_crrj8n5,t1_crrl2sb,0.7288135593220338,0.6370967741935484,0.09171678512848547
p_4087,t3_381ey6,t1_crrj6x9,t1_crrsoh1,0.5144356955380578,0.5979381443298969,-0.0835024487918391
p_4088,t3_3814fe,t1_crs7vs7,t1_crrr3vr,0.803921568627451,0.7162162162162162,0.08770535241123478
p_4089,t3_3814fe,t1_crrqjbh,t1_crrr3vr,0.7228915662650602,0.7162162162162162,0.006675350048844009
p_4090,t3_37ypcc,t1_crqzfaw,t1_crrcx9w,0.7671232876712328,0.6310679611650486,0.13605532650618424
p_4092,t3_37x4xe,t1_crqnq2r,t1_crqlwke,0.8352941176470589,0.49393939393939396,0.3413547237076649
p_4095,t3_37ug2e,t1_crpxli7,t1_crpxq2o,0.6326530612244898,0.7241379310344828,-0.09148486980999293
p_4096,t3_37u8cs,t1_crpxfwt,t1_crq0vt4,0.6164383561643836,0.5225806451612903,0.09385771100309326
p_4098,t3_37te7r,t1_crq15b7,t1_crpr6qy,0.6,0.7037037037037037,-0.10370370370370374
p_4100,t3_37scpk,t1_crpm7rq,t1_crphi3e,0.5478547854785478,0.76,-0.21214521452145219
p_4099,t3_37scpk,t1_crpjym2,t1_crpj42q,0.5537190082644629,0.7401574803149606,-0.1864384720504978
p_4101,t3_37r5aa,t1_crp4yya,t1_crp52u5,0.7619047619047619,0.7619047619047619,0.0
p_4102,t3_37p0d8,t1_crolmg0,t1_cros9jk,0.5473684210526316,0.8125,-0.2651315789473684
p_4103,t3_37p0d8,t1_crolte5,t1_cror8od,0.45345345345345345,0.6236559139784946,-0.17020246052504118
p_4105,t3_37okwz,t1_crol9eo,t1_crohrkg,0.6721311475409836,0.6306818181818182,0.04144932935916534
p_4104,t3_37okwz,t1_croli1i,t1_croiuun,0.4962025316455696,0.6989247311827957,-0.20272219953722614
p_4107,t3_37nxjn,t1_crotvnl,t1_crobn4e,0.6344827586206897,0.6821192052980133,-0.047636446677323585
p_4108,t3_37nv7l,t1_crobgcl,t1_croatus,0.7443609022556391,0.6466666666666666,0.0976942355889725
p_4109,t3_37nv7l,t1_crod5fw,t1_crobejx,0.6086956521739131,0.6726190476190477,-0.06392339544513459
p_4113,t3_37jfl3,t1_crn7z3i,t1_crn9n8h,0.4363143631436314,0.47578947368421054,-0.03947511054057912
p_4114,t3_37jfl3,t1_cro542n,t1_crn9n8h,0.6149425287356322,0.47578947368421054,0.13915305505142161
p_4115,t3_37jfl3,t1_crn8fep,t1_crnb7qs,0.5291666666666667,0.84,-0.3108333333333333
p_4116,t3_37j0tw,t1_crnmek9,t1_crn4uka,0.6052631578947368,0.488272921108742,0.11699023678599485
p_4117,t3_37i8f6,t1_crn97hc,t1_crn6u5k,0.37464387464387466,0.5641025641025641,-0.18945868945868943
p_4119,t3_37i8f6,t1_crnc1m6,t1_crn6u5k,0.5664335664335665,0.5641025641025641,0.002331002331002363
p_4122,t3_37h70b,t1_crnpv8h,t1_crmnqm8,0.6616541353383458,0.6097560975609756,0.05189803777737023
p_4124,t3_37h2pb,t1_crmzdc2,t1_crn24i7,0.5382585751978892,0.43892045454545453,0.09933812065243469
p_4125,t3_37gzdo,t1_crmlb6i,t1_crml5su,0.8867924528301887,0.8727272727272727,0.01406518010291602
p_4127,t3_37gzdo,t1_crn13m3,t1_crmleve,0.654320987654321,0.7321428571428571,-0.07782186948853609
p_4126,t3_37gzdo,t1_crmpjd9,t1_crmq520,0.8305084745762712,0.8382352941176471,-0.0077268195413758844
p_4128,t3_37gq9y,t1_crmtqyf,t1_crmj7w5,0.6687898089171974,0.5912698412698413,0.07751996764735614
p_4129,t3_37fpzj,t1_crmgunx,t1_crmev4y,0.7278481012658228,0.6793478260869565,0.04850027517886624
p_4130,t3_37e6il,t1_crlxhoh,t1_crlycu1,0.7419354838709677,0.6847826086956522,0.05715287517531553
p_4131,t3_37e6il,t1_crmbvpl,t1_crmbrw9,0.4777777777777778,0.7094594594594594,-0.23168168168168163
p_4132,t3_37c5ei,t1_crmai65,t1_crlk9hq,0.42036836403033584,0.4240506329113924,-0.0036822688810565496
p_4133,t3_37b2pr,t1_crlhcyw,t1_crld5qe,0.488,0.4391891891891892,0.04881081081081079
p_4134,t3_37956u,t1_crku1nj,t1_crktasi,0.46296296296296297,0.4920212765957447,-0.029058313632781718
p_4136,t3_376s9u,t1_crkaoej,t1_crk67b4,0.5516014234875445,0.7073170731707317,-0.15571564968318719
p_4137,t3_376s9u,t1_crkcdfq,t1_crk61cm,0.6474358974358975,0.6890756302521008,-0.04163973281620337
p_4138,t3_375cgq,t1_crjtlue,t1_crkdcxu,0.696969696969697,0.7857142857142857,-0.08874458874458868
p_4139,t3_375cgq,t1_crju8kq,t1_crju0u6,0.6594594594594595,0.5684210526315789,0.09103840682788056
p_4140,t3_374p4i,t1_crjo7t9,t1_crjoxub,0.6296296296296297,0.5892857142857143,0.04034391534391535
p_4141,t3_373lxk,t1_crjfcxr,t1_crjh3wk,0.4758269720101781,0.5689655172413793,-0.09313854523120124
p_4146,t3_371vcx,t1_crj0j6i,t1_crj1d9h,0.6782608695652174,0.8653846153846154,-0.18712374581939806
p_4147,t3_371t9v,t1_criyct1,t1_criz1vm,0.7416666666666667,0.6857142857142857,0.055952380952380976
p_4148,t3_371jts,t1_crj5qge,t1_crj0124,0.8369565217391305,0.5857142857142857,0.25124223602484475
p_4149,t3_371iek,t1_criw393,t1_criw4gt,0.5564516129032258,0.5988538681948424,-0.042402255291616675
p_4151,t3_37131i,t1_crit8xo,t1_crise8t,0.45014245014245013,0.5882352941176471,-0.13809284397519694
p_4152,t3_37131i,t1_crizuk3,t1_crise8t,0.47101449275362317,0.5882352941176471,-0.11722080136402391
p_4153,t3_370rik,t1_crj6cfx,t1_crj8cj7,0.6691729323308271,0.4857142857142857,0.18345864661654138
p_4154,t3_36wmyv,t1_crhsd0m,t1_crhpets,0.5617021276595745,0.6869565217391305,-0.12525439407955596
p_4155,t3_36utu6,t1_crhapyz,t1_crhjyof,0.6478260869565218,0.6787878787878788,-0.030961791831357055
p_4156,t3_36utu6,t1_crh9yic,t1_crhhhv0,0.5491525423728814,0.6273291925465838,-0.07817665017370246
p_4157,t3_36utu6,t1_crhghlc,t1_crhhhv0,0.664179104477612,0.6273291925465838,0.036849911931028156
p_4158,t3_36utu6,t1_crhdevz,t1_crhc46p,0.501039501039501,0.48034934497816595,0.020690156061335063
p_4159,t3_36utu6,t1_crhsu1b,t1_crhjyof,0.6081081081081081,0.6787878787878788,-0.07067977067977071
p_4160,t3_36utu6,t1_crhkv7d,t1_crhubbh,0.5454545454545454,0.5397590361445783,0.005695509309967095
p_4161,t3_36utu6,t1_crhdith,t1_crhc46p,0.6666666666666666,0.48034934497816595,0.18631732168850068
p_4163,t3_36u3s6,t1_crh9c6f,t1_crh4b3c,0.8055555555555556,0.6842105263157895,0.12134502923976609
p_4164,t3_36tyf9,t1_crh4v0f,t1_crh37pw,0.4907010014306152,0.6512605042016807,-0.1605595027710655
p_4165,t3_36t890,t1_crgxzpm,t1_crhepb2,0.7924528301886793,0.582010582010582,0.2104422481780973
p_4166,t3_36rxl7,t1_crlw8uo,t1_crgw0wb,0.6666666666666666,0.6578947368421053,0.00877192982456132
p_4168,t3_36r305,t1_crgcbrk,t1_crgb0m6,0.7956989247311828,0.7833333333333333,0.01236559139784943
p_4169,t3_36r305,t1_crgbung,t1_crgk9p9,0.7027027027027027,0.6636363636363637,0.03906633906633905
p_4170,t3_36r305,t1_crgbjl7,t1_crgfecc,0.759493670886076,0.7678571428571429,-0.008363471971066905
p_4171,t3_36r305,t1_crgf3i9,t1_crgfecc,0.5887096774193549,0.7678571428571429,-0.17914746543778803
p_4172,t3_36r305,t1_crgfk2y,t1_crgfecc,0.7738095238095238,0.7678571428571429,0.005952380952380931
p_4175,t3_36nz4d,t1_crfsbub,t1_crfkxmv,0.7631578947368421,0.82,-0.056842105263157805
p_4176,t3_36nz4d,t1_crfn04f,t1_crfnywz,0.6693548387096774,0.603112840466926,0.06624199824275134
p_4177,t3_36ncax,t1_crfgebl,t1_crffh1u,0.5950920245398773,0.6842105263157895,-0.08911850177591218
p_4180,t3_36iee8,t1_cre9a2g,t1_cretabl,0.6632124352331606,0.4853168469860896,0.17789558824707102
p_4181,t3_36iee8,t1_crez4hc,t1_cretabl,0.40105540897097625,0.4853168469860896,-0.08426143801511338
p_4182,t3_36htjx,t1_cre64ad,t1_cre4lsx,0.5612648221343873,0.5784313725490197,-0.01716655041463233
p_4187,t3_36gp4w,t1_crdult8,t1_cree54y,0.6796116504854369,0.7159090909090909,-0.036297440423654015
p_4188,t3_36fnl9,t1_crdkebp,t1_crdk3ku,0.8260869565217391,0.7794117647058824,0.046675191815856776
p_4189,t3_36fllr,t1_cre4905,t1_crdk6ds,0.835820895522388,0.6422764227642277,0.19354447275816034
p_4190,t3_36eadt,t1_crd7ceh,t1_crdmuo9,0.6023391812865497,0.6283783783783784,-0.02603919709182867
p_4191,t3_36dprt,t1_crd5jwj,t1_crd60jm,0.5099778270509978,0.5534591194968553,-0.04348129244585752
p_4192,t3_36ckmk,t1_crcyaft,t1_crcrx2m,0.48711943793911006,0.6781609195402298,-0.19104148160111978
p_4193,t3_36cadv,t1_crd31fu,t1_crcyh42,0.5753968253968254,0.5971223021582733,-0.02172547676144798
p_4195,t3_36az4a,t1_crccjno,t1_crcd94m,0.6956521739130435,0.5397489539748954,0.15590321993814804
p_4196,t3_36az4a,t1_crcdumw,t1_crcd94m,0.6966292134831461,0.5397489539748954,0.15688025950825069
p_4203,t3_366935,t1_crb48sd,t1_crb93o7,0.5441176470588235,0.5271317829457365,0.016985864113087
p_4204,t3_366935,t1_crb5ovt,t1_crb4po1,0.5211864406779662,0.6597938144329897,-0.13860737375502352
p_4205,t3_366935,t1_crb3q3x,t1_crb93o7,0.4628712871287129,0.5271317829457365,-0.06426049581702359
p_4207,t3_3633hr,t1_cracfoy,t1_craetek,0.6976744186046512,0.6967741935483871,0.0009002250562640812
p_4213,t3_362xxo,t1_craazhe,t1_cra7vj8,0.6732673267326733,0.5562913907284768,0.11697593600419653
p_4212,t3_362xxo,t1_cra91kz,t1_cra8egz,0.380517503805175,0.6244541484716157,-0.24393664466644072
p_4208,t3_362xxo,t1_cra9nj2,t1_cra8egz,0.3962900505902192,0.6244541484716157,-0.22816409788139652
p_4209,t3_362xxo,t1_cra9bnt,t1_cra8egz,0.6439393939393939,0.6244541484716157,0.01948524546777819
p_4214,t3_362xxo,t1_crabevn,t1_cra82mu,0.7115384615384616,0.6513157894736842,0.06022267206477738
p_4211,t3_362xxo,t1_cra8ccq,t1_cra85vs,0.6779661016949152,0.6058823529411764,0.0720837487537388
p_4215,t3_361st8,t1_cr9wx17,t1_craeuvo,0.5613207547169812,0.6736111111111112,-0.11229035639412999
p_4216,t3_361st8,t1_cra0mwx,t1_cra9gv9,0.5192307692307693,0.43956043956043955,0.07967032967032972
p_4217,t3_361st8,t1_craiwvx,t1_cra9gv9,0.4716981132075472,0.43956043956043955,0.03213767364710762
p_4218,t3_361cys,t1_cr9yzkw,t1_cr9y5g8,0.45901639344262296,0.7090909090909091,-0.25007451564828614
p_4219,t3_361cys,t1_cr9xgc0,t1_cr9t6qc,0.6130268199233716,0.6987951807228916,-0.08576836079952
p_4220,t3_360lwk,t1_cr9nixj,t1_cr9oak1,0.5524296675191815,0.7888888888888889,-0.23645922136970732
p_4221,t3_360du5,t1_cr9k2gr,t1_cr9jhq4,0.5169902912621359,0.6802721088435374,-0.16328181758140148
p_4222,t3_35zzer,t1_cr9gnue,t1_cr9i6m0,0.5739130434782609,0.4159132007233273,0.15799984275493356
p_4223,t3_35zi4m,t1_cr9bdwl,t1_cr9fc4y,0.5645756457564576,0.7,-0.13542435424354238
p_4224,t3_35zguh,t1_cr9iv5x,t1_cr9h75a,0.5952380952380952,0.4742268041237113,0.12101129111438391
p_4226,t3_35z1es,t1_cr96tzb,t1_cr9571k,0.6460674157303371,0.7361111111111112,-0.09004369538077406
p_4227,t3_35z1es,t1_cr99c3w,t1_cr9d0dl,0.5486284289276808,0.5680272108843537,-0.019398781956672884
p_4228,t3_35y0qf,t1_cr8wgnx,t1_cr8vi2j,0.44320297951582865,0.47150259067357514,-0.028299611157746485
p_4229,t3_35wjd8,t1_cr8v07h,t1_cr8jbs1,0.6075471698113207,0.5865384615384616,0.021008708272859167
p_4230,t3_35w8v2,t1_cr8f3v2,t1_cr8f9ax,0.7924528301886793,0.6688741721854304,0.12357865800324885
p_4231,t3_35w8v2,t1_cr8irdf,t1_cr8gplq,0.7719298245614035,0.6033057851239669,0.16862403943743653
p_4233,t3_35toyd,t1_cr7qd1b,t1_cr85c8b,0.7384615384615385,0.7777777777777778,-0.03931623931623929
p_4234,t3_35toyd,t1_cr7oo3y,t1_cr7xf53,0.725925925925926,0.6632653061224489,0.06266061980347704
p_4235,t3_35sw2p,t1_cr7kk4p,t1_cr7ne8m,0.583554376657825,0.5613207547169812,0.022233621940843773
p_4237,t3_35s5bb,t1_cr7fgpo,t1_cr7juob,0.6607142857142857,0.5301204819277109,0.1305938037865748
p_4240,t3_35ruv5,t1_cr7clfr,t1_cr7cinv,0.6767676767676768,0.5844155844155844,0.09235209235209241
p_4239,t3_35ruv5,t1_cr7bycz,t1_cr7d0y4,0.5217391304347826,0.6275510204081632,-0.10581188997338065
p_4241,t3_35peeu,t1_cr6ssh1,t1_cr7l53q,0.534516765285996,0.49266247379454925,0.04185429149144676
p_4242,t3_35oag9,t1_cr6dn1m,t1_cr6gxvj,0.6991150442477876,0.5301724137931034,0.16894263045468416
p_4243,t3_35oag9,t1_cr6m2hi,t1_cr6gxvj,0.5021459227467812,0.5301724137931034,-0.028026491046322266
p_4244,t3_35mgfp,t1_cr5tt2i,t1_cr68z3e,0.46407185628742514,0.7183098591549296,-0.2542380028675045
p_4245,t3_35mgfp,t1_cr61twj,t1_cr5t999,0.5604395604395604,0.5436893203883495,0.01675024005121095
p_4246,t3_35mgfp,t1_cr5rof8,t1_cr68z3e,0.47474747474747475,0.7183098591549296,-0.24356238440745487
p_4247,t3_35md5x,t1_cr5qlbl,t1_cr6fywq,0.6941747572815534,0.4909090909090909,0.20326566637246252
p_4249,t3_35k9i9,t1_cr5buw4,t1_cr5km5t,0.5275080906148867,0.7037037037037037,-0.17619561308881704
p_4252,t3_35gi8x,t1_cr4ky6p,t1_cr49czs,0.7473684210526316,0.6649746192893401,0.08239380176329147
p_4253,t3_35gi8x,t1_cr4s724,t1_cr49czs,0.5868055555555556,0.6649746192893401,-0.07816906373378452
p_4254,t3_35foy9,t1_cr3z6dk,t1_cr4asiu,0.4671968190854871,0.5073529411764706,-0.04015612209098346
p_4257,t3_35foy9,t1_cr3z34g,t1_cr46bgq,0.6530612244897959,0.4401041666666667,0.21295705782312918
p_4258,t3_35foy9,t1_cr45f27,t1_cr4asiu,0.513677811550152,0.5073529411764706,0.006324870373681457
p_4260,t3_35fjb1,t1_cr49j5s,t1_cr3xa7x,0.711864406779661,0.7,0.011864406779661052
p_4262,t3_35bc4b,t1_cr2suj3,t1_cr2s3nt,0.6066350710900474,0.5977443609022557,0.00889071018779175
p_4263,t3_35bc4b,t1_cr2sadm,t1_cr2soeg,0.75,0.6666666666666666,0.08333333333333337
