pair_id,root_id,success_id,failure_id,valence_success,valence_failure,difference_success_minus_failure
p_1,t3_2ro9ux,t1_cnhplrm,t1_cnhqcwz,0.5787878787878787,0.6491666666666668,-0.07037878787878804
p_2,t3_2ro0ti,t1_cnhuxye,t1_cnhowj2,0.6104333333333333,0.6035813953488373,0.006851937984496015
p_3,t3_2rnr30,t1_cni3o83,t1_cnhlmdo,0.5283658536585366,0.5051151832460731,0.023250670412463537
p_5,t3_2rnfn0,t1_cnigfd9,t1_cnhjtqq,0.55825,0.5519903225806452,0.006259677419354848
p_6,t3_2rmy6e,t1_cnhc8a5,t1_cnhmkxc,0.6327467532467531,0.6243493723849372,0.008397380861815962
p_7,t3_2rmy6e,t1_cnhjqws,t1_cnhmkxc,0.6112735849056603,0.6243493723849372,-0.013075787479276846
p_11,t3_2rkzen,t1_cngw4hp,t1_cnhjlf9,0.6691333333333334,0.572263888888889,0.09686944444444434
p_12,t3_2rkjr3,t1_cngqb7p,t1_cnhhz9u,0.5816757812499996,0.6719795918367345,-0.09030381058673487
p_13,t3_2rk7my,t1_cngooa8,t1_cngpiso,0.6715135135135135,0.5425803571428572,0.12893315637065628
p_14,t3_2rk7my,t1_cngoaq7,t1_cngoke7,0.5361785714285714,0.4790238095238095,0.057154761904761875
p_15,t3_2rgs7o,t1_cngkdic,t1_cnfu7mt,0.5605802469135801,0.5942500000000002,-0.03366975308642006
p_18,t3_2rd7mg,t1_cnetiqi,t1_cnfbr75,0.5163605769230769,0.5705477707006368,-0.05418719377755987
p_19,t3_2rd7mg,t1_cnethg8,t1_cnevo8r,0.5921071428571427,0.5431833333333334,0.04892380952380937
p_20,t3_2rcsdh,t1_cneonwb,t1_cnerq8q,0.5673882978723405,0.6012197802197802,-0.03383148234743971
p_21,t3_2rcsdh,t1_cnepre9,t1_cneta9f,0.5665307692307691,0.5799375,-0.013406730769230935
p_22,t3_2rcsdh,t1_cnerrix,t1_cnerq8q,0.5742884615384615,0.6012197802197802,-0.026931318681318706
p_24,t3_2rcpqy,t1_cnen833,t1_cneniy0,0.5785686274509805,0.591318181818182,-0.012749554367201488
p_25,t3_2rc3p3,t1_cnelqn6,t1_cnejze0,0.6195882352941174,0.6304597701149425,-0.010871534820825035
p_26,t3_2rawgb,t1_cneyhn7,t1_cnerfm7,0.5853254716981136,0.5714867924528303,0.013838679245283259
p_28,t3_2r7f0g,t1_cnd8t6p,t1_cnd4xb4,0.582261111111111,0.5742685185185185,0.007992592592592551
p_29,t3_2r6fw9,t1_cnczhfc,t1_cncxwgs,0.6164680851063831,0.6194875,-0.0030194148936169007
p_30,t3_2r6a86,t1_cncxf4c,t1_cncxj5i,0.623065573770492,0.5922816901408451,0.030783883629646902
p_31,t3_2r6a86,t1_cncz7ep,t1_cnd1czm,0.6062846153846154,0.6042354260089687,0.0020491893756466872
p_32,t3_2r6a86,t1_cncx9n7,t1_cnd9u6t,0.594288888888889,0.5526376811594202,0.04165120772946873
p_33,t3_2r5o9o,t1_cncqcjt,t1_cncwesf,0.5559112903225807,0.5559444444444445,-3.315412186377653e-05
p_34,t3_2r5o9o,t1_cncp4k9,t1_cncvoxh,0.5882916666666669,0.6214193548387098,-0.033127688172042924
p_35,t3_2r5o9o,t1_cncqhhb,t1_cncpluh,0.5998897058823529,0.49643902439024395,0.10345068149210895
p_36,t3_2r4u3k,t1_cncry40,t1_cncnikt,0.5727959183673468,0.6444409448818897,-0.07164502651454296
p_37,t3_2r4b8f,t1_cnch3ur,t1_cnchpr4,0.6174274193548389,0.6214649999999999,-0.004037580645161021
p_38,t3_2r3fa4,t1_cnc4l6o,t1_cnc6h09,0.5764907407407408,0.586706896551724,-0.01021615581098323
p_39,t3_2r39y4,t1_cnc2apj,t1_cnc69pi,0.5028389830508476,0.5727280701754386,-0.06988908712459097
p_41,t3_2r1qfw,t1_cnd3gva,t1_cnbpxtc,0.5566666666666668,0.5573421052631579,-0.0006754385964911069
p_42,t3_2r1omi,t1_cnblplo,t1_cnblyk8,0.637861111111111,0.65482,-0.016958888888888968
p_43,t3_2r1omi,t1_cnby5pl,t1_cnbl7tt,0.6066777777777778,0.6558181818181817,-0.049140404040403984
p_44,t3_2r17g1,t1_cnbjfmc,t1_cnbjh0e,0.5763382352941175,0.5975857142857144,-0.021247478991596846
p_45,t3_2r0eyf,t1_cncjlq6,t1_cnb8f1r,0.6566607142857143,0.5988809523809526,0.05777976190476164
p_47,t3_2r07cv,t1_cnb5yjj,t1_cnbl2z0,0.5863636363636363,0.5679056603773585,0.018457975986277853
p_50,t3_2qzudy,t1_cnb75td,t1_cnb72w5,0.6015,0.6453035714285713,-0.043803571428571275
p_51,t3_2qy21w,t1_cnaozch,t1_cnaxt0m,0.5355,0.6697976190476191,-0.13429761904761917
p_52,t3_2qvzyh,t1_cna6cd3,t1_cna4m9p,0.512,0.5490595238095237,-0.03705952380952371
p_54,t3_2qu6fg,t1_cn9rm4s,t1_cn9jqcy,0.519592105263158,0.4467564102564104,0.07283569500674764
p_55,t3_2qtorn,t1_cn9ejzb,t1_cn9ezot,0.6161460674157303,0.6259843750000001,-0.009838307584269845
p_56,t3_2qslmz,t1_cn96gyu,t1_cn96797,0.5553134556574927,0.5836871345029239,-0.028373678845431183
p_57,t3_2qrlmm,t1_cn8uzj9,t1_cna3vcn,0.6218148148148148,0.6661777777777776,-0.044362962962962826
p_58,t3_2qrlmm,t1_cn8va27,t1_cna3vcn,0.5757200000000002,0.6661777777777776,-0.09045777777777742
p_59,t3_2qrbaf,t1_cn9b6ar,t1_cnajqzu,0.5958690476190475,0.5909294871794871,0.004939560439560342
p_60,t3_2qr8gn,t1_cn8tm9p,t1_cn8zxwa,0.5891219512195122,0.6176944444444444,-0.02857249322493227
p_61,t3_2qr8gn,t1_cn9b5po,t1_cn8tfsm,0.5841743421052631,0.6056673076923075,-0.021492965587044388
p_62,t3_2qqxoy,t1_cn8oez8,t1_cn8o8sq,0.5578821138211384,0.5270882352941179,0.030793878527020535
p_63,t3_2qqa7z,t1_cn8hti0,t1_cn8hi2i,0.6329673913043474,0.6261124999999998,0.006854891304347577
p_64,t3_2qnzap,t1_cn7zx81,t1_cn7wwbo,0.571903846153846,0.5726558441558443,-0.0007519980019982109
p_65,t3_2qnzap,t1_cn7x1ic,t1_cn7zlhv,0.5587323232323231,0.5992613636363636,-0.040529040404040484
p_66,t3_2qnu4z,t1_cn7xcvt,t1_cn8idg6,0.6396000000000003,0.6739499999999999,-0.03434999999999966
p_67,t3_2qnu4z,t1_cn7wrhe,t1_cn8idg6,0.6193187500000001,0.6739499999999999,-0.0546312499999998
p_68,t3_2qncj3,t1_cn7tqy5,t1_cn7wgim,0.5676150442477876,0.6075318471337581,-0.03991680288597044
p_73,t3_2qia6o,t1_cn7l5g4,t1_cn6ogzo,0.6449819819819819,0.6487531645569621,-0.003771182574980214
p_72,t3_2qia6o,t1_cn6rxow,t1_cn6ot0g,0.63684375,0.6079868995633188,0.02885685043668129
p_74,t3_2qgpie,t1_cn620d0,t1_cn5z7c0,0.6288868243243245,0.6405370370370369,-0.011650212712712382
p_77,t3_2qc1rl,t1_cn5sqpz,t1_cn50cq3,0.5522880434782609,0.5191700000000001,0.03311804347826075
p_80,t3_2qaf6l,t1_cn4h6d8,t1_cn4ba9v,0.573642857142857,0.5946082474226804,-0.02096539027982336
p_81,t3_2q9fkx,t1_cn46e20,t1_cn4ebjb,0.5988315217391303,0.5750159999999997,0.023815521739130596
p_83,t3_2q6x54,t1_cn3lhe7,t1_cn3f94v,0.666090909090909,0.660357142857143,0.00573376623376598
p_84,t3_2q6k6o,t1_cn3clj6,t1_cn3c0uh,0.616366935483871,0.5745304054054055,0.04183653007846555
p_85,t3_2q6816,t1_cn3a5px,t1_cn38xe9,0.624826923076923,0.5992947761194026,0.025532146957520374
p_86,t3_2q6816,t1_cn3875x,t1_cn3b495,0.6113409090909092,0.5556034482758618,0.05573746081504738
p_90,t3_2q388d,t1_cn2e530,t1_cn2pyft,0.5000363636363637,0.5293720930232558,-0.029335729386892107
p_91,t3_2q388d,t1_cn2eaqu,t1_cn2pyft,0.56396875,0.5293720930232558,0.03459665697674419
p_92,t3_2q388d,t1_cn2re9b,t1_cn2pyft,0.5301467889908258,0.5293720930232558,0.0007746959675699605
p_93,t3_2q388d,t1_cn2e6rz,t1_cn2j7o1,0.5264239130434782,0.6186666666666667,-0.09224275362318846
p_94,t3_2q2cxc,t1_cn28of2,t1_cn2g775,0.6078494623655915,0.5851928104575167,0.022656651908074754
p_96,t3_2q0dpm,t1_cn1ti5g,t1_cn1p49g,0.5806396396396398,0.5690306122448979,0.0116090273947419
p_101,t3_2pxqz4,t1_cn13ybe,t1_cn0y99z,0.6744137931034483,0.6305657894736844,0.04384800362976393
p_98,t3_2pxqz4,t1_cn11dcw,t1_cn0y99z,0.6221612903225806,0.6305657894736844,-0.00840449915110375
p_99,t3_2pxqz4,t1_cn0znyb,t1_cn0y99z,0.6600737704918029,0.6305657894736844,0.02950798101811858
p_100,t3_2pxqz4,t1_cn11u7e,t1_cn12dq3,0.6194112149532708,0.5809596774193547,0.03845153753391606
p_103,t3_2pww37,t1_cn0q1m7,t1_cn0vhkj,0.6191315789473685,0.5756333333333334,0.043498245614035036
p_105,t3_2pt2b2,t1_cmztgqz,t1_cmzvst5,0.6610846774193546,0.5440999999999998,0.11698467741935481
p_106,t3_2pt2b2,t1_cmzx0i4,t1_cmzv05o,0.7010999999999998,0.7043229166666666,-0.003222916666666742
p_107,t3_2ps2mr,t1_cmzhxux,t1_cmzyju1,0.6276999999999999,0.6491563981042653,-0.021456398104265362
p_108,t3_2pqfx4,t1_cmzmqbt,t1_cmz3fhx,0.5809759615384615,0.547611111111111,0.03336485042735049
p_109,t3_2ppxgu,t1_cmz3fxo,t1_cmz3hz0,0.5315175438596488,0.5594385964912281,-0.02792105263157929
p_110,t3_2pp7pp,t1_cmyupjh,t1_cmyxcrc,0.5483097014925373,0.5480502846299804,0.0002594168625569271
p_112,t3_2pnm9s,t1_cmytc0t,t1_cmycunf,0.5651806722689074,0.5335655737704916,0.03161509849841582
p_114,t3_2pm08t,t1_cmxwzlp,t1_cmxwyti,0.6083987341772147,0.6616470588235294,-0.05324832464631468
p_116,t3_2pjmrj,t1_cmxddb6,t1_cmxj3jh,0.6076600566572232,0.5783333333333333,0.02932672332388997
p_117,t3_2pjbkm,t1_cmx7wpk,t1_cmx81vs,0.6312254901960783,0.6252722772277227,0.005953212968355603
p_119,t3_2pjbkm,t1_cmx86kb,t1_cmx81vs,0.6273051948051943,0.6252722772277227,0.0020329175774715935
p_118,t3_2pjbkm,t1_cmx7tet,t1_cmx7r0l,0.6126865671641789,0.6300075757575757,-0.017321008593396803
p_120,t3_2pimzj,t1_cmx2c61,t1_cmy635r,0.5654642857142856,0.5565963302752294,0.008867955439056274
p_122,t3_2phwfa,t1_cmwy98c,t1_cmwvzit,0.5379193548387097,0.5842307692307693,-0.04631141439205966
p_123,t3_2pfatz,t1_cmw8af0,t1_cmw5dme,0.5931587301587302,0.5432096774193549,0.04994905273937533
p_124,t3_2pf19b,t1_cmw30ng,t1_cmw5vwc,0.5875384615384616,0.6496911764705879,-0.062152714932126374
p_125,t3_2pb90y,t1_cmw6nes,t1_cmv8x0x,0.6340600000000001,0.610025,0.02403500000000003
p_126,t3_2pata1,t1_cmuzv8n,t1_cmuzku3,0.6538229166666668,0.6443987341772155,0.009424182489451316
p_128,t3_2pata1,t1_cmv1bja,t1_cmuzw1v,0.6288277777777775,0.6484745762711868,-0.019646798493409223
p_129,t3_2pata1,t1_cmv1kvh,t1_cmuzw1v,0.6740769230769232,0.6484745762711868,0.025602346805736476
p_130,t3_2paiy7,t1_cmuuepa,t1_cmuuubv,0.5270227272727271,0.5170357142857142,0.009987012987012989
p_132,t3_2pa8qe,t1_cmvck77,t1_cmuygdo,0.5940140845070423,0.5510789473684211,0.04293513713862118
p_134,t3_2p8w9e,t1_cmuem3l,t1_cmuesb3,0.5977575757575757,0.6436759259259259,-0.04591835016835022
p_135,t3_2p8d3m,t1_cmub3xl,t1_cmuaujo,0.6901428571428572,0.6495,0.0406428571428572
p_140,t3_2p3d0h,t1_cmsyikr,t1_cmt2dzd,0.5839125000000001,0.6571718750000001,-0.07325937500000002
p_141,t3_2p3d0h,t1_cmszlym,t1_cmszanf,0.549940476190476,0.5873109243697479,-0.03737044817927182
p_144,t3_2p11bw,t1_cmsf46p,t1_cmsib92,0.5527432432432433,0.5780202702702704,-0.025277027027027055
p_145,t3_2p0xu8,t1_cmsgy2p,t1_cmsbh89,0.5682500000000003,0.5606923076923077,0.007557692307692543
p_148,t3_2ox2nh,t1_cmrepwp,t1_cms5gvq,0.6083009708737865,0.6177741228070174,-0.009473151933230839
p_149,t3_2ox2nh,t1_cmrgr22,t1_cms5gvq,0.5828357142857141,0.6177741228070174,-0.034938408521303255
p_151,t3_2ouj9f,t1_cmqnl31,t1_cmqrfg1,0.6434076086956523,0.6484088050314467,-0.005001196335794433
p_153,t3_2ottrr,t1_cmqmfx7,t1_cmqnqbl,0.5873311258278143,0.644315476190476,-0.056984350362661695
p_155,t3_2osnqc,t1_cmqhv5l,t1_cmresyd,0.6070365168539325,0.5730847457627118,0.033951771091220606
p_157,t3_2orfda,t1_cmpt6sy,t1_cmpxkl7,0.5210912280701748,0.5489250936329587,-0.027833865562783888
p_158,t3_2opfa2,t1_cmpp5ft,t1_cmpbzl7,0.5752916666666666,0.7667272727272727,-0.19143560606060606
p_159,t3_2opfa2,t1_cmpb0pv,t1_cmpbzl7,0.6422261904761903,0.7667272727272727,-0.12450108225108236
p_162,t3_2ook4i,t1_cmp3ql5,t1_cmp6pe7,0.6407290076335879,0.6284137931034481,0.012315214530139729
p_163,t3_2ook4i,t1_cmp3sav,t1_cmp6pe7,0.6416381578947368,0.6284137931034481,0.013224364791288634
p_164,t3_2oo3qw,t1_cmp0nen,t1_cmoz1u8,0.5760153846153845,0.6221336898395722,-0.046118305224187695
p_165,t3_2onx4o,t1_cmpcp85,t1_cmowl2j,0.613657894736842,0.5588024691358026,0.0548554256010394
p_166,t3_2olm34,t1_cmogsmw,t1_cmobov1,0.616763157894737,0.5520483870967744,0.06471477079796262
p_167,t3_2okzs7,t1_cmo88eb,t1_cmo4r1b,0.5813377483443707,0.6015138888888889,-0.020176140544518217
p_168,t3_2okzs7,t1_cmobl8p,t1_cmo50pz,0.6300058139534883,0.6220023474178406,0.008003466535647763
p_170,t3_2okad4,t1_cmo23yr,t1_cmo8tg2,0.6218971962616826,0.6418730158730159,-0.019975819611333323
p_171,t3_2okad4,t1_cmo8ojn,t1_cmoaise,0.6227598039215685,0.580511904761905,0.04224789915966354
p_172,t3_2oj6fq,t1_cmnogog,t1_cmnorxs,0.5180441988950276,0.5599393939393938,-0.04189519504436623
p_173,t3_2oihml,t1_cmnhr07,t1_cmnhhi8,0.5994915254237289,0.6659999999999999,-0.06650847457627107
p_176,t3_2od6s9,t1_cmm80hm,t1_cmm6iu4,0.4428500000000001,0.4955000000000001,-0.05265000000000003
p_177,t3_2o6paa,t1_cmkar1d,t1_cmk90wu,0.6312446043165465,0.6237733333333334,0.007471270983213096
p_178,t3_2o66aa,t1_cmktxrs,t1_cmkb48q,0.606441717791411,0.6220833333333333,-0.015641615541922338
p_179,t3_2o3imb,t1_cmjfisw,t1_cmjf4wj,0.5525777777777777,0.5004000000000001,0.052177777777777656
p_180,t3_2o2kga,t1_cmj4gzw,t1_cmj4j7t,0.5934130434782608,0.5625333333333333,0.03087971014492752
p_182,t3_2o0cgz,t1_cmijvd2,t1_cmj6omn,0.6209573170731707,0.6490340909090909,-0.02807677383592022
p_184,t3_2nzz4f,t1_cmig3tq,t1_cmigugj,0.5462754237288137,0.5126695652173913,0.03360585851142239
p_185,t3_2nzz4f,t1_cmig8jp,t1_cmigugj,0.5713603603603603,0.5126695652173913,0.05869079514296904
p_188,t3_2nycpk,t1_cmi2cok,t1_cmi07y5,0.5795465116279069,0.6515142857142857,-0.07196777408637878
p_189,t3_2nycpk,t1_cmi0pj8,t1_cmi1upk,0.6203846153846155,0.6383225806451613,-0.017937965260545807
p_192,t3_2nvoj9,t1_cmhbmic,t1_cmhh0hd,0.54695,0.5870208333333332,-0.04007083333333317
p_194,t3_2nurqb,t1_cmhj4k1,t1_cmh25d1,0.5783237410071942,0.5838313953488374,-0.005507654341643242
p_197,t3_2ns94k,t1_cmge1ce,t1_cmgdr4w,0.5521874999999998,0.5431874999999999,0.008999999999999897
p_201,t3_2nn1t8,t1_cmf6dis,t1_cmf9lck,0.5030527950310557,0.5397235294117645,-0.03667073438070878
p_203,t3_2nlqpd,t1_cmep4vb,t1_cmescql,0.6293409090909091,0.5694999999999999,0.05984090909090922
p_204,t3_2njpov,t1_cme8uee,t1_cme7zu7,0.5456086956521737,0.5246944444444444,0.020914251207729384
p_207,t3_2nhvh5,t1_cme6tfj,t1_cme00q3,0.51825,0.5257681564245811,-0.007518156424581091
p_208,t3_2nfgyu,t1_cmd8966,t1_cmdakad,0.5530080645161289,0.5185000000000001,0.03450806451612887
p_210,t3_2nfgyu,t1_cmdtb2g,t1_cmdla4k,0.5938780487804876,0.539657894736842,0.05422015404364555
p_211,t3_2neyur,t1_cmd1tqr,t1_cmd1oh5,0.4944121621621621,0.47346341463414643,0.020948747528015677
p_212,t3_2nejw6,t1_cmcw398,t1_cmcx4w0,0.610847222222222,0.5508611111111111,0.05998611111111085
p_213,t3_2ndhkz,t1_cmd8rka,t1_cmco92x,0.559695652173913,0.5613153846153844,-0.0016197324414713998
p_214,t3_2nccrb,t1_cmcdwlz,t1_cmcd35f,0.6894318181818181,0.5946574074074074,0.09477441077441073
p_215,t3_2nbz5b,t1_cmca2tl,t1_cmcmvds,0.5131296296296293,0.5653206106870229,-0.052190981057393615
p_218,t3_2nbeuf,t1_cmcfhk8,t1_cmc4eif,0.6127027027027024,0.6351637931034484,-0.022461090400745953
p_217,t3_2nbeuf,t1_cmcdl7k,t1_cmcs0t1,0.6316666666666665,0.565234375,0.06643229166666653
p_222,t3_2n8psp,t1_cmbkvaw,t1_cmbempi,0.647560344827586,0.6392227722772278,0.008337572550358163
p_224,t3_2n8psp,t1_cmbnpay,t1_cmbzbs2,0.6292537037037036,0.6221459074733097,0.007107796230393926
p_225,t3_2n8psp,t1_cmc2p7e,t1_cmbi6o3,0.6510555555555558,0.5616326530612245,0.08942290249433138
p_226,t3_2n6s5w,t1_cmav500,t1_cmax5qt,0.6182248803827751,0.5996818181818184,0.018543062200956695
p_227,t3_2n4aay,t1_cmac7sf,t1_cma6qfq,0.60146875,0.5367702702702704,0.06469847972972964
p_229,t3_2n2wu5,t1_cm9u4m0,t1_cm9uau6,0.5583636363636363,0.5673444444444444,-0.008980808080808145
p_230,t3_2mzkhr,t1_cm931kl,t1_cm92k7o,0.5920056179775279,0.5817391304347825,0.010266487542745395
p_232,t3_2mw3l4,t1_cm83s8f,t1_cm875yc,0.6003783783783783,0.5717833333333334,0.028595045045044842
p_234,t3_2mv3n4,t1_cm83yv8,t1_cm805jt,0.5544440993788815,0.5656813725490193,-0.011237273170137785
p_236,t3_2mr590,t1_cm6tqwt,t1_cm6umtg,0.5145945945945947,0.41390000000000005,0.10069459459459462
p_237,t3_2mqzo8,t1_cm6skkb,t1_cm6usez,0.5891612903225807,0.5762608695652173,0.012900420757363418
p_238,t3_2mqujn,t1_cm7jdj2,t1_cm6wgd3,0.6020147058823528,0.5957842465753425,0.006230459307010383
p_239,t3_2mq7ib,t1_cm6ltar,t1_cm6oe3f,0.5110250000000001,0.5454166666666667,-0.0343916666666666
p_240,t3_2mptvb,t1_cm6m7jr,t1_cm6q0wq,0.6409367088607593,0.6523665480427043,-0.011429839181945067
p_241,t3_2mo4fl,t1_cm613kx,t1_cm5zuuo,0.6252307692307693,0.6774531250000001,-0.052222355769230844
p_242,t3_2mnthx,t1_cm5xikh,t1_cm660yf,0.5811901408450703,0.5697454545454547,0.011444686299615592
p_245,t3_2mnthx,t1_cm627rv,t1_cm660yf,0.5818374999999998,0.5697454545454547,0.01209204545454512
p_246,t3_2mnpdh,t1_cm6nlky,t1_cm65r7g,0.4917124999999999,0.6083173652694609,-0.11660486526946101
p_248,t3_2mm2dl,t1_cm5j6hr,t1_cm5iqtr,0.5344449152542373,0.48036585365853657,0.05407906159570075
p_247,t3_2mm2dl,t1_cm5ikfo,t1_cm5imes,0.5480344827586208,0.5486944444444445,-0.0006599616858237178
p_249,t3_2mlvww,t1_cm5gv0j,t1_cm5fmvt,0.6426020408163262,0.5414482758620689,0.10115376495425732
p_250,t3_2mikc0,t1_cm4o1vc,t1_cm4l9f4,0.6167816455696206,0.5631666666666666,0.05361497890295397
p_251,t3_2mfr85,t1_cm3vvc3,t1_cm3xij2,0.5685375,0.576704918032787,-0.008167418032786977
p_252,t3_2mfr85,t1_cm3wzw1,t1_cm3s6tg,0.596825539568346,0.5797450980392157,0.017080441529130352
p_255,t3_2mczo6,t1_cm330i1,t1_cm36hij,0.5648799999999999,0.6568125000000001,-0.0919325000000002
p_257,t3_2m9le3,t1_cm2e6er,t1_cm31flt,0.6262022900763362,0.6380441176470587,-0.011841827570722496
p_258,t3_2m9le3,t1_cm2g5du,t1_cm31flt,0.6131155778894471,0.6380441176470587,-0.024928539757611556
p_259,t3_2m9ifg,t1_cm26bmh,t1_cm2cio0,0.5998571428571429,0.5786785714285714,0.02117857142857149
p_260,t3_2m5248,t1_cm11puj,t1_cm1w5lh,0.6177058823529411,0.6124375,0.005268382352941137
p_261,t3_2m34jb,t1_cm0licf,t1_cm0sbmk,0.605726224783862,0.620634980988593,-0.014908756204731088
p_262,t3_2lzrmg,t1_clzo5rz,t1_clzn6zp,0.6133059701492537,0.5965000000000001,0.016805970149253557
p_263,t3_2lzrmg,t1_clzq2xu,t1_clzow1h,0.6027789473684211,0.614383223684211,-0.011604276315789974
p_264,t3_2lzhcj,t1_clzk61h,t1_clzmzlv,0.6357638888888888,0.7118636363636363,-0.07609974747474746
p_265,t3_2lxha7,t1_clz4fjz,t1_clz6u94,0.5989556962025312,0.6319807692307691,-0.03302507302823787
p_266,t3_2lxha7,t1_clz6dii,t1_clz2zlh,0.580669950738916,0.5285731707317074,0.05209678000720863
p_267,t3_2lxha7,t1_clz6jmw,t1_clz6u94,0.5753011363636363,0.6319807692307691,-0.056679632867132734
p_268,t3_2lwzlt,t1_clyyqcm,t1_clyz82q,0.4575431034482759,0.5173785714285712,-0.05983546798029532
p_269,t3_2lwzlt,t1_clz3eem,t1_clyzhrn,0.5967155963302752,0.5562876712328768,0.04042792509739834
p_270,t3_2lwv67,t1_clywrsu,t1_clywnxb,0.6193842592592589,0.5793333333333331,0.04005092592592574
p_272,t3_2lvdpt,t1_clykbog,t1_clyi7eq,0.523976923076923,0.4947755102040817,0.02920141287284128
p_274,t3_2lvano,t1_clyh39w,t1_clyhfb1,0.6512586206896551,0.6142196969696969,0.037038923719958206
p_275,t3_2luhkp,t1_clyejs2,t1_clyfg14,0.6465986842105262,0.5770208333333334,0.06957785087719282
p_277,t3_2ls0mt,t1_clxsuzu,t1_clxs28i,0.5688763440860215,0.5790342465753426,-0.010157902489321136
p_278,t3_2lrnbm,t1_clxhtmt,t1_clxl2fj,0.5880000000000001,0.5845757575757576,0.0034242424242424407
p_279,t3_2lqmp9,t1_clxaoqd,t1_clxmady,0.5574111111111113,0.6319545454545455,-0.07454343434343425
p_283,t3_2lorq2,t1_clwr4fw,t1_clwvc1q,0.5704928057553956,0.6021337579617835,-0.03164095220638785
p_286,t3_2lo786,t1_clwsiei,t1_clwl8yv,0.6330923913043477,0.6110106382978724,0.022081753006475302
p_287,t3_2lo786,t1_clwrur8,t1_clwvtrz,0.6514112903225806,0.6419302325581395,0.009481057764441081
p_289,t3_2llfy2,t1_clvxvqf,t1_clvyf5z,0.565123076923077,0.6225000000000002,-0.057376923076923214
p_288,t3_2llfy2,t1_clvxvbb,t1_clvyf5z,0.5807549019607844,0.6225000000000002,-0.04174509803921578
p_290,t3_2ljn6y,t1_clvf7hk,t1_clvgued,0.6245438596491227,0.603235294117647,0.021308565531475754
p_291,t3_2ljn6y,t1_clvf3sn,t1_clvg96j,0.6128418803418804,0.6120223880597013,0.0008194922821790351
p_293,t3_2lhzxl,t1_cluxxzr,t1_cluy5d5,0.5732343750000001,0.6060869565217392,-0.03285258152173909
p_294,t3_2lhzxl,t1_cluy594,t1_cluzvgm,0.5054050632911391,0.5722395833333331,-0.06683452004219403
p_296,t3_2le6r2,t1_cltxkan,t1_cltxdco,0.4875176470588236,0.534326530612245,-0.04680888355342139
p_298,t3_2ldsgu,t1_cltyfh2,t1_cltt3fn,0.6565749999999999,0.6485245098039217,0.008050490196078175
p_302,t3_2l9paa,t1_clspte1,t1_clsvj5h,0.5821266666666666,0.5904242424242427,-0.00829757575757617
p_303,t3_2l6x4s,t1_cls2ahn,t1_cls2eiw,0.6558229166666666,0.5496333333333332,0.10618958333333339
p_305,t3_2l6s0m,t1_cls56tt,t1_cls5hqx,0.5881301369863015,0.5533473520249222,0.03478278496137921
p_306,t3_2l3xj1,t1_clrpq69,t1_clrfe8c,0.5605326086956522,0.47094736842105267,0.08958524027459958
p_307,t3_2kypt8,t1_clpvnyi,t1_clpvnbz,0.6209,0.5761195652173913,0.044780434782608736
p_308,t3_2kypt8,t1_clpwjwi,t1_clpzajn,0.6063148148148149,0.5861555555555553,0.020159259259259543
p_309,t3_2kx0t8,t1_clphwg9,t1_clpl2cj,0.566890625,0.6263124999999999,-0.05942187499999996
p_311,t3_2kuu7n,t1_clp4w50,t1_cloyjd8,0.6358611111111111,0.6004999999999998,0.03536111111111129
p_310,t3_2kuu7n,t1_clp4b7x,t1_clp3n3x,0.604562111801242,0.6269766355140187,-0.022414523712776746
p_313,t3_2kqfel,t1_clnulai,t1_clntjxy,0.5992857142857142,0.6410272727272727,-0.04174155844155847
p_314,t3_2kqfel,t1_clnttl9,t1_clomsf7,0.589759493670886,0.5643106796116503,0.025448814059235714
p_315,t3_2kose9,t1_clnb50a,t1_clnb6hg,0.61515406162465,0.5977500000000001,0.017404061624649914
p_316,t3_2ko5tx,t1_cln523m,t1_cln4fit,0.6384166666666665,0.6809,-0.04248333333333343
p_318,t3_2kkqbm,t1_clmbeod,t1_clm9hyb,0.6173076923076922,0.6424902597402598,-0.025182567432567526
p_319,t3_2kko3q,t1_clm9cj5,t1_clmew0k,0.5768735632183908,0.6018378378378377,-0.024964274619446947
p_322,t3_2kko3q,t1_clmb52s,t1_clm9cuo,0.5608741134751777,0.6127303370786522,-0.05185622360347453
p_324,t3_2kk7pc,t1_clm4luc,t1_clm2hsa,0.46294845360824727,0.4082872340425532,0.054661219565694086
p_325,t3_2kgrtb,t1_cll64ro,t1_cll7z9y,0.5922867647058824,0.5945343137254904,-0.0022475490196079972
p_326,t3_2kgrtb,t1_cll6vkk,t1_cll7z9y,0.577179245283019,0.5945343137254904,-0.017355068442471366
p_328,t3_2kdqq8,t1_clkkhs8,t1_clktv9z,0.5828165137614677,0.584272727272727,-0.0014562135112593522
p_330,t3_2kcnzq,t1_clk2ygk,t1_clk0kv6,0.5843,0.6506959459459458,-0.06639594594594578
p_331,t3_2kacra,t1_cljftmb,t1_cljqwum,0.6051184210526316,0.5997129629629628,0.0054054580896687465
p_332,t3_2ka7la,t1_cljglg2,t1_cljepyl,0.5221,0.5262045454545454,-0.004104545454545416
p_333,t3_2k7hdx,t1_clirc4j,t1_clio0tt,0.5742954545454545,0.6083625,-0.03406704545454553
p_334,t3_2k6r90,t1_clih2os,t1_clih4bd,0.6038999999999998,0.5936505681818182,0.010249431818181609
p_335,t3_2k6r90,t1_clij0jm,t1_clih4bd,0.6043564814814815,0.5936505681818182,0.010705913299663306
p_336,t3_2k6r90,t1_cliklzw,t1_cligqv5,0.617679347826087,0.6338679245283018,-0.01618857670221474
p_337,t3_2k6r90,t1_clifxg1,t1_cligjkm,0.5888688524590162,0.6547894736842106,-0.06592062122519438
p_338,t3_2k6gif,t1_clicob1,t1_clifs1j,0.5186940298507463,0.5371578947368421,-0.01846386488609575
p_339,t3_2k4hym,t1_clhtpwj,t1_clhv3j1,0.6171645569620253,0.5904878048780489,0.026676752083976463
p_340,t3_2k49mm,t1_clhusz2,t1_clhupbu,0.5849514563106797,0.5589868421052633,0.025964614205416403
p_341,t3_2k3k0f,t1_clhk37s,t1_clhkbr9,0.5742,0.6745777777777776,-0.10037777777777757
p_342,t3_2k3k0f,t1_clhqb2i,t1_clhkbr9,0.66995,0.6745777777777776,-0.004627777777777564
p_343,t3_2k38kl,t1_clhr282,t1_clhhr4x,0.5935666666666668,0.6731666666666666,-0.07959999999999978
p_344,t3_2k36w0,t1_clhgvwv,t1_cli2kib,0.6488522727272727,0.5772222222222223,0.07163005050505045
p_345,t3_2k36w0,t1_cli8oco,t1_clhjrth,0.5862844036697248,0.5864332061068701,-0.00014880243714532337
p_346,t3_2k2szz,t1_clhdjlr,t1_clhg601,0.6114705882352942,0.6303,-0.01882941176470576
p_347,t3_2k1utj,t1_clh4smk,t1_clh4kow,0.6969807692307695,0.7194,-0.02241923076923058
p_348,t3_2k1utj,t1_clh4t7a,t1_clhgd1b,0.6334577464788733,0.6949615384615384,-0.06150379198266509
p_349,t3_2k1utj,t1_clhb9mi,t1_clh4kow,0.6122101449275363,0.7194,-0.1071898550724637
p_351,t3_2k1puo,t1_clh63i4,t1_clh5f05,0.510222972972973,0.4255333333333334,0.08468963963963966
p_352,t3_2k1puo,t1_clh65uf,t1_clhvr2d,0.5471078431372547,0.5499961240310074,-0.002888280893752704
p_353,t3_2k1puo,t1_clh65j4,t1_clhvr2d,0.5721504065040648,0.5499961240310074,0.022154282473057396
p_354,t3_2k1puo,t1_cli979e,t1_clhkzsx,0.5185381355932204,0.5970163043478259,-0.07847816875460556
p_355,t3_2k19cr,t1_clgz4c8,t1_clh5opp,0.5447142857142857,0.6152380952380953,-0.07052380952380954
p_357,t3_2k19cr,t1_clgz8mq,t1_clh4fvz,0.5882603092783504,0.5811090909090908,0.007151218369259582
p_358,t3_2k17kl,t1_clhphu8,t1_clgytu5,,0.5634687500000001,
p_359,t3_2k16fy,t1_clh464b,t1_clh7dae,0.6199999999999999,0.6013541666666666,0.01864583333333325
p_360,t3_2k0t4m,t1_clh2kiw,t1_cliiz93,0.6411473684210527,0.616810606060606,0.024336762360446684
p_362,t3_2k08pw,t1_clgrnar,t1_clgppqb,0.6419791666666667,0.5867733333333333,0.0552058333333334
p_367,t3_2jvv3h,t1_clfmf4m,t1_clfkc2t,0.6623095238095238,0.6391395348837209,0.02316998892580291
p_368,t3_2jug85,t1_clf92x6,t1_clfbqwz,0.6270692307692312,0.6384736842105265,-0.01140445344129537
p_369,t3_2jug85,t1_clf7frm,t1_clffyeo,0.6169130434782608,0.6253301886792452,-0.008417145200984355
p_370,t3_2ju07o,t1_clf6o33,t1_clf2f0m,0.6429142857142855,0.6144457831325303,0.02846850258175526
p_371,t3_2jtpcj,t1_clf007u,t1_clf0si6,0.6380215827338127,0.6963777777777779,-0.058356195043965164
p_372,t3_2jr2px,t1_clec1be,t1_clefsfa,0.5735212765957447,0.5631194029850746,0.010401873610670131
p_373,t3_2jpazx,t1_cldtopl,t1_cldtw4w,0.5451134020618558,0.6021443298969071,-0.05703092783505137
p_374,t3_2jp9x4,t1_cldt2z1,t1_cldu76n,0.6294608695652174,0.6070660377358492,0.02239483182936819
p_375,t3_2jp9x4,t1_clekeze,t1_clegi91,0.6758465346534652,0.615391304347826,0.06045523030563926
p_378,t3_2jk5tw,t1_clciqy4,t1_clcualb,0.6263275862068962,0.6414545454545454,-0.015126959247649174
p_380,t3_2jk4dx,t1_clcyeh9,t1_clcuzkf,0.559050724637681,0.634,-0.07494927536231899
p_382,t3_2jgtvo,t1_clbpx86,t1_clbm2rj,0.6200462962962962,0.5869800000000001,0.033066296296296094
p_383,t3_2jd1e2,t1_clal24g,t1_clanf9e,0.608200495049505,0.6466500000000001,-0.03844950495049504
p_384,t3_2jd1e2,t1_clarvlb,t1_clanf9e,0.5902931937172778,0.6466500000000001,-0.056356806282722216
p_385,t3_2jd1e2,t1_claktmk,t1_clanf9e,0.609731343283582,0.6466500000000001,-0.03691865671641803
p_387,t3_2jaz9o,t1_claaior,t1_cla6j13,0.5230833333333333,0.5355416666666667,-0.012458333333333349
p_388,t3_2jalt8,t1_clawz3s,t1_cla00dw,0.6305945945945948,0.5906493506493505,0.039945243945244235
p_389,t3_2jalrh,t1_cl9xfk4,t1_cl9zbqs,0.515324175824176,0.5529347826086957,-0.03761060678451966
p_390,t3_2jaiv1,t1_cl9wvir,t1_cl9x4n6,0.5615620155038761,0.5880705882352939,-0.026508572731417823
p_391,t3_2j7xhu,t1_cl97sqh,t1_cl96t4g,0.5568375,0.6173166666666667,-0.06047916666666675
p_394,t3_2j7gwy,t1_cl96wx9,t1_cl9fm82,0.5850689655172416,0.5934656250000001,-0.008396659482758473
p_395,t3_2j7gwy,t1_cl9cn39,t1_cl9dn9l,0.6318352272727273,0.6499125000000001,-0.018077272727272775
p_396,t3_2j7d65,t1_cl91nh6,t1_cl91k1d,0.4888706896551724,0.4511111111111111,0.03775957854406131
p_398,t3_2j6t16,t1_cl92lzn,t1_cl97wok,0.6358125,0.6453840579710146,-0.00957155797101461
p_400,t3_2j5jvu,t1_cl9bkpg,t1_cl8o6tc,0.5591245487364621,0.5499000000000003,0.009224548736461835
p_403,t3_2j3b5u,t1_cl80w0h,t1_cl8gnj4,0.48022340425531923,0.5705666666666667,-0.09034326241134744
p_407,t3_2j3b5u,t1_cl8dhjd,t1_cl85v1i,0.5828298969072164,0.5662105263157894,0.01661937059142704
p_406,t3_2j3b5u,t1_cl89ycu,t1_cl85v1i,0.5585081967213115,0.5662105263157894,-0.007702329594477919
p_408,t3_2j3aav,t1_cl840b4,t1_cl849y1,0.5311999999999999,0.5240802469135803,0.007119753086419545
p_409,t3_2j28la,t1_cl7q1dy,t1_cl858g0,0.5981037735849056,0.6553518518518519,-0.05724807826694622
p_410,t3_2j28la,t1_cl7p4at,t1_cl83vyl,0.6252785714285717,0.5193867924528301,0.10589177897574154
p_411,t3_2j28la,t1_cl7ri4n,t1_cl858g0,0.6225707547169813,0.6553518518518519,-0.03278109713487054
p_412,t3_2j28la,t1_cl81bji,t1_cl858g0,0.6253198924731183,0.6553518518518519,-0.030031959378733597
p_413,t3_2j196u,t1_cl7nh5y,t1_cl7qbkn,0.5599565217391307,0.4928772455089822,0.06707927623014848
p_415,t3_2izt1m,t1_cl7icjq,t1_cl7elqy,0.5319784482758622,0.5603771929824564,-0.028398744706594203
p_416,t3_2izt1m,t1_cl7sekd,t1_cl75zb3,0.5440420454545454,0.5675495049504952,-0.02350745949594979
p_418,t3_2izjkk,t1_cl6xo3s,t1_cl74g9q,0.6148984375,0.6356071428571428,-0.020708705357142865
p_419,t3_2izjkk,t1_cl6ygkg,t1_cl6xy7n,0.6156059782608694,0.6670000000000004,-0.05139402173913099
p_420,t3_2izeqi,t1_cl6wpkg,t1_cl6w17t,0.5877031250000002,0.5601179775280897,0.027585147471910543
p_422,t3_2ixmih,t1_cl6muq9,t1_cl6mipr,0.5295573770491799,0.6011808510638299,-0.07162347401464997
p_423,t3_2ixmih,t1_cl6ozsr,t1_cl6o7jv,0.5362540106951869,0.5140526315789474,0.022201379116239428
p_427,t3_2ixatz,t1_cl8dw9u,t1_cl6g9da,0.6404444444444445,0.6337142857142855,0.00673015873015903
p_425,t3_2ixatz,t1_cl6fauf,t1_cl6z31r,0.5583227848101266,0.616014705882353,-0.057691921072226315
p_426,t3_2ixatz,t1_cl6iqft,t1_cl6gf5b,0.5407352941176471,0.5743593750000001,-0.033624080882353025
p_428,t3_2iwzsp,t1_cl6ay84,t1_cl6c988,0.5581249999999996,0.6151474358974358,-0.05702243589743616
p_429,t3_2iwzsp,t1_cl6bhfy,t1_cl6c988,0.5618684210526314,0.6151474358974358,-0.05327901484480446
p_430,t3_2iwveo,t1_cl6b8u3,t1_cl69lxd,0.5867901554404144,0.6027499999999999,-0.015959844559585545
p_431,t3_2iwveo,t1_cl800qa,t1_cl69lxd,0.6244256198347103,0.6027499999999999,0.021675619834710447
p_432,t3_2ivx0l,t1_cl67lqu,t1_cl67bty,0.6748545454545454,0.6413705882352941,0.03348395721925124
p_434,t3_2iv4za,t1_cl5slm3,t1_cl5s53p,0.5063787878787878,0.599102564102564,-0.09272377622377626
p_435,t3_2iuaxc,t1_cl5nwpb,t1_cl5jk46,0.5227874999999998,0.5951818181818183,-0.0723943181818184
p_437,t3_2isiv7,t1_cl525xl,t1_cl549xt,0.5795223214285715,0.66774,-0.08821767857142848
p_439,t3_2irrk7,t1_cl4wjj0,t1_cl4u4v3,0.6283166666666665,0.5915675675675675,0.03674909909909907
p_438,t3_2irrk7,t1_cl4wdvv,t1_cl52znp,0.5583376623376624,0.5908304347826085,-0.032492772444946194
p_440,t3_2irrk7,t1_cl4y7m2,t1_cl58m5a,0.588445692883895,0.5555677966101694,0.032877896273725615
p_441,t3_2ir1vh,t1_cl4nafc,t1_cl4pno4,0.6241445783132529,0.5292872340425531,0.0948573442706998
p_443,t3_2iovvi,t1_cl43i7i,t1_cl42uon,0.56592,0.5405833333333331,0.025336666666666896
p_444,t3_2inzpj,t1_cl3wpb9,t1_cl3udkv,0.5492314814814814,0.5702386363636364,-0.021007154882154988
p_445,t3_2ina28,t1_cl3s9jc,t1_cl3neuz,0.592378787878788,0.6408846153846154,-0.04850582750582744
p_449,t3_2il3zi,t1_cl3rzx9,t1_cl3bvmc,0.7161157407407408,0.6787933333333336,0.03732240740740722
p_450,t3_2ikw3y,t1_cl371yt,t1_cl333zm,0.520459595959596,0.5844833333333332,-0.06402373737373723
p_451,t3_2iht9m,t1_cl2lqsw,t1_cl2gvmp,0.5873618421052631,0.5475606060606061,0.03980123604465702
p_452,t3_2igw1u,t1_cl25sfq,t1_cl22odo,0.6698597359735976,0.6875900900900903,-0.017730354116492708
p_453,t3_2idrbt,t1_cl1a71q,t1_cl1ab8j,0.5982128099173546,0.6218712121212121,-0.02365840220385751
p_454,t3_2idrbt,t1_cl1duod,t1_cl1dfkj,0.5896551724137932,0.5957043010752687,-0.006049128661475556
p_455,t3_2icu72,t1_cl11doa,t1_cl1s0iw,0.6454545454545455,0.6215999999999999,0.023854545454545573
p_456,t3_2ia71k,t1_cl0aa4e,t1_cl09ezh,0.6682065217391305,0.6685373134328356,-0.0003307916937050903
p_457,t3_2ia687,t1_cl09frn,t1_cl0qx79,0.6418601036269427,0.6556847826086956,-0.01382467898175288
p_460,t3_2i87x9,t1_ckzt3jo,t1_ckzrx1b,0.6390571428571431,0.5852037037037036,0.05385343915343954
p_461,t3_2i7mpy,t1_ckzo815,t1_ckzptel,0.5705061728395062,0.6097708333333336,-0.039264660493827375
p_464,t3_2i74db,t1_ckzhoas,t1_ckzmg42,0.6539318181818182,0.6206166666666665,0.03331515151515174
p_466,t3_2i74db,t1_ckzk199,t1_ckzh5vf,0.6065576923076923,0.62375,-0.01719230769230773
p_465,t3_2i74db,t1_ckzhr6u,t1_ckzmg42,0.6551385542168673,0.6206166666666665,0.0345218875502008
p_467,t3_2i74db,t1_ckzp8g2,t1_ckzhplg,0.6693275862068966,0.6680465116279071,0.0012810745789895162
p_468,t3_2i74db,t1_cl0olzx,t1_ckzivxw,0.6646136363636365,0.6588484848484848,0.0057651515151516675
p_469,t3_2i6wcg,t1_ckzjivu,t1_ckzqgtr,0.5425522875816994,0.5893619047619046,-0.046809617180205265
p_470,t3_2i6sq2,t1_ckzd013,t1_ckzmvnc,0.6622857142857143,0.6080750000000001,0.05421071428571411
p_472,t3_2i53gm,t1_ckyxxzr,t1_ckzkrjm,0.6027152777777778,0.6608936170212766,-0.0581783392434988
p_474,t3_2i53gm,t1_ckyxdye,t1_ckyz4tk,0.6245961538461539,0.5526184210526314,0.07197773279352249
p_473,t3_2i53gm,t1_ckz0h04,t1_ckzj5lk,0.5541694915254237,0.6007142857142856,-0.04654479418886193
p_475,t3_2i4ujn,t1_ckz1of3,t1_ckyu5rm,0.5556793478260869,0.5316875000000002,0.023991847826086654
p_476,t3_2i48ap,t1_ckyt6o8,t1_ckyqbf3,0.6488607594936707,0.6376375,0.011223259493670756
p_477,t3_2i1d99,t1_ckxyj6k,t1_cky3jbs,0.5337291666666669,0.5753409090909091,-0.04161174242424215
p_479,t3_2i0v1l,t1_ckxu8a4,t1_cky4z54,0.6547582781456955,0.6548669064748199,-0.00010862832912439391
p_480,t3_2i0v1l,t1_ckxvp3i,t1_cky4z54,0.6464910714285715,0.6548669064748199,-0.008375835046248392
p_481,t3_2i0v1l,t1_ckxu3sn,t1_cky4z54,0.628281818181818,0.6548669064748199,-0.02658508829300188
p_483,t3_2i0v1l,t1_ckxu3jp,t1_cky4z54,0.6318108108108111,0.6548669064748199,-0.02305609566400879
p_482,t3_2i0v1l,t1_cky0241,t1_ckyf89q,0.6596727272727275,0.6166029411764704,0.04306978609625711
p_484,t3_2hzyl1,t1_cky1hsp,t1_ckxtqoy,0.5971636363636362,0.6435643939393941,-0.0464007575757579
p_485,t3_2hxjbt,t1_ckx3oiu,t1_ckwx420,0.5756764705882352,0.568768292682927,0.006908177905308288
p_486,t3_2hxjbt,t1_ckx4axr,t1_ckwx420,0.5750860655737706,0.568768292682927,0.006317772890843676
p_488,t3_2hwulu,t1_ckwq1jd,t1_ckwq945,0.4775500000000001,0.6049166666666665,-0.12736666666666646
p_490,t3_2htrl3,t1_ckw2y0n,t1_ckvy6x4,0.6557035398230087,0.655935,-0.00023146017699138266
p_491,t3_2htk52,t1_ckvvxkp,t1_ckvx0ev,0.6031338028169014,0.5487666666666667,0.054367136150234696
p_492,t3_2htk52,t1_ckvxkvc,t1_ckvx0ev,0.6033870967741934,0.5487666666666667,0.05462043010752671
p_493,t3_2hr75i,t1_ckv9zqs,t1_ckv9rr3,0.6174999999999999,0.6036904761904761,0.013809523809523827
p_496,t3_2hpa2d,t1_ckuqod3,t1_ckuzhiu,0.6312241379310346,0.5698124999999998,0.06141163793103477
p_498,t3_2ho91q,t1_ckvcw78,t1_ckuhjc3,0.4972179487179487,0.5454062500000001,-0.04818830128205137
p_499,t3_2hiuav,t1_ckt28ag,t1_ckt2g63,0.5828765957446808,0.5796865671641793,0.003190028580501436
p_500,t3_2hfggr,t1_cks62en,t1_cks5dxq,0.6343548387096773,0.607135714285714,0.027219124423963348
p_501,t3_2hevmr,t1_cks71oj,t1_cks21ow,0.637839222614841,0.5993752260397831,0.038463996575057946
p_503,t3_2hcsbm,t1_ckrirh7,t1_ckrgs3i,0.5841016949152543,0.606127192982456,-0.022025498067201665
p_504,t3_2hcsbm,t1_ckrm2w9,t1_ckrhha6,0.6312545454545451,0.6410999999999999,-0.009845454545454824
p_505,t3_2hcri1,t1_ckrh2wh,t1_ckrggw4,0.5483614457831325,0.6207916666666669,-0.07243022088353435
p_506,t3_2hcri1,t1_ckrjgy3,t1_ckrggw4,0.5918660714285714,0.6207916666666669,-0.02892559523809546
p_508,t3_2h86d3,t1_ckqarz7,t1_ckqhhuu,0.628843023255814,0.6259104477611941,0.0029325754946198934
p_509,t3_2h86d3,t1_ckqafe5,t1_ckqce1l,0.6361265060240965,0.6251029411764705,0.01102356484762601
p_511,t3_2h4eyz,t1_ckpc76o,t1_ckp9n1i,0.5453421052631579,0.5431785714285714,0.0021635338345864508
p_513,t3_2h0jzj,t1_ckohl81,t1_ckodwsx,0.5827216358839055,0.5867376237623763,-0.004015987878470795
p_514,t3_2h0jzj,t1_ckoe0hf,t1_ckodwsx,0.5431675675675678,0.5867376237623763,-0.04357005619480847
p_516,t3_2gzzdj,t1_cko4w0c,t1_cko704v,0.5904767441860465,0.5980084745762713,-0.007531730390224811
p_519,t3_2gydya,t1_cknrbir,t1_cknn53g,0.6460641025641026,0.5608586956521738,0.0852054069119288
p_520,t3_2gydya,t1_ckoa0em,t1_ckoa7jr,0.6065619834710746,0.6189649122807018,-0.012402928809627234
p_522,t3_2gutfw,t1_ckmqhcy,t1_ckmsmic,0.5870365853658536,0.5631234567901233,0.023913128575730247
p_523,t3_2gutfw,t1_ckmsso5,t1_ckmp2m8,0.6080666666666665,0.5916772151898735,0.01638945147679305
p_524,t3_2gutfw,t1_ckmpz17,t1_ckn0chh,0.5962865168539325,0.57988,0.016406516853932573
p_525,t3_2gsjt4,t1_ckm3eez,t1_ckm57gi,0.6324090909090909,0.6588701298701298,-0.026461038961038907
p_526,t3_2gsjkx,t1_ckm3upz,t1_ckm3me9,0.7106234567901234,0.6502065217391305,0.06041693505099288
p_527,t3_2gscl8,t1_ckm3j6s,t1_ckm1x6y,0.6067822580645161,0.5725747126436782,0.034207545420837926
p_529,t3_2gpy69,t1_cklkgsr,t1_cklrd7q,0.5669142857142857,0.5927727272727273,-0.025858441558441636
p_532,t3_2gmkz2,t1_ckkm4uh,t1_ckkl832,0.52408,0.5795789473684209,-0.05549894736842087
p_534,t3_2glozx,t1_ckkahw7,t1_ckkcrue,0.6205172413793104,0.6158550000000002,0.004662241379310261
p_535,t3_2glozx,t1_ckkb7k5,t1_ckkcgtt,0.5766111111111111,0.5373095238095237,0.03930158730158739
p_536,t3_2gliyk,t1_ckk9blv,t1_ckk9cif,0.542832142857143,0.5402016806722689,0.0026304621848740606
p_537,t3_2gliyk,t1_ckkaypu,t1_ckkhubk,0.5334234449760769,0.5851173469387754,-0.05169390196269852
p_538,t3_2gkv97,t1_ckk5d7b,t1_ckk2eje,0.58884,0.5406200000000002,0.04821999999999982
p_541,t3_2ghosx,t1_ckj7oyl,t1_ckj8bt9,0.6714444444444444,0.6237205882352943,0.047723856209150095
p_542,t3_2ggq4d,t1_ckiyftg,t1_ckiyjmb,0.6104527027027027,0.54767,0.0627827027027027
p_543,t3_2ggppl,t1_ckixuwj,t1_ckixo4m,0.5836079545454548,0.638968253968254,-0.055360299422799186
p_545,t3_2ggppl,t1_ckiyv6o,t1_ckiz87f,0.6534523809523809,0.6365316455696202,0.016920735382760732
p_547,t3_2ggeie,t1_ckj0ypi,t1_ckiurpd,0.6373301158301159,0.669455792682927,-0.03212567685281109
p_548,t3_2gf3at,t1_ckjbl54,t1_ckioyq4,0.4993461538461538,0.5389729729729732,-0.039626819126819424
p_551,t3_2gdd35,t1_cki0iqm,t1_cki80vu,0.6321451612903223,0.7019411764705881,-0.06979601518026579
p_554,t3_2g83sk,t1_ckgpxl1,t1_ckgjkvd,0.577375,0.5621612903225806,0.015213709677419418
p_555,t3_2g6mpl,t1_ckg55ez,t1_ckg4zgn,0.5222236842105263,0.5132916666666667,0.008932017543859638
p_556,t3_2g4ifu,t1_ckfqk9u,t1_ckfshmt,0.5840384615384613,0.5746656804733726,0.009372781065088653
p_559,t3_2g2vzd,t1_ckf6qtu,t1_ckf4pc7,0.6221119402985074,0.6607763157894737,-0.03866437549096635
p_561,t3_2g2dg1,t1_ckf6526,t1_ckg1de7,0.6026571906354515,0.6112549668874173,-0.008597776251965783
p_562,t3_2g1ea5,t1_ckeqq3q,t1_ckesi7g,0.5654036144578309,0.6242446043165465,-0.05884098985871555
p_564,t3_2g1ea5,t1_ckersg9,t1_cket437,0.6625561224489794,0.5962454545454547,0.06631066790352469
p_565,t3_2g1ea5,t1_cket8bk,t1_cket39p,0.6738269230769229,0.6252758620689656,0.04855106100795736
p_566,t3_2g0wmr,t1_ckenwa6,t1_ckemqjl,0.6451465968586387,0.58575,0.05939659685863874
p_569,t3_2fwq1i,t1_ckdlfbp,t1_ckdpk3y,0.5648709677419353,0.5836666666666667,-0.01879569892473132
p_570,t3_2fwmff,t1_ckdlodj,t1_ckdfg3r,0.5958727272727272,0.5879077380952382,0.007964989177489001
p_572,t3_2fuvyn,t1_ckd2th4,t1_ckd051u,0.6031310160427805,0.6078842592592593,-0.004753243216478742
p_573,t3_2fu5da,t1_ckcwa0l,t1_ckd7g94,0.6031750000000002,0.5856999999999999,0.01747500000000035
p_575,t3_2fu5da,t1_ckd2dqa,t1_ckd7g94,0.6433333333333334,0.5856999999999999,0.057633333333333536
p_576,t3_2fu5da,t1_ckdjfgl,t1_cke4u4s,0.592528735632184,0.6128897058823528,-0.02036097025016881
p_577,t3_2fty9r,t1_ckd78uk,t1_ckcsyfa,0.6310175438596491,0.5321145833333334,0.09890296052631575
p_579,t3_2fr87u,t1_ckcche8,t1_ckbz0d4,0.6429204545454543,0.6373437499999998,0.005576704545454558
p_581,t3_2fo07m,t1_ckb6wte,t1_ckbi4rn,0.543105504587156,0.5946132075471698,-0.051507702960013835
p_582,t3_2fo07m,t1_ckb4dmq,t1_ckbi4rn,0.56072,0.5946132075471698,-0.033893207547169846
p_586,t3_2fkhgs,t1_cka4baq,t1_ckagd1v,0.6425338983050848,0.6035737704918032,0.03896012781328162
p_587,t3_2fkhgs,t1_cka71xp,t1_ckahr81,0.6190561797752808,0.5767435233160622,0.04231265645921867
p_588,t3_2fkhgs,t1_ckabepp,t1_ckab7k5,0.598357142857143,0.6326428571428571,-0.03428571428571403
p_589,t3_2fjsjb,t1_ck9wx7u,t1_cka49p5,0.5651614906832295,0.6216983471074378,-0.05653685642420825
p_590,t3_2fh3qu,t1_ck99mwb,t1_ck94xpk,0.48894505494505486,0.4755729166666667,0.01337213827838818
p_592,t3_2fgshm,t1_ck9f5l1,t1_ck98ujh,0.557609649122807,0.5460384615384615,0.0115711875843455
p_593,t3_2fgrxm,t1_ck91zkd,t1_ck91m7r,0.5207407407407407,0.5833200000000001,-0.06257925925925933
p_595,t3_2fg916,t1_ck8x3ob,t1_ck8wogg,0.5859329268292683,0.6754067796610169,-0.08947385283174858
p_597,t3_2fduqy,t1_ck8t6he,t1_ck8px65,0.5574498207885307,0.5608111111111109,-0.003361290322580257
p_598,t3_2fduqy,t1_ck8agrx,t1_ck94f1t,0.60436312849162,0.5524882352941176,0.05187489319750238
p_602,t3_2fdmwl,t1_ck8hcxb,t1_ck8aoqa,0.6773059701492539,0.6437943548387097,0.03351161531054414
p_603,t3_2fdmwl,t1_ck8rib6,t1_ck8aoqa,0.6632841726618702,0.6437943548387097,0.019489817823160505
p_605,t3_2fd87u,t1_ck83yle,t1_ck84612,0.5659637681159417,0.5716979166666667,-0.00573414855072496
p_606,t3_2fd87u,t1_ck859ka,t1_ck843v2,0.5885338983050846,0.5746666666666665,0.013867231638418076
p_607,t3_2fbbv9,t1_ck84tkw,t1_ck88yhl,0.6297440000000001,0.6036299999999999,0.026114000000000193
p_611,t3_2f78ys,t1_ck6mvg6,t1_ck6wzql,0.6210533980582523,0.6482451298701297,-0.027191731811877395
p_616,t3_2f3w7f,t1_ck60pkf,t1_ck68kw6,0.628520979020979,0.647394366197183,-0.018873387176204015
p_617,t3_2f3fma,t1_ck5uh5i,t1_ck5jj2i,0.6247727272727273,0.5634642857142859,0.061308441558441396
p_618,t3_2f2p8u,t1_ck5cmsy,t1_ck5f41j,0.7315599999999998,0.4474444444444444,0.28411555555555534
p_620,t3_2f1tka,t1_ck54mdm,t1_ck53prd,0.5630515873015872,0.5245172413793103,0.03853434592227689
p_623,t3_2f0a4a,t1_ck5qg13,t1_ck4vnzo,0.5773956043956043,0.6493148148148149,-0.07191921041921057
p_626,t3_2erf2t,t1_ck2ljcj,t1_ck2gk4u,0.5525853658536587,0.6054637681159422,-0.052878402262283464
p_628,t3_2eqf4w,t1_ck2dhsc,t1_ck22nty,0.5674275362318846,0.5486979166666668,0.018729619565217792
p_635,t3_2emkns,t1_ck1194m,t1_ck13p6l,0.5720909090909091,0.581390625,-0.009299715909090955
p_634,t3_2emkns,t1_ck0zrjm,t1_ck13p6l,0.5980671641791045,0.581390625,0.0166765391791045
p_632,t3_2emkns,t1_ck12zme,t1_ck13upr,0.5909901960784313,0.5844220779220779,0.006568118156353386
p_637,t3_2emdo8,t1_ck0wlix,t1_ck0ugt9,0.5926807228915663,0.5565686274509805,0.0361120954405858
p_639,t3_2ehl9h,t1_cjzpkr3,t1_cjzk8g5,0.463731707317073,0.5852558139534885,-0.12152410663641544
p_641,t3_2eez7x,t1_cjzf2j8,t1_cjzgw4v,0.6481633986928103,0.6147556390977446,0.0334077595950657
p_642,t3_2eeedl,t1_cjyrp0h,t1_cjyos4x,0.5689142857142857,0.5690000000000001,-8.571428571435558e-05
p_643,t3_2eeedl,t1_cjyo1c4,t1_cjyz90m,0.5412978723404256,0.6066111111111111,-0.06531323877068551
p_644,t3_2eeedl,t1_cjyny2g,t1_cjyos4x,0.5976744186046511,0.5690000000000001,0.02867441860465103
p_645,t3_2eeedl,t1_cjypfnn,t1_cjyy8zl,0.42350000000000004,0.5413046874999999,-0.1178046874999999
p_647,t3_2edzcv,t1_cjyy0v9,t1_cjysuzd,0.5487279236276852,0.567866379310345,-0.019138455682659816
p_648,t3_2ebw2y,t1_cjy2hvj,t1_cjy4ceu,0.5594302325581393,0.5106666666666665,0.04876356589147279
p_649,t3_2ebkiy,t1_cjxxcwt,t1_cjy5nhm,0.526407894736842,0.5763749999999999,-0.04996710526315784
p_650,t3_2ebj49,t1_cjxyzxn,t1_cjxzs8p,0.5845945945945946,0.6042564102564103,-0.019661815661815685
p_651,t3_2eahyl,t1_cjxnpf1,t1_cjxqeut,0.666673076923077,0.5834677419354838,0.0832053349875932
p_652,t3_2eahyl,t1_cjxo529,t1_cjxtave,0.5928139534883721,0.5908791044776116,0.0019348490107604643
p_654,t3_2e9s6m,t1_cjxf8x8,t1_cjxl9tb,0.619140909090909,0.5378310810810814,0.08130982800982767
p_655,t3_2e9rt1,t1_cjxgilw,t1_cjxfkcw,0.56290625,0.6064406779661018,-0.04353442796610174
p_656,t3_2e9q8o,t1_cjxdy6w,t1_cjxkoca,0.5527710280373833,0.5325974842767294,0.020173543760653945
p_657,t3_2e98b1,t1_cjxb5sz,t1_cjxexte,0.6236285714285715,0.6870238095238095,-0.06339523809523795
p_659,t3_2e98b1,t1_cjxanmm,t1_cjx9qkg,0.6192808988764044,0.6132714285714286,0.006009470304975784
p_660,t3_2e8yse,t1_cjx89ru,t1_cjxdz78,0.6034320987654321,0.5921442307692306,0.011287867996201517
p_661,t3_2e8yse,t1_cjx7g3z,t1_cjxdz78,0.5990454545454547,0.5921442307692306,0.006901223776224041
p_662,t3_2e8ach,t1_cjxi71v,t1_cjx17o5,0.623318897637795,0.5030232558139537,0.12029564182384134
p_663,t3_2e6v25,t1_cjxa35m,t1_cjx2bzp,0.5403920863309352,0.5934122807017542,-0.05302019437081906
p_667,t3_2e4crb,t1_cjvy9v7,t1_cjwlak3,0.5431279069767443,0.5895360824742267,-0.04640817549748244
p_668,t3_2e4crb,t1_cjxll0p,t1_cjw5uck,0.5747315436241611,0.612909090909091,-0.038177547284929836
p_669,t3_2e4b5f,t1_cjvxnfz,t1_cjwigez,0.6079220779220778,0.5291964285714286,0.07872564935064919
p_670,t3_2e439b,t1_cjw2n76,t1_cjvvbcf,0.58046875,0.5339268292682927,0.046541920731707265
p_672,t3_2e3t22,t1_cjvs6w2,t1_cjvzvc8,0.6087802197802197,0.5982710843373494,0.010509135442870243
p_674,t3_2e3f98,t1_cjvox9d,t1_cjvp856,0.5823108108108109,0.5865625000000001,-0.004251689189189167
p_676,t3_2e2rb6,t1_cjvi6ow,t1_cjvzfop,0.6213934426229507,0.5789112903225808,0.04248215230036989
p_677,t3_2e2rb6,t1_cjx8ys6,t1_cjvin9n,0.6440625,0.6370555555555555,0.007006944444444496
p_678,t3_2e2jug,t1_cjvwam2,t1_cjvvj7z,0.6196159420289853,0.5453827751196171,0.07423316690936821
p_679,t3_2e2jug,t1_cjvuw76,t1_cjvoyh6,0.5983741610738257,0.6123653846153845,-0.013991223541558795
p_680,t3_2e1fah,t1_cjv53s3,t1_cjv5s7v,0.6019603174603174,0.633359375,-0.03139905753968253
p_681,t3_2e1fah,t1_cjv86o4,t1_cjvncqn,0.6145909090909091,0.6322342342342341,-0.017643325143325006
p_682,t3_2e1fah,t1_cjvi92b,t1_cjv5s7v,0.5910322580645161,0.633359375,-0.042327116935483855
p_683,t3_2dzrhq,t1_cjunv4h,t1_cjunnw5,0.505920634920635,0.43104054054054053,0.07488009438009446
p_684,t3_2dzrhq,t1_cjv2nbp,t1_cjunbkn,0.5651774193548388,0.42289999999999994,0.14227741935483884
p_685,t3_2dzrhq,t1_cjuplp1,t1_cjunss7,0.5580851063829788,0.48751136363636366,0.07057374274661515
p_686,t3_2dzqgj,t1_cjurtqh,t1_cjv9hrw,0.5698709677419356,0.6426440677966102,-0.07277310005467463
p_688,t3_2dzqgj,t1_cjv7aa2,t1_cjv9hrw,0.6164146341463412,0.6426440677966102,-0.026229433650268974
p_687,t3_2dzqgj,t1_cjun4m4,t1_cjuorfi,0.592287037037037,0.5740669291338583,0.01822010790317874
p_690,t3_2dy3mw,t1_cju8xei,t1_cjuc7t4,0.5420697674418606,0.5870543478260871,-0.04498458038422648
p_692,t3_2dxa7k,t1_cjtzqak,t1_cju9ahc,0.5879,0.6405538461538463,-0.05265384615384627
p_695,t3_2dw5ig,t1_cjtn82k,t1_cjtn850,0.5072083333333334,0.5164210526315789,-0.00921271929824552
p_696,t3_2dvguy,t1_cjtqfdm,t1_cjty2p2,0.6347747747747748,0.5637941176470589,0.07098065712771595
p_697,t3_2dtng7,t1_cjsz593,t1_cjt08iq,0.6305388349514562,0.6277031249999999,0.002835709951456322
p_699,t3_2dtng7,t1_cjt0gp1,t1_cjt08iq,0.6476822916666666,0.6277031249999999,0.01997916666666666
p_701,t3_2dsh9z,t1_cjsm7s0,t1_cjsp93m,0.5817600000000003,0.644422077922078,-0.06266207792207767
p_702,t3_2dsh9z,t1_cjso3hu,t1_cjsprfv,0.6038099999999997,0.6275555555555558,-0.02374555555555602
p_706,t3_2drox8,t1_cjsefiu,t1_cjshzfo,0.5887352941176468,0.6071539735099338,-0.01841867939228703
p_707,t3_2dqwmd,t1_cjs75j7,t1_cjtbaaf,0.6271494252873564,0.5807272727272728,0.04642215256008364
p_710,t3_2dqiwg,t1_cjs3gzc,t1_cjs43w0,0.5305098039215687,0.5534880952380952,-0.02297829131652651
p_713,t3_2dnntx,t1_cjrb5qh,t1_cjr97o9,0.6398352272727273,0.6336369047619048,0.006198322510822529
p_714,t3_2dn3f8,t1_cjr9dnd,t1_cjrqm60,0.5829186046511627,0.6164350649350645,-0.03351646028390176
p_717,t3_2dn11e,t1_cjrjl9x,t1_cjr71xy,0.6158440860215053,0.61849,-0.002645913978494674
p_715,t3_2dn11e,t1_cjr2n9b,t1_cjr6whw,0.6161057692307692,0.605490099009901,0.010615670220868179
p_718,t3_2dlheo,t1_cjqnd51,t1_cjqtrub,0.616469696969697,0.6446071428571429,-0.028137445887445933
p_725,t3_2dhno3,t1_cjpkrey,t1_cjpktss,0.58278125,0.568190909090909,0.01459034090909106
p_726,t3_2dhno3,t1_cjpl1mi,t1_cjpl00t,0.5912115384615384,0.5411190476190477,0.05009249084249068
p_729,t3_2dgu6l,t1_cjpdy8k,t1_cjpe59d,0.6342528409090907,0.6489593023255814,-0.01470646141649068
p_727,t3_2dgu6l,t1_cjpdn9v,t1_cjpklzu,0.6783194444444445,0.6388516949152544,0.03946774952919008
p_730,t3_2dgqx2,t1_cjpbloq,t1_cjpbk3l,0.7156190476190476,0.5035217391304347,0.21209730848861286
p_732,t3_2dg6ti,t1_cjp6klt,t1_cjp63yk,0.6025602409638555,0.5400081967213115,0.06255204424254401
p_733,t3_2dg4c1,t1_cjpx7h2,t1_cjpio9w,0.606578082191781,0.6405906250000004,-0.034012542808219415
p_734,t3_2dfvv8,t1_cjp4zw9,t1_cjps9sv,0.5055017985611511,0.5714916666666667,-0.06598986810551566
p_735,t3_2dfees,t1_cjoyyhb,t1_cjoyhsi,0.6204051724137931,0.6170378787878786,0.0033672936259144803
p_736,t3_2df7cg,t1_cjp0py1,t1_cjp0eg0,0.5659272727272727,0.6338823529411763,-0.06795508021390362
p_738,t3_2ddrqc,t1_cjos8fl,t1_cjoj8pn,0.6286973684210527,0.6164565217391305,0.012240846681922268
p_739,t3_2ddrqc,t1_cjoqu2v,t1_cjok2vp,0.6447753623188405,0.5955243902439024,0.049250972074938115
p_744,t3_2d9qj2,t1_cjnklzx,t1_cjnknol,0.5960788288288288,0.5893659090909089,0.006712919737919876
p_748,t3_2d80rd,t1_cjn0zyz,t1_cjn0l56,0.5624632352941176,0.6065081967213116,-0.04404496142719405
p_749,t3_2d80rd,t1_cjmzj1k,t1_cjn0l56,0.6050769230769233,0.6065081967213116,-0.0014312736443883312
p_751,t3_2d70dq,t1_cjmpn2y,t1_cjmqlfg,0.6339821428571428,0.6910434782608695,-0.05706133540372671
p_752,t3_2d70dq,t1_cjmpqr5,t1_cjmq3hk,0.574016129032258,0.6059655172413794,-0.03194938820912141
p_754,t3_2d4iry,t1_cjm06yw,t1_cjlzkdu,0.5973023255813952,0.5797446808510638,0.01755764473033139
p_753,t3_2d4iry,t1_cjm03nb,t1_cjm7yyk,0.5812222222222223,0.5709878048780487,0.01023441734417363
p_755,t3_2d45vn,t1_cjlwas2,t1_cjmfdmh,0.5783870967741934,0.5918749999999999,-0.013487903225806508
p_756,t3_2d45gd,t1_cjlw24h,t1_cjm4puq,0.6010833333333331,0.6539918032786883,-0.05290846994535525
p_757,t3_2d45gd,t1_cjlvwcv,t1_cjm05zn,0.6584873417721517,0.6436484375,0.014838904272151732
p_758,t3_2d3v5a,t1_cjlwcf0,t1_cjm3zmu,0.6409078947368423,0.6130294117647059,0.027878482972136354
p_759,t3_2d2as3,t1_cjlfahj,t1_cjlf2q0,0.644746323529412,0.6690921052631578,-0.024345781733745797
p_760,t3_2czuse,t1_cjkv8v3,t1_cjkt5uj,0.5935337837837839,0.6289545454545453,-0.03542076167076147
p_761,t3_2cziel,t1_cjkkwxr,t1_cjkpo0a,0.6234924242424242,0.5627666666666666,0.0607257575757576
p_762,t3_2czhb2,t1_cjkm7nm,t1_cjkm0r4,0.6340192307692303,0.6589999999999999,-0.02498076923076964
p_763,t3_2cz5rq,t1_cjkk570,t1_cjkjx53,0.6107666666666665,0.6510999999999999,-0.04033333333333344
p_766,t3_2cwals,t1_cjjmt5t,t1_cjjmrg7,0.6445205479452054,0.5845729166666668,0.05994763127853864
p_767,t3_2cuup8,t1_cjj91pc,t1_cjj8z52,0.61,0.5851847826086957,0.024815217391304323
p_769,t3_2cuup8,t1_cjj95ae,t1_cjj95r7,0.5522196261682242,0.6365909090909092,-0.08437128292268503
p_768,t3_2cuup8,t1_cjj8vwc,t1_cjj93qh,0.6125434782608695,0.593107142857143,0.019436335403726468
p_770,t3_2ctoax,t1_cjl2zn4,t1_cjiw921,0.6952301587301588,0.6082272727272727,0.08700288600288608
p_773,t3_2cpj4p,t1_cjhqqcp,t1_cjhqbq0,0.5513164556962026,0.6458873239436621,-0.09457086824745953
p_774,t3_2cpj4p,t1_cjhreeh,t1_cjhqbq0,0.6042761194029851,0.6458873239436621,-0.041611204540677016
p_775,t3_2cotfm,t1_cjhpm9j,t1_cjhkm9q,0.528357142857143,0.5476076923076926,-0.019250549450549603
p_778,t3_2cm5jd,t1_cjh0bre,t1_cjguy6j,0.5608833075734165,0.6103776595744683,-0.04949435200105179
p_779,t3_2cm3oh,t1_cjgsk1z,t1_cjgv6jc,0.7008625,0.6329857142857143,0.06787678571428579
p_780,t3_2clk6c,t1_cjgn3ba,t1_cjgqd1y,0.6708021978021977,0.6649025974025974,0.005899600399600358
p_781,t3_2ck2yw,t1_cjga8kb,t1_cjgci5s,0.5919696969696968,0.5675100000000001,0.024459696969696743
p_783,t3_2cjh91,t1_cjg6chd,t1_cjg4iir,0.6067476190476191,0.5828134715025904,0.02393414754502865
p_784,t3_2cixjs,t1_cjfyd92,t1_cjfxj4o,0.5744393939393941,0.5341666666666666,0.04027272727272757
p_786,t3_2cimfd,t1_cjfuup7,t1_cjftym1,0.647101265822785,0.6300133333333333,0.01708793248945173
p_787,t3_2cimfd,t1_cjfxnwo,t1_cjftym1,0.6011541666666669,0.6300133333333333,-0.028859166666666436
p_789,t3_2chy2d,t1_cjfpbub,t1_cjfnmjy,0.546759090909091,0.5763076923076922,-0.02954860139860116
p_792,t3_2ch2je,t1_cjfeou6,t1_cjff0g8,0.650050458715596,0.603612676056338,0.04643778265925802
p_794,t3_2cflx0,t1_cjfajp7,t1_cjfm8m1,0.5373549382716047,0.5866081632653056,-0.049253224993700884
p_796,t3_2cfco7,t1_cjf04a9,t1_cjexi6m,0.6314864130434783,0.545796875,0.08568953804347834
p_799,t3_2cayvr,t1_cjdvbhe,t1_cjdu0ta,0.6374758771929825,0.6203953488372096,0.017080528355772895
p_801,t3_2c8rcd,t1_cjd7pz3,t1_cjd6lze,0.639983333333333,0.6025349887133183,0.03744834462001467
p_802,t3_2c8fea,t1_cjcyect,t1_cjd2c3b,0.5681624999999999,0.649595238095238,-0.0814327380952381
p_803,t3_2c7yah,t1_cjd2kql,t1_cjcxj9f,0.5631835443037974,0.5451185567010308,0.018064987602766536
p_805,t3_2c5zac,t1_cjc9611,t1_cjc924m,0.5551944444444444,0.6263333333333334,-0.07113888888888897
p_806,t3_2c5zac,t1_cjctvr0,t1_cjcbahh,0.6021296296296297,0.5309499999999999,0.07117962962962976
p_807,t3_2c5p5y,t1_cjcho3h,t1_cjc7uan,0.6253333333333335,0.6113645833333335,0.013968749999999974
p_808,t3_2c5p5y,t1_cjcd7nc,t1_cjccm8m,0.5886136363636363,0.5963809523809523,-0.007767316017316062
p_810,t3_2c3fc3,t1_cjbjw5y,t1_cjbjkju,0.5462499999999999,0.5935142857142855,-0.04726428571428565
p_813,t3_2c1mga,t1_cjb2jw5,t1_cjc4wg5,0.5748232044198892,0.5784175257731964,-0.0035943213533071727
p_815,t3_2c0frm,t1_cjb1qx6,t1_cjause4,0.5804021739130435,0.5325576923076925,0.04784448160535104
p_816,t3_2c0frm,t1_cjb1sid,t1_cjb85xf,0.5552543859649126,0.5766117647058824,-0.021357378740969768
p_818,t3_2bys5g,t1_cja9ddx,t1_cja81tm,0.59908203125,0.6188226950354605,-0.019740663785460466
p_820,t3_2byn0m,t1_cja7f9f,t1_cjabwg5,0.610022727272727,0.652625,-0.042602272727273016
p_821,t3_2btxhq,t1_cj8vmab,t1_cj8xbmk,0.5737747747747749,0.5764999999999999,-0.002725225225225003
p_822,t3_2bt248,t1_cj8mfi7,t1_cj8m3h7,0.6197352941176472,0.620712264150943,-0.0009769700332958875
p_823,t3_2bt248,t1_cj8m0lg,t1_cj8mwsz,0.6073378378378377,0.5817402597402596,0.025597578097578122
p_824,t3_2bsdbd,t1_cj8tbiu,t1_cj8hvl7,0.5914100719424461,0.6045073529411766,-0.013097280998730532
p_826,t3_2brzwb,t1_cj8hzbv,t1_cj8gj0l,0.611360927152318,0.5427647058823529,0.06859622126996512
p_827,t3_2brzmq,t1_cj8bm67,t1_cj8cjmm,0.5723142857142858,0.6440617283950616,-0.07174744268077582
p_828,t3_2brzmq,t1_cj8ba9r,t1_cj8b7ms,0.59965,0.65,-0.050350000000000006
p_829,t3_2bqtzl,t1_cj80j9s,t1_cj810fl,0.4928352941176469,0.507543624161074,-0.014708330043427087
p_832,t3_2boeux,t1_cj7b6r1,t1_cj7b5jv,0.5922499999999999,0.66984,-0.07759000000000005
p_833,t3_2boeux,t1_cj7bl1t,t1_cj7igwx,0.5734571428571429,0.5102368421052631,0.06322030075187979
p_834,t3_2boe3r,t1_cj7c5d5,t1_cj7cbq5,0.53905421686747,0.5722857142857142,-0.03323149741824416
p_836,t3_2bo3al,t1_cj7h31j,t1_cj7dkvq,0.5550952380952381,0.5984999999999999,-0.043404761904761835
p_837,t3_2bnfju,t1_cj716f4,t1_cj718af,0.6575486111111115,0.5963653846153847,0.06118322649572683
p_838,t3_2bnfju,t1_cj71qqf,t1_cj717cb,0.6654191919191919,0.6833333333333333,-0.017914141414141493
p_840,t3_2bmc2p,t1_cj6s9ct,t1_cj6qflr,0.46141379310344816,0.4491935483870967,0.01222024471635147
p_841,t3_2bmble,t1_cj6qs8o,t1_cj6v78p,0.5914728682170539,0.5797904411764704,0.011682427040583532
p_844,t3_2bkf5u,t1_cj684og,t1_cj6d292,0.5904473684210526,0.6985833333333334,-0.10813596491228084
p_846,t3_2bk0qs,t1_cj63kvq,t1_cj63fve,0.4896964285714286,0.6056315789473685,-0.11593515037593993
p_849,t3_2bk0qs,t1_cj64yf0,t1_cj63fve,0.4602272727272728,0.6056315789473685,-0.1454043062200957
p_847,t3_2bk0qs,t1_cj66iuo,t1_cj6420b,0.5355205761316874,0.48668333333333325,0.04883724279835411
p_850,t3_2bk0qs,t1_cj65d7h,t1_cj66gvl,0.4793783783783783,0.4822714285714287,-0.0028930501930503616
p_852,t3_2bh5ak,t1_cj5b5uh,t1_cj5jak2,0.6267999999999999,0.5810588235294117,0.045741176470588174
p_854,t3_2bf94q,t1_cj4sh2e,t1_cj4qy6o,0.556628205128205,0.5667538461538463,-0.010125641025641285
p_855,t3_2bev6f,t1_cj4mn6v,t1_cj4o0am,0.6113970588235295,0.6177571428571429,-0.0063600840336134334
p_857,t3_2bdmlg,t1_cj4r6pc,t1_cj4uv2h,0.5587955555555554,0.6196400000000001,-0.0608444444444447
p_858,t3_2bdgci,t1_cj49439,t1_cj49ckx,0.6619257425742573,0.607212643678161,0.054713098896096324
p_859,t3_2bd0wa,t1_cj442sl,t1_cj43vgx,0.6368269230769231,0.6410735294117649,-0.0042466063348417515
p_861,t3_2bbyzd,t1_cj3zuoq,t1_cj3tx1c,0.5175731707317074,0.5277608695652174,-0.010187698833510006
p_863,t3_2bbbrd,t1_cj3qs8q,t1_cj3ln9x,0.6343135593220339,0.6367439024390245,-0.00243034311699053
p_864,t3_2bbbrd,t1_cj3mpby,t1_cj3ln9x,0.6215999999999998,0.6367439024390245,-0.015143902439024637
p_865,t3_2bb58m,t1_cj3lcvm,t1_cj3jor5,0.6051363636363637,0.6519999999999999,-0.04686363636363622
p_868,t3_2bag31,t1_cj3e0bt,t1_cj3f08t,0.6314142857142858,0.6367662337662335,-0.005351948051947719
p_869,t3_2ba5xo,t1_cj3aqld,t1_cj3bm6j,0.6488250000000002,0.6266166666666666,0.022208333333333607
p_873,t3_2b6skg,t1_cj2glpl,t1_cj2cg6m,0.594413043478261,0.6525294117647058,-0.05811636828644484
p_876,t3_2b3pi0,t1_cj1uavk,t1_cj1m2xo,0.57228,0.5771524390243902,-0.004872439024390163
p_877,t3_2b3lad,t1_cj1iybx,t1_cj1jqxa,0.6998636363636364,0.6586810344827586,0.041182601880877745
p_879,t3_2b2yjr,t1_cj1hktf,t1_cj1b4e2,0.6244789719626171,0.5561571428571429,0.06832182910547424
p_881,t3_2b1rwv,t1_cj15lfe,t1_cj10jtx,0.6139414893617021,0.6263928571428572,-0.012451367781155076
p_882,t3_2b1rab,t1_cj0ycid,t1_cj0zinx,0.619779527559055,0.5841012269938649,0.03567830056519006
p_883,t3_2az65z,t1_cj0805c,t1_cj0g6d8,0.5787760416666669,0.580462686567164,-0.0016866449004971917
p_884,t3_2az65z,t1_cj0afqo,t1_cj07su5,0.63778125,0.6197133333333332,0.01806791666666674
p_887,t3_2ayhxt,t1_cj01q09,t1_cj05jan,0.5985177419354838,0.6636330275229357,-0.06511528558745194
p_888,t3_2ayhnp,t1_cj0eawe,t1_cj0dm90,0.6308199999999998,0.640758620689655,-0.00993862068965512
p_889,t3_2ay3kf,t1_cizxi5e,t1_cj0f52z,0.588246153846154,0.6096296296296295,-0.021383475783475547
p_892,t3_2axbu7,t1_cizphk8,t1_cizp4id,0.6347459677419356,0.6374347826086957,-0.002688814866760092
p_894,t3_2ax1is,t1_cizxbqp,t1_cizm2oq,0.5532419354838709,0.501423076923077,0.051818858560793934
p_896,t3_2avwd8,t1_cizdu3g,t1_cizbvza,0.5919666666666668,0.6577954545454546,-0.06582878787878788
p_898,t3_2av5cs,t1_ciz2pkz,t1_ciz33sn,0.5130476190476192,0.5140735294117648,-0.0010259103641455658
p_899,t3_2av5cs,t1_cizd4ad,t1_ciz33th,0.5687909836065573,0.5656687116564417,0.003122271950115607
p_900,t3_2av5cs,t1_ciz37g5,t1_cizbl7q,0.6134799107142855,0.5991349206349205,0.014344990079365072
p_901,t3_2av4l0,t1_ciz5qhg,t1_ciz3zz1,0.6258002832861187,0.6324154929577465,-0.006615209671627764
p_902,t3_2av4l0,t1_ciz4rvg,t1_cizdobh,0.651369791666667,0.602027027027027,0.049342764639639936
p_903,t3_2auttr,t1_ciyyxji,t1_ciyz918,0.5990387931034482,0.6399999999999998,-0.04096120689655158
p_904,t3_2auttr,t1_ciz267w,t1_cizcakn,0.6336333333333335,0.542844827586207,0.09078850574712649
p_905,t3_2auttr,t1_ciz01zx,t1_ciyz5z2,0.68634375,0.6084285714285714,0.0779151785714286
p_907,t3_2autm6,t1_ciyzdgj,t1_ciyzc4o,0.6041249999999999,0.6095689655172414,-0.005443965517241467
p_908,t3_2au1li,t1_ciytem3,t1_ciytn6n,0.5893943396226415,0.5566027397260274,0.032791599896614176
p_909,t3_2atya5,t1_ciyu2jf,t1_ciza7xp,0.5680000000000001,0.5662169811320754,0.0017830188679246461
p_910,t3_2atya5,t1_ciytbvr,t1_ciyug3x,0.61211875,0.5997217741935486,0.012396975806451493
p_911,t3_2atkq9,t1_ciyvkn0,t1_ciysfit,0.5755612535612532,0.5362191780821918,0.039342075479061434
p_912,t3_2atkq9,t1_ciyvfhd,t1_ciz0aqa,0.558436440677966,0.6002499999999998,-0.04181355932203379
p_914,t3_2aprj3,t1_cixk3ln,t1_cixjumt,0.5427666666666667,0.6121617647058822,-0.06939509803921551
p_915,t3_2apfnp,t1_cixj7ex,t1_cixm7i4,0.5827142857142859,0.6065094339622642,-0.02379514824797835
p_916,t3_2aotoi,t1_cixcw5d,t1_cixbgnz,0.6361367187499998,0.6107076023391815,0.025429116410818242
p_917,t3_2ao6r9,t1_cix76va,t1_cix3fsy,0.6284024390243901,0.5506792452830188,0.07772319374137127
p_918,t3_2ao6r9,t1_cix7iph,t1_cix8b7l,0.6015760000000001,0.5850000000000002,0.016575999999999924
p_919,t3_2ao0uk,t1_cix3ypn,t1_cix3ejo,0.6501428571428572,0.6570943396226414,-0.006951482479784166
p_920,t3_2ao0uk,t1_cix237u,t1_cix3ejo,0.5517692307692307,0.6570943396226414,-0.10532510885341073
p_921,t3_2ancgk,t1_cizbef2,t1_ciwwlp0,0.6412407407407406,0.5989722222222222,0.04226851851851832
p_922,t3_2am3iw,t1_ciwjxse,t1_ciwj1us,0.6265784313725492,0.5746764705882353,0.05190196078431386
p_923,t3_2am3iw,t1_ciwjejz,t1_ciwtkzm,0.5510664556962023,0.5978125000000004,-0.04674604430379814
p_924,t3_2aksc1,t1_ciwatzs,t1_ciwai0k,0.5498817567567568,0.513341463414634,0.03654029334212272
p_925,t3_2aklm2,t1_ciwffud,t1_ciwbxu9,0.652671875,0.7267222222222223,-0.07405034722222226
p_926,t3_2akhk0,t1_ciw2gow,t1_ciw2nfc,0.7710851063829787,0.6711717557251907,0.09991335065778795
p_927,t3_2ajnzj,t1_ciwqij6,t1_ciwemsm,0.6690172413793102,0.62955,0.039467241379310125
p_928,t3_2aj9r3,t1_ciwcbuo,t1_civud7i,0.6379236641221374,0.7074038461538461,-0.06948018203170869
p_931,t3_2aj1mk,t1_civssxr,t1_civm58k,0.5850289256198342,0.5335114068441066,0.05151751877572763
p_930,t3_2aj1mk,t1_civrhnv,t1_civrvjf,0.5918548387096775,0.5615142857142857,0.030340552995391734
p_933,t3_2ah2al,t1_civd1ci,t1_civ856q,0.5696439393939393,0.570293388429752,-0.0006494490358126548
p_935,t3_2afgwo,t1_ciujkwd,t1_ciuknh0,0.6140795454545457,0.5566538461538462,0.05742569930069952
p_937,t3_2afeix,t1_civ4udg,t1_ciui2wk,0.5619574468085106,0.5811851851851851,-0.019227738376674575
p_936,t3_2afeix,t1_ciuiq4g,t1_civ1g4o,0.5857113821138212,0.6153030303030302,-0.029591648189209008
p_940,t3_2a9tub,t1_cisxezp,t1_cisyu2q,0.5714444444444446,0.5418168316831685,0.029627612761276123
p_942,t3_2a9dnv,t1_cit209o,t1_cissjh9,0.5673026315789472,0.6028079710144925,-0.035505339435545236
p_943,t3_2a9dnv,t1_cisrycq,t1_cisrkq6,0.6054029850746268,0.6100909090909091,-0.004687924016282374
p_945,t3_2a7l9t,t1_cisdojk,t1_cisar6g,0.5561283783783784,0.5212126865671642,0.03491569181121412
p_946,t3_2a7f52,t1_cisdl2d,t1_cisbb3e,0.6354611650485436,0.5735416666666665,0.06191949838187705
p_947,t3_2a7f52,t1_cisbwf3,t1_cisf85e,0.6457617647058825,0.6037367149758456,0.042025049730036956
p_948,t3_2a7f52,t1_cisazcd,t1_cisbb3e,0.6391705882352939,0.5735416666666665,0.06562892156862743
p_950,t3_2a71ap,t1_cis8nhw,t1_cis9yiw,0.6275839694656493,0.6727117647058823,-0.045127795240233026
p_951,t3_2a6vk3,t1_cis5k8v,t1_cisibct,0.5315076923076922,0.5650961538461536,-0.0335884615384614
p_952,t3_2a6vk3,t1_cis6qmv,t1_cisibct,0.5233641304347829,0.5650961538461536,-0.04173202341137072
p_954,t3_2a5fi8,t1_ciro19q,t1_cirnern,0.5471008403361345,0.6087881355932201,-0.061687295257085606
p_955,t3_2a54d2,t1_cirmdvw,t1_cirrtjb,0.5860400000000001,0.5820316455696202,0.004008354430379946
p_957,t3_2a3mhz,t1_cirdfug,t1_cirn0uk,0.6103461538461539,0.5895608108108108,0.020785343035343073
p_959,t3_2a2ccx,t1_ciqt2gd,t1_ciqstk4,0.5808842105263158,0.5732093023255814,0.007674908200734354
p_958,t3_2a2ccx,t1_ciqt1fb,t1_ciqt0ds,0.5998301886792452,0.6375847457627118,-0.037754557083466644
p_960,t3_2a299i,t1_ciqsytr,t1_ciqs72a,0.6367484662576689,0.6010833333333334,0.035665132924335485
p_961,t3_2a299i,t1_ciqsl3r,t1_ciqt0e3,0.602103448275862,0.634920833333333,-0.032817385057471005
p_963,t3_2a1jkp,t1_ciqmtf7,t1_ciqlutb,0.6590865384615386,0.6210945945945945,0.037991943866944156
p_964,t3_2a1jkp,t1_ciqrmpo,t1_ciqn0ib,0.5871301369863015,0.6329545454545454,-0.04582440846824398
p_966,t3_2a197z,t1_ciqil5b,t1_ciqobmw,0.6219558823529412,0.620728260869565,0.0012276214833761845
p_967,t3_2a197z,t1_ciqihn1,t1_ciqobmw,0.5892812500000001,0.620728260869565,-0.03144701086956492
p_968,t3_29zmtz,t1_ciq2ol0,t1_ciq3149,0.6420203703703704,0.6256818181818181,0.01633855218855229
p_969,t3_29wdwj,t1_cip54i9,t1_cip4gi2,0.6775324675324675,0.6023583333333334,0.0751741341991341
p_970,t3_29vb8t,t1_cioupvy,t1_cip1yki,0.6741951219512197,0.6410769230769231,0.03311819887429657
p_971,t3_29uigy,t1_cioolhq,t1_ciopo2e,0.613732142857143,0.6011206896551724,0.012611453201970546
p_972,t3_29twg4,t1_ciohbmn,t1_ciofrjv,0.632586666666667,0.6674130434782609,-0.03482637681159395
p_973,t3_29thke,t1_cioct3t,t1_ciofixu,0.4696904761904761,0.5593918918918919,-0.08970141570141577
p_974,t3_29thke,t1_ciod9j6,t1_ciof299,0.5500568181818184,0.5208356164383562,0.02922120174346221
p_975,t3_29thke,t1_ciod9wn,t1_ciof299,0.592452380952381,0.5208356164383562,0.07161676451402477
p_976,t3_29t2lw,t1_cio8k31,t1_ciorv42,0.5777115384615384,0.5495145985401458,0.028196939921392605
p_978,t3_29sw94,t1_cioket0,t1_ciolk7r,0.5967866666666667,0.5287870370370369,0.0679996296296298
p_979,t3_29s43k,t1_cinyd5x,t1_cinyyyn,0.6592717391304349,0.6260624999999999,0.03320923913043505
p_981,t3_29q8ct,t1_cinh7w0,t1_cing94q,0.5681989795918365,0.6327235294117646,-0.06452454981992806
p_983,t3_29pjwk,t1_cinfrtq,t1_cin94yc,0.5873351648351649,0.5720322580645162,0.015302906770648717
p_984,t3_29oi1n,t1_cimz15m,t1_cimy8x8,0.6198517699115045,0.5973487654320987,0.022503004479405786
p_985,t3_29o2de,t1_cimtmrk,t1_cin0747,0.6317978723404254,0.5800044247787611,0.05179344756166426
p_988,t3_29nx6g,t1_cimrrzy,t1_cimrry5,0.5378684210526316,0.38437037037037036,0.1534980506822612
p_990,t3_29n4wo,t1_cio9nnh,t1_cimnztj,0.624835425383543,0.6540868055555552,-0.02925138017201223
p_992,t3_29mv5t,t1_cimhn69,t1_cimm4sj,0.5353793103448276,0.5641250000000001,-0.028745689655172546
p_993,t3_29kyod,t1_cily6cd,t1_cilx8xd,0.613405172413793,0.6150808823529413,-0.0016757099391483399
p_994,t3_29koa9,t1_ciluvuu,t1_cim8wkw,0.5954666666666665,0.5998394160583944,-0.004372749391727937
p_996,t3_29koa9,t1_cim0cmu,t1_cim8wkw,0.587706099815157,0.5998394160583944,-0.012133316243237435
p_997,t3_29koa9,t1_cilvgjv,t1_cim8wkw,0.6021307471264368,0.5998394160583944,0.002291331068042357
p_998,t3_29koa9,t1_cilvqev,t1_cilxj9y,0.6216788079470198,0.5824738805970149,0.039204927350004914
p_999,t3_29gpjt,t1_cilbryz,t1_cikqtwr,0.5837951807228915,0.5954814814814813,-0.011686300758589785
p_1000,t3_29fpzd,t1_cikhu2y,t1_cikh4e8,0.5108424657534247,0.5263269230769231,-0.015484457323498346
p_1001,t3_29fb1d,t1_cikeni2,t1_cikla8t,0.6443163265306122,0.6251048387096775,0.019211487820934736
p_1002,t3_29ex1p,t1_cik9jgg,t1_ciko7yy,0.5686790697674418,0.655719512195122,-0.08704044242768028
p_1003,t3_29elqv,t1_cik5t8y,t1_cik747j,0.6203092105263157,0.6208428571428571,-0.0005336466165414278
p_1005,t3_29dde1,t1_cijuats,t1_cijzw8d,0.6001140350877194,0.5923313253012047,0.007782709786514741
p_1008,t3_29cqd5,t1_cijp4yk,t1_cijvb22,0.5768486842105264,0.50871875,0.06812993421052638
p_1009,t3_29c3ml,t1_cikuj8t,t1_cijh4ci,0.5579830508474577,0.6204090909090906,-0.06242604006163288
p_1010,t3_299mpb,t1_ciiv880,t1_cijf48t,0.6078660714285713,0.5947974683544301,0.01306860307414115
p_1012,t3_299m1u,t1_cij2hf7,t1_ciirgle,0.5954902597402598,0.617347222222222,-0.021856962481962228
p_1011,t3_299m1u,t1_cij1roi,t1_ciisuex,0.5763103448275863,0.6042272727272727,-0.027916927899686472
p_1015,t3_298jbk,t1_ciircqo,t1_ciijbdz,0.4912911392405064,0.593740310077519,-0.10244917083701266
p_1016,t3_295zr6,t1_cihud2v,t1_cihuma6,0.6494344827586206,0.608773399014778,0.040661083743842585
p_1018,t3_293ei6,t1_cih7ua8,t1_cih1isj,0.561507042253521,0.48793243243243245,0.07357460982108854
p_1020,t3_292154,t1_cignun4,t1_cigrv7m,0.7109871794871794,0.5829027777777779,0.1280844017094015
p_1022,t3_28xzqn,t1_cig26mw,t1_cifrcsx,0.5809870129870132,0.5957407407407407,-0.014753727753727519
p_1023,t3_28xbw7,t1_cifjy3z,t1_cifovj7,0.6472704918032789,0.644715909090909,0.0025545827123698572
p_1024,t3_28xbw7,t1_cig1fzx,t1_cifl87i,0.6217051282051281,0.6331060606060605,-0.011400932400932318
p_1025,t3_28wpvg,t1_cif8zbc,t1_cif9t6k,0.5912311643835622,0.5172093023255813,0.07402186205798089
p_1026,t3_28wp3q,t1_cif8e82,t1_cif88e5,0.5630588235294116,0.599131313131313,-0.03607248960190135
p_1027,t3_28vthp,t1_cieyolc,t1_cif42z9,0.5623428571428573,0.5667435897435897,-0.004400732600732482
p_1028,t3_28sivx,t1_cie0w6q,t1_cie3rwm,0.667580357142857,0.6131267605633801,0.054453596579476904
p_1029,t3_28sivx,t1_cie32oy,t1_cie6c67,0.5742368421052633,0.6011808510638298,-0.026944008958566523
p_1030,t3_28sivx,t1_cie3t4x,t1_ciexvov,0.7222083333333331,0.594719512195122,0.12748882113821114
p_1031,t3_28rftj,t1_cidpqyo,t1_cidq2o7,0.5649556451612903,0.5908203124999999,-0.025864667338709624
p_1033,t3_28l9bo,t1_cicbcrc,t1_cicnduy,0.4525500000000001,0.5218243243243244,-0.06927432432432423
p_1034,t3_28kmxf,t1_cibufhn,t1_cic57nm,0.5961618357487922,0.5372282608695652,0.05893357487922701
p_1036,t3_28k1k9,t1_cic5k0x,t1_cibo1r9,0.5689052287581698,0.5857289719626169,-0.016823743204447017
p_1037,t3_28jnxp,t1_cibl8h0,t1_cibmdqw,0.4984708029197082,0.475125,0.02334580291970817
p_1039,t3_28io13,t1_cibbreq,t1_cic1705,0.5579468085106383,0.5644878048780487,-0.0065409963674104565
p_1040,t3_28io13,t1_cibhh0f,t1_cibq1ek,0.6366942446043167,0.5830000000000001,0.0536942446043166
p_1042,t3_28io13,t1_cibcinr,t1_cic1705,0.5787604166666667,0.5644878048780487,0.01427261178861794
p_1044,t3_28hqnq,t1_cib224e,t1_cib40ah,0.5967439024390244,0.6242407407407407,-0.02749683830171623
p_1045,t3_28c0xt,t1_ciasocp,t1_cia500d,0.6179554455445543,0.6415000000000002,-0.0235445544554459
p_1046,t3_28butd,t1_ci9glxs,t1_ci9f4fm,0.4984568965517241,0.5787708333333332,-0.08031393678160914
p_1047,t3_28b5n6,t1_ci9a3vl,t1_ci99ope,0.6130964912280704,0.6989500000000001,-0.08585350877192965
p_1052,t3_28a5fu,t1_ci9bqem,t1_ci8yety,0.6282784090909089,0.6364777777777777,-0.008199368686868769
p_1053,t3_28a4rk,t1_ci8xy5w,t1_ci90bbf,0.5754782608695652,0.5764026548672567,-0.0009243939976915083
p_1055,t3_2881g3,t1_ci8embi,t1_ci8bs9b,0.516547619047619,0.4987413793103449,0.017806239737274132
p_1056,t3_287z9c,t1_ci8aubw,t1_ci8apra,0.616346153846154,0.6178137254901961,-0.0014675716440420983
p_1057,t3_287z9c,t1_ci8d0ed,t1_ci8apra,0.567780701754386,0.6178137254901961,-0.05003302373581009
p_1058,t3_287cab,t1_ci86zv4,t1_ci87ifw,0.5930754716981134,0.622510101010101,-0.029434629311987592
p_1059,t3_2870cx,t1_ci81vqj,t1_ci8137l,0.5647777777777779,0.5159629629629631,0.048814814814814866
p_1060,t3_286wmt,t1_ci81k1d,t1_ci80xo1,0.500475,0.6029803921568628,-0.10250539215686283
p_1061,t3_286wmt,t1_ci817z2,t1_ci8clpg,0.5737352941176469,0.5299087301587299,0.04382656395891704
p_1062,t3_2848jg,t1_ci7igy9,t1_ci7f6gw,0.5597452830188681,0.5731339285714284,-0.013388645552560363
p_1064,t3_282r7k,t1_ci758gf,t1_ci6xs0m,0.6158333333333333,0.5957391304347825,0.020094202898550795
p_1065,t3_282lgu,t1_ci6xcds,t1_ci6wglw,0.6086029411764704,0.5973630952380953,0.011239845938375126
p_1068,t3_281bde,t1_ci6f2vp,t1_ci73217,0.6446296296296299,0.5592222222222222,0.08540740740740771
p_1069,t3_2803o3,t1_ci69ena,t1_ci63g5z,0.5938578947368424,0.6134838709677419,-0.019625976230899567
p_1070,t3_2803o3,t1_ci63w8c,t1_ci63kpj,0.5895075757575758,0.6759491525423728,-0.08644157678479691
p_1071,t3_27ywun,t1_ci5q8xy,t1_ci5rb2e,0.6024960317460317,0.5874662921348315,0.015029739611200243
p_1072,t3_27yn4n,t1_ci5p6hk,t1_ci5nwbp,0.6554593023255815,0.59108125,0.06437805232558147
p_1073,t3_27wog4,t1_ci54b7y,t1_ci54sne,0.5860454545454545,0.7383478260869566,-0.15230237154150206
p_1074,t3_27w5po,t1_ci4zmff,t1_ci4ziae,0.5924933774834436,0.6960000000000001,-0.10350662251655651
p_1075,t3_27w4g2,t1_ci52xge,t1_ci500mh,0.6118181818181817,0.5863666666666666,0.025451515151515114
p_1076,t3_27tb09,t1_ci498s2,t1_ci45ypy,0.5948684210526315,0.666359375,-0.07149095394736849
p_1077,t3_27r91j,t1_ci3qcct,t1_ci3r4y5,0.6006707317073169,0.5029666666666667,0.09770406504065021
p_1078,t3_27r91j,t1_ci469aj,t1_ci3lbw6,0.5631344827586205,0.6117261904761905,-0.04859170771756993
p_1080,t3_27r91j,t1_ci3v5tq,t1_ci3lbw6,0.6025303030303029,0.6117261904761905,-0.009195887445887618
p_1079,t3_27r91j,t1_ci3s6fn,t1_ci4g5dm,0.6057564102564104,0.5699937499999999,0.035762660256410506
p_1081,t3_27qqap,t1_ci3mz0v,t1_ci3fwt5,0.6650668604651162,0.6192954545454544,0.04577140591966178
p_1082,t3_27polk,t1_ci34zl5,t1_ci34y3o,0.6108239436619719,0.6132299270072992,-0.002405983345327267
p_1083,t3_27poi8,t1_ci35etu,t1_ci36j29,0.5704363636363636,0.6829878048780489,-0.11255144124168526
p_1084,t3_27p2fu,t1_ci302xh,t1_ci2zv2i,0.6013040000000001,0.5031914893617021,0.09811251063829796
p_1085,t3_27nxly,t1_ci2o2dq,t1_ci2ox33,0.5614504950495047,0.5405378787878785,0.020912616261626216
p_1087,t3_27mbdo,t1_ci2lk26,t1_ci271f9,0.6480571428571429,0.632529411764706,0.01552773109243688
p_1088,t3_27m0gw,t1_ci29ixa,t1_ci2e7bo,0.5122862595419848,0.5008888888888889,0.011397370653095873
p_1089,t3_27ltja,t1_ci22bw3,t1_ci221eg,0.6616875,0.5801052631578947,0.0815822368421053
p_1090,t3_27lpkf,t1_ci21sv8,t1_ci22b62,0.5841810344827587,0.6257721088435374,-0.04159107436077869
p_1091,t3_27lmyu,t1_ci25ehz,t1_ci292ni,0.5805731707317073,0.5860954545454544,-0.0055222838137470864
p_1092,t3_27l0kn,t1_ci22hoe,t1_ci1usgp,0.5500730337078652,0.612913043478261,-0.06284000977039583
p_1094,t3_27jl8c,t1_ci1fdd3,t1_ci1q6ug,0.5100862068965517,0.5171399999999999,-0.007053793103448225
p_1095,t3_27jl8c,t1_ci1g3eq,t1_ci1o724,0.5774324324324325,0.5829571428571428,-0.005524710424710366
p_1096,t3_27jl8c,t1_ci1ybru,t1_ci1ghse,0.5902395833333332,0.5792692307692306,0.010970352564102503
p_1097,t3_27hht5,t1_ci0v62f,t1_ci0xj1h,0.5462631578947369,0.6409038461538462,-0.09464068825910932
p_1098,t3_27hht5,t1_ci0v0t9,t1_ci0xj1h,0.6133749999999999,0.6409038461538462,-0.02752884615384632
p_1099,t3_27hf7o,t1_ci1a4gk,t1_ci1l4fi,0.5976538461538462,0.6194888888888889,-0.021835042735042665
p_1101,t3_27gnxb,t1_ci0ta3o,t1_ci0mgmp,0.5947794117647057,0.6452500000000001,-0.05047058823529438
p_1103,t3_27ea43,t1_chzyi0v,t1_chzyvc9,0.5374814814814814,0.5439878048780487,-0.006506323396567204
p_1104,t3_27ea43,t1_chzydy2,t1_chzyi89,0.6130588235294118,0.4697666666666666,0.14329215686274516
p_1105,t3_27ea43,t1_ci00m2q,t1_chzyvc9,0.550526455026455,0.5439878048780487,0.0065386501484063775
p_1106,t3_27ea43,t1_ci00sgm,t1_ci005dx,0.4927487684729065,0.5634876033057851,-0.07073883483287857
p_1107,t3_27dypa,t1_ci0bdgm,t1_ci07fb6,0.5625754385964913,0.5538513513513516,0.008724087245139733
p_1108,t3_27divm,t1_chzwhlt,t1_chzuja4,0.5826600000000002,0.6265166666666666,-0.04385666666666643
p_1109,t3_27cn8y,t1_chzj6p6,t1_chziyko,0.6240757575757575,0.6451886792452829,-0.021112921669525386
p_1111,t3_27atxw,t1_chz6xha,t1_chz1u36,0.5825641891891891,0.6292702702702702,-0.0467060810810811
p_1112,t3_27arev,t1_chzar7e,t1_chyzift,0.6600862068965518,0.6106666666666665,0.04941954022988537
p_1113,t3_27aea6,t1_chywdcb,t1_chywfdl,0.6106166666666666,0.6462701149425285,-0.03565344827586192
p_1114,t3_27aa6m,t1_chyw1lz,t1_chyuott,0.6321588050314467,0.6362530864197534,-0.0040942813883066975
p_1116,t3_278w0f,t1_chynby5,t1_chyjibx,0.5758484848484847,0.47067307692307697,0.10517540792540775
p_1118,t3_277y4m,t1_chydgtq,t1_chywat7,0.6520188679245283,0.5994999999999998,0.052518867924528534
p_1119,t3_277y4m,t1_chydb1h,t1_chyw4kk,0.6106199999999999,0.5344482758620689,0.07617172413793105
p_1120,t3_277x8k,t1_chyttqk,t1_chy9d0r,0.6782790697674419,0.6308194444444443,0.047459625322997634
p_1121,t3_276tlp,t1_chy7sh3,t1_chy0rmg,0.5990100000000002,0.6660142857142859,-0.06700428571428574
p_1124,t3_274620,t1_chxaxd7,t1_chx8gds,0.5453469387755103,0.5723157894736842,-0.026968850698173896
p_1126,t3_273kmd,t1_chxd1h9,t1_chxj63m,0.5690497737556558,0.5346562499999998,0.034393523755655964
p_1127,t3_273kmd,t1_chx2u1h,t1_chxabgz,0.5592485875706213,0.5382695652173912,0.020979022353230126
p_1129,t3_271kgs,t1_chwkzvw,t1_chwjkzk,0.5961772727272729,0.5479918032786883,0.048185469448584595
p_1130,t3_270lsq,t1_chwcze1,t1_chw9d8q,0.5616296296296296,0.6082461538461538,-0.04661652421652418
p_1131,t3_26zspu,t1_chw19hq,t1_chw183d,0.5876147540983607,0.5831562500000002,0.004458504098360572
p_1134,t3_26zc51,t1_chwc4g5,t1_chvxpww,0.5976818181818182,0.627168918918919,-0.029487100737100813
p_1136,t3_26yks9,t1_chvwhll,t1_chvq9oq,0.6175675675675674,0.549125,0.06844256756756739
p_1137,t3_26wd6r,t1_chv5dr8,t1_chv4tni,0.6573599999999997,0.6179849999999999,0.03937499999999983
p_1139,t3_26vy78,t1_chv29xs,t1_chv09i1,0.6732058823529412,0.6630172413793104,0.010188640973630814
p_1140,t3_26uqns,t1_chuofxc,t1_chur6nz,0.5463137254901961,0.588990909090909,-0.04267718360071293
p_1141,t3_26ua0u,t1_chujiwj,t1_chujocf,0.600376146788991,0.6018178294573643,-0.0014416826683733008
p_1142,t3_26u9dw,t1_chuufxu,t1_chukxnl,0.4540833333333333,0.5524749999999999,-0.09839166666666666
p_1143,t3_26sh4n,t1_chu3p5h,t1_chu15ia,0.6347861271676298,0.6241979166666668,0.010588210500963036
p_1146,t3_26rdo4,t1_chtuhl8,t1_chtxxpb,0.6674051724137932,0.6409076086956523,0.026497563718140826
p_1147,t3_26rdo4,t1_chu67p6,t1_chtrpps,0.6169814814814815,0.6269782608695652,-0.009996779388083743
p_1148,t3_26q635,t1_chtgusq,t1_chtf56s,0.5556666666666668,0.5269107142857142,0.02875595238095252
p_1149,t3_26p8jo,t1_cht981c,t1_chtj2ux,0.570008849557522,0.5073977272727274,0.0626111222847946
p_1150,t3_26p8jo,t1_cht9qr7,t1_chts9np,0.6130681818181818,0.5112352941176472,0.10183288770053456
p_1152,t3_26oalr,t1_chsxcva,t1_chsx48j,0.623564935064935,0.676172839506173,-0.052607904441237974
p_1153,t3_26nxhn,t1_chsvwxu,t1_chsv0n8,0.4923134328358208,0.5195301724137928,-0.02721673957797205
p_1154,t3_26nryd,t1_chsrqt8,t1_chsrvxo,0.5700993377483444,0.6201363636363636,-0.05003702588801917
p_1155,t3_26nhjw,t1_cht4pkp,t1_chsu79i,0.6228803418803421,0.6770752688172045,-0.05419492693686234
p_1156,t3_26nayb,t1_chssa9d,t1_chsv92t,0.6036371527777782,0.5372499999999997,0.06638715277777851
p_1157,t3_26klj1,t1_chs03g4,t1_chryx19,0.560834239130435,0.5449890109890109,0.015845228141424084
p_1158,t3_26klj1,t1_chs24pt,t1_chrz6c7,0.5974803921568627,0.5519000000000001,0.045580392156862604
p_1160,t3_26hzf8,t1_chr8s7x,t1_chrles3,0.6462549019607843,0.6001176470588235,0.046137254901960745
p_1161,t3_26hwea,t1_chrabe3,t1_chr8ld6,0.6240212765957447,0.536,0.08802127659574466
p_1162,t3_26gh41,t1_chrb2s3,t1_chrbbrp,0.5057126865671643,0.5016829268292684,0.004029759737895877
p_1163,t3_26dl3h,t1_chqfdzg,t1_chqb2dv,0.6000892857142858,0.6735394736842106,-0.07345018796992486
p_1164,t3_26d2uo,t1_chpypl8,t1_chpy5h4,0.5271206896551722,0.4873703703703704,0.03975031928480183
p_1166,t3_26chd9,t1_chprxii,t1_chpqlc3,0.5958870967741936,0.6338050847457625,-0.03791798797156887
p_1165,t3_26chd9,t1_chpu05i,t1_chpunzb,0.5740624999999999,0.5543735294117649,0.019688970588235044
p_1168,t3_26b7qy,t1_chpe7k0,t1_chpfdw6,0.6211428571428571,0.5857242268041236,0.03541863033873349
p_1167,t3_26b7qy,t1_chpl60e,t1_chpgldh,0.6038818181818184,0.6858177083333334,-0.08193589015151503
p_1169,t3_26b1l1,t1_chphzs8,t1_chpj8nd,0.4868017241379312,0.5808571428571428,-0.09405541871921164
p_1170,t3_26b1l1,t1_chpkxvq,t1_chpr7to,0.567132275132275,0.5526025641025643,0.01452971102971079
p_1171,t3_26axzi,t1_chpfpjf,t1_chpch30,0.6368611111111113,0.5857499999999998,0.05111111111111155
p_1173,t3_26avz4,t1_chpvoyz,t1_chpdbyq,0.6865757575757575,0.6524496855345909,0.03412607204116658
p_1172,t3_26avz4,t1_chpk0aq,t1_chpkmh2,0.6793448275862067,0.7248676470588236,-0.04552281947261683
p_1175,t3_266yvm,t1_cho98qb,t1_cho9whe,0.6351090047393364,0.6477995283018867,-0.012690523562550293
p_1176,t3_264xi6,t1_chnu7dr,t1_chntgnu,0.5760368421052631,0.5876927083333334,-0.011655866228070355
p_1177,t3_264iek,t1_chnlkj6,t1_chnpgap,0.6321525423728815,0.6315,0.0006525423728815927
p_1178,t3_26478q,t1_chnuzwc,t1_chni6ea,0.6559885057471263,0.6753303571428572,-0.019341851395730858
p_1180,t3_26388i,t1_chn9wjm,t1_chn949h,0.4637362204724409,0.5271863354037267,-0.06345011493128583
p_1179,t3_26388i,t1_chn995p,t1_chnvien,0.5561666666666666,0.5001274509803921,0.05603921568627446
p_1182,t3_25xo3j,t1_chm80yd,t1_chlvz4j,0.5569642857142856,0.6059915254237287,-0.049027239709443116
p_1183,t3_25xl5s,t1_chm54oj,t1_chlqmz0,0.6002345132743363,0.6244489795918365,-0.02421446631750024
p_1184,t3_25x7qp,t1_chlltit,t1_chlyib1,0.6153055555555556,0.6564375,-0.04113194444444446
p_1185,t3_25vncd,t1_chldip6,t1_chl5c1u,0.6043736842105263,0.5825862068965517,0.021787477313974568
p_1187,t3_25ttah,t1_chknoam,t1_chknr46,0.641045918367347,0.6569818181818182,-0.01593589981447119
p_1188,t3_25tb6s,t1_chkkbgt,t1_chkmpg8,0.5660353982300883,0.5568593750000002,0.009176023230088148
p_1189,t3_25tb6s,t1_chkkdg1,t1_chknu20,0.488392857142857,0.5492416666666666,-0.06084880952380961
p_1190,t3_25suor,t1_chkfvbm,t1_chkg3m5,0.5489852941176471,0.5936666666666668,-0.044681372549019716
p_1193,t3_25scj1,t1_chkzgwk,t1_chkmkdy,0.648078125,0.5748035714285714,0.07327455357142854
p_1194,t3_25r1ji,t1_chjyik3,t1_chk8w7b,0.605058823529412,0.6222476635514016,-0.017188840021989615
p_1195,t3_25po6v,t1_chjkkx8,t1_chjubyn,0.5639903846153846,0.5999868421052629,-0.03599645748987823
p_1196,t3_25po6v,t1_chk8sqa,t1_chjubyn,0.5432565359477124,0.5999868421052629,-0.05673030615755048
p_1197,t3_25pnxw,t1_chjirvh,t1_chjpfx2,0.48297101449275365,0.49818888888888885,-0.0152178743961352
p_1198,t3_25pnxw,t1_chjjtas,t1_chjj0yp,0.638219696969697,0.573734375,0.06448532196969703
p_1199,t3_25oyan,t1_chjdqy8,t1_chjem5p,0.5618811475409838,0.587784,-0.025902852459016135
p_1200,t3_25nvz4,t1_chj0cy6,t1_chj0i1f,0.6164583333333333,0.6246276595744681,-0.008169326241134756
p_1201,t3_25n272,t1_chiubth,t1_chitirm,0.6445227272727271,0.5725781250000002,0.07194460227272692
p_1202,t3_25n272,t1_chiu5hs,t1_chiulpy,0.5461411042944785,0.5715454545454544,-0.02540435025097587
p_1205,t3_25lg8m,t1_chigspr,t1_chiogt6,0.640673469387755,0.6703877551020407,-0.029714285714285693
p_1206,t3_25l0uy,t1_chi8i2g,t1_chi832d,0.5324244604316547,0.57275,-0.04032553956834528
p_1207,t3_25l0uy,t1_chi7njk,t1_chi7tu1,0.5084333333333333,0.6429400000000001,-0.13450666666666677
p_1211,t3_25itrj,t1_chhmwgg,t1_chi69ds,0.5712,0.586825,-0.015625
p_1212,t3_25im4s,t1_chhkumz,t1_chhjyki,0.6075978260869566,0.5660645161290321,0.04153330995792448
p_1213,t3_25ha18,t1_chh8ifw,t1_chheuzj,0.5441910112359551,0.5980725806451613,-0.05388156940920619
p_1214,t3_25ha18,t1_chh6qmk,t1_chhe1dy,0.598423076923077,0.6408297872340426,-0.042406710310965656
p_1216,t3_25gqr3,t1_chh26by,t1_chhh81o,0.622923913043478,0.5445493827160497,0.07837453032742836
p_1217,t3_25gqr3,t1_chh8rrt,t1_chhh81o,0.5967006920415225,0.5445493827160497,0.05215130932547285
p_1218,t3_25fjdx,t1_chgsfko,t1_chgwtsq,0.6138144329896907,0.6014099999999999,0.01240443298969085
p_1219,t3_25emz1,t1_chgg0g9,t1_chgig4z,0.5813372093023256,0.6273857142857142,-0.04604850498338864
p_1220,t3_25emz1,t1_chgg5ng,t1_chgir2d,0.6042950819672134,0.5896818181818181,0.014613263785395292
p_1221,t3_25e9jx,t1_chggnry,t1_chge47o,0.60210843373494,0.5838351351351353,0.018273298599804755
p_1223,t3_25dxbd,t1_chg9dqe,t1_chg8ogo,0.5549940476190476,0.5807031249999998,-0.025709077380952183
p_1227,t3_255hmb,t1_chdweq6,t1_chemebp,0.6225812499999999,0.6424833333333334,-0.019902083333333542
p_1229,t3_254zub,t1_chdvkgy,t1_chdwf9h,0.5880963855421686,0.5610638297872341,0.027032555754934462
p_1231,t3_254y08,t1_cheumim,t1_chds6fo,0.5835535714285714,0.5633750000000001,0.02017857142857138
p_1233,t3_25397z,t1_chda336,t1_chdw4w9,0.5424142857142857,0.6396320754716983,-0.09721778975741258
p_1237,t3_251sp2,t1_chcu4b5,t1_chctls6,0.6027071428571429,0.5769893617021276,0.02571778115501533
p_1238,t3_251sp2,t1_chct90x,t1_chctls6,0.5428857142857143,0.5769893617021276,-0.03410364741641325
p_1239,t3_24y1ch,t1_chbuciq,t1_chbrxsr,0.6281603773584905,0.6315076923076921,-0.0033473149492015963
p_1240,t3_24xvdh,t1_chc0kbp,t1_chbz1m4,0.5994107142857145,0.6244096385542168,-0.024998924268502365
p_1241,t3_24xu2q,t1_chbubti,t1_chbry7z,0.677635714285714,0.6334659090909088,0.04416980519480518
p_1242,t3_24xu2q,t1_chc4ef4,t1_chbry7z,0.5949054054054052,0.6334659090909088,-0.03856050368550368
p_1244,t3_24w4ny,t1_chb93ff,t1_chb9gll,0.65236013986014,0.6710801282051282,-0.018719988344988225
p_1245,t3_24w2l9,t1_chb9cc8,t1_chb90uk,0.6424033613445377,0.6390465116279069,0.00335684971663075
p_1246,t3_24v6pp,t1_chbpbt5,t1_chb0vnk,0.5482857142857143,0.59798275862069,-0.04969704433497568
p_1247,t3_24v4li,t1_chb1bwz,t1_chb0q8j,0.688578125,0.5576290322580646,0.13094909274193545
p_1249,t3_24v147,t1_chbavh7,t1_chbf3nm,0.605668664383562,0.6102833333333332,-0.004614668949771139
p_1251,t3_24u1tt,t1_chatgr3,t1_chap2b6,0.6005056179775283,0.6195267857142855,-0.019021167736757216
p_1252,t3_24svid,t1_chabtmq,t1_chabwh6,0.48770714285714306,0.6405217391304349,-0.1528145962732918
p_1255,t3_24se6g,t1_cha8lpp,t1_cha7yte,0.6372078313253011,0.6558218390804597,-0.018614007755158535
p_1256,t3_24sb0f,t1_cha6mi6,t1_cha8ryw,0.5216203703703703,0.6255,-0.1038796296296296
p_1257,t3_24qqog,t1_ch9zipy,t1_ch9sfw0,0.5602902097902094,0.5235,0.036790209790209416
p_1258,t3_24pgmg,t1_ch9fo96,t1_ch9x7xg,0.6118620689655172,0.6010723684210528,0.010789700544464376
p_1261,t3_24mdbl,t1_ch8og6w,t1_ch8j52p,0.5569651162790699,0.4613835616438356,0.09558155463523427
p_1262,t3_24m6ig,t1_ch8nkas,t1_ch8kf1q,0.6569999999999998,0.6555737704918032,0.001426229508196597
p_1264,t3_24j7qu,t1_ch7qjkg,t1_ch7uy3e,0.622235294117647,0.5843187500000001,0.03791654411764689
p_1265,t3_24io3e,t1_ch7na38,t1_ch7ieyl,0.5177894736842105,0.47077551020408176,0.047013963480128707
p_1266,t3_24io3e,t1_ch7pz3m,t1_ch7ieyl,0.45136290322580636,0.47077551020408176,-0.019412606978275404
p_1267,t3_24hwd5,t1_ch7gi99,t1_ch7affk,0.5509594594594595,0.5162435897435897,0.03471586971586971
p_1268,t3_24h3zr,t1_ch72c4s,t1_ch72cof,0.5743470588235295,0.5086666666666666,0.06568039215686294
p_1269,t3_24g8ii,t1_ch71nlc,t1_ch6tmiv,0.5967338129496403,0.47619354838709665,0.12054026456254369
p_1270,t3_24g4hq,t1_ch7257w,t1_ch6va5a,0.5473255813953488,0.547391304347826,-6.57229524771985e-05
p_1278,t3_24c5qv,t1_ch5oa5w,t1_ch5ogse,0.5224644970414201,0.5376289062499999,-0.015164409208579865
p_1279,t3_24c5qv,t1_ch5ow4l,t1_ch5ogse,0.5705484848484849,0.5376289062499999,0.03291957859848493
p_1280,t3_24c1q3,t1_ch5uakf,t1_ch60ays,0.5925588235294117,0.5724750000000001,0.020083823529411626
p_1281,t3_24c1q3,t1_ch61d0c,t1_ch5ursh,0.5988033980582526,0.5842423312883435,0.014561066769909092
p_1282,t3_24c1q3,t1_ch5uoui,t1_ch5ugkf,0.5647000000000002,0.5596296296296296,0.005070370370370614
p_1283,t3_24c1q3,t1_ch5zt5k,t1_ch5p4qj,0.6115394736842104,0.5428863636363637,0.06865311004784669
p_1284,t3_24bx3p,t1_ch5nu6w,t1_ch5ot5q,0.4776438356164385,0.5179864864864865,-0.040342650870048014
p_1285,t3_24bof3,t1_ch5k7ny,t1_ch5m04n,0.6453,0.6473148148148147,-0.0020148148148146916
p_1286,t3_24bof3,t1_ch5k4dl,t1_ch5phng,0.665049504950495,0.5907176470588236,0.0743318578916714
p_1287,t3_24b8ko,t1_ch5ozwp,t1_ch66f4q,0.6299619047619047,0.6225935960591129,0.007368308702791815
p_1288,t3_249sxa,t1_ch53so7,t1_ch4zs42,0.5929460784313728,0.5116346153846154,0.0813114630467574
p_1289,t3_249l1k,t1_ch4xsez,t1_ch57rrn,0.634340909090909,0.6048500000000001,0.0294909090909089
p_1290,t3_248s83,t1_ch4snfe,t1_ch4qx6q,0.6663602150537634,0.601904761904762,0.06445545314900136
p_1291,t3_248bcr,t1_ch4oftd,t1_ch51bt3,0.6010486842105259,0.6238348623853213,-0.022786178174795335
p_1295,t3_24509o,t1_ch3osvi,t1_ch3yyjg,0.5336699999999999,0.5843994565217395,-0.05072945652173966
p_1296,t3_244kp1,t1_ch3jo95,t1_ch3iw1o,0.6223303571428571,0.6041458333333333,0.018184523809523845
p_1297,t3_244bft,t1_ch3gjc7,t1_ch3m2j3,0.5578124999999998,0.5778170731707318,-0.02000457317073201
p_1301,t3_23yke6,t1_ch1tbc6,t1_ch22rmp,0.616986111111111,0.57436,0.04262611111111103
p_1302,t3_23yke6,t1_ch21i1v,t1_ch21o13,0.5432538461538463,0.5847765957446807,-0.04152274959083435
p_1305,t3_23yke6,t1_ch29mf9,t1_ch1y1ws,0.5939038461538462,0.5560888888888889,0.037814957264957316
p_1303,t3_23yke6,t1_ch1xh6r,t1_ch20pf2,0.5788333333333333,0.5818469387755103,-0.003013605442176992
p_1304,t3_23yke6,t1_ch1vy27,t1_ch22rmp,0.567888888888889,0.57436,-0.006471111111110983
p_1308,t3_23xw5n,t1_ch20pmq,t1_ch1orox,0.4971578947368422,0.5916071428571428,-0.09444924812030059
p_1311,t3_23xekl,t1_ch1ihvg,t1_ch1ih9d,0.6402730061349694,0.6095555555555557,0.030717450579413663
p_1310,t3_23xekl,t1_ch1lcbj,t1_ch1tafi,0.661524647887324,0.6633815789473684,-0.0018569310600443645
p_1312,t3_23wvv9,t1_ch1cxo2,t1_ch1d10a,0.5285921052631578,0.645506756756757,-0.11691465149359914
p_1315,t3_23wvv9,t1_ch1d1et,t1_ch1czsx,0.6748823529411763,0.5925222222222222,0.0823601307189541
p_1314,t3_23wvv9,t1_ch1dgtk,t1_ch1czsx,0.7396428571428572,0.5925222222222222,0.14712063492063499
p_1313,t3_23wvv9,t1_ch1cuwx,t1_ch1d10a,0.5556129032258065,0.645506756756757,-0.08989385353095047
p_1316,t3_23wvv9,t1_ch1dvsg,t1_ch1d10a,0.5589827586206898,0.645506756756757,-0.08652399813606715
p_1317,t3_23vw8b,t1_ch130xw,t1_ch12knl,0.4463265306122449,0.49462999999999985,-0.04830346938775493
p_1318,t3_23vw8b,t1_ch13k3n,t1_ch12knl,0.567875,0.49462999999999985,0.07324500000000017
p_1319,t3_23vw8b,t1_ch149yl,t1_ch13pcr,0.4898138297872339,0.5295937500000001,-0.03977992021276616
p_1320,t3_23vvzm,t1_ch1f49t,t1_ch12o3l,0.6133531249999998,0.6424545454545454,-0.029101420454545557
p_1322,t3_23ou3x,t1_cgz6lk9,t1_cgz4coy,0.6443305084745762,0.6592179487179488,-0.01488744024337263
p_1324,t3_23mgec,t1_cgygajp,t1_cgyvk0r,0.5933222222222222,0.5338571428571428,0.05946507936507939
p_1326,t3_23lqtl,t1_cgybkki,t1_cgy8g3b,0.559114503816794,0.5901190476190474,-0.03100454380225348
p_1327,t3_23lqtl,t1_cgy90vi,t1_cgyg9t2,0.6436851851851854,0.5925000000000001,0.05118518518518522
p_1328,t3_23litg,t1_cgy73k6,t1_cgyu73z,0.6544999999999997,0.6170862068965517,0.037413793103448056
p_1329,t3_23kv7b,t1_cgxzsco,t1_cgy6k1w,0.6034625,0.5115409090909091,0.09192159090909091
p_1330,t3_23kv7b,t1_cgy0cn3,t1_cgy04hq,0.5842835820895521,0.6127037037037039,-0.02842012161415175
p_1331,t3_23kv7b,t1_cgy2g6p,t1_cgy5vy7,0.6205312499999999,0.6378055555555556,-0.017274305555555758
p_1332,t3_23kv7b,t1_cgy0c2d,t1_cgy551n,0.6205636363636363,0.5408846153846156,0.07967902097902069
p_1333,t3_23kv7b,t1_cgy6gid,t1_cgyrejw,0.5369827586206897,0.5986896551724137,-0.06170689655172401
p_1334,t3_23kit3,t1_cgxz084,t1_cgxx7gu,0.5671666666666667,0.6657016129032258,-0.09853494623655912
p_1335,t3_23k2q0,t1_cgxw1t2,t1_cgxturs,0.6022333333333334,0.6711931818181818,-0.06895984848484837
p_1336,t3_23jz53,t1_cgxr95k,t1_cgxqswm,0.623953488372093,0.635671875,-0.01171838662790703
p_1337,t3_23jmyp,t1_cgxs8kb,t1_cgxn99f,0.5416813186813185,0.5253666666666666,0.016314652014651876
p_1338,t3_23ijp4,t1_cgxcr0l,t1_cgxdbde,0.5863056994818654,0.6296111111111109,-0.043305411629245505
p_1341,t3_23c5x0,t1_cgvl8vi,t1_cgvm637,0.6053455284552846,0.6155166666666666,-0.010171138211382047
p_1342,t3_239u21,t1_cguzcxq,t1_cgv142h,0.629939024390244,0.5800357142857143,0.04990331010452964
p_1343,t3_238wk7,t1_cgumv5c,t1_cgvmt4w,0.5649975124378109,0.5840454545454544,-0.01904794210764349
p_1344,t3_238afg,t1_cguflf3,t1_cgufoko,0.41234693877551026,0.4646911764705883,-0.05234423769507801
p_1345,t3_2375b2,t1_cgu92dz,t1_cgu3uvw,0.5754799999999997,0.6172279411764707,-0.04174794117647107
p_1346,t3_2371el,t1_cguakwg,t1_cgu6rya,0.5966044776119402,0.5664357798165137,0.030168697795426525
p_1347,t3_2360o1,t1_cgtz3wv,t1_cgtwa3q,0.6326862745098039,0.5882878787878787,0.044398395721925166
p_1348,t3_2360o1,t1_cgu0cre,t1_cgtsaaa,0.5366139896373057,0.5477782258064514,-0.011164236169145747
p_1353,t3_22z33y,t1_cgrsuna,t1_cgs2mn3,0.7157045454545454,0.5563142857142857,0.15939025974025978
p_1354,t3_22z33y,t1_cgrugp5,t1_cgs6ju7,0.667448275862069,0.6711718750000002,-0.0037235991379311884
p_1355,t3_22y28i,t1_cgriyct,t1_cgrjo9h,0.5309310344827585,0.5367936507936506,-0.0058626163108921325
p_1358,t3_22xij5,t1_cgrqv9h,t1_cgrcwvc,0.5829361702127661,0.5474263157894736,0.035509854423292464
p_1356,t3_22xij5,t1_cgrcz5o,t1_cgrcq5k,0.6141422413793103,0.5654534883720929,0.04868875300721742
p_1359,t3_22wdaq,t1_cgr4744,t1_cgr1g25,0.5896018518518519,0.5932264150943396,-0.0036245632424877217
p_1361,t3_22uku3,t1_cgqjbhc,t1_cgqivn8,0.6850961538461539,0.602373831775701,0.08272232207045283
p_1362,t3_22uku3,t1_cgqlrwl,t1_cgqjogl,0.6026342756183747,0.6489172413793104,-0.04628296576093571
p_1364,t3_22uku3,t1_cgqquh7,t1_cgqjogl,0.5984029126213591,0.6489172413793104,-0.050514328757951255
p_1363,t3_22uku3,t1_cgqkdik,t1_cgqivn8,0.6151000000000001,0.602373831775701,0.012726168224299061
p_1365,t3_22ujpc,t1_cgqjh6c,t1_cgqk4rp,0.49640816326530607,0.5612999999999999,-0.06489183673469384
p_1367,t3_22s6od,t1_cgpvjq6,t1_cgpumps,0.5811907216494846,0.5906734693877552,-0.009482747738270625
p_1368,t3_22s540,t1_cgpw23e,t1_cgq0y5h,0.553250720461095,0.5420332792207797,0.011217441240315318
p_1369,t3_22ro8l,t1_cgpubok,t1_cgpq38y,0.5442835820895521,0.5335772058823528,0.010706376207199275
p_1373,t3_22rciz,t1_cgppvl3,t1_cgps3lm,0.5131640624999999,0.5361860465116279,-0.023021984011628027
p_1375,t3_22p8vc,t1_cgp1ivx,t1_cgp2qt7,0.6016574074074074,0.6235574324324323,-0.02190002502502497
p_1376,t3_22p8vc,t1_cgph660,t1_cgp2qt7,0.5991341853035141,0.6235574324324323,-0.02442324712891819
p_1378,t3_22oxbh,t1_cgpbtta,t1_cgp8xyo,0.47689610389610393,0.47281609195402297,0.004080011942080963
p_1381,t3_22kmvs,t1_cgnqvsu,t1_cgns9dq,0.6087499999999999,0.6281283185840706,-0.019378318584070686
p_1382,t3_22kmvs,t1_cgnr65q,t1_cgnr89a,0.6550416666666666,0.6567040816326531,-0.001662414965986514
p_1383,t3_22kmvs,t1_cgnqzqt,t1_cgns9dq,0.6025625,0.6281283185840706,-0.025565818584070588
p_1385,t3_22jhn2,t1_cgneze9,t1_cgnl46h,0.5828671874999999,0.5450330578512397,0.037834129648760206
p_1387,t3_22f1kj,t1_cgm6jha,t1_cgs195e,0.6494745762711868,0.5514999999999998,0.097974576271187
p_1388,t3_22f1kj,t1_cgm7mon,t1_cgmavew,0.5876396551724138,0.6201136363636363,-0.03247398119122247
p_1389,t3_22f1kj,t1_cgm6vi2,t1_cgm6jxw,0.6379293478260866,0.5897,0.048229347826086566
p_1392,t3_22akzj,t1_cgl8lo1,t1_cgkxjgo,0.64823623853211,0.5683723404255318,0.07986389810657823
p_1394,t3_22aivj,t1_cglicrz,t1_cgl0x83,0.6445000000000002,0.6330322580645161,0.011467741935484055
p_1395,t3_22aivj,t1_cgljc74,t1_cgl10xq,0.6527549019607842,0.6982799999999999,-0.04552509803921567
p_1396,t3_22a5ni,t1_cgktqwp,t1_cgkttdk,0.5667444444444445,0.5906315789473685,-0.023887134502924012
p_1397,t3_22a3qs,t1_cgkvrr0,t1_cgkykbh,0.6377706422018348,0.6408800000000001,-0.0031093577981653464
p_1398,t3_22a3qs,t1_cgl1hm0,t1_cgkykbh,0.6211290322580646,0.6408800000000001,-0.01975096774193552
p_1399,t3_22a3qs,t1_cgl1h03,t1_cgkykbh,0.6315333333333333,0.6408800000000001,-0.009346666666666836
p_1400,t3_22a37m,t1_cgksfxc,t1_cgkymem,0.5826132075471699,0.5248928571428572,0.05772035040431278
p_1401,t3_228zyi,t1_cgkk4t4,t1_cgklgw6,0.502125,0.6004166666666667,-0.09829166666666667
p_1402,t3_228zup,t1_cgkizxk,t1_cgklh2w,0.6393249999999999,0.6242840909090911,0.015040909090908827
p_1403,t3_227jtk,t1_cgkj9t2,t1_cgk3y74,0.5850346153846152,0.5684936708860759,0.016540944498539267
p_1404,t3_2274kr,t1_cgk4b3c,t1_cgk2ayk,0.5823285714285711,0.5742274436090223,0.008101127819548748
p_1406,t3_226qii,t1_cgjxbij,t1_cgjwndb,0.5954897959183673,0.6230666666666665,-0.027576870748299287
p_1408,t3_225n20,t1_cgjsq8n,t1_cgjxoyj,0.5701969696969695,0.5943994082840238,-0.024202438587054287
p_1409,t3_225n20,t1_cgjse9y,t1_cgjto4c,0.5885465838509317,0.5482569444444444,0.04028963940648733
p_1411,t3_2235f3,t1_cgj1syh,t1_cgj12cs,0.4835156250000001,0.5010416666666668,-0.017526041666666714
p_1413,t3_222civ,t1_cgiu51l,t1_cgiukpc,0.5678196347031962,0.5803333333333331,-0.01251369863013696
p_1414,t3_222civ,t1_cgj0qyo,t1_cgir9ho,0.5742142857142857,0.5966988636363637,-0.02248457792207803
p_1416,t3_2225gv,t1_cgimlkk,t1_cgio20w,0.6305106382978724,0.582,0.04851063829787239
p_1417,t3_221bir,t1_cgif7kr,t1_cgixpf6,0.4770254237288136,0.5548749999999999,-0.07784957627118627
p_1418,t3_220tb9,t1_cgi94sd,t1_cgic9mq,0.6332172131147543,0.6088237179487176,0.024393495166036727
p_1422,t3_21ufiz,t1_cghj1f0,t1_cggsmnl,0.4436212121212123,0.485840909090909,-0.042219696969696685
p_1423,t3_21tk7p,t1_cgggqyw,t1_cgghrhl,0.6639482758620687,0.6237330097087379,0.04021526615333082
p_1425,t3_21tdqe,t1_cggbp4k,t1_cggl2kk,0.6429782608695652,0.6039594594594593,0.03901880141010594
p_1426,t3_21syfg,t1_cgg7z22,t1_cgg8cok,0.5176621621621623,0.5316454545454545,-0.013983292383292212
p_1428,t3_21ssfi,t1_cgg6xv3,t1_cggf9u8,0.5759635416666665,0.49897500000000017,0.07698854166666635
p_1436,t3_21pkk6,t1_cgfbywq,t1_cgfbp9c,0.5710124309392262,0.6373730769230767,-0.0663606459838505
p_1437,t3_21okwn,t1_cgf2798,t1_cgf5s9n,0.6023897637795276,0.5938783783783784,0.008511385401149152
p_1438,t3_21lleu,t1_cgec0uu,t1_cgebs0x,0.6347137404580152,0.5894049295774649,0.045308810880550277
p_1439,t3_21l4k2,t1_cge4eyu,t1_cge6hi9,0.5466311475409837,0.5004782608695652,0.04615288667141859
p_1441,t3_21id1m,t1_cgdf3o7,t1_cgdlgwq,0.5321931818181815,0.5854047619047619,-0.053211580086580335
p_1447,t3_21eskl,t1_cgcdlrz,t1_cgccad9,0.5879687499999999,0.5928828125,-0.004914062500000038
p_1449,t3_21dzb8,t1_cgc6vmk,t1_cgcdz22,0.6257115384615386,0.6235441176470587,0.002167420814479848
p_1450,t3_21ceh3,t1_cgbp7v2,t1_cgbpnct,0.5562909090909091,0.575909090909091,-0.01961818181818198
p_1451,t3_21c4g5,t1_cgbm0ol,t1_cgbmkir,0.6364066666666663,0.5421644736842105,0.09424219298245584
p_1454,t3_21bodq,t1_cgbktwy,t1_cgboulw,0.6332428571428572,0.6223235294117648,0.010919327731092388
p_1455,t3_21aaav,t1_cgb4hag,t1_cgb7k83,0.57229,0.5910909090909092,-0.018800909090909257
p_1456,t3_219ie7,t1_cgawtkk,t1_cgaywpa,0.5868892857142859,0.5849242424242422,0.0019650432900436554
p_1457,t3_219ie7,t1_cgay26g,t1_cgaxh04,0.489263250883392,0.5761999999999999,-0.08693674911660793
p_1459,t3_219hll,t1_cgb9i7f,t1_cgawgmy,0.5887142857142857,0.6254605263157894,-0.036746240601503666
p_1461,t3_218cj0,t1_cgb7957,t1_cgakc8p,0.6542083333333335,0.6216470588235294,0.03256127450980406
p_1460,t3_218cj0,t1_cgb4zyw,t1_cgalms8,0.5630232558139533,0.5961304347826087,-0.03310717896865545
p_1462,t3_218cay,t1_cganctm,t1_cgb5b16,0.561615916955017,0.5452906976744185,0.01632521928059849
p_1464,t3_217z08,t1_cgamd0q,t1_cgam4in,0.6467049180327872,0.5563030303030301,0.0904018877297571
p_1466,t3_216l8g,t1_cga5u8e,t1_cgaj501,0.6209142857142856,0.6276833333333334,-0.00676904761904773
p_1468,t3_216l8g,t1_cgadifw,t1_cgamd1h,0.5968260869565222,0.5958809523809524,0.0009451345755697727
p_1469,t3_216l8g,t1_cga5vm9,t1_cgad30r,0.596041095890411,0.6081607142857142,-0.012119618395303178
p_1470,t3_216c3c,t1_cgaclvt,t1_cgb76ib,0.5524444444444445,0.5289736842105264,0.023470760233918142
p_1471,t3_2156ec,t1_cg9t3jm,t1_cg9v9lh,0.5442244897959183,0.5557560975609757,-0.01153160776505735
p_1472,t3_2156ec,t1_cg9sith,t1_cg9v9lh,0.5811290322580646,0.5557560975609757,0.0253729346970889
p_1473,t3_213mm2,t1_cg9agr0,t1_cg9bbci,0.6192846153846154,0.63669587628866,-0.017411260904044545
p_1474,t3_2130o9,t1_cg973lr,t1_cg99h0r,0.5757037617554859,0.5640104895104894,0.0116932722449965
p_1475,t3_2108o3,t1_cg8g5m0,t1_cg8vacp,0.6236907051282055,0.6390297619047621,-0.01533905677655667
p_1477,t3_2108o3,t1_cg8pfcj,t1_cg8em1w,0.6493846153846152,0.6623333333333334,-0.012948717948718214
p_1476,t3_2108o3,t1_cg8g18c,t1_cg8gp2o,0.6341170212765956,0.6274127906976744,0.006704230578921222
p_1478,t3_2100tm,t1_cg8bjor,t1_cg8bpfd,0.5881805555555555,0.6455641025641025,-0.057383547008546976
p_1479,t3_2100tm,t1_cg8bkva,t1_cg8cadv,0.6363057324840765,0.5295934579439252,0.10671227454015131
p_1480,t3_21006g,t1_cg8ektc,t1_cg8c67y,0.6230547445255473,0.6022250000000001,0.0208297445255472
p_1481,t3_21006g,t1_cg8d5l7,t1_cg8jki4,0.6652980769230771,0.6422692307692308,0.02302884615384626
p_1482,t3_21006g,t1_cg8k5af,t1_cg8jacm,0.6818999999999998,0.6288792207792212,0.053020779220778635
p_1483,t3_20y74d,t1_cg7uqnx,t1_cg7xgcc,0.5353214285714285,0.5829126984126983,-0.04759126984126982
p_1484,t3_20xnem,t1_cg7p4ea,t1_cg872iu,0.6373823529411765,0.6684637096774196,-0.031081356736243126
p_1485,t3_20xnem,t1_cg7py0i,t1_cg872iu,0.6754656084656085,0.6684637096774196,0.007001898788188909
p_1486,t3_20w0tt,t1_cg7p8xg,t1_cg7r3mc,0.6181032608695654,0.6041298701298704,0.013973390739694946
p_1487,t3_20vzfs,t1_cg7cbh1,t1_cg7cj2w,0.644013888888889,0.5780568181818182,0.0659570707070708
p_1488,t3_20v70n,t1_cg725lz,t1_cg73vfe,0.6563666666666665,0.6070877192982457,0.04927894736842087
p_1489,t3_20smoi,t1_cg6kjc3,t1_cg6ejad,0.6250375000000001,0.6452535211267604,-0.020216021126760242
p_1495,t3_20ofb2,t1_cg5pkgq,t1_cg5ixhz,0.583969387755102,0.4867924528301887,0.0971769349249133
p_1499,t3_20nrcb,t1_cg543t2,t1_cg552uu,0.51552,0.6302399999999999,-0.11471999999999993
p_1502,t3_20mxh2,t1_cg5cj8f,t1_cg5k6xt,0.5704758620689654,0.5597268041237112,0.010749057945254159
p_1504,t3_20mjdj,t1_cg682ww,t1_cg4t0cc,0.5971844660194174,0.617976923076923,-0.020792457057505542
p_1503,t3_20mjdj,t1_cg4pg7g,t1_cg4t0cc,0.5656953125000002,0.617976923076923,-0.05228161057692282
p_1505,t3_20madh,t1_cg4ndzh,t1_cg4rj03,0.6202536945812807,0.6400572519083971,-0.019803557327116472
p_1508,t3_20krmr,t1_cg48d5v,t1_cg4a1y8,0.5440037037037038,0.5096721311475411,0.034331572556162704
p_1509,t3_20k8w4,t1_cg4aii2,t1_cg48eux,0.5801138888888886,0.5693703703703703,0.010743518518518291
p_1510,t3_20k2rr,t1_cg419ms,t1_cg412ex,0.5669166666666666,0.5983118811881188,-0.03139521452145222
p_1511,t3_20jx3a,t1_cg3ylll,t1_cg3zhj7,0.5944999999999999,0.5763263888888888,0.018173611111111154
p_1512,t3_20iv9v,t1_cg3ns2w,t1_cg44wwu,0.5620579710144927,0.6131105263157894,-0.05105255530129671
p_1513,t3_20iv9v,t1_cg3y5m7,t1_cg44wwu,0.5295312500000001,0.6131105263157894,-0.08357927631578932
p_1515,t3_20i4lp,t1_cg3uys9,t1_cg3hmbl,0.5962181818181821,0.5937666666666667,0.0024515151515154265
p_1516,t3_20i4lp,t1_cg48c3a,t1_cg3j6v8,0.6016170212765957,0.5722121212121211,0.029404900064474604
p_1517,t3_20i32o,t1_cg3g5qn,t1_cg3h1s6,0.5425180722891567,0.5430065789473686,-0.0004885066582118736
p_1518,t3_20hoh2,t1_cg3e8tj,t1_cg3e1q3,0.5519999999999999,0.5858902439024392,-0.03389024390243922
p_1519,t3_20h3n2,t1_cg35tve,t1_cg35vpg,0.5567685185185185,0.5872840909090911,-0.030515572390572565
p_1520,t3_20gyw4,t1_cg3bvu3,t1_cg3fsc7,0.648931818181818,0.5758260869565218,0.07310573122529618
p_1521,t3_20gyw4,t1_cg3fs5u,t1_cg3fsc7,0.5780490196078433,0.5758260869565218,0.002222932651321452
p_1523,t3_20evic,t1_cg2s2cg,t1_cg2kgg6,0.5916406249999999,0.6316979166666669,-0.04005729166666694
p_1524,t3_20er8m,t1_cg2kh0h,t1_cg349wx,0.5616666666666666,0.6240087719298245,-0.062342105263157865
p_1526,t3_20er8m,t1_cg2pphh,t1_cg349wx,0.6232307692307693,0.6240087719298245,-0.000778002699055258
p_1529,t3_20ccdh,t1_cg1yrvx,t1_cg21j64,0.5753583333333329,0.5562102272727272,0.019148106060605685
p_1530,t3_20c7cz,t1_cg1yw0u,t1_cg1tdlz,0.6312241379310346,0.6029636363636366,0.02826050156739801
p_1531,t3_20bjzj,t1_cg1npcb,t1_cg1np4p,0.6345133928571424,0.5749774774774773,0.05953591537966507
p_1532,t3_20bc4h,t1_cg1kcaj,t1_cg1q9b0,0.6504359756097559,0.6179931506849313,0.03244282492482453
p_1533,t3_20bc4h,t1_cg1k60u,t1_cg1m2xr,0.7185238095238095,0.7321555555555554,-0.013631746031745995
p_1536,t3_208uz9,t1_cg0x68o,t1_cg0vcfi,0.597487012987013,0.58475,0.012737012987013019
p_1538,t3_208uz9,t1_cg10g34,t1_cg0vx6c,0.6496666666666667,0.5507083333333332,0.09895833333333348
p_1539,t3_20771y,t1_cg0g3o7,t1_cg0kgnu,0.5807068965517241,0.6272903225806452,-0.04658342602892107
p_1541,t3_2067hy,t1_cg07wrp,t1_cg0fxc1,0.5974310344827586,0.6822272727272728,-0.08479623824451421
p_1542,t3_2067hy,t1_cg0du69,t1_cg0fxc1,0.58405223880597,0.6822272727272728,-0.09817503392130278
p_1543,t3_205wgp,t1_cg034et,t1_cg0lm1r,0.5281521739130435,0.5972878787878789,-0.06913570487483545
p_1545,t3_2055ga,t1_cg005x6,t1_cfzyi1j,0.5674999999999999,0.5736320754716981,-0.006132075471698251
p_1546,t3_20552o,t1_cfzv2ca,t1_cfzutd1,0.5816060606060608,0.6394214285714284,-0.05781536796536757
p_1547,t3_202dsz,t1_cfz5omt,t1_cfz8mj9,0.6268066037735848,0.5575677655677654,0.06923883820581933
p_1548,t3_1zyxf5,t1_cfykpyh,t1_cfy8x1q,0.51831338028169,0.5569939024390246,-0.03868052215733453
p_1549,t3_1zwn1x,t1_cfxnbo6,t1_cfxnnsj,0.556009090909091,0.5668139534883719,-0.010804862579280927
p_1550,t3_1zw7ln,t1_cfxj320,t1_cfxj5az,0.5732604166666666,0.5956666666666666,-0.02240624999999996
p_1551,t3_1zuvxw,t1_cfxe20o,t1_cfxmqh6,0.6393263157894737,0.61284375,0.026482565789473722
p_1552,t3_1zu61l,t1_cfwzylm,t1_cfx0hao,0.619716049382716,0.6504583333333334,-0.0307422839506174
p_1553,t3_1ztvka,t1_cfwxsqx,t1_cfwws2r,0.6145784883720931,0.5908837209302326,0.023694767441860498
p_1555,t3_1zs621,t1_cfwvfc8,t1_cfwgped,0.6078868739205532,0.5644905660377361,0.04339630788281712
p_1557,t3_1zradb,t1_cfwcpec,t1_cfwls65,0.5203131147540981,0.5287802197802198,-0.00846710502612169
p_1558,t3_1zmsp5,t1_cfv2q6b,t1_cfv12db,0.6199179687499999,0.6062990196078428,0.01361894914215711
p_1561,t3_1zj8xe,t1_cfuhnxj,t1_cfu7ye4,0.6183181818181819,0.6190444444444445,-0.0007262626262626304
p_1563,t3_1zixnc,t1_cfu2ihk,t1_cfufvm6,0.6238526315789472,0.6424391304347825,-0.0185864988558353
p_1564,t3_1zixnc,t1_cfufgl4,t1_cfu8t82,0.5818947368421056,0.6489934210526316,-0.067098684210526
p_1565,t3_1zga9j,t1_cfth378,t1_cfthktn,0.6676406249999997,0.6880833333333333,-0.020442708333333615
p_1566,t3_1zfi9r,t1_cft7656,t1_cft6dvp,0.5345244755244755,0.5471953125000001,-0.012670836975524624
p_1567,t3_1zdgxp,t1_cfspefn,t1_cfsoeq2,0.5769838709677417,0.6084565217391305,-0.03147265077138872
p_1568,t3_1zav5a,t1_cfs128g,t1_cfs8we4,0.6018367346938771,0.6071428571428569,-0.0053061224489797665
p_1569,t3_1zav5a,t1_cfs14jd,t1_cfs27v4,0.6017837837837839,0.6213548387096773,-0.019571054925893394
p_1570,t3_1z9uki,t1_cfrtm9j,t1_cfrtrpp,0.5231521739130433,0.5850483870967741,-0.06189621318373084
p_1571,t3_1z9nj1,t1_cfrvhp5,t1_cfrt1zr,0.5968000000000001,0.523236842105263,0.07356315789473711
p_1572,t3_1z9nj1,t1_cfs2slp,t1_cfrt1zr,0.5212583333333334,0.523236842105263,-0.0019785087719296213
p_1575,t3_1z4j07,t1_cfqjgtm,t1_cfqfpgt,0.5914363636363636,0.5653823529411764,0.026054010695187202
p_1576,t3_1z3vej,t1_cfq9l33,t1_cfq9m7b,0.5580000000000002,0.49382258064516144,0.06417741935483873
p_1577,t3_1z2m65,t1_cfpz5ni,t1_cfqe6na,0.5155068493150686,0.5254285714285714,-0.009921722113502729
p_1579,t3_1z1x25,t1_cfps3jr,t1_cfprwz1,0.5508872950819673,0.5540394736842105,-0.0031521786022431497
p_1581,t3_1z0efm,t1_cfpdtdk,t1_cfpdbjr,0.5415351239669421,0.5727012987012988,-0.031166174734356678
p_1582,t3_1yzk2r,t1_cfpix2k,t1_cfpb5e7,0.5644128151260499,0.5632902777777776,0.001122537348272279
p_1584,t3_1ytd1y,t1_cfnl117,t1_cfnl2nq,0.5057,0.49972727272727274,0.005972727272727296
p_1585,t3_1yst0y,t1_cfngu5x,t1_cfngwn5,0.5964750000000001,0.6088613861386137,-0.012386386138613648
p_1586,t3_1ysjvs,t1_cfndapb,t1_cfnjy06,0.6733173076923079,0.628478260869565,0.04483904682274287
p_1587,t3_1ysjvs,t1_cfnejdg,t1_cfndbpn,0.5795267857142857,0.5886976744186047,-0.009170888704318925
p_1588,t3_1yqbtv,t1_cfmvaww,t1_cfn3a9g,0.5824761904761905,0.6356865671641792,-0.05321037668798867
p_1589,t3_1yqbtv,t1_cfmvnmb,t1_cfnjhfp,0.5548389830508473,0.5918510638297871,-0.037012080778939804
p_1590,t3_1ypfdt,t1_cfmn9ya,t1_cfmkj9p,0.5642872340425531,0.5940714285714284,-0.029784194528875263
p_1593,t3_1ylhiw,t1_cflpdf1,t1_cflrlgg,0.6077253886010362,0.6095319148936169,-0.0018065262925807124
p_1594,t3_1yksrs,t1_cfln3uw,t1_cflsynk,0.5118645833333332,0.5784545454545457,-0.06658996212121249
p_1595,t3_1yk2nn,t1_cfmigm1,t1_cfl7jgs,0.5817995391705072,0.5837209302325583,-0.0019213910620511365
p_1597,t3_1yj9yz,t1_cfkzuuw,t1_cfl3zb3,0.5815,0.6288333333333332,-0.04733333333333323
p_1598,t3_1yhd8w,t1_cfkunw0,t1_cfl04qs,0.5778787128712874,0.5488241758241759,0.029054537047111584
p_1599,t3_1yg8sx,t1_cfkaxla,t1_cfk8844,0.6159423076923075,0.6158690476190476,7.326007325991757e-05
p_1600,t3_1yg2jo,t1_cfk66s1,t1_cfk729g,0.48581874999999997,0.5686666666666667,-0.08284791666666669
p_1601,t3_1yf0hw,t1_cfk3gzm,t1_cfk3g6w,0.6251159169550176,0.6251159169550176,0.0
p_1602,t3_1ycqp3,t1_cfjcixz,t1_cfjex0e,0.47626041666666646,0.5280598802395207,-0.0517994635728542
p_1603,t3_1yccg0,t1_cfj7tna,t1_cfj836t,0.5160693069306932,0.5353636363636367,-0.019294329432943513
p_1604,t3_1yc8z3,t1_cfj8dok,t1_cfj6ut7,0.5554590163934425,0.49621093749999984,0.05924807889344269
p_1607,t3_1y93n4,t1_cfilbka,t1_cfiga5n,0.6306735074626864,0.5663678160919541,0.06430569137073228
p_1609,t3_1y8e6p,t1_cfidj9k,t1_cfi8wne,0.6186833333333337,0.6158186813186812,0.002864652014652469
p_1610,t3_1y7dly,t1_cfi0whe,t1_cfi99ou,0.5759758064516127,0.5766536964980543,-0.0006778900464415871
p_1611,t3_1y6r6n,t1_cfhuqmy,t1_cfhzeok,0.6534056603773584,0.6208461538461538,0.03255950653120454
p_1613,t3_1y5kpj,t1_cfhngrl,t1_cfhmv6r,0.590141304347826,0.5650185185185184,0.025122785829307603
p_1614,t3_1y5jpe,t1_cfhjc63,t1_cfhoyvh,0.422,0.4573285714285714,-0.03532857142857143
p_1615,t3_1y3vw7,t1_cfh6xl3,t1_cfhb3ig,0.6317874015748028,0.6071666666666669,0.02462073490813599
p_1616,t3_1y0z80,t1_cfgezmv,t1_cfgd9sg,0.538029702970297,0.5553599999999999,-0.0173302970297029
p_1617,t3_1y0z80,t1_cfgebtx,t1_cfge83v,0.5894857142857143,0.5545694444444442,0.03491626984127005
p_1618,t3_1y0z80,t1_cfgff5w,t1_cfgdo8i,0.6997222222222222,0.52664,0.17308222222222225
p_1619,t3_1y0z80,t1_cfggmp9,t1_cfggdeg,0.5741153846153847,0.6012608695652175,-0.02714548494983282
p_1620,t3_1y0vu9,t1_cfgiaw0,t1_cfgl96g,0.5889354838709677,0.5852575757575758,0.00367790811339197
p_1621,t3_1y0q8w,t1_cfrq7cf,t1_cfgq10w,0.5566105398457584,0.5834471544715444,-0.026836614625786015
p_1622,t3_1xzpi7,t1_cfg2dzw,t1_cfg3is1,0.5738131578947364,0.5441428571428569,0.029670300751879486
p_1623,t3_1xzf7d,t1_cfg00me,t1_cffz5zm,0.5897974137931036,0.5924076923076922,-0.0026102785145886154
p_1624,t3_1xzeag,t1_cffzwu5,t1_cffzfv6,0.6034436090225563,0.6530449438202246,-0.04960133479766826
p_1625,t3_1xzdek,t1_cfg1zzx,t1_cfg0i1g,0.5768541666666667,0.57075,0.006104166666666688
p_1626,t3_1xz6rw,t1_cffz8em,t1_cffxz9z,0.5960125000000002,0.529406779661017,0.06660572033898315
p_1628,t3_1xx4hd,t1_cffpbcp,t1_cffe6q8,0.6602073170731709,0.6453476562500001,0.014859660823170806
p_1631,t3_1xvch2,t1_cff03ce,t1_cfeznzr,0.6701710526315788,0.6478090909090909,0.022361961722487944
p_1632,t3_1xus3u,t1_cff4s1l,t1_cff7gyo,0.65285625,0.612209677419355,0.04064657258064508
p_1633,t3_1xtu9a,t1_cfelt93,t1_cfek1hq,0.6026785714285713,0.5762890625,0.02638950892857128
p_1635,t3_1xt7na,t1_cfekvit,t1_cfehcuc,0.5962500000000002,0.5912352941176471,0.005014705882353088
p_1636,t3_1xrsup,t1_cfe9wcm,t1_cfecpir,0.5442222222222222,0.5254375,0.01878472222222216
p_1639,t3_1xqnjx,t1_cfdvt9y,t1_cfdt5y3,0.5465032679738563,0.6150119047619046,-0.0685086367880483
p_1640,t3_1xqnjx,t1_cfdsxp9,t1_cfdvwqp,0.6078591549295774,0.59164,0.016219154929577373
p_1641,t3_1xqn05,t1_cfdr670,t1_cfdzhku,0.5729782608695652,0.6633181818181819,-0.09033992094861676
p_1647,t3_1xpli3,t1_cfdj416,t1_cfdz0is,0.6707826086956523,0.6778292682926829,-0.007046659597030547
p_1648,t3_1xp9br,t1_cfddlr2,t1_cfdd9ab,0.6007771739130433,0.6302117117117122,-0.02943453779866889
p_1649,t3_1xowzb,t1_cfdatgs,t1_cfdbx3c,0.5695901162790696,0.5426654135338344,0.026924702745235285
p_1650,t3_1xowzb,t1_cfdbhsi,t1_cfdbx3c,0.5926595744680853,0.5426654135338344,0.04999416093425091
p_1651,t3_1xofrl,t1_cfd7mvo,t1_cfd6avv,0.6597903225806451,0.6090888888888889,0.05070143369175617
p_1652,t3_1xny71,t1_cfd4qsf,t1_cfd1p8s,0.6155096153846156,0.669655844155844,-0.05414622877122843
p_1653,t3_1xne0t,t1_cfcwnyo,t1_cfcwuj0,0.6091173913043478,0.5580909090909091,0.05102648221343875
p_1654,t3_1xml8r,t1_cfcpq87,t1_cfcvgy3,0.6090960591133004,0.6584408602150539,-0.04934480110175343
p_1658,t3_1xj5t3,t1_cfbzgs9,t1_cfbsvrz,0.5979520000000002,0.5861093749999998,0.011842625000000329
p_1659,t3_1xj58k,t1_cfbw65l,t1_cfc1y4k,0.4282784090909089,0.4980319148936172,-0.06975350580270828
p_1660,t3_1xj1ga,t1_cfbsq9j,t1_cfbsdxa,0.6221122448979591,0.5952903225806451,0.026821922317314062
p_1661,t3_1xijwf,t1_cfbyqtw,t1_cfbs8fr,0.6770703125000002,0.5733151260504201,0.10375518644958004
p_1662,t3_1xijwf,t1_cfbrxxo,t1_cfbs8fr,0.6276739130434782,0.5733151260504201,0.05435878699305807
p_1663,t3_1xi9t0,t1_cfbm43v,t1_cfbl44s,0.5906685714285717,0.6257034883720931,-0.035034916943521455
p_1664,t3_1xhrpt,t1_cfbkr47,t1_cfby4iv,0.5673654781199354,0.6512149122807016,-0.08384943416076618
p_1665,t3_1xhjo8,t1_cfbg2kr,t1_cfbe6yx,0.6063966942148761,0.6305909090909091,-0.024194214876033016
p_1666,t3_1xhgv0,t1_cfbkzhu,t1_cfbpidx,0.6254999999999998,0.6076574803149605,0.01784251968503936
p_1668,t3_1xgop4,t1_cfb7zmh,t1_cfblib6,0.6436911764705882,0.6931805555555555,-0.04948937908496731
p_1670,t3_1xg9o8,t1_cfb5szp,t1_cfb8m1v,0.5584553990610327,0.5539166666666668,0.004538732394365863
p_1671,t3_1xg9o8,t1_cfb7rha,t1_cfb8rco,0.5761339869281048,0.5452516129032257,0.030882374024879145
p_1672,t3_1xg07x,t1_cfb0ntv,t1_cfb1y56,0.5526948051948052,0.5590161290322582,-0.006321323837452986
p_1673,t3_1xg07x,t1_cfb029j,t1_cfb1y56,0.49779861111111096,0.5590161290322582,-0.06121751792114721
p_1674,t3_1xfxzz,t1_cfbqyq7,t1_cfb38lx,0.7058749999999999,0.6292343750000001,0.0766406249999998
p_1675,t3_1xecbw,t1_cfapwte,t1_cfavmea,0.6849888888888891,0.6627169811320753,0.022271907756813758
p_1676,t3_1xauzj,t1_cf9ryoi,t1_cf9rnej,0.6598358208955224,0.6285961538461537,0.031239667049368647
p_1677,t3_1x9drc,t1_cf9aorl,t1_cf9drsg,0.5837879377431906,0.6158643410852713,-0.03207640334208073
p_1678,t3_1x8fy5,t1_cf9c8ws,t1_cf9598e,0.5953093749999999,0.5858461538461539,0.009463221153846013
p_1679,t3_1x7uoa,t1_cf8wl9o,t1_cf8z5i2,0.584609243697479,0.5607931034482759,0.023816140249203088
p_1681,t3_1x5wrj,t1_cf8fe6i,t1_cf8h4zs,0.6753934426229509,0.6530416666666665,0.022351775956284348
p_1682,t3_1x5gri,t1_cf8ak7n,t1_cf8c7ra,0.5890796460176992,0.5767941176470588,0.012285528370640453
p_1683,t3_1x4fll,t1_cf88dvu,t1_cf80gm0,0.6432647058823531,0.6629568965517241,-0.019692190669371
p_1684,t3_1x4e9l,t1_cf8c6ja,t1_cf813g9,0.6460087719298246,0.6415476190476191,0.004461152882205499
p_1685,t3_1x44be,t1_cf7y65l,t1_cffje6e,0.6167072072072072,0.624558139534884,-0.007850932327676863
p_1686,t3_1x44be,t1_cf8ii0u,t1_cf7ynno,0.6488271604938272,0.6284627659574467,0.020364394536380503
p_1687,t3_1x3quk,t1_cf81vtd,t1_cf811b2,0.6636326530612245,0.6262162162162161,0.037416436845008394
p_1688,t3_1x3quk,t1_cf82a08,t1_cf7xofq,0.615269035532995,0.5883478260869562,0.026921209446038707
p_1689,t3_1x3jm2,t1_cf7t9mu,t1_cf7w0x1,0.5649132653061227,0.5683217821782177,-0.00340851687209498
p_1690,t3_1x3jm2,t1_cf7rvkt,t1_cf7xop4,0.6115897435897438,0.5216000000000001,0.08998974358974376
p_1691,t3_1x3jm2,t1_cf7tzua,t1_cf7v802,0.6231249999999999,0.5977302158273384,0.0253947841726615
p_1693,t3_1wxy0c,t1_cf6nwss,t1_cf6opjq,0.6175416666666668,0.633940594059406,-0.016398927392739182
p_1694,t3_1wxy0c,t1_cf6r60y,t1_cf6opjq,0.5610851648351647,0.633940594059406,-0.07285542922424126
p_1695,t3_1wwoop,t1_cf63aas,t1_cf61b67,0.675171875,0.6222763157894736,0.052895559210526355
p_1696,t3_1wwoop,t1_cf61gbe,t1_cf642jh,0.6029729729729729,0.6296979166666667,-0.026724943693693826
p_1697,t3_1wvyf1,t1_cf5vcsr,t1_cf6onl2,0.6361279069767442,0.5142916666666666,0.12183624031007756
p_1699,t3_1wvths,t1_cf614t8,t1_cf5ugx7,0.6143195488721804,0.6253790322580645,-0.011059483385884028
p_1698,t3_1wvths,t1_cf5v50x,t1_cf5viuj,0.5628695652173914,0.6247794117647059,-0.06190984654731446
p_1700,t3_1wvouv,t1_cf5t6kg,t1_cf5ydyu,0.6190081967213114,0.5855166666666667,0.03349153005464467
p_1702,t3_1wvhao,t1_cf5t1xp,t1_cf63h51,,0.6354473684210525,
p_1703,t3_1wu9bx,t1_cf5ghfv,t1_cf5gzn8,0.6135921052631579,0.6209325842696629,-0.00734047900650503
p_1704,t3_1wtvq6,t1_cf5knmg,t1_cf5ocok,0.5554871794871795,0.6379918032786883,-0.0825046237915088
p_1705,t3_1wteqq,t1_cf5rh0q,t1_cf57as7,0.59315,0.5967333333333332,-0.0035833333333332718
p_1706,t3_1wt8h7,t1_cf55ppi,t1_cf559e0,0.6733750000000002,0.5852444444444445,0.08813055555555571
p_1707,t3_1wsalo,t1_cf54lvq,t1_cf570gn,0.6555230769230769,0.6245384615384615,0.030984615384615388
p_1708,t3_1wqdpz,t1_cf4fnk7,t1_cf4fg38,0.5605903083700441,0.5695975609756099,-0.009007252605565785
p_1709,t3_1wnvdn,t1_cf3s4a2,t1_cf3rvjd,0.5294500000000001,0.5779146341463415,-0.04846463414634139
p_1710,t3_1wmoca,t1_cf3hjc2,t1_cf3fxbx,0.6470966386554623,0.6145694444444445,0.032527194211017796
p_1714,t3_1wjggc,t1_cf2k4m9,t1_cf2zudy,0.529736111111111,0.55549,-0.025753888888889076
p_1719,t3_1we5ye,t1_cf181nq,t1_cf1drrq,0.5744102564102563,0.5464650349650351,0.02794522144522127
p_1721,t3_1we3gg,t1_cf15n2w,t1_cf1b9fg,0.5305193236714975,0.5646573033707863,-0.03413797969928889
p_1722,t3_1we3gg,t1_cf1aqki,t1_cf1mnjk,0.5578214285714286,0.5793817204301076,-0.021560291858679026
p_1723,t3_1we3gg,t1_cf14k7c,t1_cf1b9fg,0.556632911392405,0.5646573033707863,-0.00802439197838134
p_1727,t3_1w99ax,t1_cf08bgj,t1_cezuuhe,0.5764843749999999,0.5833958333333333,-0.006911458333333398
p_1728,t3_1w91jl,t1_cezwkl3,t1_cezzr6g,0.574220394736842,0.5890357142857141,-0.014815319548872052
p_1729,t3_1w84rh,t1_cezjynx,t1_cezjtaz,0.5322794117647058,0.48433333333333334,0.047946078431372496
p_1731,t3_1w6uhl,t1_cezbyuy,t1_cez8odp,0.6261799999999998,0.5960066666666666,0.030173333333333274
p_1730,t3_1w6uhl,t1_cezbjga,t1_cez8r6m,0.6711785714285713,0.6291746031746033,0.042003968253968016
p_1732,t3_1w6uhl,t1_cezwgtv,t1_cezh5ah,0.5951793893129773,0.6010414012738855,-0.005862011960908187
p_1733,t3_1w6uhl,t1_cezy174,t1_cezwt7d,0.6073578431372547,0.6151486486486487,-0.0077908055113939945
p_1734,t3_1w3r7a,t1_ceyfj6f,t1_ceyiqk4,0.559888888888889,0.5665158730158731,-0.006626984126984148
p_1735,t3_1vz63d,t1_cex6xzs,t1_cexiref,0.6318499999999999,0.5987431192660551,0.033106880733944855
p_1738,t3_1vqwtw,t1_ceuzj2d,t1_ceuycyu,0.630767857142857,0.5020138888888889,0.12875396825396812
p_1739,t3_1vq2nf,t1_ceupm5x,t1_ceup6x1,0.5421621621621622,0.4864821428571429,0.05568001930501926
p_1740,t3_1vpp6t,t1_ceus11w,t1_ceuld78,0.5258382352941177,0.6374278846153848,-0.11158964932126714
p_1742,t3_1voenh,t1_ceubelw,t1_ceu9m4y,0.5813665338645414,0.5760840707964603,0.005282463068081111
p_1743,t3_1vm911,t1_cetnn1i,t1_cettz33,0.7286363636363635,0.5890483870967741,0.13958797653958943
p_1746,t3_1vitnu,t1_cesojok,t1_cet1d7h,0.6302090909090908,0.6110578231292519,0.019151267779838888
p_1747,t3_1vil9h,t1_cesmz2f,t1_cesm93p,0.6154631578947368,0.5920340909090909,0.023429066985645952
p_1748,t3_1vil80,t1_cet0nf1,t1_cesmfhu,0.5879189189189188,0.6019724137931032,-0.014053494874184391
p_1750,t3_1vhh7b,t1_cesb8l8,t1_ceso4j1,0.5754166666666666,0.5879481481481486,-0.012531481481481976
p_1753,t3_1vg6qn,t1_cerydvt,t1_ces7sw3,0.6232500000000001,0.5937285714285716,0.029521428571428476
p_1754,t3_1vg6qn,t1_ces7xdz,t1_ces4z4x,0.6623333333333334,0.648048780487805,0.014284552845528431
p_1755,t3_1vfoko,t1_cersgwa,t1_cery1u3,0.548111111111111,0.5117200000000001,0.03639111111111093
p_1756,t3_1veiwz,t1_cergs7r,t1_ceruu7h,0.5987133333333333,0.6405918367346937,-0.041878503401360345
p_1758,t3_1vc1ju,t1_ceqsvrq,t1_ceqsm8p,0.6202824675324677,0.6384756097560977,-0.01819314222363
p_1759,t3_1vbtut,t1_ceqq9p8,t1_ceqwdz5,0.5979714285714286,0.6130441176470587,-0.015072689075630086
p_1762,t3_1v97rw,t1_cepz02o,t1_ceq85nw,0.5586758241758243,0.49992,0.05875582417582431
p_1763,t3_1v8xv5,t1_cepyw13,t1_cepvurr,0.6673319672131147,0.6116173913043477,0.05571457590876705
p_1764,t3_1v8vbr,t1_ceq1g3n,t1_cepzl4s,0.609344827586207,0.5396969696969697,0.06964785788923733
p_1765,t3_1v8hly,t1_ceps6kq,t1_cepr262,0.5792570754716981,0.5200182926829269,0.05923878278877126
p_1767,t3_1v6x7z,t1_cepcqsx,t1_cepbgx3,0.5299708994708994,0.5641300813008129,-0.03415918182991351
p_1768,t3_1v6x7z,t1_cepbbkb,t1_ceplff5,0.5420238095238096,0.5829956521739131,-0.04097184265010356
p_1771,t3_1v6sc1,t1_cep8u6j,t1_cep920e,0.5976956521739129,0.5942851562499999,0.0034104959239129595
p_1772,t3_1v6sc1,t1_cepbi6t,t1_cep9kye,0.6486403508771931,0.6965689655172413,-0.04792861464004827
p_1773,t3_1v5dnm,t1_ceovabh,t1_ceovlgt,0.5680686274509804,0.5742611940298507,-0.00619256657887024
p_1774,t3_1v5dnm,t1_ceovl5u,t1_ceov0pa,0.6103750000000002,0.6319078947368422,-0.021532894736841945
p_1775,t3_1v44vp,t1_ceoj2ew,t1_ceonfda,0.5942808988764047,0.5686410256410256,0.025639873235379085
p_1776,t3_1v44ig,t1_ceonb1b,t1_ceoluxq,0.5417616279069768,0.5512608695652174,-0.009499241658240565
p_1777,t3_1v37km,t1_ceof5q0,t1_ceoakgs,0.5400951086956522,0.5393310810810811,0.0007640276145711722
p_1778,t3_1v2buu,t1_ceo3y9o,t1_ceo0vsq,0.629080357142857,0.6688846153846154,-0.03980425824175837
p_1783,t3_1uw88g,t1_cemazwn,t1_cem9vxq,0.523194117647059,0.5443444444444445,-0.021150326797385488
p_1784,t3_1uw88g,t1_cema7rn,t1_cematy2,0.5340083333333335,0.5580927835051546,-0.024084450171821037
p_1785,t3_1uu8f1,t1_celpb6x,t1_celpnop,0.7241607142857144,0.6825555555555556,0.0416051587301588
p_1787,t3_1uss24,t1_celd4ge,t1_cem21t7,0.6111927083333334,0.6291379310344828,-0.0179452227011494
p_1788,t3_1us404,t1_celnjcf,t1_cel68zm,0.6089050279329608,0.5870909090909092,0.021814118842051533
p_1789,t3_1us3bu,t1_cel70ih,t1_celagxd,0.6802083333333332,0.707860294117647,-0.027651960784313756
p_1790,t3_1urrut,t1_cel88d0,t1_cel1jwe,0.6208211678832116,0.6404599999999999,-0.019638832116788296
p_1791,t3_1up36i,t1_cel5ryl,t1_cekasft,0.5616388888888889,0.5784130434782608,-0.016774154589371926
p_1794,t3_1un1uh,t1_cejsnxi,t1_cejqr72,0.5307702702702701,0.47866666666666663,0.0521036036036035
p_1795,t3_1umi67,t1_cejoc7z,t1_cejtg9p,0.5355232558139534,0.513421052631579,0.022102203182374436
p_1796,t3_1um2og,t1_cejgnup,t1_cejgczp,0.554224,0.47932499999999995,0.0748990000000001
p_1797,t3_1uldzf,t1_cejbhlx,t1_cejot4k,0.6809999999999999,0.648353448275862,0.032646551724137884
p_1800,t3_1uhnsm,t1_cei7518,t1_cei83kz,0.6330047846889953,0.6539491525423727,-0.020944367853377388
p_1801,t3_1uhj8f,t1_cei563f,t1_ceim6kr,0.6287457627118643,0.6087471264367817,0.019998636275082582
p_1802,t3_1uhj8f,t1_cei5r73,t1_ceiav39,0.6300291970802919,0.6032868217054264,0.026742375374865568
p_1803,t3_1ugfg7,t1_cehxooj,t1_cehv3x9,0.5914652777777779,0.6001181818181817,-0.008652904040403753
p_1804,t3_1ueg7f,t1_ceh8q6y,t1_ceh8am3,0.6564180672268908,0.6464488636363637,0.00996920359052711
p_1806,t3_1udzn5,t1_ceh4p0r,t1_ceh6366,0.5821519999999999,0.5996896551724139,-0.017537655172414013
p_1808,t3_1udzn5,t1_cehcarm,t1_cehc82y,0.69012,0.6512500000000001,0.03886999999999985
p_1811,t3_1udlql,t1_ceh07bk,t1_cegzp5m,0.5436777777777777,0.5844047619047619,-0.04072698412698417
p_1812,t3_1ud8fv,t1_cehjb3t,t1_ceh3glw,0.6210354166666667,0.6066785714285713,0.01435684523809544
p_1814,t3_1uctm7,t1_cegr7bn,t1_cegy5dc,0.5977093023255814,0.5921249999999999,0.005584302325581492
p_1815,t3_1ucj9u,t1_cegoldf,t1_cegt2yd,0.5825714285714287,0.6079520547945205,-0.025380626223091785
p_1816,t3_1ucgh6,t1_cegogz6,t1_cegohag,0.5895196078431374,0.6016744186046512,-0.012154810761513812
p_1817,t3_1ucgh6,t1_cegqw1u,t1_cegohag,0.5799358974358975,0.6016744186046512,-0.021738521168753744
p_1818,t3_1uamtt,t1_cegcjhm,t1_cegb3ri,0.6635227272727273,0.6449214285714288,0.018601298701298563
p_1821,t3_1u8yzo,t1_cefohe0,t1_cefnobg,0.6306176470588235,0.6310344827586207,-0.00041683569979722446
p_1824,t3_1u8om4,t1_cefkzid,t1_cefl804,0.5377386363636365,0.6184110169491523,-0.08067238058551585
p_1825,t3_1u8iv1,t1_cefj6lm,t1_cefr8n0,0.6277184466019418,0.5869914529914528,0.040726993610488926
p_1827,t3_1u87uu,t1_cefgarg,t1_cefn2kn,0.589242268041237,0.5440890410958903,0.045153226945346736
p_1828,t3_1u7llg,t1_cefbw53,t1_cefb5g9,0.544925,0.604198275862069,-0.059273275862068986
p_1830,t3_1u4wxq,t1_ceenpjt,t1_ceekcir,0.6114086021505377,0.574046511627907,0.03736209052263073
p_1829,t3_1u4wxq,t1_ceeovmf,t1_ceem22l,0.5800560344827588,0.5621829268292683,0.017873107653490483
p_1831,t3_1u4fqn,t1_ceefsm0,t1_ceejtd2,0.5030454545454546,0.593261111111111,-0.09021565656565644
p_1835,t3_1u28be,t1_cedssel,t1_cedt1r4,0.5862711864406779,0.5176800000000001,0.06859118644067774
p_1836,t3_1u0pt2,t1_cedkwy5,t1_cedqecc,0.6561805555555558,0.6047959183673468,0.05138463718820896
p_1838,t3_1ty0ux,t1_cecozto,t1_cecpcit,0.5528936170212765,0.579467032967033,-0.026573415945756462
p_1839,t3_1txyfq,t1_ceczo86,t1_cecktf3,0.5754035714285712,0.5910700000000002,-0.01566642857142897
p_1840,t3_1tx0tf,t1_ceca72e,t1_ceca9ns,0.6348210526315791,0.6403555555555556,-0.005534502923976503
p_1841,t3_1twxa7,t1_cec9uo6,t1_cecflca,0.6098136645962732,0.628860576923077,-0.019046912326803778
p_1843,t3_1twegt,t1_cecee3s,t1_cecd78s,0.55239898989899,0.6057238805970149,-0.05332489069802493
p_1844,t3_1tt75b,t1_cebccgh,t1_cebecvh,0.5935779742765273,0.6042088235294116,-0.010630849252884378
p_1845,t3_1tt5tb,t1_cebd1og,t1_cebemwn,0.6080865384615385,0.5803309859154928,0.02775555254604567
p_1846,t3_1tt5tb,t1_cebcb60,t1_cebb05i,0.6040595238095238,0.6022741935483872,0.0017853302611365862
p_1850,t3_1tqttm,t1_cealwzd,t1_ceakm2y,0.5920973597359733,0.5586459627329191,0.03345139700305422
p_1851,t3_1tqttm,t1_ceaxcno,t1_ceak6vp,0.5860350877192984,0.6150416666666666,-0.029006578947368244
p_1853,t3_1tpqhr,t1_ceaod4e,t1_ceaei9g,0.5811403508771931,0.5981666666666666,-0.017026315789473556
p_1855,t3_1to7tw,t1_ce9wkz3,t1_ce9wfe0,0.6464903846153847,0.6694605263157895,-0.02297014170040479
p_1856,t3_1tns6s,t1_ce9xde5,t1_ce9rgf8,0.6608181818181817,0.6817077922077924,-0.02088961038961068
p_1857,t3_1tm85z,t1_ce9dgau,t1_ce9co77,0.5771277533039649,0.5166139240506328,0.06051382925333215
p_1858,t3_1tku2p,t1_ce92cm3,t1_ce9099k,0.5959702380952379,0.6507857142857142,-0.05481547619047633
p_1860,t3_1tg3nh,t1_ce7sc37,t1_ce7klpg,0.590094827586207,0.6028199999999999,-0.012725172413792896
p_1861,t3_1te39z,t1_ce70eid,t1_ce71ql3,0.5671969696969698,0.5590862068965516,0.008110762800418114
p_1862,t3_1td5fm,t1_ce6qqlt,t1_ce6qwq5,0.6064999999999999,0.6069179104477612,-0.0004179104477612938
p_1863,t3_1t9y3s,t1_ce5u6t5,t1_ce5u33e,0.611235294117647,0.6361052631578948,-0.024869969040247852
p_1864,t3_1t9irv,t1_ce5qvxa,t1_ce5r69v,0.5722010869565216,0.5573131868131868,0.014887900143334853
p_1866,t3_1t9irv,t1_ce5spfk,t1_ce5r134,0.6236647398843934,0.575685714285714,0.04797902559867939
p_1867,t3_1t8yrt,t1_ce5k8r6,t1_ce5jxeb,0.6020871559633026,0.5648396226415097,0.03724753332179298
p_1869,t3_1t83kb,t1_ce5bsdz,t1_ce5bvhb,0.5842377622377621,0.6443842975206614,-0.06014653528289926
p_1870,t3_1t5izv,t1_ce4jsh6,t1_ce4oagv,0.525312977099237,0.5184344262295082,0.006878550869728772
p_1872,t3_1t4p86,t1_ce4jasj,t1_ce4clfo,0.5955,0.6173846153846154,-0.02188461538461539
p_1873,t3_1t46ur,t1_ce4aypp,t1_ce46qsw,0.5704590163934428,0.60823,-0.037770983606557285
p_1877,t3_1t1i45,t1_ce3sops,t1_ce3g5h1,0.6819117647058826,0.6328308823529413,0.04908088235294128
p_1878,t3_1t13mm,t1_ce3c4sb,t1_ce39wwh,0.5127364864864863,0.5646710526315788,-0.05193456614509251
p_1879,t3_1t0eax,t1_ce324pp,t1_ce36rhk,0.6209851851851853,0.5603691588785047,0.060616026306680615
p_1880,t3_1sxioi,t1_ce27cna,t1_ce2bmpa,0.5966460674157302,0.5928815789473685,0.0037644884683617486
p_1881,t3_1sxioi,t1_ce27fv0,t1_ce2dpe5,0.5664510869565219,0.5218243243243242,0.04462676263219767
p_1884,t3_1sv960,t1_ce1x8f8,t1_ce1krmn,0.5325052083333331,0.4730434782608695,0.05946173007246364
p_1885,t3_1sv7nj,t1_ce1m2fp,t1_ce1qbwt,0.6032250000000001,0.6465744680851063,-0.0433494680851062
p_1886,t3_1suyq6,t1_ce1hrcm,t1_ce1i6wn,0.6358453608247422,0.6097506925207753,0.026094668303966895
p_1887,t3_1suyq6,t1_ce1jnf5,t1_ce1i6wn,0.6196258741258741,0.6097506925207753,0.009875181605098815
p_1888,t3_1suyq6,t1_ce1j07m,t1_ce1ivme,0.6238987341772153,0.5738666666666663,0.050032067510549005
p_1890,t3_1suq0i,t1_ce1l6xb,t1_ce1frfu,0.6282111111111109,0.5737534246575342,0.05445768645357674
p_1889,t3_1suq0i,t1_ce1gpo7,t1_ce1g21s,0.6102372881355932,0.5822800000000001,0.02795728813559306
p_1891,t3_1sunm5,t1_ce1fx1q,t1_ce1fhql,0.5953230088495577,0.6405000000000001,-0.04517699115044238
p_1893,t3_1sunm5,t1_ce1epim,t1_ce1fhql,0.6067300000000002,0.6405000000000001,-0.033769999999999856
p_1892,t3_1sunm5,t1_ce1fxo1,t1_ce1gunr,0.5998340248962652,0.6039513274336284,-0.004117302537363199
p_1894,t3_1stysh,t1_ce1a8iy,t1_ce1k607,0.5859,0.5969893617021277,-0.011089361702127709
p_1895,t3_1sslvc,t1_ce0xojx,t1_ce12asq,0.555900321543409,0.5088757575757575,0.04702456396765142
p_1896,t3_1sqkke,t1_ce09y0e,t1_ce08oy9,0.7006938775510203,0.6588148148148149,0.04187906273620545
p_1897,t3_1sktqj,t1_cdz832l,t1_cdymjwd,0.5955902777777777,0.5835759999999998,0.01201427777777797
p_1898,t3_1sji3o,t1_cdy85sk,t1_cdyajck,0.6572999999999999,0.5934347826086956,0.06386521739130424
p_1900,t3_1sgr9m,t1_cdxkw1s,t1_cdxgrfu,0.6347045454545454,0.6335384615384616,0.0011660839160837488
p_1904,t3_1scv1e,t1_cdwaij1,t1_cdw8ydx,0.5269941176470588,0.530952380952381,-0.003958263305322118
p_1905,t3_1sclwf,t1_cdwfawk,t1_cdw643w,0.6383090909090909,0.6696111111111109,-0.03130202020202
p_1907,t3_1scbek,t1_cdw4ucf,t1_cdw36rb,0.4663500000000002,0.5017241379310344,-0.03537413793103422
p_1908,t3_1sbxik,t1_cdvzh4k,t1_cdvyz1u,0.5346630434782609,0.5839399999999999,-0.049276956521739024
p_1909,t3_1saalt,t1_cdw0u51,t1_cdvmn1u,0.5665068493150681,0.6266170212765958,-0.06011017196152768
p_1910,t3_1s94cq,t1_cdv71qo,t1_cdv5luo,0.6028157894736841,0.61215,-0.00933421052631589
p_1911,t3_1s8zmg,t1_cdwf8t8,t1_cdvi2oo,0.5763827586206896,0.574580357142857,0.0018024014778325048
p_1912,t3_1s6w43,t1_cduin0o,t1_cduuorr,0.57207,0.56739,0.0046800000000000175
p_1913,t3_1s60vl,t1_cdufjh4,t1_cdu9qiv,0.6388229166666668,0.6702727272727271,-0.031449810606060336
p_1916,t3_1s3pxw,t1_cdtmhc2,t1_cdtmrcr,0.6217499999999999,0.6658641975308641,-0.04411419753086421
p_1919,t3_1s3ji2,t1_cdtq1rg,t1_cdtx77n,0.6235719794344472,0.6160322580645162,0.007539721369930974
p_1920,t3_1s344f,t1_cdtj4bf,t1_cdtgb1d,0.5920377906976744,0.5833046357615899,0.008733154936084508
p_1921,t3_1s30ko,t1_cdtuayw,t1_cdtne36,0.6165786516853933,0.6394247311827955,-0.02284607949740225
p_1922,t3_1s1j8s,t1_cdtfxvy,t1_cdt6ohm,0.6045597014925372,0.6051285714285712,-0.0005688699360339999
p_1923,t3_1rzqrw,t1_cdsphfd,t1_cdsigu7,0.6785666666666667,0.6248181818181818,0.05374848484848482
p_1924,t3_1rzqrw,t1_cdsm89r,t1_cdsmyt1,0.5449137931034482,0.5505652173913042,-0.005651424287855922
p_1925,t3_1rw7vg,t1_cdrov9y,t1_cdrovjs,0.6047201492537312,0.5467422680412372,0.05797788121249403
p_1927,t3_1rvnty,t1_cdre5so,t1_cdrdpkz,0.5004945652173914,0.5023918918918919,-0.001897326674500488
p_1926,t3_1rvnty,t1_cdrgglu,t1_cdrgcu5,0.5297566371681416,0.5073841463414634,0.022372490826678137
p_1928,t3_1rvjrs,t1_cdrcnts,t1_cdre1mt,0.5103564356435644,0.5919347826086955,-0.08157834696513111
p_1929,t3_1rsmsh,t1_cdqij94,t1_cdqx6xw,0.5297796052631579,0.47813874345549723,0.0516408618076607
p_1930,t3_1rsdfp,t1_cdqfs62,t1_cdqdh7o,0.5647708333333333,0.5478269230769232,0.016943910256410177
p_1931,t3_1rrios,t1_cdq5t7s,t1_cdq4pdm,0.6143981481481486,0.5800444444444445,0.034353703703704164
p_1932,t3_1rrios,t1_cdq5vt8,t1_cdq58j7,0.5918720238095239,0.5737954545454543,0.01807656926406953
p_1933,t3_1rqhfc,t1_cdq3h1d,t1_cdq716e,0.5907440476190479,0.579706140350877,0.011037907268170888
p_1935,t3_1rlna3,t1_cdokmar,t1_cdoirhb,0.6153452380952382,0.6905,-0.07515476190476178
p_1936,t3_1rkrbs,t1_cdoio50,t1_cdoe2j3,0.6261117647058823,0.6256190476190477,0.0004927170868345154
p_1937,t3_1rj73b,t1_cdnzcb1,t1_cdo2ywx,0.6122894736842107,0.6575000000000002,-0.04521052631578948
p_1939,t3_1rgch2,t1_cdmzb2b,t1_cdn32a2,0.4952462686567164,0.4715178571428572,0.023728411513859182
p_1940,t3_1rgch2,t1_cdmzh7v,t1_cdn0d35,0.4633600000000001,0.4998186813186812,-0.036458681318681074
p_1941,t3_1rgch2,t1_cdo0n79,t1_cdn1hk3,0.47750806451612915,0.4945909090909091,-0.017082844574779932
p_1942,t3_1rfn88,t1_cdmslq3,t1_cdn4bxg,0.6212037037037037,0.5989999999999999,0.022203703703703837
p_1943,t3_1re89d,t1_cdmhfgx,t1_cdmequ6,0.5571076923076923,0.6191938775510204,-0.062086185243328096
p_1944,t3_1re89d,t1_cdmem16,t1_cdme68p,0.5645543478260869,0.6292058823529413,-0.06465153452685435
p_1945,t3_1re89d,t1_cdmrzwp,t1_cdmh1c4,0.6452960784313724,0.6125229885057473,0.03277308992562511
p_1946,t3_1re7tj,t1_cdmdid4,t1_cdmh6ca,0.5167142857142857,0.5751105990783411,-0.058396313364055374
p_1948,t3_1rddqv,t1_cdm3hlz,t1_cdm3kyd,0.5155403225806452,0.5077051282051281,0.007835194375517052
p_1949,t3_1rb6qj,t1_cdlewyd,t1_cdlyn3j,0.574921875,0.6132283464566927,-0.03830647145669264
p_1950,t3_1rb6qj,t1_cdlrdyo,t1_cdlyn3j,0.5912307692307688,0.6132283464566927,-0.02199757722592388
p_1952,t3_1ra42n,t1_cdl4b7o,t1_cdl5bkn,0.6505380952380951,0.648629139072848,0.001908956165247111
p_1953,t3_1ra42n,t1_cdl96cr,t1_cdmjkp2,0.5864807692307692,0.6353458646616544,-0.04886509543088524
p_1954,t3_1r893j,t1_cdktb2l,t1_cdkklti,0.5801129032258063,0.5501979166666667,0.0299149865591396
p_1955,t3_1r69xi,t1_cdk0ex9,t1_cdk3u15,0.5892727272727276,0.6421578947368421,-0.052885167464114535
p_1956,t3_1r69xi,t1_cdk0r67,t1_cdk3u15,0.5937045454545457,0.6421578947368421,-0.0484533492822965
p_1960,t3_1qz653,t1_cdhyl9l,t1_cdiiqug,0.6367530120481927,0.6744768518518517,-0.03772383980365901
p_1962,t3_1qxn8r,t1_cdhle85,t1_cdhvq6g,0.5830150375939851,0.5667085714285711,0.01630646616541398
p_1963,t3_1qxn8r,t1_cdhjvcw,t1_cdhvq6g,0.5660833333333332,0.5667085714285711,-0.0006252380952379566
p_1964,t3_1qwg8s,t1_cdhe2ys,t1_cdh6ozn,0.549721052631579,0.490981818181818,0.05873923444976098
p_1969,t3_1qvm1n,t1_cdgyu8j,t1_cdh0i8x,0.6073916083916086,0.5217692307692308,0.08562237762237779
p_1970,t3_1qtuy4,t1_cdgib3s,t1_cdgy31a,0.609241935483871,0.6198657718120804,-0.010623836328209402
p_1972,t3_1qr0id,t1_cdfybue,t1_cdfkykr,0.6271935483870965,0.6075522727272726,0.019641275659823876
p_1975,t3_1qncnw,t1_cdely5f,t1_cden4p9,0.5376197183098593,0.5019615384615385,0.03565817984832087
p_1977,t3_1qj48o,t1_cddqbp8,t1_cddn1vo,0.543304347826087,0.5718928571428569,-0.028588509316769817
p_1978,t3_1qj032,t1_cdda585,t1_cddki3r,0.5832430555555556,0.5719398496240602,0.011303205931495364
p_1981,t3_1qi1dr,t1_cdd6x3m,t1_cdd4306,0.5678947368421053,0.5960454545454548,-0.028150717703349426
p_1982,t3_1qhv03,t1_cdczknl,t1_cdcy1h9,0.6062000000000001,0.6382418032786885,-0.03204180327868844
p_1983,t3_1qh0lb,t1_cdcowit,t1_cdcp122,0.6197333333333331,0.5791410256410254,0.040592307692307705
p_1984,t3_1qgtma,t1_cdcurim,t1_cdcq77q,0.5456666666666669,0.6523839285714286,-0.10671726190476172
p_1986,t3_1qfy2y,t1_cdcoftz,t1_cdcikj0,0.620825367647059,0.5932184210526318,0.027606946594427195
p_1985,t3_1qfy2y,t1_cdcu71x,t1_cdcgg2f,0.6041858974358973,0.6154999999999998,-0.01131410256410248
p_1987,t3_1qfqj6,t1_cdcffak,t1_cdcgve9,0.5909429824561403,0.5950514018691588,-0.004108419413018538
p_1988,t3_1qfo09,t1_cdcc9fw,t1_cdccpys,0.582653846153846,0.6551538461538461,-0.07250000000000012
p_1989,t3_1qfo09,t1_cdcconr,t1_cdccpys,0.6446578947368422,0.6551538461538461,-0.01049595141700388
p_1991,t3_1qee3b,t1_cdc0hlx,t1_cdc0jw6,0.6136323529411767,0.5145555555555555,0.09907679738562114
p_1992,t3_1qe6d9,t1_cdbzgva,t1_cdckb1g,0.5835113636363639,0.6300342105263157,-0.046522846889951786
p_1993,t3_1qe6d9,t1_cdbwyxj,t1_cdckb1g,0.6383666666666667,0.6300342105263157,0.008332456140351052
p_1994,t3_1qdzt5,t1_cdbyjvw,t1_cdbwdog,0.6207088235294116,0.6453094059405938,-0.024600582411182237
p_1996,t3_1qdlln,t1_cdc66t9,t1_cdby8z3,0.6458453947368421,0.6387395833333332,0.007105811403508855
p_1998,t3_1qcw4r,t1_cdblxo9,t1_cdbsnq8,0.5355,0.5952981366459626,-0.059798136645962674
p_1999,t3_1qbvlh,t1_cdb9b5i,t1_cdbf5rp,0.5810284090909092,0.5013000000000001,0.07972840909090917
p_2000,t3_1qazk6,t1_cdb0lr2,t1_cdbddq0,0.5738908450704224,0.5931543624161073,-0.019263517345684877
p_2002,t3_1q82wf,t1_cda644z,t1_cda826v,0.5316363636363636,0.508266447368421,0.023369916267942603
p_2003,t3_1q5w5k,t1_cd9kwdu,t1_cd9kc11,0.6311559139784946,0.5948125000000002,0.03634341397849439
p_2004,t3_1q5w5k,t1_cd9l1k7,t1_cd9kc11,0.5785070422535209,0.5948125000000002,-0.01630545774647929
p_2005,t3_1q4sao,t1_cd97j4q,t1_cd960cn,0.5707202380952383,0.6212704918032789,-0.05055025370804056
p_2007,t3_1q261p,t1_cd8g07m,t1_cd8gyhg,0.5847755905511813,0.594895,-0.010119409448818617
p_2008,t3_1q0s26,t1_cd87o5o,t1_cd81q6y,0.5365186567164182,0.5858088235294118,-0.049290166812993585
p_2009,t3_1q0fp2,t1_cd8calk,t1_cd7yekn,0.5935673076923076,0.6880614035087719,-0.09449409581646429
p_2010,t3_1q01e8,t1_cd7t14x,t1_cd7zdia,0.5831990291262136,0.6073222222222222,-0.024123193096008633
p_2012,t3_1pyt0c,t1_cd9eqz1,t1_cd7z0cm,0.5419142857142859,0.5734242424242425,-0.0315099567099566
p_2013,t3_1pwwvj,t1_cd6wnyq,t1_cd6y877,0.6221954022988506,0.6140869565217394,0.008108445777111228
p_2017,t3_1pux5t,t1_cd6evv3,t1_cd6cpnj,0.5433361344537814,0.5779735099337747,-0.03463737547999335
p_2018,t3_1ptwcr,t1_cd60rgh,t1_cd63zq4,0.5512096774193548,0.4733064516129032,0.07790322580645159
p_2021,t3_1pt86v,t1_cd5s3dd,t1_cd5rwd6,0.63054,0.6154098360655736,0.015130163934426344
p_2022,t3_1ps084,t1_cd5dy25,t1_cd5f1y4,0.5967419354838708,0.5375625,0.059179435483870724
p_2023,t3_1prxpn,t1_cd5d4w9,t1_cd5dujp,0.5458199999999999,0.6174999999999999,-0.07168000000000008
p_2024,t3_1prkvt,t1_cd5q43p,t1_cd5p13p,0.5882031662269127,0.5397660550458714,0.048437111181041326
p_2025,t3_1prhkh,t1_cd595rw,t1_cd5datb,0.6019568965517242,0.5513888888888888,0.050568007662835424
p_2026,t3_1pqyv7,t1_cd536p8,t1_cd565uh,0.5780000000000001,0.5987669902912623,-0.020766990291262277
p_2030,t3_1pomjr,t1_cd4gee8,t1_cd4in2k,0.6657925531914893,0.6937702702702705,-0.02797771707878116
p_2031,t3_1pocaz,t1_cd4bjgk,t1_cd4c2wr,0.6457605633802818,0.643671875,0.0020886883802817557
p_2032,t3_1pmhql,t1_cd4a1wc,t1_cd3v545,0.606170634920635,0.6272931034482758,-0.02112246852764077
p_2033,t3_1pkngi,t1_cd3p5gz,t1_cd43pdi,0.553524193548387,0.554830188679245,-0.0013059951308580509
p_2035,t3_1pj0co,t1_cd2vnaa,t1_cd32tjh,0.5832632978723401,0.6550328947368421,-0.07176959686450202
p_2042,t3_1pdul1,t1_cd2og2j,t1_cd1d692,0.5856539855072471,0.5834297693920337,0.0022242161152133955
p_2044,t3_1pclk6,t1_cd17lfv,t1_cd106w4,0.6015438596491228,0.6083809523809522,-0.0068370927318294195
p_2046,t3_1pacrh,t1_cd0cttu,t1_cd0ctfp,0.5535238095238095,0.5458552631578947,0.007668546365914852
p_2047,t3_1p7ojf,t1_cczl7sy,t1_ccznfv7,0.5800948275862071,0.63354,-0.053445172413792874
p_2048,t3_1p7bao,t1_cczlh8c,t1_cczir1i,0.553577777777778,0.5418409090909091,0.011736868686868851
p_2049,t3_1p6fts,t1_ccz983e,t1_cczb06s,0.5532594339622641,0.6034516129032258,-0.05019217894096173
p_2050,t3_1p4x72,t1_ccysbbf,t1_ccysnss,0.6141746987951808,0.6692814814814815,-0.05510678268630065
p_2051,t3_1p0cwf,t1_ccxh3kc,t1_ccxfymz,0.6036529411764706,0.6660769230769231,-0.06242398190045251
p_2055,t3_1ozb3s,t1_ccx9s2j,t1_ccxbwo9,0.5907959183673468,0.5508153846153845,0.03998053375196231
p_2056,t3_1oz5lq,t1_ccx7aaw,t1_ccxafc2,0.6346785714285715,0.5812177419354838,0.053460829493087725
p_2057,t3_1oyy6b,t1_ccxhhv9,t1_ccx2xpw,0.5622865853658536,0.5286534090909089,0.033633176274944776
p_2059,t3_1owes7,t1_ccwccg2,t1_ccwnrv4,0.5498120567375886,0.5745636363636363,-0.02475157962604768
p_2060,t3_1ow6zk,t1_ccw91og,t1_ccw92p0,0.65936797752809,0.6085813953488373,0.05078658217925269
p_2062,t3_1ovrv9,t1_ccw51st,t1_ccw5ptr,0.6374361702127659,0.6393516483516484,-0.001915478138882487
p_2063,t3_1ovrv9,t1_ccw6450,t1_ccw5ptr,0.5359117647058823,0.6393516483516484,-0.10343988364576606
p_2064,t3_1otx5t,t1_ccvntps,t1_ccvkmsp,0.6143166666666667,0.5661456310679613,0.04817103559870539
p_2065,t3_1otp1b,t1_ccvhvrl,t1_ccvi2vt,0.5648842592592593,0.5328214285714286,0.03206283068783078
p_2066,t3_1osr3n,t1_ccvjj1n,t1_ccv833c,0.5895,0.5706274509803922,0.018872549019607776
p_2067,t3_1orrrs,t1_ccvj1c4,t1_ccv4ank,0.6154664634146341,0.6286496062992127,-0.013183142884578669
p_2068,t3_1or8lr,t1_ccusett,t1_ccuruyz,0.6385202312138731,0.6197692307692308,0.018751000444642285
p_2069,t3_1or8lr,t1_ccutak2,t1_ccuruyz,0.6076732283464568,0.6197692307692308,-0.012096002422774088
p_2070,t3_1ooyb1,t1_ccu41n1,t1_ccu4kfo,0.5732925764192138,0.49317692307692307,0.08011565334229076
p_2071,t3_1onshz,t1_cctslvq,t1_ccttjcb,0.4661972972972974,0.5550493421052632,-0.08885204480796582
p_2072,t3_1onlj1,t1_ccts88g,t1_cctr8zg,0.5711103286384978,0.5600239130434782,0.01108641559501955
p_2073,t3_1onlj1,t1_ccu8ayh,t1_cctr8zg,0.557560483870968,0.5600239130434782,-0.0024634291725101898
p_2074,t3_1on8j3,t1_cctmaun,t1_cctugxw,0.5513983739837398,0.5303992805755394,0.020999093408200387
p_2075,t3_1on0dg,t1_cctkuyk,t1_cctp521,0.5985055865921785,0.5762592592592591,0.022246327332919313
p_2076,t3_1on0dg,t1_cctncfz,t1_cctq519,0.5256410256410258,0.6088157894736842,-0.08317476383265843
p_2078,t3_1omnis,t1_ccthnrm,t1_cctnmc9,0.7035803571428569,0.6391060126582272,0.06447434448462974
p_2079,t3_1okrb7,t1_cct05wy,t1_ccswjh5,0.6135454545454545,0.6281351351351349,-0.014589680589680354
p_2080,t3_1ok44s,t1_ccsqf0e,t1_ccsqryz,0.6012,0.5045555555555554,0.09664444444444453
p_2081,t3_1oj3p9,t1_ccsggop,t1_ccsf2i1,0.5923619909502261,0.6020646258503399,-0.009702634900113805
p_2082,t3_1oix5b,t1_ccsopjf,t1_ccsdc7b,0.5715483870967742,0.5160208333333333,0.055527553763440984
p_2083,t3_1ohh43,t1_ccs14vq,t1_ccs087t,0.6311428571428572,0.608183870967742,0.02295898617511527
p_2084,t3_1ofi5m,t1_ccrjxvz,t1_ccrkq5s,0.46255714285714294,0.5124333333333332,-0.04987619047619024
p_2085,t3_1off27,t1_ccroh74,t1_ccrsxqd,0.6199411764705879,0.6025473251028804,0.017393851367707436
p_2086,t3_1off27,t1_ccrtt7v,t1_ccrndad,0.6082285714285715,0.5742083333333331,0.03402023809523835
p_2087,t3_1oee4l,t1_ccrfxpy,t1_ccrhx5q,0.5405029239766078,0.5440084745762712,-0.0035055505996633984
p_2088,t3_1oe5hc,t1_ccr69ni,t1_ccr52rk,0.5245321428571429,0.5583472222222223,-0.03381507936507944
p_2089,t3_1odlvm,t1_ccr09qw,t1_ccr136f,0.6132500000000001,0.6708897058823531,-0.05763970588235301
p_2091,t3_1o8avl,t1_ccpruq6,t1_ccpueez,0.6556794871794872,0.6556842105263159,-4.723346828661157e-06
p_2093,t3_1o7aa8,t1_ccqapn6,t1_ccq12oe,0.6184527027027027,0.5144766355140188,0.10397606718868391
p_2096,t3_1o5c1a,t1_ccp27y8,t1_ccoz699,0.602206896551724,0.6208170731707315,-0.018610176619007546
p_2097,t3_1o5321,t1_ccp3x7x,t1_ccq3lo4,0.5836373626373628,0.5906976744186047,-0.00706031178124189
p_2098,t3_1o3jlp,t1_ccoi13b,t1_ccoyngj,0.6420555555555557,0.6776547619047618,-0.0355992063492061
p_2099,t3_1o2tau,t1_ccoc092,t1_ccofru6,0.6132423076923079,0.6303663366336633,-0.01712402894135534
p_2100,t3_1o24hh,t1_cco736j,t1_ccoc4gk,0.5738739495798321,0.5901282051282052,-0.01625425554837312
p_2102,t3_1nzucd,t1_ccnrlhj,t1_ccnphhf,0.5588515624999999,0.5409148936170213,0.017936668882978624
p_2103,t3_1ny6k8,t1_ccn5pat,t1_ccn8dgu,0.6094393203883497,0.6650265486725662,-0.05558722828421647
p_2104,t3_1ny38x,t1_ccn5uqg,t1_ccn4dy5,0.5415263157894736,0.5950194174757281,-0.05349310168625443
p_2105,t3_1nwpae,t1_ccmrf9r,t1_ccmt0m5,0.5674428571428572,0.60016,-0.03271714285714278
p_2107,t3_1ntspd,t1_cclyzpy,t1_ccm05d5,0.49823913043478263,0.5763512396694215,-0.07811210923463885
p_2109,t3_1ntobs,t1_cclywzr,t1_ccma5pl,0.5653461538461538,0.650296875,-0.08495072115384616
p_2111,t3_1nrv36,t1_cclsxnj,t1_cclgi1r,0.5235838709677421,0.5672239263803679,-0.04364005541262583
p_2112,t3_1nqms4,t1_ccl8rf4,t1_ccl7xo5,0.5889009900990102,0.6160329670329671,-0.02713197693395686
p_2113,t3_1nqms4,t1_cclbk5y,t1_ccl66vn,0.6362735042735043,0.6180945945945947,0.01817890967890956
p_2116,t3_1np3ni,t1_cclh1r6,t1_cckxr1k,0.6566022727272727,0.6086935483870968,0.0479087243401759
p_2118,t3_1nn68m,t1_cckc1k4,t1_cck59bw,0.5848695652173913,0.5723500000000001,0.012519565217391171
p_2119,t3_1nkqn7,t1_ccjhnln,t1_ccjhz72,0.6229259927797838,0.6081749999999999,0.014750992779783867
p_2121,t3_1nj6q6,t1_ccj3wew,t1_ccj20in,0.5947100840336136,0.6074999999999999,-0.012789915966386345
p_2122,t3_1nixjm,t1_ccj4a7h,t1_ccj2t1v,0.5691694915254237,0.5654787234042555,0.0036907681211681975
p_2123,t3_1nichn,t1_ccj007d,t1_cciuejb,0.5972546583850932,0.5714509803921568,0.02580367799293637
p_2124,t3_1nichn,t1_ccizsq8,t1_ccj7g5s,0.6161,0.535092105263158,0.081007894736842
p_2125,t3_1ni9rr,t1_ccj1rba,t1_ccitwf4,0.5877096774193549,0.6084772727272727,-0.02076759530791783
p_2126,t3_1ni983,t1_cciz076,t1_cciwjvy,0.5683826530612246,0.628723404255319,-0.06034075119409443
p_2127,t3_1nhxca,t1_ccisqrm,t1_ccirnyo,0.5993195266272189,0.6067559523809523,-0.007436425753733378
p_2128,t3_1nhifl,t1_ccinn6v,t1_ccincyk,0.5314090909090908,0.5485833333333332,-0.01717424242424237
p_2130,t3_1ng8mo,t1_ccidw4s,t1_ccidsew,0.6617291666666666,0.598,0.06372916666666661
p_2132,t3_1ncxna,t1_cchh67n,t1_cchgksg,0.598033980582524,0.6101836734693877,-0.012149692886863739
p_2133,t3_1ncq4g,t1_cchg2hg,t1_cchn5ve,0.5682189349112425,0.6045357142857143,-0.03631677937447175
p_2135,t3_1n8s63,t1_ccge5q7,t1_ccgkhcd,0.628863309352518,0.6366008771929825,-0.007737567840464532
p_2136,t3_1n8542,t1_ccg95kd,t1_ccg99tj,0.561964,0.6025744680851064,-0.04061046808510638
p_2137,t3_1n6bmg,t1_ccgdc5o,t1_ccfzlcw,0.5178362068965516,0.5717799999999998,-0.05394379310344821
p_2139,t3_1n5lqn,t1_ccfncrg,t1_ccfnbjw,0.5254559999999998,0.5020571428571429,0.023398857142856944
p_2140,t3_1n5lqn,t1_ccfq99c,t1_ccfob65,0.5476728395061726,0.5248937499999998,0.0227790895061728
p_2141,t3_1n5lqn,t1_ccfqxqv,t1_ccfpzon,0.5630952380952381,0.4585853658536585,0.1045098722415796
p_2142,t3_1n4xai,t1_ccfhgkp,t1_ccfg5if,0.5058627450980392,0.5276219512195122,-0.021759206121472974
p_2144,t3_1n3wo2,t1_ccf9dhu,t1_ccf565b,0.6488780487804878,0.5484999999999999,0.10037804878048795
p_2145,t3_1n3wo2,t1_ccfdwg9,t1_ccfhdpo,0.5499902912621358,0.5917764705882353,-0.041786179326099515
p_2147,t3_1n3wo2,t1_ccfmxhg,t1_ccffwtl,0.5879052224371377,0.5414754098360658,0.04642981260107193
p_2146,t3_1n3wo2,t1_ccfmost,t1_ccfdvsg,0.5507916666666668,0.6186206896551724,-0.06782902298850557
p_2149,t3_1n0a5y,t1_cceltkh,t1_cce9tgv,0.5214305555555555,0.56925,-0.047819444444444525
p_2150,t3_1mxo4i,t1_ccdoxu0,t1_ccdla5i,0.5120802919708028,0.5699636363636363,-0.05788334439283349
p_2151,t3_1mxf26,t1_ccdidvp,t1_ccdnuec,0.6659811320754718,0.6623048780487805,0.0036762540266913613
p_2152,t3_1mvpmi,t1_ccd1q5w,t1_ccd6xyi,0.5418114754098363,0.5861666666666666,-0.044355191256830295
p_2153,t3_1mv3g3,t1_cccxjd9,t1_cccvmip,0.6538820224719097,0.6059545454545453,0.04792747701736444
p_2154,t3_1mv3g3,t1_cccwow7,t1_ccd56i2,0.5717871287128712,0.5742739726027399,-0.0024868438898687506
p_2155,t3_1mv3g3,t1_ccd581r,t1_ccd3k4q,0.6133053097345132,0.6282948717948719,-0.014989562060358619
p_2157,t3_1ms5h6,t1_ccc5hfa,t1_cccbr1n,0.5964790419161674,0.5838488745980702,0.012630167318097185
p_2158,t3_1ms5h6,t1_ccc4apy,t1_ccc3e49,0.5137558139534882,0.5948152173913044,-0.08105940343781615
p_2159,t3_1ms5h6,t1_ccc4zc0,t1_ccc6q8t,0.5836428571428571,0.6393124999999998,-0.05566964285714271
p_2160,t3_1ms5h6,t1_ccc8c0p,t1_ccca28r,0.5800000000000002,0.5387326388888889,0.04126736111111129
p_2161,t3_1ms5h6,t1_ccc849f,t1_ccc5y0d,0.6148780487804878,0.6327812500000001,-0.017903201219512277
p_2162,t3_1mqh8t,t1_ccbop5x,t1_ccbnoar,0.5715953608247424,0.5846060606060607,-0.013010699781318302
p_2163,t3_1mqfmi,t1_cccdkog,t1_ccbqtty,0.6113043478260874,0.5832457627118645,0.02805858511422299
p_2164,t3_1mq464,t1_ccbkgg8,t1_ccbrs5p,0.5057177419354838,0.4877864077669901,0.017931334168493684
p_2165,t3_1mor68,t1_ccbewh1,t1_ccbhzik,0.5702376033057853,0.5629901315789473,0.0072474717268380395
p_2166,t3_1mkkiu,t1_cca3jqo,t1_ccahv7s,0.5167542372881357,0.5992777777777778,-0.08252354048964206
p_2170,t3_1micrr,t1_cc9iise,t1_cc9i0l2,0.6153796296296298,0.6049428571428573,0.010436772486772439
p_2171,t3_1mhox4,t1_cc9cr45,t1_cc9ewi1,0.5234399999999999,0.61335593220339,-0.08991593220339011
p_2175,t3_1mcs7s,t1_cc7zre6,t1_cc7zm90,0.5937222222222226,0.632395,-0.038672777777777445
p_2176,t3_1mcs7s,t1_cc80xcj,t1_cc7yshf,0.6291475903614453,0.6217314814814813,0.007416108879964023
p_2177,t3_1mcgyq,t1_cc81pge,t1_cc833kb,0.5758593750000001,0.5885340909090909,-0.012674715909090861
p_2178,t3_1mc6y7,t1_cc7v8d9,t1_cc7wspd,0.5936114649681528,0.5868557692307691,0.00675569573738366
p_2179,t3_1mc6y7,t1_cc7uvd2,t1_cc7vp54,0.5910461538461537,0.6310416666666666,-0.039995512820512946
p_2180,t3_1mbqhy,t1_cc7pp5t,t1_cc7odp3,0.6022808988764048,0.5677258064516129,0.03455509242479193
p_2183,t3_1ma1o7,t1_cc779hk,t1_cc779ih,0.627362385321101,0.5594062500000001,0.0679561353211009
p_2184,t3_1m9bf6,t1_cc71e1c,t1_cc71cv0,0.5418584905660375,0.6257916666666666,-0.08393317610062911
p_2185,t3_1m7r92,t1_cc6nj16,t1_cc6k9ln,0.6434102040816325,0.6324166666666668,0.01099353741496567
p_2186,t3_1m5nls,t1_cc65afh,t1_cc60rdt,0.6385478723404258,0.5837786458333332,0.054769226507092594
p_2187,t3_1m5ckr,t1_cc65v0o,t1_cc5yz4a,0.6185416666666665,0.6710961538461537,-0.052554487179487186
p_2188,t3_1m4ncj,t1_cc6f4wf,t1_cc62exc,0.5216666666666667,0.5760757575757577,-0.05440909090909096
p_2189,t3_1m4j0f,t1_cc5pidn,t1_cc5prn9,0.49860869565217397,0.4661483516483514,0.03246034400382258
p_2190,t3_1m3uw1,t1_cc5jurv,t1_cc5i9r4,0.6206529411764705,0.5671375000000001,0.053515441176470446
p_2193,t3_1m2ol2,t1_cc586c8,t1_cc583f9,0.49632327586206904,0.5154181818181818,-0.01909490595611274
p_2192,t3_1m2ol2,t1_cc583n9,t1_cc58qz9,0.651526717557252,0.5773214285714287,0.07420528898582335
p_2194,t3_1m2c8d,t1_cc53f9v,t1_cc57ndo,0.5798467153284673,0.5638888888888889,0.015957826439578437
p_2195,t3_1lyzc3,t1_cc4fofp,t1_cc4e0cy,0.589698113207547,0.6322961165048546,-0.042598003297307674
p_2196,t3_1lykde,t1_cc4218e,t1_cc433r7,0.609707207207207,0.5824550561797754,0.027252151027431504
p_2198,t3_1lxn1p,t1_cc3sszy,t1_cc3tpy6,0.6297166666666665,0.6006920529801326,0.029024613686533862
p_2199,t3_1lvnj6,t1_cc37s7x,t1_cc3b2kq,0.5785612244897959,0.533125,0.045436224489795896
p_2200,t3_1lt0gt,t1_cc2od32,t1_cc2gt9x,0.584608108108108,0.577449275362319,0.00715883274578899
p_2201,t3_1ls55r,t1_cc274w7,t1_cc28zrg,0.6244761904761904,0.6210728155339807,0.003403374942209658
p_2203,t3_1lpmle,t1_cc1kppg,t1_cc1ka02,0.6066245210727967,0.583736220472441,0.022888300600355738
p_2205,t3_1lpfcx,t1_cc1hmy1,t1_cc1xwz2,0.5575681818181817,0.5982481751824817,-0.04067999336430006
p_2206,t3_1lp8a5,t1_cc1fjpt,t1_cc1ftud,0.5579683544303795,0.5466666666666666,0.011301687763712875
p_2207,t3_1lni37,t1_cc102pd,t1_cc0yjrr,0.6853529411764706,0.6035294117647059,0.08182352941176474
p_2208,t3_1ln8b5,t1_cc0x96h,t1_cc0vugf,0.6617399999999999,0.6189029850746269,0.04283701492537295
p_2212,t3_1lm1eb,t1_cc0l23w,t1_cc0x7m8,0.5090535714285713,0.5456232876712329,-0.03656971624266159
p_2213,t3_1lkz0j,t1_cc0ekn0,t1_cc0d09x,0.560568181818182,0.5436896551724139,0.016878526645768166
p_2214,t3_1lkxku,t1_cc0b6tb,t1_cc0c4yb,0.6621944444444445,0.618372093023256,0.04382235142118851
p_2215,t3_1lkxku,t1_cc0nc73,t1_cc0gh2n,0.6292066666666664,0.6590100000000001,-0.029803333333333737
p_2218,t3_1lklmg,t1_cc06dl5,t1_cc070hz,0.5790992063492062,0.5743189655172414,0.0047802408319648215
p_2219,t3_1lklmg,t1_cc0gnzl,t1_cc0b8sj,0.5824063926940637,0.5979004975124377,-0.015494104818373988
p_2220,t3_1lj77i,t1_cc00mpq,t1_cbzwwyg,0.5467857142857141,0.6170333333333333,-0.07024761904761923
p_2221,t3_1lj1a3,t1_cbzqvmp,t1_cbzslqc,0.5883999999999998,0.5833333333333334,0.005066666666666442
p_2224,t3_1lhuz4,t1_cbzddsy,t1_cbze9hp,0.5436333333333334,0.5554661016949152,-0.011832768361581758
p_2225,t3_1lfrfd,t1_cbysfpy,t1_cbzh8fi,0.6400348837209301,0.6114285714285713,0.02860631229235877
p_2226,t3_1lfjlx,t1_cbyrmgo,t1_cbyqak5,0.4891398305084745,0.4669714285714286,0.02216840193704589
p_2227,t3_1lerv8,t1_cbyiaoi,t1_cbyhq86,0.5770227272727274,0.5747800000000001,0.0022427272727273406
p_2230,t3_1ld6h6,t1_cby2a8w,t1_cby1lsh,0.5145955056179775,0.5159035087719299,-0.0013080031539524084
p_2232,t3_1lcywy,t1_cbxzp1t,t1_cby301t,0.6510131578947369,0.6068576642335767,0.04415549366116023
p_2233,t3_1lbwhm,t1_cbxpt3g,t1_cbxs5nk,0.5847751396648047,0.5744189627228525,0.010356176941952122
p_2234,t3_1lbmj6,t1_cbxpw34,t1_cbxodyk,0.6424613003095976,0.5600517241379309,0.08240957617166667
p_2236,t3_1lacd7,t1_cbx94i4,t1_cbx9e6e,0.5840975103734434,0.6347343750000001,-0.0506368646265567
p_2237,t3_1la7rw,t1_cbxgs50,t1_cbx89uo,0.5826632390745502,0.5926750000000002,-0.010011760925449975
p_2238,t3_1l90aj,t1_cbwzd68,t1_cbwzbg8,0.5218,0.4428333333333334,0.07896666666666663
p_2241,t3_1l739z,t1_cbwgckn,t1_cbwhg4q,0.5814923371647508,0.5342363636363637,0.04725597352838706
p_2242,t3_1l6so4,t1_cbwanvb,t1_cbwejit,0.47075735294117643,0.4984473684210524,-0.027690015479875985
p_2243,t3_1l6jx5,t1_cbwinoh,t1_cbwci89,0.5249894736842102,0.5312790697674418,-0.006289596083231541
p_2244,t3_1l5skj,t1_cbw2q93,t1_cbw5e2q,0.5219471153846155,0.5275639999999999,-0.005616884615384454
p_2245,t3_1l4zh1,t1_cbvtytr,t1_cbwfrmm,0.6394704545454545,0.6390722891566266,0.0003981653888278647
p_2246,t3_1l4s6s,t1_cbvtme3,t1_cbw349b,0.6097537313432834,0.5812499999999999,0.028503731343283434
p_2247,t3_1l4s6s,t1_cbvtd9h,t1_cbw1t11,0.5533888888888888,0.5735810810810811,-0.02019219219219226
p_2249,t3_1l48mt,t1_cbvuocw,t1_cbvwhwi,0.6030104166666667,0.6744336734693879,-0.07142325680272121
p_2252,t3_1l3r2u,t1_cbvi0u6,t1_cbvi11k,0.6353666666666667,0.6627205128205127,-0.02735384615384595
p_2253,t3_1l3r2u,t1_cbvjfjr,t1_cbvi11k,0.6289731800766283,0.6627205128205127,-0.03374733274388442
p_2251,t3_1l3r2u,t1_cbvieup,t1_cbvi6i2,0.6473847826086953,0.6465178571428574,0.0008669254658378867
p_2258,t3_1l39f3,t1_cbvj6st,t1_cbvdl8d,0.6151134453781514,0.5280071428571429,0.08710630252100848
p_2256,t3_1l39f3,t1_cbvi8i7,t1_cbvetvc,0.5223383458646618,0.5494368131868135,-0.02709846732215171
p_2257,t3_1l39f3,t1_cbvdnid,t1_cbvf3rq,0.5646785714285714,0.5806971830985914,-0.016018611670020055
p_2259,t3_1l3115,t1_cbv9wfo,t1_cbva0et,0.5264642857142856,0.49338636363636373,0.03307792207792187
p_2260,t3_1l2ixq,t1_cbvbxs8,t1_cbv59md,0.5692823529411765,0.6369797297297295,-0.06769737678855303
p_2261,t3_1l09gg,t1_cbuio96,t1_cbugz8z,0.6117653846153844,0.5934727272727275,0.01829265734265695
p_2262,t3_1kzxcm,t1_cbuf9oo,t1_cbuiv91,0.6162333333333332,0.6431970802919709,-0.02696374695863768
p_2265,t3_1kye6l,t1_cbtvo8l,t1_cbtvkil,0.5696603053435112,0.5972405063291136,-0.027580200985602432
p_2266,t3_1kye6l,t1_cbtwkat,t1_cbtwnnn,0.6011857142857142,0.5731704545454547,0.028015259740259535
p_2268,t3_1kye6l,t1_cbtzwlt,t1_cbtwnnn,0.6070462962962961,0.5731704545454547,0.03387584175084146
p_2267,t3_1kye6l,t1_cbtzgqh,t1_cbtwnnn,0.592186746987952,0.5731704545454547,0.019016292442497362
p_2269,t3_1kxyyv,t1_cbtru4t,t1_cbtrv0z,0.6093544776119403,0.5558482142857144,0.05350626332622588
p_2270,t3_1kxyyv,t1_cbtr9p6,t1_cbtrv0z,0.6028970588235294,0.5558482142857144,0.04704884453781499
p_2271,t3_1kxyyv,t1_cbtu5q5,t1_cbtrrbq,0.5862575757575759,0.5892692307692309,-0.0030116550116550123
p_2272,t3_1kxyyv,t1_cbu7zd4,t1_cbtrv0z,0.5483920454545456,0.5558482142857144,-0.007456168831168841
p_2275,t3_1kwoib,t1_cbtku99,t1_cbtll2e,0.5112727272727273,0.6492636363636365,-0.13799090909090916
p_2274,t3_1kwoib,t1_cbteqkq,t1_cbtlv0w,0.5575068493150687,0.6339456521739132,-0.07643880285884452
p_2276,t3_1kwewh,t1_cbtagyo,t1_cbta7mx,0.5755360824742269,0.6029714285714284,-0.02743534609720144
p_2278,t3_1ktrbd,t1_cbsiyod,t1_cbsj55w,0.6218724489795916,0.5784285714285713,0.043443877551020305
p_2280,t3_1ks6p4,t1_cbsevj6,t1_cbs6oi2,0.6214975247524753,0.6464142857142857,-0.02491676096181039
p_2282,t3_1kqo2m,t1_cbrp5dn,t1_cbrtmtf,0.6580833333333334,0.6297999999999998,0.02828333333333355
p_2283,t3_1kpmvy,t1_cbril3l,t1_cbrg01p,0.5292649999999998,0.5643085714285715,-0.03504357142857173
p_2284,t3_1kplpx,t1_cbs1lbf,t1_cbrbl9b,0.5883011363636365,0.5998478260869566,-0.01154668972332018
p_2285,t3_1kpcy7,t1_cbrbl5x,t1_cbrbcp0,0.5328648293963256,0.5267993079584775,0.006065521437848109
p_2288,t3_1kmwmn,t1_cbqml03,t1_cbqlofq,0.5812789699570814,0.5558443877551019,0.025434582201979472
p_2289,t3_1kmr9u,t1_cbqlmoj,t1_cbqkl2t,0.6022631578947368,0.6302894736842104,-0.028026315789473566
p_2290,t3_1klvsk,t1_cbqdd78,t1_cbqjkwj,0.6087932692307689,0.6105849056603773,-0.0017916364296083342
p_2291,t3_1klpoz,t1_cbqe15e,t1_cbqay82,0.6365309278350517,0.6588223684210525,-0.022291440586000744
p_2295,t3_1kkzei,t1_cbq19sn,t1_cbq4s14,0.6049923076923077,0.6152426470588237,-0.010250339366515981
p_2293,t3_1kkzei,t1_cbq6gfx,t1_cbq019j,0.6108503937007873,0.5202083333333334,0.09064206036745392
p_2294,t3_1kkzei,t1_cbq17si,t1_cbq019j,0.5835454545454545,0.5202083333333334,0.0633371212121211
p_2297,t3_1kkvd3,t1_cbpzbps,t1_cbpzant,0.5094212598425196,0.5546705882352944,-0.045249328392774735
p_2298,t3_1kkvd3,t1_cbpzjlg,t1_cbqba5y,0.5518346153846156,0.5248239795918365,0.02701063579277918
p_2299,t3_1kkl0k,t1_cbpvqsr,t1_cbpwrwm,0.653181818181818,0.68228125,-0.029099431818181976
p_2300,t3_1kjxxx,t1_cbpq618,t1_cbprup5,0.6413730769230769,0.6256755319148936,0.015697545008183322
p_2302,t3_1kji31,t1_cbpp0hg,t1_cbpp4cn,0.6419907407407407,0.654346153846154,-0.012355413105413326
p_2303,t3_1kj8ll,t1_cbpjmas,t1_cbpisrw,0.6492846153846152,0.6518643617021277,-0.0025797463175124546
p_2304,t3_1kj8ll,t1_cbpl5sq,t1_cbpotjh,0.5697114427860696,0.5775392156862745,-0.007827772900204977
p_2306,t3_1kic79,t1_cbp88fr,t1_cbp8lam,0.6354246575342469,0.5858073770491805,0.04961728048506642
p_2307,t3_1ki40o,t1_cbp9u33,t1_cbp85kd,0.5798611111111112,0.6331235955056179,-0.05326248439450676
p_2308,t3_1ki1zh,t1_cbp9dea,t1_cbp5nt9,0.5548536585365856,0.5607416666666666,-0.005888008130080946
p_2310,t3_1khlm7,t1_cbp1ln5,t1_cbp1ph1,0.5977323529411768,0.5883854166666668,0.009346936274509998
p_2311,t3_1kgh0u,t1_cboq4u7,t1_cbooh2r,0.6560454545454548,0.5618109756097562,0.09423447893569858
p_2313,t3_1ke0w4,t1_cbnzi22,t1_cbo6d5s,0.6413237704918032,0.607127551020408,0.03419621947139517
p_2314,t3_1ke0w4,t1_cbo3zx9,t1_cbo5iau,0.6200565149136587,0.6064343185550084,0.013622196358650251
p_2316,t3_1kdlwj,t1_cbnxd5h,t1_cbnvo71,0.548430463576159,0.48826760563380284,0.06016285794235615
p_2319,t3_1kcd3m,t1_cbnhq6g,t1_cbni0el,0.5928837209302324,0.611975,-0.019091279069767597
p_2320,t3_1kbzmn,t1_cbng0go,t1_cbnipaa,0.6335982142857146,0.6388043478260866,-0.005206133540372027
p_2323,t3_1kag5w,t1_cbn0mxn,t1_cbmzov5,0.6250759803921566,0.6263233082706768,-0.0012473278785202213
p_2324,t3_1kabrs,t1_cbmzr37,t1_cbn67aw,0.5759574468085107,0.5482875,0.027669946808510648
p_2325,t3_1ka5uj,t1_cbmyev9,t1_cbmxfh8,0.5755660377358491,0.5819703389830507,-0.006404301247201594
p_2327,t3_1k9jlv,t1_cbmxvcd,t1_cbmuvxx,0.5683333333333334,0.6209799999999999,-0.05264666666666651
p_2328,t3_1k6xfn,t1_cbm0lyq,t1_cbm3nd0,0.6758545454545455,0.7039729729729729,-0.028118427518427414
p_2329,t3_1k6i9t,t1_cblyg6g,t1_cblyvvv,0.6194763313609468,0.5595045871559633,0.059971744204983524
p_2330,t3_1k5pd2,t1_cbln0wk,t1_cblry91,0.6045148514851486,0.6214177631578947,-0.016902911672746046
p_2331,t3_1k5c52,t1_cblj535,t1_cbll85k,0.610108108108108,0.6295168539325844,-0.01940874582447638
p_2332,t3_1k5c52,t1_cblu6s5,t1_cblltll,0.5936792452830187,0.6013421052631579,-0.007662859980139158
p_2333,t3_1k4u9p,t1_cbldzfo,t1_cblfrem,0.5466904761904761,0.6579761904761904,-0.11128571428571432
p_2334,t3_1k3fd5,t1_cbkz187,t1_cblb6qd,0.5310769230769232,0.5887039711191339,-0.05762704804221064
p_2335,t3_1k3fd5,t1_cbl0mqo,t1_cbl14ki,0.5856604010025063,0.5920000000000001,-0.006339598997493812
p_2336,t3_1k394r,t1_cbl39x0,t1_cbkxpz4,0.6006512605042019,0.5844605263157895,0.016190734188412437
p_2337,t3_1k2ucr,t1_cbl0joo,t1_cbl04y4,0.6594323308270679,0.6113030303030303,0.04812930052403752
p_2338,t3_1k2m9c,t1_cbku0j5,t1_cbkqfau,0.6053870967741937,0.6369367088607594,-0.031549612086565704
p_2339,t3_1k1bz3,t1_cbkdhyg,t1_cbkd9lg,0.5523680555555556,0.6017499999999998,-0.049381944444444215
p_2340,t3_1k12l4,t1_cbk9xjc,t1_cbkfcm9,0.5990977011494253,0.6750875000000001,-0.07598979885057477
p_2341,t3_1k0rar,t1_cbk9gjo,t1_cbk70ve,0.6180873015873015,0.6124605263157893,0.00562677527151223
p_2343,t3_1k0o35,t1_cbk7t0b,t1_cbk5xan,0.5624038461538461,0.52109375,0.041310096153846065
p_2346,t3_1jxenp,t1_cbjhhbv,t1_cbjh4y3,0.5625555555555557,0.6005,-0.037944444444444336
p_2348,t3_1jxb7d,t1_cbj7ksk,t1_cbjiqx2,0.6241642857142858,0.6201846153846153,0.003979670329670504
p_2349,t3_1jxb7d,t1_cbj8nos,t1_cbjiqx2,0.6575850515463919,0.6201846153846153,0.037400436161776573
p_2350,t3_1jx75l,t1_cbj6dz7,t1_cbj5su9,0.6173958333333334,0.6108272727272728,0.006568560606060592
p_2352,t3_1jx75l,t1_cbj9dmd,t1_cbj5t4n,0.6492897727272728,0.6130542635658913,0.03623550916138152
p_2351,t3_1jx75l,t1_cbj8v5p,t1_cbj5t4n,0.6502108843537419,0.6130542635658913,0.037156620787850536
p_2353,t3_1jx75l,t1_cbjctxf,t1_cbja2vi,0.7009727272727273,0.6316511627906978,0.06932156448202953
p_2355,t3_1jw0vh,t1_cbj2fl6,t1_cbivzx1,0.6105000000000004,0.6454866071428574,-0.03498660714285706
p_2356,t3_1jukj2,t1_cbihbve,t1_cbifo1m,0.5819074074074074,0.6182535211267605,-0.036346113719353035
p_2357,t3_1juhcd,t1_cbih6kh,t1_cbiftjn,0.55146,0.6044705882352941,-0.05301058823529414
p_2358,t3_1jtizm,t1_cbi5iji,t1_cbi4vwr,0.5793257575757575,0.6810675675675677,-0.10174180999181015
p_2359,t3_1jnzxi,t1_cbgl9y6,t1_cbgko2s,0.6194044943820226,0.6202857142857142,-0.0008812199036916102
p_2360,t3_1jnzxi,t1_cbgq6ri,t1_cbgmmil,0.6474545454545453,0.59966,0.04779454545454531
p_2361,t3_1jnzxi,t1_cbgrq6w,t1_cbgqs66,0.6635384615384615,0.6106190476190476,0.052919413919413905
p_2362,t3_1jmadm,t1_cbgfvpm,t1_cbg3jnw,0.5297499999999999,0.6762,-0.14645000000000008
p_2363,t3_1jm5z2,t1_cbg3zbr,t1_cbg1tau,0.5979246575342466,0.6193780487804879,-0.021453391246241238
p_2365,t3_1jl2l0,t1_cbfrj60,t1_cbfqlt5,0.6012303921568629,0.5492734375,0.0519569546568629
p_2366,t3_1jkp1k,t1_cbfp0g2,t1_cbfoawn,0.572245283018868,0.5653541666666667,0.006891116352201299
p_2367,t3_1jiw0b,t1_cbf6lgo,t1_cbf4sac,0.6278625954198472,0.5547325581395349,0.07313003728031231
p_2370,t3_1jb0wl,t1_cbcxgu5,t1_cbcy8p6,0.5651310541310542,0.5703225806451614,-0.005191526514107148
p_2371,t3_1jaqjx,t1_cbctgfc,t1_cbcsn53,0.5752428571428573,0.5878805970149253,-0.012637739872068066
p_2372,t3_1j9xnf,t1_cbcq5wa,t1_cbcvqxh,0.6299693877551021,0.6233723653395781,0.0065970224155240675
p_2373,t3_1j8dv1,t1_cbc52ax,t1_cbcofch,0.6333055555555556,0.6363942307692307,-0.003088675213675174
p_2374,t3_1j8dv1,t1_cbc65mq,t1_cbcofch,0.6805833333333333,0.6363942307692307,0.04418910256410258
p_2375,t3_1j8dv1,t1_cbc693d,t1_cbcofch,0.559875,0.6363942307692307,-0.07651923076923073
p_2376,t3_1j8dv1,t1_cbc7rzj,t1_cbcofch,0.5862400000000001,0.6363942307692307,-0.050154230769230645
p_2377,t3_1j7p6i,t1_cbbxr56,t1_cbby8gg,0.6408461538461538,0.5483599999999998,0.092486153846154
p_2378,t3_1j5z5p,t1_cbbgma6,t1_cbbghpi,0.5583010752688173,0.5670789473684211,-0.00877787209960379
p_2379,t3_1j583o,t1_cbba0li,t1_cbbbhg1,0.6146844660194176,0.5940471698113208,0.020637296208096845
p_2381,t3_1j3vw4,t1_cbavu90,t1_cbawlm4,0.5942432432432432,0.6395714285714286,-0.04532818532818539
p_2384,t3_1j0ghg,t1_cb9w70x,t1_cba1v9x,0.6184460431654673,0.491711229946524,0.12673481321894325
p_2385,t3_1j0ghg,t1_cbag4fl,t1_cba1v9x,0.5909777227722773,0.491711229946524,0.09926649282575334
p_2387,t3_1j04ik,t1_cb9skkn,t1_cb9rtf6,0.5553857142857144,0.5351521739130436,0.020233540372670777
p_2386,t3_1j04ik,t1_cb9ssza,t1_cb9rtf6,0.539818181818182,0.5351521739130436,0.004666007905138381
p_2388,t3_1j012y,t1_cb9qkne,t1_cb9wf8r,0.49926020408163224,0.5491640624999998,-0.049903858418367586
p_2390,t3_1j00y5,t1_cb9tnv2,t1_cb9rf5x,0.5988714788732398,0.5592430555555554,0.03962842331768435
p_2393,t3_1iw2um,t1_cb8lac4,t1_cb8mbl8,0.606140625,0.4973906250000001,0.1087499999999999
p_2402,t3_1is4qd,t1_cb7j9ci,t1_cb7wbhu,0.5663888888888889,0.619041176470588,-0.05265228758169904
p_2403,t3_1iqys7,t1_cb7bor5,t1_cb7844x,0.6222146739130434,0.6380757575757575,-0.015861083662714104
p_2404,t3_1iqys7,t1_cb7gfzl,t1_cb7gxgm,0.6104795918367347,0.6229375000000001,-0.012457908163265419
p_2405,t3_1ipjv3,t1_cb6tcwm,t1_cb7052e,0.6038513513513514,0.5756000000000001,0.02825135135135126
p_2406,t3_1ioyfw,t1_cb6negu,t1_cb6p567,0.6466481481481481,0.5685252525252528,0.07812289562289532
p_2408,t3_1io050,t1_cb6z8bd,t1_cb6d59l,0.6513872549019608,0.5797236842105263,0.07166357069143448
p_2409,t3_1io050,t1_cb6te7v,t1_cb6k495,0.5984682539682541,0.5455185185185184,0.05294973544973569
p_2410,t3_1inwvh,t1_cb6clxk,t1_cb6b3un,0.5417977941176472,0.5667875,-0.02498970588235283
p_2412,t3_1in64c,t1_cb6akju,t1_cb64t09,0.6002821428571428,0.535111111111111,0.06517103174603178
p_2413,t3_1in3mk,t1_cb6bfkt,t1_cb62n6y,0.4937266666666665,0.4991470588235294,-0.005420392156862908
p_2415,t3_1iimoi,t1_cb5m28u,t1_cb4v5by,0.5975434782608696,0.565730769230769,0.03181270903010058
p_2418,t3_1ihnzp,t1_cb4juyf,t1_cb4ukap,0.5442183908045978,0.537135593220339,0.007082797584258782
p_2420,t3_1igbwh,t1_cb4649p,t1_cb464hg,0.5498783783783784,0.42168421052631583,0.12819416785206256
p_2421,t3_1ied1a,t1_cb3rv5u,t1_cb3p38u,0.615217741935484,0.6246206896551725,-0.009402947719688526
p_2424,t3_1ib9o8,t1_cb2tz88,t1_cb33du7,0.5557377450980393,0.5642822580645163,-0.008544512966476958
p_2427,t3_1ia9x8,t1_cb2j72l,t1_cb2rlb2,0.6488982300884958,0.6665595238095238,-0.017661293721027982
p_2429,t3_1ia3zd,t1_cb2lbid,t1_cb2h5ll,0.4930188679245284,0.5583608695652174,-0.06534200164068893
p_2430,t3_1i94l9,t1_cb28ef0,t1_cb26209,0.5805263157894738,0.6310900000000002,-0.05056368421052637
p_2434,t3_1i5tlt,t1_cb1cje7,t1_cb1t7x1,0.5724473684210526,0.6477999999999998,-0.07535263157894723
p_2436,t3_1i4vt4,t1_cb1h533,t1_cb1252u,0.5843120000000002,0.4987872340425532,0.08552476595744696
p_2435,t3_1i4vt4,t1_cb13nik,t1_cb16bo0,0.5539999999999999,0.5433584905660376,0.01064150943396236
p_2438,t3_1i2u57,t1_cb0fo0o,t1_cb0gz21,0.4958522727272728,0.5616182266009854,-0.06576595387371259
p_2439,t3_1i2u57,t1_cb0fbc9,t1_cb0hvyo,0.5641398305084745,0.5039897959183673,0.06015003459010715
p_2440,t3_1i2oju,t1_cb0dt2p,t1_cb0e4bx,0.5344362416107384,0.4527564102564102,0.08167983135432821
p_2442,t3_1i11n0,t1_cazz418,t1_cb0464x,0.6442244897959185,0.5954999999999999,0.04872448979591859
p_2443,t3_1i11n0,t1_cazy97z,t1_cb0464x,0.6005178571428572,0.5954999999999999,0.005017857142857296
p_2444,t3_1i0zds,t1_cazx780,t1_cazy8n0,0.5465714285714284,0.604375,-0.05780357142857162
p_2445,t3_1i0zds,t1_cb005e0,t1_cb05afm,0.5837592592592592,0.6509545454545455,-0.06719528619528625
p_2446,t3_1i0zds,t1_cb00x7k,t1_cazy1tv,0.6164333333333333,0.5821871345029239,0.03424619883040936
p_2447,t3_1i0zds,t1_cazx7qm,t1_cb0ano0,0.6117121212121213,0.568220930232558,0.04349119097956322
p_2448,t3_1i00hp,t1_cazmh6c,t1_cazmud9,0.5226696428571427,0.6042313432835821,-0.0815617004264394
p_2449,t3_1hzs2p,t1_cazkd1r,t1_cazpzes,0.5800303030303031,0.6480999999999999,-0.06806969696969678
p_2451,t3_1hz0cv,t1_cazgpfl,t1_cazc5lr,0.5460094339622641,0.5077,0.03830943396226405
p_2452,t3_1hxzas,t1_caz1kcn,t1_caz1z09,0.6102486631016042,0.5965273972602738,0.013721265841330377
p_2453,t3_1hxrtn,t1_caz1hv5,t1_cayzct9,0.571989655172414,0.6065544554455445,-0.03456480027313058
p_2454,t3_1hxjqk,t1_cayxqwq,t1_cazcc7l,0.6245703125000003,0.596418918918919,0.02815139358108132
p_2455,t3_1hxf9i,t1_cayvh0d,t1_caz1x0o,0.7126057692307692,0.6558777777777777,0.056727991452991566
p_2456,t3_1hw3be,t1_cayi1o3,t1_caykf0u,0.598543103448276,0.67375,-0.07520689655172397
p_2460,t3_1htdmd,t1_caxqkk2,t1_caxz72q,0.5503156996587032,0.5770744047619049,-0.026758705103201663
p_2461,t3_1ht05v,t1_caxtz6j,t1_caxzvix,0.5460795180722895,0.5801565934065936,-0.03407707533430415
p_2462,t3_1ht05v,t1_caxvc7y,t1_caxzvix,0.5931549999999998,0.5801565934065936,0.01299840659340612
p_2463,t3_1hrko3,t1_caxe7v8,t1_cax6nz3,0.6177295454545453,0.6266925925925925,-0.008963047138047187
p_2464,t3_1hrjgc,t1_cax6dff,t1_cax6b4o,0.6011932773109245,0.6058833333333332,-0.004690056022408684
p_2465,t3_1hraph,t1_cax407i,t1_cax3up7,0.596702290076336,0.616951219512195,-0.020248929435858987
p_2467,t3_1hqd66,t1_cax3idc,t1_cawz4oe,0.6056178160919542,0.5745999999999999,0.03101781609195431
p_2468,t3_1hq0v5,t1_cawqmgo,t1_cawqm34,0.622974226804124,0.6214487179487179,0.0015255088554060325
p_2469,t3_1hp8cm,t1_cawnmau,t1_cawra52,0.6031666666666667,0.6697265624999998,-0.0665598958333331
p_2470,t3_1hp8cm,t1_caws05i,t1_cawsaki,0.5979801587301586,0.5874568965517238,0.0105232621784348
p_2472,t3_1hnrv5,t1_cawg0mo,t1_caw90ul,0.625955525606469,0.618986607142857,0.006968918463612028
p_2473,t3_1hnmg0,t1_caw4fwf,t1_caw2pvi,0.6830480000000001,0.5832682926829268,0.09977970731707331
p_2474,t3_1hnesi,t1_caw5etn,t1_caw1oxb,0.5020512820512821,0.5455714285714285,-0.04352014652014635
p_2475,t3_1hmzrg,t1_cavwamg,t1_caw3w4j,0.5314545454545455,0.6091554054054056,-0.07770085995086007
p_2477,t3_1hmzrg,t1_cavxhoe,t1_cavwx38,0.66021875,0.6225357142857142,0.03768303571428577
p_2476,t3_1hmzrg,t1_cavwmqq,t1_cavylue,0.5750000000000001,0.5781763754045306,-0.0031763754045305292
p_2478,t3_1hm7uw,t1_cavpkpg,t1_cavot1s,0.6322876712328769,0.6046333333333335,0.027654337899543413
p_2479,t3_1hj6bs,t1_cauxv2z,t1_cauydog,0.645079268292683,0.6178365384615384,0.02724272983114462
p_2480,t3_1hilol,t1_cav0vb9,t1_cauv0dj,0.542811320754717,0.5055833333333334,0.03722798742138367
p_2482,t3_1hijgw,t1_cauqk4k,t1_cauqjev,0.4777071428571428,0.4998486238532109,-0.022141480996068108
p_2484,t3_1hhk6u,t1_caueb77,t1_cauj7mz,0.5922467532467531,0.5803055555555557,0.011941197691197392
p_2485,t3_1hhk6u,t1_caui6qo,t1_caukhoj,0.47655555555555557,0.6177611940298506,-0.14120563847429507
p_2486,t3_1hhk6u,t1_cauhmlk,t1_cauj7mz,0.6221000000000001,0.5803055555555557,0.041794444444444356
p_2489,t3_1hc58i,t1_catea2n,t1_casxbel,0.5798477272727274,0.5901264044943818,-0.010278677221654431
p_2490,t3_1hc0j1,t1_caszio1,t1_casup0b,0.6162857142857144,0.5835285714285713,0.03275714285714315
p_2494,t3_1hajcc,t1_casg265,t1_casiv8b,0.5790373134328359,0.5534146341463414,0.025622679286494532
p_2495,t3_1h9sqe,t1_cas8w59,t1_cas8g4g,0.5946172839506173,0.6163422131147542,-0.02172492916413693
p_2496,t3_1h9ldb,t1_cas5ysb,t1_cas7mja,0.6090555555555556,0.5927812499999998,0.016274305555555757
p_2497,t3_1h9hye,t1_cas4sd4,t1_cas74f3,0.5897457627118644,0.5636818181818182,0.026063944530046235
p_2498,t3_1h9hye,t1_casb6t3,t1_cas9uz8,0.5633133333333333,0.5834035874439457,-0.020090254110612382
p_2499,t3_1h9hye,t1_casew9n,t1_cas88m0,0.651,0.5824230769230767,0.06857692307692331
p_2500,t3_1h8lmm,t1_cary5pj,t1_carxthq,0.590759541984733,0.5828124999999998,0.007947041984733172
p_2502,t3_1h6ah2,t1_caredw7,t1_car9nmn,0.5880314465408804,0.6202305389221558,-0.032199092381275496
p_2505,t3_1h6ah2,t1_caridnc,t1_car9nmn,0.6132745098039216,0.6202305389221558,-0.00695602911823423
p_2504,t3_1h6ah2,t1_care65c,t1_car9nmn,0.6153787553648067,0.6202305389221558,-0.004851783557349165
p_2503,t3_1h6ah2,t1_card2bl,t1_car9nmn,0.6111301369863013,0.6202305389221558,-0.009100401935854596
p_2506,t3_1h63cg,t1_car7qah,t1_care0ds,0.6346736842105263,0.5833000000000003,0.051373684210526016
p_2508,t3_1h5h5m,t1_car0y9s,t1_cardbx1,0.6483114754098361,0.6289520547945204,0.019359420615315703
p_2509,t3_1h5h5m,t1_car4w5y,t1_car24xz,0.6146017699115043,0.6350974025974028,-0.02049563268589849
p_2510,t3_1h5bo4,t1_car3t1w,t1_car096v,0.567719945355191,0.5847537313432837,-0.017033785988092687
p_2511,t3_1h4fc4,t1_caquh1j,t1_car011b,0.5464444444444443,0.5994636363636364,-0.05301919191919213
p_2513,t3_1h2wxx,t1_caqbfxa,t1_caqen9z,0.590137168141593,0.5636440677966101,0.026493100344982867
p_2514,t3_1h13j4,t1_capskux,t1_capsire,0.5951481481481481,0.6036999999999998,-0.0085518518518517
p_2516,t3_1h0wi9,t1_capqqek,t1_caq16q7,0.605277027027027,0.5517333333333333,0.05354369369369372
p_2517,t3_1h0dvp,t1_caplvg0,t1_caplfrl,0.6506261261261261,0.5793359374999999,0.07129018862612624
p_2518,t3_1h0dvp,t1_capmaqi,t1_caplfrl,0.5995921052631581,0.5793359374999999,0.020256167763158195
p_2519,t3_1h0dvp,t1_capljsr,t1_capm2dv,0.6028617021276597,0.6321618705035973,-0.02930016837593763
p_2520,t3_1gzgyi,t1_capch39,t1_capcztw,0.5936816666666666,0.5855909090909089,0.008090757575757612
p_2521,t3_1gzgyi,t1_capd988,t1_capcztw,0.5997054263565891,0.5855909090909089,0.014114517265680138
p_2522,t3_1gzggd,t1_capcxm0,t1_capga0b,0.5671411764705884,0.5834848484848486,-0.016343672014260235
p_2523,t3_1gzggd,t1_capc8wf,t1_capc3ac,0.581593220338983,0.5638260869565218,0.017767133382461164
p_2526,t3_1gubei,t1_canwrtx,t1_canwwia,0.5564932432432432,0.5476500000000002,0.008843243243243037
p_2527,t3_1gubei,t1_cao0mq9,t1_cao4o8w,0.5001904761904763,0.5829166666666665,-0.08272619047619023
p_2528,t3_1gubei,t1_cao0kka,t1_cao0vy0,0.5435275229357799,0.5823285714285714,-0.038801048492791534
p_2529,t3_1gtx5u,t1_canrwqs,t1_canrwi1,0.5805810810810812,0.6247162162162162,-0.044135135135135006
p_2530,t3_1gtewi,t1_canwe7h,t1_cannxmk,0.6301249999999997,0.5826363636363635,0.047488636363636205
p_2533,t3_1gs77u,t1_canaax8,t1_canbqse,0.6075273972602739,0.6280753424657534,-0.020547945205479423
p_2535,t3_1gqrrj,t1_camvlk1,t1_camv6ti,0.6389140625,0.5736249999999999,0.0652890625000001
p_2536,t3_1gqfyr,t1_camsoga,t1_camr1ip,0.5087531645569618,0.4988989361702128,0.009854228386749042
p_2537,t3_1go76m,t1_cama3zy,t1_cam5u2v,0.5284193548387097,0.5920421052631575,-0.06362275042444776
p_2538,t3_1go0nk,t1_cam94e3,t1_cam2sp0,0.6086936090225562,0.6032740384615386,0.005419570561017606
p_2539,t3_1gndd7,t1_calvf4q,t1_caly3r9,0.5861223404255319,0.6105833333333331,-0.024460992907801238
p_2542,t3_1gndd7,t1_calw2lu,t1_calzbfi,0.5860666666666666,0.5427162162162161,0.043350450450450495
p_2543,t3_1gn5gq,t1_caltt0o,t1_cam4fco,0.5315082644628099,0.6025108695652174,-0.07100260510240752
p_2544,t3_1gn5gq,t1_caluwrn,t1_cam99y3,0.49939560439560426,0.6211144578313252,-0.12171885343572098
p_2546,t3_1gmopb,t1_calpm58,t1_caloeep,0.523066371681416,0.5697656249999999,-0.04669925331858393
p_2547,t3_1glkkw,t1_caljuen,t1_calho9m,0.5926842105263157,0.6217121212121213,-0.02902791068580557
p_2548,t3_1gkvdj,t1_cal8gbr,t1_calht6p,0.5866075949367089,0.6029295454545452,-0.01632195051783636
p_2549,t3_1gkvdj,t1_cal9bjy,t1_cal95oe,0.5935900900900901,0.5024242424242423,0.09116584766584779
p_2550,t3_1gk7i3,t1_cal9gz2,t1_cakzxzy,0.5450545212765958,0.559284403669725,-0.014229882393129167
p_2552,t3_1gjdzq,t1_caks2pc,t1_cakv42m,0.6063896103896104,0.5323194444444446,0.0740701659451658
p_2553,t3_1ghuhk,t1_cakst8b,t1_cakfe6t,0.605411214953271,0.514142857142857,0.09126835781041398
p_2554,t3_1ghq26,t1_cakd83v,t1_cakbhef,0.6533263888888889,0.5944930555555558,0.05883333333333318
p_2556,t3_1gf3p8,t1_cajmk48,t1_cajlq76,0.5773971631205672,0.5301208791208792,0.047276283999687974
p_2558,t3_1gekcs,t1_cajgr6p,t1_cajgnqh,0.5620384615384615,0.5870757575757575,-0.025037296037295986
p_2559,t3_1gdhz9,t1_cajoefo,t1_caj8zpy,0.6042244897959185,0.6435882352941177,-0.03936374549819921
p_2561,t3_1gcmgh,t1_caizgrm,t1_caix4yf,0.6912467532467532,0.6688888888888891,0.022357864357864132
p_2563,t3_1ga9it,t1_caiavmi,t1_caiacwj,0.6444642857142858,0.6532279411764703,-0.008763655462184494
p_2564,t3_1ga5u6,t1_caifnvs,t1_caigbsx,0.5489045454545455,0.4926323529411764,0.05627219251336907
p_2565,t3_1g98dv,t1_caicko1,t1_cai00w1,0.6027077294685989,0.6410367647058824,-0.03832903523728359
p_2566,t3_1g912k,t1_cahy4j6,t1_cai00qt,0.5743260869565217,0.542408163265306,0.0319179236912156
p_2567,t3_1g8ye7,t1_caiqwaz,t1_caia71j,0.601735537190083,0.5965000000000001,0.005235537190082851
p_2568,t3_1g8tam,t1_cahvvfw,t1_cahvh3g,0.6177032967032967,0.6139673913043477,0.0037359053989489688
p_2569,t3_1g8dms,t1_cahqtw0,t1_cahrjrv,0.6432306034482755,0.6513642384105961,-0.008133634962320557
p_2570,t3_1g4ij0,t1_cagmwe5,t1_cagn2vw,0.5934523809523811,0.5829227941176471,0.010529586834733928
p_2571,t3_1g4ij0,t1_cagti1b,t1_cagn2vw,0.5837211055276382,0.5829227941176471,0.0007983114099910926
p_2573,t3_1g0zyi,t1_cafq2a4,t1_cafq68p,0.6648214285714288,0.5984190140845068,0.06640241448692197
p_2575,t3_1g0nr4,t1_cafnpu1,t1_cafo41o,0.526904255319149,0.6110000000000001,-0.08409574468085113
p_2576,t3_1g05un,t1_cafhm9s,t1_cafhkpm,0.6809553571428569,0.6864411764705882,-0.0054858193277312894
p_2577,t3_1g05un,t1_cafi4wo,t1_cafhkpm,0.6094117647058823,0.6864411764705882,-0.0770294117647059
p_2578,t3_1fze4z,t1_cafajkn,t1_cafb9bx,0.5804893617021277,0.5579403669724772,0.02254899472965055
p_2579,t3_1fzbuj,t1_cafam2z,t1_cafeb2o,0.6112574430823116,0.6329937655860352,-0.021736322503723593
p_2580,t3_1fzbuj,t1_cafpf1y,t1_cafeb2o,0.6496821428571431,0.6329937655860352,0.016688377271107946
p_2581,t3_1fz6yz,t1_cafa0ej,t1_cafbiew,0.5585178571428572,0.5148240740740739,0.04369378306878324
p_2582,t3_1fvef0,t1_caehkc7,t1_caegj92,0.6252166666666668,0.5668306451612903,0.05838602150537642
p_2583,t3_1ftvzl,t1_cadqq2m,t1_cadtuox,0.6058103448275862,0.572625,0.03318534482758617
p_2584,t3_1fthzm,t1_cads3uf,t1_cadpyxu,0.5698734939759038,0.5491117647058823,0.02076172927002151
p_2585,t3_1fsg25,t1_cadecc8,t1_cadh9xp,0.5729940239043826,0.5836875000000004,-0.010693476095617771
p_2586,t3_1fsg25,t1_cadcq9r,t1_cadfxhh,0.6010633802816903,0.5998692307692306,0.0011941495124596635
p_2589,t3_1fqxs6,t1_cacz78q,t1_cad0uj4,0.6405172413793102,0.6168918918918918,0.023625349487418457
p_2590,t3_1fpnku,t1_cacm10c,t1_cacyujo,0.6996959459459458,0.6772600000000001,0.022435945945945668
p_2592,t3_1fl90i,t1_cabjfyp,t1_cabh6n4,0.5867229729729726,0.6379032258064516,-0.051180252833479045
p_2594,t3_1fkqyp,t1_cab9l3c,t1_cab7rfj,0.5998755555555557,0.5821270491803276,0.017748506375228068
p_2596,t3_1fjzw1,t1_cab14u9,t1_cabbfp2,0.624542713567839,0.5935706521739128,0.030972061393926165
p_2597,t3_1fjy6l,t1_cabf966,t1_cab0k1n,0.6019658273381295,0.5949178082191781,0.007048019118951476
p_2598,t3_1fjy6l,t1_cabcutd,t1_cabche6,0.6141229508196722,0.613205882352941,0.0009170684667311191
p_2599,t3_1fj2qs,t1_caar36f,t1_caas3s0,0.570970588235294,0.6891666666666666,-0.11819607843137259
p_2600,t3_1fi40v,t1_caahiii,t1_caahjdz,0.5832014925373135,0.6885579710144928,-0.10535647847717933
p_2601,t3_1fi40v,t1_caai66k,t1_caahj8x,0.6309009900990099,0.6274493670886075,0.0034516230104023604
p_2603,t3_1fh2ge,t1_caa6pnq,t1_caaaphg,0.5486549295774649,0.5901168831168832,-0.041461953539418284
p_2604,t3_1fgwoe,t1_caadxv7,t1_caaa1fu,0.6260428571428571,0.615921052631579,0.010121804511278087
p_2606,t3_1felg8,t1_ca9jegt,t1_ca9j1g5,0.5561818181818181,0.6001625,-0.04398068181818193
p_2607,t3_1fdu9t,t1_ca9jfv7,t1_ca9emjy,0.622744318181818,0.61081875,0.011925568181818003
p_2608,t3_1fdqr9,t1_ca9b99t,t1_ca997cz,0.6642631578947369,0.5629599999999999,0.10130315789473698
p_2609,t3_1fbyld,t1_ca8s1d1,t1_ca92m1w,0.4155263157894737,0.6295,-0.21397368421052626
p_2610,t3_1fakkk,t1_ca8gu3m,t1_ca8gpeh,0.5362812500000002,0.5860909090909091,-0.04980965909090895
p_2613,t3_1f9bqn,t1_ca85ryy,t1_ca81ox0,0.5064080459770113,0.49767293233082704,0.008735113646184234
p_2619,t3_1f3fkz,t1_ca6ix69,t1_ca6j47b,0.6103573943661973,0.5914551282051281,0.01890226616106916
p_2621,t3_1f378x,t1_ca6d9pg,t1_ca6d9s8,0.603952380952381,0.6254277108433733,-0.021475329890992323
p_2624,t3_1f08yy,t1_ca5jdzb,t1_ca5nkp8,0.5532857142857143,0.5021869565217391,0.05109875776397521
p_2625,t3_1f08yy,t1_ca5jcz6,t1_ca5nkp8,,0.5021869565217391,
p_2627,t3_1eyhc9,t1_ca511j6,t1_ca514mx,0.6115729166666666,0.5157638888888888,0.09580902777777778
p_2628,t3_1eyhc9,t1_ca54mod,t1_ca514mx,0.5663823529411764,0.5157638888888888,0.05061846405228765
p_2629,t3_1evztt,t1_ca4bru8,t1_ca4e1xc,0.5322944444444444,0.5497857142857142,-0.017491269841269808
p_2631,t3_1er14x,t1_ca2wy31,t1_ca2w8zb,0.6291957446808513,0.563172131147541,0.06602361353331021
p_2632,t3_1er14x,t1_ca2wyds,t1_ca2w8zb,0.5398000000000001,0.563172131147541,-0.023372131147540998
p_2633,t3_1eqzdv,t1_ca2xas3,t1_ca2vznl,0.6251636363636364,0.5788285714285712,0.04633506493506512
p_2634,t3_1eqzdv,t1_ca31l47,t1_ca2vznl,0.6926504854368933,0.5788285714285712,0.11382191400832209
p_2636,t3_1eqpep,t1_ca2wutl,t1_ca2vk92,0.6171754385964913,0.6013896797153024,0.015785758881188827
p_2637,t3_1enop4,t1_ca26n3f,t1_ca24wnz,0.5948873239436622,0.5900534351145038,0.0048338888291583615
p_2640,t3_1ekr96,t1_ca18olx,t1_ca1bmet,0.5711354166666666,0.669363636363636,-0.09822821969696949
p_2642,t3_1ejwsi,t1_ca0z4yj,t1_ca124sd,0.6163993212669682,0.6275496894409933,-0.01115036817402515
p_2643,t3_1ejwsi,t1_ca14g2z,t1_ca11uac,0.6039289617486336,0.6660281690140842,-0.062099207265450596
p_2649,t3_1eeqwi,t1_c9zk246,t1_c9zlxhm,0.6116792452830188,0.5603965517241379,0.05128269355888082
p_2648,t3_1eeqwi,t1_c9zisf5,t1_c9zjpoy,0.5971203703703704,0.5550882352941178,0.042032135076252586
p_2650,t3_1edx91,t1_c9z9hpy,t1_c9zbt49,0.599719387755102,0.5923333333333334,0.007386054421768651
p_2651,t3_1edr56,t1_c9z8p9f,t1_c9z9qmk,0.5549318181818181,0.6014274193548387,-0.04649560117302054
p_2652,t3_1edqbg,t1_c9z7ura,t1_c9zayfy,0.586159722222222,0.67912987012987,-0.09297014790764802
p_2657,t3_1e897d,t1_c9xr4w4,t1_c9xr0vc,0.5141164021164023,0.5714210526315789,-0.057304650515176636
p_2659,t3_1e7fgs,t1_c9xm6o9,t1_c9xlvv7,0.6261874999999999,0.6602115384615386,-0.034024038461538675
p_2661,t3_1e7dc0,t1_c9xteak,t1_c9xkdnr,0.6481951219512196,0.6428611111111111,0.005334010840108538
p_2663,t3_1e71tp,t1_c9xlk4m,t1_c9xez56,0.5695057471264368,0.548791304347826,0.020714442778610787
p_2664,t3_1e5uet,t1_c9x38yb,t1_c9x7ac3,0.6073963414634147,0.6461219512195123,-0.03872560975609762
p_2666,t3_1e5dod,t1_c9wyrgk,t1_c9wz4h9,0.5990500000000001,0.6316956521739131,-0.03264565217391302
p_2667,t3_1e4w3h,t1_c9x0hy8,t1_c9wwhb6,0.6270675675675674,0.6154574468085108,0.011610120759056652
p_2668,t3_1e4v4u,t1_c9wtome,t1_c9ww06i,0.5682340425531913,0.5829305555555557,-0.014696513002364409
p_2669,t3_1e4gla,t1_c9wpcpk,t1_c9wqjyf,0.604915254237288,0.660223880597015,-0.055308626359727
p_2671,t3_1e30x9,t1_c9wfnbb,t1_c9wbvj3,0.6184659090909088,0.5847101063829787,0.033755802707930105
p_2673,t3_1e1yw5,t1_c9wdtql,t1_c9w0hvd,0.6183812500000001,0.6975555555555556,-0.07917430555555549
p_2674,t3_1e0qz1,t1_c9vwslq,t1_c9vruwl,0.609740506329114,0.6139482758620689,-0.004207769532954875
p_2675,t3_1e0ejy,t1_c9vl8aa,t1_c9vp3i5,0.592740099009901,0.6175738636363635,-0.024833764626462473
p_2678,t3_1e0dd7,t1_c9vvh9i,t1_c9vmii6,0.5036707317073171,0.6172804878048781,-0.11360975609756097
p_2676,t3_1e0dd7,t1_c9vn11c,t1_c9vkmsv,0.5741126760563381,0.5308064516129032,0.043306224443434904
p_2679,t3_1dzqaz,t1_c9vevvr,t1_c9ves68,0.6013874999999999,0.6293510638297872,-0.027963563829787375
p_2680,t3_1dyb7o,t1_c9v8bw6,t1_c9v7j0n,0.6898552631578947,0.6954347826086957,-0.00557951945080104
p_2681,t3_1dy3sl,t1_c9uym99,t1_c9uxyzk,0.5114661016949154,0.6101754385964911,-0.0987093369015758
p_2683,t3_1dx9dj,t1_c9ut84g,t1_c9v8b9b,0.5809568965517241,0.6185238095238095,-0.037566912972085365
p_2684,t3_1dx9dj,t1_c9uvfc4,t1_c9usq08,0.5760326086956521,0.5854789473684211,-0.009446338672769006
p_2685,t3_1duzzk,t1_c9u8l52,t1_c9u8yoe,0.5941072463768118,0.5662683823529413,0.02783886402387048
p_2688,t3_1drv8o,t1_c9twcr8,t1_c9tdt5r,0.4562875,0.5879310344827586,-0.13164353448275862
p_2690,t3_1dro9y,t1_c9t93tz,t1_c9tb0nm,0.658945054945055,0.6537391304347827,0.005205924510272242
p_2691,t3_1dro9y,t1_c9t95ad,t1_c9tb0nm,0.5619950980392158,0.6537391304347827,-0.09174403239556694
p_2692,t3_1dro9y,t1_c9tar20,t1_c9tb0nm,0.634530612244898,0.6537391304347827,-0.01920851818988467
p_2693,t3_1dr38j,t1_c9t4zgp,t1_c9t15sb,0.5696896551724138,0.6169821428571428,-0.047292487684729045
p_2694,t3_1dr38j,t1_c9t6qfq,t1_c9t3tv5,0.61969,0.5937439024390242,0.025946097560975767
p_2696,t3_1dqocq,t1_c9sxlof,t1_c9t1per,0.6243454545454545,0.5895595238095238,0.034785930735930726
p_2698,t3_1dpa0j,t1_c9si9a1,t1_c9sjq6e,0.5868535714285716,0.6592089552238806,-0.07235538379530893
p_2699,t3_1dmdji,t1_c9s8tbs,t1_c9rvfop,0.594419708029197,0.6004206349206347,-0.006000926891437719
p_2702,t3_1djzxv,t1_c9rfg9d,t1_c9r258n,0.6475641025641025,0.5552567567567567,0.09230734580734579
p_2704,t3_1dj741,t1_c9qwjmm,t1_c9qu7yd,0.612952205882353,0.6139563492063494,-0.0010041433239964537
p_2706,t3_1ditdn,t1_c9r0krj,t1_c9qpsh8,0.5638778409090908,0.5184285714285713,0.045449269480519416
p_2707,t3_1dilyh,t1_c9qq93z,t1_c9qukp7,0.5728345588235293,0.5308253968253969,0.04200916199813243
p_2711,t3_1dfy2a,t1_c9pz92y,t1_c9pzk15,0.6112656250000001,0.6163469387755103,-0.005081313775510132
p_2713,t3_1dfnx1,t1_c9pwrti,t1_c9pydqv,0.6426741573033709,0.5894166666666668,0.05325749063670404
p_2714,t3_1deu6m,t1_c9pm9ei,t1_c9pq3i8,0.555282894736842,0.6318333333333332,-0.07655043859649124
p_2715,t3_1ddn6p,t1_c9r192d,t1_c9ptde6,0.6125333333333334,0.6261066666666667,-0.013573333333333326
p_2717,t3_1dbeji,t1_c9opv9e,t1_c9oplaa,0.3671923076923077,0.4986438356164383,-0.13145152792413062
p_2718,t3_1dahpy,t1_c9oi7rq,t1_c9ohbfe,0.5305809248554911,0.6093345864661655,-0.07875366161067432
p_2720,t3_1daaz2,t1_c9om232,t1_c9oicxr,0.6296496062992127,0.6232118644067796,0.00643774189243318
p_2721,t3_1daa73,t1_c9of3p7,t1_c9of537,0.6069890109890109,0.6388372093023257,-0.03184819831331476
p_2722,t3_1da9km,t1_c9ogr0a,t1_c9oels5,0.6078771929824562,0.5944850746268655,0.013392118355590732
p_2723,t3_1d93tu,t1_c9o543i,t1_c9o48f1,0.6282935779816513,0.6748898305084745,-0.0465962525268232
p_2724,t3_1d93tu,t1_c9o9bv4,t1_c9o5bzv,0.5992374581939799,0.6199540229885058,-0.020716564794525882
p_2725,t3_1d7g4o,t1_c9noa5m,t1_c9nwpbl,0.5740714285714289,0.5657812499999999,0.008290178571428997
p_2728,t3_1d4oyg,t1_c9mvjvz,t1_c9n2oa9,0.5114521276595744,0.561671052631579,-0.05021892497200464
p_2729,t3_1d44p3,t1_c9mq0ns,t1_c9mtvks,0.566555172413793,0.5779369369369369,-0.011381764523143878
p_2731,t3_1d44p3,t1_c9mw0w9,t1_c9mpkz3,0.5818369565217394,0.527109090909091,0.05472786561264842
p_2732,t3_1d44p3,t1_c9n1elj,t1_c9mtvks,0.5632486910994766,0.5779369369369369,-0.014688245837460312
p_2733,t3_1d44p3,t1_c9mu8cn,t1_c9mrjf5,0.5610493827160493,0.589448275862069,-0.028398893146019732
p_2734,t3_1d44p3,t1_c9msi95,t1_c9mtvks,0.5555440251572326,0.5779369369369369,-0.022392911779704372
p_2738,t3_1d1i55,t1_c9mxv6l,t1_c9lzhfl,0.6253035714285713,0.6456249999999999,-0.0203214285714286
p_2739,t3_1d1i55,t1_c9oegh1,t1_c9lzhfl,0.6552380952380952,0.6456249999999999,0.009613095238095282
p_2740,t3_1d0elu,t1_c9lsj8v,t1_c9lp7p0,0.5434274193548388,0.5983152173913044,-0.054887798036465596
p_2741,t3_1cymw8,t1_c9l9z8j,t1_c9l7omc,0.5071040462427746,0.6629680851063828,-0.15586403886360822
p_2743,t3_1cyjeb,t1_c9l6moi,t1_c9l7796,0.5641875000000003,0.5657009345794394,-0.001513434579439088
p_2748,t3_1cxteo,t1_c9l5sr6,t1_c9kz9h3,0.5769130434782609,0.6158437499999999,-0.03893070652173902
p_2746,t3_1cxteo,t1_c9l0ptr,t1_c9kztp0,0.5939440993788817,0.5923636363636363,0.0015804630152453925
p_2747,t3_1cxteo,t1_c9kzw1u,t1_c9l5bzb,0.5796333333333336,0.5514347826086956,0.02819855072463795
p_2749,t3_1cwsse,t1_c9kr52k,t1_c9kr5qt,0.6268666666666666,0.691016129032258,-0.06414946236559138
p_2750,t3_1cwsse,t1_c9kqato,t1_c9ks4cr,0.6385170068027209,0.7145104166666667,-0.07599340986394576
p_2751,t3_1cwsse,t1_c9kvex6,t1_c9ks4cr,0.6666638655462183,0.7145104166666667,-0.047846551120448444
p_2752,t3_1cvzbx,t1_c9km9nx,t1_c9khsqw,0.6277777777777779,0.6235714285714286,0.004206349206349325
p_2753,t3_1ctkhw,t1_c9juokl,t1_c9jubz0,0.6225860215053762,0.5890151515151514,0.03357086999022485
p_2754,t3_1cskpb,t1_c9jkqxa,t1_c9jlje5,0.601103448275862,0.5493055555555557,0.05179789272030633
p_2755,t3_1crpmd,t1_c9jdeua,t1_c9jkwqp,0.5337619047619047,0.5912857142857142,-0.05752380952380953
p_2756,t3_1cq2e6,t1_c9ix0cz,t1_c9ixpvx,0.514641975308642,0.6360769230769231,-0.12143494776828112
p_2760,t3_1cjeto,t1_c9h2lgb,t1_c9h6sc6,0.6245103448275863,0.5999402985074626,0.024570046320123717
p_2761,t3_1chlts,t1_c9gmbnn,t1_c9gqj74,0.591534810126582,0.6248933333333332,-0.033358523206751145
p_2762,t3_1cgo5k,t1_c9gcsj9,t1_c9gc5rg,0.5756831683168316,0.5981981132075471,-0.022514944890715483
p_2765,t3_1cfa2w,t1_c9fzmpv,t1_c9g116t,0.6375397727272728,0.5537423728813557,0.08379739984591705
p_2766,t3_1cdk1m,t1_c9fscps,t1_c9fnhsl,0.6175661764705884,0.604099264705882,0.01346691176470638
p_2767,t3_1cc9ma,t1_c9f4mbw,t1_c9f4gvx,0.5788978494623654,0.5671206896551723,0.011777159807193183
p_2770,t3_1cc8uk,t1_c9fbcfp,t1_c9f55x0,0.5733716216216215,0.5148055555555556,0.05856606606606585
p_2771,t3_1cbyg8,t1_c9f2fbr,t1_c9f2f7z,0.6005991735537192,0.626685393258427,-0.026086219704707814
p_2772,t3_1cbyg8,t1_c9f37yw,t1_c9f2f7z,0.579040055248619,0.626685393258427,-0.04764533800980797
p_2773,t3_1cbyg8,t1_c9f2oxn,t1_c9f2f7z,0.614172297297297,0.626685393258427,-0.012513095961129928
p_2774,t3_1c9rnm,t1_c9efq9f,t1_c9enhzn,0.5781000000000001,0.5388355263157895,0.0392644736842106
p_2776,t3_1c9lan,t1_c9eoxbt,t1_c9edlfu,0.5994333333333335,0.5327894736842108,0.06664385964912267
p_2777,t3_1c8ym3,t1_c9e9zzx,t1_c9e9fk0,0.5402339181286551,0.6069684210526315,-0.06673450292397642
p_2778,t3_1c8ym3,t1_c9e9ga5,t1_c9ea09a,0.5574915254237286,0.5619130434782608,-0.00442151805453217
p_2779,t3_1c7z1a,t1_c9dyhme,t1_c9edsm6,0.5686969696969698,0.529845744680851,0.03885122501611882
p_2782,t3_1c5ps9,t1_c9da3im,t1_c9dg1q3,0.5385797101449276,0.5880799999999999,-0.04950028985507238
p_2783,t3_1c3mds,t1_c9cpeax,t1_c9cpssy,0.5639463414634147,0.5435366666666667,0.020409674796748045
p_2784,t3_1c11cx,t1_c9c5trq,t1_c9c6lsq,0.5437642045454545,0.5251266666666666,0.018637537878787858
p_2785,t3_1byb8b,t1_c9bdajc,t1_c9bdsul,0.5289107142857142,0.5044545454545455,0.024456168831168745
p_2786,t3_1by7rb,t1_c9b8dbb,t1_c9ba21c,0.6220886075949367,0.5757555555555557,0.046333052039380984
p_2787,t3_1bxkri,t1_c9b3vi9,t1_c9b4eux,0.48658888888888896,0.5125652173913045,-0.02597632850241549
p_2789,t3_1bxgut,t1_c9b118k,t1_c9b0bxi,0.6572569444444443,0.6160529411764706,0.04120400326797369
p_2788,t3_1bxgut,t1_c9b3hgo,t1_c9b7q7o,0.630278846153846,0.6250416666666664,0.005237179487179611
p_2790,t3_1bxgut,t1_c9b7tag,t1_c9b7q7o,0.625,0.6250416666666664,-4.166666666638452e-05
p_2791,t3_1bwu2v,t1_c9avcwo,t1_c9auie0,0.5452380952380954,0.562365168539326,-0.017127073301230644
p_2792,t3_1buffw,t1_c9a7bi9,t1_c9a70o8,0.5822356321839081,0.6549318181818182,-0.07269618599791017
p_2793,t3_1brihl,t1_c9bfojt,t1_c99k4tp,0.6080238095238096,0.5299375,0.07808630952380968
p_2794,t3_1bp6uw,t1_c98y60i,t1_c994sb5,0.5802764705882353,0.6004195402298848,-0.02014306964164947
p_2795,t3_1bodtx,t1_c98jlb4,t1_c98lik7,0.5601499999999998,0.603801652892562,-0.04365165289256223
p_2796,t3_1bljky,t1_c97sfu3,t1_c97rjrx,0.5248421052631578,0.5732765957446808,-0.04843449048152304
p_2798,t3_1bkpef,t1_c97l3q7,t1_c97m0dm,0.48501408450704225,0.45689743589743576,0.028116648609606498
p_2799,t3_1bkdeq,t1_c97g05g,t1_c97ggko,0.636227272727273,0.6078400000000002,0.028387272727272816
p_2803,t3_1bjaaz,t1_c977sxm,t1_c979i5l,0.5869548286604357,0.6106403508771928,-0.023685522216757127
p_2804,t3_1bitj0,t1_c971omg,t1_c978xo7,0.6443490566037737,0.6477699724517909,-0.003420915848017181
p_2805,t3_1bggat,t1_c96k0ap,t1_c96jw6l,0.6021985294117647,0.6010185185185186,0.0011800108932460418
p_2806,t3_1bce8x,t1_c95l5od,t1_c95l7sx,0.5726489361702126,0.5811000000000001,-0.008451063829787442
p_2807,t3_1bcaat,t1_c95jx1p,t1_c95k33e,0.6184333333333334,0.657698113207547,-0.03926477987421362
p_2808,t3_1bc8lk,t1_c95jtsa,t1_c95k5tq,0.556513432835821,0.5307624671916009,0.02575096564422008
p_2809,t3_1bc7uw,t1_c95jgdf,t1_c95jk08,0.4752142857142858,0.5866666666666666,-0.11145238095238075
p_2810,t3_1b757j,t1_c947mfz,t1_c947z02,0.5209324324324325,0.5577142857142858,-0.03678185328185335
p_2811,t3_1b5h4r,t1_c93tvyq,t1_c93sauz,0.618752767527675,0.6313762886597938,-0.012623521132118731
p_2812,t3_1b532g,t1_c93p2p5,t1_c93uzd4,0.6170480769230768,0.5855277777777778,0.03152029914529908
p_2813,t3_1b4ngo,t1_c93mgx3,t1_c93juyb,0.5296377551020408,0.5458676470588234,-0.016229891956782594
p_2815,t3_1ayifp,t1_c91z4wm,t1_c91y4yc,0.6295878220140518,0.6230323325635104,0.006555489450541407
p_2817,t3_1avuk1,t1_c919bkc,t1_c918ch7,0.5689402985074625,0.5654886363636364,0.003451662143826084
p_2818,t3_1aszfk,t1_c90i0vi,t1_c90i1xg,0.5710281690140846,0.5856479591836737,-0.014619790169589142
p_2819,t3_1assos,t1_c90fnc1,t1_c90rkrt,0.5051886792452832,0.5151814516129032,-0.009992772367619973
p_2820,t3_1assos,t1_c90ewks,t1_c90rkrt,0.5940043859649122,0.5151814516129032,0.07882293435200904
p_2822,t3_1are2i,t1_c902a8w,t1_c901w5o,0.5226330049261085,0.5627712765957444,-0.040138271669635905
p_2823,t3_1are2i,t1_c9063xi,t1_c901w5o,0.6204602272727268,0.5627712765957444,0.05768895067698232
p_2827,t3_1am01f,t1_c8yqvyz,t1_c90q7d9,0.6023680555555556,0.6079551282051282,-0.005587072649572589
p_2830,t3_1ajjfw,t1_c8y1lzd,t1_c8xzdi6,0.6347216981132076,0.6928611111111111,-0.058139412997903595
p_2831,t3_1ajjfw,t1_c8y2o8t,t1_c8y2jox,0.5817536231884058,0.6209651162790698,-0.03921149309066396
p_2832,t3_1ahaci,t1_c8xhcoi,t1_c8xhwel,0.4974722222222222,0.5367717391304349,-0.03929951690821265
p_2833,t3_1ahaci,t1_c8ycdr7,t1_c8y9ehd,0.5280631067961166,0.5295236686390532,-0.0014605618429366363
p_2834,t3_1adnuj,t1_c8wgwzb,t1_c8wgx6y,0.5983499999999998,0.5545892857142857,0.04376071428571415
p_2835,t3_1adnuj,t1_c8wkxho,t1_c8wgx6y,0.5635808823529407,0.5545892857142857,0.008991596638655008
p_2836,t3_1aah63,t1_c8vkumc,t1_c8w7eb9,0.5885459183673472,0.5111607142857143,0.07738520408163285
p_2837,t3_1a823k,t1_c8uxrzz,t1_c8uxj2q,0.5811041666666665,0.5874352331606216,-0.006331066493955095
p_2838,t3_1a74or,t1_c8yb8lh,t1_c8wi3uo,0.5991111111111111,0.5248859649122808,0.07422514619883036
p_2841,t3_1a1svv,t1_c8tcnlg,t1_c8tbh45,0.6664444444444445,0.5511617647058825,0.11528267973856199
p_2842,t3_19x40l,t1_c8s3ojs,t1_c8sam0l,0.5522924528301886,0.6066862745098038,-0.05439382167961526
p_2843,t3_19umvm,t1_c8ri6ek,t1_c8rgbi8,0.6162820512820513,0.5231607142857142,0.09312133699633707
p_2845,t3_19n9ak,t1_c8pkzma,t1_c8polhe,0.6199402985074624,0.6365810810810812,-0.016640782573618895
p_2846,t3_19huby,t1_c8ojliw,t1_c8oh7z7,0.6008978494623658,0.6185579710144928,-0.01766012155212704
p_2847,t3_19e3q6,t1_c8n7zld,t1_c8n6yn4,0.6529627450980392,0.6192628571428571,0.033699887955182084
p_2850,t3_19avin,t1_c8mdkft,t1_c8mqodh,0.6269285714285714,0.5588739837398377,0.06805458768873374
p_2851,t3_19aahz,t1_c8m9s7p,t1_c8m98ui,0.6206489361702129,0.6005263157894737,0.020122620380739198
p_2853,t3_1960jw,t1_c8te8em,t1_c8lq3vy,0.6179463276836155,0.6342413793103449,-0.016295051626729395
p_2854,t3_18nf32,t1_c8gjif8,t1_c8glzi2,0.626218309859155,0.6341891891891891,-0.007970879330034042
p_2855,t3_18n2uc,t1_c8g7yj9,t1_c8g7vdb,0.6183854166666666,0.5972631578947368,0.021122258771929747
p_2856,t3_18n2uc,t1_c8gjaly,t1_c8hjbxc,0.6305275229357796,0.6013939393939393,0.02913358354184037
p_2857,t3_18hfbb,t1_c8euhsu,t1_c8f4pon,0.6412826086956523,0.6207588235294118,0.020523785166240538
p_2858,t3_18fnmc,t1_c8ehi0y,t1_c8fbyk9,0.6383106060606059,0.6382038834951459,0.00010672256545996017
p_2859,t3_18fnmc,t1_c8eztwo,t1_c8efsxa,0.6503083333333333,0.6245261780104713,0.025782155322861988
p_2861,t3_18dj9h,t1_c8go2f3,t1_c8du0qd,0.5889285714285716,0.5648043478260869,0.024124223602484673
p_2862,t3_181jmd,t1_c8b2w35,t1_c8b80s2,0.5702329059829059,0.5072059999999998,0.06302690598290606
p_2864,t3_353z1x,t1_cr0txe5,t1_cr0sypq,0.5003863636363636,0.526925925925926,-0.026539562289562446
p_2865,t3_35007e,t1_cqzpsh4,t1_cr08now,0.5954681818181816,0.6068238095238097,-0.011355627705628035
p_2868,t3_34uoe6,t1_cqy8iqs,t1_cqydmf0,0.5802368421052632,0.6198166666666668,-0.03957982456140363
p_2869,t3_34uhcs,t1_cqy6f3z,t1_cqy5yg6,0.6206896551724138,0.6918833333333334,-0.0711936781609196
p_2871,t3_34r42c,t1_cqx9tcw,t1_cqxcheq,0.5694230769230768,0.5821999999999999,-0.01277692307692313
p_2872,t3_34r42c,t1_cqx9isf,t1_cqxhmy0,0.6042980769230769,0.6053679245283019,-0.001069847605224994
p_2873,t3_34qpil,t1_cqxbpip,t1_cqx6biz,0.6135380116959065,0.63876,-0.0252219883040935
p_2875,t3_34nm86,t1_cqwfwqa,t1_cqwdlqs,0.5208678160919539,0.5680549450549449,-0.04718712896299104
p_2876,t3_34mjz7,t1_cqw3q36,t1_cqw297k,0.5832374999999999,0.57532,0.0079174999999998
p_2877,t3_34mi2s,t1_cqw2pwr,t1_cqw1jmd,0.5848571428571429,0.5467321428571429,0.038124999999999964
p_2880,t3_34f19m,t1_cqumcdt,t1_cqu4xnk,0.5597500000000002,0.5769166666666664,-0.01716666666666622
p_2881,t3_34ew6y,t1_cqu16sw,t1_cqu66qp,0.5691296296296295,0.629439393939394,-0.060309764309764424
p_2883,t3_34dp1h,t1_cqtp0m2,t1_cqtpbha,0.5811486486486483,0.5979717741935485,-0.016823125544900175
p_2885,t3_3458ym,t1_cqrehbr,t1_cqrp6kw,0.6167702702702702,0.37176666666666675,0.24500360360360346
p_2886,t3_344wiz,t1_cqras5q,t1_cqre4xb,0.5877215909090908,0.5856145833333334,0.002107007575757436
p_2887,t3_344wiz,t1_cqrc214,t1_cqrdlm0,0.577372549019608,0.5405185185185184,0.036854030501089596
p_2889,t3_3421jf,t1_cqqjotj,t1_cqqk365,0.6210187500000001,0.5636142857142855,0.05740446428571455
p_2890,t3_341ysq,t1_cqqjryw,t1_cqqx1kp,0.5976328125000001,0.6648666666666667,-0.0672338541666666
p_2891,t3_341ysq,t1_cqqk0tn,t1_cqqijqw,0.5962711864406781,0.5874744897959183,0.008796696644759794
p_2892,t3_341rgm,t1_cqr37bi,t1_cqqnhph,0.6031593406593407,0.6378875,-0.034728159340659315
p_2893,t3_341qpv,t1_cqqkadf,t1_cqqj5q6,0.6898428571428572,0.5795000000000001,0.11034285714285708
p_2896,t3_340hb6,t1_cqq5pcx,t1_cqq45sd,0.5623936170212767,0.6064263157894737,-0.04403269876819704
p_2897,t3_33yolt,t1_cqq8ib0,t1_cqpnhfk,0.6609933333333331,0.6458908045977012,0.015102528735631893
p_2898,t3_33y71i,t1_cqpkqw3,t1_cqphhsd,0.6209610389610388,0.6789132231404953,-0.05795218417945647
p_2899,t3_33xvlb,t1_cqpizv2,t1_cqpe1w3,0.6232672413793102,0.64558984375,-0.022322602370689726
p_2900,t3_33x4zd,t1_cqq3w8x,t1_cqph109,0.5365226337448561,0.5252094594594593,0.011313174285396799
p_2901,t3_33vwxp,t1_cqp9clo,t1_cqp3iwt,0.566375,0.5587115384615384,0.007663461538461536
p_2902,t3_33vb7v,t1_cqop50f,t1_cqoq78g,0.5707703703703703,0.5494574468085106,0.021312923561859654
p_2903,t3_33vb7v,t1_cqoqk6x,t1_cqoq78g,0.5992222222222222,0.5494574468085106,0.049764775413711604
p_2906,t3_33t6ee,t1_cqo6dks,t1_cqocdox,0.5511285714285715,0.5838695652173912,-0.03274099378881967
p_2910,t3_33qkee,t1_cqnhkzy,t1_cqnfxbg,0.6301547619047618,0.6528548387096774,-0.022700076804915592
p_2911,t3_33odih,t1_cqmwrzp,t1_cqn43qi,0.5529690721649484,0.5460312499999999,0.006937822164948537
p_2912,t3_33odih,t1_cqmx2gy,t1_cqn43qi,0.631875,0.5460312499999999,0.08584375000000011
p_2914,t3_33m1d7,t1_cqmao20,t1_cqmqlk3,0.6392500000000001,0.5897500000000001,0.04949999999999999
p_2915,t3_33ltmy,t1_cqm3qgs,t1_cqm6tlv,0.6478764044943823,0.6263333333333333,0.021543071161049032
p_2916,t3_33ltmy,t1_cqm5fmo,t1_cqmj35v,0.6533333333333332,0.623646551724138,0.029686781609195245
p_2917,t3_33ltmy,t1_cqma7wu,t1_cqmj35v,0.6313272058823527,0.623646551724138,0.007680654158214728
p_2918,t3_33ltmy,t1_cqm52oz,t1_cqmjkd0,0.6254305555555555,0.6661229508196721,-0.04069239526411661
p_2919,t3_33ltmy,t1_cqmees1,t1_cqmlryg,0.6202874999999998,0.596098159509202,0.024189340490797795
p_2920,t3_33ltmy,t1_cqmhim7,t1_cqmlryg,0.6434892473118283,0.596098159509202,0.04739108780262635
p_2921,t3_33ltmy,t1_cqme4zj,t1_cqmjkd0,0.6647281553398057,0.6661229508196721,-0.0013947954798664286
p_2922,t3_33ltmy,t1_cqmf5u4,t1_cqm8bcb,0.5992905405405405,0.6674249999999999,-0.0681344594594594
p_2923,t3_33ltmy,t1_cqmaxor,t1_cqmj35v,0.6082128378378382,0.623646551724138,-0.015433713886299771
p_2925,t3_33ltmy,t1_cqmgnjb,t1_cqmjkd0,0.6057676056338026,0.6661229508196721,-0.06035534518586949
p_2927,t3_33ky08,t1_cqlv92o,t1_cqm0p5u,0.6239500000000001,0.6898666666666666,-0.06591666666666651
p_2928,t3_33jriw,t1_cqlmafs,t1_cqlrxku,0.7533999999999998,0.5565674603174601,0.19683253968253978
p_2929,t3_33jriw,t1_cqlrjh2,t1_cqlvlpo,0.5895394736842104,0.5349494949494947,0.054589978734715716
p_2930,t3_33gagt,t1_cqknwye,t1_cqkneou,0.6116083333333333,0.5732358490566037,0.03837248427672957
p_2935,t3_33fzqf,t1_cqkkas1,t1_cqkomla,0.5076939655172413,0.6205879396984924,-0.11289397418125102
p_2934,t3_33fzqf,t1_cqkyc6a,t1_cqkomla,0.5669540229885057,0.6205879396984924,-0.05363391670998663
p_2932,t3_33fzqf,t1_cqkmagz,t1_cql6a4m,0.5752777777777777,0.5943714285714284,-0.019093650793650774
p_2933,t3_33fzqf,t1_cqksog6,t1_cql5nf4,0.5659711538461538,0.5697291666666667,-0.0037580128205129126
p_2936,t3_33fvr1,t1_cql32pv,t1_cqkpqqx,0.5173672839506173,0.5138986486486486,0.0034686353019686145
p_2937,t3_33f4nn,t1_cqkapdq,t1_cqktzi5,0.5716160714285713,0.5274745762711864,0.04414149515738486
p_2938,t3_33d5wv,t1_cqjs9av,t1_cqjqmmc,0.5843870967741935,0.5628235294117647,0.021563567362428815
p_2939,t3_33c9pv,t1_cqjn7rh,t1_cqji5jr,0.5441181818181818,0.4958333333333334,0.04828484848484843
p_2940,t3_33b9np,t1_cqj96fh,t1_cqj9uef,0.5768656716417911,0.5995326086956522,-0.022666937053861025
p_2942,t3_337yvz,t1_cqift17,t1_cqigsgq,0.6282606837606836,0.5281571428571427,0.1001035409035409
p_2943,t3_337yvz,t1_cqigbq2,t1_cqigknb,0.5928313253012047,0.5610833333333334,0.03174799196787137
p_2947,t3_335312,t1_cqhqb8z,t1_cqhmvlk,0.602215460526316,0.6433810975609754,-0.041165637034659364
p_2948,t3_334q3e,t1_cqhpv4a,t1_cqhioox,0.5655655339805823,0.5435719424460431,0.02199359153453917
p_2949,t3_333cqy,t1_cqh6yao,t1_cqh6bst,0.6121065259117086,0.6476651785714286,-0.035558652659720025
p_2952,t3_330zv9,t1_cqgjrcd,t1_cqgm5ch,0.6215862068965518,0.6091063829787234,0.012479823917828314
p_2953,t3_32yo7o,t1_cqghj8r,t1_cqggpsa,0.6135357142857144,0.5793378378378378,0.03419787644787664
p_2955,t3_32x792,t1_cqfgbx0,t1_cqfhboc,0.587909836065574,0.559779069767442,0.02813076629813205
p_2957,t3_32x5bg,t1_cqffwwh,t1_cqfjbx4,0.6173506493506493,0.7227916666666666,-0.1054410173160173
p_2959,t3_32w62j,t1_cqf8h6r,t1_cqf8ttp,0.6299893617021277,0.6630444444444445,-0.03305508274231683
p_2960,t3_32tuwr,t1_cqekvu6,t1_cqev05z,0.5771652542372879,0.6152447916666667,-0.03807953742937875
p_2961,t3_32rqew,t1_cqe1or9,t1_cqedg0y,0.6422745098039214,0.637798245614035,0.0044762641898864475
p_2962,t3_32qem9,t1_cqdngsq,t1_cqdmrey,0.5788125000000002,0.6242857142857143,-0.04547321428571416
p_2963,t3_32nvz9,t1_cqd3dgw,t1_cqdlwp9,0.5814611650485435,0.5965360824742267,-0.015074917425683232
p_2964,t3_32mxxb,t1_cqcq0fj,t1_cqcpdn2,0.6000512820512822,0.6685746268656714,-0.06852334481438915
p_2966,t3_32ml8o,t1_cqcp8hx,t1_cqcmdxj,0.54793893129771,0.5523642857142859,-0.004425354416575877
p_2967,t3_32ml8o,t1_cqcmvme,t1_cqcmdxj,0.5801704545454544,0.5523642857142859,0.027806168831168487
p_2969,t3_32kaxa,t1_cqc1ps3,t1_cqbztib,0.5315792682926829,0.5425681818181818,-0.010988913525498911
p_2970,t3_32jy1s,t1_cqc7xo9,t1_cqc76t8,0.6331744505494507,0.5886249999999998,0.04454945054945081
p_2972,t3_32jy1s,t1_cqc312r,t1_cqc2knn,0.6670729166666663,0.638159090909091,0.028913825757575395
p_2973,t3_32hrcu,t1_cqbf680,t1_cqc157c,0.627761904761905,0.5657289156626506,0.062032989099254365
p_2974,t3_32hrcu,t1_cqbuas1,t1_cqberet,0.5995131578947367,0.6247346938775511,-0.025221535982814403
p_2975,t3_32hhvc,t1_cqb981l,t1_cqb97nw,0.6951666666666667,0.5909285714285712,0.10423809523809546
p_2977,t3_32heuy,t1_cqbcbkl,t1_cqb8b3a,0.5638333333333332,0.5288135593220339,0.0350197740112993
p_2978,t3_32e9dz,t1_cqag1ei,t1_cqaeq9p,0.6701395348837209,0.621790322580645,0.04834921230307587
p_2979,t3_32dzr6,t1_cqabzcm,t1_cqavot8,0.6188623188405797,0.572575,0.046287318840579794
p_2980,t3_32dzr6,t1_cqabzdy,t1_cqavot8,0.5950390625,0.572575,0.022464062500000104
p_2981,t3_32cuug,t1_cqa2kcg,t1_cqamp4r,0.5636474654377881,0.5978333333333333,-0.03418586789554523
p_2985,t3_32br6b,t1_cq9r1xc,t1_cq9xojx,0.5446657142857143,0.5016994047619049,0.04296630952380942
p_2987,t3_3295fa,t1_cq95v66,t1_cq97eov,0.5643046709129513,0.5278827160493826,0.036421954863568695
p_2989,t3_328mdv,t1_cq8wilr,t1_cq8wllc,0.6115819672131148,0.5460625000000001,0.06551946721311463
p_2990,t3_328mdv,t1_cq90btb,t1_cq8xsei,0.5295486111111113,0.6323350515463918,-0.10278644043528051
p_2991,t3_328mdv,t1_cq924w9,t1_cq8wmf8,0.6032872340425531,0.5295555555555556,0.07373167848699758
p_2992,t3_328mdv,t1_cq962cf,t1_cq909zj,0.5019791666666665,0.6319590163934425,-0.129979849726776
p_2993,t3_328cqj,t1_cq8twul,t1_cq8u7k8,0.596218181818182,0.5720611111111111,0.02415707070707085
p_2994,t3_328cqj,t1_cq8u123,t1_cq8vtom,0.578407142857143,0.6296666666666666,-0.05125952380952359
p_2995,t3_328cqj,t1_cq8urjg,t1_cq8uwgb,0.5932640845070424,0.6119285714285714,-0.018664486921529
p_2996,t3_325owi,t1_cq85rgn,t1_cq85o61,0.6079673913043478,0.605778846153846,0.0021885451505018194
p_2997,t3_324yj6,t1_cq7zfq6,t1_cq8dhwu,0.5478952380952379,0.5366973684210524,0.011197869674185457
p_2998,t3_3247v7,t1_cq81v9f,t1_cq7q1h2,0.5494453125000002,0.5686611111111112,-0.019215798611111
p_2999,t3_3247v7,t1_cq7rkyr,t1_cq7q1h2,0.5694391891891893,0.5686611111111112,0.0007780780780781704
p_3001,t3_321v5o,t1_cq7b3vb,t1_cq75mj1,0.5888464052287583,0.6167307692307691,-0.027884364002010775
p_3004,t3_320ncw,t1_cq6vyp0,t1_cq6qa48,0.5839893617021279,0.6355156250000001,-0.05152626329787224
p_3005,t3_320ncw,t1_cq6qbjc,t1_cq7attb,0.6151484375000001,0.6055416666666668,0.009606770833333389
p_3006,t3_320cdd,t1_cq6n5nk,t1_cq6tjhk,0.47270833333333334,0.546092417061611,-0.0733840837282777
p_3007,t3_320ag4,t1_cq6qvbi,t1_cq73ikh,0.6236242603550296,0.6059944444444443,0.017629815910585322
p_3008,t3_31z0jc,t1_cq6cink,t1_cq6dcu3,0.6291805555555555,0.589076923076923,0.04010363247863247
p_3009,t3_31z0jc,t1_cq6elfk,t1_cq6fijn,0.5262586206896551,0.5491736111111112,-0.02291499042145606
p_3010,t3_31y24o,t1_cq6353c,t1_cq69x2n,0.6197777777777775,0.6146698113207547,0.005107966457022828
p_3013,t3_31tru7,t1_cq4z6e3,t1_cq4ypy8,0.6028846153846155,0.6152272727272728,-0.012342657342657382
p_3015,t3_31pc9q,t1_cq3qpv3,t1_cq3pcmq,0.6219310344827585,0.6486388888888889,-0.026707854406130327
p_3016,t3_31p2g2,t1_cq3sydv,t1_cq3oxs7,0.5746030805687203,0.5325675675675675,0.042035513001152824
p_3017,t3_31p0pl,t1_cq3n1ay,t1_cq3nys0,0.6090579710144929,0.5938583333333333,0.015199637681159617
p_3020,t3_31oejp,t1_cq3gtyk,t1_cq3t550,0.6638131868131869,0.6599318181818181,0.0038813686313687867
p_3021,t3_31oejp,t1_cq462r7,t1_cq3zns0,0.588,0.6434814814814815,-0.055481481481481576
p_3022,t3_31ocvw,t1_cq3fcas,t1_cq3hias,0.5304285714285714,0.50515,0.025278571428571373
p_3024,t3_31n763,t1_cq339uk,t1_cq33n1j,0.5889761904761903,0.4885984848484849,0.10037770562770543
p_3026,t3_31m7ag,t1_cq2w03g,t1_cq2v22k,0.6223083333333334,0.5629516129032259,0.059356720430107424
p_3027,t3_31kfkt,t1_cq2ethi,t1_cq38ca1,0.5129625,0.6002314814814814,-0.08726898148148143
p_3028,t3_31kfkt,t1_cq2m1cu,t1_cq2q8ub,0.5813453038674031,0.5893323863636364,-0.007987082496233255
p_3029,t3_31kfkt,t1_cq2iwml,t1_cq2xd07,0.6011866666666666,0.4903846153846153,0.11080205128205134
p_3031,t3_31j4y8,t1_cq2dy2t,t1_cq2seqm,0.5850229357798162,0.5911521739130434,-0.006129238133227188
p_3032,t3_31iyzr,t1_cq20phi,t1_cq241hx,0.6200256410256413,,
p_3033,t3_31iyzr,t1_cq2hqkc,t1_cq2ggm1,0.6126774891774892,0.5922685185185186,0.020408970658970627
p_3034,t3_31extq,t1_cq0xwpm,t1_cq0zj18,0.6119910714285715,0.6022299999999999,0.009761071428571522
p_3036,t3_319lcf,t1_cpzoe1h,t1_cpzou3x,0.6535089285714287,0.6249855072463766,0.028523421325052145
p_3038,t3_317c4q,t1_cpz4dkk,t1_cq08xc2,0.6136056338028171,0.514438202247191,0.09916743155562613
p_3039,t3_316t8m,t1_cpz81dp,t1_cpz1tm8,0.5608333333333333,0.66443,-0.10359666666666667
p_3043,t3_30zgez,t1_cpx91x7,t1_cpx8d30,0.5780131578947368,0.6108474576271187,-0.03283429973238183
p_3046,t3_30uf3s,t1_cpvyas0,t1_cpvxc6j,0.6167090909090911,0.5993103448275862,0.017398746081504934
p_3047,t3_30rmk0,t1_cpv7mht,t1_cpv6fnx,0.5814090909090909,0.6823599999999999,-0.10095090909090898
p_3048,t3_30rk8b,t1_cpv5sfc,t1_cpvae5t,0.5033984375,0.5931562500000002,-0.08975781250000014
p_3051,t3_30plxu,t1_cpumi9h,t1_cpv3rnn,0.58046835443038,0.600274193548387,-0.01980583911800693
p_3052,t3_30plxu,t1_cpusr84,t1_cpvc5cu,0.6623125,0.5636521739130436,0.0986603260869564
p_3053,t3_30piom,t1_cpuvrbx,t1_cpuk6e9,0.5723616071428573,0.5377017543859649,0.03465985275689243
p_3054,t3_30piom,t1_cpukcf7,t1_cpuk6e9,0.5621212121212121,0.5377017543859649,0.02441945773524723
p_3055,t3_30oi71,t1_cpudcxf,t1_cpuhqza,0.6773965517241379,0.6325208333333332,0.04487571839080473
p_3056,t3_30oi71,t1_cpudthh,t1_cpuin82,0.5773678977272728,0.5958273809523809,-0.018459483225108042
p_3057,t3_30oi71,t1_cpufpbf,t1_cpuh9jr,0.5683401360544218,0.5918284313725489,-0.023488295318127128
p_3058,t3_30oi71,t1_cpumucv,t1_cpubj6z,0.5623478260869564,0.55928,0.0030678260869564378
p_3059,t3_30nwta,t1_cpu5jus,t1_cpufh76,0.5235333333333333,0.5892926829268293,-0.06575934959349605
p_3060,t3_30lwfn,t1_cptlz3s,t1_cpu097g,0.5685476190476191,0.5435400000000001,0.025007619047618945
p_3061,t3_30kxn3,t1_cptgjwa,t1_cptkn0r,0.5715166666666666,0.5985897435897436,-0.027073076923077033
p_3062,t3_30kxn3,t1_cpud2ds,t1_cpuj9yz,0.6386165644171781,0.6242096774193548,0.01440688699782322
p_3064,t3_30ikr2,t1_cpssgy6,t1_cpstqu7,0.616553846153846,0.5846811023622047,0.03187274379164129
p_3066,t3_30ijtn,t1_cpsuz6r,t1_cptjxj0,0.5862472527472526,0.6603644067796609,-0.07411715403240826
p_3067,t3_30ijtn,t1_cpsvg1e,t1_cpt2lkh,0.6266483516483518,0.6017990654205607,0.024849286227791034
p_3069,t3_30ieon,t1_cpspikm,t1_cpspmsa,0.5607222222222223,0.7056551724137932,-0.14493295019157082
p_3070,t3_30ieon,t1_cpsqhcv,t1_cpsr9x0,0.6411166666666666,0.5145384615384615,0.12657820512820506
p_3071,t3_30ieon,t1_cpsq3bq,t1_cpsptk3,0.5964642857142853,0.6376935483870969,-0.04122926267281157
p_3072,t3_30ieon,t1_cpssq8c,t1_cpsr9x0,0.5960344827586207,0.5145384615384615,0.0814960212201592
p_3073,t3_30ieh0,t1_cpss8ht,t1_cpsq8hn,0.51675,0.5826333333333333,-0.0658833333333333
p_3074,t3_30dwuy,t1_cprwysn,t1_cprwrn8,0.5606353790613721,0.6056601941747574,-0.0450248151133853
p_3075,t3_30dwuy,t1_cprim4b,t1_cpris3v,0.6085735294117647,0.5999629629629629,0.00861056644880176
p_3076,t3_30dwuy,t1_cps4x4a,t1_cprittq,0.6295487804878048,0.5673513513513513,0.06219742913645354
p_3077,t3_30dn4s,t1_cpri1a1,t1_cprghef,0.6028636363636364,0.6509513888888887,-0.048087752525252325
p_3078,t3_30dc3y,t1_cpreini,t1_cprdlqm,0.6203297872340423,0.6124210526315789,0.00790873460246344
p_3079,t3_30dc3y,t1_cprho0c,t1_cprczq0,0.6014436619718309,0.6698985507246378,-0.06845488875280692
p_3080,t3_30bmbr,t1_cpqwrqy,t1_cpqwt64,0.6196071428571428,0.6172000000000001,0.002407142857142719
p_3081,t3_30bmbr,t1_cpqx53s,t1_cpsdnqv,0.632394230769231,0.6633928571428571,-0.03099862637362616
p_3082,t3_30bmbr,t1_cpr9rhs,t1_cpr0he2,0.6048421052631581,0.6559397590361447,-0.051097653772986584
p_3083,t3_30bmbr,t1_cprfcjr,t1_cpr0he2,0.6449193548387098,0.6559397590361447,-0.011020404197434885
p_3084,t3_30bmbr,t1_cpqx6q7,t1_cpr0he2,0.6238253968253967,0.6559397590361447,-0.032114362210747927
p_3085,t3_30bmbr,t1_cpqxz84,t1_cpr0he2,0.6931509433962263,0.6559397590361447,0.03721118436008164
p_3086,t3_30bmbr,t1_cpqwxxi,t1_cpr0he2,0.5947280701754389,0.6559397590361447,-0.061211688860705715
p_3087,t3_30addl,t1_cpqlm0n,t1_cpqmxt8,0.6232818181818183,0.6055609756097562,0.01772084257206208
p_3088,t3_30abxj,t1_cpql1jr,t1_cpqkw2q,0.6018257575757576,0.6553378378378378,-0.05351208026208021
p_3089,t3_30a5zk,t1_cpqjney,t1_cpqkg7f,0.6180672514619884,0.550862068965517,0.06720518249647134
p_3090,t3_309gc1,t1_cpr1ni1,t1_cpqcrp3,0.6027536945812806,0.5837460937500002,0.01900760083128039
p_3091,t3_309bvo,t1_cpqqtlm,t1_cpqbaln,0.6504218749999999,0.5980572289156624,0.05236464608433755
p_3093,t3_306owt,t1_cppof4n,t1_cpq6ae3,0.6713115942028985,0.6556562499999998,0.015655344202898713
p_3094,t3_306o9o,t1_cpq1gb9,t1_cpqt20q,0.6141909090909091,0.5996333333333334,0.01455757575757577
p_3095,t3_306jm9,t1_cppkm2t,t1_cppkw7s,0.6851545454545453,0.5540361445783133,0.13111840087623206
p_3096,t3_306b19,t1_cppjkxe,t1_cppv03t,0.5785946969696969,0.5915063025210082,-0.012911605551311323
p_3097,t3_306b19,t1_cppt43v,t1_cppiyoy,0.5535,0.6103461538461538,-0.05684615384615377
p_3098,t3_305ejo,t1_cppptb8,t1_cppbmsd,0.6528424657534247,0.5495818181818183,0.10326064757160647
p_3099,t3_304vk8,t1_cpp4467,t1_cpp4mqn,0.6382499999999999,0.5993758389261745,0.03887416107382535
p_3100,t3_304vk8,t1_cpp57rx,t1_cpp6nth,0.5911441441441442,0.5969155844155843,-0.005771440271440165
p_3102,t3_304vk8,t1_cpp5fv2,t1_cppe5uc,0.6208249999999998,0.5098111111111112,0.11101388888888863
p_3104,t3_304nx9,t1_cpp3be4,t1_cppcie7,0.6723333333333333,0.6845833333333333,-0.012249999999999983
p_3105,t3_302atl,t1_cponldu,t1_cpogvf1,0.5155605263157893,0.5583050847457627,-0.04274455842997338
p_3106,t3_302atl,t1_cpom4hm,t1_cpoj5rs,0.6022638888888889,0.6210757575757577,-0.018811868686868793
p_3107,t3_301n6h,t1_cpolqex,t1_cpoikva,0.6016157760814251,0.583343949044586,0.01827182703683916
p_3108,t3_301aim,t1_cpo9ccq,t1_cpoaljq,0.6072627118644066,0.6218653846153845,-0.01460267275097793
p_3109,t3_300pmw,t1_cpo5gbr,t1_cpo0aso,0.5481249999999999,0.5686724137931036,-0.020547413793103764
p_3110,t3_30059g,t1_cpo18q6,t1_cpo1wjy,0.6190212765957446,0.6653163265306125,-0.04629504993486788
p_3111,t3_30059g,t1_cpo9jne,t1_cppa1ar,0.5702338709677414,0.5781357142857144,-0.007901843317973056
p_3113,t3_3002wd,t1_cpnx795,t1_cpo9jc4,0.6008571428571429,0.5822604166666666,0.018596726190476254
p_3115,t3_2zxa1c,t1_cpn5f5x,t1_cpn5ksl,0.6244056603773585,0.6088966942148757,0.015508966162482762
p_3117,t3_2zwjql,t1_cpmyqyw,t1_cpmyrsa,0.5566565656565655,0.49814062499999984,0.05851594065656568
p_3118,t3_2zpo9g,t1_cpl6qj2,t1_cplbwrd,0.6103678160919539,0.65335,-0.04298218390804609
p_3122,t3_2zpo9g,t1_cpl8ybn,t1_cpl4rwr,0.5646,0.5567051282051281,0.007894871794871916
p_3123,t3_2zpo9g,t1_cplrjw9,t1_cpl4rwr,0.5801626016260165,0.5567051282051281,0.02345747342088844
p_3119,t3_2zpo9g,t1_cpl854i,t1_cpl7tlw,0.6011263157894736,0.5747410714285713,0.026385244360902282
p_3121,t3_2zpo9g,t1_cpl8iis,t1_cplq1xf,0.5500059523809523,0.5655303030303029,-0.015524350649350649
p_3124,t3_2zp1g2,t1_cpkyv4o,t1_cpl0p62,0.600554054054054,0.6260135135135133,-0.025459459459459266
p_3125,t3_2zow2m,t1_cpl22pp,t1_cpkxsis,0.5880507518796995,0.6042900355871886,-0.01623928370748917
p_3126,t3_2znn1r,t1_cpkp3j2,t1_cpkoqed,0.6202704326923076,0.6086171428571426,0.011653289835165004
p_3127,t3_2zlzlv,t1_cpk8hwi,t1_cpk6a3p,0.5900670731707317,0.6225454545454544,-0.0324783813747227
p_3128,t3_2zlzlv,t1_cpk93ep,t1_cpk6a3p,0.5730470588235297,0.6225454545454544,-0.049498395721924715
p_3129,t3_2zkscb,t1_cpjt71i,t1_cpjth0r,0.6542857142857142,0.5917763157894737,0.0625093984962406
p_3130,t3_2zke3b,t1_cpjq913,t1_cpktfa4,0.46896000000000015,0.5024242424242423,-0.033464242424242174
p_3131,t3_2zj7ra,t1_cpjeo7s,t1_cpjezx4,0.6487925531914893,0.6684945054945055,-0.01970195230301619
p_3132,t3_2zivuy,t1_cpjd5bs,t1_cpjkvlu,0.5889215686274509,0.6444701492537314,-0.05554858062628043
p_3135,t3_2ziiud,t1_cpjgxr8,t1_cpjahut,0.5525122950819673,0.611578947368421,-0.05906665228645369
p_3138,t3_2zi3o2,t1_cpj9uww,t1_cpj94l8,0.6054031830238727,0.6560999999999998,-0.050696816976127046
p_3139,t3_2zhhcc,t1_cpixs4l,t1_cpiyfa2,0.58683908045977,0.5373555555555556,0.04948352490421437
p_3141,t3_2zhhcc,t1_cpj0ejq,t1_cpiyco1,0.658771604938272,0.5576011904761906,0.10117041446208141
p_3140,t3_2zhhcc,t1_cpizz9m,t1_cpiyxlc,0.5981594202898554,0.5179,0.08025942028985533
p_3143,t3_2zhaim,t1_cpix9ia,t1_cpivskg,0.5164428571428573,0.5789307692307692,-0.062487912087911934
p_3144,t3_2zgvgy,t1_cpissdd,t1_cpirsph,0.511,0.5455833333333333,-0.0345833333333333
p_3145,t3_2zgowg,t1_cpiuav4,t1_cpiq1oq,0.6750546874999998,0.6308484848484849,0.04420620265151487
p_3146,t3_2zgndx,t1_cpiqn17,t1_cpj5r70,0.6268424657534245,0.6074615384615387,0.019380927291885786
p_3149,t3_2zgan1,t1_cpiqsg0,t1_cpimxfr,0.5452282608695653,0.5511206896551725,-0.00589242878560714
p_3150,t3_2zflih,t1_cpih4fg,t1_cpih5fr,0.6055569620253166,0.61184,-0.006283037974683436
p_3152,t3_2zejsa,t1_cpi6gay,t1_cpi6o6i,0.5540185185185185,0.5838358208955224,-0.029817302377003974
p_3154,t3_2zdsjs,t1_cpidnuu,t1_cphz7yi,0.5544926470588236,0.6046944444444446,-0.05020179738562103
p_3155,t3_2zdsjs,t1_cpiftnl,t1_cpi0g46,0.5833041958041957,0.6027634730538921,-0.019459277249696427
p_3156,t3_2zdhff,t1_cphy235,t1_cphw99k,0.5962171052631579,0.588796875,0.0074202302631578565
p_3158,t3_2zaqct,t1_cph7lsp,t1_cph6x3y,0.6102897727272726,0.5618490566037737,0.04844071612349887
p_3160,t3_2z2msj,t1_cpfd4uy,t1_cpf7g2a,0.5845663265306121,0.6244450980392153,-0.039878771508603195
p_3161,t3_2z2e9y,t1_cpf2whk,t1_cpf8cro,0.5949886363636363,0.5641170212765957,0.030871615087040616
p_3162,t3_2z1yoq,t1_cpezn48,t1_cpezlhg,0.5584876847290642,0.587967441860465,-0.02947975713140083
p_3163,t3_2z1yoq,t1_cpf0qg3,t1_cpezlhg,0.6019601769911506,0.587967441860465,0.013992735130685552
p_3164,t3_2z0k1s,t1_cpeslkw,t1_cpeslxz,0.5629062499999999,0.4965357142857143,0.06637053571428564
p_3167,t3_2ywkr1,t1_cpdxs52,t1_cpdmm80,0.625229452054795,0.5229838709677419,0.10224558108705306
p_3168,t3_2ytkfu,t1_cpcu8rh,t1_cpd1eku,0.6043999999999998,0.5260000000000001,0.07839999999999969
p_3169,t3_2ytkfu,t1_cpctmwq,t1_cpcxopb,0.5918064516129032,0.614595588235294,-0.022789136622390793
p_3170,t3_2yszp3,t1_cpcsn2z,t1_cpcuf7e,0.5924883720930232,0.5612026143790849,0.03128575771393827
p_3171,t3_2yrv0y,t1_cpcgnrg,t1_cpced64,0.5492568181818185,0.5984413265306123,-0.04918450834879384
p_3172,t3_2yrv0y,t1_cpcjpjf,t1_cpced64,0.5838106796116506,0.5984413265306123,-0.014630646918961765
p_3174,t3_2yrv0y,t1_cpclzng,t1_cpced64,0.6090949367088606,0.5984413265306123,0.010653610178248285
p_3173,t3_2yrv0y,t1_cpcjvrd,t1_cpcgmdh,0.49767788461538476,0.4964615384615384,0.0012163461538463594
p_3175,t3_2yrog1,t1_cpcgl5a,t1_cpch611,0.5641500000000002,0.5398793103448276,0.02427068965517254
p_3177,t3_2yrgi3,t1_cpcaxrs,t1_cpcbda3,0.620144230769231,0.6088815028901736,0.011262727879057355
p_3178,t3_2yp08w,t1_cpblyoq,t1_cpbm3vx,0.6573103448275861,0.5611388888888889,0.09617145593869725
p_3179,t3_2yowak,t1_cpbktny,t1_cpbk5kw,0.5216818181818182,0.6003823529411765,-0.07870053475935823
p_3181,t3_2yo9nm,t1_cpbgpkf,t1_cpbjpt4,0.5426457142857142,0.5780116822429909,-0.035365967957276756
p_3182,t3_2yo9k1,t1_cpbhs8l,t1_cpberxa,0.6126274509803922,0.6374444444444444,-0.024816993464052195
p_3184,t3_2ymgjr,t1_cpax7jo,t1_cpax3xp,0.5940779220779221,0.5903947368421053,0.0036831852358167882
p_3186,t3_2ylpc2,t1_cparq20,t1_cpbnfyg,0.6058835616438354,0.5443923076923076,0.06149125395152777
p_3187,t3_2ylpc2,t1_cpb3atq,t1_cpb6ctl,0.6629419642857143,0.599144628099173,0.06379733618654126
p_3188,t3_2ylpc2,t1_cpbibr5,t1_cpas8xx,0.5931041666666668,0.6444134615384616,-0.05130929487179481
p_3190,t3_2yjfmh,t1_cpa36dq,t1_cpa3an8,0.5140842696629215,0.5667631578947369,-0.052678888231815324
p_3191,t3_2yiq39,t1_cpa9xce,t1_cpa631o,0.5778287671232878,0.5943189655172414,-0.016490198393953603
p_3192,t3_2yf7qq,t1_cp99lvc,t1_cp93f2r,0.6185318181818185,0.6280833333333332,-0.009551515151514756
p_3193,t3_2yd5o8,t1_cp8vpwz,t1_cp958ck,0.5912494117647059,0.6346428571428571,-0.04339344537815115
p_3195,t3_2ybbix,t1_cp82nwy,t1_cp82f52,0.5927258064516131,0.6070000000000001,-0.014274193548386993
p_3197,t3_2y7emy,t1_cp7dtp8,t1_cp6zfsl,0.640216049382716,0.6108469387755101,0.029369110607205928
p_3198,t3_2y3ey0,t1_cp602x0,t1_cp5xnrf,0.5497068965517241,0.5566875000000001,-0.0069806034482760015
p_3200,t3_2y2x3h,t1_cp7ahf4,t1_cp5u0ky,0.617208860759494,0.5911739130434783,0.026034947716015666
p_3202,t3_2y1qef,t1_cp5gz36,t1_cp5f7p9,0.5495704225352112,0.56759243697479,-0.01802201443957885
p_3203,t3_2y1qef,t1_cp5grqp,t1_cp5h19u,0.5780986842105262,0.6099236111111113,-0.03182492690058503
p_3206,t3_2xucsd,t1_cp3kg1w,t1_cp40o0d,0.5457160493827159,0.6183775510204083,-0.07266150163769236
p_3209,t3_2xrgw2,t1_cp37nug,t1_cp2vkvv,0.659135135135135,0.6884166666666668,-0.02928153153153179
p_3210,t3_2xrgw2,t1_cp37f33,t1_cp2xn1u,0.672470833333333,0.6055037593984963,0.0669670739348367
p_3213,t3_2xmiyf,t1_cp1j8w5,t1_cp1iumq,0.5304772727272726,0.5917738095238094,-0.061296536796536794
p_3214,t3_2xmiyf,t1_cp1jnin,t1_cp1g0ku,0.42794871794871797,0.5544057971014493,-0.12645707915273136
p_3215,t3_2xlisq,t1_cp1abkg,t1_cp1754z,0.5088620689655172,0.6062051282051282,-0.09734305923961095
p_3216,t3_2xl4rw,t1_cp15lwr,t1_cp11sf7,0.5243670886075951,0.5684636363636364,-0.04409654775604133
p_3218,t3_2xi4wd,t1_cp0ef5z,t1_cp0slmn,0.626024193548387,0.67484,-0.048815806451612986
p_3219,t3_2xi4wd,t1_cp0fl3c,t1_cp0bc52,0.6509303797468355,0.6001666666666666,0.050763713080168915
p_3220,t3_2xi4wd,t1_cp0t5wj,t1_cp0kyaf,0.6291704545454545,0.659323076923077,-0.030152622377622507
p_3222,t3_2xhx6v,t1_cp0bt5j,t1_cp08ljs,0.5442916666666667,0.5459875000000001,-0.0016958333333333409
p_3224,t3_2xdq2l,t1_coz8sbl,t1_coz76r3,0.5727413793103444,0.5285087719298246,0.04423260738051982
p_3230,t3_2x8z4g,t1_coxy4hg,t1_coxyxff,0.5514375,0.5688952380952379,-0.017457738095237874
p_3231,t3_2x8z4g,t1_coy04h5,t1_coy2j1k,0.5649807692307692,0.5712641509433966,-0.006283381712627323
p_3232,t3_2x8d5x,t1_coxvk7s,t1_coxt9pp,0.5799620253164556,0.6204,-0.040437974683544375
p_3233,t3_2x854p,t1_coxwtm2,t1_coy1knj,0.6225391849529777,0.5867127659574467,0.03582641899553096
p_3234,t3_2x854p,t1_coxtndh,t1_coy1knj,0.5879275862068966,0.5867127659574467,0.001214820249449855
p_3235,t3_2x5tun,t1_coxelmy,t1_coxhqfc,0.5421470588235294,0.5125294117647057,0.02961764705882375
p_3241,t3_2x3mqe,t1_cown511,t1_cox3bqe,0.681930327868852,0.710234375,-0.02830404713114798
p_3244,t3_2wzag2,t1_covh1ws,t1_covh7lg,0.6676964285714286,0.6737741935483869,-0.006077764976958222
p_3245,t3_2wwm6s,t1_cousnad,t1_couzrzu,0.5153821138211383,0.591076612903226,-0.0756944990820877
p_3246,t3_2wwm6s,t1_cov25ri,t1_couwhek,0.5778511904761905,0.5559933333333333,0.02185785714285715
p_3247,t3_2wwm6s,t1_covr47l,t1_covi6v6,0.6375726817042606,0.5915331632653064,0.04603951843895426
p_3248,t3_2ww2gf,t1_coumecu,t1_coupssh,0.6066369863013698,0.6097879746835446,-0.0031509883821748685
p_3249,t3_2ww2gf,t1_coumzr3,t1_coun5bz,0.6401484375000001,0.605,0.035148437500000074
p_3250,t3_2ww2gf,t1_coupfz0,t1_counjd7,0.6061739130434783,0.6143199999999999,-0.008146086956521525
p_3252,t3_2wtckq,t1_cotyhdv,t1_cotxl7k,0.5973611111111111,0.5892734375,0.008087673611111068
p_3253,t3_2wtckq,t1_coty9wt,t1_cotxl7k,0.5543770491803278,0.5892734375,-0.034896388319672234
p_3251,t3_2wtckq,t1_coty7wj,t1_cotxl7k,0.4737,0.5892734375,-0.11557343750000004
p_3256,t3_2wspy2,t1_cots6nh,t1_cotul63,0.6069219858156026,0.6818488372093022,-0.07492685139369959
p_3257,t3_2wspy2,t1_cotrm84,t1_cou6ocd,0.5961285714285713,0.5521764705882353,0.04395210084033607
p_3258,t3_2wspy2,t1_cotslxs,t1_cotul63,0.5735476190476188,0.6818488372093022,-0.10830121816168348
p_3259,t3_2wspy2,t1_cou8if8,t1_cottxbc,0.6281582278481013,0.5461896551724138,0.08196857267568747
p_3262,t3_2wl741,t1_cos0ngi,t1_corvz2b,0.517081081081081,0.45170967741935486,0.06537140366172611
p_3263,t3_2wj2qe,t1_corgf7j,t1_corcu44,0.6074762711864407,0.6309402985074626,-0.02346402732102193
p_3265,t3_2wgq7w,t1_coqolb4,t1_coqta6c,0.5543137931034485,0.6052403314917125,-0.050926538388264
p_3266,t3_2wfe25,t1_coqawpy,t1_coqc7s9,0.558197247706422,0.5315487804878047,0.026648467218617244
p_3267,t3_2wf11t,t1_coq7vrq,t1_coq82am,0.5762647058823529,0.5780232558139535,-0.0017585499316006281
p_3268,t3_2wf11t,t1_corlylz,t1_coq82am,0.6323818181818182,0.5780232558139535,0.05435856236786463
p_3270,t3_2wcx6l,t1_copog5z,t1_copo9fg,0.5636999999999999,0.6669999999999998,-0.10329999999999995
p_3271,t3_2wcx6l,t1_copowc4,t1_copoa4v,0.6264389312977102,0.6206411764705883,0.00579775482712197
p_3272,t3_2wcx6l,t1_copq0ro,t1_copo9fg,0.6462784090909092,0.6669999999999998,-0.020721590909090648
p_3273,t3_2wc5yt,t1_copid03,t1_copia1s,0.566306818181818,0.5716435643564356,-0.005336746174617546
p_3274,t3_2wb845,t1_copm7s7,t1_copoz9h,0.6431081081081081,0.6649754098360654,-0.021867301727957256
p_3275,t3_2w73vi,t1_coo9czm,t1_coo5eto,0.5665737704918035,0.5698529411764706,-0.0032791706846670987
p_3276,t3_2w5ycw,t1_conwntb,t1_coo1wjv,0.6547478260869565,0.6055303030303032,0.04921752305665328
p_3279,t3_2w51ti,t1_conqpc0,t1_conu1n5,0.6078678571428572,0.5708555555555558,0.0370123015873014
p_3282,t3_2w4u2j,t1_conpvd6,t1_coo2owl,0.5480568181818182,0.5376744186046511,0.010382399577167023
p_3283,t3_2w4etw,t1_conlvbr,t1_conk598,0.6029013157894735,0.6164479166666668,-0.013546600877193282
p_3284,t3_2w4e2u,t1_conpgz6,t1_conybza,0.5863655063291142,0.5372954545454546,0.04907005178365964
p_3285,t3_2w0xan,t1_comot8c,t1_comm43e,0.5240555555555555,0.5521388888888888,-0.02808333333333335
p_3287,t3_2vzx7m,t1_comdev9,t1_comd7eb,0.5889617834394906,0.5864199999999999,0.0025417834394906302
p_3288,t3_2vxtol,t1_colviyq,t1_com0vy0,0.5830042372881357,0.5778371212121213,0.005167116076014389
p_3289,t3_2vxd18,t1_com8usv,t1_colq917,0.6138793103448272,0.6096590909090911,0.004220219435736139
p_3290,t3_2vxd18,t1_colwsdb,t1_colrkuv,0.6683789473684207,0.6641730769230769,0.004205870445343818
p_3291,t3_2vwn9m,t1_colkgfu,t1_coljf0b,0.5921463414634146,0.6259252873563217,-0.033778945892907086
p_3295,t3_2vtswv,t1_cokxnxq,t1_cokvvwj,0.5938333333333333,0.6400000000000001,-0.0461666666666668
p_3299,t3_2vnyz6,t1_cojodl0,t1_cojlnsv,0.6213444444444444,0.5755625,0.04578194444444439
p_3300,t3_2vmfvq,t1_coj80q1,t1_coj81nh,0.6625238095238096,0.529765306122449,0.13275850340136064
p_3301,t3_2vks7u,t1_coilce0,t1_coijwtu,0.6599144736842103,0.6831721311475412,-0.02325765746333086
p_3303,t3_2vks7u,t1_coitx3o,t1_coin5gm,0.6716721854304635,0.6710579710144925,0.0006142144159709817
p_3304,t3_2vks7u,t1_cojb022,t1_coiskjc,0.6766764705882353,0.6421463414634146,0.034530129124820674
p_3305,t3_2vhhar,t1_cohoh2a,t1_cohtbiq,0.6751544117647059,0.7077094594594594,-0.03255504769475348
p_3307,t3_2vhgab,t1_cohtk17,t1_cohodzj,0.6249513888888889,0.5631756756756755,0.0617757132132134
p_3308,t3_2vgfjl,t1_cohjcql,t1_cohe4zu,0.5982777777777778,0.6816282051282051,-0.0833504273504273
p_3309,t3_2vfdjb,t1_coh87xk,t1_coihv1q,0.5936962025316457,0.6287424242424242,-0.035046221710778536
p_3310,t3_2vcz0j,t1_cogkf1c,t1_cogkxsx,0.5989514563106796,0.6307023809523805,-0.03175092464170093
p_3311,t3_2vc9nj,t1_cogd61z,t1_cogex21,0.5410446428571428,0.5950478723404254,-0.05400322948328262
p_3312,t3_2vb7n1,t1_cog7zan,t1_cojqi77,0.5350886075949368,0.5915517241379311,-0.056463116542994296
p_3313,t3_2vayhb,t1_cog0004,t1_cog18c4,0.6102415730337079,0.5824775280898877,0.02776404494382012
p_3317,t3_2v54ba,t1_coeixh4,t1_coemcyd,0.5892635135135136,0.599124183006536,-0.009860669493022445
p_3320,t3_2v54ba,t1_coeiwgf,t1_coeno30,0.5038076923076923,0.6448800000000001,-0.14107230769230783
p_3321,t3_2v4vs4,t1_coeisbz,t1_coenx4c,0.5805806451612903,0.5649413265306122,0.015639318630678023
p_3322,t3_2v3dbt,t1_coeuya9,t1_coe54na,0.5986452702702705,0.6222519685039368,-0.023606698233666346
p_3323,t3_2v3b2v,t1_coe2hj4,t1_coe3kad,0.561,0.48589795918367357,0.07510204081632649
p_3324,t3_2v3b2v,t1_coe3dx6,t1_coe41ib,0.5879489247311829,0.5503680555555557,0.037580869175627196
p_3326,t3_2uzgtq,t1_coda73s,t1_codi9w9,0.55095,0.5005967741935484,0.05035322580645163
p_3327,t3_2uyf2j,t1_cocy4sv,t1_cocts31,0.6416609195402296,0.6731202531645567,-0.03145933362432707
p_3328,t3_2uyc2l,t1_codgr1k,t1_cod6jiu,0.6362051282051281,0.616374251497006,0.019830876708122114
p_3330,t3_2uudze,t1_cobt14z,t1_cobzyv2,0.5874379084967314,0.6021169354838712,-0.014679026987139854
p_3331,t3_2utwnf,t1_cobnk6q,t1_cobujy3,0.49124444444444443,0.5574081632653061,-0.06616371882086164
p_3335,t3_2uocbs,t1_coa6e3k,t1_coa6g1k,0.5968067226890758,0.6149634146341463,-0.018156691945070524
p_3339,t3_2unn7n,t1_coa4d4b,t1_co9zgj7,0.6020737704918033,0.545758064516129,0.05631570597567437
p_3341,t3_2unkg9,t1_co9z0gg,t1_coa3lkt,0.5898666666666667,0.6063066666666667,-0.01644000000000001
p_3342,t3_2unkg9,t1_coadcvv,t1_coaqczi,0.53480625,0.611186567164179,-0.07638031716417892
p_3343,t3_2unhtm,t1_coaivyc,t1_coajh6t,0.6147392026578071,0.5741859903381644,0.040553212319642706
p_3344,t3_2umw9b,t1_co9t3iu,t1_co9sw89,0.5803359375,0.6821095238095238,-0.10177358630952382
p_3345,t3_2umw9b,t1_coa4zj9,t1_co9sudq,0.5822972972972973,0.6909508196721313,-0.10865352237483406
p_3346,t3_2ul1df,t1_co9kcnl,t1_co9c0rj,0.5969215686274513,0.6140714285714287,-0.01714985994397744
p_3347,t3_2uk6fx,t1_co94y3l,t1_co9o182,0.5711793478260868,0.6009999999999999,-0.029820652173913054
p_3348,t3_2uk6fx,t1_co9423q,t1_co98hm4,0.6032053571428572,0.5437901234567901,0.05941523368606705
p_3349,t3_2ujo2u,t1_co9an3h,t1_co98y0r,0.49322580645161296,0.517268115942029,-0.02404230949041608
p_3352,t3_2uj4yv,t1_co9ncgk,t1_co8y43y,0.588108359133127,0.6082300380228142,-0.02012167888968719
p_3353,t3_2uiin1,t1_co8sei3,t1_co8ond6,0.6188297872340427,0.6555882352941175,-0.03675844806007478
p_3354,t3_2uid44,t1_co8o0es,t1_co8s8kd,0.6009605263157894,0.6310675675675677,-0.03010704125177821
p_3358,t3_2ug2wi,t1_co82vuw,t1_co834w1,0.6780208333333334,0.6271714285714286,0.050849404761904804
p_3360,t3_2ucr50,t1_co7790p,t1_co77bgv,0.5792311827956989,0.6298673469387756,-0.0506361641430767
p_3362,t3_2ubt5m,t1_co75rce,t1_co70e85,0.6079705882352943,0.607609756097561,0.00036083213773330236
p_3363,t3_2ubl1z,t1_co6xfgb,t1_co70me4,0.6207532467532465,0.6276607142857143,-0.006907467532467848
p_3364,t3_2ubbe0,t1_co73l5g,t1_co6tosu,0.5739180327868854,0.5446904761904763,0.029227556596409077
p_3367,t3_2u8qcj,t1_co67jc2,t1_co670vd,0.6355694444444445,0.534191176470588,0.10137826797385652
p_3368,t3_2u8hi5,t1_co65nrh,t1_co69ood,0.6781551724137932,0.6676660839160843,0.01048908849770891
p_3369,t3_2u7z7v,t1_co5yytr,t1_co63mr3,0.5365408163265306,0.5027028985507246,0.033837917775806026
p_3371,t3_2u7i4q,t1_co62evd,t1_co5xcqu,0.6791307692307693,0.6603636363636363,0.01876713286713305
p_3374,t3_2u460b,t1_co4yacj,t1_co5wbvc,0.49325735294117656,0.5033728813559323,-0.010115528414755715
p_3376,t3_2u2fpm,t1_co4ivor,t1_co4n7du,0.5939246575342464,0.6679577464788732,-0.07403308894462679
p_3377,t3_2u2fpm,t1_co4qgkz,t1_co4iks0,0.592741935483871,0.6515833333333333,-0.058841397849462296
p_3378,t3_2u1s4k,t1_co4efyx,t1_co5t3kb,0.5930781250000001,0.5970510204081632,-0.003972895408163035
p_3379,t3_2tz5od,t1_co3mhs2,t1_co3mqwu,0.6144571428571429,0.6556999999999998,-0.041242857142856915
p_3381,t3_2txwe7,t1_co3hzuu,t1_co3b93t,0.6571875000000003,0.5822631578947369,0.07492434210526333
p_3384,t3_2tquws,t1_co1i3vy,t1_co1iyez,0.5858980582524271,0.6146666666666666,-0.02876860841423945
p_3385,t3_2tpl0x,t1_co1i4k5,t1_co16br0,0.6181927710843368,0.5855192307692306,0.032673540315106164
p_3387,t3_2tn8qu,t1_co0jf5s,t1_co11da9,0.5747990196078434,0.5574754901960787,0.017323529411764738
p_3389,t3_2tlyzs,t1_co0mpip,t1_co0gu67,0.6050049019607844,0.541628787878788,0.0633761140819964
p_3388,t3_2tlyzs,t1_co15kpv,t1_co0httm,0.5919015544041452,0.6108490566037734,-0.018947502199628263
p_3390,t3_2tj4pv,t1_cnzy3ou,t1_cnzjggb,0.52765,0.49059999999999987,0.03705000000000008
p_3391,t3_2tiipu,t1_cnzc4fs,t1_cnzca9l,0.5790884955752214,0.5857362637362639,-0.006647768161042511
p_3392,t3_2tf0y4,t1_cnz5c7v,t1_cnz2826,0.46805882352941175,0.6623461538461539,-0.19428733031674217
p_3393,t3_2teulf,t1_cnyf7vq,t1_cnyyfu0,0.6501111111111111,0.6261458333333333,0.023965277777777794
p_3394,t3_2tet25,t1_cnye2j4,t1_cnydh7a,0.603092741935484,0.6181082474226804,-0.015015505487196434
p_3395,t3_2tet25,t1_cnyfwsr,t1_cnygkjb,0.5432115384615387,0.5972685185185186,-0.0540569800569799
p_3397,t3_2tekkp,t1_cnyd3k9,t1_cnzrdgm,0.5636824324324325,0.5299218749999999,0.03376055743243267
p_3398,t3_2td8d4,t1_cny8efd,t1_cny3yi2,0.602813559322034,0.5570723684210527,0.04574119090098128
p_3399,t3_2tct9j,t1_cny4adc,t1_cnxvd59,0.5871116504854368,0.6275965517241381,-0.0404849012387013
p_3400,t3_2tct9j,t1_cny4b3k,t1_cnxvd59,0.5779849624060149,0.6275965517241381,-0.04961158931812315
p_3402,t3_2t6ote,t1_cnw8hwh,t1_cnwnwz0,0.5706335877862593,0.5714090909090908,-0.0007755031228314779
p_3403,t3_2t6ote,t1_cnwehlh,t1_cnw9vyp,0.6201909090909091,0.5914508928571428,0.02874001623376632
p_3404,t3_2t5d0k,t1_cnw2fgz,t1_cnw6d8q,0.5507685950413223,0.5851562499999999,-0.03438765495867768
p_3405,t3_2t5d0k,t1_cnw7mj4,t1_cnw9ce5,0.6040263157894735,0.6318780487804879,-0.0278517329910144
p_3406,t3_2t26nx,t1_cnv8j11,t1_cnvag08,0.6528194444444444,0.5793809523809523,0.07343849206349207
p_3407,t3_2sy7r5,t1_cnu0c1p,t1_cnubeuy,0.6221925675675675,0.6396891891891894,-0.01749662162162191
p_3409,t3_2su8e2,t1_cnsz4kn,t1_cnsx5ru,0.6175,0.6174840425531918,1.595744680826794e-05
p_3411,t3_2su8e2,t1_cnt1y8t,t1_cntdr6s,0.6414127906976743,0.6094632352941174,0.03194955540355693
p_3412,t3_2su8e2,t1_cnt845z,t1_cnt8tg7,0.5665488372093023,0.5990710784313724,-0.03252224122207015
p_3413,t3_2su8e2,t1_cnsxgsn,t1_cntprhw,0.5735947368421052,0.5921904761904762,-0.018595739348371
p_3414,t3_2su8e2,t1_cnsxse0,t1_cnsz1rt,0.6260462184873948,0.6100645161290322,0.015981702358362604
p_3415,t3_2su8e2,t1_cnunryh,t1_cnsyy4i,0.5801576923076923,0.5905801886792451,-0.010422496371552792
p_3416,t3_2su8e2,t1_cnt3umh,t1_cnsyin0,0.6886600000000002,0.6728461538461539,0.01581384615384629
p_3417,t3_2su8e2,t1_cnte5ku,t1_cnt3fdn,0.5981086956521742,0.5624032258064516,0.03570546984572254
p_3419,t3_2su8e2,t1_cntbdmc,t1_cnsyin0,0.5886328124999998,0.6728461538461539,-0.0842133413461541
p_3421,t3_2su8e2,t1_cnt9axw,t1_cnt2iz3,0.6082005494505495,0.7030270270270268,-0.09482647757647733
p_3422,t3_2su8e2,t1_cnt85u7,t1_cntf8xd,0.5645224719101126,0.5815785714285714,-0.017056099518458767
p_3423,t3_2su8e2,t1_cntdvgn,t1_cnsyin0,0.48175925925925933,0.6728461538461539,-0.19108689458689454
p_3424,t3_2su8e2,t1_cnt1ycn,t1_cnt2h0f,0.6015438596491228,0.5977752293577984,0.0037686302913244596
p_3425,t3_2su8e2,t1_cnt4b86,t1_cnsyin0,0.6235444444444445,0.6728461538461539,-0.049301709401709415
p_3426,t3_2su6pz,t1_cnsuxnr,t1_cntesru,0.6217031249999999,0.551340909090909,0.07036221590909086
p_3427,t3_2su6pz,t1_cnsv16y,t1_cnt8h1t,0.6147652173913044,0.5885731707317071,0.02619204665959729
p_3428,t3_2stah2,t1_cnsnfp3,t1_cnso055,0.5662016129032257,0.57884375,-0.012642137096774309
p_3429,t3_2sqh6c,t1_cnsh391,t1_cns23nc,0.577731092436975,0.5418318584070796,0.035899234029895366
p_3432,t3_2sjck6,t1_cnq11eh,t1_cnq7kou,0.6038306451612904,0.6785537634408602,-0.07472311827956979
p_3433,t3_2siye9,t1_cnpvesh,t1_cnpw7ts,0.5795806451612904,0.4961153846153846,0.08346526054590575
p_3435,t3_2sf2we,t1_cnp48f2,t1_cnp29jv,0.6008070175438596,0.6397439024390246,-0.038936884895165
p_3437,t3_2sbnxo,t1_cno05ek,t1_cnnz3ot,0.4865569620253164,0.5239125,-0.037355537974683606
p_3438,t3_2sagug,t1_cnnmwvw,t1_cno8oxd,0.5388181818181816,0.5320428571428573,0.006775324675324379
p_3439,t3_2s8qu4,t1_cnn8scl,t1_cnn8yko,0.5955848484848484,0.5662682926829264,0.02931655580192194
p_3441,t3_2s3ey4,t1_cnlta5w,t1_cnn50va,0.58563,0.582076923076923,0.0035530769230769366
p_3442,t3_2s38n0,t1_cnltsuz,t1_cnm8elm,0.5160714285714284,0.5944021739130435,-0.0783307453416151
p_3443,t3_2s311o,t1_cnlr4r5,t1_cnlpavt,0.5737028985507246,0.5825142857142857,-0.008811387163561002
p_3445,t3_2s0mca,t1_cnlmsyb,t1_cnl4rwb,0.604765,0.6233414634146341,-0.018576463414634148
p_3446,t3_2s04yv,t1_cnl68x9,t1_cnldfng,0.6230140186915889,0.6092666666666665,0.013747352024922388
p_3447,t3_2ryflh,t1_cnknvgl,t1_cnknbq4,0.665108695652174,0.6210246913580247,0.04408400429414927
p_3449,t3_2rtxcw,t1_cnjo1jr,t1_cnj9t8c,0.523525,0.5895567010309278,-0.06603170103092781
p_3450,t3_2rtxcw,t1_cnjlno1,t1_cnj9t8c,0.5634615384615386,0.5895567010309278,-0.026095162569389263
p_3451,t3_2rspje,t1_cnizgmn,t1_cnj8tea,0.6428571428571428,0.6021209677419356,0.04073617511520722
p_3452,t3_2rsgv3,t1_cniw4jr,t1_cniu655,0.5853571428571428,0.5551129032258065,0.030244239631336267
p_3454,t3_2rs57a,t1_cnjiwww,t1_cnjrwds,0.6147416666666666,0.5676868686868687,0.04705479797979795
p_3455,t3_2rqvf8,t1_cnii75i,t1_cnijhp3,0.6982678571428572,0.6135875000000001,0.08468035714285715
p_3457,t3_3j8yfq,t1_cundk5r,t1_cunbl8g,0.6078541666666666,0.6256022727272726,-0.01774810606060606
p_3458,t3_3j8yfq,t1_cunbkbz,t1_cuncrke,0.5562589285714286,0.6013611111111109,-0.045102182539682345
p_3461,t3_3j5b7g,t1_cumhf65,t1_cumi9vr,0.5820420168067227,0.619036842105263,-0.03699482529854026
p_3462,t3_3j4xz5,t1_cumcunp,t1_cun4urq,0.5223389830508475,0.5551607142857142,-0.03282173123486676
p_3463,t3_3j4xz5,t1_cumbp9z,t1_cun012v,0.5998285714285714,0.5539468085106382,0.04588176291793322
p_3465,t3_3j348p,t1_culv71v,t1_cum06j5,0.5905999999999999,0.5572368421052634,0.03336315789473654
p_3466,t3_3j2zal,t1_cult31h,t1_culspcu,0.5594415584415583,0.5462166666666667,0.013224891774891612
p_3469,t3_3izsdq,t1_culv1a1,t1_cul3ok3,0.622391891891892,0.6439363636363638,-0.021544471744471716
p_3472,t3_3iz617,t1_cul2p8q,t1_culbyou,0.6319427083333334,0.6376319444444445,-0.005689236111111051
p_3473,t3_3iynfo,t1_culekhe,t1_cul3cub,0.6093536776212836,0.575922077922078,0.033431599699205616
p_3474,t3_3iymmk,t1_cukv841,t1_cukv8bl,0.6094375000000001,0.5782689075630253,0.031168592436974785
p_3475,t3_3iymd6,t1_cukus68,t1_cuktt0z,0.624390909090909,0.565939024390244,0.05845188470066498
p_3476,t3_3iymd6,t1_cukvhtm,t1_cuktt0z,0.6085792079207922,0.565939024390244,0.042640183530548215
p_3479,t3_3ixtu4,t1_cukm93p,t1_cuklqh9,0.5864855072463767,0.6258461538461539,-0.03936064659977723
p_3480,t3_3ixtu4,t1_cukmf21,t1_cukm0pr,0.64796875,0.6646000000000001,-0.016631250000000097
p_3483,t3_3isviu,t1_cujohec,t1_cujcyeh,0.5786931818181819,0.5961590909090909,-0.01746590909090906
p_3484,t3_3isviu,t1_cujddsn,t1_cujfb9o,0.5916130653266335,0.5497121212121215,0.04190094411451195
p_3485,t3_3irqrk,t1_cuk3web,t1_cuje0x7,0.5898356164383561,0.5859055555555556,0.003930060882800568
p_3486,t3_3irqrk,t1_cujfvvz,t1_cujmo9h,0.6130562499999999,0.6308500000000001,-0.017793750000000275
p_3487,t3_3irh3k,t1_cuj0bdo,t1_cuizlek,0.6283014184397163,0.6129056603773584,0.015395758062357934
p_3488,t3_3iqu4d,t1_cuj1ozx,t1_cuiwucd,0.6461521739130436,0.6419555555555555,0.00419661835748808
p_3489,t3_3iqty5,t1_cuj86a7,t1_cuj36j4,0.6125384615384615,0.5781142857142856,0.034424175824175895
p_3490,t3_3iq6j0,t1_cuiy6h8,t1_cuj2qp1,0.6341708860759492,0.5881913793103447,0.04597950676560447
p_3491,t3_3inybw,t1_cui3v06,t1_cuicq4r,0.600072463768116,0.6228145161290324,-0.02274205236091642
p_3492,t3_3injsb,t1_cui5ld0,t1_cui565b,0.5880420560747665,0.5155925925925927,0.07244946348217374
p_3495,t3_3ijsss,t1_cuh6kys,t1_cuhg7b8,0.5924435483870967,0.6129727272727272,-0.02052917888563055
p_3496,t3_3ijsss,t1_cuh4arm,t1_cuhg7b8,0.5362786885245902,0.6129727272727272,-0.07669403874813707
p_3500,t3_3iammm,t1_cues26b,t1_cueuwm5,0.6348582089552237,0.5626767676767678,0.07218144127845594
p_3501,t3_3iammm,t1_cuete5w,t1_cuerzgs,0.6015263157894737,0.5784354838709678,0.023090831918505916
p_3502,t3_3iammm,t1_cuew3c0,t1_cueu3av,0.6636176470588235,0.57701,0.08660764705882351
p_3503,t3_3i9n2q,t1_cueircr,t1_cuenxor,0.649830357142857,0.5664081632653061,0.0834221938775509
p_3504,t3_3i9n2q,t1_cufiuhn,t1_cueyyfo,0.5587075098814228,0.5805476190476192,-0.021840109166196386
p_3505,t3_3i8nmh,t1_cue9cr1,t1_cuea24l,0.5728023255813954,0.531012396694215,0.04178992888718047
p_3507,t3_3i8834,t1_cue4ikv,t1_cue5fsj,0.5750641025641025,0.6403561643835618,-0.06529206181945935
p_3508,t3_3i8834,t1_cue7on2,t1_cue83jy,0.6416407766990291,0.6343947368421053,0.007246039856923736
p_3513,t3_3i7k0u,t1_cue07hc,t1_cudypb4,0.6156754966887417,0.6390344827586204,-0.02335898606987874
p_3511,t3_3i7k0u,t1_cue31x0,t1_cue1sot,0.6475507246376809,0.7295409836065575,-0.08199025896887657
p_3512,t3_3i7k0u,t1_cue0k0p,t1_cue5g6f,0.6522922077922079,0.6387079646017698,0.01358424319043805
p_3514,t3_3i7k0u,t1_cuee0d9,t1_cudzumt,0.5954814814814815,0.6030441176470586,-0.0075626361655770635
p_3516,t3_3i74qy,t1_cudw08r,t1_cudux0k,0.6297647058823531,0.5662272727272728,0.06353743315508031
p_3517,t3_3i5x6k,t1_cudnqtj,t1_cue4n29,0.5586961538461539,0.4978295454545455,0.0608666083916084
p_3519,t3_3i5a78,t1_cudjp1z,t1_cudst66,0.5643973684210525,0.48388636363636367,0.08051100478468881
p_3521,t3_3i3wn7,t1_cud76ln,t1_cud3r2z,0.6003000000000002,0.5886451612903226,0.01165483870967754
p_3523,t3_3i3vx9,t1_cud2a4g,t1_cud2qth,0.5127368421052632,0.5307479674796748,-0.01801112537441163
p_3522,t3_3i3vx9,t1_cud5nsy,t1_cud2qth,0.5734129554655871,0.5307479674796748,0.04266498798591234
p_3524,t3_3i2plj,t1_cucv4aa,t1_cucxjt7,0.5384175824175821,0.5037659574468085,0.034651624970773565
p_3525,t3_3i2plj,t1_cucthi0,t1_cuctx89,0.6208666666666667,0.51775,0.10311666666666663
p_3526,t3_3i283w,t1_cud0fa0,t1_cucolyj,0.6606176470588236,0.6259305555555557,0.034687091503267986
p_3527,t3_3i0b0w,t1_cuchpgk,t1_cuc59ef,0.6379047619047621,0.6005819672131145,0.037322794691647565
p_3530,t3_3hsvl2,t1_cuad8r8,t1_cuaqsqb,0.5920702479338843,0.529936507936508,0.06213373999737626
p_3531,t3_3hrivr,t1_cua0vt2,t1_cu9xxve,0.5694125000000001,0.6279722222222222,-0.058559722222222055
p_3534,t3_3hpq7g,t1_cu9josn,t1_cu9k41i,0.5895719999999999,0.5613673469387754,0.02820465306122444
p_3535,t3_3hpq7g,t1_cu9kipp,t1_cu9x1z9,0.5555289855072466,0.5475344827586205,0.00799450274862612
p_3536,t3_3hosv2,t1_cu9at72,t1_cu9cml6,0.5816456692913387,0.6313913043478261,-0.049745635056487436
p_3537,t3_3hoq7p,t1_cu9k2tb,t1_cu9atrb,0.5097724719101127,0.5161458333333333,-0.006373361423220647
p_3538,t3_3hmpv3,t1_cu8qdp9,t1_cu8pb7k,0.5522906976744186,0.61248,-0.060189302325581395
p_3539,t3_3hkh5j,t1_cu8ovlu,t1_cu8ovof,0.6620616438356165,0.6031299999999999,0.058931643835616554
p_3541,t3_3hh46c,t1_cu7c27f,t1_cu7c1z2,0.6206363636363635,0.579906862745098,0.04072950089126559
p_3543,t3_3hgl6d,t1_cu7ehx8,t1_cu79azc,0.5154705882352941,0.4968202247191012,0.018650363516192925
p_3542,t3_3hgl6d,t1_cu7d0px,t1_cu7azy6,0.5503275862068965,0.5883765432098764,-0.038048957002979944
p_3544,t3_3hg6gk,t1_cu72vgj,t1_cu7213o,0.6350094339622644,0.6620833333333334,-0.027073899371068966
p_3546,t3_3hfjxc,t1_cu6z830,t1_cu71g18,0.534090909090909,0.5660285714285715,-0.0319376623376626
p_3547,t3_3hfioz,t1_cuc0fou,t1_cu7ifcw,0.6092142857142858,0.6063438735177865,0.0028704121964993057
p_3548,t3_3hel60,t1_cu6qm9g,t1_cu6prd9,0.5496037735849055,0.556372340425532,-0.006768566840626433
p_3552,t3_3hdp4a,t1_cu6jlng,t1_cu6jn61,0.5844367088607592,0.6022258064516129,-0.017789097590853786
p_3555,t3_3hcpmz,t1_cu6c4si,t1_cu6f8lz,0.5567066831683162,0.5768630136986302,-0.02015633053031407
p_3556,t3_3hcfg2,t1_cu65tgy,t1_cu65kqn,0.566049019607843,0.5928823529411763,-0.026833333333333265
p_3557,t3_3hcfg2,t1_cu65sqs,t1_cu65hi9,0.5427538461538461,0.48925384615384615,0.05349999999999999
p_3558,t3_3hcfg2,t1_cu68tq4,t1_cu65vdo,0.5313333333333335,0.5745714285714285,-0.043238095238094965
p_3560,t3_3h8y7m,t1_cu5ao33,t1_cu5bjz7,0.6047567567567569,0.5798076923076922,0.02494906444906464
p_3563,t3_3h69kp,t1_cu5o71n,t1_cu4mp4v,0.5982083333333335,0.5527727272727272,0.04543560606060626
p_3566,t3_3h1dud,t1_cu3e462,t1_cu3dhym,0.7136750000000001,0.6216590909090907,0.0920159090909094
p_3568,t3_3h13pq,t1_cu3c98a,t1_cu3bnnc,0.6875277777777776,0.6122269230769233,0.07530085470085435
p_3569,t3_3h0s9a,t1_cu3bh3m,t1_cu383tr,0.6452076271186442,0.5458050847457626,0.0994025423728816
p_3570,t3_3gz2bd,t1_cu2qwnu,t1_cu2zo0y,0.59246,0.5551730769230769,0.03728692307692305
p_3571,t3_3gys03,t1_cu2q2lr,t1_cu2pmm6,0.532644144144144,0.5789834710743801,-0.046339326930236124
p_3572,t3_3gw6np,t1_cu252mj,t1_cu20nky,0.6190795454545454,0.5845,0.034579545454545335
p_3576,t3_3gri3k,t1_cu0uiw1,t1_cu0sztg,0.6192999999999997,0.5893508771929824,0.029949122807017337
p_3577,t3_3gri3k,t1_cu0urd0,t1_cu0vpsk,0.5670792079207922,0.6242849462365591,-0.05720573831576681
p_3583,t3_3gp6g1,t1_cu0aq54,t1_cu08mnw,0.5280759493670883,0.5584395604395604,-0.030363611072472096
p_3582,t3_3gp6g1,t1_cu09x63,t1_cu08mnw,0.5003224637681161,0.5584395604395604,-0.05811709667144438
p_3585,t3_3gnc86,t1_ctzot2x,t1_ctzq8hf,0.6091086956521738,0.585774193548387,0.023334502103786847
p_3586,t3_3gincm,t1_ctyigsj,t1_ctyhn4v,0.5640598802395206,0.5443660714285714,0.019693808810949176
p_3587,t3_3gincm,t1_ctyhn4x,t1_ctyinar,0.6493478260869567,0.4997424242424242,0.14960540184453253
p_3589,t3_3ghl3t,t1_cty7tlm,t1_cty6dyx,0.5484342105263158,0.5525952380952381,-0.0041610275689223375
p_3590,t3_3ghl3t,t1_cty9isx,t1_cty8sv7,0.5988020833333333,0.5964864864864865,0.0023155968468467902
p_3592,t3_3ggp32,t1_cty0r06,t1_cty0aec,0.500689349112426,0.4749146341463413,0.025774714966084744
p_3593,t3_3ggp32,t1_cty35gw,t1_cty0aec,0.5320511247443762,0.4749146341463413,0.05713649059803494
p_3595,t3_3gec73,t1_ctxli3x,t1_ctxhga8,0.596493670886076,0.5581034482758621,0.03839022261021385
p_3596,t3_3ge5mc,t1_ctxb1ki,t1_ctxeqe8,0.5789404761904763,0.5809843749999999,-0.0020438988095236033
p_3598,t3_3gdtg4,t1_ctylxuf,t1_ctxaqee,0.5454339080459772,0.559784090909091,-0.014350182863113736
p_3599,t3_3gdndp,t1_ctx5qis,t1_ctx98zl,0.5885,0.6460555555555556,-0.05755555555555558
p_3600,t3_3gdish,t1_ctx6te9,t1_ctx7vni,0.5807041666666668,0.5922785714285715,-0.011574404761904744
p_3601,t3_3gdibt,t1_ctx56mf,t1_ctx4od4,0.5802327586206896,0.57461,0.005622758620689616
p_3602,t3_3gcrbs,t1_ctx0d41,t1_ctx24yu,0.6338749999999999,0.5563055555555556,0.07756944444444425
p_3604,t3_3gbhud,t1_ctwlw6q,t1_ctwmyam,0.5141263157894739,0.6679476190476189,-0.15382130325814503
p_3605,t3_3gbhud,t1_ctwlm4k,t1_ctwv3j1,0.5879423076923077,0.6008648648648648,-0.012922557172557081
p_3606,t3_3gbhud,t1_ctwml50,t1_ctwlr8k,0.5893980582524272,0.6461176470588237,-0.05671958880639649
p_3607,t3_3gbhud,t1_ctwlqf1,t1_ctwlr8k,0.6552763157894738,0.6461176470588237,0.009158668730650077
p_3608,t3_3gb6h1,t1_ctwso7w,t1_ctwnm4g,0.5485121457489879,0.6013326271186442,-0.052820481369656336
p_3609,t3_3gb461,t1_ctwjnpu,t1_ctwkc6d,0.5549090909090908,0.5744666666666667,-0.019557575757575885
p_3610,t3_3ga6xh,t1_ctwcf34,t1_ctw9u8c,0.5590882352941177,0.6011666666666665,-0.04207843137254885
p_3612,t3_3ga0yc,t1_ctwa3zr,t1_ctw8bfs,0.5421644736842105,0.5765192307692307,-0.03435475708502023
p_3613,t3_3ga0yc,t1_ctwc8h0,t1_ctw824i,0.5362868852459016,0.6138333333333333,-0.07754644808743172
p_3614,t3_3ga0yc,t1_ctwe0ok,t1_ctw8bfs,0.5484847328244273,0.5765192307692307,-0.028034497944803394
p_3615,t3_3g9no7,t1_ctw54al,t1_ctw52em,0.6335735294117647,0.6350740740740741,-0.001500544662309422
p_3616,t3_3g93j6,t1_ctw0e9h,t1_ctw6elj,0.617353125,0.5955296052631581,0.021823519736841823
p_3617,t3_3g8r7o,t1_ctvx3y3,t1_ctwc690,0.6108349514563107,0.6338793103448277,-0.02304435888851697
p_3622,t3_3g646u,t1_ctvb9vl,t1_ctvc59g,0.6139444444444444,0.575859649122807,0.038084795321637444
p_3623,t3_3g53av,t1_ctuxpb3,t1_ctvf9tq,0.6022640449438201,0.5929427710843375,0.00932127385948267
p_3624,t3_3g51jj,t1_ctv0l5x,t1_ctvcg39,0.6087342342342341,0.612409090909091,-0.0036748566748568967
p_3625,t3_3g51jj,t1_ctv269f,t1_ctvcg39,0.5336648936170214,0.612409090909091,-0.0787441972920696
p_3626,t3_3g51jj,t1_ctv3mds,t1_ctv9uzx,0.5595844155844157,0.568921052631579,-0.009336637047163254
p_3630,t3_3g1pcd,t1_ctu19ea,t1_ctu17ql,0.580776119402985,0.5757049180327869,0.0050712013701981196
p_3635,t3_3g1fhs,t1_cttyuge,t1_cttxvho,0.5093448275862068,0.5059365079365079,0.0034083196496988988
p_3633,t3_3g1fhs,t1_ctu95h3,t1_cttxvho,0.5143576512455516,0.5059365079365079,0.008421143309043644
p_3636,t3_3g1fhs,t1_cttzgzr,t1_cttxvho,0.47253629032258065,0.5059365079365079,-0.03340021761392725
p_3632,t3_3g1fhs,t1_cttxzvr,t1_cttxvho,0.43500000000000005,0.5059365079365079,-0.07093650793650785
p_3631,t3_3g1fhs,t1_ctty06w,t1_cttxzi1,0.5459859154929576,0.49057352941176474,0.055412386081192866
p_3637,t3_3g1bgv,t1_cttw7r4,t1_ctu593g,0.6245967741935484,0.634560483870968,-0.009963709677419552
p_3640,t3_3g02ia,t1_cttuj7v,t1_cttrhlu,0.5160166666666668,0.5382272727272728,-0.022210606060605986
p_3642,t3_3fz5pa,t1_cttcblp,t1_cttc9b6,0.610701327433628,0.646311188811189,-0.03560986137756095
p_3644,t3_3fvhvp,t1_ctsbzuq,t1_ctsdw9m,0.6093499999999998,0.6131150793650794,-0.0037650793650795267
p_3645,t3_3fvhjh,t1_ctscnii,t1_ctsbg6s,0.5198571428571428,0.5728275862068964,-0.05297044334975365
p_3646,t3_3fvhjh,t1_ctse486,t1_ctsbtva,0.5601854838709676,0.5644999999999999,-0.004314516129032331
p_3647,t3_3fvhjh,t1_ctsbifp,t1_ctsvne2,0.5439948979591838,0.5239948979591836,0.02000000000000013
p_3648,t3_3fvhjh,t1_ctsc6ss,t1_ctsbtva,0.5689269230769228,0.5644999999999999,0.0044269230769229395
p_3649,t3_3fveyg,t1_ctsa8js,t1_cts9pfj,0.6418846153846154,0.6310232558139535,0.010861359570661921
p_3650,t3_3fu1s8,t1_cts3fhv,t1_cts5hav,0.5949734848484848,0.6532965116279068,-0.05832302677942203
p_3651,t3_3fsgbp,t1_ctrisu9,t1_ctshlnm,0.5383965517241379,0.5915825688073393,-0.053186017083201365
p_3652,t3_3fs1zm,t1_ctrhh5j,t1_ctrefi0,0.4823571428571427,0.49407627118644065,-0.011719128329297945
p_3653,t3_3frc1d,t1_ctr9vhi,t1_ctr7h2r,0.6752413793103446,0.6802833333333334,-0.005041954022988793
p_3655,t3_3fql48,t1_ctr20mq,t1_ctr0pwr,0.6091586021505379,0.6376730769230771,-0.02851447477253921
p_3656,t3_3fqb1z,t1_ctqze4g,t1_ctr0cf6,0.5288181818181817,0.580581632653061,-0.05176345083487921
p_3658,t3_3fqb1z,t1_ctr0vi4,t1_ctr0cf6,0.6082129629629631,0.580581632653061,0.02763133030990217
p_3657,t3_3fqb1z,t1_ctr0caa,t1_ctr0cf6,0.6476538461538461,0.580581632653061,0.06707221350078518
p_3659,t3_3fpfyb,t1_ctqrhgh,t1_ctqsan9,0.619548076923077,0.5469803921568627,0.07256768476621434
p_3660,t3_3fp3n9,t1_ctqolc7,t1_ctqnhek,0.55025,0.534371212121212,0.015878787878788048
p_3661,t3_3fp2bi,t1_ctqnbaz,t1_ctqt3i2,0.6260892857142858,0.6352131147540984,-0.00912382903981257
p_3663,t3_3fnwpa,t1_ctqdqno,t1_ctqbvw6,0.42135483870967744,0.531517857142857,-0.1101630184331796
p_3664,t3_3fnv5p,t1_ctqbrad,t1_ctqwxiu,0.5997421875000002,0.6101707317073171,-0.01042854420731687
p_3665,t3_3fnv5p,t1_ctqn9r7,t1_ctr22l4,0.5672670454545453,0.6071718750000004,-0.039904829545455045
p_3667,t3_3fnpby,t1_ctqb537,t1_ctqb5ui,0.5444749999999998,0.5381168224299064,0.006358177570093382
p_3666,t3_3fnpby,t1_ctqa65w,t1_ctqb5ui,0.504967213114754,0.5381168224299064,-0.03314960931515243
p_3669,t3_3fnkrz,t1_ctq8t3q,t1_ctq9oiz,0.610419540229885,0.5205718085106382,0.08984773171924676
p_3671,t3_3fnkrz,t1_ctqas8t,t1_ctq9ar9,0.6397948717948717,0.5806148648648645,0.059180006930007245
p_3670,t3_3fnkrz,t1_ctq9o0e,t1_ctq9oiz,0.4177391304347826,0.5205718085106382,-0.10283267807585561
p_3672,t3_3fnkrz,t1_ctq9j16,t1_ctqa3ka,0.5652959183673467,0.604173076923077,-0.03887715855573026
p_3675,t3_3fme5v,t1_ctpwnu7,t1_ctpy2fx,0.6105370370370372,0.5430959595959596,0.06744107744107763
p_3676,t3_3fh6ko,t1_ctoktht,t1_ctoqkfl,0.5746666666666667,0.5953333333333335,-0.020666666666666833
p_3677,t3_3fg061,t1_cto8r5z,t1_cto8tdw,0.6085666666666667,0.631012195121951,-0.022445528455284247
p_3679,t3_3fg061,t1_cto97vg,t1_cto8tdw,0.6921230769230772,0.631012195121951,0.06111088180112623
p_3680,t3_3ffta7,t1_cto7io9,t1_ctoe9av,0.6060967741935485,0.5618802816901407,0.044216492503407756
p_3681,t3_3ff3g6,t1_cto0i1n,t1_cto1zos,0.5883543689320387,0.6395596330275228,-0.05120526409548409
p_3682,t3_3feqzt,t1_ctq3vzp,t1_ctnylzg,0.6056046511627905,0.5263157894736842,0.07928886168910632
p_3683,t3_3fcrvd,t1_ctnhp4o,t1_cto31ft,0.5723281250000001,0.5999146341463416,-0.02758650914634153
p_3684,t3_3fcrvd,t1_ctns9wz,t1_ctnfqp7,0.6474153846153847,0.5922380952380952,0.055177289377289496
p_3686,t3_3fcf5e,t1_ctndfg4,t1_ctnry92,0.5595,0.5885909090909092,-0.029090909090909167
p_3688,t3_3fc3o6,t1_ctnx69r,t1_ctngp5n,0.6227893175074185,0.5914215686274509,0.03136774887996763
p_3687,t3_3fc3o6,t1_ctnaow2,t1_ctn9aav,0.6488571428571427,0.5886140350877195,0.06024310776942321
p_3692,t3_3fau90,t1_ctmxjyf,t1_ctmw18p,0.6249480519480518,0.65192,-0.026971948051948247
p_3693,t3_3fa3pf,t1_ctmq4rm,t1_ctmvo0g,0.6524900793650789,0.6666250000000001,-0.014134920634921277
p_3694,t3_3fa3pf,t1_ctmq6wk,t1_ctmpzx1,0.6202310126582277,0.5798933333333333,0.040337679324894404
p_3695,t3_3f8yj7,t1_ctmfz6p,t1_ctmip5y,0.5955316455696205,0.6521129032258065,-0.056581257656186046
p_3696,t3_3f8yj7,t1_ctmi79z,t1_ctmip5y,0.5612401129943502,0.6521129032258065,-0.09087279023145634
p_3697,t3_3f8yj7,t1_ctmgbxn,t1_ctmip5y,0.5990102040816327,0.6521129032258065,-0.05310269914417376
p_3701,t3_3f6ga9,t1_ctlqooj,t1_ctlqdbh,0.5269722222222222,0.6741818181818181,-0.14720959595959593
p_3703,t3_3f65v8,t1_ctlqq52,t1_ctm1y1p,0.5772499999999999,0.6153653846153847,-0.03811538461538477
p_3704,t3_3f38fh,t1_ctlm7ia,t1_ctkwb7j,0.5170123456790122,0.5536249999999999,-0.0366126543209877
p_3705,t3_3f2sbt,t1_ctm98ge,t1_ctkrr8t,0.524718181818182,0.5690916666666667,-0.04437348484848469
p_3708,t3_3f20yi,t1_ctkkr6u,t1_ctkjeol,0.5441824324324324,0.5319795918367347,0.01220284059569765
p_3709,t3_3f20yi,t1_ctkoehq,t1_ctkokut,0.5598957055214724,0.5452999999999999,0.01459570552147249
p_3712,t3_3f18mt,t1_ctkcw2a,t1_ctkb9dn,0.6140118343195267,0.6499833333333334,-0.035971499013806696
p_3711,t3_3f18mt,t1_ctkc4tg,t1_ctkn5z3,0.6037627118644066,0.6472682926829267,-0.043505580818520184
p_3714,t3_3f16ju,t1_ctkcxak,t1_ctkajc6,0.639443661971831,0.6696304347826086,-0.03018677281077764
p_3716,t3_3f0uzz,t1_ctkbyhm,t1_ctkdayj,0.5812156133828995,0.6151171874999997,-0.03390157411710015
p_3717,t3_3exng6,t1_ctjf76q,t1_ctjdefn,0.6292711864406779,0.6327045454545455,-0.003433359013867543
p_3718,t3_3ex1vr,t1_ctj5yub,t1_ctj6pr7,0.5756695652173914,0.58465625,-0.008986684782608556
p_3719,t3_3ewva7,t1_ctj4jx8,t1_ctj8g6w,0.5644555555555557,0.6071608040201005,-0.04270524846454482
p_3722,t3_3ewva7,t1_ctj8djb,t1_ctj8g6w,0.6805032051282053,0.6071608040201005,0.07334240110810475
p_3720,t3_3ewva7,t1_ctj5oik,t1_ctjcs9z,0.5873089171974523,0.600875,-0.013566082802547785
p_3721,t3_3ewva7,t1_ctj7ibv,t1_ctjcs9z,0.6321964285714287,0.600875,0.03132142857142861
p_3723,t3_3ewjnh,t1_ctj1fb4,t1_ctj26kt,0.5141041666666668,0.4636,0.050504166666666794
p_3724,t3_3ewjnh,t1_ctj1ye4,t1_ctj1lht,0.46718055555555565,0.5072792207792206,-0.04009866522366495
p_3725,t3_3euagb,t1_ctigcut,t1_ctihu3a,0.6110606060606061,0.555285714285714,0.05577489177489203
p_3726,t3_3eu8tm,t1_ctigaob,t1_ctiq52g,0.5981847826086956,0.6021380952380951,-0.003953312629399575
p_3727,t3_3eu8tm,t1_ctijckt,t1_ctigceq,0.5871015936254984,0.580293103448276,0.006808490177222404
p_3728,t3_3etxto,t1_ctid3ea,t1_cticpfj,0.6261911764705883,0.6126166666666665,0.01357450980392183
p_3730,t3_3es79p,t1_cthw2r2,t1_cthwdaq,0.6078125000000001,0.6080980392156862,-0.0002855392156860814
p_3731,t3_3es79p,t1_cthxdez,t1_cthwn0n,0.6644927536231885,0.6105307692307692,0.05396198439241928
p_3732,t3_3ertta,t1_cti6rd8,t1_ctht1zk,0.6125638297872341,0.6104032258064516,0.0021606039807825494
p_3733,t3_3ertdy,t1_cthr80b,t1_cthr99r,0.5952307692307692,0.6104305555555557,-0.015199786324786468
p_3734,t3_3erhhr,t1_ctiarao,t1_cti58vh,0.4765,0.4758991596638655,0.0006008403361345005
p_3735,t3_3eq514,t1_ctho613,t1_cthcqg3,0.5738235294117646,0.5940590551181103,-0.02023552570634568
p_3737,t3_3epjfs,t1_cth5t0q,t1_cthcvt3,0.5814655172413793,0.5666777777777778,0.014787739463601457
p_3739,t3_3enur5,t1_ctgrxoh,t1_ctgz8y0,0.6009022842639594,0.650637630662021,-0.04973534639806154
p_3740,t3_3emsdn,t1_cth30is,t1_ctgqvc3,0.5969449541284404,0.5053191489361702,0.09162580519227015
p_3742,t3_3elw95,t1_ctg6r9r,t1_ctg9cb8,0.6368318181818182,0.6281698113207546,0.008662006861063665
p_3743,t3_3eknr4,t1_ctglikz,t1_ctfyt7d,0.6267413793103447,0.7015000000000001,-0.07475862068965544
p_3744,t3_3ekjn3,t1_ctgdi0f,t1_ctg4na1,0.6061546961325966,0.6350088235294118,-0.028854127396815143
p_3751,t3_3ee553,t1_cte3wfh,t1_cte2z0f,0.6336410256410256,0.5636222222222222,0.0700188034188034
p_3752,t3_3ee553,t1_cte5ytw,t1_cte2z0f,0.5720909090909091,0.5636222222222222,0.008468686868686848
p_3754,t3_3ecjmj,t1_ctdn8gf,t1_ctdm7dj,0.5635314685314684,0.6230916666666667,-0.059560198135198306
p_3755,t3_3ecjmj,t1_ctdnq7f,t1_ctdm7dj,0.6027777777777777,0.6230916666666667,-0.020313888888888965
p_3756,t3_3ecjmj,t1_ctdoi4m,t1_ctdm7dj,0.6438911764705879,0.6230916666666667,0.0207995098039212
p_3753,t3_3ecjmj,t1_ctdmtn2,t1_ctdoo3p,0.5755762195121952,0.6005938511326858,-0.025017631620490643
p_3757,t3_3ec84d,t1_ctdlgzm,t1_ctdj2og,0.5642229729729729,0.5967007042253523,-0.032477731252379405
p_3759,t3_3ebxxu,t1_ctdn0oz,t1_ctdjt1a,0.6048445945945945,0.6349285714285714,-0.0300839768339769
p_3761,t3_3ebqsa,t1_ctdwdgw,t1_ctdgbbx,0.5694029850746267,0.5298749999999999,0.03952798507462685
p_3762,t3_3eb9u6,t1_ctda3bt,t1_ctdi2vm,0.564,0.6584375,-0.09443750000000006
p_3763,t3_3eb9u6,t1_ctdaich,t1_ctdi2vm,0.5430579710144928,0.6584375,-0.11537952898550718
p_3764,t3_3eai2b,t1_ctdmsz0,t1_ctdas7y,0.6085526315789473,0.5751037735849054,0.03344885799404196
p_3765,t3_3eai2b,t1_ctdc31l,t1_ctdas7y,0.5495280898876406,0.5751037735849054,-0.025575683697264817
p_3766,t3_3ea4kl,t1_ctczlq4,t1_ctcz6mu,0.6047346938775511,0.6247575757575757,-0.020022881880024657
p_3768,t3_3e811o,t1_ctcjrd5,t1_ctcd4vr,0.6167742537313432,0.6700522388059701,-0.05327798507462689
p_3775,t3_3dt3vy,t1_ct8epzw,t1_ct8xeko,0.5518617886178863,0.6199230769230771,-0.06806128830519087
p_3776,t3_3drmw1,t1_ct7z6k1,t1_ct7zd7f,0.5774583333333335,0.5560192307692307,0.021439102564102863
p_3777,t3_3dqi0b,t1_ct7ojzo,t1_ct7o4hu,0.6661984126984127,0.6357500000000001,0.030448412698412586
p_3779,t3_3dnhsi,t1_ct6vf40,t1_ct7n9bz,0.6053297872340426,0.6239852941176472,-0.018655506883604622
p_3786,t3_3dkeyo,t1_ct60a1q,t1_ct60gf9,0.5317666666666666,0.5864919354838708,-0.05472526881720419
p_3787,t3_3dk4k6,t1_ct68k3i,t1_ct5ylmw,0.5322851239669424,0.4451184210526315,0.08716670291431089
p_3789,t3_3dj5zp,t1_ct5ndqg,t1_ct5pov6,0.5951088435374148,0.5768529411764703,0.01825590236094443
p_3790,t3_3dhxmu,t1_ct59siv,t1_ct5em85,0.5897317073170731,0.5776428571428571,0.012088850174216015
p_3791,t3_3dhww4,t1_ct59ny2,t1_ct5c1n1,0.5310697674418603,0.619576923076923,-0.08850715563506273
p_3792,t3_3dhvig,t1_ct5cmrc,t1_ct5dd1p,0.6238074626865673,0.6371298076923075,-0.013322345005740255
p_3793,t3_3dhde9,t1_ct68xez,t1_ct55tgc,0.5002739726027396,0.5489545454545455,-0.048680572851805826
p_3794,t3_3dh1ns,t1_ct5dtcs,t1_ct5eykr,0.5746589595375721,0.5559119318181821,0.018747027719389964
p_3795,t3_3dgf6j,t1_ct54lyk,t1_ct5gs7l,0.5691132075471698,0.4638409090909091,0.10527229845626068
p_3796,t3_3dgf6j,t1_ct5oi70,t1_ct5c1wd,0.5774898477157359,0.48793478260869566,0.0895550651070402
p_3797,t3_3dfjej,t1_ct4p5yg,t1_ct4yewo,0.5241604938271603,0.5843821989528796,-0.06022170512571923
p_3800,t3_3df1t2,t1_ct4iy6y,t1_ct4ij06,0.6539104477611939,0.5568015873015871,0.09710886045960676
p_3801,t3_3det6i,t1_ct4g7xl,t1_ct4gbpx,0.6322741935483872,0.6450851063829787,-0.012810912834591459
p_3802,t3_3deose,t1_ct4eh79,t1_ct4g0jb,0.6641923076923076,0.6140833333333334,0.05010897435897421
p_3803,t3_3deose,t1_ct4f9rz,t1_ct4g0jb,0.6619018987341774,0.6140833333333334,0.04781856540084395
p_3804,t3_3deose,t1_ct4fbji,t1_ct5641w,0.6409735099337748,0.5836630769230771,0.057310433010697714
p_3805,t3_3deose,t1_ct4ewzd,t1_ct4g0jb,0.6660312500000001,0.6140833333333334,0.05194791666666665
p_3806,t3_3de3uy,t1_ct4agqd,t1_ct494c3,0.5627666666666666,0.5618851351351349,0.0008815315315316985
p_3807,t3_3ddw70,t1_ct47mit,t1_ct4jbe5,0.6441546762589928,0.6466174496644298,-0.002462773405436991
p_3808,t3_3ddw70,t1_ct481p1,t1_ct48oqy,0.6206328125,0.6109293193717276,0.009703493128272456
p_3814,t3_3dbole,t1_ct3p6ns,t1_ct478ih,0.5667689655172411,0.6198000000000001,-0.05303103448275903
p_3815,t3_3dbm0n,t1_ct3lx2j,t1_ct3ly0v,0.6132034883720933,0.5949433962264151,0.018260092145678142
p_3816,t3_3dbkzb,t1_ct3ojfw,t1_ct3m5s5,0.5870272727272728,0.5189117647058824,0.06811550802139044
p_3819,t3_3d7ar8,t1_ct2lat5,t1_ct2ki11,0.6026119402985074,0.6297291666666667,-0.027117226368159275
p_3821,t3_3d70nm,t1_ct2ew4r,t1_ct2j33u,0.6348061224489797,0.6605434782608695,-0.02573735581188974
p_3822,t3_3d70nm,t1_ct2dshn,t1_ct2eddg,0.582467741935484,0.6653518518518519,-0.08288410991636785
p_3824,t3_3d6eeo,t1_ct28lpu,t1_ct2avdj,0.5778333333333335,0.5713085106382979,0.006524822695035626
p_3825,t3_3d5kur,t1_ct1ztbe,t1_ct1zr52,0.6008837209302325,0.4777750000000001,0.12310872093023234
p_3827,t3_3d4z8m,t1_ct20a6w,t1_ct1t0m5,0.5734285714285715,0.5731739130434783,0.00025465838509319827
p_3829,t3_3d26wz,t1_ct28b6n,t1_ct16kmz,0.6092291666666666,0.5790164835164836,0.030212683150182995
p_3830,t3_3d0d6p,t1_ct0o5u1,t1_ct0n6t4,0.5689640287769785,0.600646551724138,-0.03168252294715945
p_3831,t3_3d01ke,t1_ct0juu5,t1_ct0mdna,0.44321428571428584,0.4985945945945946,-0.05538030888030876
p_3833,t3_3czjmn,t1_ct0n1h1,t1_ct0p4tx,0.6254065420560746,0.5760999999999998,0.049306542056074765
p_3834,t3_3cze07,t1_ct0u8p8,t1_ct1w2jq,0.5487282608695653,0.5801944444444445,-0.03146618357487918
p_3836,t3_3cze07,t1_ct10eyn,t1_ct10av3,0.6510444444444445,0.662842105263158,-0.011797660818713473
p_3837,t3_3cz50i,t1_ct0beon,t1_ct0crzd,0.5947978723404254,0.5818441558441562,0.012953716496269196
p_3838,t3_3cyvok,t1_ct09dsg,t1_ct0cry8,0.5625833333333335,0.5897439024390244,-0.027160569105690868
p_3840,t3_3cwzdr,t1_cszqsrm,t1_csztuip,0.5630900000000001,0.571967032967033,-0.008877032967032905
p_3841,t3_3cwzdr,t1_cszr0ac,t1_cszzijk,0.5505300429184549,0.5586623711340205,-0.008132328215565643
p_3842,t3_3cwzdr,t1_cszsao6,t1_cszzijk,0.5755546448087431,0.5586623711340205,0.01689227367472257
p_3843,t3_3curfb,t1_cszctr2,t1_cszdmwi,0.5779137931034485,0.5443270777479894,0.033586715355459096
p_3846,t3_3ctbdn,t1_csywwyk,t1_csyw0z6,0.6228061224489796,0.5935961538461538,0.029209968602825764
p_3848,t3_3csry4,t1_csyq5kj,t1_csypjon,0.6166818181818182,0.6365348837209304,-0.019853065539112147
p_3849,t3_3csg70,t1_csyk6pl,t1_csyj9wf,0.5597677595628415,0.6213141891891891,-0.0615464296263476
p_3850,t3_3csg70,t1_csyjkqi,t1_csyt2k1,0.558921875,0.5983571428571428,-0.0394352678571428
p_3852,t3_3cqwqj,t1_csy6eer,t1_csyclib,0.5942227272727275,0.5965684210526315,-0.0023456937799040123
p_3853,t3_3cpk6q,t1_csxrzz6,t1_csxtt55,0.5428963414634145,0.5377680412371134,0.0051283002263010635
p_3855,t3_3cp5ze,t1_csxym6c,t1_csynpti,0.576946428571428,0.6023159509202456,-0.02536952234881762
p_3856,t3_3cp5ze,t1_csxnidr,t1_csxornz,0.4560882352941176,0.5830487804878047,-0.1269605451936871
p_3859,t3_3cntuq,t1_csxdzvx,t1_csxc29e,0.5698611111111112,0.5607230769230769,0.009138034188034272
p_3861,t3_3cm04x,t1_csx5p48,t1_csxeu2k,0.6467333333333333,0.6378529411764705,0.00888039215686276
p_3862,t3_3clrl2,t1_csx7zrc,t1_csx8zq4,0.5976875000000001,0.6175714285714285,-0.0198839285714284
p_3863,t3_3cjime,t1_csw3vb7,t1_csw3t7x,0.570685393258427,0.5377383177570095,0.03294707550141751
p_3865,t3_3chnd1,t1_csvsvf5,t1_csw6ssk,0.5570168539325842,0.5837987012987012,-0.026781847366116995
p_3866,t3_3ch5ru,t1_csvhoip,t1_csvipb5,0.6482571428571428,0.6075575221238937,0.040699620733249064
p_3867,t3_3cgwcw,t1_csvjbyd,t1_csvi6d6,0.5290072886297379,0.5567809917355371,-0.027773703105799186
p_3868,t3_3cgf0e,t1_cswm70o,t1_csvf90l,0.6034365671641794,0.6657318840579711,-0.06229531689379175
p_3869,t3_3cgb39,t1_csvchfw,t1_csva8ip,0.6462500000000001,0.6425057471264367,0.0037442528735633918
p_3871,t3_3cexf4,t1_csvberp,t1_csv33hr,0.6040347222222221,0.5901703703703705,0.013864351851851642
p_3872,t3_3cemxp,t1_csuzkq9,t1_csuwsj4,0.5511428571428572,0.6741891891891892,-0.12304633204633209
p_3873,t3_3cccrj,t1_csuafa7,t1_csu9eyk,0.6103333333333335,0.5561666666666667,0.05416666666666681
p_3874,t3_3cayqx,t1_cstvm0f,t1_csunb3m,0.618784810126582,0.6358333333333333,-0.01704852320675121
p_3875,t3_3cayqx,t1_cstvlmi,t1_csuqreg,0.5374215116279071,0.6029227272727272,-0.06550121564482014
p_3877,t3_3cavj4,t1_cstv538,t1_cstveu6,0.58919801980198,0.5858801369863016,0.0033178828156784634
p_3879,t3_3c98q4,t1_csu2svh,t1_cstm5hj,0.66965,0.6413317757009347,0.028318224299065275
p_3882,t3_3c7i98,t1_cst34iw,t1_cstc95e,0.5444187500000002,0.5754584905660377,-0.031039740566037533
p_3883,t3_3c7i98,t1_cst4n6b,t1_cssyowf,0.5657592592592592,0.49272368421052637,0.07303557504873281
p_3884,t3_3c7hdt,t1_cssyep4,t1_cssyplh,0.6376511627906976,0.6434112903225808,-0.005760127531883263
p_3885,t3_3c7bxx,t1_cssy476,t1_cssz8bw,0.5886684210526315,0.5745722222222222,0.014096198830409357
p_3886,t3_3c7bxx,t1_cssx724,t1_cssyebj,0.5509999999999998,0.5925636363636364,-0.04156363636363658
p_3887,t3_3c7bxx,t1_csswyf9,t1_cssyx4a,0.5959603174603174,0.6326644736842105,-0.036704156223893114
p_3888,t3_3c79ax,t1_cstmdkn,t1_cst2h3f,0.5698690476190477,0.6039799999999999,-0.034110952380952186
p_3889,t3_3c4zj4,t1_cssgey0,t1_cssmoek,0.5431444444444447,0.5596794871794872,-0.016535042735042582
p_3892,t3_3c4ur8,t1_csstz3k,t1_cssgupg,0.7059666666666666,0.6819485294117644,0.024018137254902205
p_3893,t3_3c4cgb,t1_css5ynt,t1_css4koj,0.6088250000000001,0.6343103448275864,-0.025485344827586354
p_3894,t3_3c1zj9,t1_csrkkl3,t1_csrki9f,0.5537193396226412,0.5641214285714287,-0.010402088948787469
p_3895,t3_3c17uc,t1_csrdlff,t1_csrifkt,0.5850764023210834,0.6045655737704917,-0.019489171449408316
p_3897,t3_3bxmo5,t1_csqhtr5,t1_csql6b1,0.6166229508196721,0.5666754385964912,0.049947512223180945
p_3898,t3_3bxfo6,t1_csqmc1m,t1_csqifhm,0.5385792079207921,0.4869506172839506,0.05162859063684144
p_3899,t3_3bvjuk,t1_cspw440,t1_csrek47,0.6187695652173913,0.5757282608695651,0.04304130434782627
p_3901,t3_3bth79,t1_csq2nx8,t1_cspwvty,0.577861111111111,0.6281186440677967,-0.05025753295668567
p_3902,t3_3bsou9,t1_csp5h2g,t1_cspiswo,0.6111515151515152,0.6022924528301886,0.008859062321326605
p_3904,t3_3brtn7,t1_csozaec,t1_csoyw8u,0.6396029411764707,0.6362142857142857,0.0033886554621849196
p_3905,t3_3bqwex,t1_csompka,t1_csomtdh,0.6201492537313433,0.570361111111111,0.049788142620232345
p_3906,t3_3bqwex,t1_csorp8q,t1_cson8bj,0.6435196078431373,0.6030275229357794,0.040492084907357895
p_3908,t3_3bo4jt,t1_cso0zon,t1_csnwp3y,0.6029285714285714,0.5246354166666667,0.07829315476190468
p_3909,t3_3bnf96,t1_csnpy6t,t1_csnprkc,0.5706785714285716,0.6766111111111113,-0.10593253968253968
p_3910,t3_3bnan1,t1_csnruno,t1_csnpv63,0.5955454545454545,0.6594024390243904,-0.06385698447893595
p_3911,t3_3blafk,t1_csn7a18,t1_csndd8w,0.5730224719101124,0.5589999999999998,0.014022471910112522
p_3913,t3_3bh98p,t1_csmf3ub,t1_csmc3eh,0.6575892857142858,0.6177777777777776,0.03981150793650812
p_3914,t3_3bgni1,t1_cslzxdh,t1_cslyqv4,0.5458214285714286,0.5207068965517241,0.025114532019704483
p_3915,t3_3bfy1c,t1_csls1iv,t1_cslt1od,0.5258999999999999,0.5245,0.0013999999999999568
p_3916,t3_3bfsz3,t1_cslqq37,t1_cslrrds,0.5817931034482758,0.6408977272727273,-0.059104623824451474
p_3917,t3_3bfrve,t1_csmj6kc,t1_cslufx2,0.5316813725490195,0.5942870370370372,-0.06260566448801774
p_3920,t3_3be88i,t1_cslgmna,t1_cslflrz,0.5577083333333334,0.5812,-0.02349166666666669
p_3923,t3_3bdv00,t1_csld97c,t1_csl9q5t,0.643915384615385,0.5656678082191782,0.07824757639620683
p_3924,t3_3bdv00,t1_csltmou,t1_cslb8xi,0.6043499999999998,0.6148636363636363,-0.010513636363636447
p_3925,t3_3bd8kh,t1_csl6slc,t1_csl587l,0.5894333333333333,0.6832333333333334,-0.0938000000000001
p_3926,t3_3bd8kh,t1_csl5ba1,t1_csl587l,0.6119999999999999,0.6832333333333334,-0.07123333333333348
p_3927,t3_3bcp2n,t1_csl43ts,t1_csl3e30,0.5291249999999998,0.5048999999999999,0.02422499999999994
p_3929,t3_3bc4if,t1_cslj62e,t1_cskt9uf,0.6255141509433961,0.5926400000000001,0.032874150943396074
p_3930,t3_3bbxyv,t1_cskwmb5,t1_cskrtjj,0.595780303030303,0.6347027027027026,-0.03892239967239952
p_3932,t3_3b7rjo,t1_csjnvbr,t1_csjnx6u,0.6031269841269843,0.6014390243902437,0.0016879597367406296
p_3934,t3_3b60s8,t1_csj6vl4,t1_csj6ucq,0.6751170212765957,0.6082435897435898,0.06687343153300584
p_3935,t3_3b60s8,t1_csj6qcn,t1_csj6ucq,0.5910317460317459,0.6082435897435898,-0.01721184371184392
p_3936,t3_3b5udg,t1_csj5cco,t1_csj62ym,0.5985087719298248,0.5687252747252747,0.02978349720455009
p_3937,t3_3b3s26,t1_csikhqa,t1_csizt4g,0.6561195652173911,0.631410447761194,0.024709117456197083
p_3938,t3_3b3s26,t1_csinn2z,t1_csilwsy,0.5859789473684209,0.6472619047619048,-0.06128295739348388
p_3940,t3_3b3s26,t1_csj8r3h,t1_csjh1er,0.6252333333333332,0.610826086956522,0.014407246376811234
p_3943,t3_3aweej,t1_csgl5n3,t1_csgl50z,0.5225,0.5887767857142857,-0.06627678571428575
p_3944,t3_3aw1uk,t1_csghmnt,t1_csghmsc,0.6355375000000001,0.6110588235294118,0.024478676470588323
p_3945,t3_3avhws,t1_csgfhi0,t1_csh8ors,0.5755280898876405,0.5933374999999999,-0.01780941011235937
p_3947,t3_3atkce,t1_csgbg47,t1_csfw4e2,0.5987244318181821,0.6091178010471207,-0.01039336922893852
p_3948,t3_3atkce,t1_csfy1wp,t1_csfynp2,0.5765,0.5191296296296296,0.057370370370370405
p_3951,t3_3asyzb,t1_csfojsx,t1_csfoidu,0.6344,0.6345172413793103,-0.00011724137931035106
p_3949,t3_3asyzb,t1_csfoiyw,t1_csfp13b,0.5731249999999998,0.6346666666666669,-0.06154166666666716
p_3952,t3_3argex,t1_csfb50r,t1_csf9txd,0.5971162790697673,0.5509032258064517,0.046213053263315595
p_3953,t3_3argex,t1_csf9rhm,t1_csfa4gt,0.6729090909090909,0.603076923076923,0.06983216783216795
p_3954,t3_3aq0ij,t1_cseyfmf,t1_csf3dvk,0.6501268656716416,0.631544117647059,0.018582748024582596
p_3955,t3_3apczi,t1_cseq9zw,t1_csf36xd,0.5664938271604939,0.583080882352941,-0.016587055192447075
p_3956,t3_3anzqm,t1_cseek90,t1_csf57m7,0.5660249307479223,0.6179711538461542,-0.051946223098231936
p_3958,t3_3anfy4,t1_csezvw7,t1_csfvxf5,0.5019571428571429,0.5754270833333335,-0.0734699404761906
p_3959,t3_3amks3,t1_cse04e1,t1_cse06yf,0.6497654320987654,0.6158529411764707,0.03391249092229465
p_3960,t3_3amks3,t1_cse088c,t1_csdzw5z,0.628728260869565,0.6662027027027025,-0.03747444183313753
p_3961,t3_3amjrk,t1_cse2b43,t1_cse2e1a,0.540635220125786,0.6209382716049381,-0.08030305147915207
p_3963,t3_3ajn0a,t1_csda1xc,t1_csd7usc,0.47063888888888894,0.48459090909090907,-0.013952020202020132
p_3964,t3_3ajaa6,t1_csd6bdb,t1_csdib45,0.6015499999999999,0.5954285714285714,0.0061214285714285
p_3965,t3_3aimk2,t1_csd7mip,t1_csd1vz4,0.5887823834196891,0.6537619047619045,-0.06497952134221541
p_3966,t3_3afuie,t1_csc8p2d,t1_cscbdx0,0.5539677419354839,0.6347584745762711,-0.08079073264078718
p_3967,t3_3acxa4,t1_csbkvf8,t1_csbgdpk,0.5539641089108912,0.576741935483871,-0.022777826572979776
p_3968,t3_3aco44,t1_csblx8d,t1_csbjlck,0.6334882812500002,0.6317560975609755,0.0017321836890247244
p_3969,t3_3acm0d,t1_csbe584,t1_csbdx0v,0.5657471264367815,0.5323970588235294,0.0333500676132521
p_3971,t3_3abfdn,t1_csb9hv6,t1_csb2as0,0.6329647887323944,0.5905616438356163,0.0424031448967781
p_3972,t3_3abaqq,t1_csb38zu,t1_csb0t4r,0.5788730158730157,0.6026363636363633,-0.023763347763347653
p_3976,t3_3a8arj,t1_csb25uo,t1_csa740s,0.5740844155844155,0.5259354838709677,0.04814893171344781
p_3975,t3_3a8arj,t1_csa7uvc,t1_csag2ec,0.5365574712643678,0.5422843137254902,-0.005726842461122428
p_3977,t3_3a7ys8,t1_csa4ppt,t1_csakjm1,0.6280746268656718,0.6476538461538461,-0.0195792192881743
p_3978,t3_3a7ys8,t1_csa41uf,t1_csakjm1,0.5340833333333334,0.6476538461538461,-0.11357051282051278
p_3979,t3_3a7ys8,t1_csa7eao,t1_csaftry,0.5922230769230769,0.5930522388059704,-0.0008291618828935032
p_3980,t3_3a6yg4,t1_cs9xgqf,t1_csaitas,0.6490833333333332,0.5313181818181818,0.11776515151515143
p_3981,t3_3a6sfg,t1_cs9tnoi,t1_cs9t2mb,0.5832857142857142,0.6113846153846152,-0.028098901098901008
p_3982,t3_3a6sfg,t1_cs9u81l,t1_csa0tu8,0.5986075949367089,0.6356666666666667,-0.037059071729957815
p_3983,t3_3a6sfg,t1_cs9uuka,t1_cs9v38y,0.6084418604651164,0.6100757575757575,-0.0016338971106411027
p_3985,t3_3a6sfg,t1_cs9ty4c,t1_cs9tcqo,0.5948609271523179,0.5906935483870968,0.004167378765221108
p_3984,t3_3a6sfg,t1_cs9tqur,t1_csa781a,0.6151641791044778,0.6255384615384615,-0.01037428243398364
p_3986,t3_3a6sfg,t1_csacapm,t1_cs9wsj6,0.5816383928571428,0.5516153846153846,0.030023008241758187
p_3987,t3_3a6nix,t1_cs9ymgy,t1_cs9xs4k,0.6025714285714285,0.5071125,0.09545892857142857
p_3988,t3_3a6nix,t1_csa3hjg,t1_cs9xpu5,0.5738921568627451,0.5822029702970294,-0.008310813434284303
p_3989,t3_3a47yn,t1_cs96cyo,t1_cs96mzz,0.5925581395348836,0.6498194444444443,-0.05726130490956072
p_3990,t3_3a44py,t1_cs97753,t1_cs95esh,0.620292,0.6195378151260508,0.0007541848739491819
p_3991,t3_3a44py,t1_cs94osm,t1_cs95esh,0.6452264150943395,0.6195378151260508,0.02568859996828876
p_3992,t3_3a44py,t1_cs95hzu,t1_cs95esh,0.5430545454545455,0.6195378151260508,-0.07648326967150532
p_3996,t3_3a2kst,t1_cs8otu7,t1_cs8qjhb,0.5807844444444443,0.6259900000000002,-0.04520555555555583
p_3997,t3_3a2kps,t1_cs8oy5s,t1_cs8pl4s,0.5608103448275861,0.47830263157894737,0.0825077132486387
p_3998,t3_3a2kps,t1_cs8w2yw,t1_cs8voy5,0.5796974789915967,0.5191538461538461,0.06054363283775066
p_3999,t3_3a27yg,t1_cs8nx8v,t1_cs8njw2,0.5961736111111112,0.6054473684210527,-0.00927375730994151
p_4000,t3_3a27yg,t1_cs8u90i,t1_cs8z4yz,0.59795,0.6152608695652175,-0.017310869565217546
p_4001,t3_3a27yg,t1_cs98bq1,t1_cs8lemy,0.6349488817891369,0.5960535714285715,0.03889531036056537
p_4002,t3_3a1zva,t1_cs8kcyk,t1_cs8k3ho,0.630691176470588,0.6341666666666665,-0.0034754901960785123
p_4003,t3_3a1llw,t1_cs8f5f6,t1_cs8grh5,0.5617,0.6051302083333334,-0.04343020833333344
p_4004,t3_3a1llw,t1_cs8otpf,t1_cs8epuj,0.6173898305084745,0.6746153846153846,-0.057225554106910104
p_4006,t3_39y3l4,t1_cs7hm0x,t1_cs7hrpe,0.5981999999999998,0.5785454545454546,0.019654545454545258
p_4007,t3_39xc0u,t1_cs7s05a,t1_cs7ksi5,0.5894762711864407,0.5628140495867766,0.026662221599664138
p_4008,t3_39vjw8,t1_cs6yty8,t1_cs75jk8,0.6400996376811597,0.686356557377049,-0.0462569196958893
p_4009,t3_39tm84,t1_cs6dg04,t1_cs6p5zn,0.6268609467455623,0.6205579710144928,0.006302975731069416
p_4010,t3_39rlhg,t1_cs604vg,t1_cs5u7z4,0.5036923076923077,0.536625,-0.03293269230769236
p_4011,t3_39rlhg,t1_cs61rw2,t1_cs5u7z4,0.5185875370919879,0.536625,-0.018037462908012114
p_4012,t3_39r7s6,t1_cs5qjkd,t1_cs5pexs,0.5562228260869564,0.5980249999999998,-0.04180217391304342
p_4013,t3_39pwzl,t1_cs5e1x6,t1_cs5dyl3,0.6178373493975903,0.5876956521739131,0.03014169722367721
p_4015,t3_39o24x,t1_cs51oox,t1_cs53w1p,0.6098333333333333,0.5668472222222225,0.042986111111110836
p_4019,t3_39o24x,t1_cs519gf,t1_cs53w1p,0.6027395833333332,0.5668472222222225,0.035892361111110715
p_4018,t3_39o24x,t1_cs51cou,t1_cs51mes,0.6502391304347827,0.5849791666666668,0.06525996376811583
p_4020,t3_39mibw,t1_cs4mto6,t1_cs4n3wq,0.6468196721311475,0.6736315789473686,-0.02681190681622103
p_4022,t3_39mgic,t1_cs4lprf,t1_cs6cp67,0.6206086956521739,0.58190625,0.038702445652173956
p_4024,t3_39kdu2,t1_cs44pon,t1_cs433uj,0.6202338709677417,0.5967,0.023533870967741732
p_4025,t3_39jwup,t1_cs46pqo,t1_cs4a7ru,0.5764516129032262,0.5552418397626112,0.021209773140615007
p_4026,t3_39int7,t1_cs3rx5b,t1_cs3s38w,0.6112355371900827,0.5872130434782609,0.024022493711821857
p_4027,t3_39int7,t1_cs3qpta,t1_cs3s2nm,0.5746666666666665,0.6775,-0.10283333333333344
p_4028,t3_39gzr7,t1_cs3agsc,t1_cs3ibde,0.6487395833333333,0.5829021739130436,0.0658374094202897
p_4029,t3_39gecw,t1_cs34hhp,t1_cs34bq6,0.6643793103448274,0.5769,0.08747931034482748
p_4032,t3_39fdgq,t1_cs2vs00,t1_cs3vhdu,0.5638076923076923,0.5582432432432433,0.005564449064449084
p_4034,t3_39cnaw,t1_cs2c2cg,t1_cs2ak8s,0.6002579365079365,0.67953125,-0.07927331349206357
p_4037,t3_39an4v,t1_cs1rnz3,t1_cs1qvzv,0.5547499999999999,0.5551666666666667,-0.0004166666666668428
p_4038,t3_3973q1,t1_cs0zdjz,t1_cs0x3jw,0.5662951807228915,0.5825833333333332,-0.016288152610441697
p_4040,t3_396i03,t1_cs0u4rr,t1_cs1pfx6,0.4575769230769232,0.5637887323943664,-0.10621180931744323
p_4041,t3_396ds4,t1_cs0r30x,t1_cs0rkfk,0.48764814814814816,0.5766938775510203,-0.08904572940287214
p_4042,t3_396ds4,t1_cs0pu9z,t1_cs0rkfk,0.5736666666666668,0.5766938775510203,-0.0030272108843535372
p_4045,t3_394d49,t1_cs0kixk,t1_cs0kzwk,0.5963428571428568,0.5798000000000001,0.01654285714285675
p_4046,t3_393acp,t1_cs0gkne,t1_cs03ftc,0.5618970588235294,0.5963387096774193,-0.03444165085388995
p_4047,t3_391syd,t1_crzm90i,t1_crzmejp,0.6276441441441438,0.588826923076923,0.03881722106722085
p_4050,t3_38x3jr,t1_cryip44,t1_crys2g6,0.5725607476635515,0.565938596491228,0.006622151172323454
p_4051,t3_38wxwu,t1_cryi2ij,t1_crygq09,0.6612750000000001,0.648274193548387,0.013000806451613056
p_4052,t3_38wrju,t1_crygoz5,t1_cryxmv8,0.48094642857142855,0.6698913043478261,-0.18894487577639751
p_4054,t3_38s7v1,t1_crxxvxw,t1_crxhlos,0.5857432432432432,0.6107441860465114,-0.025000942803268145
p_4056,t3_38qcbx,t1_crx7b22,t1_crx75t9,0.4637162162162163,0.5232857142857142,-0.05956949806949796
p_4057,t3_38pbd5,t1_crwsbqv,t1_crxjvmc,0.5659367088607593,0.5859857142857143,-0.020049005424955024
p_4060,t3_38nv4x,t1_crwj8qj,t1_crwnz8i,0.6552131147540982,0.6174666666666666,0.03774644808743155
p_4061,t3_38nv4x,t1_crwoni8,t1_crwub6q,0.6056732954545453,0.6323437499999999,-0.02667045454545458
p_4062,t3_38lqjc,t1_crvzt6q,t1_crvzmx5,0.5142553191489361,0.589558510638298,-0.07530319148936193
p_4063,t3_38kv3z,t1_crwg43c,t1_crxycdw,0.6286626984126984,0.6256274509803922,0.0030352474323062095
p_4064,t3_38ks5m,t1_crvtej9,t1_crvxmr6,0.5523509615384613,0.5571174242424242,-0.004766462703962859
p_4065,t3_38jijq,t1_crvigw7,t1_crvi4ft,0.5453354430379744,0.5202954545454547,0.02503998849251976
p_4068,t3_38hvec,t1_crv5pod,t1_crva2wu,0.564380239520958,0.5089008620689655,0.055479377451992495
p_4070,t3_38hvec,t1_crvb81l,t1_crvbp5u,0.3698636363636363,0.44442857142857134,-0.07456493506493506
p_4071,t3_38esaa,t1_cruufn4,t1_cruhp7v,0.5433939393939394,0.6118214285714286,-0.0684274891774892
p_4072,t3_38ehc6,t1_crug3c6,t1_cruge8m,0.703445054945055,0.6357068965517242,0.06773815839333086
p_4073,t3_38ehc6,t1_crufbnb,t1_cruge8m,0.6493611111111108,0.6357068965517242,0.013654214559386646
p_4074,t3_38b3d9,t1_crtqxff,t1_crtzoqd,0.5921578947368421,0.5476570512820512,0.044500843454790884
p_4075,t3_38ah82,t1_crtkrsw,t1_crtl6k2,0.6195589743589742,0.612042372881356,0.007516601477618234
p_4078,t3_3856c4,t1_crsfw83,t1_crsdpxt,0.6134912280701754,0.6045833333333333,0.00890789473684217
p_4079,t3_383qcb,t1_crs0xzi,t1_crs1phn,0.6200322580645161,0.6587820512820514,-0.038749793217535244
p_4080,t3_383qcb,t1_crs37s2,t1_crs5obi,0.6089891304347826,0.6180932835820896,-0.009104153147306948
p_4081,t3_382uqn,t1_crrvd7b,t1_crsvp2m,0.6565384615384614,0.64430625,0.012232211538461435
p_4084,t3_382uqn,t1_crsgxg7,t1_crsvp2m,0.6600075757575756,0.64430625,0.015701325757575657
p_4085,t3_381ey6,t1_crrlwhm,t1_crrsigq,0.5720233918128653,0.5911619047619049,-0.019138512949039566
p_4086,t3_381ey6,t1_crrj8n5,t1_crrl2sb,0.5228333333333334,0.5885232558139534,-0.06568992248062
p_4087,t3_381ey6,t1_crrj6x9,t1_crrsoh1,0.5908636363636363,0.6893166666666669,-0.09845303030303065
p_4088,t3_3814fe,t1_crs7vs7,t1_crrr3vr,0.5397,0.6475156250000002,-0.10781562500000019
p_4089,t3_3814fe,t1_crrqjbh,t1_crrr3vr,0.676442857142857,0.6475156250000002,0.028927232142856862
p_4090,t3_37ypcc,t1_crqzfaw,t1_crrcx9w,0.6566964285714284,0.5529864864864864,0.103709942084942
p_4092,t3_37x4xe,t1_crqnq2r,t1_crqlwke,0.5666129032258065,0.6289545454545452,-0.062341642228738725
p_4095,t3_37ug2e,t1_crpxli7,t1_crpxq2o,0.5954482758620692,0.6492333333333333,-0.053785057471264164
p_4096,t3_37u8cs,t1_crpxfwt,t1_crq0vt4,0.6118666666666666,0.6117580645161288,0.00010860215053776212
p_4098,t3_37te7r,t1_crq15b7,t1_crpr6qy,0.5920969387755102,0.632357142857143,-0.04026020408163278
p_4100,t3_37scpk,t1_crpm7rq,t1_crphi3e,0.6001576576576577,0.6247833333333332,-0.02462567567567553
p_4099,t3_37scpk,t1_crpjym2,t1_crpj42q,0.6551077586206897,0.6259285714285714,0.029179187192118317
p_4101,t3_37r5aa,t1_crp4yya,t1_crp52u5,0.6113653846153846,0.5878139534883721,0.023551431127012523
p_4102,t3_37p0d8,t1_crolmg0,t1_cros9jk,0.6506106194690268,0.6491805555555555,0.0014300639134712245
p_4103,t3_37p0d8,t1_crolte5,t1_cror8od,0.6611996047430825,0.6707164179104477,-0.00951681316736519
p_4105,t3_37okwz,t1_crol9eo,t1_crohrkg,0.53555,0.5562162162162162,-0.020666216216216227
p_4104,t3_37okwz,t1_croli1i,t1_croiuun,0.5664013157894737,0.49632432432432433,0.0700769914651494
p_4107,t3_37nxjn,t1_crotvnl,t1_crobn4e,0.6245762711864405,0.4744464285714286,0.15012984261501194
p_4108,t3_37nv7l,t1_crobgcl,t1_croatus,0.5037363636363636,0.5362222222222222,-0.03248585858585851
p_4109,t3_37nv7l,t1_crod5fw,t1_crobejx,0.520423076923077,0.42993421052631575,0.09048886639676124
p_4113,t3_37jfl3,t1_crn7z3i,t1_crn9n8h,0.5775137931034482,0.5621768867924527,0.01533690631099549
p_4114,t3_37jfl3,t1_cro542n,t1_crn9n8h,0.6549647058823531,0.5621768867924527,0.09278781908990041
p_4115,t3_37jfl3,t1_crn8fep,t1_crnb7qs,0.6294795918367346,0.542,0.0874795918367346
p_4116,t3_37j0tw,t1_crnmek9,t1_crn4uka,0.6118168316831684,0.5987118644067797,0.013104967276388657
p_4117,t3_37i8f6,t1_crn97hc,t1_crn6u5k,0.6298215613382898,0.6106515151515151,0.01917004618677476
p_4119,t3_37i8f6,t1_crnc1m6,t1_crn6u5k,0.5905478260869567,0.6106515151515151,-0.020103689064558394
p_4122,t3_37h70b,t1_crnpv8h,t1_crmnqm8,0.6227758620689658,0.604892857142857,0.017883004926108836
p_4124,t3_37h2pb,t1_crmzdc2,t1_crn24i7,0.574988888888889,0.5999522058823529,-0.02496331699346388
p_4125,t3_37gzdo,t1_crmlb6i,t1_crml5su,0.5172777777777777,0.5656428571428572,-0.0483650793650795
p_4127,t3_37gzdo,t1_crn13m3,t1_crmleve,0.6158695652173913,0.5481595744680852,0.06770999074930617
p_4126,t3_37gzdo,t1_crmpjd9,t1_crmq520,0.6335862068965518,0.5669137931034482,0.06667241379310351
p_4128,t3_37gq9y,t1_crmtqyf,t1_crmj7w5,0.5211355932203389,0.5819356435643566,-0.0608000503440177
p_4129,t3_37fpzj,t1_crmgunx,t1_crmev4y,0.5820245901639344,0.5831710526315789,-0.0011464624676444934
p_4130,t3_37e6il,t1_crlxhoh,t1_crlycu1,0.6886547619047619,0.5631666666666668,0.12548809523809512
p_4131,t3_37e6il,t1_crmbvpl,t1_crmbrw9,0.5065390070921985,0.6260446428571429,-0.11950563576494444
p_4132,t3_37c5ei,t1_crmai65,t1_crlk9hq,0.5913759791122717,0.574520366598778,0.016855612513493656
p_4133,t3_37b2pr,t1_crlhcyw,t1_crld5qe,0.5867216216216217,0.6011366197183101,-0.014414998096688447
p_4134,t3_37956u,t1_crku1nj,t1_crktasi,0.6066155172413797,0.5990186567164179,0.00759686052496189
p_4136,t3_376s9u,t1_crkaoej,t1_crk67b4,0.6596483050847459,0.5922413793103448,0.0674069257744011
p_4137,t3_376s9u,t1_crkcdfq,t1_crk61cm,0.5616491228070175,0.6035729166666666,-0.04192379385964906
p_4138,t3_375cgq,t1_crjtlue,t1_crkdcxu,0.5407985074626868,0.577527027027027,-0.0367285195643402
p_4139,t3_375cgq,t1_crju8kq,t1_crju0u6,0.6011511627906977,0.5828740740740741,0.01827708871662359
p_4140,t3_374p4i,t1_crjo7t9,t1_crjoxub,0.5957049180327869,0.6098861386138614,-0.014181220581074516
p_4141,t3_373lxk,t1_crjfcxr,t1_crjh3wk,0.6236369863013699,0.6342652173913044,-0.010628231089934492
p_4146,t3_371vcx,t1_crj0j6i,t1_crj1d9h,0.6293953488372094,0.6594999999999999,-0.030104651162790486
p_4147,t3_371t9v,t1_criyct1,t1_criz1vm,0.5976744186046512,0.5874655172413794,0.010208901363271794
p_4148,t3_371jts,t1_crj5qge,t1_crj0124,0.5357121212121211,0.5549148936170213,-0.019202772404900204
p_4149,t3_371iek,t1_criw393,t1_criw4gt,0.5540103092783507,0.563545751633987,-0.009535442355636303
p_4151,t3_37131i,t1_crit8xo,t1_crise8t,0.44249637681159415,0.5614158415841584,-0.11891946477256421
p_4152,t3_37131i,t1_crizuk3,t1_crise8t,0.4677191489361702,0.5614158415841584,-0.09369669264798813
p_4153,t3_370rik,t1_crj6cfx,t1_crj8cj7,0.5383488372093024,0.5673647058823532,-0.029015868673050838
p_4154,t3_36wmyv,t1_crhsd0m,t1_crhpets,0.625804347826087,0.6705200000000001,-0.044715652173913156
p_4155,t3_36utu6,t1_crhapyz,t1_crhjyof,0.5988670212765955,0.573708333333333,0.02515868794326248
p_4156,t3_36utu6,t1_crh9yic,t1_crhhhv0,0.573112068965517,0.6158303571428572,-0.042718288177340136
p_4157,t3_36utu6,t1_crhghlc,t1_crhhhv0,0.5928189655172413,0.6158303571428572,-0.02301139162561583
p_4158,t3_36utu6,t1_crhdevz,t1_crhc46p,0.6339678217821785,0.5871000000000001,0.04686782178217841
p_4159,t3_36utu6,t1_crhsu1b,t1_crhjyof,0.6082093023255815,0.573708333333333,0.034500968992248415
p_4160,t3_36utu6,t1_crhkv7d,t1_crhubbh,0.5935191082802551,0.629358823529412,-0.035839715249156856
p_4161,t3_36utu6,t1_crhdith,t1_crhc46p,0.6451904761904765,0.5871000000000001,0.05809047619047647
p_4163,t3_36u3s6,t1_crh9c6f,t1_crh4b3c,0.5977499999999999,0.6109035087719297,-0.013153508771929778
p_4164,t3_36tyf9,t1_crh4v0f,t1_crh37pw,0.6075531914893615,0.5998480392156861,0.0077051522736754086
p_4165,t3_36t890,t1_crgxzpm,t1_crhepb2,0.6248586956521739,0.6406884057971013,-0.0158297101449274
p_4166,t3_36rxl7,t1_crlw8uo,t1_crgw0wb,0.6117631578947369,0.5691718749999998,0.042591282894737126
p_4168,t3_36r305,t1_crgcbrk,t1_crgb0m6,0.6231923076923077,0.584032258064516,0.03916004962779174
p_4169,t3_36r305,t1_crgbung,t1_crgk9p9,0.584919540229885,0.5454081632653061,0.03951137696457896
p_4170,t3_36r305,t1_crgbjl7,t1_crgfecc,0.6019642857142857,0.5197307692307692,0.08223351648351651
p_4171,t3_36r305,t1_crgf3i9,t1_crgfecc,0.5443867924528303,0.5197307692307692,0.024656023222061063
p_4172,t3_36r305,t1_crgfk2y,t1_crgfecc,0.6305277777777777,0.5197307692307692,0.11079700854700847
p_4175,t3_36nz4d,t1_crfsbub,t1_crfkxmv,0.5798275862068966,0.49666666666666665,0.08316091954022992
p_4176,t3_36nz4d,t1_crfn04f,t1_crfnywz,0.5831447368421052,0.6065992647058823,-0.023454527863777108
p_4177,t3_36ncax,t1_crfgebl,t1_crffh1u,0.6543333333333332,0.5602575757575758,0.09407575757575737
p_4180,t3_36iee8,t1_cre9a2g,t1_cretabl,0.5567933333333333,0.5711957364341087,-0.014402403100775452
p_4181,t3_36iee8,t1_crez4hc,t1_cretabl,0.5978979118329469,0.5711957364341087,0.026702175398838235
p_4182,t3_36htjx,t1_cre64ad,t1_cre4lsx,0.4977028301886791,0.5410773809523809,-0.04337455076370178
p_4187,t3_36gp4w,t1_crdult8,t1_cree54y,0.5341562500000001,0.6493548387096773,-0.11519858870967714
p_4188,t3_36fnl9,t1_crdkebp,t1_crdk3ku,0.5651976744186047,0.6298846153846154,-0.06468694096601069
p_4189,t3_36fllr,t1_cre4905,t1_crdk6ds,0.5556785714285714,0.5209897959183675,0.034688775510203884
p_4190,t3_36eadt,t1_crd7ceh,t1_crdmuo9,0.629041095890411,0.6121206896551724,0.016920406235238605
p_4191,t3_36dprt,t1_crd5jwj,t1_crd60jm,0.5631264367816091,0.5697983870967743,-0.006671950315165209
p_4192,t3_36ckmk,t1_crcyaft,t1_crcrx2m,0.6381678082191781,0.6262831325301204,0.011884675689057711
p_4193,t3_36cadv,t1_crd31fu,t1_crcyh42,0.485727777777778,0.5308962264150944,-0.045168448637316394
p_4195,t3_36az4a,t1_crccjno,t1_crcd94m,0.5926923076923076,0.5229325842696627,0.06975972342264491
p_4196,t3_36az4a,t1_crcdumw,t1_crcd94m,0.6098947368421053,0.5229325842696627,0.08696215257244255
p_4203,t3_366935,t1_crb48sd,t1_crb93o7,0.5974875776397516,0.6311213235294122,-0.033633745889660616
p_4204,t3_366935,t1_crb5ovt,t1_crb4po1,0.6173548387096776,0.6711,-0.053745161290322474
p_4205,t3_366935,t1_crb3q3x,t1_crb93o7,0.5940923566878981,0.6311213235294122,-0.03702896684151413
p_4207,t3_3633hr,t1_cracfoy,t1_craetek,0.47189999999999993,0.6109365079365079,-0.13903650793650796
p_4213,t3_362xxo,t1_craazhe,t1_cra7vj8,0.6709772727272726,0.6028309859154926,0.06814628681178003
p_4212,t3_362xxo,t1_cra91kz,t1_cra8egz,0.6508433962264146,0.6512127659574467,-0.0003693697310320765
p_4208,t3_362xxo,t1_cra9nj2,t1_cra8egz,0.6421547619047623,0.6512127659574467,-0.00905800405268442
p_4209,t3_362xxo,t1_cra9bnt,t1_cra8egz,0.6107627118644069,0.6512127659574467,-0.04045005409303981
p_4214,t3_362xxo,t1_crabevn,t1_cra82mu,0.7211388888888889,0.5763230769230768,0.14481581196581206
p_4211,t3_362xxo,t1_cra8ccq,t1_cra85vs,0.6601190476190476,0.6823467741935483,-0.022227726574500672
p_4215,t3_361st8,t1_cr9wx17,t1_craeuvo,0.6503978494623656,0.6642980769230769,-0.01390022746071129
p_4216,t3_361st8,t1_cra0mwx,t1_cra9gv9,0.5716959459459461,0.6056596638655461,-0.03396371791960007
p_4217,t3_361st8,t1_craiwvx,t1_cra9gv9,0.6755984848484847,0.6056596638655461,0.06993882098293858
p_4218,t3_361cys,t1_cr9yzkw,t1_cr9y5g8,0.6191135646687697,0.49462222222222235,0.1244913424465473
p_4219,t3_361cys,t1_cr9xgc0,t1_cr9t6qc,0.5645491071428571,0.6025740740740739,-0.03802496693121682
p_4220,t3_360lwk,t1_cr9nixj,t1_cr9oak1,0.6248601190476191,0.638554054054054,-0.013693935006434899
p_4221,t3_360du5,t1_cr9k2gr,t1_cr9jhq4,0.6058437500000001,0.6670652173913042,-0.061221467391304074
p_4222,t3_35zzer,t1_cr9gnue,t1_cr9i6m0,0.620537037037037,0.5938666666666664,0.026670370370370566
p_4223,t3_35zi4m,t1_cr9bdwl,t1_cr9fc4y,0.539604938271605,0.5234500000000001,0.01615493827160497
p_4224,t3_35zguh,t1_cr9iv5x,t1_cr9h75a,0.5803333333333333,0.5289259259259259,0.051407407407407346
p_4226,t3_35z1es,t1_cr96tzb,t1_cr9571k,0.5775432098765432,0.5582413793103447,0.019301830566198497
p_4227,t3_35z1es,t1_cr99c3w,t1_cr9d0dl,0.5775109289617483,0.6403006993006994,-0.06278977033895117
p_4228,t3_35y0qf,t1_cr8wgnx,t1_cr8vi2j,0.5837175925925926,0.6001523178807944,-0.01643472528820178
p_4229,t3_35wjd8,t1_cr8v07h,t1_cr8jbs1,0.5303060344827586,0.5882788461538462,-0.05797281167108759
p_4230,t3_35w8v2,t1_cr8f3v2,t1_cr8f9ax,0.6513461538461538,0.6063181818181818,0.04502797202797204
p_4231,t3_35w8v2,t1_cr8irdf,t1_cr8gplq,0.616586956521739,0.6445227272727272,-0.027935770750988187
p_4233,t3_35toyd,t1_cr7qd1b,t1_cr85c8b,0.62928,0.708625,-0.079345
p_4234,t3_35toyd,t1_cr7oo3y,t1_cr7xf53,0.707475,0.693046511627907,0.014428488372092985
p_4235,t3_35sw2p,t1_cr7kk4p,t1_cr7ne8m,0.6024921259842522,0.6102469135802469,-0.007754787595994683
p_4237,t3_35s5bb,t1_cr7fgpo,t1_cr7juob,0.5443877551020408,0.5341341463414635,0.010253608760577348
p_4240,t3_35ruv5,t1_cr7clfr,t1_cr7cinv,0.48730000000000007,0.45433333333333326,0.03296666666666681
p_4239,t3_35ruv5,t1_cr7bycz,t1_cr7d0y4,0.5103895348837211,0.4585602409638552,0.05182929391986585
p_4241,t3_35peeu,t1_cr6ssh1,t1_cr7l53q,0.6073813953488373,0.5963360655737705,0.011045329775066781
p_4242,t3_35oag9,t1_cr6dn1m,t1_cr6gxvj,0.630767441860465,0.639939393939394,-0.009171952078929069
p_4243,t3_35oag9,t1_cr6m2hi,t1_cr6gxvj,0.6599,0.639939393939394,0.019960606060606012
p_4244,t3_35mgfp,t1_cr5tt2i,t1_cr68z3e,0.5993551401869159,0.6011296296296296,-0.0017744894427136337
p_4245,t3_35mgfp,t1_cr61twj,t1_cr5t999,0.5925258620689654,0.5732631578947367,0.019262704174228706
p_4246,t3_35mgfp,t1_cr5rof8,t1_cr68z3e,0.5343636363636365,0.6011296296296296,-0.06676599326599308
p_4247,t3_35md5x,t1_cr5qlbl,t1_cr6fywq,0.5546358695652174,0.5755156249999999,-0.020879755434782488
p_4249,t3_35k9i9,t1_cr5buw4,t1_cr5km5t,0.5532226890756303,0.553090909090909,0.00013177998472135855
p_4252,t3_35gi8x,t1_cr4ky6p,t1_cr49czs,0.5374999999999999,0.5993782051282049,-0.06187820512820508
p_4253,t3_35gi8x,t1_cr4s724,t1_cr49czs,0.5728681818181816,0.5993782051282049,-0.02651002331002339
p_4254,t3_35foy9,t1_cr3z6dk,t1_cr4asiu,0.5762962962962963,0.5686686046511626,0.007627691645133661
p_4257,t3_35foy9,t1_cr3z34g,t1_cr46bgq,0.5742105263157894,0.6120758620689652,-0.037865335753175855
p_4258,t3_35foy9,t1_cr45f27,t1_cr4asiu,0.5894703389830508,0.5686686046511626,0.020801734331888144
p_4260,t3_35fjb1,t1_cr49j5s,t1_cr3xa7x,0.6036750000000002,0.6145517241379311,-0.010876724137930949
p_4262,t3_35bc4b,t1_cr2suj3,t1_cr2s3nt,0.5760990099009901,0.5903165137614679,-0.01421750386047782
p_4263,t3_35bc4b,t1_cr2sadm,t1_cr2soeg,0.6024,0.5697089552238804,0.032691044776119615
