pair_id,root_id,success_id,failure_id,word_entropy_success,word_entropy_failure,difference_success_minus_failure
p_1,t3_2ro9ux,t1_cnhplrm,t1_cnhqcwz,3.8799451897702815,4.087364530905409,-0.20741934113512794
p_2,t3_2ro0ti,t1_cnhuxye,t1_cnhowj2,3.7457202688856954,4.17397231290646,-0.42825204402076444
p_3,t3_2rnr30,t1_cni3o83,t1_cnhlmdo,4.980733940015736,4.998714912269471,-0.01798097225373496
p_5,t3_2rnfn0,t1_cnigfd9,t1_cnhjtqq,5.14843614892011,4.819004377074925,0.3294317718451856
p_6,t3_2rmy6e,t1_cnhc8a5,t1_cnhmkxc,4.902353810880017,5.126716039070841,-0.22436222819082374
p_7,t3_2rmy6e,t1_cnhjqws,t1_cnhmkxc,5.053678329482634,5.126716039070841,-0.0730377095882071
p_11,t3_2rkzen,t1_cngw4hp,t1_cnhjlf9,3.3815150426355935,4.242473970934342,-0.8609589282987486
p_12,t3_2rkjr3,t1_cngqb7p,t1_cnhhz9u,4.812951103196381,4.257938906500138,0.5550121966962429
p_13,t3_2rk7my,t1_cngooa8,t1_cngpiso,3.770401308230939,4.345865678463553,-0.5754643702326137
p_14,t3_2rk7my,t1_cngoaq7,t1_cngoke7,3.7048689609881325,3.7205864811842217,-0.015717520196089296
p_15,t3_2rgs7o,t1_cngkdic,t1_cnfu7mt,4.659669613556769,4.25632997859661,0.403339634960159
p_18,t3_2rd7mg,t1_cnetiqi,t1_cnfbr75,4.702847891496472,4.847966601341561,-0.14511870984508857
p_19,t3_2rd7mg,t1_cnethg8,t1_cnevo8r,4.005763057534178,4.075836276833807,-0.07007321929962895
p_20,t3_2rcsdh,t1_cneonwb,t1_cnerq8q,4.676474500456316,4.596432339586337,0.08004216086997928
p_21,t3_2rcsdh,t1_cnepre9,t1_cneta9f,4.525184423872651,4.122101571691952,0.40308285218069884
p_22,t3_2rcsdh,t1_cnerrix,t1_cnerq8q,4.281311182468301,4.596432339586337,-0.31512115711803634
p_24,t3_2rcpqy,t1_cnen833,t1_cneniy0,3.9768721136701886,3.254531709237621,0.7223404044325674
p_25,t3_2rc3p3,t1_cnelqn6,t1_cnejze0,4.685096478606898,4.564457590426501,0.12063888818039725
p_26,t3_2rawgb,t1_cneyhn7,t1_cnerfm7,5.35029417216795,5.36890697008967,-0.01861279792171988
p_28,t3_2r7f0g,t1_cnd8t6p,t1_cnd4xb4,4.727796326086496,4.78778656396104,-0.05999023787454405
p_29,t3_2r6fw9,t1_cnczhfc,t1_cncxwgs,4.060657266561308,4.002059212938869,0.05859805362243886
p_30,t3_2r6a86,t1_cncxf4c,t1_cncxj5i,4.878556596535376,4.5657777335463,0.3127788629890764
p_31,t3_2r6a86,t1_cncz7ep,t1_cnd1czm,4.955196537566819,5.068575511950445,-0.11337897438362532
p_32,t3_2r6a86,t1_cncx9n7,t1_cnd9u6t,4.604395260590334,4.347031569491884,0.25736369109845025
p_33,t3_2r5o9o,t1_cncqcjt,t1_cncwesf,4.33620077555328,3.701533505166791,0.6346672703864891
p_34,t3_2r5o9o,t1_cncp4k9,t1_cncvoxh,3.7955595075155877,3.6020442729072384,0.1935152346083493
p_35,t3_2r5o9o,t1_cncqhhb,t1_cncpluh,4.454440950252298,3.803553894148406,0.6508870561038922
p_36,t3_2r4u3k,t1_cncry40,t1_cncnikt,4.390048150900453,4.785670572203859,-0.39562242130340586
p_37,t3_2r4b8f,t1_cnch3ur,t1_cnchpr4,5.222491199097945,4.635950285437975,0.5865409136599702
p_38,t3_2r3fa4,t1_cnc4l6o,t1_cnc6h09,4.28671393604673,3.8158006896844086,0.4709132463623211
p_39,t3_2r39y4,t1_cnc2apj,t1_cnc69pi,4.012446996706148,4.168700215393026,-0.1562532186868788
p_41,t3_2r1qfw,t1_cnd3gva,t1_cnbpxtc,4.314360028760928,4.192807189976312,0.12155283878461542
p_42,t3_2r1omi,t1_cnblplo,t1_cnblyk8,3.6746700958393443,3.856984745741875,-0.18231464990253077
p_43,t3_2r1omi,t1_cnby5pl,t1_cnbl7tt,4.501629354912674,3.7530438698008832,0.7485854851117906
p_44,t3_2r17g1,t1_cnbjfmc,t1_cnbjh0e,4.170744556539965,3.889182953720717,0.28156160281924825
p_45,t3_2r0eyf,t1_cncjlq6,t1_cnb8f1r,4.5231679877094395,4.207308312272023,0.3158596754374168
p_47,t3_2r07cv,t1_cnb5yjj,t1_cnbl2z0,4.087088925086809,4.281081715447473,-0.19399279036066375
p_50,t3_2qzudy,t1_cnb75td,t1_cnb72w5,4.791527696427798,3.7385819288708513,1.0529457675569471
p_51,t3_2qy21w,t1_cnaozch,t1_cnaxt0m,3.409270960256177,4.282205755861295,-0.8729347956051177
p_52,t3_2qvzyh,t1_cna6cd3,t1_cna4m9p,3.804173886786264,4.03427916940863,-0.23010528262236596
p_54,t3_2qu6fg,t1_cn9rm4s,t1_cn9jqcy,4.426842493381238,4.091322026774234,0.3355204666070035
p_55,t3_2qtorn,t1_cn9ejzb,t1_cn9ezot,4.513583313725301,4.209310485597414,0.30427282812788725
p_56,t3_2qslmz,t1_cn96gyu,t1_cn96797,5.30932185510548,5.047193399507669,0.2621284555978116
p_57,t3_2qrlmm,t1_cn8uzj9,t1_cna3vcn,3.7237766215806043,4.223751850073323,-0.4999752284927186
p_58,t3_2qrlmm,t1_cn8va27,t1_cna3vcn,5.06548697111833,4.223751850073323,0.8417351210450068
p_59,t3_2qrbaf,t1_cn9b6ar,t1_cnajqzu,4.518324483661135,4.624199295847001,-0.10587481218586614
p_60,t3_2qr8gn,t1_cn8tm9p,t1_cn8zxwa,4.154014513044712,4.070751536589139,0.08326297645557279
p_61,t3_2qr8gn,t1_cn9b5po,t1_cn8tfsm,4.810850384209744,5.223768637577942,-0.4129182533681979
p_62,t3_2qqxoy,t1_cn8oez8,t1_cn8o8sq,4.718270624661736,4.182673964053446,0.5355966606082898
p_63,t3_2qqa7z,t1_cn8hti0,t1_cn8hi2i,4.789037241518583,4.506211658909367,0.28282558260921675
p_64,t3_2qnzap,t1_cn7zx81,t1_cn7wwbo,4.94851020570341,4.850642833768808,0.09786737193460127
p_65,t3_2qnzap,t1_cn7x1ic,t1_cn7zlhv,4.63933363634018,3.9736380863525103,0.66569554998767
p_66,t3_2qnu4z,t1_cn7xcvt,t1_cn8idg6,4.984608331137589,4.552682353582811,0.43192597755477813
p_67,t3_2qnu4z,t1_cn7wrhe,t1_cn8idg6,4.611929916085226,4.552682353582811,0.05924756250241536
p_68,t3_2qncj3,t1_cn7tqy5,t1_cn7wgim,4.634531631973391,4.8322622853240045,-0.19773065335061357
p_73,t3_2qia6o,t1_cn7l5g4,t1_cn6ogzo,4.776546103350574,4.434703428275014,0.34184267507555965
p_72,t3_2qia6o,t1_cn6rxow,t1_cn6ot0g,5.03946407266728,5.123710437458738,-0.08424636479145775
p_74,t3_2qgpie,t1_cn620d0,t1_cn5z7c0,5.224932975097834,3.852764784518235,1.3721681905795995
p_77,t3_2qc1rl,t1_cn5sqpz,t1_cn50cq3,4.789159811357951,4.850998600151039,-0.061838788793087573
p_80,t3_2qaf6l,t1_cn4h6d8,t1_cn4ba9v,4.774821103419923,4.8157937363436,-0.04097263292367703
p_81,t3_2q9fkx,t1_cn46e20,t1_cn4ebjb,4.584601358529395,4.768601100796201,-0.18399974226680627
p_83,t3_2q6x54,t1_cn3lhe7,t1_cn3f94v,4.233882793927116,3.817045638119523,0.4168371558075936
p_84,t3_2q6k6o,t1_cn3clj6,t1_cn3c0uh,4.718450990779155,4.77034347661001,-0.05189248583085426
p_85,t3_2q6816,t1_cn3a5px,t1_cn38xe9,4.437009696146985,4.935956593092461,-0.4989468969454762
p_86,t3_2q6816,t1_cn3875x,t1_cn3b495,3.882601386157053,4.058452129394695,-0.17585074323764172
p_90,t3_2q388d,t1_cn2e530,t1_cn2pyft,4.197276770028141,4.140884650817302,0.0563921192108392
p_91,t3_2q388d,t1_cn2eaqu,t1_cn2pyft,3.777764832733998,4.140884650817302,-0.36311981808330396
p_92,t3_2q388d,t1_cn2re9b,t1_cn2pyft,5.148846617488833,4.140884650817302,1.0079619666715312
p_93,t3_2q388d,t1_cn2e6rz,t1_cn2j7o1,4.290014677186471,3.7932106658450837,0.49680401134138696
p_94,t3_2q2cxc,t1_cn28of2,t1_cn2g775,4.576383055047043,4.805170917967753,-0.22878786292070963
p_96,t3_2q0dpm,t1_cn1ti5g,t1_cn1p49g,4.741334582567319,4.195996699193277,0.5453378833740423
p_101,t3_2pxqz4,t1_cn13ybe,t1_cn0y99z,4.1619077424543685,3.965178700137366,0.19672904231700228
p_98,t3_2pxqz4,t1_cn11dcw,t1_cn0y99z,4.320608449731258,3.965178700137366,0.3554297495938914
p_99,t3_2pxqz4,t1_cn0znyb,t1_cn0y99z,4.246472846380971,3.965178700137366,0.28129414624360516
p_100,t3_2pxqz4,t1_cn11u7e,t1_cn12dq3,4.73390136031827,4.213768009436117,0.5201333508821531
p_103,t3_2pww37,t1_cn0q1m7,t1_cn0vhkj,4.0404822539696585,3.8451366151700337,0.19534563879962485
p_105,t3_2pt2b2,t1_cmztgqz,t1_cmzvst5,4.756099317509331,4.359909935514342,0.3961893819949891
p_106,t3_2pt2b2,t1_cmzx0i4,t1_cmzv05o,3.9013174429373967,4.212584312945595,-0.31126687000819864
p_107,t3_2ps2mr,t1_cmzhxux,t1_cmzyju1,4.860417382865223,5.119962566637872,-0.2595451837726488
p_108,t3_2pqfx4,t1_cmzmqbt,t1_cmz3fhx,5.113984273481322,4.50183073782535,0.6121535356559722
p_109,t3_2ppxgu,t1_cmz3fxo,t1_cmz3hz0,4.854622926282148,4.452777765732295,0.4018451605498532
p_110,t3_2pp7pp,t1_cmyupjh,t1_cmyxcrc,4.973891690450527,5.7563594809930265,-0.7824677905424995
p_112,t3_2pnm9s,t1_cmytc0t,t1_cmycunf,4.79993869355607,4.400221424377054,0.39971726917901673
p_114,t3_2pm08t,t1_cmxwzlp,t1_cmxwyti,5.083926677201809,4.344257449870469,0.7396692273313406
p_116,t3_2pjmrj,t1_cmxddb6,t1_cmxj3jh,5.287752656694321,4.733731457743465,0.5540211989508563
p_117,t3_2pjbkm,t1_cmx7wpk,t1_cmx81vs,4.639502511656113,4.750818899849558,-0.11131638819344492
p_119,t3_2pjbkm,t1_cmx86kb,t1_cmx81vs,5.13636475055866,4.750818899849558,0.38554585070910186
p_118,t3_2pjbkm,t1_cmx7tet,t1_cmx7r0l,4.5442285660593225,4.408636153414619,0.13559241264470323
p_120,t3_2pimzj,t1_cmx2c61,t1_cmy635r,4.537252156049806,4.758518739653448,-0.2212665836036427
p_122,t3_2phwfa,t1_cmwy98c,t1_cmwvzit,4.275495388730132,4.545779629767135,-0.270284241037003
p_123,t3_2pfatz,t1_cmw8af0,t1_cmw5dme,4.456527220809612,3.8099459359114958,0.6465812848981161
p_124,t3_2pf19b,t1_cmw30ng,t1_cmw5vwc,4.71468963861272,4.506462782962864,0.20822685564985566
p_125,t3_2pb90y,t1_cmw6nes,t1_cmv8x0x,3.4015061998769465,3.510235169376546,-0.10872896949959943
p_126,t3_2pata1,t1_cmuzv8n,t1_cmuzku3,4.518748764387156,4.533661498918948,-0.014912734531792537
p_128,t3_2pata1,t1_cmv1bja,t1_cmuzw1v,4.623468141092421,4.267587096950652,0.35588104414176946
p_129,t3_2pata1,t1_cmv1kvh,t1_cmuzw1v,3.986149565616277,4.267587096950652,-0.28143753133437466
p_130,t3_2paiy7,t1_cmuuepa,t1_cmuuubv,3.7867682146901203,3.8797362974323706,-0.09296808274225032
p_132,t3_2pa8qe,t1_cmvck77,t1_cmuygdo,4.552345983298562,4.09014964379856,0.46219633950000283
p_134,t3_2p8w9e,t1_cmuem3l,t1_cmuesb3,4.3948761324431285,4.716999378494858,-0.3221232460517296
p_135,t3_2p8d3m,t1_cmub3xl,t1_cmuaujo,3.632199953484258,4.252670719312684,-0.6204707658284261
p_140,t3_2p3d0h,t1_cmsyikr,t1_cmt2dzd,4.2360096863235315,4.2730924601483835,-0.03708277382485203
p_141,t3_2p3d0h,t1_cmszlym,t1_cmszanf,4.916267178725066,4.894499309948683,0.021767868776382926
p_144,t3_2p11bw,t1_cmsf46p,t1_cmsib92,3.9474555564789586,4.671719049244223,-0.7242634927652647
p_145,t3_2p0xu8,t1_cmsgy2p,t1_cmsbh89,4.98428817681944,4.035556667116842,0.9487315097025979
p_148,t3_2ox2nh,t1_cmrepwp,t1_cms5gvq,4.72546720053904,5.2413431436759765,-0.5158759431369369
p_149,t3_2ox2nh,t1_cmrgr22,t1_cms5gvq,4.99790761726055,5.2413431436759765,-0.24343552641542665
p_151,t3_2ouj9f,t1_cmqnl31,t1_cmqrfg1,4.7025309660411265,5.049749346806662,-0.34721838076553535
p_153,t3_2ottrr,t1_cmqmfx7,t1_cmqnqbl,5.044677003581694,4.975929445244672,0.06874755833702206
p_155,t3_2osnqc,t1_cmqhv5l,t1_cmresyd,4.964029837815102,4.353509415001417,0.6105204228136847
p_157,t3_2orfda,t1_cmpt6sy,t1_cmpxkl7,5.29750766512661,5.199903419989544,0.09760424513706578
p_158,t3_2opfa2,t1_cmpp5ft,t1_cmpbzl7,4.111894262689095,3.759634711966251,0.3522595507228439
p_159,t3_2opfa2,t1_cmpb0pv,t1_cmpbzl7,4.245104051748831,3.759634711966251,0.48546933978258044
p_162,t3_2ook4i,t1_cmp3ql5,t1_cmp6pe7,4.867933005550402,3.8404629330250653,1.0274700725253365
p_163,t3_2ook4i,t1_cmp3sav,t1_cmp6pe7,4.418850269748885,3.8404629330250653,0.5783873367238201
p_164,t3_2oo3qw,t1_cmp0nen,t1_cmoz1u8,5.394373776021548,4.9511272778467665,0.4432464981747817
p_165,t3_2onx4o,t1_cmpcp85,t1_cmowl2j,4.17625148622103,4.451860349013306,-0.2756088627922759
p_166,t3_2olm34,t1_cmogsmw,t1_cmobov1,4.500770207578231,4.3348392656410555,0.16593094193717572
p_167,t3_2okzs7,t1_cmo88eb,t1_cmo4r1b,4.998151078020642,4.081749538379564,0.9164015396410781
p_168,t3_2okzs7,t1_cmobl8p,t1_cmo50pz,4.994540930298071,5.166477309293119,-0.17193637899504743
p_170,t3_2okad4,t1_cmo23yr,t1_cmo8tg2,4.810267228458435,4.433744574306558,0.37652265415187713
p_171,t3_2okad4,t1_cmo8ojn,t1_cmoaise,4.769930089049115,4.713102929307382,0.05682715974173291
p_172,t3_2oj6fq,t1_cmnogog,t1_cmnorxs,4.957890565911953,4.047088468714612,0.9108020971973412
p_173,t3_2oihml,t1_cmnhr07,t1_cmnhhi8,4.30496245837959,3.9972562789382664,0.3077061794413236
p_176,t3_2od6s9,t1_cmm80hm,t1_cmm6iu4,4.137599670397982,3.956870899200088,0.1807287711978942
p_177,t3_2o6paa,t1_cmkar1d,t1_cmk90wu,4.778386648160245,4.56782582422261,0.21056082393763464
p_178,t3_2o66aa,t1_cmktxrs,t1_cmkb48q,5.093124923879837,4.664966407060081,0.4281585168197557
p_179,t3_2o3imb,t1_cmjfisw,t1_cmjf4wj,4.43705919310992,3.596573283106478,0.8404859100034416
p_180,t3_2o2kga,t1_cmj4gzw,t1_cmj4j7t,4.381547705095097,4.61291627745087,-0.23136857235577235
p_182,t3_2o0cgz,t1_cmijvd2,t1_cmj6omn,4.581142401839687,3.8699771355286248,0.7111652663110619
p_184,t3_2nzz4f,t1_cmig3tq,t1_cmigugj,4.569278238575911,4.698603850910347,-0.12932561233443618
p_185,t3_2nzz4f,t1_cmig8jp,t1_cmigugj,4.70539994499599,4.698603850910347,0.0067960940856428564
p_188,t3_2nycpk,t1_cmi2cok,t1_cmi07y5,3.7263561486517975,3.80959013639631,-0.0832339877445123
p_189,t3_2nycpk,t1_cmi0pj8,t1_cmi1upk,4.736058276198914,4.801307156146739,-0.06524887994782436
p_192,t3_2nvoj9,t1_cmhbmic,t1_cmhh0hd,3.656814772639053,4.368850119962173,-0.7120353473231198
p_194,t3_2nurqb,t1_cmhj4k1,t1_cmh25d1,4.780523127496258,4.598469838524576,0.18205328897168194
p_197,t3_2ns94k,t1_cmge1ce,t1_cmgdr4w,4.013589530253677,3.392096641668815,0.6214928885848621
p_201,t3_2nn1t8,t1_cmf6dis,t1_cmf9lck,4.9798045214374795,4.71745109551075,0.2623534259267295
p_203,t3_2nlqpd,t1_cmep4vb,t1_cmescql,3.6494831745515017,4.276472875138362,-0.6269897005868601
p_204,t3_2njpov,t1_cme8uee,t1_cme7zu7,4.300929825959151,4.3337874327768064,-0.032857606817655594
p_207,t3_2nhvh5,t1_cme6tfj,t1_cme00q3,4.637534303850244,4.911058616428787,-0.2735243125785427
p_208,t3_2nfgyu,t1_cmd8966,t1_cmdakad,4.3336240443396035,3.910406031784817,0.4232180125547864
p_210,t3_2nfgyu,t1_cmdtb2g,t1_cmdla4k,5.463186268481212,4.253331047084867,1.209855221396345
p_211,t3_2neyur,t1_cmd1tqr,t1_cmd1oh5,4.503086377143597,4.582677770138153,-0.07959139299455575
p_212,t3_2nejw6,t1_cmcw398,t1_cmcx4w0,4.508890223069326,4.143227476439362,0.36566274662996356
p_213,t3_2ndhkz,t1_cmd8rka,t1_cmco92x,4.1164374087896105,4.562301891262532,-0.44586448247292143
p_214,t3_2nccrb,t1_cmcdwlz,t1_cmcd35f,3.6749873725631432,4.32675052034221,-0.6517631477790666
p_215,t3_2nbz5b,t1_cmca2tl,t1_cmcmvds,4.3714862922662725,4.714650105010467,-0.3431638127441943
p_218,t3_2nbeuf,t1_cmcfhk8,t1_cmc4eif,4.580639046333402,4.244108813704088,0.3365302326293138
p_217,t3_2nbeuf,t1_cmcdl7k,t1_cmcs0t1,4.058407844858111,3.901532312264838,0.15687553259327336
p_222,t3_2n8psp,t1_cmbkvaw,t1_cmbempi,4.68437150140972,4.839437729397097,-0.15506622798737713
p_224,t3_2n8psp,t1_cmbnpay,t1_cmbzbs2,5.241153606121441,5.1972456359897485,0.04390797013169223
p_225,t3_2n8psp,t1_cmc2p7e,t1_cmbi6o3,4.889917879353978,4.370151669961824,0.519766209392154
p_226,t3_2n6s5w,t1_cmav500,t1_cmax5qt,5.256735210662057,4.423501520126527,0.83323369053553
p_227,t3_2n4aay,t1_cmac7sf,t1_cma6qfq,4.321897292132429,4.125340647485021,0.19655664464740852
p_229,t3_2n2wu5,t1_cm9u4m0,t1_cm9uau6,3.969282378852412,4.2516314721275625,-0.2823490932751507
p_230,t3_2mzkhr,t1_cm931kl,t1_cm92k7o,4.734534702297125,3.4978165848707277,1.2367181174263977
p_232,t3_2mw3l4,t1_cm83s8f,t1_cm875yc,4.198346517712265,4.6717786652718,-0.4734321475595351
p_234,t3_2mv3n4,t1_cm83yv8,t1_cm805jt,5.204588863723507,5.147535442960968,0.057053420762539275
p_236,t3_2mr590,t1_cm6tqwt,t1_cm6umtg,4.085585696986815,3.64654133851055,0.4390443584762651
p_237,t3_2mqzo8,t1_cm6skkb,t1_cm6usez,4.5039342570482885,4.613061869477092,-0.10912761242880364
p_238,t3_2mqujn,t1_cm7jdj2,t1_cm6wgd3,3.6788151017896427,4.9214501263304875,-1.2426350245408448
p_239,t3_2mq7ib,t1_cm6ltar,t1_cm6oe3f,4.0454786869154935,3.9701444064902307,0.0753342804252628
p_240,t3_2mptvb,t1_cm6m7jr,t1_cm6q0wq,4.919711659487677,5.13654910348402,-0.21683744399634275
p_241,t3_2mo4fl,t1_cm613kx,t1_cm5zuuo,4.4400085955600606,4.121295432323225,0.3187131632368354
p_242,t3_2mnthx,t1_cm5xikh,t1_cm660yf,4.575674460108429,4.7150671783099956,-0.13939271820156662
p_245,t3_2mnthx,t1_cm627rv,t1_cm660yf,3.9269668168992675,4.7150671783099956,-0.788100361410728
p_246,t3_2mnpdh,t1_cm6nlky,t1_cm65r7g,4.790834528499434,5.0605880923577,-0.26975356385826643
p_248,t3_2mm2dl,t1_cm5j6hr,t1_cm5iqtr,4.710779401462363,4.114041470187353,0.5967379312750101
p_247,t3_2mm2dl,t1_cm5ikfo,t1_cm5imes,4.522877719816499,4.056316773802186,0.4665609460143134
p_249,t3_2mlvww,t1_cm5gv0j,t1_cm5fmvt,4.0972395475286545,3.8701590847811147,0.2270804627475398
p_250,t3_2mikc0,t1_cm4o1vc,t1_cm4l9f4,4.844611422167872,3.955061402332479,0.8895500198353927
p_251,t3_2mfr85,t1_cm3vvc3,t1_cm3xij2,4.624844400963678,4.364834585652175,0.2600098153115029
p_252,t3_2mfr85,t1_cm3wzw1,t1_cm3s6tg,5.313772883118217,4.195348258939397,1.1184246241788198
p_255,t3_2mczo6,t1_cm330i1,t1_cm36hij,3.9488114493783315,3.922825193406017,0.02598625597231452
p_257,t3_2m9le3,t1_cm2e6er,t1_cm31flt,4.870330035737278,4.87940522511769,-0.009075189380411963
p_258,t3_2m9le3,t1_cm2g5du,t1_cm31flt,4.894792144325813,4.87940522511769,0.015386919208123295
p_259,t3_2m9ifg,t1_cm26bmh,t1_cm2cio0,3.859700849230904,3.5690325466605883,0.2906683025703156
p_260,t3_2m5248,t1_cm11puj,t1_cm1w5lh,3.87064593576649,4.044598620911705,-0.17395268514521467
p_261,t3_2m34jb,t1_cm0licf,t1_cm0sbmk,5.246686409056262,5.129317692289855,0.11736871676640703
p_262,t3_2lzrmg,t1_clzo5rz,t1_clzn6zp,4.45744999104487,4.051662778154698,0.4057872128901714
p_263,t3_2lzrmg,t1_clzq2xu,t1_clzow1h,4.732149239620652,5.30605364954951,-0.5739044099288577
p_264,t3_2lzhcj,t1_clzk61h,t1_clzmzlv,4.036014372816842,3.6180292740964797,0.4179850987203624
p_265,t3_2lxha7,t1_clz4fjz,t1_clz6u94,5.054811144074113,3.8774256162074083,1.1773855278667043
p_266,t3_2lxha7,t1_clz6dii,t1_clz2zlh,5.109188301647274,4.35819872781329,0.7509895738339836
p_267,t3_2lxha7,t1_clz6jmw,t1_clz6u94,4.949504902139098,3.8774256162074083,1.0720792859316894
p_268,t3_2lwzlt,t1_clyyqcm,t1_clyz82q,4.287915197767048,4.448506981818345,-0.16059178405129693
p_269,t3_2lwzlt,t1_clz3eem,t1_clyzhrn,5.217146947982092,4.586162772223481,0.6309841757586119
p_270,t3_2lwv67,t1_clywrsu,t1_clywnxb,4.678726366089555,4.39312318594033,0.28560318014922537
p_272,t3_2lvdpt,t1_clykbog,t1_clyi7eq,4.455293641666261,4.191008886075778,0.2642847555904826
p_274,t3_2lvano,t1_clyh39w,t1_clyhfb1,3.8958849292549447,4.467287038079367,-0.5714021088244223
p_275,t3_2luhkp,t1_clyejs2,t1_clyfg14,4.449520122468594,3.9175715523606303,0.5319485701079638
p_277,t3_2ls0mt,t1_clxsuzu,t1_clxs28i,4.590341167817979,4.462091839092687,0.1282493287252917
p_278,t3_2lrnbm,t1_clxhtmt,t1_clxl2fj,4.638027514157366,4.041625435276038,0.5964020788813276
p_279,t3_2lqmp9,t1_clxaoqd,t1_clxmady,4.208149101506741,4.510440777073098,-0.30229167556635694
p_283,t3_2lorq2,t1_clwr4fw,t1_clwvc1q,4.794969428223185,4.7862474259928245,0.00872200223036046
p_286,t3_2lo786,t1_clwsiei,t1_clwl8yv,4.902893558374202,4.508681691816177,0.39421186655802476
p_287,t3_2lo786,t1_clwrur8,t1_clwvtrz,4.389152216483595,4.192531553809135,0.19662066267445955
p_289,t3_2llfy2,t1_clvxvqf,t1_clvyf5z,4.849052735605927,4.39161239061472,0.45744034499120634
p_288,t3_2llfy2,t1_clvxvbb,t1_clvyf5z,4.811781919464358,4.39161239061472,0.42016952884963743
p_290,t3_2ljn6y,t1_clvf7hk,t1_clvgued,4.211814307510639,3.625917449105706,0.5858968584049329
p_291,t3_2ljn6y,t1_clvf3sn,t1_clvg96j,4.7247762858723945,4.500282595953239,0.22449368991915541
p_293,t3_2lhzxl,t1_cluxxzr,t1_cluy5d5,4.376236681400234,4.27204422365121,0.10419245774902386
p_294,t3_2lhzxl,t1_cluy594,t1_cluzvgm,4.372598787008259,4.5030752397516896,-0.13047645274343012
p_296,t3_2le6r2,t1_cltxkan,t1_cltxdco,4.477772945190755,4.234973412819138,0.24279953237161678
p_298,t3_2ldsgu,t1_cltyfh2,t1_cltt3fn,4.70109600585004,4.655471920668499,0.04562408518154104
p_302,t3_2l9paa,t1_clspte1,t1_clsvj5h,4.730992380889952,3.840538504866658,0.8904538760232943
p_303,t3_2l6x4s,t1_cls2ahn,t1_cls2eiw,4.195942745269072,3.966052787792553,0.22988995747651897
p_305,t3_2l6s0m,t1_cls56tt,t1_cls5hqx,4.911526179170095,5.382788509401562,-0.47126233023146735
p_306,t3_2l3xj1,t1_clrpq69,t1_clrfe8c,4.330748496999574,3.5491608204677605,0.7815876765318133
p_307,t3_2kypt8,t1_clpvnyi,t1_clpvnbz,3.8221954315819104,4.100791272720199,-0.27859584113828895
p_308,t3_2kypt8,t1_clpwjwi,t1_clpzajn,4.669149821260924,4.616000170819747,0.05314965044117681
p_309,t3_2kx0t8,t1_clphwg9,t1_clpl2cj,4.023066486059942,3.893320796677306,0.12974568938263564
p_311,t3_2kuu7n,t1_clp4w50,t1_cloyjd8,4.550175293018761,4.940121318798986,-0.3899460257802252
p_310,t3_2kuu7n,t1_clp4b7x,t1_clp3n3x,4.950744831473453,4.671058682345385,0.279686149128068
p_313,t3_2kqfel,t1_clnulai,t1_clntjxy,4.008635977075418,4.17591908544193,-0.1672831083665125
p_314,t3_2kqfel,t1_clnttl9,t1_clomsf7,4.5057109243755225,4.681444020493514,-0.17573309611799193
p_315,t3_2kose9,t1_clnb50a,t1_clnb6hg,5.434758228815733,4.639224239729546,0.795533989086187
p_316,t3_2ko5tx,t1_cln523m,t1_cln4fit,4.925627781873403,3.742305546178254,1.1833222356951487
p_318,t3_2kkqbm,t1_clmbeod,t1_clm9hyb,4.982624048267882,4.999947827012056,-0.017323778744174234
p_319,t3_2kko3q,t1_clm9cj5,t1_clmew0k,4.588299481426554,4.1526545075886006,0.4356449738379533
p_322,t3_2kko3q,t1_clmb52s,t1_clm9cuo,5.277956656630323,5.086220760475154,0.19173589615516917
p_324,t3_2kk7pc,t1_clm4luc,t1_clm2hsa,4.742519030138666,4.481595875162099,0.2609231549765676
p_325,t3_2kgrtb,t1_cll64ro,t1_cll7z9y,4.239012728164498,4.566945129098446,-0.32793240093394793
p_326,t3_2kgrtb,t1_cll6vkk,t1_cll7z9y,4.938966344891911,4.566945129098446,0.37202121579346503
p_328,t3_2kdqq8,t1_clkkhs8,t1_clktv9z,4.8527789939563695,4.424140714796284,0.42863827916008557
p_330,t3_2kcnzq,t1_clk2ygk,t1_clk0kv6,3.6745861848321324,4.446114432226221,-0.7715282473940883
p_331,t3_2kacra,t1_cljftmb,t1_cljqwum,4.623868983702644,4.614736955479266,0.009132028223377553
p_332,t3_2ka7la,t1_cljglg2,t1_cljepyl,4.102023016225118,4.5140589881412065,-0.41203597191608843
p_333,t3_2k7hdx,t1_clirc4j,t1_clio0tt,4.142676262323335,4.2722676903133845,-0.1295914279900492
p_334,t3_2k6r90,t1_clih2os,t1_clih4bd,5.239228218313547,5.033805269510868,0.20542294880267864
p_335,t3_2k6r90,t1_clij0jm,t1_clih4bd,5.3360989641900085,5.033805269510868,0.3022936946791406
p_336,t3_2k6r90,t1_cliklzw,t1_cligqv5,4.705450676280119,4.803226757576961,-0.09777608129684179
p_337,t3_2k6r90,t1_clifxg1,t1_cligjkm,4.062692553985026,3.764627169969137,0.2980653840158891
p_338,t3_2k6gif,t1_clicob1,t1_clifs1j,4.501816634974419,4.914439917002125,-0.41262328202770604
p_339,t3_2k4hym,t1_clhtpwj,t1_clhv3j1,4.599128005730968,4.046913141605029,0.552214864125939
p_340,t3_2k49mm,t1_clhusz2,t1_clhupbu,4.670942197609983,4.026983457575643,0.6439587400343401
p_341,t3_2k3k0f,t1_clhk37s,t1_clhkbr9,4.337319432625955,4.188689506721749,0.14862992590420632
p_342,t3_2k3k0f,t1_clhqb2i,t1_clhkbr9,4.743719533821382,4.188689506721749,0.5550300270996331
p_343,t3_2k38kl,t1_clhr282,t1_clhhr4x,4.283803803044763,3.7162223424011755,0.5675814606435874
p_344,t3_2k36w0,t1_clhgvwv,t1_cli2kib,4.225162902217955,4.238709672772316,-0.013546770554361487
p_345,t3_2k36w0,t1_cli8oco,t1_clhjrth,5.150027341395626,4.9181403272564115,0.23188701413921464
p_346,t3_2k2szz,t1_clhdjlr,t1_clhg601,4.0376289886220125,3.9962803837328664,0.041348604889146046
p_347,t3_2k1utj,t1_clh4smk,t1_clh4kow,4.225575339881455,3.7110471077806917,0.5145282321007629
p_348,t3_2k1utj,t1_clh4t7a,t1_clhgd1b,4.351071643674787,3.7054141133145557,0.6456575303602317
p_349,t3_2k1utj,t1_clhb9mi,t1_clh4kow,4.577741477224473,3.7110471077806917,0.8666943694437812
p_351,t3_2k1puo,t1_clh63i4,t1_clh5f05,4.597424084329618,4.256728271800945,0.340695812528673
p_352,t3_2k1puo,t1_clh65uf,t1_clhvr2d,5.381514848031981,4.858327217482682,0.5231876305492991
p_353,t3_2k1puo,t1_clh65j4,t1_clhvr2d,4.867710493021907,4.858327217482682,0.009383275539224911
p_354,t3_2k1puo,t1_cli979e,t1_clhkzsx,4.858915976806378,4.796622246966423,0.06229372983995507
p_355,t3_2k19cr,t1_clgz4c8,t1_clh5opp,3.94788377647326,3.7275295472782943,0.2203542291949656
p_357,t3_2k19cr,t1_clgz8mq,t1_clh4fvz,4.899008918914701,4.724442061711658,0.1745668572030432
p_358,t3_2k17kl,t1_clhphu8,t1_clgytu5,,4.088513964639127,
p_359,t3_2k16fy,t1_clh464b,t1_clh7dae,4.048948825468187,4.143379112303897,-0.09443028683570986
p_360,t3_2k0t4m,t1_clh2kiw,t1_cliiz93,4.660508315400445,4.202223727512621,0.45828458788782456
p_362,t3_2k08pw,t1_clgrnar,t1_clgppqb,5.095939266743409,4.1866960725251205,0.9092431942182886
p_367,t3_2jvv3h,t1_clfmf4m,t1_clfkc2t,3.698483887158396,3.9205786538741663,-0.22209476671577022
p_368,t3_2jug85,t1_clf92x6,t1_clfbqwz,4.397533438515939,3.9564545382151377,0.44107890030080155
p_369,t3_2jug85,t1_clf7frm,t1_clffyeo,4.460835331762728,4.178527738047673,0.2823075937150552
p_370,t3_2ju07o,t1_clf6o33,t1_clf2f0m,4.323595854613259,4.578144168135346,-0.2545483135220863
p_371,t3_2jtpcj,t1_clf007u,t1_clf0si6,4.912229845586056,4.250665162225599,0.6615646833604574
p_372,t3_2jr2px,t1_clec1be,t1_clefsfa,4.775292026410183,4.611198724934277,0.16409330147590584
p_373,t3_2jpazx,t1_cldtopl,t1_cldtw4w,4.550003944447403,4.607346138395724,-0.05734219394832074
p_374,t3_2jp9x4,t1_cldt2z1,t1_cldu76n,4.505524334230395,4.249850455826601,0.25567387840379396
p_375,t3_2jp9x4,t1_clekeze,t1_clegi91,4.682972625959522,4.2507159024114545,0.43225672354806743
p_378,t3_2jk5tw,t1_clciqy4,t1_clcualb,4.845876325894341,3.8777365207406906,0.9681398051536507
p_380,t3_2jk4dx,t1_clcyeh9,t1_clcuzkf,4.779101157693821,3.6692859818983807,1.1098151757954406
p_382,t3_2jgtvo,t1_clbpx86,t1_clbm2rj,4.034722116986306,3.650740099008951,0.3839820179773552
p_383,t3_2jd1e2,t1_clal24g,t1_clanf9e,5.136566316842759,4.3708675141808335,0.7656988026619258
p_384,t3_2jd1e2,t1_clarvlb,t1_clanf9e,5.141596661713726,4.3708675141808335,0.7707291475328928
p_385,t3_2jd1e2,t1_claktmk,t1_clanf9e,4.5793290188869245,4.3708675141808335,0.20846150470609093
p_387,t3_2jaz9o,t1_claaior,t1_cla6j13,4.152331007454092,4.168181210675102,-0.015850203221010162
p_388,t3_2jalt8,t1_clawz3s,t1_cla00dw,4.5255204845479176,4.53709877068741,-0.011578286139492633
p_389,t3_2jalrh,t1_cl9xfk4,t1_cl9zbqs,4.567616769363671,3.76210975133711,0.8055070180265607
p_390,t3_2jaiv1,t1_cl9wvir,t1_cl9x4n6,4.810095321205857,4.584145886963301,0.22594943424255565
p_391,t3_2j7xhu,t1_cl97sqh,t1_cl96t4g,4.122440094229943,3.9692823788524114,0.15315771537753164
p_394,t3_2j7gwy,t1_cl96wx9,t1_cl9fm82,5.069249578293644,5.001960132566503,0.06728944572714113
p_395,t3_2j7gwy,t1_cl9cn39,t1_cl9dn9l,4.591013818958611,4.043474469686706,0.5475393492719052
p_396,t3_2j7d65,t1_cl91nh6,t1_cl91k1d,4.196718062017518,3.745476916348901,0.45124114566861717
p_398,t3_2j6t16,t1_cl92lzn,t1_cl97wok,4.474743532761058,4.735291101849266,-0.2605475690882084
p_400,t3_2j5jvu,t1_cl9bkpg,t1_cl8o6tc,5.164740910842685,4.41344452030698,0.7512963905357051
p_403,t3_2j3b5u,t1_cl80w0h,t1_cl8gnj4,4.223111511655911,4.360163773742683,-0.13705226208677246
p_407,t3_2j3b5u,t1_cl8dhjd,t1_cl85v1i,4.7817531377459925,4.47802858397299,0.30372455377300245
p_406,t3_2j3b5u,t1_cl89ycu,t1_cl85v1i,5.074036683298394,4.47802858397299,0.5960080993254042
p_408,t3_2j3aav,t1_cl840b4,t1_cl849y1,4.381103810451201,4.601472639146009,-0.22036882869480845
p_409,t3_2j28la,t1_cl7q1dy,t1_cl858g0,4.10763104666511,3.6682600390385978,0.4393710076265118
p_410,t3_2j28la,t1_cl7p4at,t1_cl83vyl,4.477007322181042,4.206802445378557,0.2702048768024854
p_411,t3_2j28la,t1_cl7ri4n,t1_cl858g0,4.524042339020527,3.6682600390385978,0.8557822999819291
p_412,t3_2j28la,t1_cl81bji,t1_cl858g0,4.933306437731901,3.6682600390385978,1.2650463986933036
p_413,t3_2j196u,t1_cl7nh5y,t1_cl7qbkn,4.959892442190393,5.033013384511755,-0.07312094232136257
p_415,t3_2izt1m,t1_cl7icjq,t1_cl7elqy,4.928502542839678,4.586442059674863,0.34206048316481485
p_416,t3_2izt1m,t1_cl7sekd,t1_cl75zb3,5.5529008235510915,4.7663737943749185,0.786527029176173
p_418,t3_2izjkk,t1_cl6xo3s,t1_cl74g9q,4.394731553146227,4.670480482827586,-0.27574892968135956
p_419,t3_2izjkk,t1_cl6ygkg,t1_cl6xy7n,5.104560792776002,4.85396594009846,0.25059485267754233
p_420,t3_2izeqi,t1_cl6wpkg,t1_cl6w17t,4.992043897463225,4.625152185515218,0.36689171194800707
p_422,t3_2ixmih,t1_cl6muq9,t1_cl6mipr,5.162588343887422,4.259673261353729,0.9029150825336929
p_423,t3_2ixmih,t1_cl6ozsr,t1_cl6o7jv,5.00222682083537,4.767817336000254,0.23440948483511548
p_427,t3_2ixatz,t1_cl8dw9u,t1_cl6g9da,3.9482576932876827,5.1838431849202165,-1.2355854916325337
p_425,t3_2ixatz,t1_cl6fauf,t1_cl6z31r,4.6830000644044985,4.083852468071088,0.5991475963334105
p_426,t3_2ixatz,t1_cl6iqft,t1_cl6gf5b,4.189696978481653,3.9689711675725317,0.22072581090912102
p_428,t3_2iwzsp,t1_cl6ay84,t1_cl6c988,4.849814905550393,4.4378921514205505,0.4119227541298427
p_429,t3_2iwzsp,t1_cl6bhfy,t1_cl6c988,4.2208251291788,4.4378921514205505,-0.21706702224175078
p_430,t3_2iwveo,t1_cl6b8u3,t1_cl69lxd,4.94281713338038,4.6583622943762935,0.28445483900408686
p_431,t3_2iwveo,t1_cl800qa,t1_cl69lxd,5.229443339925987,4.6583622943762935,0.5710810455496933
p_432,t3_2ivx0l,t1_cl67lqu,t1_cl67bty,4.289069708615566,4.634027087537928,-0.3449573789223619
p_434,t3_2iv4za,t1_cl5slm3,t1_cl5s53p,3.777042225886185,4.042332183675388,-0.2652899577892027
p_435,t3_2iuaxc,t1_cl5nwpb,t1_cl5jk46,4.289327064728522,3.962227099591181,0.3270999651373412
p_437,t3_2isiv7,t1_cl525xl,t1_cl549xt,4.628083211117259,3.7343564360950063,0.8937267750222526
p_439,t3_2irrk7,t1_cl4wjj0,t1_cl4u4v3,4.564373181022402,4.525076441441419,0.03929673958098334
p_438,t3_2irrk7,t1_cl4wdvv,t1_cl52znp,4.993532897175857,4.813956578285607,0.17957631889025016
p_440,t3_2irrk7,t1_cl4y7m2,t1_cl58m5a,5.287134510760409,4.79181216802046,0.49532234273994913
p_441,t3_2ir1vh,t1_cl4nafc,t1_cl4pno4,4.532432075224037,4.333778065440738,0.19865400978329895
p_443,t3_2iovvi,t1_cl43i7i,t1_cl42uon,4.616900108811168,4.8073721485048315,-0.19047203969366322
p_444,t3_2inzpj,t1_cl3wpb9,t1_cl3udkv,4.696878077858071,4.3781527786529555,0.3187252992051155
p_445,t3_2ina28,t1_cl3s9jc,t1_cl3neuz,3.8432388762807697,3.7467534251400525,0.09648545114071716
p_449,t3_2il3zi,t1_cl3rzx9,t1_cl3bvmc,4.426940115071704,4.871960717553184,-0.44502060248147934
p_450,t3_2ikw3y,t1_cl371yt,t1_cl333zm,4.637834507219553,4.622507164879236,0.015327342340317074
p_451,t3_2iht9m,t1_cl2lqsw,t1_cl2gvmp,4.98496904356424,4.050679606015733,0.9342894375485065
p_452,t3_2igw1u,t1_cl25sfq,t1_cl22odo,5.0807967527201505,4.697125756649104,0.3836709960710465
p_453,t3_2idrbt,t1_cl1a71q,t1_cl1ab8j,5.20462816664988,4.5673481924030215,0.6372799742468587
p_454,t3_2idrbt,t1_cl1duod,t1_cl1dfkj,4.538245935020718,4.612949143522385,-0.074703208501667
p_455,t3_2icu72,t1_cl11doa,t1_cl1s0iw,4.341723704737367,3.9968615816719586,0.34486212306540853
p_456,t3_2ia71k,t1_cl0aa4e,t1_cl09ezh,4.270433237561155,4.453815183447685,-0.18338194588652978
p_457,t3_2ia687,t1_cl09frn,t1_cl0qx79,5.174203931488587,4.524704879993853,0.6494990514947343
p_460,t3_2i87x9,t1_ckzt3jo,t1_ckzrx1b,4.136811988115553,3.715998320719977,0.4208136673955756
p_461,t3_2i7mpy,t1_ckzo815,t1_ckzptel,4.794118598633566,5.030429342198298,-0.23631074356473203
p_464,t3_2i74db,t1_ckzhoas,t1_ckzmg42,4.317975720041155,4.842852329245819,-0.5248766092046635
p_466,t3_2i74db,t1_ckzk199,t1_ckzh5vf,4.237766867559123,3.995687030304979,0.24207983725414373
p_465,t3_2i74db,t1_ckzhr6u,t1_ckzmg42,4.56469362065166,4.842852329245819,-0.2781587085941588
p_467,t3_2i74db,t1_ckzp8g2,t1_ckzhplg,3.784906958037103,4.183558976691204,-0.39865201865410116
p_468,t3_2i74db,t1_cl0olzx,t1_ckzivxw,4.625540493321628,4.377584350082163,0.24795614323946502
p_469,t3_2i6wcg,t1_ckzjivu,t1_ckzqgtr,5.0299998077393555,4.654278614891797,0.3757211928475588
p_470,t3_2i6sq2,t1_ckzd013,t1_ckzmvnc,3.616487393423227,3.7415499361000246,-0.1250625426767975
p_472,t3_2i53gm,t1_ckyxxzr,t1_ckzkrjm,4.502179998633843,4.218571244908685,0.2836087537251579
p_474,t3_2i53gm,t1_ckyxdye,t1_ckyz4tk,3.6610146490939823,4.179013333490676,-0.5179986843966939
p_473,t3_2i53gm,t1_ckz0h04,t1_ckzj5lk,4.645176095590345,4.862535560103583,-0.21735946451323862
p_475,t3_2i4ujn,t1_ckz1of3,t1_ckyu5rm,5.159668841641095,4.729273770432722,0.4303950712083733
p_476,t3_2i48ap,t1_ckyt6o8,t1_ckyqbf3,4.775158058562542,4.501016309633138,0.274141748929404
p_477,t3_2i1d99,t1_ckxyj6k,t1_cky3jbs,4.842667460459163,3.6599739404524967,1.1826935200066662
p_479,t3_2i0v1l,t1_ckxu8a4,t1_cky4z54,4.832188854298916,4.542126928481433,0.2900619258174837
p_480,t3_2i0v1l,t1_ckxvp3i,t1_cky4z54,4.3505116846873495,4.542126928481433,-0.19161524379408323
p_481,t3_2i0v1l,t1_ckxu3sn,t1_cky4z54,4.315047055182136,4.542126928481433,-0.2270798732992967
p_483,t3_2i0v1l,t1_ckxu3jp,t1_cky4z54,4.942084224884878,4.542126928481433,0.39995729640344546
p_482,t3_2i0v1l,t1_cky0241,t1_ckyf89q,4.150223790737013,5.165096447613049,-1.0148726568760358
p_484,t3_2hzyl1,t1_cky1hsp,t1_ckxtqoy,4.397853082944443,4.776389965203793,-0.37853688225935045
p_485,t3_2hxjbt,t1_ckx3oiu,t1_ckwx420,4.798081658598269,3.981853194415171,0.8162284641830979
p_486,t3_2hxjbt,t1_ckx4axr,t1_ckwx420,4.773553232062829,3.981853194415171,0.791700037647658
p_488,t3_2hwulu,t1_ckwq1jd,t1_ckwq945,3.6749873725631432,4.050064814942996,-0.3750774423798524
p_490,t3_2htrl3,t1_ckw2y0n,t1_ckvy6x4,4.788402885927484,4.8033032862242875,-0.014900400296803618
p_491,t3_2htk52,t1_ckvvxkp,t1_ckvx0ev,4.3944620598858215,4.307619176368827,0.08684288351699454
p_492,t3_2htk52,t1_ckvxkvc,t1_ckvx0ev,4.124171296225745,4.307619176368827,-0.1834478801430821
p_493,t3_2hr75i,t1_ckv9zqs,t1_ckv9rr3,4.244709312079888,4.225014181320938,0.019695130758950796
p_496,t3_2hpa2d,t1_ckuqod3,t1_ckuzhiu,4.578163990376984,4.6192947823848325,-0.04113079200784853
p_498,t3_2ho91q,t1_ckvcw78,t1_ckuhjc3,4.157700804923735,4.081418529271721,0.07628227565201406
p_499,t3_2hiuav,t1_ckt28ag,t1_ckt2g63,5.117408956754029,4.419677838723853,0.697731118030176
p_500,t3_2hfggr,t1_cks62en,t1_cks5dxq,4.364944046274766,4.823862706929978,-0.45891866065521203
p_501,t3_2hevmr,t1_cks71oj,t1_cks21ow,5.2791783162041,5.553028035303164,-0.2738497190990641
p_503,t3_2hcsbm,t1_ckrirh7,t1_ckrgs3i,4.448278038548173,4.713333953963355,-0.26505591541518214
p_504,t3_2hcsbm,t1_ckrm2w9,t1_ckrhha6,4.653130390958839,4.555894835938438,0.09723555502040071
p_505,t3_2hcri1,t1_ckrh2wh,t1_ckrggw4,4.594674455977262,3.817229775663188,0.7774446803140735
p_506,t3_2hcri1,t1_ckrjgy3,t1_ckrggw4,4.428582002696575,3.817229775663188,0.6113522270333869
p_508,t3_2h86d3,t1_ckqarz7,t1_ckqhhuu,4.7079288565731625,5.081528451499632,-0.37359959492646944
p_509,t3_2h86d3,t1_ckqafe5,t1_ckqce1l,4.360256054651528,3.986463434474906,0.3737926201766224
p_511,t3_2h4eyz,t1_ckpc76o,t1_ckp9n1i,3.7467669893669324,3.7308490143598267,0.015917975007105678
p_513,t3_2h0jzj,t1_ckohl81,t1_ckodwsx,5.4804487457375854,4.682950560939902,0.7974981847976839
p_514,t3_2h0jzj,t1_ckoe0hf,t1_ckodwsx,5.095958571349579,4.682950560939902,0.41300801040967716
p_516,t3_2gzzdj,t1_cko4w0c,t1_cko704v,4.2331706036425505,4.3052518300868785,-0.07208122644432802
p_519,t3_2gydya,t1_cknrbir,t1_cknn53g,4.585384533135176,4.446823173049115,0.13856136008606157
p_520,t3_2gydya,t1_ckoa0em,t1_ckoa7jr,4.728781517259707,4.398900831945627,0.32988068531407944
p_522,t3_2gutfw,t1_ckmqhcy,t1_ckmsmic,4.194293974388541,4.629880862908082,-0.4355868885195413
p_523,t3_2gutfw,t1_ckmsso5,t1_ckmp2m8,5.026718699030654,4.525677896810116,0.5010408022205377
p_524,t3_2gutfw,t1_ckmpz17,t1_ckn0chh,4.701846459781499,3.652293846697907,1.0495526130835917
p_525,t3_2gsjt4,t1_ckm3eez,t1_ckm57gi,3.2113121024705413,3.9755748834973867,-0.7642627810268454
p_526,t3_2gsjkx,t1_ckm3upz,t1_ckm3me9,4.280532719687093,4.186734084586239,0.09379863510085418
p_527,t3_2gscl8,t1_ckm3j6s,t1_ckm1x6y,4.290816441199694,4.79830940028465,-0.5074929590849555
p_529,t3_2gpy69,t1_cklkgsr,t1_cklrd7q,4.633473301848149,4.0205804244613015,0.6128928773868472
p_532,t3_2gmkz2,t1_ckkm4uh,t1_ckkl832,4.020138745575452,4.216973471123939,-0.19683472554848702
p_534,t3_2glozx,t1_ckkahw7,t1_ckkcrue,3.9912688698562366,4.530759771827632,-0.5394909019713952
p_535,t3_2glozx,t1_ckkb7k5,t1_ckkcgtt,4.212901264354727,4.251901764121757,-0.03900049976703013
p_536,t3_2gliyk,t1_ckk9blv,t1_ckk9cif,4.803725674442327,4.757650324575366,0.04607534986696127
p_537,t3_2gliyk,t1_ckkaypu,t1_ckkhubk,5.0520975224727245,4.7184145350211875,0.333682987451537
p_538,t3_2gkv97,t1_ckk5d7b,t1_ckk2eje,3.9398182070979315,4.320061389196454,-0.38024318209852215
p_541,t3_2ghosx,t1_ckj7oyl,t1_ckj8bt9,5.186473172096078,4.078547261780634,1.1079259103154442
p_542,t3_2ggq4d,t1_ckiyftg,t1_ckiyjmb,4.598911670061995,4.5183215162492,0.08059015381279533
p_543,t3_2ggppl,t1_ckixuwj,t1_ckixo4m,4.797795388229536,4.547870391136098,0.24992499709343807
p_545,t3_2ggppl,t1_ckiyv6o,t1_ckiz87f,4.62581470905625,4.570353316247141,0.055461392809109
p_547,t3_2ggeie,t1_ckj0ypi,t1_ckiurpd,5.268713542253655,5.122967618399206,0.14574592385444962
p_548,t3_2gf3at,t1_ckjbl54,t1_ckioyq4,4.415569243212164,3.9611552848878544,0.4544139583243094
p_551,t3_2gdd35,t1_cki0iqm,t1_cki80vu,4.388397998678378,4.334231236010665,0.054166762667712476
p_554,t3_2g83sk,t1_ckgpxl1,t1_ckgjkvd,3.953974232834182,3.8150531896769353,0.13892104315724652
p_555,t3_2g6mpl,t1_ckg55ez,t1_ckg4zgn,4.040012492884203,4.575207127730223,-0.5351946348460199
p_556,t3_2g4ifu,t1_ckfqk9u,t1_ckfshmt,4.55483746349942,5.006419616144869,-0.45158215264544843
p_559,t3_2g2vzd,t1_ckf6qtu,t1_ckf4pc7,4.438981049850924,3.8777365207406906,0.5612445291102337
p_561,t3_2g2dg1,t1_ckf6526,t1_ckg1de7,5.429137499939771,4.947510413879742,0.4816270860600289
p_562,t3_2g1ea5,t1_ckeqq3q,t1_ckesi7g,5.094273119589342,4.77428482308143,0.31998829650791194
p_564,t3_2g1ea5,t1_ckersg9,t1_cket437,4.5279746477749345,4.806701111177029,-0.2787264634020943
p_565,t3_2g1ea5,t1_cket8bk,t1_cket39p,3.6336985507550565,4.046385052905685,-0.4126865021506285
p_566,t3_2g0wmr,t1_ckenwa6,t1_ckemqjl,5.165779444979378,4.89512448111894,0.2706549638604381
p_569,t3_2fwq1i,t1_ckdlfbp,t1_ckdpk3y,3.896888483774082,4.368586115318701,-0.4716976315446191
p_570,t3_2fwmff,t1_ckdlodj,t1_ckdfg3r,4.735609049172782,4.844650762177981,-0.10904171300519927
p_572,t3_2fuvyn,t1_ckd2th4,t1_ckd051u,5.087873243710904,4.79184169919304,0.29603154451786384
p_573,t3_2fu5da,t1_ckcwa0l,t1_ckd7g94,4.17432164164576,4.0672302047121205,0.1070914369336391
p_575,t3_2fu5da,t1_ckd2dqa,t1_ckd7g94,4.414686383424209,4.0672302047121205,0.3474561787120889
p_576,t3_2fu5da,t1_ckdjfgl,t1_cke4u4s,4.557421149724264,4.459491729450968,0.09792942027329588
p_577,t3_2fty9r,t1_ckd78uk,t1_ckcsyfa,4.3024509449556545,4.240118438933441,0.062332506022213074
p_579,t3_2fr87u,t1_ckcche8,t1_ckbz0d4,4.379625286992303,4.412879937396383,-0.033254650404080266
p_581,t3_2fo07m,t1_ckb6wte,t1_ckbi4rn,4.7444516234386755,4.878644323588519,-0.13419270014984352
p_582,t3_2fo07m,t1_ckb4dmq,t1_ckbi4rn,4.483911353199326,4.878644323588519,-0.3947329703891933
p_586,t3_2fkhgs,t1_cka4baq,t1_ckagd1v,4.141098179459367,4.615242531285227,-0.4741443518258599
p_587,t3_2fkhgs,t1_cka71xp,t1_ckahr81,4.799777780049969,4.942536911559779,-0.14275913150981
p_588,t3_2fkhgs,t1_ckabepp,t1_ckab7k5,4.744409901360611,4.193404140210807,0.5510057611498045
p_589,t3_2fjsjb,t1_ck9wx7u,t1_cka49p5,4.91327833423675,4.757204008582887,0.15607432565386326
p_590,t3_2fh3qu,t1_ck99mwb,t1_ck94xpk,4.670879608587232,4.534500924111349,0.13637868447588364
p_592,t3_2fgshm,t1_ck9f5l1,t1_ck98ujh,4.596154370048801,4.4981136352756605,0.09804073477314024
p_593,t3_2fgrxm,t1_ck91zkd,t1_ck91m7r,4.585598437703978,4.53662006916502,0.04897836853895843
p_595,t3_2fg916,t1_ck8x3ob,t1_ck8wogg,4.709207623039658,4.3813607378371096,0.3278468852025487
p_597,t3_2fduqy,t1_ck8t6he,t1_ck8px65,5.155113649684578,4.748246741143451,0.4068669085411276
p_598,t3_2fduqy,t1_ck8agrx,t1_ck94f1t,4.992839384931746,4.700271285999504,0.2925680989322421
p_602,t3_2fdmwl,t1_ck8hcxb,t1_ck8aoqa,4.334581969090738,4.70982087118073,-0.37523890208999156
p_603,t3_2fdmwl,t1_ck8rib6,t1_ck8aoqa,4.9442326187784325,4.70982087118073,0.23441174759770256
p_605,t3_2fd87u,t1_ck83yle,t1_ck84612,4.879764449912875,4.421743485708113,0.4580209642047617
p_606,t3_2fd87u,t1_ck859ka,t1_ck843v2,4.234713437835987,4.021092720169754,0.2136207176662328
p_607,t3_2fbbv9,t1_ck84tkw,t1_ck88yhl,4.707756984830151,4.18105195607587,0.5267050287542805
p_611,t3_2f78ys,t1_ck6mvg6,t1_ck6wzql,4.607645834372766,5.144480538737034,-0.5368347043642681
p_616,t3_2f3w7f,t1_ck60pkf,t1_ck68kw6,4.847671369180082,4.866772488850598,-0.019101119670516198
p_617,t3_2f3fma,t1_ck5uh5i,t1_ck5jj2i,4.96577697464959,4.3247190827345845,0.6410578919150058
p_618,t3_2f2p8u,t1_ck5cmsy,t1_ck5f41j,3.6068902438779045,3.9340950676083866,-0.3272048237304821
p_620,t3_2f1tka,t1_ck54mdm,t1_ck53prd,4.88882956751384,4.015988558601966,0.8728410089118741
p_623,t3_2f0a4a,t1_ck5qg13,t1_ck4vnzo,4.362424509271821,3.6712288525419963,0.6911956567298247
p_626,t3_2erf2t,t1_ck2ljcj,t1_ck2gk4u,4.83996124795865,4.935550848596448,-0.09558960063779853
p_628,t3_2eqf4w,t1_ck2dhsc,t1_ck22nty,5.399385420785539,5.370422460920536,0.028962959865003413
p_635,t3_2emkns,t1_ck1194m,t1_ck13p6l,3.9505414157250014,4.658361449917517,-0.7078200341925154
p_634,t3_2emkns,t1_ck0zrjm,t1_ck13p6l,4.509769478931314,4.658361449917517,-0.14859197098620314
p_632,t3_2emkns,t1_ck12zme,t1_ck13upr,5.028980795621178,4.58407016223113,0.4449106333900472
p_637,t3_2emdo8,t1_ck0wlix,t1_ck0ugt9,4.781742432976182,4.418997126278939,0.36274530669724303
p_639,t3_2ehl9h,t1_cjzpkr3,t1_cjzk8g5,4.031329003823443,4.213014452883819,-0.18168544906037543
p_641,t3_2eez7x,t1_cjzf2j8,t1_cjzgw4v,5.135198746881083,4.922637364752309,0.21256138212877396
p_642,t3_2eeedl,t1_cjyrp0h,t1_cjyos4x,4.035215428088379,3.7132017216157154,0.3220137064726636
p_643,t3_2eeedl,t1_cjyo1c4,t1_cjyz90m,4.202978269257633,3.9976535296714166,0.20532473958621633
p_644,t3_2eeedl,t1_cjyny2g,t1_cjyos4x,4.067345298404389,3.7132017216157154,0.35414357678867336
p_645,t3_2eeedl,t1_cjypfnn,t1_cjyy8zl,3.6497434414505294,4.569752739666924,-0.920009298216395
p_647,t3_2edzcv,t1_cjyy0v9,t1_cjysuzd,5.543342587251905,4.835966870598967,0.7073757166529377
p_648,t3_2ebw2y,t1_cjy2hvj,t1_cjy4ceu,4.410019563402681,3.98369760037772,0.4263219630249613
p_649,t3_2ebkiy,t1_cjxxcwt,t1_cjy5nhm,4.594550902600877,4.151025533830363,0.44352536877051385
p_650,t3_2ebj49,t1_cjxyzxn,t1_cjxzs8p,3.7271642065834882,3.926879691487086,-0.19971548490359758
p_651,t3_2eahyl,t1_cjxnpf1,t1_cjxqeut,3.6829839202512282,4.183994536342971,-0.5010106160917429
p_652,t3_2eahyl,t1_cjxo529,t1_cjxtave,4.101310460035684,4.9901876195222785,-0.8888771594865945
p_654,t3_2e9s6m,t1_cjxf8x8,t1_cjxl9tb,4.651632616160601,4.528761797221785,0.12287081893881613
p_655,t3_2e9rt1,t1_cjxgilw,t1_cjxfkcw,4.642502764439379,4.296414837524685,0.34608792691469414
p_656,t3_2e9q8o,t1_cjxdy6w,t1_cjxkoca,4.962293061465589,4.800823386745471,0.1614696747201183
p_657,t3_2e98b1,t1_cjxb5sz,t1_cjxexte,4.3142737893331695,3.6204152628731023,0.6938585264600672
p_659,t3_2e98b1,t1_cjxanmm,t1_cjx9qkg,4.536586133726899,3.9802716693391016,0.5563144643877971
p_660,t3_2e8yse,t1_cjx89ru,t1_cjxdz78,5.016197287763938,4.9246763168480445,0.09152097091589351
p_661,t3_2e8yse,t1_cjx7g3z,t1_cjxdz78,3.9651107533509697,4.9246763168480445,-0.9595655634970748
p_662,t3_2e8ach,t1_cjxi71v,t1_cjx17o5,4.585233787436507,4.130187262834151,0.4550465246023556
p_663,t3_2e6v25,t1_cjxa35m,t1_cjx2bzp,5.038207279833153,4.337903038167262,0.7003042416658909
p_667,t3_2e4crb,t1_cjvy9v7,t1_cjwlak3,5.0996291499131035,4.620316886819386,0.47931226309371766
p_668,t3_2e4crb,t1_cjxll0p,t1_cjw5uck,4.933518257187015,3.7016063352769826,1.2319119219100325
p_669,t3_2e4b5f,t1_cjvxnfz,t1_cjwigez,4.538370892055787,3.825747198254525,0.712623693801262
p_670,t3_2e439b,t1_cjw2n76,t1_cjvvbcf,4.329491124965947,4.062859935102921,0.26663118986302603
p_672,t3_2e3t22,t1_cjvs6w2,t1_cjvzvc8,4.652100780240085,4.52521324237466,0.12688753786542506
p_674,t3_2e3f98,t1_cjvox9d,t1_cjvp856,4.088717072899285,4.046410913439045,0.042306159460239634
p_676,t3_2e2rb6,t1_cjvi6ow,t1_cjvzfop,4.475496931086815,4.477267017026393,-0.0017700859395777258
p_677,t3_2e2rb6,t1_cjx8ys6,t1_cjvin9n,4.3488143602141145,4.258107858834362,0.09070650137975278
p_678,t3_2e2jug,t1_cjvwam2,t1_cjvvj7z,5.22116998045537,5.300626265158035,-0.07945628470266541
p_679,t3_2e2jug,t1_cjvuw76,t1_cjvoyh6,5.273275953667631,4.6332659329881665,0.6400100206794646
p_680,t3_2e1fah,t1_cjv53s3,t1_cjv5s7v,4.249876331190962,4.019299315561744,0.23057701562921817
p_681,t3_2e1fah,t1_cjv86o4,t1_cjvncqn,5.158713694407942,5.083589442211242,0.0751242521967006
p_682,t3_2e1fah,t1_cjvi92b,t1_cjv5s7v,3.8038098077986984,4.019299315561744,-0.21548950776304565
p_683,t3_2dzrhq,t1_cjunv4h,t1_cjunnw5,4.437919130434231,4.170047434990535,0.26787169544369593
p_684,t3_2dzrhq,t1_cjv2nbp,t1_cjunbkn,4.586360575773077,4.153380447573271,0.432980128199806
p_685,t3_2dzrhq,t1_cjuplp1,t1_cjunss7,4.6044663512373525,4.660856427843789,-0.056390076606436246
p_686,t3_2dzqgj,t1_cjurtqh,t1_cjv9hrw,3.8580179019962335,4.504721970209933,-0.6467040682136993
p_688,t3_2dzqgj,t1_cjv7aa2,t1_cjv9hrw,4.625310637760798,4.504721970209933,0.12058866755086495
p_687,t3_2dzqgj,t1_cjun4m4,t1_cjuorfi,4.73009443702308,4.833692041399337,-0.1035976043762572
p_690,t3_2dy3mw,t1_cju8xei,t1_cjuc7t4,4.287502559157349,5.076970100173694,-0.7894675410163456
p_692,t3_2dxa7k,t1_cjtzqak,t1_cju9ahc,3.616403846491805,4.4416039668624,-0.8252001203705945
p_695,t3_2dw5ig,t1_cjtn82k,t1_cjtn850,3.1004806381596306,3.782174061205535,-0.6816934230459042
p_696,t3_2dvguy,t1_cjtqfdm,t1_cjty2p2,4.829732175214847,4.567092416820728,0.2626397583941191
p_697,t3_2dtng7,t1_cjsz593,t1_cjt08iq,4.664105982400193,4.384539239782276,0.27956674261791736
p_699,t3_2dtng7,t1_cjt0gp1,t1_cjt08iq,4.516389240573457,4.384539239782276,0.13185000079118137
p_701,t3_2dsh9z,t1_cjsm7s0,t1_cjsp93m,4.232849970162236,4.300263457121062,-0.06741348695882632
p_702,t3_2dsh9z,t1_cjso3hu,t1_cjsprfv,4.707682922654046,4.787838560960476,-0.08015563830643035
p_706,t3_2drox8,t1_cjsefiu,t1_cjshzfo,5.158092540344761,5.310002823882758,-0.15191028353799751
p_707,t3_2dqwmd,t1_cjs75j7,t1_cjtbaaf,4.736662642646462,4.143683704434037,0.5929789382124255
p_710,t3_2dqiwg,t1_cjs3gzc,t1_cjs43w0,3.9749798471160593,4.2626892209058544,-0.2877093737897951
p_713,t3_2dnntx,t1_cjrb5qh,t1_cjr97o9,4.473545323198144,4.627976258808765,-0.1544309356106206
p_714,t3_2dn3f8,t1_cjr9dnd,t1_cjrqm60,4.108943390307928,4.491437474392194,-0.3824940840842661
p_717,t3_2dn11e,t1_cjrjl9x,t1_cjr71xy,5.281671733401696,4.734355432151779,0.5473163012499169
p_715,t3_2dn11e,t1_cjr2n9b,t1_cjr6whw,4.668210749146316,4.501775360119017,0.16643538902729915
p_718,t3_2dlheo,t1_cjqnd51,t1_cjqtrub,4.4171387843026615,3.684107431146821,0.7330313531558406
p_725,t3_2dhno3,t1_cjpkrey,t1_cjpktss,4.217855135128486,4.4384446943162175,-0.22058955918773115
p_726,t3_2dhno3,t1_cjpl1mi,t1_cjpl00t,4.355419987523256,4.227307203393387,0.12811278412986926
p_729,t3_2dgu6l,t1_cjpdy8k,t1_cjpe59d,4.6990486800258475,4.970704529314005,-0.2716558492881571
p_727,t3_2dgu6l,t1_cjpdn9v,t1_cjpklzu,4.0056132385958625,4.536428590734478,-0.5308153521386156
p_730,t3_2dgqx2,t1_cjpbloq,t1_cjpbk3l,3.6764768808615194,3.7289129071248563,-0.05243602626333699
p_732,t3_2dg6ti,t1_cjp6klt,t1_cjp63yk,4.52194208317434,4.524198327973527,-0.002256244799186291
p_733,t3_2dg4c1,t1_cjpx7h2,t1_cjpio9w,5.3500338632834605,4.848520830182378,0.5015130331010829
p_734,t3_2dfvv8,t1_cjp4zw9,t1_cjps9sv,5.2378362425733425,4.61298814624606,0.6248480963272822
p_735,t3_2dfees,t1_cjoyyhb,t1_cjoyhsi,4.387995964640918,4.9127634870433115,-0.5247675224023931
p_736,t3_2df7cg,t1_cjp0py1,t1_cjp0eg0,4.3767932493012625,3.918157128478749,0.4586361208225136
p_738,t3_2ddrqc,t1_cjos8fl,t1_cjoj8pn,4.093974738583536,3.7995894415345792,0.29438529704895666
p_739,t3_2ddrqc,t1_cjoqu2v,t1_cjok2vp,4.4141976028609,4.172873528238729,0.24132407462217031
p_744,t3_2d9qj2,t1_cjnklzx,t1_cjnknol,5.020682574581487,4.805921629236846,0.21476094534464085
p_748,t3_2d80rd,t1_cjn0zyz,t1_cjn0l56,4.833883736386247,4.687506859465866,0.14637687692038082
p_749,t3_2d80rd,t1_cjmzj1k,t1_cjn0l56,4.035942638918295,4.687506859465866,-0.6515642205475718
p_751,t3_2d70dq,t1_cjmpn2y,t1_cjmqlfg,4.249703274028262,3.632298581573178,0.6174046924550836
p_752,t3_2d70dq,t1_cjmpqr5,t1_cjmq3hk,3.889115892091293,3.9122811100498915,-0.023165217958598383
p_754,t3_2d4iry,t1_cjm06yw,t1_cjlzkdu,4.521567881589952,4.339709705505733,0.18185817608421928
p_753,t3_2d4iry,t1_cjm03nb,t1_cjm7yyk,4.844175524188024,4.83569614964969,0.008479374538334028
p_755,t3_2d45vn,t1_cjlwas2,t1_cjmfdmh,3.989973193337966,4.011161834933177,-0.021188641595211166
p_756,t3_2d45gd,t1_cjlw24h,t1_cjm4puq,3.802554382698022,4.3207207471797675,-0.5181663644817456
p_757,t3_2d45gd,t1_cjlvwcv,t1_cjm05zn,4.447359906047148,4.3710580551773175,0.07630185086983055
p_758,t3_2d3v5a,t1_cjlwcf0,t1_cjm3zmu,4.224373366365845,4.530195113135319,-0.3058217467694737
p_759,t3_2d2as3,t1_cjlfahj,t1_cjlf2q0,4.693669536467188,4.195405971190293,0.4982635652768952
p_760,t3_2czuse,t1_cjkv8v3,t1_cjkt5uj,4.444908318527776,4.3382546082146645,0.1066537103131111
p_761,t3_2cziel,t1_cjkkwxr,t1_cjkpo0a,4.600767243060991,3.6662737691956564,0.9344934738653348
p_762,t3_2czhb2,t1_cjkm7nm,t1_cjkm0r4,4.95007131241095,3.6447362165769603,1.3053350958339895
p_763,t3_2cz5rq,t1_cjkk570,t1_cjkjx53,4.471767331267095,4.344532220504289,0.1272351107628067
p_766,t3_2cwals,t1_cjjmt5t,t1_cjjmrg7,4.533982947752767,4.355213050587468,0.17876989716529845
p_767,t3_2cuup8,t1_cjj91pc,t1_cjj8z52,3.9691716556628123,4.138970256925914,-0.16979860126310165
p_769,t3_2cuup8,t1_cjj95ae,t1_cjj95r7,4.803261240369396,4.0280670657411415,0.7751941746282549
p_768,t3_2cuup8,t1_cjj8vwc,t1_cjj93qh,4.2682401955554985,4.120732849258101,0.14750734629739792
p_770,t3_2ctoax,t1_cjl2zn4,t1_cjiw921,4.367069266045092,4.554278617851614,-0.18720935180652276
p_773,t3_2cpj4p,t1_cjhqqcp,t1_cjhqbq0,4.574308668372676,4.3996019998942515,0.1747066684784242
p_774,t3_2cpj4p,t1_cjhreeh,t1_cjhqbq0,4.54071713646492,4.3996019998942515,0.14111513657066865
p_775,t3_2cotfm,t1_cjhpm9j,t1_cjhkm9q,4.3676449311586545,4.458729352358586,-0.09108442119993132
p_778,t3_2cm5jd,t1_cjh0bre,t1_cjguy6j,5.322390814556761,5.215434373233503,0.10695644132325821
p_779,t3_2cm3oh,t1_cjgsk1z,t1_cjgv6jc,4.068561329768174,3.7429298948444525,0.32563143492372193
p_780,t3_2clk6c,t1_cjgn3ba,t1_cjgqd1y,4.377824774323622,4.460035844532339,-0.0822110702087171
p_781,t3_2ck2yw,t1_cjga8kb,t1_cjgci5s,4.19427028467629,4.289108193423552,-0.09483790874726239
p_783,t3_2cjh91,t1_cjg6chd,t1_cjg4iir,4.66134862109412,4.96173769785867,-0.3003890767645494
p_784,t3_2cixjs,t1_cjfyd92,t1_cjfxj4o,4.461996314856763,3.8717928225167637,0.5902034923399992
p_786,t3_2cimfd,t1_cjfuup7,t1_cjftym1,4.543654366677971,4.4521546324956685,0.09149973418230228
p_787,t3_2cimfd,t1_cjfxnwo,t1_cjftym1,4.791192226707697,4.4521546324956685,0.3390375942120283
p_789,t3_2chy2d,t1_cjfpbub,t1_cjfnmjy,4.667962612813093,3.819729850478506,0.8482327623345869
p_792,t3_2ch2je,t1_cjfeou6,t1_cjff0g8,4.7759540753231695,4.9474335606877755,-0.171479485364606
p_794,t3_2cflx0,t1_cjfajp7,t1_cjfm8m1,4.831079118118612,5.231440590081267,-0.4003614719626549
p_796,t3_2cfco7,t1_cjf04a9,t1_cjexi6m,5.142562348428857,4.019633293493355,1.1229290549355024
p_799,t3_2cayvr,t1_cjdvbhe,t1_cjdu0ta,4.822697557669237,4.004581737436883,0.8181158202323537
p_801,t3_2c8rcd,t1_cjd7pz3,t1_cjd6lze,5.279999277393491,5.402729494768585,-0.12273021737509371
p_802,t3_2c8fea,t1_cjcyect,t1_cjd2c3b,4.5394180884540205,4.441565544426457,0.09785254402756394
p_803,t3_2c7yah,t1_cjd2kql,t1_cjcxj9f,5.442706373679217,5.457961397114647,-0.015255023435430282
p_805,t3_2c5zac,t1_cjc9611,t1_cjc924m,3.9593430316480918,3.5749772408048686,0.3843657908432232
p_806,t3_2c5zac,t1_cjctvr0,t1_cjcbahh,4.021158214177348,4.05530744865496,-0.034149234477612644
p_807,t3_2c5p5y,t1_cjcho3h,t1_cjc7uan,4.25389902992239,4.542268907950217,-0.28836987802782676
p_808,t3_2c5p5y,t1_cjcd7nc,t1_cjccm8m,3.7128833076989447,3.6225611990756303,0.09032210862331436
p_810,t3_2c3fc3,t1_cjbjw5y,t1_cjbjkju,3.763211105946744,3.881009233053479,-0.11779812710673498
p_813,t3_2c1mga,t1_cjb2jw5,t1_cjc4wg5,5.168301558695901,5.6387592186246716,-0.47045765992877087
p_815,t3_2c0frm,t1_cjb1qx6,t1_cjause4,4.813385993575832,4.0094699706783326,0.8039160228974991
p_816,t3_2c0frm,t1_cjb1sid,t1_cjb85xf,5.545681961319237,5.092697850090245,0.45298411122899207
p_818,t3_2bys5g,t1_cja9ddx,t1_cja81tm,4.907101339685222,4.863162432817096,0.04393890686812618
p_820,t3_2byn0m,t1_cja7f9f,t1_cjabwg5,3.9524641554137685,3.84240869927803,0.11005545613573853
p_821,t3_2btxhq,t1_cj8vmab,t1_cj8xbmk,4.964856846729142,4.5758665707122,0.38899027601694236
p_822,t3_2bt248,t1_cj8mfi7,t1_cj8m3h7,4.460453805806159,4.742393123379549,-0.2819393175733902
p_823,t3_2bt248,t1_cj8m0lg,t1_cj8mwsz,4.04886046581361,4.632264417936957,-0.583403952123347
p_824,t3_2bsdbd,t1_cj8tbiu,t1_cj8hvl7,4.92047680019961,4.946869404804745,-0.026392604605134373
p_826,t3_2brzwb,t1_cj8hzbv,t1_cj8gj0l,4.820308798457735,3.995510187395452,0.8247986110622834
p_827,t3_2brzmq,t1_cj8bm67,t1_cj8cjmm,4.60064831478079,4.667247370764152,-0.06659905598336202
p_828,t3_2brzmq,t1_cj8ba9r,t1_cj8b7ms,3.873448043394276,3.8675028068534942,0.005945236540781718
p_829,t3_2bqtzl,t1_cj80j9s,t1_cj810fl,4.730037534517428,4.86590012656465,-0.13586259204722229
p_832,t3_2boeux,t1_cj7b6r1,t1_cj7b5jv,4.894100693947489,3.730771894644138,1.1633287993033505
p_833,t3_2boeux,t1_cj7bl1t,t1_cj7igwx,4.4843485720186225,3.7705031725586684,0.7138453994599541
p_834,t3_2boe3r,t1_cj7c5d5,t1_cj7cbq5,4.802733136876443,4.487603022687559,0.31513011418888404
p_836,t3_2bo3al,t1_cj7h31j,t1_cj7dkvq,3.8215953000739376,4.28761035666455,-0.4660150565906127
p_837,t3_2bnfju,t1_cj716f4,t1_cj718af,4.958723719231747,3.8866595479688297,1.0720641712629173
p_838,t3_2bnfju,t1_cj71qqf,t1_cj717cb,4.5807910317596745,3.722657301479998,0.8581337302796763
p_840,t3_2bmc2p,t1_cj6s9ct,t1_cj6qflr,4.0841610028562805,3.804297972663809,0.2798630301924714
p_841,t3_2bmble,t1_cj6qs8o,t1_cj6v78p,4.674954897072972,4.937580756430255,-0.262625859357283
p_844,t3_2bkf5u,t1_cj684og,t1_cj6d292,3.9735280412216687,3.596573283106478,0.37695475811519064
p_846,t3_2bk0qs,t1_cj63kvq,t1_cj63fve,3.8423985544211714,4.0257891540082325,-0.18339059958706105
p_849,t3_2bk0qs,t1_cj64yf0,t1_cj63fve,3.6690330832445768,4.0257891540082325,-0.3567560707636557
p_847,t3_2bk0qs,t1_cj66iuo,t1_cj6420b,5.047868132757147,3.921777220943715,1.126090911813432
p_850,t3_2bk0qs,t1_cj65d7h,t1_cj66gvl,4.502765096152549,3.9819563671900062,0.5208087289625429
p_852,t3_2bh5ak,t1_cj5b5uh,t1_cj5jak2,3.751895296773423,3.742020031392392,0.009875265381031006
p_854,t3_2bf94q,t1_cj4sh2e,t1_cj4qy6o,4.186402885629883,4.395673060288791,-0.20927017465890785
p_855,t3_2bev6f,t1_cj4mn6v,t1_cj4o0am,4.1469306378327575,4.1025236883319245,0.044406949500833015
p_857,t3_2bdmlg,t1_cj4r6pc,t1_cj4uv2h,5.287469196651567,3.7481768531618354,1.5392923434897314
p_858,t3_2bdgci,t1_cj49439,t1_cj49ckx,4.61777833668101,4.704183258597372,-0.08640492191636273
p_859,t3_2bd0wa,t1_cj442sl,t1_cj43vgx,4.538645293212845,4.114779699125232,0.42386559408761304
p_861,t3_2bbyzd,t1_cj3zuoq,t1_cj3tx1c,4.933122838273259,4.385407956090537,0.5477148821827216
p_863,t3_2bbbrd,t1_cj3qs8q,t1_cj3ln9x,4.387257686980246,4.1591403326179766,0.22811735436226943
p_864,t3_2bbbrd,t1_cj3mpby,t1_cj3ln9x,3.8968884837740827,4.1591403326179766,-0.26225184884389385
p_865,t3_2bb58m,t1_cj3lcvm,t1_cj3jor5,4.259822686272941,3.7007129010851516,0.5591097851877898
p_868,t3_2bag31,t1_cj3e0bt,t1_cj3f08t,4.829985836502759,4.536701555185797,0.2932842813169625
p_869,t3_2ba5xo,t1_cj3aqld,t1_cj3bm6j,3.866428337453917,3.668893574430149,0.19753476302376782
p_873,t3_2b6skg,t1_cj2glpl,t1_cj2cg6m,4.137755451315465,4.494467614501056,-0.3567121631855903
p_876,t3_2b3pi0,t1_cj1uavk,t1_cj1m2xo,4.191475808881509,4.541913229706369,-0.35043742082485974
p_877,t3_2b3lad,t1_cj1iybx,t1_cj1jqxa,3.904391073332931,4.173818377073143,-0.2694273037402124
p_879,t3_2b2yjr,t1_cj1hktf,t1_cj1b4e2,5.1053275329036625,4.95067735672313,0.15465017618053256
p_881,t3_2b1rwv,t1_cj15lfe,t1_cj10jtx,4.722057768117427,4.5084949642461725,0.21356280387125448
p_882,t3_2b1rab,t1_cj0ycid,t1_cj0zinx,4.6102058293929,4.831115994148996,-0.22091016475609582
p_883,t3_2az65z,t1_cj0805c,t1_cj0g6d8,4.69727171803051,4.495199559690275,0.2020721583402354
p_884,t3_2az65z,t1_cj0afqo,t1_cj07su5,4.008642208636719,4.50604405965432,-0.49740185101760126
p_887,t3_2ayhxt,t1_cj01q09,t1_cj05jan,5.222897336068381,4.603544370224566,0.6193529658438148
p_888,t3_2ayhnp,t1_cj0eawe,t1_cj0dm90,3.9437693877544984,4.293980339383609,-0.3502109516291103
p_889,t3_2ay3kf,t1_cizxi5e,t1_cj0f52z,4.848269334352115,4.12855194923204,0.7197173851200747
p_892,t3_2axbu7,t1_cizphk8,t1_cizp4id,4.8810533767653945,4.329756260179649,0.5512971165857454
p_894,t3_2ax1is,t1_cizxbqp,t1_cizm2oq,4.6267078182341095,3.951783046871216,0.6749247713628934
p_896,t3_2avwd8,t1_cizdu3g,t1_cizbvza,4.474776002022762,4.186900045631861,0.28787595639090124
p_898,t3_2av5cs,t1_ciz2pkz,t1_ciz33sn,4.346480493321366,3.978749971198555,0.36773052212281065
p_899,t3_2av5cs,t1_cizd4ad,t1_ciz33th,5.271018769876067,4.873528168152371,0.3974906017236952
p_900,t3_2av5cs,t1_ciz37g5,t1_cizbl7q,5.186995193606166,5.065479784479783,0.12151540912638303
p_901,t3_2av4l0,t1_ciz5qhg,t1_ciz3zz1,5.39993758427202,5.182709825620384,0.21722775865163602
p_902,t3_2av4l0,t1_ciz4rvg,t1_cizdobh,4.611605874901692,4.513369148716144,0.09823672618554813
p_903,t3_2auttr,t1_ciyyxji,t1_ciyz918,4.580634493888222,4.431108844367587,0.14952564952063518
p_904,t3_2auttr,t1_ciz267w,t1_cizcakn,4.439194754431336,3.7457815351523114,0.6934132192790243
p_905,t3_2auttr,t1_ciz01zx,t1_ciyz5z2,4.117541273994436,3.9081397522090575,0.20940152178537863
p_907,t3_2autm6,t1_ciyzdgj,t1_ciyzc4o,3.75354367612932,4.040532185265495,-0.286988509136175
p_908,t3_2au1li,t1_ciytem3,t1_ciytn6n,5.114942496676867,4.8074223563157314,0.3075201403611354
p_909,t3_2atya5,t1_ciyu2jf,t1_ciza7xp,3.822487198434125,4.719524549525102,-0.8970373510909768
p_910,t3_2atya5,t1_ciytbvr,t1_ciyug3x,4.923655503560811,5.175553866577815,-0.25189836301700375
p_911,t3_2atkq9,t1_ciyvkn0,t1_ciysfit,5.210193792121653,4.769615434754891,0.4405783573667623
p_912,t3_2atkq9,t1_ciyvfhd,t1_ciz0aqa,4.81463325592349,3.6928403575087234,1.1217928984147667
p_914,t3_2aprj3,t1_cixk3ln,t1_cixjumt,4.048611282352866,4.1161573901749575,-0.0675461078220918
p_915,t3_2apfnp,t1_cixj7ex,t1_cixm7i4,4.050828417524674,4.27830876006223,-0.22748034253755645
p_916,t3_2aotoi,t1_cixcw5d,t1_cixbgnz,4.824566977922446,4.961138577206467,-0.13657159928402063
p_917,t3_2ao6r9,t1_cix76va,t1_cix3fsy,4.875584413562999,4.508213353032522,0.36737106053047697
p_918,t3_2ao6r9,t1_cix7iph,t1_cix8b7l,4.842085334677961,4.5617165156313275,0.28036881904663336
p_919,t3_2ao0uk,t1_cix3ypn,t1_cix3ejo,3.9202090273324424,4.1303327866652895,-0.2101237593328471
p_920,t3_2ao0uk,t1_cix237u,t1_cix3ejo,3.885688164533226,4.1303327866652895,-0.24464462213206328
p_921,t3_2ancgk,t1_cizbef2,t1_ciwwlp0,4.702475369997,4.214732757851621,0.48774261214537873
p_922,t3_2am3iw,t1_ciwjxse,t1_ciwj1us,4.260983349356575,3.7731036272923686,0.4878797220642066
p_923,t3_2am3iw,t1_ciwjejz,t1_ciwtkzm,4.972344029898842,4.708818296506148,0.2635257333926946
p_924,t3_2aksc1,t1_ciwatzs,t1_ciwai0k,4.918014379812319,4.696576281977487,0.22143809783483182
p_925,t3_2aklm2,t1_ciwffud,t1_ciwbxu9,4.5012851816698864,3.701533505166791,0.7997516765030954
p_926,t3_2akhk0,t1_ciw2gow,t1_ciw2nfc,4.09410036018242,4.69521606275818,-0.6011157025757603
p_927,t3_2ajnzj,t1_ciwqij6,t1_ciwemsm,3.750929990812778,4.021265212202202,-0.27033522138942434
p_928,t3_2aj9r3,t1_ciwcbuo,t1_civud7i,4.920860715552493,4.074579858524247,0.8462808570282458
p_931,t3_2aj1mk,t1_civssxr,t1_civm58k,5.344800091158128,5.306516186399452,0.03828390475867671
p_930,t3_2aj1mk,t1_civrhnv,t1_civrvjf,4.185392734224997,4.443227517135542,-0.2578347829105452
p_933,t3_2ah2al,t1_civd1ci,t1_civ856q,5.084357479208564,5.1292530017317395,-0.0448955225231753
p_935,t3_2afgwo,t1_ciujkwd,t1_ciuknh0,4.463934243524787,3.4909484684309104,0.9729857750938766
p_937,t3_2afeix,t1_civ4udg,t1_ciui2wk,4.18420471438067,3.7571611931003805,0.4270435212802899
p_936,t3_2afeix,t1_ciuiq4g,t1_civ1g4o,4.9452676421883375,4.169796129478627,0.7754715127097107
p_940,t3_2a9tub,t1_cisxezp,t1_cisyu2q,5.043811474161998,4.665785511697317,0.37802596246468134
p_942,t3_2a9dnv,t1_cit209o,t1_cissjh9,4.112698347264087,4.946249710744236,-0.833551363480149
p_943,t3_2a9dnv,t1_cisrycq,t1_cisrkq6,4.4826293554068775,3.5556298897067418,0.9269994657001357
p_945,t3_2a7l9t,t1_cisdojk,t1_cisar6g,4.893587163512987,4.720871130468874,0.17271603304411354
p_946,t3_2a7f52,t1_cisdl2d,t1_cisbb3e,4.701803880662544,3.9152413694756047,0.786562511186939
p_947,t3_2a7f52,t1_cisbwf3,t1_cisf85e,5.005477069554603,4.917336005924083,0.08814106363051977
p_948,t3_2a7f52,t1_cisazcd,t1_cisbb3e,4.408044476701839,3.9152413694756047,0.49280310722623444
p_950,t3_2a71ap,t1_cis8nhw,t1_cis9yiw,5.080385330483727,4.509878629357044,0.5705067011266829
p_951,t3_2a6vk3,t1_cis5k8v,t1_cisibct,4.432845343477202,4.476599167478259,-0.04375382400105732
p_952,t3_2a6vk3,t1_cis6qmv,t1_cisibct,4.620298381454388,4.476599167478259,0.14369921397612906
p_954,t3_2a5fi8,t1_ciro19q,t1_cirnern,4.686770030141367,4.539662165352618,0.14710786478874915
p_955,t3_2a54d2,t1_cirmdvw,t1_cirrtjb,4.193612287492952,4.771634750508232,-0.5780224630152802
p_957,t3_2a3mhz,t1_cirdfug,t1_cirn0uk,4.73155755265253,4.624173641022692,0.10738391162983874
p_959,t3_2a2ccx,t1_ciqt2gd,t1_ciqstk4,4.644610593619534,4.68521333423569,-0.040602740616155764
p_958,t3_2a2ccx,t1_ciqt1fb,t1_ciqt0ds,4.235811730388495,4.475273962895582,-0.23946223250708787
p_960,t3_2a299i,t1_ciqsytr,t1_ciqs72a,4.970114026610965,4.0684599015236635,0.9016541250873011
p_961,t3_2a299i,t1_ciqsl3r,t1_ciqt0e3,4.579109467754391,4.836691105632013,-0.2575816378776228
p_963,t3_2a1jkp,t1_ciqmtf7,t1_ciqlutb,4.575812771378255,4.720778613629206,-0.14496584225095166
p_964,t3_2a1jkp,t1_ciqrmpo,t1_ciqn0ib,4.615595654605922,4.388493608032387,0.2271020465735356
p_966,t3_2a197z,t1_ciqil5b,t1_ciqobmw,4.520122631023975,4.597918221722234,-0.07779559069825925
p_967,t3_2a197z,t1_ciqihn1,t1_ciqobmw,4.916145669202293,4.597918221722234,0.3182274474800586
p_968,t3_29zmtz,t1_ciq2ol0,t1_ciq3149,5.16989148410033,4.1926635331091475,0.9772279509911828
p_969,t3_29wdwj,t1_cip54i9,t1_cip4gi2,4.591455736686613,4.787780383476134,-0.19632464678952122
p_970,t3_29vb8t,t1_cioupvy,t1_cip1yki,4.090643384920882,3.6345850752470623,0.45605830967381955
p_971,t3_29uigy,t1_cioolhq,t1_ciopo2e,4.423988534230953,4.33359878056491,0.0903897536660434
p_972,t3_29twg4,t1_ciohbmn,t1_ciofrjv,4.54881814376139,4.183606203851399,0.3652119399099911
p_973,t3_29thke,t1_cioct3t,t1_ciofixu,3.5780106213568437,4.172468556994982,-0.5944579356381383
p_974,t3_29thke,t1_ciod9j6,t1_ciof299,4.596943935345613,4.515099238624471,0.08184469672114236
p_975,t3_29thke,t1_ciod9wn,t1_ciof299,4.888289913316355,4.515099238624471,0.3731906746918847
p_976,t3_29t2lw,t1_cio8k31,t1_ciorv42,4.100173532991908,4.6681347212732875,-0.5679611882813793
p_978,t3_29sw94,t1_cioket0,t1_ciolk7r,4.5849782768619045,4.066977095602723,0.5180011812591818
p_979,t3_29s43k,t1_cinyd5x,t1_cinyyyn,4.181829219708138,4.176317660999451,0.005511558708687581
p_981,t3_29q8ct,t1_cinh7w0,t1_cing94q,4.625603940107875,4.581384082165093,0.044219857942781715
p_983,t3_29pjwk,t1_cinfrtq,t1_cin94yc,4.481531774930166,3.8734587100403868,0.608073064889779
p_984,t3_29oi1n,t1_cimz15m,t1_cimy8x8,5.155890375609086,5.030374779108284,0.12551559650080257
p_985,t3_29o2de,t1_cimtmrk,t1_cin0747,4.282435176720582,4.835619618697352,-0.5531844419767706
p_988,t3_29nx6g,t1_cimrrzy,t1_cimrry5,4.126565394656172,3.444820508539649,0.681744886116523
p_990,t3_29n4wo,t1_cio9nnh,t1_cimnztj,5.553240973070498,4.886888171491814,0.6663528015786833
p_992,t3_29mv5t,t1_cimhn69,t1_cimm4sj,3.944937913610266,4.4479321590740595,-0.5029942454637935
p_993,t3_29kyod,t1_cily6cd,t1_cilx8xd,4.804752327720207,4.44067280060251,0.3640795271176973
p_994,t3_29koa9,t1_ciluvuu,t1_cim8wkw,5.214092530642612,5.244441775373335,-0.03034924473072298
p_996,t3_29koa9,t1_cim0cmu,t1_cim8wkw,5.627977649671687,5.244441775373335,0.3835358742983521
p_997,t3_29koa9,t1_cilvgjv,t1_cim8wkw,5.2395057879855935,5.244441775373335,-0.0049359873877410365
p_998,t3_29koa9,t1_cilvqev,t1_cilxj9y,4.766969283187904,4.892325737534063,-0.12535645434615894
p_999,t3_29gpjt,t1_cilbryz,t1_cikqtwr,4.55648030945352,4.669201908377211,-0.11272159892369071
p_1000,t3_29fpzd,t1_cikhu2y,t1_cikh4e8,4.591547187503259,3.9022968948852417,0.6892502926180177
p_1001,t3_29fb1d,t1_cikeni2,t1_cikla8t,4.1323620791819256,4.393420043530412,-0.2610579643484865
p_1002,t3_29ex1p,t1_cik9jgg,t1_ciko7yy,5.0038361665114675,3.8614468619506854,1.142389304560782
p_1003,t3_29elqv,t1_cik5t8y,t1_cik747j,4.690611095889277,4.514848722644386,0.17576237324489075
p_1005,t3_29dde1,t1_cijuats,t1_cijzw8d,4.257660676958129,4.391100688847071,-0.1334400118889416
p_1008,t3_29cqd5,t1_cijp4yk,t1_cijvb22,4.620840490594767,4.540860414143584,0.0799800764511831
p_1009,t3_29c3ml,t1_cikuj8t,t1_cijh4ci,4.377008611929947,4.761675290440247,-0.38466667851030056
p_1010,t3_299mpb,t1_ciiv880,t1_cijf48t,4.738240339281867,4.624635694758973,0.1136046445228942
p_1012,t3_299m1u,t1_cij2hf7,t1_ciirgle,4.914671713716409,4.342802993139728,0.5718687205766813
p_1011,t3_299m1u,t1_cij1roi,t1_ciisuex,3.9594464172241284,4.269418611537552,-0.3099721943134237
p_1015,t3_298jbk,t1_ciircqo,t1_ciijbdz,4.531991090512341,4.8903968344335595,-0.35840574392121827
p_1016,t3_295zr6,t1_cihud2v,t1_cihuma6,4.889477769309398,5.111863501058973,-0.22238573174957477
p_1018,t3_293ei6,t1_cih7ua8,t1_cih1isj,5.04994346244717,3.868804653147892,1.181138809299278
p_1020,t3_292154,t1_cignun4,t1_cigrv7m,4.037971692549255,4.02708973759087,0.010881954958384732
p_1022,t3_28xzqn,t1_cig26mw,t1_cifrcsx,4.7859828337815955,4.0223718407997895,0.763610992981806
p_1023,t3_28xbw7,t1_cifjy3z,t1_cifovj7,4.5325183761250525,4.156469363938185,0.3760490121868676
p_1024,t3_28xbw7,t1_cig1fzx,t1_cifl87i,4.09426922361937,4.5473055375550535,-0.45303631393568367
p_1025,t3_28wpvg,t1_cif8zbc,t1_cif9t6k,5.220323091633234,4.179589817169507,1.0407332744637268
p_1026,t3_28wp3q,t1_cif8e82,t1_cif88e5,3.907411504891409,4.720656738834665,-0.8132452339432565
p_1027,t3_28vthp,t1_cieyolc,t1_cif42z9,3.8976895852612516,4.164642544407167,-0.26695295914591544
p_1028,t3_28sivx,t1_cie0w6q,t1_cie3rwm,4.116967194231476,4.398861274913604,-0.28189408068212796
p_1029,t3_28sivx,t1_cie32oy,t1_cie6c67,4.451763718828563,4.611272930935901,-0.1595092121073387
p_1030,t3_28sivx,t1_cie3t4x,t1_ciexvov,4.276802463422484,4.234911338978355,0.041891124444129346
p_1031,t3_28rftj,t1_cidpqyo,t1_cidq2o7,4.801064062931431,4.789266826084354,0.011797236847076675
p_1033,t3_28l9bo,t1_cicbcrc,t1_cicnduy,4.379589245404914,4.3001957386056455,0.07939350679926882
p_1034,t3_28kmxf,t1_cibufhn,t1_cic57nm,4.970147166087673,4.321657261344093,0.6484899047435801
p_1036,t3_28k1k9,t1_cic5k0x,t1_cibo1r9,4.973647403744963,4.566244504710896,0.407402899034067
p_1037,t3_28jnxp,t1_cibl8h0,t1_cibmdqw,4.902378769523873,4.40126879624471,0.5011099732791626
p_1039,t3_28io13,t1_cibbreq,t1_cic1705,4.061100393433925,4.110351372450299,-0.04925097901637354
p_1040,t3_28io13,t1_cibhh0f,t1_cibq1ek,4.7840737835080605,3.979864554295987,0.8042092292120735
p_1042,t3_28io13,t1_cibcinr,t1_cic1705,4.7408453734412825,4.110351372450299,0.6304940009909838
p_1044,t3_28hqnq,t1_cib224e,t1_cib40ah,4.146366884363726,3.851683199064454,0.2946836852992716
p_1045,t3_28c0xt,t1_ciasocp,t1_cia500d,4.614498475178985,3.9502145079976185,0.6642839671813667
p_1046,t3_28butd,t1_ci9glxs,t1_ci9f4fm,4.397282567388386,4.274300232583892,0.12298233480449383
p_1047,t3_28b5n6,t1_ci9a3vl,t1_ci99ope,4.464478993256792,4.47188285188351,-0.007403858626718218
p_1052,t3_28a5fu,t1_ci9bqem,t1_ci8yety,4.469366834929492,4.16659972396891,0.3027671109605814
p_1053,t3_28a4rk,t1_ci8xy5w,t1_ci90bbf,4.951616010468541,5.2863670946159536,-0.3347510841474124
p_1055,t3_2881g3,t1_ci8embi,t1_ci8bs9b,3.607486083605874,4.072182534107025,-0.46469645050115105
p_1056,t3_287z9c,t1_ci8aubw,t1_ci8apra,4.892356331766838,4.255717399224559,0.6366389325422794
p_1057,t3_287z9c,t1_ci8d0ed,t1_ci8apra,4.415767479336602,4.255717399224559,0.16005008011204325
p_1058,t3_287cab,t1_ci86zv4,t1_ci87ifw,4.9261759369962155,4.6766353776245415,0.24954055937167396
p_1059,t3_2870cx,t1_ci81vqj,t1_ci8137l,4.662970891457058,3.8086466238822316,0.8543242675748264
p_1060,t3_286wmt,t1_ci81k1d,t1_ci80xo1,3.810152734534836,4.379879336750479,-0.5697266022156429
p_1061,t3_286wmt,t1_ci817z2,t1_ci8clpg,4.308559155508402,4.506245143001061,-0.1976859874926582
p_1062,t3_2848jg,t1_ci7igy9,t1_ci7f6gw,4.82673757015644,4.712963318891398,0.11377425126504193
p_1064,t3_282r7k,t1_ci758gf,t1_ci6xs0m,4.175910715799013,4.165036599186512,0.010874116612501261
p_1065,t3_282lgu,t1_ci6xcds,t1_ci6wglw,4.345620017902313,4.288031458360283,0.05758855954202957
p_1068,t3_281bde,t1_ci6f2vp,t1_ci73217,4.285158277492993,3.7125624513940974,0.5725958260988957
p_1069,t3_2803o3,t1_ci69ena,t1_ci63g5z,4.871657145925442,3.9930118330981488,0.8786453128272935
p_1070,t3_2803o3,t1_ci63w8c,t1_ci63kpj,4.519880236922663,4.336808919166428,0.18307131775623553
p_1071,t3_27ywun,t1_ci5q8xy,t1_ci5rb2e,4.862991788292606,4.774667274588364,0.08832451370424277
p_1072,t3_27yn4n,t1_ci5p6hk,t1_ci5nwbp,4.450682190589655,4.671079696946045,-0.22039750635638988
p_1073,t3_27wog4,t1_ci54b7y,t1_ci54sne,4.771740612202837,3.732840239396522,1.038900372806315
p_1074,t3_27w5po,t1_ci4zmff,t1_ci4ziae,4.709386023144801,3.90647695022125,0.8029090729235508
p_1075,t3_27w4g2,t1_ci52xge,t1_ci500mh,3.952716514992179,4.246537647000847,-0.2938211320086679
p_1076,t3_27tb09,t1_ci498s2,t1_ci45ypy,4.176818042838944,3.9615412374551138,0.2152768053838301
p_1077,t3_27r91j,t1_ci3qcct,t1_ci3r4y5,4.090439265048008,4.072182534107025,0.018256730940983346
p_1078,t3_27r91j,t1_ci469aj,t1_ci3lbw6,4.928720345383437,4.3788464560920515,0.5498738892913853
p_1080,t3_27r91j,t1_ci3v5tq,t1_ci3lbw6,4.06136182024474,4.3788464560920515,-0.3174846358473111
p_1079,t3_27r91j,t1_ci3s6fn,t1_ci4g5dm,4.6487092027287975,4.938347115335911,-0.28963791260711336
p_1081,t3_27qqap,t1_ci3mz0v,t1_ci3fwt5,4.802174892032764,4.501526920521847,0.3006479715109167
p_1082,t3_27polk,t1_ci34zl5,t1_ci34y3o,5.072714308490773,4.968390480401347,0.10432382808942631
p_1083,t3_27poi8,t1_ci35etu,t1_ci36j29,4.301687270853231,3.9096314384860795,0.39205583236715125
p_1084,t3_27p2fu,t1_ci302xh,t1_ci2zv2i,4.869188439896255,4.152091308139448,0.7170971317568071
p_1085,t3_27nxly,t1_ci2o2dq,t1_ci2ox33,4.712405933135252,4.552089172029803,0.1603167611054488
p_1087,t3_27mbdo,t1_ci2lk26,t1_ci271f9,3.959481539386916,3.6938481586755345,0.2656333807113813
p_1088,t3_27m0gw,t1_ci29ixa,t1_ci2e7bo,4.8882940168883735,4.305627584961913,0.5826664319264605
p_1089,t3_27ltja,t1_ci22bw3,t1_ci221eg,4.739485884375062,3.6347641332041674,1.1047217511708949
p_1090,t3_27lpkf,t1_ci21sv8,t1_ci22b62,4.629603812427223,4.773972126378004,-0.14436831395078098
p_1091,t3_27lmyu,t1_ci25ehz,t1_ci292ni,4.725766606018357,4.742377533220642,-0.016610927202284742
p_1092,t3_27l0kn,t1_ci22hoe,t1_ci1usgp,4.458942058868965,4.241916896337384,0.21702516253158155
p_1094,t3_27jl8c,t1_ci1fdd3,t1_ci1q6ug,3.6562345616825684,3.6226711934470743,0.033563368235494107
p_1095,t3_27jl8c,t1_ci1g3eq,t1_ci1o724,3.906628389083535,4.106554607915866,-0.19992621883233097
p_1096,t3_27jl8c,t1_ci1ybru,t1_ci1ghse,4.619191635858068,4.578006771798659,0.04118486405940924
p_1097,t3_27hht5,t1_ci0v62f,t1_ci0xj1h,4.28427489446763,4.192258214681144,0.09201667978648587
p_1098,t3_27hht5,t1_ci0v0t9,t1_ci0xj1h,4.061821813586899,4.192258214681144,-0.13043640109424448
p_1099,t3_27hf7o,t1_ci1a4gk,t1_ci1l4fi,5.15693105565013,4.257089691443219,0.8998413642069112
p_1101,t3_27gnxb,t1_ci0ta3o,t1_ci0mgmp,4.386130918382595,4.242345706110469,0.14378521227212637
p_1103,t3_27ea43,t1_chzyi0v,t1_chzyvc9,3.888893813608074,4.640739738214097,-0.7518459246060227
p_1104,t3_27ea43,t1_chzydy2,t1_chzyi89,3.652025057551274,3.9327261939280342,-0.2807011363767602
p_1105,t3_27ea43,t1_ci00m2q,t1_chzyvc9,5.092912832602493,4.640739738214097,0.4521730943883959
p_1106,t3_27ea43,t1_ci00sgm,t1_ci005dx,5.046545197752672,5.199934181487821,-0.15338898373514898
p_1107,t3_27dypa,t1_ci0bdgm,t1_ci07fb6,5.0343902591398235,4.963056128771046,0.07133413036877734
p_1108,t3_27divm,t1_chzwhlt,t1_chzuja4,3.8548466684593246,3.986898459195364,-0.13205179073603945
p_1109,t3_27cn8y,t1_chzj6p6,t1_chziyko,4.459475438705463,4.773504096908721,-0.31402865820325765
p_1111,t3_27atxw,t1_chz6xha,t1_chz1u36,4.890912622740508,3.8963172012863807,0.9945954214541275
p_1112,t3_27arev,t1_chzar7e,t1_chyzift,4.5280702648259545,4.400839385747232,0.12723087907872266
p_1113,t3_27aea6,t1_chywdcb,t1_chywfdl,4.803040526279313,4.502785692068419,0.30025483421089394
p_1114,t3_27aa6m,t1_chyw1lz,t1_chyuott,5.253084258366614,4.709106887244313,0.5439773711223008
p_1116,t3_278w0f,t1_chynby5,t1_chyjibx,3.9938387488299516,3.931733637340507,0.06210511148944464
p_1118,t3_277y4m,t1_chydgtq,t1_chywat7,3.9970102200448707,3.8971619880780075,0.09984823196686321
p_1119,t3_277y4m,t1_chydb1h,t1_chyw4kk,3.8124267040957296,3.9259567385665255,-0.1135300344707959
p_1120,t3_277x8k,t1_chyttqk,t1_chy9d0r,4.134190507686638,4.490547903414825,-0.35635739572818714
p_1121,t3_276tlp,t1_chy7sh3,t1_chy0rmg,5.07591882037166,4.729468235766723,0.34645058460493683
p_1124,t3_274620,t1_chxaxd7,t1_chx8gds,4.38602346679289,3.658132080249482,0.7278913865434085
p_1126,t3_273kmd,t1_chxd1h9,t1_chxj63m,5.069120090762948,4.157059007955831,0.9120610828071172
p_1127,t3_273kmd,t1_chx2u1h,t1_chxabgz,5.0160747931925,4.809374679936646,0.20670011325585413
p_1129,t3_271kgs,t1_chwkzvw,t1_chwjkzk,4.567901410420708,4.574834574763497,-0.006933164342789233
p_1130,t3_270lsq,t1_chwcze1,t1_chw9d8q,3.9821636656786117,4.456406088101876,-0.47424242242326464
p_1131,t3_26zspu,t1_chw19hq,t1_chw183d,4.248621445415753,3.958736253498066,0.289885191917687
p_1134,t3_26zc51,t1_chwc4g5,t1_chvxpww,4.513116441798586,4.686687079044608,-0.17357063724602195
p_1136,t3_26yks9,t1_chvwhll,t1_chvq9oq,3.9480192738446047,3.6889452899633484,0.25907398388125635
p_1137,t3_26wd6r,t1_chv5dr8,t1_chv4tni,4.272170956276566,4.7155616833949665,-0.4433907271184001
p_1139,t3_26vy78,t1_chv29xs,t1_chv09i1,3.6663572650871097,3.8819816357037906,-0.21562437061668094
p_1140,t3_26uqns,t1_chuofxc,t1_chur6nz,4.234487872730732,4.1941830574354695,0.04030481529526231
p_1141,t3_26ua0u,t1_chujiwj,t1_chujocf,4.802464492884742,4.790673745713775,0.011790747170967286
p_1142,t3_26u9dw,t1_chuufxu,t1_chukxnl,3.6414656354931076,3.639483673925735,0.0019819615673726254
p_1143,t3_26sh4n,t1_chu3p5h,t1_chu15ia,4.989834000921375,4.6786563995014525,0.31117760141992257
p_1146,t3_26rdo4,t1_chtuhl8,t1_chtxxpb,4.408864164779403,4.65475359610399,-0.24588943132458674
p_1147,t3_26rdo4,t1_chu67p6,t1_chtrpps,3.9205581974326633,3.754345528955079,0.1662126684775842
p_1148,t3_26q635,t1_chtgusq,t1_chtf56s,3.51334938304281,3.8149828925039646,-0.3016335094611544
p_1149,t3_26p8jo,t1_cht981c,t1_chtj2ux,4.803075993998397,4.246001641158875,0.5570743528395221
p_1150,t3_26p8jo,t1_cht9qr7,t1_chts9np,4.286756710069803,4.468328329911763,-0.1815716198419599
p_1152,t3_26oalr,t1_chsxcva,t1_chsx48j,4.525023853752083,4.480204443015779,0.04481941073630402
p_1153,t3_26nxhn,t1_chsvwxu,t1_chsv0n8,4.844851071009082,4.811672798956172,0.03317827205291035
p_1154,t3_26nryd,t1_chsrqt8,t1_chsrvxo,4.93649489110135,3.9845927363159683,0.9519021547853814
p_1155,t3_26nhjw,t1_cht4pkp,t1_chsu79i,4.906472017692291,4.573567730092764,0.3329042875995274
p_1156,t3_26nayb,t1_chssa9d,t1_chsv92t,5.2400226511680845,5.101722136278953,0.13830051488913142
p_1157,t3_26klj1,t1_chs03g4,t1_chryx19,4.921623962867729,4.621188755136974,0.3004352077307546
p_1158,t3_26klj1,t1_chs24pt,t1_chrz6c7,4.935344415673078,4.331383856558641,0.6039605591144372
p_1160,t3_26hzf8,t1_chr8s7x,t1_chrles3,4.348321872662878,4.446027995542463,-0.09770612287958436
p_1161,t3_26hwea,t1_chrabe3,t1_chr8ld6,4.068994186888521,4.073684360769581,-0.004690173881060744
p_1162,t3_26gh41,t1_chrb2s3,t1_chrbbrp,4.920918395117959,4.321798491688336,0.5991199034296235
p_1163,t3_26dl3h,t1_chqfdzg,t1_chqb2dv,4.374101575106105,4.122243492869204,0.2518580822369012
p_1164,t3_26d2uo,t1_chpypl8,t1_chpy5h4,4.0557442559066885,4.315073359033883,-0.25932910312719404
p_1166,t3_26chd9,t1_chprxii,t1_chpqlc3,4.398139201844825,4.4133230402092165,-0.015183838364391633
p_1165,t3_26chd9,t1_chpu05i,t1_chpunzb,5.022903151966975,4.876544561130766,0.1463585908362095
p_1168,t3_26b7qy,t1_chpe7k0,t1_chpfdw6,4.437900299642574,5.058297093561049,-0.6203967939184754
p_1167,t3_26b7qy,t1_chpl60e,t1_chpgldh,4.134844246110725,4.223778962376143,-0.08893471626541771
p_1169,t3_26b1l1,t1_chphzs8,t1_chpj8nd,4.350230751017209,3.6138342074535856,0.7363965435636235
p_1170,t3_26b1l1,t1_chpkxvq,t1_chpr7to,5.025022831786602,4.776108982059069,0.24891384972753272
p_1171,t3_26axzi,t1_chpfpjf,t1_chpch30,4.109336577408577,4.7800953976439535,-0.6707588202353767
p_1173,t3_26avz4,t1_chpvoyz,t1_chpdbyq,4.864965286622476,4.631165746255285,0.23379954036719042
p_1172,t3_26avz4,t1_chpk0aq,t1_chpkmh2,4.711803938776595,3.8416141410935105,0.8701897976830844
p_1175,t3_266yvm,t1_cho98qb,t1_cho9whe,5.074192300824452,5.173921087671008,-0.09972878684655662
p_1176,t3_264xi6,t1_chnu7dr,t1_chntgnu,4.634159366138987,4.735694247778139,-0.10153488163915192
p_1177,t3_264iek,t1_chnlkj6,t1_chnpgap,4.3071984243642065,3.812516659692444,0.4946817646717627
p_1178,t3_26478q,t1_chnuzwc,t1_chni6ea,4.6144796254019225,4.447668598818699,0.16681102658322366
p_1180,t3_26388i,t1_chn9wjm,t1_chn949h,4.886410916326831,4.9489219145111125,-0.06251099818428152
p_1179,t3_26388i,t1_chn995p,t1_chnvien,3.658132080249482,3.876104799082203,-0.21797271883272096
p_1182,t3_25xo3j,t1_chm80yd,t1_chlvz4j,4.8176427320821125,4.813302260963094,0.004340471119018474
p_1183,t3_25xl5s,t1_chm54oj,t1_chlqmz0,5.0235264863252445,4.640805698954677,0.3827207873705678
p_1184,t3_25x7qp,t1_chlltit,t1_chlyib1,4.04782717935793,4.251398329473592,-0.2035711501156623
p_1185,t3_25vncd,t1_chldip6,t1_chl5c1u,4.547618615693778,3.6167792402904615,0.9308393754033162
p_1187,t3_25ttah,t1_chknoam,t1_chknr46,5.129645979218752,4.424196953403771,0.705449025814981
p_1188,t3_25tb6s,t1_chkkbgt,t1_chkmpg8,4.702716469866658,4.030968766841123,0.6717477030255354
p_1189,t3_25tb6s,t1_chkkdg1,t1_chknu20,4.19028340373776,4.4557581135179944,-0.2654747097802348
p_1190,t3_25suor,t1_chkfvbm,t1_chkg3m5,4.8103818997538985,4.166381586429831,0.6440003133240673
p_1193,t3_25scj1,t1_chkzgwk,t1_chkmkdy,4.341633930379435,3.7921738031518233,0.5494601272276114
p_1194,t3_25r1ji,t1_chjyik3,t1_chk8w7b,4.410106090809694,5.0697179460709645,-0.6596118552612706
p_1195,t3_25po6v,t1_chjkkx8,t1_chjubyn,4.503169577073658,4.050319568673796,0.4528500083998619
p_1196,t3_25po6v,t1_chk8sqa,t1_chjubyn,5.3200491976556075,4.050319568673796,1.2697296289818114
p_1197,t3_25pnxw,t1_chjirvh,t1_chjpfx2,4.50330765162974,4.118274967972855,0.3850326836568847
p_1198,t3_25pnxw,t1_chjjtas,t1_chjj0yp,4.459749026680325,3.9698007866638747,0.4899482400164503
p_1199,t3_25oyan,t1_chjdqy8,t1_chjem5p,4.852453570489172,4.8422212413561585,0.010232329133013529
p_1200,t3_25nvz4,t1_chj0cy6,t1_chj0i1f,3.773917323736063,4.206337201605889,-0.43241987786982605
p_1201,t3_25n272,t1_chiubth,t1_chitirm,4.258888679941433,4.003091420778913,0.25579725916252016
p_1202,t3_25n272,t1_chiu5hs,t1_chiulpy,4.854258826533463,4.2003155575418925,0.6539432689915703
p_1205,t3_25lg8m,t1_chigspr,t1_chiogt6,4.316865730264231,4.32114152393259,-0.004275793668358396
p_1206,t3_25l0uy,t1_chi8i2g,t1_chi832d,4.752351066819289,3.912437987795873,0.8399130790234159
p_1207,t3_25l0uy,t1_chi7njk,t1_chi7tu1,4.756772396187092,3.8257945902258794,0.9309778059612124
p_1211,t3_25itrj,t1_chhmwgg,t1_chi69ds,4.076015845879144,4.1460673982002225,-0.07005155232107896
p_1212,t3_25im4s,t1_chhkumz,t1_chhjyki,4.771009384020135,4.656103435148845,0.11490594887129024
p_1213,t3_25ha18,t1_chh8ifw,t1_chheuzj,4.535234661211144,4.182848690868193,0.3523859703429508
p_1214,t3_25ha18,t1_chh6qmk,t1_chhe1dy,4.5265547334882195,4.1124461936281635,0.4141085398600559
p_1216,t3_25gqr3,t1_chh26by,t1_chhh81o,4.794744077917915,4.553258843103544,0.24148523481437145
p_1217,t3_25gqr3,t1_chh8rrt,t1_chhh81o,5.047954115666291,4.553258843103544,0.4946952725627467
p_1218,t3_25fjdx,t1_chgsfko,t1_chgwtsq,4.704754652696804,4.252536148612552,0.4522185040842519
p_1219,t3_25emz1,t1_chgg0g9,t1_chgig4z,4.607388958791667,3.961376863262839,0.6460120955288278
p_1220,t3_25emz1,t1_chgg5ng,t1_chgir2d,4.754945957749723,4.1438879814242915,0.6110579763254318
p_1221,t3_25e9jx,t1_chggnry,t1_chge47o,5.038578156076531,5.103838484886942,-0.06526032881041122
p_1223,t3_25dxbd,t1_chg9dqe,t1_chg8ogo,4.699234527228313,4.786243314281237,-0.08700878705292414
p_1227,t3_255hmb,t1_chdweq6,t1_chemebp,4.657734871272964,4.342438002860539,0.31529686841242466
p_1229,t3_254zub,t1_chdvkgy,t1_chdwf9h,4.674143160328828,4.272503862325894,0.40163929800293463
p_1231,t3_254y08,t1_cheumim,t1_chds6fo,4.540508296464185,3.6414656354931054,0.8990426609710793
p_1233,t3_25397z,t1_chda336,t1_chdw4w9,4.147271644748709,4.367359117985417,-0.22008747323670885
p_1237,t3_251sp2,t1_chcu4b5,t1_chctls6,4.562854399762683,4.325215595030036,0.2376388047326472
p_1238,t3_251sp2,t1_chct90x,t1_chctls6,4.075531560507073,4.325215595030036,-0.2496840345229625
p_1239,t3_24y1ch,t1_chbuciq,t1_chbrxsr,4.2296667312763985,4.40379318450559,-0.1741264532291913
p_1240,t3_24xvdh,t1_chc0kbp,t1_chbz1m4,4.6285905592638805,4.450619363157989,0.17797119610589185
p_1241,t3_24xu2q,t1_chbubti,t1_chbry7z,4.367566186648871,4.155177939982665,0.21238824666620548
p_1242,t3_24xu2q,t1_chc4ef4,t1_chbry7z,4.85914661687102,4.155177939982665,0.7039686768883548
p_1244,t3_24w4ny,t1_chb93ff,t1_chb9gll,4.738433762693917,4.988169639917954,-0.24973587722403767
p_1245,t3_24w2l9,t1_chb9cc8,t1_chb90uk,4.733333782597942,4.631203656759703,0.10213012583823922
p_1246,t3_24v6pp,t1_chbpbt5,t1_chb0vnk,4.496335708464731,4.2602911179762675,0.23604459048846316
p_1247,t3_24v4li,t1_chb1bwz,t1_chb0q8j,4.101111353135863,3.836899789236301,0.26421156389956213
p_1249,t3_24v147,t1_chbavh7,t1_chbf3nm,5.648928413972957,5.254909542992747,0.3940188709802097
p_1251,t3_24u1tt,t1_chatgr3,t1_chap2b6,4.531732394565841,4.252426349016599,0.27930604554924177
p_1252,t3_24svid,t1_chabtmq,t1_chabwh6,4.340089909317919,3.8124267040957296,0.527663205222189
p_1255,t3_24se6g,t1_cha8lpp,t1_cha7yte,4.833778590077994,4.552033778200261,0.2817448118777328
p_1256,t3_24sb0f,t1_cha6mi6,t1_cha8ryw,4.289258413729851,3.6830997129758587,0.6061587007539919
p_1257,t3_24qqog,t1_ch9zipy,t1_ch9sfw0,4.765419240836954,4.095509529697237,0.6699097111397165
p_1258,t3_24pgmg,t1_ch9fo96,t1_ch9x7xg,4.3258604109663965,4.4925614521357256,-0.16670104116932905
p_1261,t3_24mdbl,t1_ch8og6w,t1_ch8j52p,4.589976495888686,4.742665620480711,-0.15268912459202522
p_1262,t3_24m6ig,t1_ch8nkas,t1_ch8kf1q,3.797457567597371,4.308525380380309,-0.511067812782938
p_1264,t3_24j7qu,t1_ch7qjkg,t1_ch7uy3e,4.1601852543353495,4.614913028072071,-0.4547277737367219
p_1265,t3_24io3e,t1_ch7na38,t1_ch7ieyl,4.294119412508926,4.248493093628925,0.045626318880001016
p_1266,t3_24io3e,t1_ch7pz3m,t1_ch7ieyl,4.375065986634012,4.248493093628925,0.12657289300508712
p_1267,t3_24hwd5,t1_ch7gi99,t1_ch7affk,4.024651595627095,3.8200550091666448,0.20459658646044998
p_1268,t3_24h3zr,t1_ch72c4s,t1_ch72cof,4.670141797122028,4.2193934557625825,0.4507483413594455
p_1269,t3_24g8ii,t1_ch71nlc,t1_ch6tmiv,4.909239041447484,3.9343149355453146,0.9749241059021694
p_1270,t3_24g4hq,t1_ch7257w,t1_ch6va5a,4.213932625753282,3.9467860163772346,0.2671466093760473
p_1278,t3_24c5qv,t1_ch5oa5w,t1_ch5ogse,4.9986612251588785,4.823436450743799,0.17522477441507966
p_1279,t3_24c5qv,t1_ch5ow4l,t1_ch5ogse,4.902645384792933,4.823436450743799,0.07920893404913443
p_1280,t3_24c1q3,t1_ch5uakf,t1_ch60ays,4.69696600565496,3.6953553583742313,1.0016106472807285
p_1281,t3_24c1q3,t1_ch61d0c,t1_ch5ursh,5.070969204475136,4.902763670432633,0.16820553404250305
p_1282,t3_24c1q3,t1_ch5uoui,t1_ch5ugkf,4.053066354567258,3.7578378636458787,0.2952284909213789
p_1283,t3_24c1q3,t1_ch5zt5k,t1_ch5p4qj,4.595770900206756,4.3023603581803265,0.2934105420264297
p_1284,t3_24bx3p,t1_ch5nu6w,t1_ch5ot5q,4.414285108845492,4.027051886033038,0.387233222812454
p_1285,t3_24bof3,t1_ch5k7ny,t1_ch5m04n,4.013691059712429,3.6340228959588132,0.3796681637536161
p_1286,t3_24bof3,t1_ch5k4dl,t1_ch5phng,4.304198379986702,4.625397999413819,-0.3211996194271167
p_1287,t3_24b8ko,t1_ch5ozwp,t1_ch66f4q,4.986894010097635,5.095924361842527,-0.10903035174489162
p_1288,t3_249sxa,t1_ch53so7,t1_ch4zs42,4.661532350511718,3.810207170751762,0.8513251797599555
p_1289,t3_249l1k,t1_ch4xsez,t1_ch57rrn,3.624299170328876,4.4923157622791665,-0.8680165919502905
p_1290,t3_248s83,t1_ch4snfe,t1_ch4qx6q,4.451287488297011,3.748245205937545,0.7030422823594655
p_1291,t3_248bcr,t1_ch4oftd,t1_ch51bt3,5.327852898035858,5.021424668999174,0.3064282290366842
p_1295,t3_24509o,t1_ch3osvi,t1_ch3yyjg,5.137732789364496,5.275300552103972,-0.1375677627394758
p_1296,t3_244kp1,t1_ch3jo95,t1_ch3iw1o,4.218779037076494,3.7777991262494526,0.4409799108270418
p_1297,t3_244bft,t1_ch3gjc7,t1_ch3m2j3,4.16708519169325,4.131317038960005,0.03576815273324474
p_1301,t3_23yke6,t1_ch1tbc6,t1_ch22rmp,3.851634318816969,3.8400191380748283,0.01161518074214074
p_1302,t3_23yke6,t1_ch21i1v,t1_ch21o13,4.3145053822707835,4.862257890559625,-0.5477525082888413
p_1305,t3_23yke6,t1_ch29mf9,t1_ch1y1ws,4.441590925600484,4.033120496525456,0.4084704290750283
p_1303,t3_23yke6,t1_ch1xh6r,t1_ch20pf2,3.9985451994140235,4.005363324158571,-0.006818124744547571
p_1304,t3_23yke6,t1_ch1vy27,t1_ch22rmp,4.193776604249141,3.8400191380748283,0.3537574661743128
p_1308,t3_23xw5n,t1_ch20pmq,t1_ch1orox,4.200052575255518,4.0526736285176215,0.14737894673789675
p_1311,t3_23xekl,t1_ch1ihvg,t1_ch1ih9d,4.79807614852458,4.048859530202461,0.7492166183221194
p_1310,t3_23xekl,t1_ch1lcbj,t1_ch1tafi,4.975309718926035,4.06555577485746,0.9097539440685756
p_1312,t3_23wvv9,t1_ch1cxo2,t1_ch1d10a,4.055707724498025,4.529088831766493,-0.4733811072684677
p_1315,t3_23wvv9,t1_ch1d1et,t1_ch1czsx,3.9383869743851565,4.1692463426317445,-0.23085936824658804
p_1314,t3_23wvv9,t1_ch1dgtk,t1_ch1czsx,4.045297827669704,4.1692463426317445,-0.12394851496204051
p_1313,t3_23wvv9,t1_ch1cuwx,t1_ch1d10a,3.739368502254782,4.529088831766493,-0.7897203295117108
p_1316,t3_23wvv9,t1_ch1dvsg,t1_ch1d10a,4.36472818616544,4.529088831766493,-0.1643606456010529
p_1317,t3_23vw8b,t1_ch130xw,t1_ch12knl,4.025172425604705,4.135357956167535,-0.11018553056283054
p_1318,t3_23vw8b,t1_ch13k3n,t1_ch12knl,3.7891435809131635,4.135357956167535,-0.3462143752543718
p_1319,t3_23vw8b,t1_ch149yl,t1_ch13pcr,4.601640833105196,4.569857184269761,0.03178364883543505
p_1320,t3_23vvzm,t1_ch1f49t,t1_ch12o3l,4.923837839602088,4.4029141897768405,0.5209236498252476
p_1322,t3_23ou3x,t1_cgz6lk9,t1_cgz4coy,4.538714734906178,3.967723919400969,0.5709908155052092
p_1324,t3_23mgec,t1_cgygajp,t1_cgyvk0r,4.156939702193976,4.074030825504168,0.08290887668980851
p_1326,t3_23lqtl,t1_cgybkki,t1_cgy8g3b,4.860842457073034,4.361554318473636,0.4992881385993986
p_1327,t3_23lqtl,t1_cgy90vi,t1_cgyg9t2,3.6816403419132944,3.9587642896591757,-0.27712394774588134
p_1328,t3_23litg,t1_cgy73k6,t1_cgyu73z,5.104915699791161,5.070998437352612,0.03391726243854887
p_1329,t3_23kv7b,t1_cgxzsco,t1_cgy6k1w,4.199160454244184,4.695248175905384,-0.4960877216612003
p_1330,t3_23kv7b,t1_cgy0cn3,t1_cgy04hq,4.386815926968331,4.214148174611793,0.17266775235653764
p_1331,t3_23kv7b,t1_cgy2g6p,t1_cgy5vy7,3.859700849230904,4.25094389942757,-0.39124305019666616
p_1332,t3_23kv7b,t1_cgy0c2d,t1_cgy551n,4.392878433322895,4.4259554302728175,-0.033076996949922055
p_1333,t3_23kv7b,t1_cgy6gid,t1_cgyrejw,3.9776754879574345,3.8295172675949725,0.14815822036246207
p_1334,t3_23kit3,t1_cgxz084,t1_cgxx7gu,5.036140205857463,4.307286488147563,0.7288537177099004
p_1335,t3_23k2q0,t1_cgxw1t2,t1_cgxturs,4.336035661768443,4.125994696400253,0.21004096536818917
p_1336,t3_23jz53,t1_cgxr95k,t1_cgxqswm,4.891096488526,4.0074085625413804,0.8836879259846198
p_1337,t3_23jmyp,t1_cgxs8kb,t1_cgxn99f,4.6167522401985135,4.471841821498126,0.14491041870038757
p_1338,t3_23ijp4,t1_cgxcr0l,t1_cgxdbde,5.075359231080626,4.995764628386576,0.07959460269405039
p_1341,t3_23c5x0,t1_cgvl8vi,t1_cgvm637,4.906825473337676,4.9171509726879075,-0.010325499350231304
p_1342,t3_239u21,t1_cguzcxq,t1_cgv142h,4.234474846947451,4.441011894229066,-0.20653704728161504
p_1343,t3_238wk7,t1_cgumv5c,t1_cgvmt4w,5.110557496275011,4.873776153012224,0.23678134326278766
p_1344,t3_238afg,t1_cguflf3,t1_cgufoko,4.029199369604752,4.050336476518165,-0.02113710691341275
p_1345,t3_2375b2,t1_cgu92dz,t1_cgu3uvw,4.917859963056613,4.4534493499038605,0.46441061315275256
p_1346,t3_2371el,t1_cguakwg,t1_cgu6rya,4.424665490045435,4.613443659393729,-0.18877816934829372
p_1347,t3_2360o1,t1_cgtz3wv,t1_cgtwa3q,4.6521795402301676,3.903986247625342,0.7481932926048254
p_1348,t3_2360o1,t1_cgu0cre,t1_cgtsaaa,5.013847800690029,4.98574013667927,0.028107664010758704
p_1353,t3_22z33y,t1_cgrsuna,t1_cgs2mn3,3.5851191891759355,4.033713131815738,-0.4485939426398029
p_1354,t3_22z33y,t1_cgrugp5,t1_cgs6ju7,3.943985185107005,3.9643793017131976,-0.020394116606192725
p_1355,t3_22y28i,t1_cgriyct,t1_cgrjo9h,3.726579879055888,4.261315533129478,-0.5347356540735899
p_1358,t3_22xij5,t1_cgrqv9h,t1_cgrcwvc,4.882046449245646,4.54605279257379,0.33599365667185577
p_1356,t3_22xij5,t1_cgrcz5o,t1_cgrcq5k,4.729364028824015,4.055703671660689,0.6736603571633255
p_1359,t3_22wdaq,t1_cgr4744,t1_cgr1g25,4.207448021873075,4.451706476767577,-0.24425845489450193
p_1361,t3_22uku3,t1_cgqjbhc,t1_cgqivn8,3.7876680611213005,4.80121955037863,-1.0135514892573299
p_1362,t3_22uku3,t1_cgqlrwl,t1_cgqjogl,5.2168950598452835,4.907298997765405,0.3095960620798781
p_1364,t3_22uku3,t1_cgqquh7,t1_cgqjogl,4.728066895380871,4.907298997765405,-0.17923210238453446
p_1363,t3_22uku3,t1_cgqkdik,t1_cgqivn8,4.63077559304622,4.80121955037863,-0.17044395733241036
p_1365,t3_22ujpc,t1_cgqjh6c,t1_cgqk4rp,4.25600226267423,4.066064665686106,0.1899375969881243
p_1367,t3_22s6od,t1_cgpvjq6,t1_cgpumps,5.188443693554066,4.305257863506221,0.8831858300478448
p_1368,t3_22s540,t1_cgpw23e,t1_cgq0y5h,5.242720680366854,5.747459557741347,-0.5047388773744936
p_1369,t3_22ro8l,t1_cgpubok,t1_cgpq38y,4.990873508431937,4.786126747735445,0.20474676069649167
p_1373,t3_22rciz,t1_cgppvl3,t1_cgps3lm,4.327438481646513,4.322795697433737,0.0046427842127760854
p_1375,t3_22p8vc,t1_cgp1ivx,t1_cgp2qt7,4.852724912170969,4.866453343273128,-0.013728431102158822
p_1376,t3_22p8vc,t1_cgph660,t1_cgp2qt7,5.362134996632991,4.866453343273128,0.49568165335986336
p_1378,t3_22oxbh,t1_cgpbtta,t1_cgp8xyo,4.310401215370561,4.588082745588774,-0.27768153021821274
p_1381,t3_22kmvs,t1_cgnqvsu,t1_cgns9dq,4.3323436145170415,4.7651146204545345,-0.43277100593749296
p_1382,t3_22kmvs,t1_cgnr65q,t1_cgnr89a,4.308967135204584,4.386888313953345,-0.07792117874876059
p_1383,t3_22kmvs,t1_cgnqzqt,t1_cgns9dq,3.939110650786657,4.7651146204545345,-0.8260039696678776
p_1385,t3_22jhn2,t1_cgneze9,t1_cgnl46h,4.147360985513632,4.5142085621989745,-0.36684757668534207
p_1387,t3_22f1kj,t1_cgm6jha,t1_cgs195e,4.332020716149798,4.155015872469359,0.17700484368043945
p_1388,t3_22f1kj,t1_cgm7mon,t1_cgmavew,5.356402671056802,4.390969998332243,0.9654326727245595
p_1389,t3_22f1kj,t1_cgm6vi2,t1_cgm6jxw,5.174365685785917,4.894327751933465,0.28003793385245146
p_1392,t3_22akzj,t1_cgl8lo1,t1_cgkxjgo,5.037217201591943,4.044184155197055,0.9930330463948884
p_1394,t3_22aivj,t1_cglicrz,t1_cgl0x83,3.6593778315755703,3.96536376692768,-0.3059859353521097
p_1395,t3_22aivj,t1_cgljc74,t1_cgl10xq,4.113889835682871,3.7518952967734234,0.36199453890944744
p_1396,t3_22a5ni,t1_cgktqwp,t1_cgkttdk,3.904163806574936,3.596573283106478,0.3075905234684577
p_1397,t3_22a3qs,t1_cgkvrr0,t1_cgkykbh,4.614528264181434,3.7923419548272856,0.8221863093541484
p_1398,t3_22a3qs,t1_cgl1hm0,t1_cgkykbh,3.980596586935888,3.7923419548272856,0.1882546321086025
p_1399,t3_22a3qs,t1_cgl1h03,t1_cgkykbh,4.085294559984336,3.7923419548272856,0.2929526051570508
p_1400,t3_22a37m,t1_cgksfxc,t1_cgkymem,4.202769729401272,3.722069968177582,0.48069976122368985
p_1401,t3_228zyi,t1_cgkk4t4,t1_cgklgw6,3.7362524598010536,3.441185200668897,0.2950672591321566
p_1402,t3_228zup,t1_cgkizxk,t1_cgklh2w,4.376274364546241,3.952542654401456,0.42373171014478483
p_1403,t3_227jtk,t1_cgkj9t2,t1_cgk3y74,4.78295087544102,4.603867152832595,0.17908372260842498
p_1404,t3_2274kr,t1_cgk4b3c,t1_cgk2ayk,5.357125000963676,5.1080004893269875,0.2491245116366887
p_1406,t3_226qii,t1_cgjxbij,t1_cgjwndb,4.27570872782325,4.768474055890142,-0.49276532806689133
p_1408,t3_225n20,t1_cgjsq8n,t1_cgjxoyj,4.441375432877723,4.880098424802657,-0.43872299192493447
p_1409,t3_225n20,t1_cgjse9y,t1_cgjto4c,4.8986703859752785,4.90164142351323,-0.002971037537951915
p_1411,t3_2235f3,t1_cgj1syh,t1_cgj12cs,3.9153075350003523,4.141887500573841,-0.22657996557348836
p_1413,t3_222civ,t1_cgiu51l,t1_cgiukpc,4.918259621904188,5.025471646496221,-0.10721202459203294
p_1414,t3_222civ,t1_cgj0qyo,t1_cgir9ho,4.812774453981964,4.59738588364454,0.2153885703374243
p_1416,t3_2225gv,t1_cgimlkk,t1_cgio20w,4.23678914868486,4.1793473927861715,0.057441755898688385
p_1417,t3_221bir,t1_cgif7kr,t1_cgixpf6,4.375474654081098,4.241851132991776,0.13362352108932196
p_1418,t3_220tb9,t1_cgi94sd,t1_cgic9mq,4.697789680979735,4.854122700911574,-0.15633301993183935
p_1422,t3_21ufiz,t1_cghj1f0,t1_cggsmnl,4.183971295617787,3.612301431550836,0.5716698640669509
p_1423,t3_21tk7p,t1_cgggqyw,t1_cgghrhl,3.669819174050964,4.655800406223521,-0.985981232172557
p_1425,t3_21tdqe,t1_cggbp4k,t1_cggl2kk,3.561326331529499,4.018946730253295,-0.4576203987237957
p_1426,t3_21syfg,t1_cgg7z22,t1_cgg8cok,4.042455156712148,4.445591273430185,-0.40313611671803695
p_1428,t3_21ssfi,t1_cgg6xv3,t1_cggf9u8,4.645817279467198,4.314129701714738,0.3316875777524597
p_1436,t3_21pkk6,t1_cgfbywq,t1_cgfbp9c,5.2245891056614076,4.712403739149903,0.5121853665115044
p_1437,t3_21okwn,t1_cgf2798,t1_cgf5s9n,4.745222384844739,4.042332427521206,0.7028899573235332
p_1438,t3_21lleu,t1_cgec0uu,t1_cgebs0x,4.907418049745072,4.954290728423037,-0.04687267867796496
p_1439,t3_21l4k2,t1_cge4eyu,t1_cge6hi9,4.418225737078296,3.6841983319888065,0.7340274050894893
p_1441,t3_21id1m,t1_cgdf3o7,t1_cgdlgwq,4.178358355253946,4.255133538160666,-0.07677518290672047
p_1447,t3_21eskl,t1_cgcdlrz,t1_cgccad9,3.8734015574917007,4.445087262406412,-0.5716857049147115
p_1449,t3_21dzb8,t1_cgc6vmk,t1_cgcdz22,4.102811238106959,3.8953558665424217,0.2074553715645373
p_1450,t3_21ceh3,t1_cgbp7v2,t1_cgbpnct,4.540365504251561,4.00504316128579,0.5353223429657712
p_1451,t3_21c4g5,t1_cgbm0ol,t1_cgbmkir,5.110392238627723,4.5762232572592705,0.5341689813684525
p_1454,t3_21bodq,t1_cgbktwy,t1_cgboulw,5.2135275739389355,4.677144052348824,0.5363835215901114
p_1455,t3_21aaav,t1_cgb4hag,t1_cgb7k83,4.239965557294579,4.0687399184015955,0.1712256388929836
p_1456,t3_219ie7,t1_cgawtkk,t1_cgaywpa,4.915119851336677,4.447515672616328,0.4676041787203493
p_1457,t3_219ie7,t1_cgay26g,t1_cgaxh04,5.163746714955294,4.094097615413982,1.0696490995413122
p_1459,t3_219hll,t1_cgb9i7f,t1_cgawgmy,4.771230543220759,4.219097613180563,0.5521329300401963
p_1461,t3_218cj0,t1_cgb7957,t1_cgakc8p,4.128678564309899,4.408108500567279,-0.27942993625737955
p_1460,t3_218cj0,t1_cgb4zyw,t1_cgalms8,4.735375276060894,4.310792919199412,0.4245823568614817
p_1462,t3_218cay,t1_cganctm,t1_cgb5b16,5.295601266852961,4.935252532274284,0.3603487345786762
p_1464,t3_217z08,t1_cgamd0q,t1_cgam4in,5.190113923658817,4.912835817406924,0.2772781062518934
p_1466,t3_216l8g,t1_cga5u8e,t1_cgaj501,4.527375211606566,3.897480329735705,0.6298948818708614
p_1468,t3_216l8g,t1_cgadifw,t1_cgamd1h,5.09859134181569,4.516595855774915,0.5819954860407757
p_1469,t3_216l8g,t1_cga5vm9,t1_cgad30r,4.573995691471294,3.920090783837422,0.6539049076338714
p_1470,t3_216c3c,t1_cgaclvt,t1_cgb76ib,4.4675883891431205,4.203416425339352,0.2641719638037685
p_1471,t3_2156ec,t1_cg9t3jm,t1_cg9v9lh,4.16036426693129,4.149257911691591,0.011106355239698829
p_1472,t3_2156ec,t1_cg9sith,t1_cg9v9lh,4.240977364197446,4.149257911691591,0.09171945250585534
p_1473,t3_213mm2,t1_cg9agr0,t1_cg9bbci,4.4897562660440125,4.584369945583923,-0.0946136795399104
p_1474,t3_2130o9,t1_cg973lr,t1_cg99h0r,5.186824343327021,4.702394439846909,0.4844299034801116
p_1475,t3_2108o3,t1_cg8g5m0,t1_cg8vacp,5.34954575593549,5.479101743737679,-0.12955598780218924
p_1477,t3_2108o3,t1_cg8pfcj,t1_cg8em1w,4.473590827656442,4.969241737209903,-0.49565090955346136
p_1476,t3_2108o3,t1_cg8g18c,t1_cg8gp2o,4.760856752150367,4.674375691679515,0.08648106047085236
p_1478,t3_2100tm,t1_cg8bjor,t1_cg8bpfd,4.153080663236588,4.264470289548319,-0.11138962631173044
p_1479,t3_2100tm,t1_cg8bkva,t1_cg8cadv,5.317820454245965,4.821428882864649,0.4963915713813156
p_1480,t3_21006g,t1_cg8ektc,t1_cg8c67y,4.750007711432989,4.955176647632689,-0.20516893619969956
p_1481,t3_21006g,t1_cg8d5l7,t1_cg8jki4,4.150138173140698,3.7467534251400534,0.40338474800064494
p_1482,t3_21006g,t1_cg8k5af,t1_cg8jacm,4.821729724585179,5.414303578098904,-0.5925738535137253
p_1483,t3_20y74d,t1_cg7uqnx,t1_cg7xgcc,3.9759850649717015,4.278799342629205,-0.3028142776575038
p_1484,t3_20xnem,t1_cg7p4ea,t1_cg872iu,4.744044211509096,4.701661527252323,0.04238268425677294
p_1485,t3_20xnem,t1_cg7py0i,t1_cg872iu,5.004511503721421,4.701661527252323,0.3028499764690977
p_1486,t3_20w0tt,t1_cg7p8xg,t1_cg7r3mc,4.714648128551473,5.150952494418631,-0.4363043658671577
p_1487,t3_20vzfs,t1_cg7cbh1,t1_cg7cj2w,4.136069735341006,4.026225363324261,0.10984437201674524
p_1488,t3_20v70n,t1_cg725lz,t1_cg73vfe,4.204403767304629,4.306663087757937,-0.10225932045330843
p_1489,t3_20smoi,t1_cg6kjc3,t1_cg6ejad,4.7632809506467675,4.488506123619907,0.2747748270268602
p_1495,t3_20ofb2,t1_cg5pkgq,t1_cg5ixhz,4.371394638496093,4.2976683308693095,0.07372630762678334
p_1499,t3_20nrcb,t1_cg543t2,t1_cg552uu,4.418150775480655,4.276256525355306,0.14189425012534862
p_1502,t3_20mxh2,t1_cg5cj8f,t1_cg5k6xt,4.847260705198659,4.531309834642705,0.3159508705559535
p_1504,t3_20mjdj,t1_cg682ww,t1_cg4t0cc,4.75514282171117,4.699841403234229,0.055301418476941144
p_1503,t3_20mjdj,t1_cg4pg7g,t1_cg4t0cc,4.449036805340183,4.699841403234229,-0.25080459789404586
p_1505,t3_20madh,t1_cg4ndzh,t1_cg4rj03,5.155307535255521,4.7208463377503325,0.43446119750518886
p_1508,t3_20krmr,t1_cg48d5v,t1_cg4a1y8,4.882298421062307,4.477184678386643,0.40511374267566413
p_1509,t3_20k8w4,t1_cg4aii2,t1_cg48eux,5.0567578011354675,3.727183570581524,1.3295742305539435
p_1510,t3_20k2rr,t1_cg419ms,t1_cg412ex,4.845106024879135,4.715303787732776,0.1298022371463583
p_1511,t3_20jx3a,t1_cg3ylll,t1_cg3zhj7,4.478655632822566,4.5325532775860315,-0.05389764476346581
p_1512,t3_20iv9v,t1_cg3ns2w,t1_cg44wwu,4.557909748414062,4.631622082207844,-0.07371233379378239
p_1513,t3_20iv9v,t1_cg3y5m7,t1_cg44wwu,4.4729343688157,4.631622082207844,-0.15868771339214405
p_1515,t3_20i4lp,t1_cg3uys9,t1_cg3hmbl,4.764876948458361,3.7698368305557475,0.9950401179026134
p_1516,t3_20i4lp,t1_cg48c3a,t1_cg3j6v8,3.9986096141853413,4.111021072592805,-0.11241145840746336
p_1517,t3_20i32o,t1_cg3g5qn,t1_cg3h1s6,4.675043545369385,4.553168867527073,0.1218746778423121
p_1518,t3_20hoh2,t1_cg3e8tj,t1_cg3e1q3,4.133743519316881,4.680450990307127,-0.5467074709902464
p_1519,t3_20h3n2,t1_cg35tve,t1_cg35vpg,4.469515557028014,4.152027775804248,0.3174877812237664
p_1520,t3_20gyw4,t1_cg3bvu3,t1_cg3fsc7,3.7350037276059047,3.803383701947657,-0.06837997434175236
p_1521,t3_20gyw4,t1_cg3fs5u,t1_cg3fsc7,4.268521021714505,3.803383701947657,0.4651373197668476
p_1523,t3_20evic,t1_cg2s2cg,t1_cg2kgg6,4.532942002039886,4.263753269573631,0.2691887324662545
p_1524,t3_20er8m,t1_cg2kh0h,t1_cg349wx,3.612301431550835,4.167110312872717,-0.5548088813218821
p_1526,t3_20er8m,t1_cg2pphh,t1_cg349wx,4.358687621221204,4.167110312872717,0.19157730834848685
p_1529,t3_20ccdh,t1_cg1yrvx,t1_cg21j64,4.46552074986391,4.5238274560154235,-0.05830670615151323
p_1530,t3_20c7cz,t1_cg1yw0u,t1_cg1tdlz,3.9745866750243084,4.453432292067013,-0.47884561704270423
p_1531,t3_20bjzj,t1_cg1npcb,t1_cg1np4p,4.684696121457788,4.623535969435566,0.06116015202222158
p_1532,t3_20bc4h,t1_cg1kcaj,t1_cg1q9b0,5.0836645889374195,4.819146390317385,0.2645181986200349
p_1533,t3_20bc4h,t1_cg1k60u,t1_cg1m2xr,4.152035119866865,4.210413161459343,-0.05837804159247817
p_1536,t3_208uz9,t1_cg0x68o,t1_cg0vcfi,4.512775340169751,4.064441423089106,0.4483339170806442
p_1538,t3_208uz9,t1_cg10g34,t1_cg0vx6c,3.817965922293653,3.9015379295931365,-0.08357200729948344
p_1539,t3_20771y,t1_cg0g3o7,t1_cg0kgnu,3.784996201773674,4.39452477093912,-0.6095285691654464
p_1541,t3_2067hy,t1_cg07wrp,t1_cg0fxc1,4.78525905733393,4.290557232973338,0.4947018243605923
p_1542,t3_2067hy,t1_cg0du69,t1_cg0fxc1,4.488037934570863,4.290557232973338,0.19748070159752462
p_1543,t3_205wgp,t1_cg034et,t1_cg0lm1r,3.7988592207978438,4.023185504316433,-0.22432628351858908
p_1545,t3_2055ga,t1_cg005x6,t1_cfzyi1j,4.243325982277962,4.646720672647372,-0.4033946903694101
p_1546,t3_20552o,t1_cfzv2ca,t1_cfzutd1,4.5826086342140435,4.43027282326137,0.1523358109526738
p_1547,t3_202dsz,t1_cfz5omt,t1_cfz8mj9,4.773634892961809,5.251797455103807,-0.47816256214199804
p_1548,t3_1zyxf5,t1_cfykpyh,t1_cfy8x1q,4.909634353973625,4.610947673484703,0.2986866804889221
p_1549,t3_1zwn1x,t1_cfxnbo6,t1_cfxnnsj,4.475244412278382,3.9397568850337166,0.5354875272446655
p_1550,t3_1zw7ln,t1_cfxj320,t1_cfxj5az,4.118319262391802,3.938952636845704,0.17936662554609795
p_1551,t3_1zuvxw,t1_cfxe20o,t1_cfxmqh6,4.637665238932099,3.849749531366556,0.787915707565543
p_1552,t3_1zu61l,t1_cfwzylm,t1_cfx0hao,4.541359319516756,3.965538331456472,0.575820988060284
p_1553,t3_1ztvka,t1_cfwxsqx,t1_cfwws2r,5.003811294494233,4.294839055850811,0.7089722386434225
p_1555,t3_1zs621,t1_cfwvfc8,t1_cfwgped,5.708902180208986,4.734605133868138,0.9742970463408476
p_1557,t3_1zradb,t1_cfwcpec,t1_cfwls65,5.369242586281118,5.239649188927799,0.12959339735331898
p_1558,t3_1zmsp5,t1_cfv2q6b,t1_cfv12db,4.675530458678921,4.650843468824316,0.02468698985460449
p_1561,t3_1zj8xe,t1_cfuhnxj,t1_cfu7ye4,4.526935888791102,4.257898013002753,0.26903787578834937
p_1563,t3_1zixnc,t1_cfu2ihk,t1_cfufvm6,4.391928639624624,4.399733324933809,-0.007804685309184656
p_1564,t3_1zixnc,t1_cfufgl4,t1_cfu8t82,4.785652840548124,4.487651032999035,0.2980018075490891
p_1565,t3_1zga9j,t1_cfth378,t1_cfthktn,4.7922983767628535,4.461915986799885,0.33038238996296876
p_1566,t3_1zfi9r,t1_cft7656,t1_cft6dvp,4.996857534156097,4.442234842524969,0.5546226916311277
p_1567,t3_1zdgxp,t1_cfspefn,t1_cfsoeq2,4.760470092731336,4.301858418970458,0.4586116737608785
p_1568,t3_1zav5a,t1_cfs128g,t1_cfs8we4,4.748264258305458,4.9972483965341175,-0.24898413822865972
p_1569,t3_1zav5a,t1_cfs14jd,t1_cfs27v4,3.999841546801567,4.046374086375136,-0.04653253957356851
p_1570,t3_1z9uki,t1_cfrtm9j,t1_cfrtrpp,4.070271287191515,3.8204975070867264,0.24977378010478857
p_1571,t3_1z9nj1,t1_cfrvhp5,t1_cfrt1zr,4.519820457846105,4.506893054840723,0.01292740300538231
p_1572,t3_1z9nj1,t1_cfs2slp,t1_cfrt1zr,4.767761319533041,4.506893054840723,0.26086826469231816
p_1575,t3_1z4j07,t1_cfqjgtm,t1_cfqfpgt,4.306134731646656,4.224941386499813,0.0811933451468434
p_1576,t3_1z3vej,t1_cfq9l33,t1_cfq9m7b,4.030601148627441,3.8597008492309035,0.1709002993965374
p_1577,t3_1z2m65,t1_cfpz5ni,t1_cfqe6na,4.833367000628182,4.409038625497531,0.424328375130651
p_1579,t3_1z1x25,t1_cfps3jr,t1_cfprwz1,5.248562880543753,4.724813810952543,0.5237490695912106
p_1581,t3_1z0efm,t1_cfpdtdk,t1_cfpdbjr,5.356260138885962,4.6121030189606165,0.7441571199253456
p_1582,t3_1yzk2r,t1_cfpix2k,t1_cfpb5e7,5.408682283117485,5.439122841510729,-0.03044055839324411
p_1584,t3_1ytd1y,t1_cfnl117,t1_cfnl2nq,4.122752310387142,4.376880596686044,-0.2541282862989016
p_1585,t3_1yst0y,t1_cfngu5x,t1_cfngwn5,5.100253371412275,4.65441142066236,0.44584195074991495
p_1586,t3_1ysjvs,t1_cfndapb,t1_cfnjy06,4.339793191336965,4.350778744284379,-0.010985552947413879
p_1587,t3_1ysjvs,t1_cfnejdg,t1_cfndbpn,4.899030738996341,4.611983337620124,0.287047401376217
p_1588,t3_1yqbtv,t1_cfmvaww,t1_cfn3a9g,4.5148124943871615,4.255796598650623,0.25901589573653805
p_1589,t3_1yqbtv,t1_cfmvnmb,t1_cfnjhfp,4.221199694748337,4.204463178315421,0.01673651643291585
p_1590,t3_1ypfdt,t1_cfmn9ya,t1_cfmkj9p,4.290523615428666,4.390426694739438,-0.09990307931077247
p_1593,t3_1ylhiw,t1_cflpdf1,t1_cflrlgg,5.063790319453569,4.230789161654919,0.83300115779865
p_1594,t3_1yksrs,t1_cfln3uw,t1_cflsynk,4.320732852789343,4.204163492312763,0.1165693604765794
p_1595,t3_1yk2nn,t1_cfmigm1,t1_cfl7jgs,5.005931582304731,4.0114650163041405,0.9944665660005905
p_1597,t3_1yj9yz,t1_cfkzuuw,t1_cfl3zb3,3.699339493696795,3.6969009703405122,0.002438523356282918
p_1598,t3_1yhd8w,t1_cfkunw0,t1_cfl04qs,5.055007821794628,4.5493143099044016,0.5056935118902262
p_1599,t3_1yg8sx,t1_cfkaxla,t1_cfk8844,4.388387047311613,4.1816236574749075,0.2067633898367056
p_1600,t3_1yg2jo,t1_cfk66s1,t1_cfk729g,4.690773083183296,3.5378972257151804,1.1528758574681155
p_1601,t3_1yf0hw,t1_cfk3gzm,t1_cfk3g6w,5.173868437421143,5.173868437421143,0.0
p_1602,t3_1ycqp3,t1_cfjcixz,t1_cfjex0e,4.182638493326531,4.872243979427385,-0.689605486100854
p_1603,t3_1yccg0,t1_cfj7tna,t1_cfj836t,4.776966649610628,4.912946584557071,-0.13597993494644278
p_1604,t3_1yc8z3,t1_cfj8dok,t1_cfj6ut7,4.878172506434272,4.479258243287468,0.39891426314680345
p_1607,t3_1y93n4,t1_cfilbka,t1_cfiga5n,5.047250907914312,4.658208706283634,0.3890422016306774
p_1609,t3_1y8e6p,t1_cfidj9k,t1_cfi8wne,4.820407995654244,4.684333345410831,0.1360746502434127
p_1610,t3_1y7dly,t1_cfi0whe,t1_cfi99ou,4.472085918575887,4.987311756066459,-0.515225837490572
p_1611,t3_1y6r6n,t1_cfhuqmy,t1_cfhzeok,4.700557284986807,4.742548781764869,-0.04199149677806169
p_1613,t3_1y5kpj,t1_cfhngrl,t1_cfhmv6r,4.362376454975943,4.1426489790730985,0.21972747590284492
p_1614,t3_1y5jpe,t1_cfhjc63,t1_cfhoyvh,3.7838669489921455,3.9828626882754268,-0.1989957392832813
p_1615,t3_1y3vw7,t1_cfh6xl3,t1_cfhb3ig,4.867044500866553,4.18293494489449,0.6841095559720625
p_1616,t3_1y0z80,t1_cfgezmv,t1_cfgd9sg,4.701985893097248,4.131902847197919,0.5700830458993291
p_1617,t3_1y0z80,t1_cfgebtx,t1_cfge83v,4.543824853248162,4.2732553847247114,0.2705694685234503
p_1618,t3_1y0z80,t1_cfgff5w,t1_cfgdo8i,3.541641104698318,3.721463827875827,-0.17982272317750914
p_1619,t3_1y0z80,t1_cfggmp9,t1_cfggdeg,4.295389707895079,3.6628252294040466,0.632564478491032
p_1620,t3_1y0vu9,t1_cfgiaw0,t1_cfgl96g,3.9808543239553984,4.600259315803224,-0.6194049918478255
p_1621,t3_1y0q8w,t1_cfrq7cf,t1_cfgq10w,5.358081322184596,5.176201339286382,0.18187998289821383
p_1622,t3_1xzpi7,t1_cfg2dzw,t1_cfg3is1,5.0710832026399535,4.727918049120206,0.3431651535197471
p_1623,t3_1xzf7d,t1_cfg00me,t1_cffz5zm,4.759131031829224,4.418113496428647,0.3410175354005771
p_1624,t3_1xzeag,t1_cffzwu5,t1_cffzfv6,4.804306440124482,4.654362529147258,0.14994391097722382
p_1625,t3_1xzdek,t1_cfg1zzx,t1_cfg0i1g,4.7852974805075,4.335278632962385,0.450018847545115
p_1626,t3_1xz6rw,t1_cffz8em,t1_cffxz9z,4.7329502086667885,4.325825321141661,0.40712488752512765
p_1628,t3_1xx4hd,t1_cffpbcp,t1_cffe6q8,4.946200673367127,4.800810479575268,0.1453901937918589
p_1631,t3_1xvch2,t1_cff03ce,t1_cfeznzr,4.726023835676138,4.604308689812547,0.12171514586359056
p_1632,t3_1xus3u,t1_cff4s1l,t1_cff7gyo,5.085825745571301,4.283787027315599,0.8020387182557025
p_1633,t3_1xtu9a,t1_cfelt93,t1_cfek1hq,4.923649917929348,4.053368778083571,0.870281139845777
p_1635,t3_1xt7na,t1_cfekvit,t1_cfehcuc,4.287007616118177,4.100417960362827,0.18658965575535014
p_1636,t3_1xrsup,t1_cfe9wcm,t1_cfecpir,4.861366754164649,4.104574122516099,0.7567926316485503
p_1639,t3_1xqnjx,t1_cfdvt9y,t1_cfdt5y3,4.961813617380248,4.995790939466984,-0.033977322086736095
p_1640,t3_1xqnjx,t1_cfdsxp9,t1_cfdvwqp,5.013808759279219,5.157840354054995,-0.1440315947757762
p_1641,t3_1xqn05,t1_cfdr670,t1_cfdzhku,4.73914293573682,4.041313563913274,0.6978293718235458
p_1647,t3_1xpli3,t1_cfdj416,t1_cfdz0is,4.901278360228016,4.5482870912317,0.35299126899631617
p_1648,t3_1xp9br,t1_cfddlr2,t1_cfdd9ab,4.4486111348985515,4.577102371083108,-0.1284912361845567
p_1649,t3_1xowzb,t1_cfdatgs,t1_cfdbx3c,4.938772179692752,4.77471891708627,0.16405326260648234
p_1650,t3_1xowzb,t1_cfdbhsi,t1_cfdbx3c,5.137871987088761,4.77471891708627,0.36315307000249053
p_1651,t3_1xofrl,t1_cfd7mvo,t1_cfd6avv,3.965702671743462,4.3225044980012175,-0.35680182625775547
p_1652,t3_1xny71,t1_cfd4qsf,t1_cfd1p8s,5.032204893838529,4.728976985404894,0.3032279084336347
p_1653,t3_1xne0t,t1_cfcwnyo,t1_cfcwuj0,4.919275229119093,4.283408099664436,0.635867129454657
p_1654,t3_1xml8r,t1_cfcpq87,t1_cfcvgy3,5.155429929672421,4.690589786080214,0.46484014359220627
p_1658,t3_1xj5t3,t1_cfbzgs9,t1_cfbsvrz,4.911870701585635,5.139964159968608,-0.2280934583829728
p_1659,t3_1xj58k,t1_cfbw65l,t1_cfc1y4k,4.508316330774848,3.935964110021871,0.5723522207529772
p_1660,t3_1xj1ga,t1_cfbsq9j,t1_cfbsdxa,4.687739336159015,4.697060011071028,-0.00932067491201316
p_1661,t3_1xijwf,t1_cfbyqtw,t1_cfbs8fr,4.7786019896507845,4.885197956528788,-0.10659596687800388
p_1662,t3_1xijwf,t1_cfbrxxo,t1_cfbs8fr,4.188832556636033,4.885197956528788,-0.6963653998927555
p_1663,t3_1xi9t0,t1_cfbm43v,t1_cfbl44s,4.79071896613335,4.578968741821288,0.21175022431206258
p_1664,t3_1xhrpt,t1_cfbkr47,t1_cfby4iv,5.578989937544356,4.7512018937467735,0.8277880437975824
p_1665,t3_1xhjo8,t1_cfbg2kr,t1_cfbe6yx,4.755905458052245,4.018345918226723,0.7375595398255221
p_1666,t3_1xhgv0,t1_cfbkzhu,t1_cfbpidx,4.705777308534705,5.106599758391324,-0.4008224498566193
p_1668,t3_1xgop4,t1_cfb7zmh,t1_cfblib6,3.963461122978446,4.017551497759403,-0.05409037478095646
p_1670,t3_1xg9o8,t1_cfb5szp,t1_cfb8m1v,5.179308000995671,4.689974947512538,0.48933305348313283
p_1671,t3_1xg9o8,t1_cfb7rha,t1_cfb8rco,5.080122574822439,5.020128711710735,0.059993863111703405
p_1672,t3_1xg07x,t1_cfb0ntv,t1_cfb1y56,4.630409954993877,4.371908045919382,0.25850190907449466
p_1673,t3_1xg07x,t1_cfb029j,t1_cfb1y56,4.405071694262525,4.371908045919382,0.03316364834314278
p_1674,t3_1xfxzz,t1_cfbqyq7,t1_cfb38lx,4.598598941305641,3.9533014750467466,0.6452974662588948
p_1675,t3_1xecbw,t1_cfapwte,t1_cfavmea,4.250543642162729,4.363793364858247,-0.11324972269551825
p_1676,t3_1xauzj,t1_cf9ryoi,t1_cf9rnej,4.940835470841603,4.477743038715065,0.4630924321265377
p_1677,t3_1x9drc,t1_cf9aorl,t1_cf9drsg,5.316567551698782,4.886343654918396,0.43022389678038575
p_1678,t3_1x8fy5,t1_cf9c8ws,t1_cf9598e,5.118494040144107,3.970964438482996,1.1475296016611107
p_1679,t3_1x7uoa,t1_cf8wl9o,t1_cf8z5i2,4.637933910280162,4.404240772494525,0.23369313778563683
p_1681,t3_1x5wrj,t1_cf8fe6i,t1_cf8h4zs,4.355895066953592,4.410507749591957,-0.05461268263836505
p_1682,t3_1x5gri,t1_cf8ak7n,t1_cf8c7ra,5.083496926832656,4.555638049729653,0.5278588771030028
p_1683,t3_1x4fll,t1_cf88dvu,t1_cf80gm0,4.1828949808677445,4.405587790925165,-0.2226928100574206
p_1684,t3_1x4e9l,t1_cf8c6ja,t1_cf813g9,4.337845313678287,3.9604957416815822,0.3773495719967044
p_1685,t3_1x44be,t1_cf7y65l,t1_cffje6e,4.828589901480607,4.800999503372955,0.027590398107651737
p_1686,t3_1x44be,t1_cf8ii0u,t1_cf7ynno,4.551727189612306,4.579791761096329,-0.028064571484023304
p_1687,t3_1x3quk,t1_cf81vtd,t1_cf811b2,4.610586545844941,4.671726760385257,-0.06114021454031526
p_1688,t3_1x3quk,t1_cf82a08,t1_cf7xofq,5.062535231149324,4.305797859816426,0.756737371332898
p_1689,t3_1x3jm2,t1_cf7t9mu,t1_cf7w0x1,4.589110211665947,4.6114103546009675,-0.022300142935020695
p_1690,t3_1x3jm2,t1_cf7rvkt,t1_cf7xop4,3.9087898949999604,3.837157781827764,0.07163211317219664
p_1691,t3_1x3jm2,t1_cf7tzua,t1_cf7v802,4.496383159689942,4.756816117555377,-0.26043295786543474
p_1693,t3_1wxy0c,t1_cf6nwss,t1_cf6opjq,4.592713155655761,4.588423903389177,0.00428925226658361
p_1694,t3_1wxy0c,t1_cf6r60y,t1_cf6opjq,5.111206078448242,4.588423903389177,0.5227821750590644
p_1695,t3_1wwoop,t1_cf63aas,t1_cf61b67,3.8419241026674906,4.523553936012874,-0.6816298333453834
p_1696,t3_1wwoop,t1_cf61gbe,t1_cf642jh,3.933982807409478,4.2240927838846325,-0.2901099764751547
p_1697,t3_1wvyf1,t1_cf5vcsr,t1_cf6onl2,3.9301249661213182,3.830584901355619,0.09954006476569921
p_1699,t3_1wvths,t1_cf614t8,t1_cf5ugx7,4.925515776478813,4.55669273511222,0.3688230413665927
p_1698,t3_1wvths,t1_cf5v50x,t1_cf5viuj,3.7646271699691365,4.085685045417137,-0.3210578754480009
p_1700,t3_1wvouv,t1_cf5t6kg,t1_cf5ydyu,4.269352269972846,3.8836948733576446,0.3856573966152017
p_1702,t3_1wvhao,t1_cf5t1xp,t1_cf63h51,,4.602281549560522,
p_1703,t3_1wu9bx,t1_cf5ghfv,t1_cf5gzn8,4.409789795079123,4.536858911405661,-0.1270691163265374
p_1704,t3_1wtvq6,t1_cf5knmg,t1_cf5ocok,3.9995927552887824,4.622845278619694,-0.6232525233309119
p_1705,t3_1wteqq,t1_cf5rh0q,t1_cf57as7,3.7119719061653096,4.196385396565161,-0.4844134903998518
p_1706,t3_1wt8h7,t1_cf55ppi,t1_cf559e0,4.270086364736983,4.206035642265623,0.06405072247136001
p_1707,t3_1wsalo,t1_cf54lvq,t1_cf570gn,4.739796212842886,3.8272853288635176,0.9125108839793681
p_1708,t3_1wqdpz,t1_cf4fnk7,t1_cf4fg38,5.18571157527043,4.158719714346379,1.026991860924051
p_1709,t3_1wnvdn,t1_cf3s4a2,t1_cf3rvjd,4.924944317500492,4.125644413620276,0.7992999038802155
p_1710,t3_1wmoca,t1_cf3hjc2,t1_cf3fxbx,4.7201553019956695,4.277551394678525,0.44260390731714416
p_1714,t3_1wjggc,t1_cf2k4m9,t1_cf2zudy,4.05371719169894,4.244816086590193,-0.19109889489125287
p_1719,t3_1we5ye,t1_cf181nq,t1_cf1drrq,4.940422756614672,4.850607775752028,0.08981498086264406
p_1721,t3_1we3gg,t1_cf15n2w,t1_cf1b9fg,4.950162974685359,4.557634847254764,0.3925281274305945
p_1722,t3_1we3gg,t1_cf1aqki,t1_cf1mnjk,3.90331485766527,4.529192476164842,-0.625877618499572
p_1723,t3_1we3gg,t1_cf14k7c,t1_cf1b9fg,4.502857305507836,4.557634847254764,-0.054777541746928726
p_1727,t3_1w99ax,t1_cf08bgj,t1_cezuuhe,4.418767003621677,3.7732155537407808,0.6455514498808963
p_1728,t3_1w91jl,t1_cezwkl3,t1_cezzr6g,4.945756702136637,4.35367035782994,0.592086344306697
p_1729,t3_1w84rh,t1_cezjynx,t1_cezjtaz,4.073239129678638,3.6877503560179736,0.38548877366066403
p_1731,t3_1w6uhl,t1_cezbyuy,t1_cez8odp,4.382230582714604,4.59302093822921,-0.21079035551460557
p_1730,t3_1w6uhl,t1_cezbjga,t1_cez8r6m,4.581591861560951,4.396832990607839,0.18475887095311183
p_1732,t3_1w6uhl,t1_cezwgtv,t1_cezh5ah,4.832556041541996,4.923110178253594,-0.09055413671159851
p_1733,t3_1w6uhl,t1_cezy174,t1_cezwt7d,5.091070135607985,4.150949678229615,0.9401204573783692
p_1734,t3_1w3r7a,t1_ceyfj6f,t1_ceyiqk4,4.1213540840815615,4.261390026960775,-0.14003594287921395
p_1735,t3_1vz63d,t1_cex6xzs,t1_cexiref,4.816834704240871,4.797492729252123,0.019341974988748234
p_1738,t3_1vqwtw,t1_ceuzj2d,t1_ceuycyu,3.7429822081368336,4.063375503642524,-0.3203932955056903
p_1739,t3_1vq2nf,t1_ceupm5x,t1_ceup6x1,4.036586103644162,3.971682139678493,0.06490396396566922
p_1740,t3_1vpp6t,t1_ceus11w,t1_ceuld78,4.586719989278836,4.549504875930841,0.037215113347994766
p_1742,t3_1voenh,t1_ceubelw,t1_ceu9m4y,5.262920745296681,4.792436215118982,0.470484530177699
p_1743,t3_1vm911,t1_cetnn1i,t1_cettz33,3.8257945902258803,3.9723587138303658,-0.14656412360448545
p_1746,t3_1vitnu,t1_cesojok,t1_cet1d7h,4.824492562267593,4.70645341612667,0.11803914614092292
p_1747,t3_1vil9h,t1_cesmz2f,t1_cesm93p,5.165542458834197,4.2603601732873155,0.9051822855468812
p_1748,t3_1vil80,t1_cet0nf1,t1_cesmfhu,4.629254166714462,4.840736927186381,-0.2114827604719185
p_1750,t3_1vhh7b,t1_cesb8l8,t1_ceso4j1,4.990749502240337,4.821895838675093,0.168853663565244
p_1753,t3_1vg6qn,t1_cerydvt,t1_ces7sw3,4.816689127833474,4.7550785099748705,0.061610617858603334
p_1754,t3_1vg6qn,t1_ces7xdz,t1_ces4z4x,4.064586135799851,3.9184236596889086,0.14616247611094213
p_1755,t3_1vfoko,t1_cersgwa,t1_cery1u3,4.34562685433988,4.219887195098551,0.12573965924132935
p_1756,t3_1veiwz,t1_cergs7r,t1_ceruu7h,4.709286913067505,4.376926771354629,0.33236014171287565
p_1758,t3_1vc1ju,t1_ceqsvrq,t1_ceqsm8p,4.904340850465404,4.544408305060085,0.3599325454053188
p_1759,t3_1vbtut,t1_ceqq9p8,t1_ceqwdz5,4.192713150725182,3.8155886048294323,0.37712454589574973
p_1762,t3_1v97rw,t1_cepz02o,t1_ceq85nw,4.526177829445534,4.098228110961306,0.42794971848422847
p_1763,t3_1v8xv5,t1_cepyw13,t1_cepvurr,4.722220699286228,4.814309392796192,-0.09208869350996363
p_1764,t3_1v8vbr,t1_ceq1g3n,t1_cepzl4s,4.7393755939043425,3.7579456347019193,0.9814299592024232
p_1765,t3_1v8hly,t1_ceps6kq,t1_cepr262,5.0089312823226955,4.482729861267606,0.5262014210550898
p_1767,t3_1v6x7z,t1_cepcqsx,t1_cepbgx3,4.977196039900539,4.7546232681082,0.22257277179233892
p_1768,t3_1v6x7z,t1_cepbbkb,t1_ceplff5,4.321997979985473,4.813729169799408,-0.49173118981393493
p_1771,t3_1v6sc1,t1_cep8u6j,t1_cep920e,4.380306753070886,4.6451764678538465,-0.26486971478296084
p_1772,t3_1v6sc1,t1_cepbi6t,t1_cep9kye,4.254906123425847,3.997168087553537,0.25773803587231026
p_1773,t3_1v5dnm,t1_ceovabh,t1_ceovlgt,4.518184721233403,4.306276637648473,0.2119080835849303
p_1774,t3_1v5dnm,t1_ceovl5u,t1_ceov0pa,4.707074075752534,4.181748865879137,0.5253252098733965
p_1775,t3_1v44vp,t1_ceoj2ew,t1_ceonfda,4.767013070670119,4.666185662973077,0.10082740769704213
p_1776,t3_1v44ig,t1_ceonb1b,t1_ceoluxq,4.5677398587410245,4.765033296722209,-0.19729343798118482
p_1777,t3_1v37km,t1_ceof5q0,t1_ceoakgs,5.038287556917388,4.863637989694604,0.1746495672227839
p_1778,t3_1v2buu,t1_ceo3y9o,t1_ceo0vsq,4.677447833474529,4.0197366101633145,0.6577112233112148
p_1783,t3_1uw88g,t1_cemazwn,t1_cem9vxq,4.490936465536829,4.0608091795067045,0.4301272860301246
p_1784,t3_1uw88g,t1_cema7rn,t1_cematy2,4.73036866297524,4.559786523669078,0.17058213930616262
p_1785,t3_1uu8f1,t1_celpb6x,t1_celpnop,3.7732999413346264,3.8295172675949716,-0.056217326260345146
p_1787,t3_1uss24,t1_celd4ge,t1_cem21t7,4.524710623181877,3.988141926414626,0.5365686967672505
p_1788,t3_1us404,t1_celnjcf,t1_cel68zm,5.349855694416741,4.599323702615818,0.7505319918009228
p_1789,t3_1us3bu,t1_cel70ih,t1_celagxd,4.897353346742282,4.95391125918379,-0.056557912441507874
p_1790,t3_1urrut,t1_cel88d0,t1_cel1jwe,4.926028074492379,3.709981838781539,1.2160462357108401
p_1791,t3_1up36i,t1_cel5ryl,t1_cekasft,4.211867898712779,3.770971414435316,0.44089648427746253
p_1794,t3_1un1uh,t1_cejsnxi,t1_cejqr72,3.9564735448724426,3.9364822177018266,0.019991327170616024
p_1795,t3_1umi67,t1_cejoc7z,t1_cejtg9p,4.216769781579369,3.711047107780692,0.5057226737986773
p_1796,t3_1um2og,t1_cejgnup,t1_cejgczp,4.75934187227164,3.6354310517196065,1.1239108205520334
p_1797,t3_1uldzf,t1_cejbhlx,t1_cejot4k,4.485763519771905,4.819711640477305,-0.3339481207053998
p_1800,t3_1uhnsm,t1_cei7518,t1_cei83kz,5.270496579579663,4.741118096485435,0.5293784830942281
p_1801,t3_1uhj8f,t1_cei563f,t1_ceim6kr,4.299300491333718,4.516321181286042,-0.2170206899523235
p_1802,t3_1uhj8f,t1_cei5r73,t1_ceiav39,4.650489157928095,4.898659220638479,-0.24817006271038444
p_1803,t3_1ugfg7,t1_cehxooj,t1_cehv3x9,4.997623844252618,4.727416418674089,0.27020742557852895
p_1804,t3_1ueg7f,t1_ceh8q6y,t1_ceh8am3,5.006845230095442,4.656506807505318,0.3503384225901236
p_1806,t3_1udzn5,t1_ceh4p0r,t1_ceh6366,5.288511364262551,4.620819112281023,0.6676922519815287
p_1808,t3_1udzn5,t1_cehcarm,t1_cehc82y,3.8906230015276932,4.186982530433559,-0.2963595289058656
p_1811,t3_1udlql,t1_ceh07bk,t1_cegzp5m,4.217891729883826,4.26454410392696,-0.04665237404313416
p_1812,t3_1ud8fv,t1_cehjb3t,t1_ceh3glw,5.081335835447987,4.5386271716594,0.542708663788587
p_1814,t3_1uctm7,t1_cegr7bn,t1_cegy5dc,3.973240606482772,3.7836013329332263,0.1896392735495458
p_1815,t3_1ucj9u,t1_cegoldf,t1_cegt2yd,4.473710433902597,4.487588708936184,-0.013878275033587073
p_1816,t3_1ucgh6,t1_cegogz6,t1_cegohag,4.333311728673175,4.777346196363706,-0.444034467690531
p_1817,t3_1ucgh6,t1_cegqw1u,t1_cegohag,4.077064541362107,4.777346196363706,-0.7002816550015991
p_1818,t3_1uamtt,t1_cegcjhm,t1_cegb3ri,4.5182318671799715,4.894089179497217,-0.37585731231724573
p_1821,t3_1u8yzo,t1_cefohe0,t1_cefnobg,4.336643147289134,3.624711075776651,0.7119320715124831
p_1824,t3_1u8om4,t1_cefkzid,t1_cefl804,4.681142881309083,4.918557784305583,-0.23741490299650003
p_1825,t3_1u8iv1,t1_cefj6lm,t1_cefr8n0,4.891895352557043,4.802172333931759,0.08972301862528376
p_1827,t3_1u87uu,t1_cefgarg,t1_cefn2kn,4.634501153769954,4.2224092487294405,0.41209190504051385
p_1828,t3_1u7llg,t1_cefbw53,t1_cefb5g9,4.0700725719062225,4.2785427810418675,-0.20847020913564496
p_1830,t3_1u4wxq,t1_ceenpjt,t1_ceekcir,4.57397065269399,4.100716951393593,0.473253701300397
p_1829,t3_1u4wxq,t1_ceeovmf,t1_ceem22l,4.812054856356661,4.747248558174034,0.06480629818262695
p_1831,t3_1u4fqn,t1_ceefsm0,t1_ceejtd2,4.456970187264835,4.583364378286436,-0.12639419102160154
p_1835,t3_1u28be,t1_cedssel,t1_cedt1r4,4.215416942324082,4.42711233748684,-0.21169539516275826
p_1836,t3_1u0pt2,t1_cedkwy5,t1_cedqecc,4.103878696130137,4.561577923672953,-0.45769922754281644
p_1838,t3_1ty0ux,t1_cecozto,t1_cecpcit,4.129448720113952,4.500480511560855,-0.371031791446903
p_1839,t3_1txyfq,t1_ceczo86,t1_cecktf3,4.9683103977907335,4.400021334737516,0.5682890630532178
p_1840,t3_1tx0tf,t1_ceca72e,t1_ceca9ns,4.6942395270007635,4.003408020788535,0.6908315062122288
p_1841,t3_1twxa7,t1_cec9uo6,t1_cecflca,4.988067159539755,4.538389204027636,0.44967795551211864
p_1843,t3_1twegt,t1_cecee3s,t1_cecd78s,4.487843573025069,4.276725778769011,0.21111779425605803
p_1844,t3_1tt75b,t1_cebccgh,t1_cebecvh,5.424693272921548,5.026994780873431,0.397698492048117
p_1845,t3_1tt5tb,t1_cebd1og,t1_cebemwn,4.222858575748209,4.679904560126219,-0.45704598437801014
p_1846,t3_1tt5tb,t1_cebcb60,t1_cebb05i,4.156015334857551,3.790339180391629,0.3656761544659215
p_1850,t3_1tqttm,t1_cealwzd,t1_ceakm2y,5.204866576945124,4.967115667027558,0.23775090991756542
p_1851,t3_1tqttm,t1_ceaxcno,t1_ceak6vp,4.37609853849673,4.767905362798479,-0.3918068243017494
p_1853,t3_1tpqhr,t1_ceaod4e,t1_ceaei9g,4.145410228007503,4.796034831616544,-0.6506246036090415
p_1855,t3_1to7tw,t1_ce9wkz3,t1_ce9wfe0,4.797794727552907,4.899876393049814,-0.10208166549690656
p_1856,t3_1tns6s,t1_ce9xde5,t1_ce9rgf8,3.326110372354316,4.517882699178034,-1.1917723268237177
p_1857,t3_1tm85z,t1_ce9dgau,t1_ce9co77,4.907023215408708,4.54935803907481,0.3576651763338985
p_1858,t3_1tku2p,t1_ce92cm3,t1_ce9099k,4.679119829568926,4.2603067224513325,0.4188131071175931
p_1860,t3_1tg3nh,t1_ce7sc37,t1_ce7klpg,4.362610217421003,3.936482217701826,0.4261279997191769
p_1861,t3_1te39z,t1_ce70eid,t1_ce71ql3,3.7198999083435607,3.922759750716588,-0.20285984237302745
p_1862,t3_1td5fm,t1_ce6qqlt,t1_ce6qwq5,3.8648811909172225,4.3782360665235105,-0.513354875606288
p_1863,t3_1t9y3s,t1_ce5u6t5,t1_ce5u33e,4.598617579618617,4.104042818063931,0.49457476155468605
p_1864,t3_1t9irv,t1_ce5qvxa,t1_ce5r69v,4.533057766784457,5.091483286700678,-0.5584255199162209
p_1866,t3_1t9irv,t1_ce5spfk,t1_ce5r134,5.0264599958443,4.60217520958594,0.42428478625836075
p_1867,t3_1t8yrt,t1_ce5k8r6,t1_ce5jxeb,4.766153659460039,4.991694645359698,-0.22554098589965932
p_1869,t3_1t83kb,t1_ce5bsdz,t1_ce5bvhb,5.67611916471436,4.746176665811682,0.9299424989026779
p_1870,t3_1t5izv,t1_ce4jsh6,t1_ce4oagv,4.970191618618161,4.40385219350186,0.5663394251163005
p_1872,t3_1t4p86,t1_ce4jasj,t1_ce4clfo,4.697007543372473,4.349687379415663,0.34732016395681065
p_1873,t3_1t46ur,t1_ce4aypp,t1_ce46qsw,4.819041770481652,4.265205515048901,0.553836255432751
p_1877,t3_1t1i45,t1_ce3sops,t1_ce3g5h1,4.094478837013528,4.5697353048238085,-0.4752564678102802
p_1878,t3_1t13mm,t1_ce3c4sb,t1_ce39wwh,4.458981460001131,4.074695527555439,0.3842859324456924
p_1879,t3_1t0eax,t1_ce324pp,t1_ce36rhk,4.868778480534745,4.801536295241852,0.06724218529289328
p_1880,t3_1sxioi,t1_ce27cna,t1_ce2bmpa,4.68353986642395,4.091840905932015,0.5916989604919349
p_1881,t3_1sxioi,t1_ce27fv0,t1_ce2dpe5,4.747150289048812,4.6648750562834875,0.08227523276532445
p_1884,t3_1sv960,t1_ce1x8f8,t1_ce1krmn,4.812444078082032,3.9086687596275893,0.9037753184544424
p_1885,t3_1sv7nj,t1_ce1m2fp,t1_ce1qbwt,4.277647931061942,4.233641472650662,0.044006458411280036
p_1886,t3_1suyq6,t1_ce1hrcm,t1_ce1i6wn,4.581066059239879,5.2340556809000915,-0.6529896216602129
p_1887,t3_1suyq6,t1_ce1jnf5,t1_ce1i6wn,5.043626448827587,5.2340556809000915,-0.19042923207250428
p_1888,t3_1suyq6,t1_ce1j07m,t1_ce1ivme,5.162956970612716,4.261666862423207,0.9012901081895093
p_1890,t3_1suq0i,t1_ce1l6xb,t1_ce1frfu,4.499054301038261,4.626149843585449,-0.12709554254718824
p_1889,t3_1suq0i,t1_ce1gpo7,t1_ce1g21s,4.446347733284185,3.813352929274396,0.6329948040097886
p_1891,t3_1sunm5,t1_ce1fx1q,t1_ce1fhql,4.8813476800016735,3.9926865996954612,0.8886610803062123
p_1893,t3_1sunm5,t1_ce1epim,t1_ce1fhql,4.662756163858075,3.9926865996954612,0.6700695641626133
p_1892,t3_1sunm5,t1_ce1fxo1,t1_ce1gunr,5.2926662712135,4.822880944985783,0.4697853262277176
p_1894,t3_1stysh,t1_ce1a8iy,t1_ce1k607,4.825211602850841,4.3584638143442795,0.4667477885065612
p_1895,t3_1sslvc,t1_ce0xojx,t1_ce12asq,5.275829071253467,4.897280711216374,0.3785483600370929
p_1896,t3_1sqkke,t1_ce09y0e,t1_ce08oy9,4.076923627227247,4.3325166423685255,-0.25559301514127863
p_1897,t3_1sktqj,t1_cdz832l,t1_cdymjwd,5.137154584267857,4.956602904233223,0.1805516800346343
p_1898,t3_1sji3o,t1_cdy85sk,t1_cdyajck,3.6538691471855045,3.6858417557603307,-0.0319726085748262
p_1900,t3_1sgr9m,t1_cdxkw1s,t1_cdxgrfu,4.103378177238808,3.527698299841021,0.5756798773977869
p_1904,t3_1scv1e,t1_cdwaij1,t1_cdw8ydx,4.607689778592562,4.451481033510243,0.15620874508231886
p_1905,t3_1sclwf,t1_cdwfawk,t1_cdw643w,4.658247902638717,3.9127945203404373,0.7454533822982796
p_1907,t3_1scbek,t1_cdw4ucf,t1_cdw36rb,4.461188738227897,4.124459596781893,0.3367291414460043
p_1908,t3_1sbxik,t1_cdvzh4k,t1_cdvyz1u,4.243449307533233,3.811014801323975,0.43243450620925783
p_1909,t3_1saalt,t1_cdw0u51,t1_cdvmn1u,4.54632483434814,4.1335017561427065,0.4128230782054336
p_1910,t3_1s94cq,t1_cdv71qo,t1_cdv5luo,4.131088806152704,4.05178114076659,0.07930766538611422
p_1911,t3_1s8zmg,t1_cdwf8t8,t1_cdvi2oo,4.6054006585089695,4.173562840538333,0.4318378179706368
p_1912,t3_1s6w43,t1_cduin0o,t1_cduuorr,4.427905213765844,4.30658374518651,0.12132146857933446
p_1913,t3_1s60vl,t1_cdufjh4,t1_cdu9qiv,4.9393626393007395,4.411770244989038,0.5275923943117018
p_1916,t3_1s3pxw,t1_cdtmhc2,t1_cdtmrcr,5.142895583447089,4.351250882622542,0.7916447008245475
p_1919,t3_1s3ji2,t1_cdtq1rg,t1_cdtx77n,5.272880881028206,4.307956081167894,0.9649247998603121
p_1920,t3_1s344f,t1_cdtj4bf,t1_cdtgb1d,4.968596242008745,5.041391723993339,-0.07279548198459374
p_1921,t3_1s30ko,t1_cdtuayw,t1_cdtne36,4.402275616646239,4.596903817287232,-0.1946282006409925
p_1922,t3_1s1j8s,t1_cdtfxvy,t1_cdt6ohm,4.501364558063113,4.445817362802162,0.05554719526095031
p_1923,t3_1rzqrw,t1_cdsphfd,t1_cdsigu7,3.9215322707371256,3.8707107637996914,0.05082150693743426
p_1924,t3_1rzqrw,t1_cdsm89r,t1_cdsmyt1,4.621166459492704,4.663945395054831,-0.04277893556212664
p_1925,t3_1rw7vg,t1_cdrov9y,t1_cdrovjs,4.823974562253238,4.652050555894148,0.17192400635909078
p_1927,t3_1rvnty,t1_cdre5so,t1_cdrdpkz,4.627407590486461,4.095679614771043,0.5317279757154187
p_1926,t3_1rvnty,t1_cdrgglu,t1_cdrgcu5,5.005575237835364,4.655997544644321,0.34957769319104326
p_1928,t3_1rvjrs,t1_cdrcnts,t1_cdre1mt,4.600283446690245,4.812237559839107,-0.21195411314886226
p_1929,t3_1rsmsh,t1_cdqij94,t1_cdqx6xw,4.976661872070357,5.119372134670586,-0.1427102626002288
p_1930,t3_1rsdfp,t1_cdqfs62,t1_cdqdh7o,3.8404629330250653,3.70552299275692,0.13493994026814526
p_1931,t3_1rrios,t1_cdq5t7s,t1_cdq4pdm,5.024689672485899,4.503109815622566,0.5215798568633332
p_1932,t3_1rrios,t1_cdq5vt8,t1_cdq58j7,4.843769384221397,3.998767456561929,0.8450019276594678
p_1933,t3_1rqhfc,t1_cdq3h1d,t1_cdq716e,4.942897278341547,5.2518047356847175,-0.30890745734317093
p_1935,t3_1rlna3,t1_cdokmar,t1_cdoirhb,4.032686033796135,3.8295172675949725,0.2031687662011623
p_1936,t3_1rkrbs,t1_cdoio50,t1_cdoe2j3,4.711577900302094,4.493768023370889,0.2178098769312049
p_1937,t3_1rj73b,t1_cdnzcb1,t1_cdo2ywx,4.1610961523294225,3.9821636656786112,0.1789324866508113
p_1939,t3_1rgch2,t1_cdmzb2b,t1_cdn32a2,4.547139527849535,4.347533400380837,0.199606127468698
p_1940,t3_1rgch2,t1_cdmzh7v,t1_cdn0d35,4.216677052426154,4.527628503466346,-0.31095145104019206
p_1941,t3_1rgch2,t1_cdo0n79,t1_cdn1hk3,4.1547312316247185,4.989219638207425,-0.8344884065827065
p_1942,t3_1rfn88,t1_cdmslq3,t1_cdn4bxg,3.9355078566157307,4.420596667997024,-0.485088811381293
p_1943,t3_1re89d,t1_cdmhfgx,t1_cdmequ6,4.509485041912538,4.3392262103976655,0.17025883151487253
p_1944,t3_1re89d,t1_cdmem16,t1_cdme68p,4.815562686908386,4.724219171170168,0.09134351573821764
p_1945,t3_1re89d,t1_cdmrzwp,t1_cdmh1c4,5.245633203955796,4.703666758643156,0.5419664453126396
p_1946,t3_1re7tj,t1_cdmdid4,t1_cdmh6ca,3.6907613303884914,5.251378043466618,-1.5606167130781263
p_1948,t3_1rddqv,t1_cdm3hlz,t1_cdm3kyd,4.516707221908601,4.580241610389093,-0.06353438848049198
p_1949,t3_1rb6qj,t1_cdlewyd,t1_cdlyn3j,3.973950280493456,4.493723439427885,-0.5197731589344294
p_1950,t3_1rb6qj,t1_cdlrdyo,t1_cdlyn3j,4.989532137156284,4.493723439427885,0.49580869772839886
p_1952,t3_1ra42n,t1_cdl4b7o,t1_cdl5bkn,4.704012338061971,5.013306823377723,-0.30929448531575243
p_1953,t3_1ra42n,t1_cdl96cr,t1_cdmjkp2,4.5427954586386265,5.352484179459142,-0.8096887208205157
p_1954,t3_1r893j,t1_cdktb2l,t1_cdkklti,4.266294704938417,4.2807191991914,-0.014424494252982534
p_1955,t3_1r69xi,t1_cdk0ex9,t1_cdk3u15,4.426228193587729,4.508780581173796,-0.08255238758606698
p_1956,t3_1r69xi,t1_cdk0r67,t1_cdk3u15,4.901670499887507,4.508780581173796,0.3928899187137107
p_1960,t3_1qz653,t1_cdhyl9l,t1_cdiiqug,4.925349267851132,4.776747357282042,0.14860191056909056
p_1962,t3_1qxn8r,t1_cdhle85,t1_cdhvq6g,4.783184148648655,4.9935220613468605,-0.2103379126982059
p_1963,t3_1qxn8r,t1_cdhjvcw,t1_cdhvq6g,4.887410988348207,4.9935220613468605,-0.10611107299865363
p_1964,t3_1qwg8s,t1_cdhe2ys,t1_cdh6ozn,4.684920063150011,4.442943620762471,0.24197644238754012
p_1969,t3_1qvm1n,t1_cdgyu8j,t1_cdh0i8x,4.889076809031248,4.397280461568293,0.4917963474629552
p_1970,t3_1qtuy4,t1_cdgib3s,t1_cdgy31a,5.168988369036403,4.966965255570438,0.20202311346596513
p_1972,t3_1qr0id,t1_cdfybue,t1_cdfkykr,4.503019846876379,4.908284065480622,-0.405264218604243
p_1975,t3_1qncnw,t1_cdely5f,t1_cden4p9,5.095843037505344,4.360207884428593,0.7356351530767506
p_1977,t3_1qj48o,t1_cddqbp8,t1_cddn1vo,4.3293650013167975,4.7066950059485215,-0.37733000463172406
p_1978,t3_1qj032,t1_cdda585,t1_cddki3r,4.971407462414729,4.835132209583833,0.13627525283089614
p_1981,t3_1qi1dr,t1_cdd6x3m,t1_cdd4306,4.145939820306391,4.456622518145361,-0.3106826978389696
p_1982,t3_1qhv03,t1_cdczknl,t1_cdcy1h9,4.969887818124303,4.737520486280478,0.2323673318438253
p_1983,t3_1qh0lb,t1_cdcowit,t1_cdcp122,3.764401641398455,3.999405597570754,-0.23500395617229897
p_1984,t3_1qgtma,t1_cdcurim,t1_cdcq77q,4.587806055742858,4.977674202551375,-0.3898681468085172
p_1986,t3_1qfy2y,t1_cdcoftz,t1_cdcikj0,5.230672536010165,5.194661921488826,0.03601061452133969
p_1985,t3_1qfy2y,t1_cdcu71x,t1_cdcgg2f,4.597762732207124,4.566453875896748,0.03130885631037561
p_1987,t3_1qfqj6,t1_cdcffak,t1_cdcgve9,4.785989874759373,4.806618877791478,-0.020629003032104798
p_1988,t3_1qfo09,t1_cdcc9fw,t1_cdccpys,4.5810703146181115,4.123732374789473,0.4573379398286388
p_1989,t3_1qfo09,t1_cdcconr,t1_cdccpys,4.07126626836745,4.123732374789473,-0.052466106422023095
p_1991,t3_1qee3b,t1_cdc0hlx,t1_cdc0jw6,4.975330326826243,4.246681717820718,0.7286486090055249
p_1992,t3_1qe6d9,t1_cdbzgva,t1_cdckb1g,5.421503323699712,5.20035734950522,0.2211459741944921
p_1993,t3_1qe6d9,t1_cdbwyxj,t1_cdckb1g,4.068739918401595,5.20035734950522,-1.1316174311036251
p_1994,t3_1qdzt5,t1_cdbyjvw,t1_cdbwdog,5.073865135617801,5.014547692372136,0.059317443245665125
p_1996,t3_1qdlln,t1_cdc66t9,t1_cdby8z3,4.942927220846215,4.313664678354531,0.6292625424916842
p_1998,t3_1qcw4r,t1_cdblxo9,t1_cdbsnq8,4.2252255973948705,4.876925181013108,-0.6516995836182371
p_1999,t3_1qbvlh,t1_cdb9b5i,t1_cdbf5rp,4.620035906138891,3.6730879648501085,0.9469479412887822
p_2000,t3_1qazk6,t1_cdb0lr2,t1_cdbddq0,5.063785470502917,4.953612814832181,0.11017265567073586
p_2002,t3_1q82wf,t1_cda644z,t1_cda826v,4.648193030019089,4.839420253443468,-0.19122722342437903
p_2003,t3_1q5w5k,t1_cd9kwdu,t1_cd9kc11,4.553628866202264,4.615109525084058,-0.06148065888179399
p_2004,t3_1q5w5k,t1_cd9l1k7,t1_cd9kc11,4.44426593277662,4.615109525084058,-0.17084359230743829
p_2005,t3_1q4sao,t1_cd97j4q,t1_cd960cn,5.094057332986144,4.43624746990111,0.657809863085034
p_2007,t3_1q261p,t1_cd8g07m,t1_cd8gyhg,4.884874815367366,4.865490597466879,0.01938421790048661
p_2008,t3_1q0s26,t1_cd87o5o,t1_cd81q6y,4.6240054157077095,4.77333782754031,-0.14933241183260026
p_2009,t3_1q0fp2,t1_cd8calk,t1_cd7yekn,4.677264953579218,4.033064281288813,0.6442006722904052
p_2010,t3_1q01e8,t1_cd7t14x,t1_cd7zdia,4.592417369742403,4.139485541441317,0.4529318283010859
p_2012,t3_1pyt0c,t1_cd9eqz1,t1_cd7z0cm,4.665204437687603,3.802670158890081,0.8625342787975216
p_2013,t3_1pwwvj,t1_cd6wnyq,t1_cd6y877,4.431241398700807,5.053597972645938,-0.6223565739451313
p_2017,t3_1pux5t,t1_cd6evv3,t1_cd6cpnj,4.806773074173768,4.721962868488222,0.08481020568554598
p_2018,t3_1ptwcr,t1_cd60rgh,t1_cd63zq4,3.969761092774667,3.771934450829746,0.19782664194492128
p_2021,t3_1pt86v,t1_cd5s3dd,t1_cd5rwd6,4.3569610520930455,4.332619441058591,0.024341611034454758
p_2022,t3_1ps084,t1_cd5dy25,t1_cd5f1y4,4.018473973867402,3.5792475399848382,0.43922643388256377
p_2023,t3_1prxpn,t1_cd5d4w9,t1_cd5dujp,4.277092689304768,3.7876680611213005,0.4894246281834671
p_2024,t3_1prkvt,t1_cd5q43p,t1_cd5p13p,5.360243587331106,4.7156349651905956,0.6446086221405105
p_2025,t3_1prhkh,t1_cd595rw,t1_cd5datb,4.133888959594819,4.086083275603197,0.04780568399162277
p_2026,t3_1pqyv7,t1_cd536p8,t1_cd565uh,4.929708971157931,4.750861800278963,0.17884717087896806
p_2030,t3_1pomjr,t1_cd4gee8,t1_cd4in2k,4.559709982042373,3.8758384365035328,0.6838715455388407
p_2031,t3_1pocaz,t1_cd4bjgk,t1_cd4c2wr,4.4892989240757535,3.9148069902048155,0.574491933870938
p_2032,t3_1pmhql,t1_cd4a1wc,t1_cd3v545,4.746261039633446,3.843052728973904,0.9032083106595423
p_2033,t3_1pkngi,t1_cd3p5gz,t1_cd43pdi,4.461577794211253,4.47244033986612,-0.010862545654866551
p_2035,t3_1pj0co,t1_cd2vnaa,t1_cd32tjh,5.1249391189082765,4.373937922848527,0.7510011960597494
p_2042,t3_1pdul1,t1_cd2og2j,t1_cd1d692,5.44380261388099,5.495162553867639,-0.05135993998664912
p_2044,t3_1pclk6,t1_cd17lfv,t1_cd106w4,4.241438078267582,4.557553489171088,-0.3161154109035058
p_2046,t3_1pacrh,t1_cd0cttu,t1_cd0ctfp,4.358515358839412,4.1554694027100645,0.20304595612934762
p_2047,t3_1p7ojf,t1_cczl7sy,t1_ccznfv7,4.1310722419754775,4.159352024512943,-0.028279782537465437
p_2048,t3_1p7bao,t1_cczlh8c,t1_cczir1i,4.6602460439616555,4.511190573063114,0.1490554708985412
p_2049,t3_1p6fts,t1_ccz983e,t1_cczb06s,4.685370698313875,4.00547435510965,0.6798963432042253
p_2050,t3_1p4x72,t1_ccysbbf,t1_ccysnss,4.467774203296073,4.598531095724034,-0.13075689242796162
p_2051,t3_1p0cwf,t1_ccxh3kc,t1_ccxfymz,4.728305711045958,4.003766425450111,0.7245392855958466
p_2055,t3_1ozb3s,t1_ccx9s2j,t1_ccxbwo9,4.352035247378946,4.47647806325045,-0.12444281587150474
p_2056,t3_1oz5lq,t1_ccx7aaw,t1_ccxafc2,3.894102575384981,4.362524594192148,-0.4684220188071673
p_2057,t3_1oyy6b,t1_ccxhhv9,t1_ccx2xpw,4.695542193817356,4.641020907161925,0.05452128665543032
p_2059,t3_1owes7,t1_ccwccg2,t1_ccwnrv4,4.9719523936675145,4.305438859868654,0.6665135337988604
p_2060,t3_1ow6zk,t1_ccw91og,t1_ccw92p0,5.004665331306327,4.268220036579698,0.7364452947266296
p_2062,t3_1ovrv9,t1_ccw51st,t1_ccw5ptr,4.310029748458717,4.6501297735544345,-0.34010002509571713
p_2063,t3_1ovrv9,t1_ccw6450,t1_ccw5ptr,4.082202191387476,4.6501297735544345,-0.5679275821669583
p_2064,t3_1otx5t,t1_ccvntps,t1_ccvkmsp,4.469484293113306,5.224264333731793,-0.7547800406184875
p_2065,t3_1otp1b,t1_ccvhvrl,t1_ccvi2vt,4.724462084389717,4.82490343875087,-0.10044135436115287
p_2066,t3_1osr3n,t1_ccvjj1n,t1_ccv833c,3.77874378256775,4.463246798917784,-0.6845030163500341
p_2067,t3_1orrrs,t1_ccvj1c4,t1_ccv4ank,5.156360137811247,4.783959507186824,0.37240063062442275
p_2068,t3_1or8lr,t1_ccusett,t1_ccuruyz,4.789511078437664,3.7208411031380826,1.0686699752995819
p_2069,t3_1or8lr,t1_ccutak2,t1_ccuruyz,4.778503135258429,3.7208411031380826,1.0576620321203465
p_2070,t3_1ooyb1,t1_ccu41n1,t1_ccu4kfo,5.0053898106488655,4.472739111747566,0.5326506989012998
p_2071,t3_1onshz,t1_cctslvq,t1_ccttjcb,5.137642191774101,4.938855734832849,0.19878645694125208
p_2072,t3_1onlj1,t1_ccts88g,t1_cctr8zg,5.230956633601181,5.129284226568859,0.10167240703232228
p_2073,t3_1onlj1,t1_ccu8ayh,t1_cctr8zg,5.521819325997665,5.129284226568859,0.39253509942880616
p_2074,t3_1on8j3,t1_cctmaun,t1_cctugxw,4.995715896765316,4.999252733795655,-0.003536837030338802
p_2075,t3_1on0dg,t1_cctkuyk,t1_cctp521,4.956277410251971,4.618725298165386,0.337552112086585
p_2076,t3_1on0dg,t1_cctncfz,t1_cctq519,4.148759532415591,3.67692568382543,0.471833848590161
p_2078,t3_1omnis,t1_ccthnrm,t1_cctnmc9,4.368717174287662,5.315726708994526,-0.9470095347068641
p_2079,t3_1okrb7,t1_cct05wy,t1_ccswjh5,4.5571001915421885,4.43856975742468,0.11853043411750885
p_2080,t3_1ok44s,t1_ccsqf0e,t1_ccsqryz,3.568554933181637,4.31538802263156,-0.7468330894499231
p_2081,t3_1oj3p9,t1_ccsggop,t1_ccsf2i1,5.181674115932117,5.023052017061928,0.15862209887018963
p_2082,t3_1oix5b,t1_ccsopjf,t1_ccsdc7b,4.298314433815985,3.67269783589017,0.6256165979258155
p_2083,t3_1ohh43,t1_ccs14vq,t1_ccs087t,4.096860516842375,4.831597620756317,-0.7347371039139423
p_2084,t3_1ofi5m,t1_ccrjxvz,t1_ccrkq5s,3.8214126424857926,4.150802166560867,-0.3293895240750744
p_2085,t3_1off27,t1_ccroh74,t1_ccrsxqd,4.63652929519787,5.135802289554391,-0.49927299435652106
p_2086,t3_1off27,t1_ccrtt7v,t1_ccrndad,4.846029343913353,3.8237250521256287,1.0223042917877239
p_2087,t3_1oee4l,t1_ccrfxpy,t1_ccrhx5q,4.959258262464461,4.74965688631128,0.20960137615318075
p_2088,t3_1oe5hc,t1_ccr69ni,t1_ccr52rk,4.813581262389214,4.525121665780903,0.2884595966083108
p_2089,t3_1odlvm,t1_ccr09qw,t1_ccr136f,4.174149967499473,4.337049590450691,-0.16289962295121807
p_2091,t3_1o8avl,t1_ccpruq6,t1_ccpueez,4.101061832711379,3.4796049116116974,0.6214569210996812
p_2093,t3_1o7aa8,t1_ccqapn6,t1_ccq12oe,4.482602387530482,4.658670273069861,-0.17606788553937847
p_2096,t3_1o5c1a,t1_ccp27y8,t1_ccoz699,3.6790613580723486,3.8567103360260115,-0.17764897795366297
p_2097,t3_1o5321,t1_ccp3x7x,t1_ccq3lo4,4.674465235340019,4.007118120290754,0.6673471150492647
p_2098,t3_1o3jlp,t1_ccoi13b,t1_ccoyngj,4.4949787559753345,3.9078261413323565,0.587152614642978
p_2099,t3_1o2tau,t1_ccoc092,t1_ccofru6,4.7441346825950825,4.668481548343739,0.07565313425134335
p_2100,t3_1o24hh,t1_cco736j,t1_ccoc4gk,4.605050629134699,4.104973306994691,0.5000773221400081
p_2102,t3_1nzucd,t1_ccnrlhj,t1_ccnphhf,4.9105649015573665,4.718161059686351,0.19240384187101522
p_2103,t3_1ny6k8,t1_ccn5pat,t1_ccn8dgu,5.186637404515208,4.5899146159988655,0.5967227885163426
p_2104,t3_1ny38x,t1_ccn5uqg,t1_ccn4dy5,5.014204244661292,4.836193219119585,0.1780110255417071
p_2105,t3_1nwpae,t1_ccmrf9r,t1_ccmt0m5,4.5991372626799265,4.178553831284979,0.4205834313949479
p_2107,t3_1ntspd,t1_cclyzpy,t1_ccm05d5,4.395507540668388,4.767100222490999,-0.3715926818226114
p_2109,t3_1ntobs,t1_cclywzr,t1_ccma5pl,4.292144191360442,3.915997713375856,0.37614647798458556
p_2111,t3_1nrv36,t1_cclsxnj,t1_cclgi1r,4.913108417773288,4.949141577132837,-0.03603315935954843
p_2112,t3_1nqms4,t1_ccl8rf4,t1_ccl7xo5,5.398477502073613,4.650503075429062,0.7479744266445509
p_2113,t3_1nqms4,t1_cclbk5y,t1_ccl66vn,4.990559285391959,4.243594879312903,0.7469644060790559
p_2116,t3_1np3ni,t1_cclh1r6,t1_cckxr1k,4.371701113839268,4.300598498610999,0.071102615228269
p_2118,t3_1nn68m,t1_cckc1k4,t1_cck59bw,4.2880064317186335,3.6993394936967956,0.5886669380218379
p_2119,t3_1nkqn7,t1_ccjhnln,t1_ccjhz72,5.221858379712077,4.768901183145421,0.4529571965666559
p_2121,t3_1nj6q6,t1_ccj3wew,t1_ccj20in,5.070395026357557,4.139234586745519,0.9311604396120376
p_2122,t3_1nixjm,t1_ccj4a7h,t1_ccj2t1v,5.056448342985036,4.416276994147196,0.64017134883784
p_2123,t3_1nichn,t1_ccj007d,t1_cciuejb,5.198606647104424,4.342829399264037,0.8557772478403871
p_2124,t3_1nichn,t1_ccizsq8,t1_ccj7g5s,4.312597065371574,4.306158396459315,0.006438668912259082
p_2125,t3_1ni9rr,t1_ccj1rba,t1_ccitwf4,4.534820764770104,4.525180412503854,0.00964035226625004
p_2126,t3_1ni983,t1_cciz076,t1_cciwjvy,4.799148346742971,4.117479407109159,0.6816689396338118
p_2127,t3_1nhxca,t1_ccisqrm,t1_ccirnyo,5.037260504916231,4.904270670732615,0.13298983418361665
p_2128,t3_1nhifl,t1_ccinn6v,t1_ccincyk,4.017426986361503,4.4975649962234465,-0.48013800986194344
p_2130,t3_1ng8mo,t1_ccidw4s,t1_ccidsew,4.084956471211561,3.6836098255364043,0.4013466456751571
p_2132,t3_1ncxna,t1_cchh67n,t1_cchgksg,4.70790753613406,4.266127427626021,0.4417801085080395
p_2133,t3_1ncq4g,t1_cchg2hg,t1_cchn5ve,5.159471859409644,4.4087403905840565,0.7507314688255873
p_2135,t3_1n8s63,t1_ccge5q7,t1_ccgkhcd,4.928148793341056,4.637344688485177,0.29080410485587915
p_2136,t3_1n8542,t1_ccg95kd,t1_ccg99tj,4.86322938507184,4.817159840393188,0.04606954467865165
p_2137,t3_1n6bmg,t1_ccgdc5o,t1_ccfzlcw,4.380915364617107,4.649078494556736,-0.2681631299396292
p_2139,t3_1n5lqn,t1_ccfncrg,t1_ccfnbjw,4.5765611126204115,4.547511178643182,0.029049933977229436
p_2140,t3_1n5lqn,t1_ccfq99c,t1_ccfob65,4.570331331619186,4.643285003093924,-0.07295367147473808
p_2141,t3_1n5lqn,t1_ccfqxqv,t1_ccfpzon,4.102895567984749,4.066296781113633,0.036598786871116396
p_2142,t3_1n4xai,t1_ccfhgkp,t1_ccfg5if,4.388986530715823,4.203918282590344,0.1850682481254795
p_2144,t3_1n3wo2,t1_ccf9dhu,t1_ccf565b,4.123735837691456,4.164197064949084,-0.04046122725762835
p_2145,t3_1n3wo2,t1_ccfdwg9,t1_ccfhdpo,4.828468080295108,4.76378886559114,0.06467921470396831
p_2147,t3_1n3wo2,t1_ccfmxhg,t1_ccffwtl,5.144009039117813,5.0533543574974,0.09065468162041235
p_2146,t3_1n3wo2,t1_ccfmost,t1_ccfdvsg,3.9457674530191236,4.389167453579884,-0.4434000005607608
p_2149,t3_1n0a5y,t1_cceltkh,t1_cce9tgv,4.062350481627917,4.658009099802234,-0.5956586181743173
p_2150,t3_1mxo4i,t1_ccdoxu0,t1_ccdla5i,4.902570036689047,4.340553627316074,0.5620164093729736
p_2151,t3_1mxf26,t1_ccdidvp,t1_ccdnuec,4.535317961873251,4.471825610902177,0.06349235097107453
p_2152,t3_1mvpmi,t1_ccd1q5w,t1_ccd6xyi,4.288240279754159,3.896485584256991,0.39175469549716757
p_2153,t3_1mv3g3,t1_cccxjd9,t1_cccvmip,4.556562705626748,4.107693524234812,0.44886918139193543
p_2154,t3_1mv3g3,t1_cccwow7,t1_ccd56i2,5.319500435781493,4.716495944115289,0.6030044916662041
p_2155,t3_1mv3g3,t1_ccd581r,t1_ccd3k4q,4.834131029021712,4.003699219015727,0.8304318100059858
p_2157,t3_1ms5h6,t1_ccc5hfa,t1_cccbr1n,5.0961818160098735,5.342713873172693,-0.24653205716281956
p_2158,t3_1ms5h6,t1_ccc4apy,t1_ccc3e49,4.1240091160415915,4.1203249023037305,0.0036842137378609863
p_2159,t3_1ms5h6,t1_ccc4zc0,t1_ccc6q8t,3.7798621843426394,4.388467388431571,-0.6086052040889314
p_2160,t3_1ms5h6,t1_ccc8c0p,t1_ccca28r,4.9062365870240345,5.006499999801531,-0.10026341277749662
p_2161,t3_1ms5h6,t1_ccc849f,t1_ccc5y0d,4.151125484760245,3.9108769226025832,0.24024856215766155
p_2162,t3_1mqh8t,t1_ccbop5x,t1_ccbnoar,5.0980278319143695,3.8100915875570855,1.287936244357284
p_2163,t3_1mqfmi,t1_cccdkog,t1_ccbqtty,5.296425681968933,4.593397582071276,0.703028099897657
p_2164,t3_1mq464,t1_ccbkgg8,t1_ccbrs5p,4.848170968086979,4.690892386779393,0.15727858130758587
p_2165,t3_1mor68,t1_ccbewh1,t1_ccbhzik,5.055951597234837,4.969967286708382,0.08598431052645505
p_2166,t3_1mkkiu,t1_cca3jqo,t1_ccahv7s,4.374162793701447,4.006106976894331,0.3680558168071162
p_2170,t3_1micrr,t1_cc9iise,t1_cc9i0l2,5.168785770348596,4.0543854388784055,1.1144003314701907
p_2171,t3_1mhox4,t1_cc9cr45,t1_cc9ewi1,4.467900887711582,4.341868258411636,0.12603262929994585
p_2175,t3_1mcs7s,t1_cc7zre6,t1_cc7zm90,5.016665617068432,5.193216448195182,-0.1765508311267503
p_2176,t3_1mcs7s,t1_cc80xcj,t1_cc7yshf,5.324447103504281,4.581681602007486,0.7427655014967947
p_2177,t3_1mcgyq,t1_cc81pge,t1_cc833kb,3.8805840104476044,4.077728242239473,-0.19714423179186902
p_2178,t3_1mc6y7,t1_cc7v8d9,t1_cc7wspd,4.889696849990524,4.181482913605889,0.7082139363846354
p_2179,t3_1mc6y7,t1_cc7uvd2,t1_cc7vp54,4.377968466401447,4.349224582880547,0.028743883520900404
p_2180,t3_1mbqhy,t1_cc7pp5t,t1_cc7odp3,4.930115142605199,4.07983435367991,0.8502807889252884
p_2183,t3_1ma1o7,t1_cc779hk,t1_cc779ih,4.782032922866952,4.295608616298232,0.48642430656872016
p_2184,t3_1m9bf6,t1_cc71e1c,t1_cc71cv0,4.39751511217575,4.1822096615120214,0.21530545066372841
p_2185,t3_1m7r92,t1_cc6nj16,t1_cc6k9ln,5.101306415440078,4.571760813813089,0.5295456016269888
p_2186,t3_1m5nls,t1_cc65afh,t1_cc60rdt,5.425143077182105,5.03103426706044,0.394108810121665
p_2187,t3_1m5ckr,t1_cc65v0o,t1_cc5yz4a,4.904912084397331,4.492479039080144,0.4124330453171874
p_2188,t3_1m4ncj,t1_cc6f4wf,t1_cc62exc,3.676112209777718,4.06445042240792,-0.38833821263020196
p_2189,t3_1m4j0f,t1_cc5pidn,t1_cc5prn9,4.353758591849334,4.8817060813688915,-0.5279474895195575
p_2190,t3_1m3uw1,t1_cc5jurv,t1_cc5i9r4,4.624706096557766,4.034322951454822,0.590383145102944
p_2193,t3_1m2ol2,t1_cc586c8,t1_cc583f9,4.721871241186392,4.086501325405301,0.6353699157810908
p_2192,t3_1m2ol2,t1_cc583n9,t1_cc58qz9,4.764054774527164,4.248187706246394,0.5158670682807696
p_2194,t3_1m2c8d,t1_cc53f9v,t1_cc57ndo,4.701759840269555,3.9807964935089366,0.7209633467606187
p_2195,t3_1lyzc3,t1_cc4fofp,t1_cc4e0cy,4.87319483384776,4.6707864739342355,0.2024083599135249
p_2196,t3_1lykde,t1_cc4218e,t1_cc433r7,4.528245901694218,4.623010412229556,-0.09476451053533808
p_2198,t3_1lxn1p,t1_cc3sszy,t1_cc3tpy6,4.959242338724896,4.971711050450459,-0.012468711725563075
p_2199,t3_1lvnj6,t1_cc37s7x,t1_cc3b2kq,4.620969307999628,3.5756433573558963,1.0453259506437318
p_2200,t3_1lt0gt,t1_cc2od32,t1_cc2gt9x,4.835292653697435,4.994228473585752,-0.15893581988831684
p_2201,t3_1ls55r,t1_cc274w7,t1_cc28zrg,4.630802917364944,4.675415704101596,-0.0446127867366517
p_2203,t3_1lpmle,t1_cc1kppg,t1_cc1ka02,5.237248218027998,4.898429846449758,0.33881837157823913
p_2205,t3_1lpfcx,t1_cc1hmy1,t1_cc1xwz2,4.979803968560863,4.771567447861528,0.20823652069933463
p_2206,t3_1lp8a5,t1_cc1fjpt,t1_cc1ftud,5.157064081665311,4.080957052947839,1.0761070287174723
p_2207,t3_1lni37,t1_cc102pd,t1_cc0yjrr,3.5851191891759355,4.397386549222344,-0.8122673600464085
p_2208,t3_1ln8b5,t1_cc0x96h,t1_cc0vugf,3.8719135376664946,4.316755389108866,-0.4448418514423711
p_2212,t3_1lm1eb,t1_cc0l23w,t1_cc0x7m8,3.7714828425380933,4.511119166412886,-0.7396363238747927
p_2213,t3_1lkz0j,t1_cc0ekn0,t1_cc0d09x,3.9981582484180342,3.906012652814885,0.09214559560314939
p_2214,t3_1lkxku,t1_cc0b6tb,t1_cc0c4yb,4.496646928429807,3.8421150697964834,0.6545318586333235
p_2215,t3_1lkxku,t1_cc0nc73,t1_cc0gh2n,5.051716527196122,4.348760375476533,0.7029561517195893
p_2218,t3_1lklmg,t1_cc06dl5,t1_cc070hz,4.666484567324269,4.803314268935435,-0.13682970161116614
p_2219,t3_1lklmg,t1_cc0gnzl,t1_cc0b8sj,4.9802853682191,5.10306818474292,-0.12278281652382006
p_2220,t3_1lj77i,t1_cc00mpq,t1_cbzwwyg,5.118830348072226,4.17229463302102,0.9465357150512057
p_2221,t3_1lj1a3,t1_cbzqvmp,t1_cbzslqc,4.04888984769377,4.383614870291244,-0.33472502259747383
p_2224,t3_1lhuz4,t1_cbzddsy,t1_cbze9hp,4.089648579121722,4.180965030528833,-0.09131645140711164
p_2225,t3_1lfrfd,t1_cbysfpy,t1_cbzh8fi,3.824120300973804,3.79722120209013,0.026899098883673922
p_2226,t3_1lfjlx,t1_cbyrmgo,t1_cbyqak5,4.826343665729733,4.066113854355284,0.7602298113744492
p_2227,t3_1lerv8,t1_cbyiaoi,t1_cbyhq86,4.189160819200149,3.6984838871583947,0.4906769320417541
p_2230,t3_1ld6h6,t1_cby2a8w,t1_cby1lsh,4.462228944070073,4.440848328463733,0.021380615606340747
p_2232,t3_1lcywy,t1_cbxzp1t,t1_cby301t,4.0717849194260864,4.9077598492964984,-0.835974929870412
p_2233,t3_1lbwhm,t1_cbxpt3g,t1_cbxs5nk,5.18785390032352,5.313466204562962,-0.12561230423944192
p_2234,t3_1lbmj6,t1_cbxpw34,t1_cbxodyk,5.304274446800047,5.119713658701261,0.1845607880987865
p_2236,t3_1lacd7,t1_cbx94i4,t1_cbx9e6e,5.110404517989769,4.048254359948049,1.06215015804172
p_2237,t3_1la7rw,t1_cbxgs50,t1_cbx89uo,5.434429575253664,4.758067179793745,0.6763623954599192
p_2238,t3_1l90aj,t1_cbwzd68,t1_cbwzbg8,3.8541620793322924,3.7996440852059723,0.05451799412632008
p_2241,t3_1l739z,t1_cbwgckn,t1_cbwhg4q,4.895795837076387,4.372216113152797,0.5235797239235902
p_2242,t3_1l6so4,t1_cbwanvb,t1_cbwejit,4.390162597570151,4.75267807518431,-0.36251547761415903
p_2243,t3_1l6jx5,t1_cbwinoh,t1_cbwci89,5.1431956025678245,4.063243807108468,1.0799517954593565
p_2244,t3_1l5skj,t1_cbw2q93,t1_cbw5e2q,4.5520267242352626,4.721139558945511,-0.16911283471024863
p_2245,t3_1l4zh1,t1_cbvtytr,t1_cbwfrmm,5.073636685790587,4.348579103653626,0.7250575821369605
p_2246,t3_1l4s6s,t1_cbvtme3,t1_cbw349b,4.474205557393591,4.290581166514945,0.1836243908786459
p_2247,t3_1l4s6s,t1_cbvtd9h,t1_cbw1t11,4.178952254765343,4.01577416518152,0.1631780895838224
p_2249,t3_1l48mt,t1_cbvuocw,t1_cbvwhwi,4.25874051794292,4.603100634565717,-0.34436011662279675
p_2252,t3_1l3r2u,t1_cbvi0u6,t1_cbvi11k,4.55500344998818,5.11487566165361,-0.5598722116654296
p_2253,t3_1l3r2u,t1_cbvjfjr,t1_cbvi11k,5.063643223352974,5.11487566165361,-0.05123243830063551
p_2251,t3_1l3r2u,t1_cbvieup,t1_cbvi6i2,5.173090380172214,4.8328916154147326,0.34019876475748134
p_2258,t3_1l39f3,t1_cbvj6st,t1_cbvdl8d,4.810687805026129,4.449319194255401,0.3613686107707279
p_2256,t3_1l39f3,t1_cbvi8i7,t1_cbvetvc,4.833215647938154,5.289942186132293,-0.4567265381941388
p_2257,t3_1l39f3,t1_cbvdnid,t1_cbvf3rq,4.7337094468055865,4.424587784063549,0.30912166274203745
p_2259,t3_1l3115,t1_cbv9wfo,t1_cbva0et,4.0286724263271365,3.748433584077521,0.2802388422496156
p_2260,t3_1l2ixq,t1_cbvbxs8,t1_cbv59md,4.663946965224475,4.511183807915065,0.15276315730941015
p_2261,t3_1l09gg,t1_cbuio96,t1_cbugz8z,4.843742495036381,4.232109415532785,0.611633079503596
p_2262,t3_1kzxcm,t1_cbuf9oo,t1_cbuiv91,5.224223587737023,4.844308082910919,0.37991550482610403
p_2265,t3_1kye6l,t1_cbtvo8l,t1_cbtvkil,4.756672681552038,4.521544527179149,0.23512815437288914
p_2266,t3_1kye6l,t1_cbtwkat,t1_cbtwnnn,4.879252692632611,4.743146625474534,0.13610606715807716
p_2268,t3_1kye6l,t1_cbtzwlt,t1_cbtwnnn,4.801280518558786,4.743146625474534,0.05813389308425254
p_2267,t3_1kye6l,t1_cbtzgqh,t1_cbtwnnn,5.050066645479886,4.743146625474534,0.3069200200053519
p_2269,t3_1kxyyv,t1_cbtru4t,t1_cbtrv0z,4.810751241401743,4.112942820891349,0.6978084205103938
p_2270,t3_1kxyyv,t1_cbtr9p6,t1_cbtrv0z,4.17894481867461,4.112942820891349,0.06600199778326132
p_2271,t3_1kxyyv,t1_cbtu5q5,t1_cbtrrbq,4.875490688112724,3.676239530404012,1.1992511577087122
p_2272,t3_1kxyyv,t1_cbu7zd4,t1_cbtrv0z,4.518082732394996,4.112942820891349,0.4051399115036469
p_2275,t3_1kwoib,t1_cbtku99,t1_cbtll2e,4.100173532991909,4.424617132245011,-0.32444359925310184
p_2274,t3_1kwoib,t1_cbteqkq,t1_cbtlv0w,4.510395222468898,4.112245022970329,0.398150199498569
p_2276,t3_1kwewh,t1_cbtagyo,t1_cbta7mx,4.5933465900182995,4.002881239173269,0.5904653508450304
p_2278,t3_1ktrbd,t1_cbsiyod,t1_cbsj55w,4.574828996197744,5.08346969477848,-0.5086406985807361
p_2280,t3_1ks6p4,t1_cbsevj6,t1_cbs6oi2,5.032491191650195,4.4602586303648195,0.5722325612853751
p_2282,t3_1kqo2m,t1_cbrp5dn,t1_cbrtmtf,4.163289925011911,4.435409262797365,-0.27211933778545383
p_2283,t3_1kpmvy,t1_cbril3l,t1_cbrg01p,5.281450695981269,5.058864732008093,0.22258596397317554
p_2284,t3_1kplpx,t1_cbs1lbf,t1_cbrbl9b,4.9702695564294785,4.106602864616289,0.8636666918131892
p_2285,t3_1kpcy7,t1_cbrbl5x,t1_cbrbcp0,5.259658580328632,5.348123823111457,-0.08846524278282519
p_2288,t3_1kmwmn,t1_cbqml03,t1_cbqlofq,5.150604912292775,5.289437911832259,-0.13883299953948391
p_2289,t3_1kmr9u,t1_cbqlmoj,t1_cbqkl2t,4.093629574295338,3.734356436095007,0.3592731382003316
p_2290,t3_1klvsk,t1_cbqdd78,t1_cbqjkwj,4.698643376185657,4.055101875377772,0.6435415008078857
p_2291,t3_1klpoz,t1_cbqe15e,t1_cbqay82,4.955855451728654,4.557271038258943,0.3985844134697114
p_2295,t3_1kkzei,t1_cbq19sn,t1_cbq4s14,4.129834370877099,4.0925956426301795,0.037238728246919095
p_2293,t3_1kkzei,t1_cbq6gfx,t1_cbq019j,4.703459581666802,4.139867552119846,0.5635920295469568
p_2294,t3_1kkzei,t1_cbq17si,t1_cbq019j,4.136441838113777,4.139867552119846,-0.003425714006068503
p_2297,t3_1kkvd3,t1_cbpzbps,t1_cbpzant,4.881009720980258,5.228026667177867,-0.34701694619760826
p_2298,t3_1kkvd3,t1_cbpzjlg,t1_cbqba5y,5.474326354553737,5.174233452884472,0.30009290166926483
p_2299,t3_1kkl0k,t1_cbpvqsr,t1_cbpwrwm,4.300908148321892,4.43438738042209,-0.13347923210019808
p_2300,t3_1kjxxx,t1_cbpq618,t1_cbprup5,4.9190264675779565,4.598694983730377,0.32033148384757926
p_2302,t3_1kji31,t1_cbpp0hg,t1_cbpp4cn,4.906379022156134,3.860208475499456,1.0461705466566782
p_2303,t3_1kj8ll,t1_cbpjmas,t1_cbpisrw,5.1055865675007785,4.843877426099254,0.2617091414015249
p_2304,t3_1kj8ll,t1_cbpl5sq,t1_cbpotjh,5.171098086026069,4.714475686668097,0.4566223993579719
p_2306,t3_1kic79,t1_cbp88fr,t1_cbp8lam,4.439627673780361,4.827081246820808,-0.3874535730404469
p_2307,t3_1ki40o,t1_cbp9u33,t1_cbp85kd,4.183571483230277,4.664719696388845,-0.48114821315856826
p_2308,t3_1ki1zh,t1_cbp9dea,t1_cbp5nt9,5.137930977278064,5.107208863326987,0.030722113951076935
p_2310,t3_1khlm7,t1_cbp1ln5,t1_cbp1ph1,5.012067398717884,4.648906191058604,0.36316120765927984
p_2311,t3_1kgh0u,t1_cboq4u7,t1_cbooh2r,4.0922164614823995,4.406747415089111,-0.31453095360671135
p_2313,t3_1ke0w4,t1_cbnzi22,t1_cbo6d5s,4.80360679059091,4.673199044092641,0.13040774649826936
p_2314,t3_1ke0w4,t1_cbo3zx9,t1_cbo5iau,5.732357268075074,5.4600771353202395,0.2722801327548341
p_2316,t3_1kdlwj,t1_cbnxd5h,t1_cbnvo71,4.848698837051294,4.433495214640766,0.41520362241052755
p_2319,t3_1kcd3m,t1_cbnhq6g,t1_cbni0el,4.202065257790188,4.21092306157819,-0.008857803788002272
p_2320,t3_1kbzmn,t1_cbng0go,t1_cbnipaa,4.774030522109211,4.762090640176763,0.011939881932447882
p_2323,t3_1kag5w,t1_cbn0mxn,t1_cbmzov5,5.074093591351819,4.6384893088000485,0.4356042825517701
p_2324,t3_1kabrs,t1_cbmzr37,t1_cbn67aw,4.327126436306037,3.939531364113601,0.38759507219243616
p_2325,t3_1ka5uj,t1_cbmyev9,t1_cbmxfh8,4.802569582007161,4.739524107440807,0.06304547456635401
p_2327,t3_1k9jlv,t1_cbmxvcd,t1_cbmuvxx,4.543447766890485,3.939818207097932,0.603629559792553
p_2328,t3_1k6xfn,t1_cbm0lyq,t1_cbm3nd0,4.146648923077363,4.130212329850214,0.016436593227148855
p_2329,t3_1k6i9t,t1_cblyg6g,t1_cblyvvv,5.122418532221987,4.786482257737274,0.3359362744847134
p_2330,t3_1k5pd2,t1_cbln0wk,t1_cblry91,4.949552676321839,4.8956016234423645,0.05395105287947466
p_2331,t3_1k5c52,t1_cblj535,t1_cbll85k,4.613560530106499,4.713814735479166,-0.10025420537266694
p_2332,t3_1k5c52,t1_cblu6s5,t1_cblltll,4.737048555888706,4.095247964447328,0.6418005914413785
p_2333,t3_1k4u9p,t1_cbldzfo,t1_cblfrem,3.5384540269133176,3.6692859818983807,-0.13083195498506317
p_2334,t3_1k3fd5,t1_cbkz187,t1_cblb6qd,4.8709710635745305,5.116577052005284,-0.24560598843075354
p_2335,t3_1k3fd5,t1_cbl0mqo,t1_cbl14ki,5.336194033298751,5.538454410262322,-0.20226037696357047
p_2336,t3_1k394r,t1_cbl39x0,t1_cbkxpz4,4.699570968433562,3.9302026424807854,0.7693683259527768
p_2337,t3_1k2ucr,t1_cbl0joo,t1_cbl04y4,4.711337710287052,4.507756709159312,0.20358100112773947
p_2338,t3_1k2m9c,t1_cbku0j5,t1_cbkqfau,4.592831457459208,4.336172516299554,0.25665894115965404
p_2339,t3_1k1bz3,t1_cbkdhyg,t1_cbkd9lg,4.535632177793904,3.960341721259734,0.5752904565341699
p_2340,t3_1k12l4,t1_cbk9xjc,t1_cbkfcm9,4.395015979654534,4.125246934392906,0.26976904526162837
p_2341,t3_1k0rar,t1_cbk9gjo,t1_cbk70ve,4.342749040901358,4.137474396933563,0.2052746439677957
p_2343,t3_1k0o35,t1_cbk7t0b,t1_cbk5xan,3.9562864228606816,4.092977693135042,-0.13669127027436057
p_2346,t3_1jxenp,t1_cbjhhbv,t1_cbjh4y3,5.179545321784671,4.462208011709486,0.7173373100751848
p_2348,t3_1jxb7d,t1_cbj7ksk,t1_cbjiqx2,4.540262889102835,4.859315025725389,-0.31905213662255427
p_2349,t3_1jxb7d,t1_cbj8nos,t1_cbjiqx2,5.2072169236197166,4.859315025725389,0.34790189789432713
p_2350,t3_1jx75l,t1_cbj6dz7,t1_cbj5su9,4.241204203374562,4.541034448010399,-0.29983024463583696
p_2352,t3_1jx75l,t1_cbj9dmd,t1_cbj5t4n,5.085397309143317,4.9201182087587085,0.16527910038460814
p_2351,t3_1jx75l,t1_cbj8v5p,t1_cbj5t4n,5.313756793946348,4.9201182087587085,0.39363858518763983
p_2353,t3_1jx75l,t1_cbjctxf,t1_cbja2vi,4.43329701050939,4.12041671172,0.3128802987893904
p_2355,t3_1jw0vh,t1_cbj2fl6,t1_cbivzx1,5.16646917311881,5.017583780660015,0.14888539245879517
p_2356,t3_1jukj2,t1_cbihbve,t1_cbifo1m,4.226397355057682,4.401601936735604,-0.17520458167792174
p_2357,t3_1juhcd,t1_cbih6kh,t1_cbiftjn,4.322530531312272,4.538314733929755,-0.215784202617483
p_2358,t3_1jtizm,t1_cbi5iji,t1_cbi4vwr,4.159244334183862,4.107260535857832,0.05198379832603006
p_2359,t3_1jnzxi,t1_cbgl9y6,t1_cbgko2s,4.92126976053809,4.49146893191959,0.4298008286185002
p_2360,t3_1jnzxi,t1_cbgq6ri,t1_cbgmmil,3.9367488905192434,3.745766062414955,0.19098282810428824
p_2361,t3_1jnzxi,t1_cbgrq6w,t1_cbgqs66,3.8556311918646977,3.8689770161101857,-0.013345824245488025
p_2362,t3_1jmadm,t1_cbgfvpm,t1_cbg3jnw,3.594400877286421,3.6190805364362046,-0.02467965914978354
p_2363,t3_1jm5z2,t1_cbg3zbr,t1_cbg1tau,4.566286890504357,4.546374356048852,0.019912534455505337
p_2365,t3_1jl2l0,t1_cbfrj60,t1_cbfqlt5,4.8510673742388555,4.217370242707392,0.6336971315314637
p_2366,t3_1jkp1k,t1_cbfp0g2,t1_cbfoawn,4.3512016596765415,4.221332294980486,0.1298693646960558
p_2367,t3_1jiw0b,t1_cbf6lgo,t1_cbf4sac,4.908706161608179,4.09626646291582,0.8124396986923585
p_2370,t3_1jb0wl,t1_cbcxgu5,t1_cbcy8p6,5.337480410630457,4.2459891229630955,1.0914912876673615
p_2371,t3_1jaqjx,t1_cbctgfc,t1_cbcsn53,4.788968888702471,4.359675075014165,0.42929381368830644
p_2372,t3_1j9xnf,t1_cbcq5wa,t1_cbcvqxh,4.804533423907514,5.445300633873884,-0.6407672099663699
p_2373,t3_1j8dv1,t1_cbc52ax,t1_cbcofch,3.9636521955546624,4.3308924052627615,-0.3672402097080991
p_2374,t3_1j8dv1,t1_cbc65mq,t1_cbcofch,4.063569801624842,4.3308924052627615,-0.26732260363791926
p_2375,t3_1j8dv1,t1_cbc693d,t1_cbcofch,3.7002574627934988,4.3308924052627615,-0.6306349424692628
p_2376,t3_1j8dv1,t1_cbc7rzj,t1_cbcofch,3.764601967836015,4.3308924052627615,-0.5662904374267463
p_2377,t3_1j7p6i,t1_cbbxr56,t1_cbby8gg,4.524964857711219,4.889108512603358,-0.36414365489213907
p_2378,t3_1j5z5p,t1_cbbgma6,t1_cbbghpi,4.7295012023659195,3.4743791278410865,1.255122074524833
p_2379,t3_1j583o,t1_cbba0li,t1_cbbbhg1,4.5889700539514555,4.470207861185923,0.11876219276553268
p_2381,t3_1j3vw4,t1_cbavu90,t1_cbawlm4,3.9605807808438316,4.550712037855361,-0.5901312570115298
p_2384,t3_1j0ghg,t1_cb9w70x,t1_cba1v9x,5.467800770433582,5.055573085267193,0.4122276851663891
p_2385,t3_1j0ghg,t1_cbag4fl,t1_cba1v9x,5.142376609053314,5.055573085267193,0.08680352378612088
p_2387,t3_1j04ik,t1_cb9skkn,t1_cb9rtf6,4.011895936166368,4.167567951826361,-0.15567201565999245
p_2386,t3_1j04ik,t1_cb9ssza,t1_cb9rtf6,4.013395128931877,4.167567951826361,-0.15417282289448409
p_2388,t3_1j012y,t1_cb9qkne,t1_cb9wf8r,4.7063374780647305,4.351328118479276,0.35500935958545465
p_2390,t3_1j00y5,t1_cb9tnv2,t1_cb9rf5x,5.1524672934845315,4.404338450271787,0.7481288432127444
p_2393,t3_1iw2um,t1_cb8lac4,t1_cb8mbl8,3.787037460621341,3.8645004373659146,-0.07746297674457381
p_2402,t3_1is4qd,t1_cb7j9ci,t1_cb7wbhu,4.536031460154364,4.569930076994539,-0.033898616840175144
p_2403,t3_1iqys7,t1_cb7bor5,t1_cb7844x,4.9487410806173635,4.728292770714511,0.2204483099028529
p_2404,t3_1iqys7,t1_cb7gfzl,t1_cb7gxgm,4.867899364774675,4.965383131092424,-0.09748376631774924
p_2405,t3_1ipjv3,t1_cb6tcwm,t1_cb7052e,4.395664729438664,3.812450323174295,0.5832144062643692
p_2406,t3_1ioyfw,t1_cb6negu,t1_cb6p567,3.9042622355495533,4.631180393190815,-0.7269181576412613
p_2408,t3_1io050,t1_cb6z8bd,t1_cb6d59l,4.719678455185081,4.131747861893227,0.5879305932918539
p_2409,t3_1io050,t1_cb6te7v,t1_cb6k495,4.477695976870428,3.849714578054482,0.6279813988159457
p_2410,t3_1inwvh,t1_cb6clxk,t1_cb6b3un,4.806190086539471,4.134133700085429,0.6720563864540416
p_2412,t3_1in64c,t1_cb6akju,t1_cb64t09,4.7841007951287695,4.2519018654165865,0.532198929712183
p_2413,t3_1in3mk,t1_cb6bfkt,t1_cb62n6y,4.850047092213938,4.2913952463122325,0.5586518459017054
p_2415,t3_1iimoi,t1_cb5m28u,t1_cb4v5by,3.624299170328876,3.9280183660903045,-0.3037191957614285
p_2418,t3_1ihnzp,t1_cb4juyf,t1_cb4ukap,4.664888719655761,4.34207948514204,0.3228092345137208
p_2420,t3_1igbwh,t1_cb4649p,t1_cb464hg,4.180149733576538,3.4985211395171785,0.6816285940593598
p_2421,t3_1ied1a,t1_cb3rv5u,t1_cb3p38u,4.800660792039972,4.410198155481082,0.39046263655889035
p_2424,t3_1ib9o8,t1_cb2tz88,t1_cb33du7,4.942897085580798,4.78406955685141,0.15882752872938788
p_2427,t3_1ia9x8,t1_cb2j72l,t1_cb2rlb2,4.794187718456155,4.1977946708707945,0.5963930475853605
p_2429,t3_1ia3zd,t1_cb2lbid,t1_cb2h5ll,4.342840780432428,4.750339170855902,-0.40749839042347435
p_2430,t3_1i94l9,t1_cb28ef0,t1_cb26209,3.4805523684559634,4.148778096181783,-0.6682257277258192
p_2434,t3_1i5tlt,t1_cb1cje7,t1_cb1t7x1,4.30941709242814,3.888045933056449,0.4213711593716907
p_2436,t3_1i4vt4,t1_cb1h533,t1_cb1252u,4.773518921872059,4.0216034358694035,0.7519154860026553
p_2435,t3_1i4vt4,t1_cb13nik,t1_cb16bo0,3.8737428678375303,4.197883091996318,-0.32414022415878785
p_2438,t3_1i2u57,t1_cb0fo0o,t1_cb0gz21,4.231922609177595,4.94318149011283,-0.7112588809352349
p_2439,t3_1i2u57,t1_cb0fbc9,t1_cb0hvyo,4.762700991826295,4.734914802246382,0.027786189579912524
p_2440,t3_1i2oju,t1_cb0dt2p,t1_cb0e4bx,5.005927867432367,3.872747655241384,1.1331802121909824
p_2442,t3_1i11n0,t1_cazz418,t1_cb0464x,4.2608121388059885,3.741881516914697,0.5189306218912915
p_2443,t3_1i11n0,t1_cazy97z,t1_cb0464x,4.316532454218716,3.741881516914697,0.5746509373040185
p_2444,t3_1i0zds,t1_cazx780,t1_cazy8n0,4.788511440808151,4.6624713692380695,0.12604007157008112
p_2445,t3_1i0zds,t1_cb005e0,t1_cb05afm,3.8284841113406154,3.679750944773671,0.14873316656694424
p_2446,t3_1i0zds,t1_cb00x7k,t1_cazy1tv,3.8899068583631213,5.028145536176473,-1.138238677813352
p_2447,t3_1i0zds,t1_cazx7qm,t1_cb0ano0,4.744302330643103,3.9934670577320692,0.7508352729110341
p_2448,t3_1i00hp,t1_cazmh6c,t1_cazmud9,4.459516090265047,4.328045566343153,0.13147052392189362
p_2449,t3_1hzs2p,t1_cazkd1r,t1_cazpzes,4.198719107970126,3.987101925846878,0.21161718212324798
p_2451,t3_1hz0cv,t1_cazgpfl,t1_cazc5lr,4.7769299761106065,3.87973629743237,0.8971936786782364
p_2452,t3_1hxzas,t1_caz1kcn,t1_caz1z09,5.171497994903161,5.01001427966081,0.16148371524235117
p_2453,t3_1hxrtn,t1_caz1hv5,t1_cayzct9,4.850518352088755,4.587443464053915,0.2630748880348399
p_2454,t3_1hxjqk,t1_cayxqwq,t1_cazcc7l,4.5991132190930335,4.536833817877328,0.0622794012157053
p_2455,t3_1hxf9i,t1_cayvh0d,t1_caz1x0o,4.085142186691012,4.294595653572511,-0.20945346688149868
p_2456,t3_1hw3be,t1_cayi1o3,t1_caykf0u,4.364788665778528,4.023102854786305,0.3416858109922236
p_2460,t3_1htdmd,t1_caxqkk2,t1_caxz72q,5.349657385900702,4.87728778295373,0.47236960294697194
p_2461,t3_1ht05v,t1_caxtz6j,t1_caxzvix,5.491361969158486,4.985671629233769,0.5056903399247172
p_2462,t3_1ht05v,t1_caxvc7y,t1_caxzvix,4.699884950563978,4.985671629233769,-0.28578667866979135
p_2463,t3_1hrko3,t1_caxe7v8,t1_cax6nz3,5.157975417353034,4.908984292904121,0.24899112444891358
p_2464,t3_1hrjgc,t1_cax6dff,t1_cax6b4o,4.968377663073186,4.3608311823406645,0.6075464807325215
p_2465,t3_1hraph,t1_cax407i,t1_cax3up7,4.828969961902326,4.630679055565025,0.1982909063373004
p_2467,t3_1hqd66,t1_cax3idc,t1_cawz4oe,5.090247884649685,4.40581846166754,0.684429422982145
p_2468,t3_1hq0v5,t1_cawqmgo,t1_cawqm34,4.53689890306982,4.389384131683516,0.14751477138630342
p_2469,t3_1hp8cm,t1_cawnmau,t1_cawra52,4.221195694768459,4.193030297951213,0.02816539681724528
p_2470,t3_1hp8cm,t1_caws05i,t1_cawsaki,4.801009826175535,4.6523922178007036,0.14861760837483118
p_2472,t3_1hnrv5,t1_cawg0mo,t1_caw90ul,5.351933436948054,4.961796878416965,0.390136558531089
p_2473,t3_1hnmg0,t1_caw4fwf,t1_caw2pvi,4.460459903644221,4.594021144011893,-0.1335612403676718
p_2474,t3_1hnesi,t1_caw5etn,t1_caw1oxb,4.094167574396832,4.8962239782494725,-0.8020564038526405
p_2475,t3_1hmzrg,t1_cavwamg,t1_caw3w4j,4.099285873682719,4.701933715270989,-0.6026478415882695
p_2477,t3_1hmzrg,t1_cavxhoe,t1_cavwx38,4.555736066900254,4.4211253032640165,0.13461076363623725
p_2476,t3_1hmzrg,t1_cavwmqq,t1_cavylue,4.7606183108664215,5.121015332028752,-0.3603970211623304
p_2478,t3_1hm7uw,t1_cavpkpg,t1_cavot1s,5.051187160539564,4.472879938115014,0.5783072224245505
p_2479,t3_1hj6bs,t1_cauxv2z,t1_cauydog,4.763081650770992,4.374457132732744,0.38862451803824793
p_2480,t3_1hilol,t1_cav0vb9,t1_cauv0dj,4.133661970709876,3.736962878567388,0.3966990921424882
p_2482,t3_1hijgw,t1_cauqk4k,t1_cauqjev,4.497684574749412,4.6118580832530425,-0.1141735085036304
p_2484,t3_1hhk6u,t1_caueb77,t1_cauj7mz,4.557981708613661,3.908072480648231,0.6499092279654297
p_2485,t3_1hhk6u,t1_caui6qo,t1_caukhoj,4.312894388797006,4.476277009879879,-0.1633826210828726
p_2486,t3_1hhk6u,t1_cauhmlk,t1_cauj7mz,3.8224493962064208,3.908072480648231,-0.08562308444181044
p_2489,t3_1hc58i,t1_catea2n,t1_casxbel,5.170515462158579,5.1446267567516815,0.025888705406897472
p_2490,t3_1hc0j1,t1_caszio1,t1_casup0b,4.665419019197114,4.043034020076494,0.6223849991206203
p_2494,t3_1hajcc,t1_casg265,t1_casiv8b,4.7175704464214165,4.125437457028241,0.5921329893931757
p_2495,t3_1h9sqe,t1_cas8w59,t1_cas8g4g,4.937131015442301,5.101372422596386,-0.1642414071540852
p_2496,t3_1h9ldb,t1_cas5ysb,t1_cas7mja,4.256520613592495,4.872048865565049,-0.6155282519725542
p_2497,t3_1h9hye,t1_cas4sd4,t1_cas74f3,4.224300338117679,4.687521242189224,-0.4632209040715445
p_2498,t3_1h9hye,t1_casb6t3,t1_cas9uz8,4.611435819166206,5.239832606489281,-0.6283967873230747
p_2499,t3_1h9hye,t1_casew9n,t1_cas88m0,4.3491290140975005,4.488040077387303,-0.13891106328980207
p_2500,t3_1h8lmm,t1_cary5pj,t1_carxthq,5.065298193489179,3.8772018028907453,1.1880963905984334
p_2502,t3_1h6ah2,t1_caredw7,t1_car9nmn,5.004694869525225,5.108218369349487,-0.10352349982426201
p_2505,t3_1h6ah2,t1_caridnc,t1_car9nmn,4.721372510086029,5.108218369349487,-0.3868458592634578
p_2504,t3_1h6ah2,t1_care65c,t1_car9nmn,5.621329803934134,5.108218369349487,0.5131114345846468
p_2503,t3_1h6ah2,t1_card2bl,t1_car9nmn,4.9919712839282235,5.108218369349487,-0.11624708542126339
p_2506,t3_1h63cg,t1_car7qah,t1_care0ds,4.685026876257521,4.553060958192319,0.13196591806520264
p_2508,t3_1h5h5m,t1_car0y9s,t1_cardbx1,4.479258243287467,4.5138528062079795,-0.03459456292051222
p_2509,t3_1h5h5m,t1_car4w5y,t1_car24xz,4.733787494533456,4.476989384463232,0.2567981100702248
p_2510,t3_1h5bo4,t1_car3t1w,t1_car096v,5.405392680609135,4.535078185435555,0.87031449517358
p_2511,t3_1h4fc4,t1_caquh1j,t1_car011b,4.86922308458298,4.444293864307042,0.4249292202759376
p_2513,t3_1h2wxx,t1_caqbfxa,t1_caqen9z,4.5200710373146356,4.2786413005385056,0.24142973677613
p_2514,t3_1h13j4,t1_capskux,t1_capsire,3.9240473006687537,3.352767508161583,0.5712797925071706
p_2516,t3_1h0wi9,t1_capqqek,t1_caq16q7,4.04787941621555,3.763354854762734,0.284524561452816
p_2517,t3_1h0dvp,t1_caplvg0,t1_caplfrl,4.481429321649789,4.374047851662853,0.10738146998693576
p_2518,t3_1h0dvp,t1_capmaqi,t1_caplfrl,4.075472527638032,4.374047851662853,-0.2985753240248208
p_2519,t3_1h0dvp,t1_capljsr,t1_capm2dv,4.31356200511329,5.068976202846325,-0.7554141977330344
p_2520,t3_1gzgyi,t1_capch39,t1_capcztw,5.006613762246386,4.97914416218034,0.027469600066045707
p_2521,t3_1gzgyi,t1_capd988,t1_capcztw,4.810108293731453,4.97914416218034,-0.16903586844888707
p_2522,t3_1gzggd,t1_capcxm0,t1_capga0b,4.475094573130331,3.8383626502651986,0.6367319228651325
p_2523,t3_1gzggd,t1_capc8wf,t1_capc3ac,4.516264208675327,3.8497904235840537,0.6664737850912736
p_2526,t3_1gubei,t1_canwrtx,t1_canwwia,4.616884795112123,4.264635863239435,0.3522489318726878
p_2527,t3_1gubei,t1_cao0mq9,t1_cao4o8w,4.445237393977175,4.496837134940693,-0.051599740963517604
p_2528,t3_1gubei,t1_cao0kka,t1_cao0vy0,4.929492532185632,3.9202772757647146,1.0092152564209176
p_2529,t3_1gtx5u,t1_canrwqs,t1_canrwi1,4.038679622561139,4.129063589493773,-0.09038396693263451
p_2530,t3_1gtewi,t1_canwe7h,t1_cannxmk,4.650625232627422,3.8598387355550527,0.7907864970723693
p_2533,t3_1gs77u,t1_canaax8,t1_canbqse,4.550419843639024,4.735540170819155,-0.1851203271801305
p_2535,t3_1gqrrj,t1_camvlk1,t1_camv6ti,4.578950570177477,4.064453987636936,0.5144965825405405
p_2536,t3_1gqfyr,t1_camsoga,t1_camr1ip,4.8971591166785995,4.582279718900614,0.3148793977779851
p_2537,t3_1go76m,t1_cama3zy,t1_cam5u2v,5.241428999321752,4.555433052384876,0.6859959469368766
p_2538,t3_1go0nk,t1_cam94e3,t1_cam2sp0,5.116706832640685,4.4188878278690344,0.6978190047716506
p_2539,t3_1gndd7,t1_calvf4q,t1_caly3r9,4.543732973124677,4.642276834124433,-0.0985438609997562
p_2542,t3_1gndd7,t1_calw2lu,t1_calzbfi,4.9633943019599505,3.791026209289934,1.1723680926700166
p_2543,t3_1gn5gq,t1_caltt0o,t1_cam4fco,4.909460456900611,4.598430549811121,0.3110299070894902
p_2544,t3_1gn5gq,t1_caluwrn,t1_cam99y3,4.687736854689863,4.551033099544459,0.13670375514540378
p_2546,t3_1gmopb,t1_calpm58,t1_caloeep,4.853453408455739,4.063323411832877,0.7901299966228619
p_2547,t3_1glkkw,t1_caljuen,t1_calho9m,4.167081407355799,4.245279034792284,-0.0781976274364844
p_2548,t3_1gkvdj,t1_cal8gbr,t1_calht6p,5.052640783757406,5.267774839977868,-0.215134056220462
p_2549,t3_1gkvdj,t1_cal9bjy,t1_cal95oe,4.83941404794881,3.8093295141056007,1.0300845338432092
p_2550,t3_1gk7i3,t1_cal9gz2,t1_cakzxzy,5.547376462860493,4.836802088351718,0.7105743745087745
p_2552,t3_1gjdzq,t1_caks2pc,t1_cakv42m,4.6910138630814675,4.471620666521173,0.21939319656029443
p_2553,t3_1ghuhk,t1_cakst8b,t1_cakfe6t,4.77616697809223,4.366720085601477,0.4094468924907533
p_2554,t3_1ghq26,t1_cakd83v,t1_cakbhef,4.442682528218173,4.599920649352773,-0.15723812113460056
p_2556,t3_1gf3p8,t1_cajmk48,t1_cajlq76,4.9019773584466915,4.712309355068894,0.18966800337779777
p_2558,t3_1gekcs,t1_cajgr6p,t1_cajgnqh,3.936817524909488,4.040336526040607,-0.10351900113111867
p_2559,t3_1gdhz9,t1_cajoefo,t1_caj8zpy,4.85267637511479,3.6101948365048786,1.242481538609911
p_2561,t3_1gcmgh,t1_caizgrm,t1_caix4yf,4.311629175634132,4.3595349262363525,-0.047905750602220465
p_2563,t3_1ga9it,t1_caiavmi,t1_caiacwj,4.620932947815357,4.129606309896379,0.491326637918978
p_2564,t3_1ga5u6,t1_caifnvs,t1_caigbsx,4.8308163099051225,4.12634391788378,0.7044723920213425
p_2565,t3_1g98dv,t1_caicko1,t1_cai00w1,5.021042788456999,4.5619522373827746,0.45909055107422425
p_2566,t3_1g912k,t1_cahy4j6,t1_cai00qt,4.592234939034731,4.348082744724607,0.24415219431012414
p_2567,t3_1g8ye7,t1_caiqwaz,t1_caia71j,4.760951082946104,4.395387209966024,0.3655638729800801
p_2568,t3_1g8tam,t1_cahvvfw,t1_cahvh3g,4.7162449677288425,4.5014019384416235,0.214843029287219
p_2569,t3_1g8dms,t1_cahqtw0,t1_cahrjrv,5.261539412702684,4.903559330673345,0.3579800820293393
p_2570,t3_1g4ij0,t1_cagmwe5,t1_cagn2vw,4.176296803390604,4.997340366483689,-0.8210435630930855
p_2571,t3_1g4ij0,t1_cagti1b,t1_cagn2vw,5.333471013605589,4.997340366483689,0.3361306471218999
p_2573,t3_1g0zyi,t1_cafq2a4,t1_cafq68p,4.0670574565976105,5.008680410133858,-0.941622953536247
p_2575,t3_1g0nr4,t1_cafnpu1,t1_cafo41o,4.255727692215155,3.775427861142785,0.4802998310723696
p_2576,t3_1g05un,t1_cafhm9s,t1_cafhkpm,4.330828731757599,3.934281256563546,0.396547475194053
p_2577,t3_1g05un,t1_cafi4wo,t1_cafhkpm,3.974445647928089,3.934281256563546,0.040164391364543306
p_2578,t3_1fze4z,t1_cafajkn,t1_cafb9bx,4.772788338728534,4.870573059871736,-0.09778472114320191
p_2579,t3_1fzbuj,t1_cafam2z,t1_cafeb2o,5.463683013023861,5.329562410937253,0.13412060208660748
p_2580,t3_1fzbuj,t1_cafpf1y,t1_cafeb2o,4.58951557002052,5.329562410937253,-0.7400468409167331
p_2581,t3_1fz6yz,t1_cafa0ej,t1_cafbiew,4.139863520062418,4.248109301805974,-0.10824578174355626
p_2582,t3_1fvef0,t1_caehkc7,t1_caegj92,3.8087785903753977,4.561465813354766,-0.7526872229793682
p_2583,t3_1ftvzl,t1_cadqq2m,t1_cadtuox,3.9811738799747367,3.579843616128293,0.40133026384644355
p_2584,t3_1fthzm,t1_cads3uf,t1_cadpyxu,4.759041043473956,4.65478035984859,0.10426068362536611
p_2585,t3_1fsg25,t1_cadecc8,t1_cadh9xp,5.264577323929956,4.819637829787802,0.4449394941421536
p_2586,t3_1fsg25,t1_cadcq9r,t1_cadfxhh,4.378394417035256,4.349031748438113,0.02936266859714287
p_2589,t3_1fqxs6,t1_cacz78q,t1_cad0uj4,5.495395039034223,4.918561894197228,0.5768331448369954
p_2590,t3_1fpnku,t1_cacm10c,t1_cacyujo,5.089728446956391,4.138342415604831,0.9513860313515599
p_2592,t3_1fl90i,t1_cabjfyp,t1_cabh6n4,4.852681289613184,4.8993936381914045,-0.04671234857822082
p_2594,t3_1fkqyp,t1_cab9l3c,t1_cab7rfj,5.364624248881024,4.7380393617745575,0.6265848871064668
p_2596,t3_1fjzw1,t1_cab14u9,t1_cabbfp2,5.1772036866469735,4.353149221679168,0.8240544649678059
p_2597,t3_1fjy6l,t1_cabf966,t1_cab0k1n,5.203792840949121,4.5813610645743585,0.6224317763747624
p_2598,t3_1fjy6l,t1_cabcutd,t1_cabche6,4.353300752866615,4.1071822505630085,0.24611850230360677
p_2599,t3_1fj2qs,t1_caar36f,t1_caas3s0,4.319022949956802,3.9855327844888424,0.3334901654679592
p_2600,t3_1fi40v,t1_caahiii,t1_caahjdz,5.065431784250944,4.477462080420248,0.5879697038306961
p_2601,t3_1fi40v,t1_caai66k,t1_caahj8x,4.773177991662688,4.5096762933346035,0.2635016983280849
p_2603,t3_1fh2ge,t1_caa6pnq,t1_caaaphg,4.4429214375636095,4.506539903623228,-0.0636184660596184
p_2604,t3_1fgwoe,t1_caadxv7,t1_caaa1fu,4.430670233499181,3.9856536140836862,0.44501661941549475
p_2606,t3_1felg8,t1_ca9jegt,t1_ca9j1g5,4.418879434513154,4.093745906742996,0.32513352777015747
p_2607,t3_1fdu9t,t1_ca9jfv7,t1_ca9emjy,4.630502838157396,4.48073414922705,0.14976868893034556
p_2608,t3_1fdqr9,t1_ca9b99t,t1_ca997cz,3.7932106658450837,4.217717048299793,-0.4245063824547093
p_2609,t3_1fbyld,t1_ca8s1d1,t1_ca92m1w,3.4716721579182135,3.5793123587593714,-0.10764020084115788
p_2610,t3_1fakkk,t1_ca8gu3m,t1_ca8gpeh,4.497450739804113,4.546410469018378,-0.048959729214264947
p_2613,t3_1f9bqn,t1_ca85ryy,t1_ca81ox0,4.614936800338848,4.862837236579312,-0.24790043624046465
p_2619,t3_1f3fkz,t1_ca6ix69,t1_ca6j47b,5.094375574309185,4.330461073452033,0.7639145008571528
p_2621,t3_1f378x,t1_ca6d9pg,t1_ca6d9s8,4.37540232120262,4.721135661841686,-0.34573334063906547
p_2624,t3_1f08yy,t1_ca5jdzb,t1_ca5nkp8,4.520009011634013,4.985704783263854,-0.4656957716298411
p_2625,t3_1f08yy,t1_ca5jcz6,t1_ca5nkp8,,4.985704783263854,
p_2627,t3_1eyhc9,t1_ca511j6,t1_ca514mx,4.6170045190861995,4.206979410135973,0.4100251089502267
p_2628,t3_1eyhc9,t1_ca54mod,t1_ca514mx,4.227030721227474,4.206979410135973,0.02005131109150149
p_2629,t3_1evztt,t1_ca4bru8,t1_ca4e1xc,4.68189204978839,4.021736179784727,0.6601558700036625
p_2631,t3_1er14x,t1_ca2wy31,t1_ca2w8zb,5.039594919962589,4.182627369621515,0.8569675503410741
p_2632,t3_1er14x,t1_ca2wyds,t1_ca2w8zb,4.7514056760623,4.182627369621515,0.5687783064407848
p_2633,t3_1eqzdv,t1_ca2xas3,t1_ca2vznl,4.077559456613643,4.119256648872431,-0.04169719225878854
p_2634,t3_1eqzdv,t1_ca31l47,t1_ca2vznl,4.354531699001014,4.119256648872431,0.23527505012858274
p_2636,t3_1eqpep,t1_ca2wutl,t1_ca2vk92,4.597988148550161,5.214138983408093,-0.6161508348579323
p_2637,t3_1enop4,t1_ca26n3f,t1_ca24wnz,4.9129014850932435,4.821050555936987,0.09185092915625681
p_2640,t3_1ekr96,t1_ca18olx,t1_ca1bmet,4.206946102789102,4.562989999274107,-0.356043896485005
p_2642,t3_1ejwsi,t1_ca0z4yj,t1_ca124sd,5.5414308481684476,4.9873649461194995,0.554065902048948
p_2643,t3_1ejwsi,t1_ca14g2z,t1_ca11uac,4.9833168580676785,4.32358521445959,0.6597316436080884
p_2649,t3_1eeqwi,t1_c9zk246,t1_c9zlxhm,4.287171379471554,4.925736510964016,-0.6385651314924621
p_2648,t3_1eeqwi,t1_c9zisf5,t1_c9zjpoy,4.525343117398068,4.529398058265411,-0.004054940867343149
p_2650,t3_1edx91,t1_c9z9hpy,t1_c9zbt49,4.75575995248955,4.124317305767581,0.6314426467219691
p_2651,t3_1edr56,t1_c9z8p9f,t1_c9z9qmk,4.297853152934702,4.548548581939445,-0.2506954290047432
p_2652,t3_1edqbg,t1_c9z7ura,t1_c9zayfy,4.523862656873895,4.861811271581874,-0.33794861470797866
p_2657,t3_1e897d,t1_c9xr4w4,t1_c9xr0vc,4.865953158445406,3.749767975690638,1.1161851827547684
p_2659,t3_1e7fgs,t1_c9xm6o9,t1_c9xlvv7,4.8309118213443405,4.3461233243235275,0.48478849702081295
p_2661,t3_1e7dc0,t1_c9xteak,t1_c9xkdnr,4.515098216260347,4.62895788831425,-0.1138596720539038
p_2663,t3_1e71tp,t1_c9xlk4m,t1_c9xez56,4.614965158448828,4.82453228187331,-0.20956712342448203
p_2664,t3_1e5uet,t1_c9x38yb,t1_c9x7ac3,4.669672049571909,4.467695859591618,0.20197618998029032
p_2666,t3_1e5dod,t1_c9wyrgk,t1_c9wz4h9,3.7511998233882604,4.452427065382137,-0.7012272419938768
p_2667,t3_1e4w3h,t1_c9x0hy8,t1_c9wwhb6,4.852704916056954,4.368165720552876,0.48453919550407765
p_2668,t3_1e4v4u,t1_c9wtome,t1_c9ww06i,4.095613636835623,4.008425368842651,0.08718826799297119
p_2669,t3_1e4gla,t1_c9wpcpk,t1_c9wqjyf,4.3705319813194645,4.794308371890334,-0.42377639057086913
p_2671,t3_1e30x9,t1_c9wfnbb,t1_c9wbvj3,4.755892551231755,5.1045310236133385,-0.34863847238158385
p_2673,t3_1e1yw5,t1_c9wdtql,t1_c9w0hvd,4.62247013004116,4.005240466265419,0.6172296637757411
p_2674,t3_1e0qz1,t1_c9vwslq,t1_c9vruwl,4.813640350736695,4.466618058906976,0.34702229182971944
p_2675,t3_1e0ejy,t1_c9vl8aa,t1_c9vp3i5,5.166735434080322,4.668174802906129,0.49856063117419325
p_2678,t3_1e0dd7,t1_c9vvh9i,t1_c9vmii6,4.230568636469853,4.548278480375599,-0.31770984390574597
p_2676,t3_1e0dd7,t1_c9vn11c,t1_c9vkmsv,4.474319269287753,4.507678419117481,-0.03335914982972721
p_2679,t3_1dzqaz,t1_c9vevvr,t1_c9ves68,4.067628031153682,4.170120578516896,-0.10249254736321411
p_2680,t3_1dyb7o,t1_c9v8bw6,t1_c9v7j0n,3.80104183521441,4.379809667931764,-0.5787678327173538
p_2681,t3_1dy3sl,t1_c9uym99,t1_c9uxyzk,5.250685632406251,4.3307615241702475,0.9199241082360032
p_2683,t3_1dx9dj,t1_c9ut84g,t1_c9v8b9b,4.598010383111811,4.824677124044534,-0.226666740932723
p_2684,t3_1dx9dj,t1_c9uvfc4,t1_c9usq08,5.331006710297399,4.633342404502467,0.6976643057949321
p_2685,t3_1duzzk,t1_c9u8l52,t1_c9u8yoe,5.425294050814505,4.609303118171298,0.8159909326432064
p_2688,t3_1drv8o,t1_c9twcr8,t1_c9tdt5r,4.038523737045279,4.529951581444415,-0.4914278443991362
p_2690,t3_1dro9y,t1_c9t93tz,t1_c9tb0nm,4.594949850593865,3.652025057551274,0.9429247930425912
p_2691,t3_1dro9y,t1_c9t95ad,t1_c9tb0nm,4.600161149923054,3.652025057551274,0.9481360923717803
p_2692,t3_1dro9y,t1_c9tar20,t1_c9tb0nm,4.69289429888048,3.652025057551274,1.0408692413292062
p_2693,t3_1dr38j,t1_c9t4zgp,t1_c9t15sb,3.9007845116767075,3.796453588227607,0.10433092344910033
p_2694,t3_1dr38j,t1_c9t6qfq,t1_c9t3tv5,4.189863102628498,4.46310638660532,-0.2732432839768224
p_2696,t3_1dqocq,t1_c9sxlof,t1_c9t1per,4.681024146822387,4.13785742009837,0.5431667267240172
p_2698,t3_1dpa0j,t1_c9si9a1,t1_c9sjq6e,5.021781568021895,4.499488601553916,0.5222929664679787
p_2699,t3_1dmdji,t1_c9s8tbs,t1_c9rvfop,4.852282444594916,4.351982308414167,0.5003001361807495
p_2702,t3_1djzxv,t1_c9rfg9d,t1_c9r258n,4.20652790111723,4.014844789606774,0.19168311151045625
p_2704,t3_1dj741,t1_c9qwjmm,t1_c9qu7yd,4.86030772934856,5.098790352678183,-0.2384826233296229
p_2706,t3_1ditdn,t1_c9r0krj,t1_c9qpsh8,5.098861417484258,4.284057742042471,0.8148036754417873
p_2707,t3_1dilyh,t1_c9qq93z,t1_c9qukp7,4.842420899244163,4.663772655479041,0.17864824376512267
p_2711,t3_1dfy2a,t1_c9pz92y,t1_c9pzk15,4.375784405509053,4.133811097947911,0.24197330756114255
p_2713,t3_1dfnx1,t1_c9pwrti,t1_c9pydqv,4.638674540009342,3.8623124712382912,0.7763620687710509
p_2714,t3_1deu6m,t1_c9pm9ei,t1_c9pq3i8,4.503053944798084,4.20143041450758,0.30162353029050415
p_2715,t3_1ddn6p,t1_c9r192d,t1_c9ptde6,5.158852083815833,4.6537987523023485,0.5050533315134844
p_2717,t3_1dbeji,t1_c9opv9e,t1_c9oplaa,4.108560162225889,4.478262530874028,-0.3697023686481389
p_2718,t3_1dahpy,t1_c9oi7rq,t1_c9ohbfe,4.760663348085926,4.707905546164755,0.052757801921170966
p_2720,t3_1daaz2,t1_c9om232,t1_c9oicxr,5.080438853644992,5.190384808557009,-0.10994595491201675
p_2721,t3_1daa73,t1_c9of3p7,t1_c9of537,4.551656376580366,4.055169290482705,0.49648708609766157
p_2722,t3_1da9km,t1_c9ogr0a,t1_c9oels5,4.261480066138567,4.338023364590806,-0.07654329845223895
p_2723,t3_1d93tu,t1_c9o543i,t1_c9o48f1,4.72410613003936,4.41929911512202,0.30480701491733964
p_2724,t3_1d93tu,t1_c9o9bv4,t1_c9o5bzv,5.261132144455758,4.599850663834004,0.6612814806217546
p_2725,t3_1d7g4o,t1_c9noa5m,t1_c9nwpbl,4.7204392434392535,5.193055048001171,-0.47261580456191776
p_2728,t3_1d4oyg,t1_c9mvjvz,t1_c9n2oa9,4.668480881039649,4.5430262153141605,0.12545466572548847
p_2729,t3_1d44p3,t1_c9mq0ns,t1_c9mtvks,4.991018951657643,4.711399045888191,0.2796199057694517
p_2731,t3_1d44p3,t1_c9mw0w9,t1_c9mpkz3,5.073170532205475,4.343388482518615,0.7297820496868601
p_2732,t3_1d44p3,t1_c9n1elj,t1_c9mtvks,5.096205628378701,4.711399045888191,0.38480658249051025
p_2733,t3_1d44p3,t1_c9mu8cn,t1_c9mrjf5,4.543508380050818,4.674760782854223,-0.13125240280340567
p_2734,t3_1d44p3,t1_c9msi95,t1_c9mtvks,5.132881764722254,4.711399045888191,0.42148271883406263
p_2738,t3_1d1i55,t1_c9mxv6l,t1_c9lzhfl,4.629429094186002,4.7501842684796625,-0.12075517429366034
p_2739,t3_1d1i55,t1_c9oegh1,t1_c9lzhfl,3.4752047713415957,4.7501842684796625,-1.2749794971380668
p_2740,t3_1d0elu,t1_c9lsj8v,t1_c9lp7p0,4.807317853981372,4.1853061920481265,0.6220116619332456
p_2741,t3_1cymw8,t1_c9l9z8j,t1_c9l7omc,4.898944363315948,4.1688094088831535,0.7301349544327946
p_2743,t3_1cyjeb,t1_c9l6moi,t1_c9l7796,4.620431139092609,4.899861416857752,-0.27943027776514295
p_2748,t3_1cxteo,t1_c9l5sr6,t1_c9kz9h3,3.7389437513525237,4.014445516999487,-0.2755017656469634
p_2746,t3_1cxteo,t1_c9l0ptr,t1_c9kztp0,4.813215382643154,4.421298729645401,0.3919166529977529
p_2747,t3_1cxteo,t1_c9kzw1u,t1_c9l5bzb,4.049889435011056,3.915168615299297,0.1347208197117591
p_2749,t3_1cwsse,t1_c9kr52k,t1_c9kr5qt,4.970016138169191,3.874730410441593,1.0952857277275978
p_2750,t3_1cwsse,t1_c9kqato,t1_c9ks4cr,4.89622196864756,4.136797744594351,0.759424224053209
p_2751,t3_1cwsse,t1_c9kvex6,t1_c9ks4cr,4.760100640826988,4.136797744594351,0.6233028962326372
p_2752,t3_1cvzbx,t1_c9km9nx,t1_c9khsqw,4.32799917316295,4.043012520554655,0.2849866526082945
p_2753,t3_1ctkhw,t1_c9juokl,t1_c9jubz0,4.567194146142102,4.122366724786787,0.44482742135531517
p_2754,t3_1cskpb,t1_c9jkqxa,t1_c9jlje5,4.479923181437162,4.084946104168288,0.3949770772688739
p_2755,t3_1crpmd,t1_c9jdeua,t1_c9jkwqp,4.195199023929161,4.406460408881927,-0.21126138495276514
p_2756,t3_1cq2e6,t1_c9ix0cz,t1_c9ixpvx,4.486626089266957,4.376911825259965,0.10971426400699169
p_2760,t3_1cjeto,t1_c9h2lgb,t1_c9h6sc6,5.046299151858655,4.276211513324048,0.7700876385346067
p_2761,t3_1chlts,t1_c9gmbnn,t1_c9gqj74,5.066717852214726,4.552846836961007,0.5138710152537191
p_2762,t3_1cgo5k,t1_c9gcsj9,t1_c9gc5rg,4.787858688174101,4.30867807206973,0.47918061610437057
p_2765,t3_1cfa2w,t1_c9fzmpv,t1_c9g116t,5.274367015904948,5.234371617193857,0.039995398711091035
p_2766,t3_1cdk1m,t1_c9fscps,t1_c9fnhsl,4.526188722704846,4.866161984272496,-0.33997326156765073
p_2767,t3_1cc9ma,t1_c9f4mbw,t1_c9f4gvx,4.791516536082716,3.8248450560728884,0.9666714800098273
p_2770,t3_1cc8uk,t1_c9fbcfp,t1_c9f55x0,4.386768249328658,4.7310826537680235,-0.34431440443936534
p_2771,t3_1cbyg8,t1_c9f2fbr,t1_c9f2f7z,5.279564023072067,4.563988325681177,0.7155756973908893
p_2772,t3_1cbyg8,t1_c9f37yw,t1_c9f2f7z,5.448844593820806,4.563988325681177,0.8848562681396288
p_2773,t3_1cbyg8,t1_c9f2oxn,t1_c9f2f7z,4.910789156698676,4.563988325681177,0.34680083101749837
p_2774,t3_1c9rnm,t1_c9efq9f,t1_c9enhzn,4.478110235095533,4.562360321731777,-0.08425008663624389
p_2776,t3_1c9lan,t1_c9eoxbt,t1_c9edlfu,4.342112555973465,4.5284664500067,-0.18635389403323543
p_2777,t3_1c8ym3,t1_c9e9zzx,t1_c9e9fk0,5.069623407947841,4.857939929896605,0.21168347805123577
p_2778,t3_1c8ym3,t1_c9e9ga5,t1_c9ea09a,4.855951825484005,4.328951327475139,0.5270004980088654
p_2779,t3_1c7z1a,t1_c9dyhme,t1_c9edsm6,4.502700383584894,4.597500691577514,-0.09480030799261918
p_2782,t3_1c5ps9,t1_c9da3im,t1_c9dg1q3,4.584204546866257,4.564302253361723,0.019902293504533652
p_2783,t3_1c3mds,t1_c9cpeax,t1_c9cpssy,5.135339549416248,4.72889724168578,0.40644230773046797
p_2784,t3_1c11cx,t1_c9c5trq,t1_c9c6lsq,4.940624854105258,4.83758301251552,0.1030418415897385
p_2785,t3_1byb8b,t1_c9bdajc,t1_c9bdsul,4.633951422960971,4.406326240499489,0.2276251824614821
p_2786,t3_1by7rb,t1_c9b8dbb,t1_c9ba21c,4.3501803951731075,3.968998089945452,0.3811823052276555
p_2787,t3_1bxkri,t1_c9b3vi9,t1_c9b4eux,3.9968885364335134,3.735202719218467,0.26168581721504625
p_2789,t3_1bxgut,t1_c9b118k,t1_c9b0bxi,4.536385129063751,4.594191956934481,-0.05780682787073044
p_2788,t3_1bxgut,t1_c9b3hgo,t1_c9b7q7o,4.987823355583318,4.687828562875607,0.2999947927077109
p_2790,t3_1bxgut,t1_c9b7tag,t1_c9b7q7o,5.231570487822102,4.687828562875607,0.5437419249464952
p_2791,t3_1bwu2v,t1_c9avcwo,t1_c9auie0,4.172468556994982,5.197796755148587,-1.0253281981536047
p_2792,t3_1buffw,t1_c9a7bi9,t1_c9a70o8,4.484107118949813,3.6105801538521596,0.8735269650976538
p_2793,t3_1brihl,t1_c9bfojt,t1_c99k4tp,4.172641876783204,3.9585442277147926,0.21409764906841122
p_2794,t3_1bp6uw,t1_c98y60i,t1_c994sb5,4.570618000864684,4.719894945980029,-0.14927694511534462
p_2795,t3_1bodtx,t1_c98jlb4,t1_c98lik7,4.714204364443398,4.686690555775937,0.027513808667460893
p_2796,t3_1bljky,t1_c97sfu3,t1_c97rjrx,4.1456008863790865,4.7589352514828045,-0.613334365103718
p_2798,t3_1bkpef,t1_c97l3q7,t1_c97m0dm,4.306646487089407,4.080577817435118,0.22606866965428907
p_2799,t3_1bkdeq,t1_c97g05g,t1_c97ggko,4.141072352660366,4.362893041860024,-0.22182068919965747
p_2803,t3_1bjaaz,t1_c977sxm,t1_c979i5l,5.264937489725909,4.728722284891556,0.5362152048343534
p_2804,t3_1bitj0,t1_c971omg,t1_c978xo7,4.90938583657608,5.2260573330809,-0.31667149650481985
p_2805,t3_1bggat,t1_c96k0ap,t1_c96jw6l,4.320001979615081,4.318261879241143,0.001740100373938347
p_2806,t3_1bce8x,t1_c95l5od,t1_c95l7sx,4.737740359737548,3.9870021285255612,0.7507382312119866
p_2807,t3_1bcaat,t1_c95jx1p,t1_c95k33e,4.292640520074277,4.386309574542098,-0.0936690544678207
p_2808,t3_1bc8lk,t1_c95jtsa,t1_c95k5tq,5.324028070965808,5.300507811482653,0.023520259483154504
p_2809,t3_1bc7uw,t1_c95jgdf,t1_c95jk08,3.814967433226994,4.015643389021184,-0.20067595579418995
p_2810,t3_1b757j,t1_c947mfz,t1_c947z02,4.033713131815738,4.291656041422606,-0.25794290960686794
p_2811,t3_1b5h4r,t1_c93tvyq,t1_c93sauz,5.196881223980421,4.809786390772869,0.3870948332075521
p_2812,t3_1b532g,t1_c93p2p5,t1_c93uzd4,4.274468276031481,4.289661545868304,-0.01519326983682312
p_2813,t3_1b4ngo,t1_c93mgx3,t1_c93juyb,4.535174435735537,4.08560029134397,0.4495741443915673
p_2815,t3_1ayifp,t1_c91z4wm,t1_c91y4yc,5.3629527193523465,5.488194655150801,-0.12524193579845466
p_2817,t3_1avuk1,t1_c919bkc,t1_c918ch7,4.503124135854334,4.1515460933090145,0.3515780425453192
p_2818,t3_1aszfk,t1_c90i0vi,t1_c90i1xg,4.616427443667107,4.470076675966694,0.14635076770041344
p_2819,t3_1assos,t1_c90fnc1,t1_c90rkrt,4.48205094263634,4.807888935500631,-0.32583799286429116
p_2820,t3_1assos,t1_c90ewks,t1_c90rkrt,4.879444559977013,4.807888935500631,0.07155562447638175
p_2822,t3_1are2i,t1_c902a8w,t1_c901w5o,4.9393745177277,4.715867813966858,0.22350670376084203
p_2823,t3_1are2i,t1_c9063xi,t1_c901w5o,4.923735763845189,4.715867813966858,0.2078679498783309
p_2827,t3_1am01f,t1_c8yqvyz,t1_c90q7d9,5.094427188561835,4.6575668632543055,0.4368603253075296
p_2830,t3_1ajjfw,t1_c8y1lzd,t1_c8xzdi6,4.70395574354331,3.660636403739969,1.0433193398033414
p_2831,t3_1ajjfw,t1_c8y2o8t,t1_c8y2jox,4.973185979974372,4.270849487787975,0.7023364921863973
p_2832,t3_1ahaci,t1_c8xhcoi,t1_c8xhwel,4.037901426607406,4.190486866738865,-0.15258544013145858
p_2833,t3_1ahaci,t1_c8ycdr7,t1_c8y9ehd,4.718472410212944,4.888605641851627,-0.1701332316386832
p_2834,t3_1adnuj,t1_c8wgwzb,t1_c8wgx6y,4.712848988190254,4.8878671263485245,-0.17501813815827028
p_2835,t3_1adnuj,t1_c8wkxho,t1_c8wgx6y,4.785326344169174,4.8878671263485245,-0.10254078217935092
p_2836,t3_1aah63,t1_c8vkumc,t1_c8w7eb9,4.635672031845885,3.498521139517179,1.1371508923287057
p_2837,t3_1a823k,t1_c8uxrzz,t1_c8uxj2q,5.277462528218816,5.013728393324174,0.2637341348946425
p_2838,t3_1a74or,t1_c8yb8lh,t1_c8wi3uo,4.943568306621991,4.211979301049076,0.7315890055729151
p_2841,t3_1a1svv,t1_c8tcnlg,t1_c8tbh45,3.671228852541996,3.997587206050206,-0.3263583535082102
p_2842,t3_19x40l,t1_c8s3ojs,t1_c8sam0l,4.268920916032706,4.2615678179039564,0.0073530981287497355
p_2843,t3_19umvm,t1_c8ri6ek,t1_c8rgbi8,4.2352314452627065,4.316580551875159,-0.08134910661245254
p_2845,t3_19n9ak,t1_c8pkzma,t1_c8polhe,4.468652801704927,4.030190060054241,0.4384627416506861
p_2846,t3_19huby,t1_c8ojliw,t1_c8oh7z7,4.994007630791177,4.597621249101092,0.39638638169008544
p_2847,t3_19e3q6,t1_c8n7zld,t1_c8n6yn4,5.0668079453367545,4.9623237813637635,0.10448416397299098
p_2850,t3_19avin,t1_c8mdkft,t1_c8mqodh,4.32935526759177,4.8003957818607565,-0.47104051426898685
p_2851,t3_19aahz,t1_c8m9s7p,t1_c8m98ui,4.008903227461106,3.9993503188478123,0.00955290861329372
p_2853,t3_1960jw,t1_c8te8em,t1_c8lq3vy,5.127533353828673,4.403336329646603,0.7241970241820699
p_2854,t3_18nf32,t1_c8gjif8,t1_c8glzi2,4.40031427782582,4.4522623788429865,-0.051948101017166515
p_2855,t3_18n2uc,t1_c8g7yj9,t1_c8g7vdb,4.3660225046880194,3.644944654333508,0.7210778503545114
p_2856,t3_18n2uc,t1_c8gjaly,t1_c8hjbxc,4.781379455068407,4.737647359608528,0.04373209545987944
p_2857,t3_18hfbb,t1_c8euhsu,t1_c8f4pon,4.478601032761204,4.565708976402673,-0.08710794364146945
p_2858,t3_18fnmc,t1_c8ehi0y,t1_c8fbyk9,4.3757446816287855,4.804067600506193,-0.4283229188774076
p_2859,t3_18fnmc,t1_c8eztwo,t1_c8efsxa,4.815477341864821,4.99615958905446,-0.18068224718963855
p_2861,t3_18dj9h,t1_c8go2f3,t1_c8du0qd,4.048286166824231,4.388653950666159,-0.3403677838419279
p_2862,t3_181jmd,t1_c8b2w35,t1_c8b80s2,5.285627928508644,5.163312200674721,0.1223157278339233
p_2864,t3_353z1x,t1_cr0txe5,t1_cr0sypq,4.209615678729318,3.827397747423914,0.3822179313054046
p_2865,t3_35007e,t1_cqzpsh4,t1_cr08now,4.857206222033211,4.997194488078046,-0.13998826604483483
p_2868,t3_34uoe6,t1_cqy8iqs,t1_cqydmf0,4.391041031020211,4.029583235130319,0.36145779588989146
p_2869,t3_34uhcs,t1_cqy6f3z,t1_cqy5yg6,3.866697830819255,3.9634386485185287,-0.09674081769927367
p_2871,t3_34r42c,t1_cqx9tcw,t1_cqxcheq,3.9644749030087953,4.025162583360795,-0.060687680351999784
p_2872,t3_34r42c,t1_cqx9isf,t1_cqxhmy0,4.248171656169952,4.061404634022185,0.18676702214776686
p_2873,t3_34qpil,t1_cqxbpip,t1_cqx6biz,5.115857441097728,4.185221493192832,0.9306359479048965
p_2875,t3_34nm86,t1_cqwfwqa,t1_cqwdlqs,4.626788826998565,4.639185511321371,-0.012396684322806273
p_2876,t3_34mjz7,t1_cqw3q36,t1_cqw297k,4.566857798473296,3.780325672579981,0.7865321258933151
p_2877,t3_34mi2s,t1_cqw2pwr,t1_cqw1jmd,4.646415296657419,4.619241159700217,0.02717413695720161
p_2880,t3_34f19m,t1_cqumcdt,t1_cqu4xnk,4.087775875979586,4.224531353819295,-0.1367554778397082
p_2881,t3_34ew6y,t1_cqu16sw,t1_cqu66qp,4.148718721880154,4.189641245969875,-0.04092252408972108
p_2883,t3_34dp1h,t1_cqtp0m2,t1_cqtpbha,5.4047437771829445,5.582070623337904,-0.1773268461549593
p_2885,t3_3458ym,t1_cqrehbr,t1_cqrp6kw,4.171324587771513,3.9488247212186605,0.22249986655285214
p_2886,t3_344wiz,t1_cqras5q,t1_cqre4xb,4.810218422040919,4.457556167670316,0.3526622543706033
p_2887,t3_344wiz,t1_cqrc214,t1_cqrdlm0,4.295704485090344,3.841326571972532,0.4543779131178116
p_2889,t3_3421jf,t1_cqqjotj,t1_cqqk365,4.426467278676049,4.371750019725453,0.054717258950596204
p_2890,t3_341ysq,t1_cqqjryw,t1_cqqx1kp,4.467658052929584,3.52462742062792,0.9430306323016646
p_2891,t3_341ysq,t1_cqqk0tn,t1_cqqijqw,4.337727668739492,4.726015921172419,-0.3882882524329263
p_2892,t3_341rgm,t1_cqr37bi,t1_cqqnhph,4.812095480188495,4.274485746980833,0.5376097332076624
p_2893,t3_341qpv,t1_cqqkadf,t1_cqqj5q6,4.037103048294212,4.360728678622252,-0.32362563032803937
p_2896,t3_340hb6,t1_cqq5pcx,t1_cqq45sd,4.717749130920221,4.5824422200011545,0.13530691091906633
p_2897,t3_33yolt,t1_cqq8ib0,t1_cqpnhfk,4.307514330852698,4.42500022538016,-0.11748589452746128
p_2898,t3_33y71i,t1_cqpkqw3,t1_cqphhsd,4.241723623254223,4.439390457821499,-0.19766683456727652
p_2899,t3_33xvlb,t1_cqpizv2,t1_cqpe1w3,5.100454903307307,4.762818051301654,0.3376368520056534
p_2900,t3_33x4zd,t1_cqq3w8x,t1_cqph109,5.001629190783804,4.48654565874411,0.5150835320396938
p_2901,t3_33vwxp,t1_cqp9clo,t1_cqp3iwt,4.389282797179441,3.960054870929455,0.42922792624998607
p_2902,t3_33vb7v,t1_cqop50f,t1_cqoq78g,4.714263777507296,4.384779438724301,0.32948433878299443
p_2903,t3_33vb7v,t1_cqoqk6x,t1_cqoq78g,3.8257471982545246,4.384779438724301,-0.5590322404697767
p_2906,t3_33t6ee,t1_cqo6dks,t1_cqocdox,4.55843145329389,4.227322249577733,0.3311092037161574
p_2910,t3_33qkee,t1_cqnhkzy,t1_cqnfxbg,3.8576422949149083,3.732913710556657,0.1247285843582513
p_2911,t3_33odih,t1_cqmwrzp,t1_cqn43qi,4.561742734750897,4.388825016775066,0.17291771797583078
p_2912,t3_33odih,t1_cqmx2gy,t1_cqn43qi,4.183670095848336,4.388825016775066,-0.2051549209267307
p_2914,t3_33m1d7,t1_cqmao20,t1_cqmqlk3,3.9854285266667784,3.9471251173308906,0.03830340933588783
p_2915,t3_33ltmy,t1_cqm3qgs,t1_cqm6tlv,4.595269889023648,3.733505512502836,0.8617643765208118
p_2916,t3_33ltmy,t1_cqm5fmo,t1_cqmj35v,4.070367834266878,4.775393027603632,-0.7050251933367537
p_2917,t3_33ltmy,t1_cqma7wu,t1_cqmj35v,4.818769212493353,4.775393027603632,0.043376184889721614
p_2918,t3_33ltmy,t1_cqm52oz,t1_cqmjkd0,4.710684610659094,4.260926864031585,0.4497577466275082
p_2919,t3_33ltmy,t1_cqmees1,t1_cqmlryg,4.851874240666929,4.750577762309392,0.1012964783575363
p_2920,t3_33ltmy,t1_cqmhim7,t1_cqmlryg,4.7867281978009775,4.750577762309392,0.03615043549158514
p_2921,t3_33ltmy,t1_cqme4zj,t1_cqmjkd0,4.603466465924972,4.260926864031585,0.34253960189338706
p_2922,t3_33ltmy,t1_cqmf5u4,t1_cqm8bcb,4.49269735579572,3.722069968177582,0.7706273876181378
p_2923,t3_33ltmy,t1_cqmaxor,t1_cqmj35v,4.864750081897117,4.775393027603632,0.08935705429348584
p_2925,t3_33ltmy,t1_cqmgnjb,t1_cqmjkd0,4.479532650159917,4.260926864031585,0.21860578612833148
p_2927,t3_33ky08,t1_cqlv92o,t1_cqm0p5u,3.5579369468010364,3.8597008492309044,-0.30176390242986795
p_2928,t3_33jriw,t1_cqlmafs,t1_cqlrxku,3.6848459231978676,4.87087969503123,-1.1860337718333627
p_2929,t3_33jriw,t1_cqlrjh2,t1_cqlvlpo,4.069301540628566,4.825092893434871,-0.7557913528063045
p_2930,t3_33gagt,t1_cqknwye,t1_cqkneou,4.254743164625709,4.383156278426246,-0.1284131138005371
p_2935,t3_33fzqf,t1_cqkkas1,t1_cqkomla,5.047766086040356,5.010231904465916,0.03753418157444077
p_2934,t3_33fzqf,t1_cqkyc6a,t1_cqkomla,4.668333986570994,5.010231904465916,-0.3418979178949213
p_2932,t3_33fzqf,t1_cqkmagz,t1_cql6a4m,4.509908379848432,4.17195746708529,0.3379509127631417
p_2933,t3_33fzqf,t1_cqksog6,t1_cql5nf4,4.45525077455662,3.721030401050434,0.7342203735061861
p_2936,t3_33fvr1,t1_cql32pv,t1_cqkpqqx,4.579173015491062,4.202391939370246,0.3767810761208157
p_2937,t3_33f4nn,t1_cqkapdq,t1_cqktzi5,5.276687600165026,4.478795494507909,0.7978921056571169
p_2938,t3_33d5wv,t1_cqjs9av,t1_cqjqmmc,4.012313429189046,3.783607104176146,0.2287063250129
p_2939,t3_33c9pv,t1_cqjn7rh,t1_cqji5jr,4.738672557391661,4.018231611051779,0.720440946339882
p_2940,t3_33b9np,t1_cqj96fh,t1_cqj9uef,4.4755085965484165,4.202693965066107,0.27281463148230944
p_2942,t3_337yvz,t1_cqift17,t1_cqigsgq,4.824164466353172,4.0282590066839905,0.7959054596691812
p_2943,t3_337yvz,t1_cqigbq2,t1_cqigknb,5.103218919234744,4.241890520406209,0.861328398828535
p_2947,t3_335312,t1_cqhqb8z,t1_cqhmvlk,5.791298933095237,4.878995551340661,0.912303381754576
p_2948,t3_334q3e,t1_cqhpv4a,t1_cqhioox,5.092044849689468,4.961263123494691,0.13078172619477701
p_2949,t3_333cqy,t1_cqh6yao,t1_cqh6bst,5.561174297366994,4.745763983183929,0.8154103141830653
p_2952,t3_330zv9,t1_cqgjrcd,t1_cqgm5ch,3.8520210393067997,4.394482489908445,-0.5424614506016456
p_2953,t3_32yo7o,t1_cqghj8r,t1_cqggpsa,4.780093277903782,4.578581586092253,0.20151169181152895
p_2955,t3_32x792,t1_cqfgbx0,t1_cqfhboc,4.266480418857825,4.2483499963464135,0.018130422511411837
p_2957,t3_32x5bg,t1_cqffwwh,t1_cqfjbx4,4.476351281079833,4.105345721194843,0.3710055598849902
p_2959,t3_32w62j,t1_cqf8h6r,t1_cqf8ttp,4.325411791172587,3.97824109534609,0.34717069582649707
p_2960,t3_32tuwr,t1_cqekvu6,t1_cqev05z,4.680472120884349,4.706863968890325,-0.026391848005975937
p_2961,t3_32rqew,t1_cqe1or9,t1_cqedg0y,4.405976491973696,4.495558595716357,-0.08958210374266073
p_2962,t3_32qem9,t1_cqdngsq,t1_cqdmrey,4.523299656025563,3.993145151373271,0.5301545046522924
p_2963,t3_32nvz9,t1_cqd3dgw,t1_cqdlwp9,4.846049944824184,4.5028242731090415,0.3432256717151425
p_2964,t3_32mxxb,t1_cqcq0fj,t1_cqcpdn2,4.210386279331864,4.424235350528645,-0.21384907119678065
p_2966,t3_32ml8o,t1_cqcp8hx,t1_cqcmdxj,4.953075657226204,4.394423964580552,0.5586516926456522
p_2967,t3_32ml8o,t1_cqcmvme,t1_cqcmdxj,4.807182472572499,4.394423964580552,0.41275850799194735
p_2969,t3_32kaxa,t1_cqc1ps3,t1_cqbztib,4.632019131876825,4.432691344457778,0.19932778741904666
p_2970,t3_32jy1s,t1_cqc7xo9,t1_cqc76t8,4.913407585663193,5.05459883445121,-0.14119124878801692
p_2972,t3_32jy1s,t1_cqc312r,t1_cqc2knn,4.122301284738942,3.7132634703016,0.4090378144373421
p_2973,t3_32hrcu,t1_cqbf680,t1_cqc157c,3.655048865069135,4.516083061205499,-0.8610341961363646
p_2974,t3_32hrcu,t1_cqbuas1,t1_cqberet,4.533916910385558,4.284499609548314,0.24941730083724334
p_2975,t3_32hhvc,t1_cqb981l,t1_cqb97nw,4.280798906044491,4.751510869367936,-0.47071196332344556
p_2977,t3_32heuy,t1_cqbcbkl,t1_cqb8b3a,4.151288642814321,4.532810615354577,-0.38152197254025566
p_2978,t3_32e9dz,t1_cqag1ei,t1_cqaeq9p,4.104269715283187,4.326050727704312,-0.22178101242112547
p_2979,t3_32dzr6,t1_cqabzcm,t1_cqavot8,4.490920631296668,3.9912209278396213,0.49969970345704695
p_2980,t3_32dzr6,t1_cqabzdy,t1_cqavot8,4.5218087024232805,3.9912209278396213,0.5305877745836591
p_2981,t3_32cuug,t1_cqa2kcg,t1_cqamp4r,5.0867250753085225,4.608843966087356,0.47788110922116633
p_2985,t3_32br6b,t1_cq9r1xc,t1_cq9xojx,5.043737689946693,4.91920148107188,0.12453620887481254
p_2987,t3_3295fa,t1_cq95v66,t1_cq97eov,5.516733572105837,5.090327063971195,0.426406508134642
p_2989,t3_328mdv,t1_cq8wilr,t1_cq8wllc,4.403489389415728,3.7938288447905113,0.6096605446252163
p_2990,t3_328mdv,t1_cq90btb,t1_cq8xsei,5.03384873119441,4.630089646156957,0.4037590850374526
p_2991,t3_328mdv,t1_cq924w9,t1_cq8wmf8,4.54659715504844,4.712638433275441,-0.16604127822700132
p_2992,t3_328mdv,t1_cq962cf,t1_cq909zj,4.2633794961467455,4.231399673482097,0.03197982266464816
p_2993,t3_328cqj,t1_cq8twul,t1_cq8u7k8,4.89352296810572,4.605303181105739,0.2882197869999805
p_2994,t3_328cqj,t1_cq8u123,t1_cq8vtom,4.582080878777297,3.767328377242912,0.8147525015343846
p_2995,t3_328cqj,t1_cq8urjg,t1_cq8uwgb,5.038934882986423,4.085412153203032,0.9535227297833906
p_2996,t3_325owi,t1_cq85rgn,t1_cq85o61,4.162201576524199,4.27686217552494,-0.11466059900074121
p_2997,t3_324yj6,t1_cq7zfq6,t1_cq8dhwu,4.768597653145677,4.699621129005617,0.0689765241400595
p_2998,t3_3247v7,t1_cq81v9f,t1_cq7q1h2,5.586805796035818,4.9165746545382065,0.6702311414976112
p_2999,t3_3247v7,t1_cq7rkyr,t1_cq7q1h2,4.486637656115358,4.9165746545382065,-0.42993699842284894
p_3001,t3_321v5o,t1_cq7b3vb,t1_cq75mj1,4.966303075196732,4.124943992972481,0.8413590822242512
p_3004,t3_320ncw,t1_cq6vyp0,t1_cq6qa48,4.74800316016732,4.064563705372988,0.6834394547943319
p_3005,t3_320ncw,t1_cq6qbjc,t1_cq7attb,4.410725874061636,4.415832464601001,-0.005106590539365463
p_3006,t3_320cdd,t1_cq6n5nk,t1_cq6tjhk,3.931733637340507,5.195852757515046,-1.2641191201745388
p_3007,t3_320ag4,t1_cq6qvbi,t1_cq73ikh,4.932727168221681,4.611318105909116,0.32140906231256494
p_3008,t3_31z0jc,t1_cq6cink,t1_cq6dcu3,4.5465885296402915,3.805690369069579,0.7408981605707123
p_3009,t3_31z0jc,t1_cq6elfk,t1_cq6fijn,4.805095714786605,4.90243662676255,-0.09734091197594541
p_3010,t3_31y24o,t1_cq6353c,t1_cq69x2n,4.825452989083696,4.659721487525133,0.16573150155856275
p_3013,t3_31tru7,t1_cq4z6e3,t1_cq4ypy8,4.016445892844659,4.123468375023892,-0.10702248217923316
p_3015,t3_31pc9q,t1_cq3qpv3,t1_cq3pcmq,4.524082962275768,4.266701220698868,0.25738174157689997
p_3016,t3_31p2g2,t1_cq3sydv,t1_cq3oxs7,5.504169016751609,4.7442406445234555,0.7599283722281536
p_3017,t3_31p0pl,t1_cq3n1ay,t1_cq3nys0,4.538000471849948,4.271295274366594,0.2667051974833541
p_3020,t3_31oejp,t1_cq3gtyk,t1_cq3t550,4.660276598131168,4.352454866780108,0.3078217313510603
p_3021,t3_31oejp,t1_cq462r7,t1_cq3zns0,4.5236848143721,3.9634568982714797,0.5602279161006201
p_3022,t3_31ocvw,t1_cq3fcas,t1_cq3hias,3.584522718706362,4.643803613417584,-1.0592808947112222
p_3024,t3_31n763,t1_cq339uk,t1_cq33n1j,3.6012364369992214,4.192279852577213,-0.591043415577992
p_3026,t3_31m7ag,t1_cq2w03g,t1_cq2v22k,4.334353750523856,3.8542862660957398,0.48006748442811586
p_3027,t3_31kfkt,t1_cq2ethi,t1_cq38ca1,4.121858825658372,4.322959661018819,-0.20110083536044687
p_3028,t3_31kfkt,t1_cq2m1cu,t1_cq2q8ub,4.992921379041021,4.970905525623001,0.022015853418019482
p_3029,t3_31kfkt,t1_cq2iwml,t1_cq2xd07,4.288790037082112,3.8597008492309035,0.42908918785120864
p_3031,t3_31j4y8,t1_cq2dy2t,t1_cq2seqm,4.857675960721844,4.34108062605982,0.516595334662024
p_3032,t3_31iyzr,t1_cq20phi,t1_cq241hx,5.197821591228895,,
p_3033,t3_31iyzr,t1_cq2hqkc,t1_cq2ggm1,5.183299446958816,4.957554586696415,0.2257448602624006
p_3034,t3_31extq,t1_cq0xwpm,t1_cq0zj18,4.458167024612107,5.133961442039799,-0.6757944174276922
p_3036,t3_319lcf,t1_cpzoe1h,t1_cpzou3x,4.3431343887094656,4.460038257819004,-0.11690386910953876
p_3038,t3_317c4q,t1_cpz4dkk,t1_cq08xc2,4.841225898697399,4.500988615604695,0.34023728309270407
p_3039,t3_316t8m,t1_cpz81dp,t1_cpz1tm8,4.535455164330974,4.1467514424708805,0.38870372186009394
p_3043,t3_30zgez,t1_cpx91x7,t1_cpx8d30,4.1435549246297985,4.491399285824013,-0.34784436119421436
p_3046,t3_30uf3s,t1_cpvyas0,t1_cpvxc6j,4.692187901831204,3.905063636167075,0.7871242656641289
p_3047,t3_30rmk0,t1_cpv7mht,t1_cpv6fnx,4.229297680351757,3.9035385203483313,0.32575916000342575
p_3048,t3_30rk8b,t1_cpv5sfc,t1_cpvae5t,4.64095788528296,4.346160613070102,0.29479727221285845
p_3051,t3_30plxu,t1_cpumi9h,t1_cpv3rnn,4.8738891829457165,4.50528576277975,0.36860342016596626
p_3052,t3_30plxu,t1_cpusr84,t1_cpvc5cu,4.139619529833636,3.778653411488598,0.3609661183450381
p_3053,t3_30piom,t1_cpuvrbx,t1_cpuk6e9,4.806846158463894,4.1772834504648255,0.6295627079990682
p_3054,t3_30piom,t1_cpukcf7,t1_cpuk6e9,4.708207981379759,4.1772834504648255,0.5309245309149331
p_3055,t3_30oi71,t1_cpudcxf,t1_cpuhqza,4.38083926049871,4.214288180919492,0.166551079579218
p_3056,t3_30oi71,t1_cpudthh,t1_cpuin82,5.407964838834879,5.255081956227069,0.1528828826078099
p_3057,t3_30oi71,t1_cpufpbf,t1_cpuh9jr,4.980906447036586,4.74983501915294,0.23107142788364587
p_3058,t3_30oi71,t1_cpumucv,t1_cpubj6z,4.377089242984111,4.078945493711794,0.2981437492723167
p_3059,t3_30nwta,t1_cpu5jus,t1_cpufh76,3.946054701489148,4.3348277769992585,-0.38877307551011064
p_3060,t3_30lwfn,t1_cptlz3s,t1_cpu097g,3.453789895699396,3.523926039250857,-0.07013614355146114
p_3061,t3_30kxn3,t1_cptgjwa,t1_cptkn0r,4.756615902213456,3.8075072404700014,0.9491086617434545
p_3062,t3_30kxn3,t1_cpud2ds,t1_cpuj9yz,4.789649939676501,4.297979310653333,0.4916706290231678
p_3064,t3_30ikr2,t1_cpssgy6,t1_cpstqu7,4.580415939330297,4.840137451721775,-0.25972151239147845
p_3066,t3_30ijtn,t1_cpsuz6r,t1_cptjxj0,4.789474603589456,4.434373108248939,0.3551014953405174
p_3067,t3_30ijtn,t1_cpsvg1e,t1_cpt2lkh,4.5839261559932005,4.800476561329662,-0.21655040533646108
p_3069,t3_30ieon,t1_cpspikm,t1_cpspmsa,4.033089685294174,3.8251319602310443,0.20795772506312948
p_3070,t3_30ieon,t1_cpsqhcv,t1_cpsr9x0,4.00524046626542,3.944937913610266,0.06030255265515372
p_3071,t3_30ieon,t1_cpsq3bq,t1_cpsptk3,4.679011318777207,4.827658228407594,-0.1486469096303864
p_3072,t3_30ieon,t1_cpssq8c,t1_cpsr9x0,3.806020300847906,3.944937913610266,-0.13891761276236014
p_3073,t3_30ieh0,t1_cpss8ht,t1_cpsq8hn,3.7118095392221875,3.834936706880664,-0.12312716765847664
p_3074,t3_30dwuy,t1_cprwysn,t1_cprwrn8,5.394861304833409,5.045093908970898,0.3497673958625107
p_3075,t3_30dwuy,t1_cprim4b,t1_cpris3v,4.401874703493167,4.261921430120965,0.13995327337220242
p_3076,t3_30dwuy,t1_cps4x4a,t1_cprittq,4.0613232239958315,4.014447284047861,0.046875939947970124
p_3077,t3_30dn4s,t1_cpri1a1,t1_cprghef,4.18083115299636,4.578821868345891,-0.3979907153495308
p_3078,t3_30dc3y,t1_cpreini,t1_cprdlqm,4.736193167884741,4.156431056682984,0.5797621112017568
p_3079,t3_30dc3y,t1_cprho0c,t1_cprczq0,4.55491378747018,4.089527945978093,0.46538584149208706
p_3080,t3_30bmbr,t1_cpqwrqy,t1_cpqwt64,4.646294990924452,4.3821649348357905,0.26413005608866147
p_3081,t3_30bmbr,t1_cpqx53s,t1_cpsdnqv,4.407710786291942,3.5710170347751684,0.8366937515167732
p_3082,t3_30bmbr,t1_cpr9rhs,t1_cpr0he2,4.209790233956875,4.587728775055536,-0.37793854109866043
p_3083,t3_30bmbr,t1_cprfcjr,t1_cpr0he2,4.458955163286766,4.587728775055536,-0.12877361176876967
p_3084,t3_30bmbr,t1_cpqx6q7,t1_cpr0he2,4.36646375990415,4.587728775055536,-0.22126501515138575
p_3085,t3_30bmbr,t1_cpqxz84,t1_cpr0he2,4.193339662815097,4.587728775055536,-0.3943891122404386
p_3086,t3_30bmbr,t1_cpqwxxi,t1_cpr0he2,4.900233752596553,4.587728775055536,0.3125049775410176
p_3087,t3_30addl,t1_cpqlm0n,t1_cpqmxt8,4.319615220290503,4.103341395537741,0.21627382475276224
p_3088,t3_30abxj,t1_cpql1jr,t1_cpqkw2q,4.43257694538172,4.152027775804249,0.2805491695774709
p_3089,t3_30a5zk,t1_cpqjney,t1_cpqkg7f,4.883272577795049,4.955100031889932,-0.07182745409488334
p_3090,t3_309gc1,t1_cpr1ni1,t1_cpqcrp3,5.080685581600673,4.7579370753381065,0.3227485062625668
p_3091,t3_309bvo,t1_cpqqtlm,t1_cpqbaln,4.5841835882048585,5.001599481975562,-0.41741589377070376
p_3093,t3_306owt,t1_cppof4n,t1_cpq6ae3,4.390286857986451,4.136339609859247,0.25394724812720426
p_3094,t3_306o9o,t1_cpq1gb9,t1_cpqt20q,4.079528747171728,3.9990758397682504,0.08045290740347744
p_3095,t3_306jm9,t1_cppkm2t,t1_cppkw7s,4.054847957974901,4.628481342574288,-0.5736333845993871
p_3096,t3_306b19,t1_cppjkxe,t1_cppv03t,4.721574666956545,4.977593963060764,-0.2560192961042196
p_3097,t3_306b19,t1_cppt43v,t1_cppiyoy,3.813315005025624,4.216721048573836,-0.4034060435482121
p_3098,t3_305ejo,t1_cppptb8,t1_cppbmsd,4.4954183062903565,4.3013602859154965,0.19405802037486009
p_3099,t3_304vk8,t1_cpp4467,t1_cpp4mqn,4.719634454473141,4.9129745789065655,-0.19334012443342452
p_3100,t3_304vk8,t1_cpp57rx,t1_cpp6nth,4.7537020820121825,4.466231447213811,0.2874706347983711
p_3102,t3_304vk8,t1_cpp5fv2,t1_cppe5uc,4.421551697725731,3.967928565261401,0.4536231324643305
p_3104,t3_304nx9,t1_cpp3be4,t1_cppcie7,4.232984076247672,4.502199801026012,-0.26921572477833955
p_3105,t3_302atl,t1_cponldu,t1_cpogvf1,5.085400977509909,4.285516837227303,0.7998841402826065
p_3106,t3_302atl,t1_cpom4hm,t1_cpoj5rs,4.566222738409534,4.167247204112228,0.39897553429730603
p_3107,t3_301n6h,t1_cpolqex,t1_cpoikva,5.47534079568136,4.921967597905407,0.5533731977759526
p_3108,t3_301aim,t1_cpo9ccq,t1_cpoaljq,5.145397583257466,3.7699777869206352,1.375419796336831
p_3109,t3_300pmw,t1_cpo5gbr,t1_cpo0aso,5.01546521795802,4.473412080743756,0.5420531372142641
p_3110,t3_30059g,t1_cpo18q6,t1_cpo1wjy,4.9232740797149726,4.191607897451791,0.7316661822631811
p_3111,t3_30059g,t1_cpo9jne,t1_cppa1ar,5.400928778757996,4.487987424834754,0.9129413539232418
p_3113,t3_3002wd,t1_cpnx795,t1_cpo9jc4,4.79883140598441,4.162608986374138,0.6362224196102728
p_3115,t3_2zxa1c,t1_cpn5f5x,t1_cpn5ksl,4.691820404836257,4.6063655112869535,0.08545489354930336
p_3117,t3_2zwjql,t1_cpmyqyw,t1_cpmyrsa,4.706265637154726,4.679891808023519,0.026373829131206783
p_3118,t3_2zpo9g,t1_cpl6qj2,t1_cplbwrd,4.70297035176684,4.303583407277616,0.3993869444892244
p_3122,t3_2zpo9g,t1_cpl8ybn,t1_cpl4rwr,3.652952622917923,4.8853551070327494,-1.2324024841148264
p_3123,t3_2zpo9g,t1_cplrjw9,t1_cpl4rwr,4.875905157203291,4.8853551070327494,-0.009449949829458681
p_3119,t3_2zpo9g,t1_cpl854i,t1_cpl7tlw,4.665913380284159,4.385230968696213,0.2806824115879456
p_3121,t3_2zpo9g,t1_cpl8iis,t1_cplq1xf,5.426004566754366,4.825284034795671,0.6007205319586948
p_3124,t3_2zp1g2,t1_cpkyv4o,t1_cpl0p62,4.049178848582,3.9814675041767207,0.06771134440527904
p_3125,t3_2zow2m,t1_cpl22pp,t1_cpkxsis,5.356241227881586,5.249829460963063,0.10641176691852294
p_3126,t3_2znn1r,t1_cpkp3j2,t1_cpkoqed,5.383460286863546,4.980161785641915,0.4032985012216308
p_3127,t3_2zlzlv,t1_cpk8hwi,t1_cpk6a3p,4.645464485582487,4.371615569245896,0.2738489163365907
p_3128,t3_2zlzlv,t1_cpk93ep,t1_cpk6a3p,5.261958043973289,4.371615569245896,0.8903424747273929
p_3129,t3_2zkscb,t1_cpjt71i,t1_cpjth0r,3.704868960988132,4.0660139223117975,-0.36114496132366547
p_3130,t3_2zke3b,t1_cpjq913,t1_cpktfa4,4.2358844779895195,4.275611590435071,-0.039727112445551604
p_3131,t3_2zj7ra,t1_cpjeo7s,t1_cpjezx4,4.593463746295566,4.489891728384061,0.10357201791150494
p_3132,t3_2zivuy,t1_cpjd5bs,t1_cpjkvlu,4.2251636648273,4.416217057211913,-0.19105339238461294
p_3135,t3_2ziiud,t1_cpjgxr8,t1_cpjahut,4.637042082711994,4.474801422917401,0.1622406597945929
p_3138,t3_2zi3o2,t1_cpj9uww,t1_cpj94l8,5.520523638156061,5.04682236564318,0.47370127251288086
p_3139,t3_2zhhcc,t1_cpixs4l,t1_cpiyfa2,4.653571946406053,4.677812335237987,-0.02424038883193358
p_3141,t3_2zhhcc,t1_cpj0ejq,t1_cpiyco1,4.586111470191315,4.63695240455819,-0.050840934366874535
p_3140,t3_2zhhcc,t1_cpizz9m,t1_cpiyxlc,4.482629355406877,4.2268338536490635,0.25579550175781307
p_3143,t3_2zhaim,t1_cpix9ia,t1_cpivskg,4.548997510590215,4.540312495649853,0.008685014940362557
p_3144,t3_2zgvgy,t1_cpissdd,t1_cpirsph,3.6278017492811903,3.636668732024426,-0.00886698274323594
p_3145,t3_2zgowg,t1_cpiuav4,t1_cpiq1oq,4.431434989339796,3.726229880305616,0.7052051090341802
p_3146,t3_2zgndx,t1_cpiqn17,t1_cpj5r70,4.55383639468692,4.2849123613281135,0.26892403335880655
p_3149,t3_2zgan1,t1_cpiqsg0,t1_cpimxfr,4.725681656892063,4.397144321977964,0.328537334914099
p_3150,t3_2zflih,t1_cpih4fg,t1_cpih5fr,4.5191387726134185,3.644679127153667,0.8744596454597513
p_3152,t3_2zejsa,t1_cpi6gay,t1_cpi6o6i,3.9198217950410577,4.405243716522141,-0.4854219214810831
p_3154,t3_2zdsjs,t1_cpidnuu,t1_cphz7yi,4.447090023512757,4.387257067457342,0.05983295605541539
p_3155,t3_2zdsjs,t1_cpiftnl,t1_cpi0g46,5.267859142163327,5.103796549844276,0.16406259231905107
p_3156,t3_2zdhff,t1_cphy235,t1_cphw99k,4.602559806744608,3.9701444064902307,0.6324154002543776
p_3158,t3_2zaqct,t1_cph7lsp,t1_cph6x3y,4.668811157559429,4.019252746224551,0.649558411334878
p_3160,t3_2z2msj,t1_cpfd4uy,t1_cpf7g2a,4.766022231024143,5.261053881689097,-0.4950316506649539
p_3161,t3_2z2e9y,t1_cpf2whk,t1_cpf8cro,4.6608963430335555,4.251032873310459,0.4098634697230965
p_3162,t3_2z1yoq,t1_cpezn48,t1_cpezlhg,4.832520233721203,4.700764282567071,0.1317559511541324
p_3163,t3_2z1yoq,t1_cpf0qg3,t1_cpezlhg,4.544433708421771,4.700764282567071,-0.15633057414529983
p_3164,t3_2z0k1s,t1_cpeslkw,t1_cpeslxz,4.958406901628974,4.115747382350641,0.8426595192783335
p_3167,t3_2ywkr1,t1_cpdxs52,t1_cpdmm80,4.832902498729976,3.858531953632378,0.9743705450975981
p_3168,t3_2ytkfu,t1_cpcu8rh,t1_cpd1eku,3.799432374070898,3.892794442793515,-0.09336206872261688
p_3169,t3_2ytkfu,t1_cpctmwq,t1_cpcxopb,4.089369433206247,4.332634799411098,-0.2432653662048505
p_3170,t3_2yszp3,t1_cpcsn2z,t1_cpcuf7e,5.079283255122961,5.028744157946081,0.05053909717688043
p_3171,t3_2yrv0y,t1_cpcgnrg,t1_cpced64,5.206029511773077,5.123499507982958,0.08253000379011954
p_3172,t3_2yrv0y,t1_cpcjpjf,t1_cpced64,4.87492221797579,5.123499507982958,-0.24857729000716766
p_3174,t3_2yrv0y,t1_cpclzng,t1_cpced64,4.682770024373706,5.123499507982958,-0.44072948360925146
p_3173,t3_2yrv0y,t1_cpcjvrd,t1_cpcgmdh,4.850912851288626,3.858017901996232,0.9928949492923942
p_3175,t3_2yrog1,t1_cpcgl5a,t1_cpch611,5.0719855269342595,3.64193090101234,1.4300546259219193
p_3177,t3_2yrgi3,t1_cpcaxrs,t1_cpcbda3,4.277683241769758,5.010747917520907,-0.733064675751149
p_3178,t3_2yp08w,t1_cpblyoq,t1_cpbm3vx,3.841128061926852,4.290499538327186,-0.44937147640033404
p_3179,t3_2yowak,t1_cpbktny,t1_cpbk5kw,4.08385995053996,3.3326633699551036,0.7511965805848564
p_3181,t3_2yo9nm,t1_cpbgpkf,t1_cpbjpt4,4.930419504215668,5.062656303206966,-0.1322367989912978
p_3182,t3_2yo9k1,t1_cpbhs8l,t1_cpberxa,5.03621469146209,4.422877880780864,0.6133368106812265
p_3184,t3_2ymgjr,t1_cpax7jo,t1_cpax3xp,4.501963657940704,4.346712501888932,0.1552511560517713
p_3186,t3_2ylpc2,t1_cparq20,t1_cpbnfyg,4.623211621000031,4.468946295306523,0.15426532569350826
p_3187,t3_2ylpc2,t1_cpb3atq,t1_cpb6ctl,4.764386325542424,4.925599162977088,-0.16121283743466375
p_3188,t3_2ylpc2,t1_cpbibr5,t1_cpas8xx,4.382364916617113,4.363667227115672,0.01869768950144124
p_3190,t3_2yjfmh,t1_cpa36dq,t1_cpa3an8,4.676971854751502,3.7002574627934983,0.9767143919580032
p_3191,t3_2yiq39,t1_cpa9xce,t1_cpa631o,4.57511371798796,4.292703376280596,0.28241034170736334
p_3192,t3_2yf7qq,t1_cp99lvc,t1_cp93f2r,5.438242214928824,4.603907784643388,0.8343344302854359
p_3193,t3_2yd5o8,t1_cp8vpwz,t1_cp958ck,5.376853024743951,4.316392036384697,1.0604609883592548
p_3195,t3_2ybbix,t1_cp82nwy,t1_cp82f52,4.848386947101174,4.292497035834302,0.5558899112668723
p_3197,t3_2y7emy,t1_cp7dtp8,t1_cp6zfsl,4.424723185989653,4.309410626551971,0.11531255943768226
p_3198,t3_2y3ey0,t1_cp602x0,t1_cp5xnrf,4.573732528478483,4.044992126192205,0.528740402286278
p_3200,t3_2y2x3h,t1_cp7ahf4,t1_cp5u0ky,4.618454761549434,5.014854316200879,-0.3963995546514454
p_3202,t3_2y1qef,t1_cp5gz36,t1_cp5f7p9,4.943329646238716,4.955682537278238,-0.012352891039522085
p_3203,t3_2y1qef,t1_cp5grqp,t1_cp5h19u,4.618793678003839,4.566745508088462,0.052048169915376974
p_3206,t3_2xucsd,t1_cp3kg1w,t1_cp40o0d,4.576742871825349,4.105255697882329,0.47148717394301976
p_3209,t3_2xrgw2,t1_cp37nug,t1_cp2vkvv,4.841865961797,4.094201175133178,0.7476647866638215
p_3210,t3_2xrgw2,t1_cp37f33,t1_cp2xn1u,4.775193950866849,4.996147408895939,-0.22095345802908994
p_3213,t3_2xmiyf,t1_cp1j8w5,t1_cp1iumq,4.555547900210024,4.354600982626136,0.20094691758388805
p_3214,t3_2xmiyf,t1_cp1jnin,t1_cp1g0ku,3.7250077306072216,4.380857142031503,-0.6558494114242812
p_3215,t3_2xlisq,t1_cp1abkg,t1_cp1754z,4.044759882293536,4.594141501084559,-0.5493816187910232
p_3216,t3_2xl4rw,t1_cp15lwr,t1_cp11sf7,4.847884224628196,4.593169766420883,0.25471445820731287
p_3218,t3_2xi4wd,t1_cp0ef5z,t1_cp0slmn,4.314431092281499,3.9155578580759536,0.3988732342055452
p_3219,t3_2xi4wd,t1_cp0fl3c,t1_cp0bc52,4.242796013562288,4.608400854478286,-0.36560484091599754
p_3220,t3_2xi4wd,t1_cp0t5wj,t1_cp0kyaf,4.042796040315738,4.998606639871774,-0.9558105995560355
p_3222,t3_2xhx6v,t1_cp0bt5j,t1_cp08ljs,4.192682627269648,4.0066591622238565,0.1860234650457917
p_3224,t3_2xdq2l,t1_coz8sbl,t1_coz76r3,4.669243838452412,4.237159034365338,0.43208480408707395
p_3230,t3_2x8z4g,t1_coxy4hg,t1_coxyxff,3.6062812162947777,4.64189778829229,-1.0356165719975126
p_3231,t3_2x8z4g,t1_coy04h5,t1_coy2j1k,3.822748991224637,4.271402795503376,-0.44865380427873935
p_3232,t3_2x8d5x,t1_coxvk7s,t1_coxt9pp,4.581273713943669,4.20976789009048,0.3715058238531892
p_3233,t3_2x854p,t1_coxwtm2,t1_coy1knj,5.472338356202088,5.051384352117381,0.42095400408470685
p_3234,t3_2x854p,t1_coxtndh,t1_coy1knj,5.029345213947494,5.051384352117381,-0.02203913816988745
p_3235,t3_2x5tun,t1_coxelmy,t1_coxhqfc,4.429808998120282,4.873758997603516,-0.4439499994832339
p_3241,t3_2x3mqe,t1_cown511,t1_cox3bqe,4.79637359776044,4.089691579083785,0.7066820186766556
p_3244,t3_2wzag2,t1_covh1ws,t1_covh7lg,4.395249333134655,3.6832188232555536,0.7120305098791011
p_3245,t3_2wwm6s,t1_cousnad,t1_couzrzu,4.979504658923508,5.079940842233452,-0.1004361833099443
p_3246,t3_2wwm6s,t1_cov25ri,t1_couwhek,5.073460234849373,4.46563800605366,0.6078222287957127
p_3247,t3_2wwm6s,t1_covr47l,t1_covi6v6,5.464689140944289,5.441588100884005,0.02310104006028446
p_3248,t3_2ww2gf,t1_coumecu,t1_coupssh,4.635546971212134,4.838744332654155,-0.2031973614420206
p_3249,t3_2ww2gf,t1_coumzr3,t1_coun5bz,4.3508707164679405,4.060556997345141,0.2903137191227998
p_3250,t3_2ww2gf,t1_coupfz0,t1_counjd7,4.709781244511191,4.196932955486707,0.5128482890244843
p_3252,t3_2wtckq,t1_cotyhdv,t1_cotxl7k,3.9782785712217037,4.1594681510066565,-0.18118957978495276
p_3253,t3_2wtckq,t1_coty9wt,t1_cotxl7k,4.361163456776309,4.1594681510066565,0.20169530576965222
p_3251,t3_2wtckq,t1_coty7wj,t1_cotxl7k,4.032548766259369,4.1594681510066565,-0.12691938474728737
p_3256,t3_2wspy2,t1_cots6nh,t1_cotul63,4.961881405120955,4.13081654891635,0.8310648562046055
p_3257,t3_2wspy2,t1_cotrm84,t1_cou6ocd,4.54841896347313,3.6421595112217426,0.9062594522513869
p_3258,t3_2wspy2,t1_cotslxs,t1_cotul63,4.980729765653167,4.13081654891635,0.8499132167368169
p_3259,t3_2wspy2,t1_cou8if8,t1_cottxbc,4.49407975694761,4.256916308688938,0.23716344825867175
p_3262,t3_2wl741,t1_cos0ngi,t1_corvz2b,5.176133950847969,4.026767517551146,1.149366433296823
p_3263,t3_2wj2qe,t1_corgf7j,t1_corcu44,5.271020797670859,4.87776810679008,0.39325269088077874
p_3265,t3_2wgq7w,t1_coqolb4,t1_coqta6c,5.098903185424818,5.198819367879609,-0.09991618245479117
p_3266,t3_2wfe25,t1_coqawpy,t1_coqc7s9,4.678735188870106,4.162901565518501,0.5158336233516048
p_3267,t3_2wf11t,t1_coq7vrq,t1_coq82am,4.200618105871159,4.2585412834486975,-0.057923177577538176
p_3268,t3_2wf11t,t1_corlylz,t1_coq82am,4.327865782244076,4.2585412834486975,0.06932449879537828
p_3270,t3_2wcx6l,t1_copog5z,t1_copo9fg,4.15397762312777,4.150921556695944,0.00305606643182621
p_3271,t3_2wcx6l,t1_copowc4,t1_copoa4v,4.892682897975426,4.628520257650554,0.264162640324872
p_3272,t3_2wcx6l,t1_copq0ro,t1_copo9fg,4.672775395791799,4.150921556695944,0.5218538390958551
p_3273,t3_2wc5yt,t1_copid03,t1_copia1s,5.14714095486177,4.6518178641416625,0.49532309072010783
p_3274,t3_2wb845,t1_copm7s7,t1_copoz9h,4.0192134465595935,4.294000587111068,-0.27478714055147435
p_3275,t3_2w73vi,t1_coo9czm,t1_coo5eto,4.776121689790992,3.940934875967115,0.8351868138238774
p_3276,t3_2w5ycw,t1_conwntb,t1_coo1wjv,4.826861633221517,4.125285378371749,0.7015762548497682
p_3279,t3_2w51ti,t1_conqpc0,t1_conu1n5,4.896124367674444,4.622232364474479,0.27389200319996476
p_3282,t3_2w4u2j,t1_conpvd6,t1_coo2owl,4.2670371890832035,4.237405933675472,0.029631255407731594
p_3283,t3_2w4etw,t1_conlvbr,t1_conk598,4.391309341317078,4.743342585918221,-0.3520332446011425
p_3284,t3_2w4e2u,t1_conpgz6,t1_conybza,5.325921992361095,4.792764527902894,0.5331574644582009
p_3285,t3_2w0xan,t1_comot8c,t1_comm43e,3.5946076639982922,4.393561192233744,-0.7989535282354514
p_3287,t3_2vzx7m,t1_comdev9,t1_comd7eb,4.950735727961951,4.444049142442767,0.5066865855191844
p_3288,t3_2vxtol,t1_colviyq,t1_com0vy0,4.632677424419488,4.808618061000807,-0.17594063658131898
p_3289,t3_2vxd18,t1_com8usv,t1_colq917,4.882568445961446,4.147210686540644,0.7353577594208014
p_3290,t3_2vxd18,t1_colwsdb,t1_colrkuv,4.71266046501983,4.466050261492821,0.24661020352700902
p_3291,t3_2vwn9m,t1_colkgfu,t1_coljf0b,4.918520223779684,4.651273143509209,0.26724708027047495
p_3295,t3_2vtswv,t1_cokxnxq,t1_cokvvwj,3.890130518800866,3.1732589491258034,0.7168715696750625
p_3299,t3_2vnyz6,t1_cojodl0,t1_cojlnsv,4.323751365736205,4.536849210379842,-0.21309784464363624
p_3300,t3_2vmfvq,t1_coj80q1,t1_coj81nh,3.412957035424985,4.131069433612594,-0.7181123981876087
p_3301,t3_2vks7u,t1_coilce0,t1_coijwtu,4.854304376644868,4.306134731646657,0.548169644998211
p_3303,t3_2vks7u,t1_coitx3o,t1_coin5gm,4.912605450391586,4.603744715320689,0.3088607350708976
p_3304,t3_2vks7u,t1_cojb022,t1_coiskjc,4.633511482308888,4.140688649050859,0.4928228332580291
p_3305,t3_2vhhar,t1_cohoh2a,t1_cohtbiq,4.495344712399653,4.412635493124576,0.08270921927507757
p_3307,t3_2vhgab,t1_cohtk17,t1_cohodzj,4.231955971183362,3.8880764191274872,0.34387955205587506
p_3308,t3_2vgfjl,t1_cohjcql,t1_cohe4zu,3.9123432906628746,3.9154283778054433,-0.003085087142568721
p_3309,t3_2vfdjb,t1_coh87xk,t1_coihv1q,4.172375089038682,4.376685326842875,-0.20431023780419277
p_3310,t3_2vcz0j,t1_cogkf1c,t1_cogkxsx,4.631934870103467,4.838747678146778,-0.2068128080433116
p_3311,t3_2vc9nj,t1_cogd61z,t1_cogex21,4.362660967231545,4.738933724689768,-0.3762727574582234
p_3312,t3_2vb7n1,t1_cog7zan,t1_cojqi77,4.631966625685662,5.163737181643346,-0.5317705559576842
p_3313,t3_2vayhb,t1_cog0004,t1_cog18c4,4.553641248846839,4.754463514560331,-0.2008222657134917
p_3317,t3_2v54ba,t1_coeixh4,t1_coemcyd,4.590484207916917,4.749353677598441,-0.15886946968152404
p_3320,t3_2v54ba,t1_coeiwgf,t1_coeno30,3.7952320663016414,3.8598589513107737,-0.06462688500913227
p_3321,t3_2v4vs4,t1_coeisbz,t1_coenx4c,4.428137978021138,4.974201565478959,-0.5460635874578204
p_3322,t3_2v3dbt,t1_coeuya9,t1_coe54na,4.9220842310988715,4.628006363127424,0.2940778679714473
p_3323,t3_2v3b2v,t1_coe2hj4,t1_coe3kad,4.113894323939954,4.4941261172331135,-0.38023179329315937
p_3324,t3_2v3b2v,t1_coe3dx6,t1_coe41ib,5.098425921717767,4.616661248980626,0.48176467273714074
p_3326,t3_2uzgtq,t1_coda73s,t1_codi9w9,4.594719506389035,3.9673808530717594,0.6273386533172758
p_3327,t3_2uyf2j,t1_cocy4sv,t1_cocts31,4.6185917283343585,4.4335674980907225,0.185024230243636
p_3328,t3_2uyc2l,t1_codgr1k,t1_cod6jiu,5.320376828483337,4.97197301807767,0.34840381040566637
p_3330,t3_2uudze,t1_cobt14z,t1_cobzyv2,5.1419660446526985,4.860743579527463,0.28122246512523574
p_3331,t3_2utwnf,t1_cobnk6q,t1_cobujy3,4.021994212531774,4.484426524101749,-0.4624323115699749
p_3335,t3_2uocbs,t1_coa6e3k,t1_coa6g1k,4.7821292714113595,4.311044041682299,0.4710852297290602
p_3339,t3_2unn7n,t1_coa4d4b,t1_co9zgj7,4.518547034671237,3.684910515772783,0.8336365188984542
p_3341,t3_2unkg9,t1_co9z0gg,t1_coa3lkt,4.2486586795378845,4.667507447231362,-0.41884876769347734
p_3342,t3_2unkg9,t1_coadcvv,t1_coaqczi,4.708813339276444,4.391799058897994,0.3170142803784506
p_3343,t3_2unhtm,t1_coaivyc,t1_coajh6t,5.113203014585251,5.068560510025107,0.044642504560143514
p_3344,t3_2umw9b,t1_co9t3iu,t1_co9sw89,4.538720860878462,4.590421753534058,-0.051700892655595965
p_3345,t3_2umw9b,t1_coa4zj9,t1_co9sudq,4.049863900030801,4.430135714883383,-0.38027181485258144
p_3346,t3_2ul1df,t1_co9kcnl,t1_co9c0rj,4.200194316846116,4.058319668355696,0.14187464849042009
p_3347,t3_2uk6fx,t1_co94y3l,t1_co9o182,4.811836701306442,4.534842455022269,0.2769942462841728
p_3348,t3_2uk6fx,t1_co9423q,t1_co98hm4,4.336894324482717,4.642721515463183,-0.30582719098046596
p_3349,t3_2ujo2u,t1_co9an3h,t1_co98y0r,3.8975195419174513,4.508294206337239,-0.6107746644197878
p_3352,t3_2uj4yv,t1_co9ncgk,t1_co8y43y,5.456407026210195,5.246455583882199,0.20995144232799667
p_3353,t3_2uiin1,t1_co8sei3,t1_co8ond6,4.153889310653224,4.013861332553492,0.14002797809973266
p_3354,t3_2uid44,t1_co8o0es,t1_co8s8kd,4.5915038416831555,4.170631025940917,0.42087281574223834
p_3358,t3_2ug2wi,t1_co82vuw,t1_co834w1,3.857200199942267,3.733496356364848,0.12370384357741893
p_3360,t3_2ucr50,t1_co7790p,t1_co77bgv,4.6726913529332235,4.360777035889878,0.31191431704334516
p_3362,t3_2ubt5m,t1_co75rce,t1_co70e85,4.074525546127079,4.154051432240022,-0.07952588611294331
p_3363,t3_2ubl1z,t1_co6xfgb,t1_co70me4,4.6250559281605605,4.6400400397576975,-0.014984111597136973
p_3364,t3_2ubbe0,t1_co73l5g,t1_co6tosu,4.4151471838257015,3.307736613507555,1.1074105703181463
p_3367,t3_2u8qcj,t1_co67jc2,t1_co670vd,4.514834821149514,4.6636491988609,-0.1488143777113855
p_3368,t3_2u8hi5,t1_co65nrh,t1_co69ood,4.7418717327869935,5.2036542108422,-0.46178247805520645
p_3369,t3_2u7z7v,t1_co5yytr,t1_co63mr3,4.676272468510683,4.522570528536138,0.1537019399745443
p_3371,t3_2u7i4q,t1_co62evd,t1_co5xcqu,4.60447840282766,4.697837975544415,-0.09335957271675444
p_3374,t3_2u460b,t1_co4yacj,t1_co5wbvc,4.421670465645666,4.39291140275145,0.028759062894216036
p_3376,t3_2u2fpm,t1_co4ivor,t1_co4n7du,4.474793641370531,4.517228937683303,-0.042435296312771875
p_3377,t3_2u2fpm,t1_co4qgkz,t1_co4iks0,3.7430399638617935,3.9540660347737284,-0.21102607091193493
p_3378,t3_2u1s4k,t1_co4efyx,t1_co5t3kb,3.9571807148679095,4.159069909926472,-0.20188919505856218
p_3379,t3_2tz5od,t1_co3mhs2,t1_co3mqwu,4.136771317811648,4.01844566261665,0.11832565519499738
p_3381,t3_2txwe7,t1_co3hzuu,t1_co3b93t,3.8511687510671435,4.292931038971917,-0.4417622879047731
p_3384,t3_2tquws,t1_co1i3vy,t1_co1iyez,4.616326658205258,4.459450041943238,0.15687661626202054
p_3385,t3_2tpl0x,t1_co1i4k5,t1_co16br0,5.173724930147358,4.901751998410561,0.27197293173679693
p_3387,t3_2tn8qu,t1_co0jf5s,t1_co11da9,5.342134787024914,5.1291149876168065,0.21301979940810778
p_3389,t3_2tlyzs,t1_co0mpip,t1_co0gu67,4.650740013605007,4.787388160063764,-0.13664814645875722
p_3388,t3_2tlyzs,t1_co15kpv,t1_co0httm,5.000620357226611,4.329571363021853,0.6710489942047575
p_3390,t3_2tj4pv,t1_cnzy3ou,t1_cnzjggb,4.302044475847154,3.6138342074535847,0.6882102683935694
p_3391,t3_2tiipu,t1_cnzc4fs,t1_cnzca9l,4.787072287029223,4.592496364962291,0.19457592206693164
p_3392,t3_2tf0y4,t1_cnz5c7v,t1_cnz2826,4.303470203476031,4.0940469627142795,0.20942324076175112
p_3393,t3_2teulf,t1_cnyf7vq,t1_cnyyfu0,4.822390725278389,3.787668061121301,1.034722664157088
p_3394,t3_2tet25,t1_cnye2j4,t1_cnydh7a,4.749446092666595,4.738525768737046,0.010920323929549447
p_3395,t3_2tet25,t1_cnyfwsr,t1_cnygkjb,4.9421877366585605,5.030535248856766,-0.08834751219820536
p_3397,t3_2tekkp,t1_cnyd3k9,t1_cnzrdgm,4.432301202808071,4.3266745835743015,0.10562661923376915
p_3398,t3_2td8d4,t1_cny8efd,t1_cny3yi2,4.228053006414578,4.28292968326444,-0.05487667684986164
p_3399,t3_2tct9j,t1_cny4adc,t1_cnxvd59,4.605048012227843,4.770285638945248,-0.16523762671740538
p_3400,t3_2tct9j,t1_cny4b3k,t1_cnxvd59,4.8186213273317104,4.770285638945248,0.048335688386462294
p_3402,t3_2t6ote,t1_cnw8hwh,t1_cnwnwz0,4.922597084204289,5.116377764472604,-0.19378068026831485
p_3403,t3_2t6ote,t1_cnwehlh,t1_cnw9vyp,4.719577575499785,4.645835992618827,0.07374158288095778
p_3404,t3_2t5d0k,t1_cnw2fgz,t1_cnw6d8q,4.966736109396879,4.326585150433493,0.6401509589633863
p_3405,t3_2t5d0k,t1_cnw7mj4,t1_cnw9ce5,4.345014613419312,4.058407844858111,0.2866067685612004
p_3406,t3_2t26nx,t1_cnv8j11,t1_cnvag08,3.9696500413487326,4.136185165222299,-0.16653512387356662
p_3407,t3_2sy7r5,t1_cnu0c1p,t1_cnubeuy,4.9139988657783915,4.646811305733146,0.2671875600452456
p_3409,t3_2su8e2,t1_cnsz4kn,t1_cnsx5ru,4.58281598699119,4.540971174126023,0.04184481286516739
p_3411,t3_2su8e2,t1_cnt1y8t,t1_cntdr6s,4.59113442982075,4.4363488984084665,0.15478553141228346
p_3412,t3_2su8e2,t1_cnt845z,t1_cnt8tg7,5.16237285675392,5.057002452818691,0.105370403935229
p_3413,t3_2su8e2,t1_cnsxgsn,t1_cntprhw,4.600612816128275,4.501553169174046,0.09905964695422931
p_3414,t3_2su8e2,t1_cnsxse0,t1_cnsz1rt,4.834020666318896,4.699527955024219,0.13449271129467721
p_3415,t3_2su8e2,t1_cnunryh,t1_cnsyy4i,4.8024868367808455,4.6692119793812195,0.13327485739962608
p_3416,t3_2su8e2,t1_cnt3umh,t1_cnsyin0,4.333524928192049,3.95288256879108,0.38064235940096935
p_3417,t3_2su8e2,t1_cnte5ku,t1_cnt3fdn,4.559438367904425,4.444860511126226,0.1145778567781992
p_3419,t3_2su8e2,t1_cntbdmc,t1_cnsyin0,4.534434740198514,3.95288256879108,0.5815521714074343
p_3421,t3_2su8e2,t1_cnt9axw,t1_cnt2iz3,4.796292938122037,3.939110650786657,0.8571822873353803
p_3422,t3_2su8e2,t1_cnt85u7,t1_cntf8xd,4.506762994693514,4.246800869709089,0.2599621249844253
p_3423,t3_2su8e2,t1_cntdvgn,t1_cnsyin0,4.4523160830888076,3.95288256879108,0.49943351429772775
p_3424,t3_2su8e2,t1_cnt1ycn,t1_cnt2h0f,4.7109174070079245,4.690516066128975,0.020401340878949625
p_3425,t3_2su8e2,t1_cnt4b86,t1_cnsyin0,3.995451335080411,3.95288256879108,0.04256876628933126
p_3426,t3_2su6pz,t1_cnsuxnr,t1_cntesru,3.9585289519746993,3.9901839301575825,-0.03165497818288321
p_3427,t3_2su6pz,t1_cnsv16y,t1_cnt8h1t,4.513990671873471,4.612024964750671,-0.0980342928772
p_3428,t3_2stah2,t1_cnsnfp3,t1_cnso055,4.347601966256863,4.452894279965728,-0.1052923137088646
p_3429,t3_2sqh6c,t1_cnsh391,t1_cns23nc,4.773381084621215,4.601320253778794,0.17206083084242074
p_3432,t3_2sjck6,t1_cnq11eh,t1_cnq7kou,4.857920433585648,4.568451295613826,0.28946913797182194
p_3433,t3_2siye9,t1_cnpvesh,t1_cnpw7ts,4.371497884272563,3.7061792545265746,0.6653186297459888
p_3435,t3_2sf2we,t1_cnp48f2,t1_cnp29jv,4.7817822318900145,4.189537765232303,0.5922444666577116
p_3437,t3_2sbnxo,t1_cno05ek,t1_cnnz3ot,4.536454165113104,4.068532676558848,0.4679214885542553
p_3438,t3_2sagug,t1_cnnmwvw,t1_cno8oxd,3.9095660360415705,3.933258485628018,-0.023692449586447673
p_3439,t3_2s8qu4,t1_cnn8scl,t1_cnn8yko,4.897132470884461,4.628046882112872,0.2690855887715893
p_3441,t3_2s3ey4,t1_cnlta5w,t1_cnn50va,4.075025146797478,3.995716454007579,0.07930869278989938
p_3442,t3_2s38n0,t1_cnltsuz,t1_cnm8elm,4.537879169630457,4.126574459832988,0.41130470979746825
p_3443,t3_2s311o,t1_cnlr4r5,t1_cnlpavt,4.51498121694375,4.0495046306167515,0.4654765863269983
p_3445,t3_2s0mca,t1_cnlmsyb,t1_cnl4rwb,4.783533698706274,4.795361531587883,-0.01182783288160838
p_3446,t3_2s04yv,t1_cnl68x9,t1_cnldfng,4.772707936045897,4.245381981060689,0.5273259549852085
p_3447,t3_2ryflh,t1_cnknvgl,t1_cnknbq4,4.232006296638089,4.459724147591644,-0.2277178509535549
p_3449,t3_2rtxcw,t1_cnjo1jr,t1_cnj9t8c,3.760104818337974,4.663572353959441,-0.9034675356214668
p_3450,t3_2rtxcw,t1_cnjlno1,t1_cnj9t8c,4.421697710274608,4.663572353959441,-0.2418746436848327
p_3451,t3_2rspje,t1_cnizgmn,t1_cnj8tea,3.635431051719607,4.454623826031691,-0.8191927743120839
p_3452,t3_2rsgv3,t1_cniw4jr,t1_cniu655,3.905467875518776,3.8381148366578537,0.06735303886092225
p_3454,t3_2rs57a,t1_cnjiwww,t1_cnjrwds,4.529529098659999,4.7131896115896375,-0.18366051292963803
p_3455,t3_2rqvf8,t1_cnii75i,t1_cnijhp3,3.7438120772678984,4.028503551097573,-0.2846914738296742
p_3457,t3_3j8yfq,t1_cundk5r,t1_cunbl8g,4.399005314940109,4.932676394736742,-0.5336710797966324
p_3458,t3_3j8yfq,t1_cunbkbz,t1_cuncrke,4.410236824308796,4.753384125951857,-0.34314730164306173
p_3461,t3_3j5b7g,t1_cumhf65,t1_cumi9vr,4.966194828413694,4.45354988653034,0.5126449418833543
p_3462,t3_3j4xz5,t1_cumcunp,t1_cun4urq,4.365663164718769,4.5261417182579935,-0.16047855353922458
p_3463,t3_3j4xz5,t1_cumbp9z,t1_cun012v,4.198928738591965,4.201776069768208,-0.0028473311762429176
p_3465,t3_3j348p,t1_culv71v,t1_cum06j5,3.5476771792762407,4.548583234954239,-1.0009060556779983
p_3466,t3_3j2zal,t1_cult31h,t1_culspcu,4.60058221535667,4.583882610519768,0.01669960483690147
p_3469,t3_3izsdq,t1_culv1a1,t1_cul3ok3,4.164848625197614,4.266949445446523,-0.10210082024890887
p_3472,t3_3iz617,t1_cul2p8q,t1_culbyou,4.677364810290372,4.815514881281899,-0.13815007099152687
p_3473,t3_3iynfo,t1_culekhe,t1_cul3cub,5.5770666944522285,5.022974962313626,0.5540917321386027
p_3474,t3_3iymmk,t1_cukv841,t1_cukv8bl,4.221570223265282,5.043626427645679,-0.822056204380397
p_3475,t3_3iymd6,t1_cukus68,t1_cuktt0z,4.772288974625881,4.104767762449897,0.6675212121759841
p_3476,t3_3iymd6,t1_cukvhtm,t1_cuktt0z,4.716480323419401,4.104767762449897,0.6117125609695044
p_3479,t3_3ixtu4,t1_cukm93p,t1_cuklqh9,4.80353234531548,4.622554802873902,0.18097754244157827
p_3480,t3_3ixtu4,t1_cukmf21,t1_cukm0pr,5.033747909550178,3.995894833178394,1.0378530763717841
p_3483,t3_3isviu,t1_cujohec,t1_cujcyeh,4.008476589637325,3.6630636832720738,0.3454129063652509
p_3484,t3_3isviu,t1_cujddsn,t1_cujfb9o,5.157345027634113,4.860694896522096,0.2966501311120169
p_3485,t3_3irqrk,t1_cuk3web,t1_cuje0x7,4.504628501130749,4.682637321215876,-0.17800882008512708
p_3486,t3_3irqrk,t1_cujfvvz,t1_cujmo9h,4.708823936311569,4.72123990854694,-0.012415972235370276
p_3487,t3_3irh3k,t1_cuj0bdo,t1_cuizlek,4.805476596448678,4.203637969861105,0.6018386265875728
p_3488,t3_3iqu4d,t1_cuj1ozx,t1_cuiwucd,4.993371551231501,4.201029595709023,0.7923419555224784
p_3489,t3_3iqty5,t1_cuj86a7,t1_cuj36j4,4.578097182083039,4.262479637819957,0.3156175442630822
p_3490,t3_3iq6j0,t1_cuiy6h8,t1_cuj2qp1,4.608351787682765,5.224227495858643,-0.6158757081758779
p_3491,t3_3inybw,t1_cui3v06,t1_cuicq4r,4.526273493611927,4.568605149060405,-0.04233165544847761
p_3492,t3_3injsb,t1_cui5ld0,t1_cui565b,4.76932723132823,3.610206487085227,1.159120744243003
p_3495,t3_3ijsss,t1_cuh6kys,t1_cuhg7b8,4.399365621216203,4.460996573486565,-0.061630952270361306
p_3496,t3_3ijsss,t1_cuh4arm,t1_cuhg7b8,4.788010181281154,4.460996573486565,0.32701360779458977
p_3500,t3_3iammm,t1_cues26b,t1_cueuwm5,4.3466306776638906,4.745221523103301,-0.3985908454394105
p_3501,t3_3iammm,t1_cuete5w,t1_cuerzgs,4.824849756294614,4.547679574218427,0.27717018207618693
p_3502,t3_3iammm,t1_cuew3c0,t1_cueu3av,3.6692859818983807,3.988257949615518,-0.31897196771713743
p_3503,t3_3i9n2q,t1_cueircr,t1_cuenxor,4.448193686737848,4.5497559304767705,-0.10156224373892275
p_3504,t3_3i9n2q,t1_cufiuhn,t1_cueyyfo,5.179856674556542,5.003867632114088,0.1759890424424544
p_3505,t3_3i8nmh,t1_cue9cr1,t1_cuea24l,4.217151086836672,4.548584955711571,-0.3314338688748988
p_3507,t3_3i8834,t1_cue4ikv,t1_cue5fsj,4.11850343750353,4.447230215986681,-0.32872677848315135
p_3508,t3_3i8834,t1_cue7on2,t1_cue83jy,4.589719144232275,4.687226620089723,-0.0975074758574479
p_3513,t3_3i7k0u,t1_cue07hc,t1_cudypb4,4.939481120955897,4.850372830192694,0.08910829076320237
p_3511,t3_3i7k0u,t1_cue31x0,t1_cue1sot,4.88761239532941,3.887191962373394,1.000420432956016
p_3512,t3_3i7k0u,t1_cue0k0p,t1_cue5g6f,4.5902892197618,4.925340342646164,-0.335051122884364
p_3514,t3_3i7k0u,t1_cuee0d9,t1_cudzumt,4.271055153866094,4.081418529271721,0.1896366245943728
p_3516,t3_3i74qy,t1_cudw08r,t1_cudux0k,4.258733633868118,3.8086222054407144,0.4501114284274039
p_3517,t3_3i5x6k,t1_cudnqtj,t1_cue4n29,4.981930010088497,3.9569342144268207,1.0249957956616766
p_3519,t3_3i5a78,t1_cudjp1z,t1_cudst66,5.14015412286844,4.1004988338150685,1.0396552890533712
p_3521,t3_3i3wn7,t1_cud76ln,t1_cud3r2z,4.551421084165659,4.7813317900730565,-0.2299107059073977
p_3523,t3_3i3vx9,t1_cud2a4g,t1_cud2qth,3.654461256225803,4.723429293323081,-1.0689680370972776
p_3522,t3_3i3vx9,t1_cud5nsy,t1_cud2qth,5.136793000172976,4.723429293323081,0.41336370684989543
p_3524,t3_3i2plj,t1_cucv4aa,t1_cucxjt7,4.783361556457536,4.245195458168478,0.5381660982890581
p_3525,t3_3i2plj,t1_cucthi0,t1_cuctx89,3.7011004098233142,4.493237919746361,-0.7921375099230472
p_3526,t3_3i283w,t1_cud0fa0,t1_cucolyj,4.4187558346069284,3.9070371484976585,0.51171868610927
p_3527,t3_3i0b0w,t1_cuchpgk,t1_cuc59ef,4.407946355839048,4.15105985308693,0.2568865027521179
p_3530,t3_3hsvl2,t1_cuad8r8,t1_cuaqsqb,5.3227118542952985,4.372803783547211,0.9499080707480871
p_3531,t3_3hrivr,t1_cua0vt2,t1_cu9xxve,3.8075211625792096,3.537452507258208,0.27006865532100166
p_3534,t3_3hpq7g,t1_cu9josn,t1_cu9k41i,4.768863331848094,4.2937700774920184,0.47509325435607597
p_3535,t3_3hpq7g,t1_cu9kipp,t1_cu9x1z9,4.460721780318449,4.672278767640559,-0.21155698732210926
p_3536,t3_3hosv2,t1_cu9at72,t1_cu9cml6,4.829146540865692,4.655687338666301,0.1734592021993917
p_3537,t3_3hoq7p,t1_cu9k2tb,t1_cu9atrb,5.045188062857022,4.6978604270709114,0.3473276357861108
p_3538,t3_3hmpv3,t1_cu8qdp9,t1_cu8pb7k,4.68948369404036,4.123849246892317,0.5656344471480432
p_3539,t3_3hkh5j,t1_cu8ovlu,t1_cu8ovof,4.454529257033271,4.720098467358419,-0.2655692103251477
p_3541,t3_3hh46c,t1_cu7c27f,t1_cu7c1z2,4.343213568630648,5.033885987558703,-0.6906724189280551
p_3543,t3_3hgl6d,t1_cu7ehx8,t1_cu79azc,4.735484562887024,4.698731863747053,0.0367526991399707
p_3542,t3_3hgl6d,t1_cu7d0px,t1_cu7azy6,4.258141416776257,4.380099253033437,-0.12195783625718004
p_3544,t3_3hg6gk,t1_cu72vgj,t1_cu7213o,4.264228938725575,4.124516876314814,0.1397120624107604
p_3546,t3_3hfjxc,t1_cu6z830,t1_cu71g18,4.171230354382004,4.329841559863127,-0.1586112054811224
p_3547,t3_3hfioz,t1_cuc0fou,t1_cu7ifcw,4.602044244954259,5.163429520678085,-0.5613852757238265
p_3548,t3_3hel60,t1_cu6qm9g,t1_cu6prd9,4.413366064686529,4.040189673637111,0.3731763910494177
p_3552,t3_3hdp4a,t1_cu6jlng,t1_cu6jn61,4.337362690901243,3.7864417504630468,0.5509209404381958
p_3555,t3_3hcpmz,t1_cu6c4si,t1_cu6f8lz,5.435440398969571,5.1028378969410735,0.3326025020284975
p_3556,t3_3hcfg2,t1_cu65tgy,t1_cu65kqn,4.17997665199883,4.5179620656748085,-0.33798541367597856
p_3557,t3_3hcfg2,t1_cu65sqs,t1_cu65hi9,4.214204893620843,4.423392342898883,-0.20918744927804056
p_3558,t3_3hcfg2,t1_cu68tq4,t1_cu65vdo,3.9845560875315957,4.2693697460189695,-0.2848136584873737
p_3560,t3_3h8y7m,t1_cu5ao33,t1_cu5bjz7,4.120461972386708,4.314814987985365,-0.19435301559865703
p_3563,t3_3h69kp,t1_cu5o71n,t1_cu4mp4v,4.285614994669847,3.8112919259147144,0.4743230687551323
p_3566,t3_3h1dud,t1_cu3e462,t1_cu3dhym,3.236060844462139,4.153380447573271,-0.9173196031111321
p_3568,t3_3h13pq,t1_cu3c98a,t1_cu3bnnc,4.70508629994103,4.843358614166697,-0.13827231422566744
p_3569,t3_3h0s9a,t1_cu3bh3m,t1_cu383tr,4.682973751690965,4.254631850116473,0.42834190157449203
p_3570,t3_3gz2bd,t1_cu2qwnu,t1_cu2zo0y,3.937464021464597,4.372815956373269,-0.43535193490867163
p_3571,t3_3gys03,t1_cu2q2lr,t1_cu2pmm6,5.1932494694416125,4.952968156324731,0.24028131311688128
p_3572,t3_3gw6np,t1_cu252mj,t1_cu20nky,4.173700240654208,4.100984560467198,0.07271568018700947
p_3576,t3_3gri3k,t1_cu0uiw1,t1_cu0sztg,4.8953343025081315,4.346699658100797,0.5486346444073344
p_3577,t3_3gri3k,t1_cu0urd0,t1_cu0vpsk,5.1983846738631545,4.55157169864765,0.6468129752155045
p_3583,t3_3gp6g1,t1_cu0aq54,t1_cu08mnw,5.0547791798387705,4.572018334379101,0.48276084545966924
p_3582,t3_3gp6g1,t1_cu09x63,t1_cu08mnw,4.821255725850826,4.572018334379101,0.2492373914717252
p_3585,t3_3gnc86,t1_ctzot2x,t1_ctzq8hf,3.920539596922565,4.485871045502456,-0.5653314485798915
p_3586,t3_3gincm,t1_ctyigsj,t1_ctyhn4v,5.052927144702242,4.457295869397979,0.595631275304263
p_3587,t3_3gincm,t1_ctyhn4x,t1_ctyinar,3.6769837835519983,3.942774608463648,-0.2657908249116496
p_3589,t3_3ghl3t,t1_cty7tlm,t1_cty6dyx,3.9878885334496275,4.214953034837506,-0.22706450138787826
p_3590,t3_3ghl3t,t1_cty9isx,t1_cty8sv7,4.703988825527052,4.1476605814799825,0.5563282440470694
p_3592,t3_3ggp32,t1_cty0r06,t1_cty0aec,4.946828903075598,4.648388751705591,0.29844015137000746
p_3593,t3_3ggp32,t1_cty35gw,t1_cty0aec,5.4134557169353865,4.648388751705591,0.7650669652297957
p_3595,t3_3gec73,t1_ctxli3x,t1_ctxhga8,4.5845512167071325,4.78097272073806,-0.19642150403092717
p_3596,t3_3ge5mc,t1_ctxb1ki,t1_ctxeqe8,5.141458561842138,4.06588119028224,1.0755773715598984
p_3598,t3_3gdtg4,t1_ctylxuf,t1_ctxaqee,5.00043130434325,4.738921389303253,0.2615099150399969
p_3599,t3_3gdndp,t1_ctx5qis,t1_ctx98zl,4.542266354497047,4.28941206666179,0.2528542878352571
p_3600,t3_3gdish,t1_ctx6te9,t1_ctx7vni,4.8045696885003215,4.520774009726519,0.2837956787738021
p_3601,t3_3gdibt,t1_ctx56mf,t1_ctx4od4,4.166655008307155,4.678653692354422,-0.511998684047267
p_3602,t3_3gcrbs,t1_ctx0d41,t1_ctx24yu,4.005513155170265,3.8363068485835963,0.16920630658666846
p_3604,t3_3gbhud,t1_ctwlw6q,t1_ctwmyam,4.5817707352641195,4.704270975414604,-0.12250024015048488
p_3605,t3_3gbhud,t1_ctwlm4k,t1_ctwv3j1,3.957753997610482,4.151337072883368,-0.19358307527288554
p_3606,t3_3gbhud,t1_ctwml50,t1_ctwlr8k,4.679446507813259,3.764601967836015,0.9148445399772442
p_3607,t3_3gbhud,t1_ctwlqf1,t1_ctwlr8k,4.074997563606806,3.764601967836015,0.3103955957707911
p_3608,t3_3gb6h1,t1_ctwso7w,t1_ctwnm4g,5.2023288921377935,5.198636281579371,0.0036926105584225155
p_3609,t3_3gb461,t1_ctwjnpu,t1_ctwkc6d,4.401402496186409,3.920925337138195,0.4804771590482142
p_3610,t3_3ga6xh,t1_ctwcf34,t1_ctw9u8c,4.774075444213778,4.372703196500611,0.4013722477131667
p_3612,t3_3ga0yc,t1_ctwa3zr,t1_ctw8bfs,4.678471957092481,5.004664661049787,-0.3261927039573065
p_3613,t3_3ga0yc,t1_ctwc8h0,t1_ctw824i,4.901575910610296,3.982686916066191,0.9188889945441048
p_3614,t3_3ga0yc,t1_ctwe0ok,t1_ctw8bfs,4.951197495138459,5.004664661049787,-0.05346716591132861
p_3615,t3_3g9no7,t1_ctw54al,t1_ctw52em,3.7187784643624244,3.994111947716138,-0.27533348335371377
p_3616,t3_3g93j6,t1_ctw0e9h,t1_ctw6elj,5.1018515467229495,5.008825696703147,0.0930258500198029
p_3617,t3_3g8r7o,t1_ctvx3y3,t1_ctwc690,4.677551184680214,4.390969998332243,0.2865811863479708
p_3622,t3_3g646u,t1_ctvb9vl,t1_ctvc59g,4.0504789818460045,4.269361943420661,-0.21888296157465614
p_3623,t3_3g53av,t1_ctuxpb3,t1_ctvf9tq,4.606895213824946,5.283422849530563,-0.6765276357056171
p_3624,t3_3g51jj,t1_ctv0l5x,t1_ctvcg39,4.577607358902108,4.526475264699145,0.05113209420296272
p_3625,t3_3g51jj,t1_ctv269f,t1_ctvcg39,4.715682134122042,4.526475264699145,0.18920686942289677
p_3626,t3_3g51jj,t1_ctv3mds,t1_ctv9uzx,4.556324430722382,4.384813091980512,0.17151133874186986
p_3630,t3_3g1pcd,t1_ctu19ea,t1_ctu17ql,4.425746311913243,4.3169166900789016,0.10882962183434142
p_3635,t3_3g1fhs,t1_cttyuge,t1_cttxvho,3.754564705665972,4.490594375947159,-0.7360296702811873
p_3633,t3_3g1fhs,t1_ctu95h3,t1_cttxvho,5.105118983525813,4.490594375947159,0.6145246075786535
p_3636,t3_3g1fhs,t1_cttzgzr,t1_cttxvho,4.74715140884705,4.490594375947159,0.25655703289989074
p_3632,t3_3g1fhs,t1_cttxzvr,t1_cttxvho,3.8435017408453973,4.490594375947159,-0.6470926351017621
p_3631,t3_3g1fhs,t1_ctty06w,t1_cttxzi1,4.532206399466332,3.9450926748029804,0.587113724663352
p_3637,t3_3g1bgv,t1_cttw7r4,t1_ctu593g,4.776581469973104,4.838869755674607,-0.06228828570150302
p_3640,t3_3g02ia,t1_cttuj7v,t1_cttrhlu,4.0197366101633145,4.153085513012758,-0.1333489028494439
p_3642,t3_3fz5pa,t1_cttcblp,t1_cttc9b6,5.158438241927544,4.7783838695819165,0.38005437234562756
p_3644,t3_3fvhvp,t1_ctsbzuq,t1_ctsdw9m,5.157490808955811,4.708740460340001,0.44875034861580954
p_3645,t3_3fvhjh,t1_ctscnii,t1_ctsbg6s,3.477907171916675,3.818458260626336,-0.340551088709661
p_3646,t3_3fvhjh,t1_ctse486,t1_ctsbtva,4.798056906460331,4.679156463750493,0.11890044270983768
p_3647,t3_3fvhjh,t1_ctsbifp,t1_ctsvne2,4.47692721312055,4.7112342504401425,-0.23430703731959213
p_3648,t3_3fvhjh,t1_ctsc6ss,t1_ctsbtva,4.483874905121851,4.679156463750493,-0.1952815586286416
p_3649,t3_3fveyg,t1_ctsa8js,t1_cts9pfj,4.965148938101189,4.501891050255283,0.4632578878459057
p_3650,t3_3fu1s8,t1_cts3fhv,t1_cts5hav,4.8931986765137285,4.851790983968343,0.0414076925453859
p_3651,t3_3fsgbp,t1_ctrisu9,t1_ctshlnm,4.353082884273591,4.8228459245438655,-0.4697630402702746
p_3652,t3_3fs1zm,t1_ctrhh5j,t1_ctrefi0,3.891189664218579,4.331569473756046,-0.4403798095374669
p_3653,t3_3frc1d,t1_ctr9vhi,t1_ctr7h2r,3.5960804781729494,3.997337405374341,-0.4012569272013917
p_3655,t3_3fql48,t1_ctr20mq,t1_ctr0pwr,5.202661904459668,4.545664750668675,0.6569971537909929
p_3656,t3_3fqb1z,t1_ctqze4g,t1_ctr0cf6,4.27278144084968,4.383535341109377,-0.11075390025969778
p_3658,t3_3fqb1z,t1_ctr0vi4,t1_ctr0cf6,4.159173804827989,4.383535341109377,-0.22436153628138822
p_3657,t3_3fqb1z,t1_ctr0caa,t1_ctr0cf6,3.9504862950187074,4.383535341109377,-0.43304904609066996
p_3659,t3_3fpfyb,t1_ctqrhgh,t1_ctqsan9,4.4643423190341105,4.202622745519694,0.26171957351441666
p_3660,t3_3fp3n9,t1_ctqolc7,t1_ctqnhek,3.970059110394119,4.548120318687535,-0.5780612082934158
p_3661,t3_3fp2bi,t1_ctqnbaz,t1_ctqt3i2,4.289330496027691,4.377962478548649,-0.08863198252095827
p_3663,t3_3fnwpa,t1_ctqdqno,t1_ctqbvw6,3.869782346048116,3.766121386948241,0.10366095909987516
p_3664,t3_3fnv5p,t1_ctqbrad,t1_ctqwxiu,4.392352079775215,3.9953410106922873,0.3970110690829274
p_3665,t3_3fnv5p,t1_ctqn9r7,t1_ctr22l4,4.966580174595212,4.500807544179936,0.46577263041527583
p_3667,t3_3fnpby,t1_ctqb537,t1_ctqb5ui,4.69264540588147,4.744379842431248,-0.051734436549777385
p_3666,t3_3fnpby,t1_ctqa65w,t1_ctqb5ui,4.4619726950731895,4.744379842431248,-0.2824071473580583
p_3669,t3_3fnkrz,t1_ctq8t3q,t1_ctq9oiz,4.715406359081574,4.924514413136858,-0.20910805405528432
p_3671,t3_3fnkrz,t1_ctqas8t,t1_ctq9ar9,5.356671907644831,4.737227157366213,0.6194447502786176
p_3670,t3_3fnkrz,t1_ctq9o0e,t1_ctq9oiz,3.93150375240713,4.924514413136858,-0.9930106607297282
p_3672,t3_3fnkrz,t1_ctq9j16,t1_ctqa3ka,4.324740958083896,3.7694382268811006,0.5553027312027954
p_3675,t3_3fme5v,t1_ctpwnu7,t1_ctpy2fx,3.833145581004587,4.488014366891625,-0.6548687858870381
p_3676,t3_3fh6ko,t1_ctoktht,t1_ctoqkfl,4.3007542869824436,4.5489975105902145,-0.24824322360777096
p_3677,t3_3fg061,t1_cto8r5z,t1_cto8tdw,3.7586219156396443,3.9494701911262,-0.1908482754865557
p_3679,t3_3fg061,t1_cto97vg,t1_cto8tdw,4.237312081886216,3.9494701911262,0.2878418907600162
p_3680,t3_3ffta7,t1_cto7io9,t1_ctoe9av,3.922185506443574,4.154497285697007,-0.2323117792534326
p_3681,t3_3ff3g6,t1_cto0i1n,t1_cto1zos,4.677204913699367,4.917433085194119,-0.24022817149475184
p_3682,t3_3feqzt,t1_ctq3vzp,t1_ctnylzg,4.036518477261363,4.397539991078008,-0.36102151381664527
p_3683,t3_3fcrvd,t1_ctnhp4o,t1_cto31ft,4.16491940611834,4.842975049879461,-0.6780556437611205
p_3684,t3_3fcrvd,t1_ctns9wz,t1_ctnfqp7,4.327230411699569,3.9798315320201967,0.3473988796793721
p_3686,t3_3fcf5e,t1_ctndfg4,t1_ctnry92,4.226328555736083,3.869471489539458,0.3568570661966244
p_3688,t3_3fc3o6,t1_ctnx69r,t1_ctngp5n,5.257289204788538,4.269083466268346,0.9882057385201923
p_3687,t3_3fc3o6,t1_ctnaow2,t1_ctn9aav,4.67235091977554,4.132307263925375,0.5400436558501651
p_3692,t3_3fau90,t1_ctmxjyf,t1_ctmw18p,4.480573211215805,4.279239042873446,0.20133416834235973
p_3693,t3_3fa3pf,t1_ctmq4rm,t1_ctmvo0g,5.288254150582854,4.533599347474548,0.7546548031083056
p_3694,t3_3fa3pf,t1_ctmq6wk,t1_ctmpzx1,4.971849395655541,4.477757837491634,0.49409155816390715
p_3695,t3_3f8yj7,t1_ctmfz6p,t1_ctmip5y,4.964372452701797,4.150176332259809,0.8141961204419879
p_3696,t3_3f8yj7,t1_ctmi79z,t1_ctmip5y,5.079187759012014,4.150176332259809,0.9290114267522052
p_3697,t3_3f8yj7,t1_ctmgbxn,t1_ctmip5y,4.2745795971231795,4.150176332259809,0.12440326486337039
p_3701,t3_3f6ga9,t1_ctlqooj,t1_ctlqdbh,3.4752047713415957,3.799589441534579,-0.3243846701929831
p_3703,t3_3f65v8,t1_ctlqq52,t1_ctm1y1p,4.53369958331845,5.1089697079608,-0.5752701246423504
p_3704,t3_3f38fh,t1_ctlm7ia,t1_ctkwb7j,5.1103094200064705,4.332536538944401,0.7777728810620692
p_3705,t3_3f2sbt,t1_ctm98ge,t1_ctkrr8t,4.362108396362042,4.901380290051143,-0.5392718936891008
p_3708,t3_3f20yi,t1_ctkkr6u,t1_ctkjeol,4.953285644933678,4.1541769645861955,0.7991086803474827
p_3709,t3_3f20yi,t1_ctkoehq,t1_ctkokut,5.071422090069143,4.587122560639261,0.4842995294298822
p_3712,t3_3f18mt,t1_ctkcw2a,t1_ctkb9dn,4.953277019724262,4.427947003348713,0.5253300163755492
p_3711,t3_3f18mt,t1_ctkc4tg,t1_ctkn5z3,4.828378921848657,4.096385266681698,0.731993655166959
p_3714,t3_3f16ju,t1_ctkcxak,t1_ctkajc6,4.458811179100467,4.410376671624713,0.048434507475754174
p_3716,t3_3f0uzz,t1_ctkbyhm,t1_ctkdayj,5.210049079509168,5.1616056379889415,0.048443441520226393
p_3717,t3_3exng6,t1_ctjf76q,t1_ctjdefn,4.237218838118003,3.4237800996069376,0.8134387385110653
p_3718,t3_3ex1vr,t1_ctj5yub,t1_ctj6pr7,4.467103212550943,4.284345534002715,0.1827576785482279
p_3719,t3_3ewva7,t1_ctj4jx8,t1_ctj8g6w,4.64507761237897,5.1145664243072355,-0.4694888119282652
p_3722,t3_3ewva7,t1_ctj8djb,t1_ctj8g6w,4.935197530551123,5.1145664243072355,-0.17936889375611287
p_3720,t3_3ewva7,t1_ctj5oik,t1_ctjcs9z,4.983411165887773,4.3438300723843355,0.6395810935034376
p_3721,t3_3ewva7,t1_ctj7ibv,t1_ctjcs9z,4.345283576884743,4.3438300723843355,0.0014535045004073766
p_3723,t3_3ewjnh,t1_ctj1fb4,t1_ctj26kt,4.082503955664278,4.157595301970349,-0.0750913463060705
p_3724,t3_3ewjnh,t1_ctj1ye4,t1_ctj1lht,4.417734738787698,4.6216790789047035,-0.20394434011700557
p_3725,t3_3euagb,t1_ctigcut,t1_ctihu3a,3.919228134659776,4.033162493099797,-0.1139343584400212
p_3726,t3_3eu8tm,t1_ctigaob,t1_ctiq52g,4.733347223399431,4.857400672721047,-0.12405344932161633
p_3727,t3_3eu8tm,t1_ctijckt,t1_ctigceq,5.2472070225240515,4.7286976903703755,0.518509332153676
p_3728,t3_3etxto,t1_ctid3ea,t1_cticpfj,4.869239983831184,4.554304799229142,0.3149351846020423
p_3730,t3_3es79p,t1_cthw2r2,t1_cthwdaq,4.927618546056998,4.829506883109749,0.09811166294724849
p_3731,t3_3es79p,t1_cthxdez,t1_cthwn0n,4.43614241389163,4.61157185840579,-0.17542944451415998
p_3732,t3_3ertta,t1_cti6rd8,t1_ctht1zk,4.76153001204466,4.0393141320440025,0.7222158800006575
p_3733,t3_3ertdy,t1_cthr80b,t1_cthr99r,3.5824816831520474,3.6944392725198285,-0.11195758936778111
p_3734,t3_3erhhr,t1_ctiarao,t1_cti58vh,4.444968830545382,4.84286093821871,-0.3978921076733277
p_3735,t3_3eq514,t1_ctho613,t1_cthcqg3,4.277870949808145,4.985949026208579,-0.708078076400434
p_3737,t3_3epjfs,t1_cth5t0q,t1_cthcvt3,3.873540354444627,4.068227136389137,-0.1946867819445095
p_3739,t3_3enur5,t1_ctgrxoh,t1_ctgz8y0,5.213222780432357,5.288523648483643,-0.07530086805128633
p_3740,t3_3emsdn,t1_cth30is,t1_ctgqvc3,4.763309921695566,4.233059779633504,0.5302501420620613
p_3742,t3_3elw95,t1_ctg6r9r,t1_ctg9cb8,4.7204621142160645,4.0868655418166355,0.633596572399429
p_3743,t3_3eknr4,t1_ctglikz,t1_ctfyt7d,4.642862115129514,4.080898481138842,0.561963633990672
p_3744,t3_3ekjn3,t1_ctgdi0f,t1_ctg4na1,5.081240841722745,4.919840453961942,0.16140038776080345
p_3751,t3_3ee553,t1_cte3wfh,t1_cte2z0f,4.118573093725613,4.175049106164513,-0.05647601243890055
p_3752,t3_3ee553,t1_cte5ytw,t1_cte2z0f,4.163990627821872,4.175049106164513,-0.011058478342641287
p_3754,t3_3ecjmj,t1_ctdn8gf,t1_ctdm7dj,4.9287327726424115,4.271549825848915,0.6571829467934966
p_3755,t3_3ecjmj,t1_ctdnq7f,t1_ctdm7dj,5.185796350312435,4.271549825848915,0.9142465244635201
p_3756,t3_3ecjmj,t1_ctdoi4m,t1_ctdm7dj,4.986165783953079,4.271549825848915,0.7146159581041642
p_3753,t3_3ecjmj,t1_ctdmtn2,t1_ctdoo3p,5.05683612147099,5.328609681451093,-0.2717735599801028
p_3757,t3_3ec84d,t1_ctdlgzm,t1_ctdj2og,4.407793206040734,4.94294479998383,-0.5351515939430964
p_3759,t3_3ebxxu,t1_ctdn0oz,t1_ctdjt1a,4.318172002308018,3.8598589513107737,0.4583130509972446
p_3761,t3_3ebqsa,t1_ctdwdgw,t1_ctdgbbx,4.542859226341178,4.392607485690064,0.15025174065111369
p_3762,t3_3eb9u6,t1_ctda3bt,t1_ctdi2vm,4.23804099302448,3.9081781789650942,0.329862814059386
p_3763,t3_3eb9u6,t1_ctdaich,t1_ctdi2vm,4.533575107366153,3.9081781789650942,0.625396928401059
p_3764,t3_3eai2b,t1_ctdmsz0,t1_ctdas7y,4.81843272843311,4.684944488968881,0.13348823946422872
p_3765,t3_3eai2b,t1_ctdc31l,t1_ctdas7y,4.678185188290469,4.684944488968881,-0.006759300678412572
p_3766,t3_3ea4kl,t1_ctczlq4,t1_ctcz6mu,3.9654768061945402,3.2572867978714046,0.7081900083231356
p_3768,t3_3e811o,t1_ctcjrd5,t1_ctcd4vr,5.101207277185491,4.325191537564086,0.7760157396214051
p_3775,t3_3dt3vy,t1_ct8epzw,t1_ct8xeko,4.749557096230089,4.5309856325872895,0.21857146364279956
p_3776,t3_3drmw1,t1_ct7z6k1,t1_ct7zd7f,4.0275558661927935,3.8572001999422665,0.170355666250527
p_3777,t3_3dqi0b,t1_ct7ojzo,t1_ct7o4hu,4.143353025993545,4.070390954893913,0.07296207109963238
p_3779,t3_3dnhsi,t1_ct6vf40,t1_ct7n9bz,4.204341494466704,3.899197180127968,0.30514431433873623
p_3786,t3_3dkeyo,t1_ct60a1q,t1_ct60gf9,4.738947805094919,3.9633108547217066,0.7756369503732126
p_3787,t3_3dk4k6,t1_ct68k3i,t1_ct5ylmw,5.037660822030533,4.28847319025614,0.7491876317743928
p_3789,t3_3dj5zp,t1_ct5ndqg,t1_ct5pov6,4.805341262481082,4.659297459432554,0.14604380304852782
p_3790,t3_3dhxmu,t1_ct59siv,t1_ct5em85,3.946692019072834,4.021271104269326,-0.07457908519649203
p_3791,t3_3dhww4,t1_ct59ny2,t1_ct5c1n1,4.204217884881534,4.401857628753754,-0.1976397438722195
p_3792,t3_3dhvig,t1_ct5cmrc,t1_ct5dd1p,5.386224921497786,4.572270464114118,0.8139544573836677
p_3793,t3_3dhde9,t1_ct68xez,t1_ct55tgc,4.639956254093426,3.7852599815833825,0.8546962725100435
p_3794,t3_3dh1ns,t1_ct5dtcs,t1_ct5eykr,4.95770858263669,5.001847964442755,-0.04413938180606447
p_3795,t3_3dgf6j,t1_ct54lyk,t1_ct5gs7l,4.94288033382713,3.5047196259673012,1.4381607078598289
p_3796,t3_3dgf6j,t1_ct5oi70,t1_ct5c1wd,5.195335836105107,3.76143903559164,1.433896800513467
p_3797,t3_3dfjej,t1_ct4p5yg,t1_ct4yewo,4.528168067576538,5.15194057206288,-0.6237725044863422
p_3800,t3_3df1t2,t1_ct4iy6y,t1_ct4ij06,4.380981891667508,4.452141420909555,-0.07115952924204727
p_3801,t3_3det6i,t1_ct4g7xl,t1_ct4gbpx,4.539242549967031,4.308756980464733,0.2304855695022976
p_3802,t3_3deose,t1_ct4eh79,t1_ct4g0jb,4.288894513671839,4.511751746506826,-0.22285723283498715
p_3803,t3_3deose,t1_ct4f9rz,t1_ct4g0jb,4.667973079300287,4.511751746506826,0.15622133279346073
p_3804,t3_3deose,t1_ct4fbji,t1_ct5641w,4.823289264070535,5.411544322009946,-0.5882550579394108
p_3805,t3_3deose,t1_ct4ewzd,t1_ct4g0jb,4.61565729451712,4.511751746506826,0.10390554801029328
p_3806,t3_3de3uy,t1_ct4agqd,t1_ct494c3,4.752009831327719,4.4723053694414086,0.27970446188631026
p_3807,t3_3ddw70,t1_ct47mit,t1_ct4jbe5,5.040515820514949,4.879568158805122,0.16094766170982755
p_3808,t3_3ddw70,t1_ct481p1,t1_ct48oqy,4.95789123079526,5.099857988737794,-0.14196675794253366
p_3814,t3_3dbole,t1_ct3p6ns,t1_ct478ih,4.932166132568649,4.3413062664009985,0.5908598661676505
p_3815,t3_3dbm0n,t1_ct3lx2j,t1_ct3ly0v,4.580326650084317,4.234630339734427,0.34569631034989
p_3816,t3_3dbkzb,t1_ct3ojfw,t1_ct3m5s5,4.153630177519155,4.020542772078343,0.13308740544081132
p_3819,t3_3d7ar8,t1_ct2lat5,t1_ct2ki11,4.368753676948563,3.5441232462520618,0.8246304306965011
p_3821,t3_3d70nm,t1_ct2ew4r,t1_ct2j33u,4.166531653364345,4.483466037978493,-0.31693438461414836
p_3822,t3_3d70nm,t1_ct2dshn,t1_ct2eddg,4.066064665686106,3.777323825408652,0.28874084027745406
p_3824,t3_3d6eeo,t1_ct28lpu,t1_ct2avdj,4.627807780211685,4.111654426041269,0.5161533541704166
p_3825,t3_3d5kur,t1_ct1ztbe,t1_ct1zr52,4.175335663725808,4.158461480407713,0.016874183318095426
p_3827,t3_3d4z8m,t1_ct20a6w,t1_ct1t0m5,4.827537881100571,3.481695643294941,1.3458422378056296
p_3829,t3_3d26wz,t1_ct28b6n,t1_ct16kmz,4.481121538974941,4.5604673209269535,-0.07934578195201247
p_3830,t3_3d0d6p,t1_ct0o5u1,t1_ct0n6t4,5.036001463277402,4.324196150449896,0.7118053128275061
p_3831,t3_3d01ke,t1_ct0juu5,t1_ct0mdna,3.657989142190684,4.120461972386708,-0.4624728301960239
p_3833,t3_3czjmn,t1_ct0n1h1,t1_ct0p4tx,4.6158104301979925,5.2591417782276615,-0.643331348029669
p_3834,t3_3cze07,t1_ct0u8p8,t1_ct1w2jq,4.3268155495833405,4.730738650102669,-0.40392310051932867
p_3836,t3_3cze07,t1_ct10eyn,t1_ct10av3,4.178314128502027,3.921801558265308,0.25651257023671903
p_3837,t3_3cz50i,t1_ct0beon,t1_ct0crzd,4.304498571540169,4.571007291951477,-0.26650872041130835
p_3838,t3_3cyvok,t1_ct09dsg,t1_ct0cry8,4.6432094038475125,4.557405308157165,0.08580409569034764
p_3840,t3_3cwzdr,t1_cszqsrm,t1_csztuip,4.773924066576735,4.569873337291939,0.20405072928479662
p_3841,t3_3cwzdr,t1_cszr0ac,t1_cszzijk,5.269189718256329,5.203636903385183,0.06555281487114595
p_3842,t3_3cwzdr,t1_cszsao6,t1_cszzijk,5.047420785538105,5.203636903385183,-0.15621611784707845
p_3843,t3_3curfb,t1_cszctr2,t1_cszdmwi,4.779421729606049,5.478376857472852,-0.6989551278668031
p_3846,t3_3ctbdn,t1_csywwyk,t1_csyw0z6,4.296196845403546,3.8723016416261817,0.42389520377736467
p_3848,t3_3csry4,t1_csyq5kj,t1_csypjon,4.618622800394851,4.6824579912498425,-0.06383519085499145
p_3849,t3_3csg70,t1_csyk6pl,t1_csyj9wf,4.974269984896621,4.9661725003796295,0.008097484516991216
p_3850,t3_3csg70,t1_csyjkqi,t1_csyt2k1,4.546016801299014,3.7498551794432227,0.796161621855791
p_3852,t3_3cqwqj,t1_csy6eer,t1_csyclib,5.251722972250029,4.775053218025726,0.4766697542243028
p_3853,t3_3cpk6q,t1_csxrzz6,t1_csxtt55,4.681279508853589,4.812443711175091,-0.13116420232150272
p_3855,t3_3cp5ze,t1_csxym6c,t1_csynpti,5.207282546558811,4.883696911105066,0.3235856354537452
p_3856,t3_3cp5ze,t1_csxnidr,t1_csxornz,4.106138561455231,4.016966298098743,0.0891722633564882
p_3859,t3_3cntuq,t1_csxdzvx,t1_csxc29e,4.443104142962238,4.9281847795884275,-0.48508063662618905
p_3861,t3_3cm04x,t1_csx5p48,t1_csxeu2k,4.129084384717481,4.069107362184202,0.0599770225332783
p_3862,t3_3clrl2,t1_csx7zrc,t1_csx8zq4,5.0224342485332105,4.050042939813551,0.9723913087196596
p_3863,t3_3cjime,t1_csw3vb7,t1_csw3t7x,5.183145157751448,4.666239347630313,0.516905810121135
p_3865,t3_3chnd1,t1_csvsvf5,t1_csw6ssk,4.698316681456742,4.43369384991863,0.2646228315381123
p_3866,t3_3ch5ru,t1_csvhoip,t1_csvipb5,4.41775996764446,4.68558089823988,-0.2678209305954198
p_3867,t3_3cgwcw,t1_csvjbyd,t1_csvi6d6,5.303174825403376,4.804512592552988,0.49866223285038824
p_3868,t3_3cgf0e,t1_cswm70o,t1_csvf90l,4.508316056259287,4.067887853574847,0.4404282026844397
p_3869,t3_3cgb39,t1_csvchfw,t1_csva8ip,4.096385266681697,4.538858982549097,-0.4424737158673997
p_3871,t3_3cexf4,t1_csvberp,t1_csv33hr,4.580274992361069,4.903275433673404,-0.32300044131233463
p_3872,t3_3cemxp,t1_csuzkq9,t1_csuwsj4,1.957357621287339,3.962063203941002,-2.004705582653663
p_3873,t3_3cccrj,t1_csuafa7,t1_csu9eyk,4.8579104239829825,4.126617832901585,0.7312925910813979
p_3874,t3_3cayqx,t1_cstvm0f,t1_csunb3m,4.674362601222981,4.6022119525133665,0.07215064870961463
p_3875,t3_3cayqx,t1_cstvlmi,t1_csuqreg,5.056089475467716,4.911064636760136,0.1450248387075801
p_3877,t3_3cavj4,t1_cstv538,t1_cstveu6,4.761460541570835,4.932689925602524,-0.1712293840316894
p_3879,t3_3c98q4,t1_csu2svh,t1_cstm5hj,3.9390911907336377,4.68180789508308,-0.742716704349442
p_3882,t3_3c7i98,t1_cst34iw,t1_cstc95e,5.291236352069325,5.229107462738374,0.06212888933095151
p_3883,t3_3c7i98,t1_cst4n6b,t1_cssyowf,4.064563705372988,4.198358718182668,-0.13379501280967965
p_3884,t3_3c7hdt,t1_cssyep4,t1_cssyplh,4.17838754669554,4.468786519671371,-0.29039897297583117
p_3885,t3_3c7bxx,t1_cssy476,t1_cssz8bw,5.24273461970815,4.9894867097523505,0.2532479099557996
p_3886,t3_3c7bxx,t1_cssx724,t1_cssyebj,4.325415075186478,4.268838936027209,0.056576139159268735
p_3887,t3_3c7bxx,t1_csswyf9,t1_cssyx4a,4.8151413947217,4.38714601586476,0.4279953788569406
p_3888,t3_3c79ax,t1_cstmdkn,t1_cst2h3f,4.400067218134313,3.999595476313416,0.4004717418208972
p_3889,t3_3c4zj4,t1_cssgey0,t1_cssmoek,4.449905395334343,4.105895849075788,0.3440095462585555
p_3892,t3_3c4ur8,t1_csstz3k,t1_cssgupg,4.087087439158543,4.4369227852106885,-0.3498353460521457
p_3893,t3_3c4cgb,t1_css5ynt,t1_css4koj,4.1576955862400045,3.942749677483275,0.2149459087567296
p_3894,t3_3c1zj9,t1_csrkkl3,t1_csrki9f,5.1881636916722895,4.56113095760094,0.6270327340713493
p_3895,t3_3c17uc,t1_csrdlff,t1_csrifkt,5.312041948575772,4.942122625901057,0.3699193226747157
p_3897,t3_3bxmo5,t1_csqhtr5,t1_csql6b1,4.359686814812104,4.350267781545139,0.009419033266964583
p_3898,t3_3bxfo6,t1_csqmc1m,t1_csqifhm,4.71583269874245,4.515315193865424,0.20051750487702602
p_3899,t3_3bvjuk,t1_cspw440,t1_csrek47,4.8821361279138324,5.037707523174569,-0.15557139526073627
p_3901,t3_3bth79,t1_csq2nx8,t1_cspwvty,4.381546122613366,4.369757507506356,0.011788615107009903
p_3902,t3_3bsou9,t1_csp5h2g,t1_cspiswo,4.486119429615335,3.8329901775849198,0.653129252030415
p_3904,t3_3brtn7,t1_csozaec,t1_csoyw8u,3.882712180349655,4.067642345219668,-0.18493016487001324
p_3905,t3_3bqwex,t1_csompka,t1_csomtdh,4.82880296064037,3.8677774681745225,0.9610254924658479
p_3906,t3_3bqwex,t1_csorp8q,t1_cson8bj,4.248162223872578,4.680405650556353,-0.43224342668377513
p_3908,t3_3bo4jt,t1_cso0zon,t1_csnwp3y,4.045568699865144,4.162024552074044,-0.11645585220890009
p_3909,t3_3bnf96,t1_csnpy6t,t1_csnprkc,3.8174473437294543,3.3697127545429817,0.4477345891864726
p_3910,t3_3bnan1,t1_csnruno,t1_csnpv63,3.943758896756621,4.160939317661774,-0.21718042090515333
p_3911,t3_3blafk,t1_csn7a18,t1_csndd8w,4.594533515432211,4.69656734474364,-0.1020338293114289
p_3913,t3_3bh98p,t1_csmf3ub,t1_csmc3eh,3.8013385581455834,3.720807156515648,0.08053140162993522
p_3914,t3_3bgni1,t1_cslzxdh,t1_cslyqv4,4.3252781049580395,3.92803188481612,0.39724622014191935
p_3915,t3_3bfy1c,t1_csls1iv,t1_cslt1od,3.7062342808329047,3.7348834371355344,-0.028649156302629653
p_3916,t3_3bfsz3,t1_cslqq37,t1_cslrrds,4.7127291373582825,4.179483528050423,0.5332456093078592
p_3917,t3_3bfrve,t1_csmj6kc,t1_cslufx2,4.729078275713362,4.3288849003162815,0.40019337539708033
p_3920,t3_3be88i,t1_cslgmna,t1_cslflrz,4.045702194541556,4.230126226308955,-0.1844240317673993
p_3923,t3_3bdv00,t1_csld97c,t1_csl9q5t,5.17998706794056,4.871410133608151,0.3085769343324092
p_3924,t3_3bdv00,t1_csltmou,t1_cslb8xi,4.537721737090079,3.5733018911561785,0.9644198459339006
p_3925,t3_3bd8kh,t1_csl6slc,t1_csl587l,3.9513891432924617,3.8579800972811737,0.09340904601128797
p_3926,t3_3bd8kh,t1_csl5ba1,t1_csl587l,4.456836062630516,3.8579800972811737,0.5988559653493422
p_3927,t3_3bcp2n,t1_csl43ts,t1_csl3e30,4.868354589241564,4.527539592379838,0.34081499686172645
p_3929,t3_3bc4if,t1_cslj62e,t1_cskt9uf,4.627989006476746,4.6759869732357835,-0.04799796675903778
p_3930,t3_3bbxyv,t1_cskwmb5,t1_cskrtjj,4.469826079371052,4.594190973844342,-0.12436489447329002
p_3932,t3_3b7rjo,t1_csjnvbr,t1_csjnx6u,4.790835674707172,4.817371657705339,-0.026535982998166396
p_3934,t3_3b60s8,t1_csj6vl4,t1_csj6ucq,4.212049753929237,4.049256554781664,0.16279319914757284
p_3935,t3_3b60s8,t1_csj6qcn,t1_csj6ucq,4.919926940740013,4.049256554781664,0.8706703859583493
p_3936,t3_3b5udg,t1_csj5cco,t1_csj62ym,4.403027784039036,4.621941721569159,-0.21891393753012256
p_3937,t3_3b3s26,t1_csikhqa,t1_csizt4g,4.723473937422375,4.451872554498919,0.27160138292345604
p_3938,t3_3b3s26,t1_csinn2z,t1_csilwsy,4.74050191622964,4.739944344999075,0.0005575712305647684
p_3940,t3_3b3s26,t1_csj8r3h,t1_csjh1er,3.946798699443666,4.588326910133117,-0.6415282106894509
p_3943,t3_3aweej,t1_csgl5n3,t1_csgl50z,3.999164182644449,4.678472993856491,-0.6793088112120418
p_3944,t3_3aw1uk,t1_csghmnt,t1_csghmsc,4.0522159215743,3.693778246522074,0.358437675052226
p_3945,t3_3avhws,t1_csgfhi0,t1_csh8ors,4.631764720502008,4.567791429003938,0.06397329149806996
p_3947,t3_3atkce,t1_csgbg47,t1_csfw4e2,5.176080314971009,5.0578556111417665,0.11822470382924255
p_3948,t3_3atkce,t1_csfy1wp,t1_csfynp2,4.264362626782765,3.697757490038386,0.5666051367443785
p_3951,t3_3asyzb,t1_csfojsx,t1_csfoidu,4.333967197774206,3.928322573069715,0.40564462470449136
p_3949,t3_3asyzb,t1_csfoiyw,t1_csfp13b,3.8913270968576428,4.164276931386214,-0.2729498345285708
p_3952,t3_3argex,t1_csfb50r,t1_csf9txd,4.200777386693916,4.385792314617426,-0.18501492792350938
p_3953,t3_3argex,t1_csf9rhm,t1_csfa4gt,3.930487379547736,3.997936442860334,-0.0674490633125977
p_3954,t3_3aq0ij,t1_cseyfmf,t1_csf3dvk,4.464225028461945,4.282788464737521,0.1814365637244233
p_3955,t3_3apczi,t1_cseq9zw,t1_csf36xd,5.063382156348828,4.930203751223563,0.1331784051252649
p_3956,t3_3anzqm,t1_cseek90,t1_csf57m7,5.421453752718244,5.153623973839967,0.2678297788782764
p_3958,t3_3anfy4,t1_csezvw7,t1_csfvxf5,4.542944858880523,5.327665454864202,-0.7847205959836794
p_3959,t3_3amks3,t1_cse04e1,t1_cse06yf,4.428144574948526,4.06384912700398,0.3642954479445457
p_3960,t3_3amks3,t1_cse088c,t1_csdzw5z,4.812599632883282,3.814191226152738,0.9984084067305443
p_3961,t3_3amjrk,t1_cse2b43,t1_cse2e1a,4.885948747301429,4.650624698110567,0.23532404919086147
p_3963,t3_3ajn0a,t1_csda1xc,t1_csd7usc,4.420502779773489,4.115085792975331,0.305416986798158
p_3964,t3_3ajaa6,t1_csd6bdb,t1_csdib45,3.9638475411169485,3.8782200617790794,0.08562747933786907
p_3965,t3_3aimk2,t1_csd7mip,t1_csd1vz4,5.302601093043088,4.955074515792893,0.3475265772501954
p_3966,t3_3afuie,t1_csc8p2d,t1_cscbdx0,3.7989257988154415,4.859369068523131,-1.0604432697076898
p_3967,t3_3acxa4,t1_csbkvf8,t1_csbgdpk,5.410957309470454,4.293079562925418,1.1178777465450365
p_3968,t3_3aco44,t1_csblx8d,t1_csbjlck,4.962782616074394,4.170993635682565,0.7917889803918285
p_3969,t3_3acm0d,t1_csbe584,t1_csbdx0v,4.531368681042149,4.204939163979689,0.3264295170624605
p_3971,t3_3abfdn,t1_csb9hv6,t1_csb2as0,4.539433568378753,4.516565420553361,0.022868147825391816
p_3972,t3_3abaqq,t1_csb38zu,t1_csb0t4r,5.012161481414208,5.134672573971425,-0.12251109255721726
p_3976,t3_3a8arj,t1_csb25uo,t1_csa740s,4.50630751732894,4.055305889806918,0.45100162752202255
p_3975,t3_3a8arj,t1_csa7uvc,t1_csag2ec,4.6255018170431335,4.336827100330288,0.28867471671284584
p_3977,t3_3a7ys8,t1_csa4ppt,t1_csakjm1,4.4935863708998935,3.7829028346251357,0.7106835362747579
p_3978,t3_3a7ys8,t1_csa41uf,t1_csakjm1,3.847645619791626,3.7829028346251357,0.06474278516649035
p_3979,t3_3a7ys8,t1_csa7eao,t1_csaftry,4.751740532884639,4.459217026078243,0.29252350680639605
p_3980,t3_3a6yg4,t1_cs9xgqf,t1_csaitas,3.974586675024309,4.5540151513190885,-0.5794284762947797
p_3981,t3_3a6sfg,t1_cs9tnoi,t1_cs9t2mb,4.4212829850828514,3.7440625429610255,0.677220442121826
p_3982,t3_3a6sfg,t1_cs9u81l,t1_csa0tu8,4.404226798872784,3.568847395884081,0.8353794029887034
p_3983,t3_3a6sfg,t1_cs9uuka,t1_cs9v38y,4.067555083291641,4.141923014632834,-0.07436793134119313
p_3985,t3_3a6sfg,t1_cs9ty4c,t1_cs9tcqo,4.991596816852768,3.838541504680405,1.1530553121723632
p_3984,t3_3a6sfg,t1_cs9tqur,t1_csa781a,4.352909073945365,3.9118237543488164,0.4410853195965485
p_3986,t3_3a6sfg,t1_csacapm,t1_cs9wsj6,4.92936238612204,4.053620425962462,0.8757419601595782
p_3987,t3_3a6nix,t1_cs9ymgy,t1_cs9xs4k,3.8856259710337104,3.9467145066783664,-0.061088535644655995
p_3988,t3_3a6nix,t1_csa3hjg,t1_cs9xpu5,4.353565074505495,5.200291931635062,-0.8467268571295676
p_3989,t3_3a47yn,t1_cs96cyo,t1_cs96mzz,4.115605943502229,4.058530866674751,0.05707507682747792
p_3990,t3_3a44py,t1_cs97753,t1_cs95esh,4.907332258339115,4.854666694301935,0.05266556403717981
p_3991,t3_3a44py,t1_cs94osm,t1_cs95esh,4.4210070230559575,4.854666694301935,-0.4336596712459775
p_3992,t3_3a44py,t1_cs95hzu,t1_cs95esh,4.2722814131612115,4.854666694301935,-0.5823852811407235
p_3996,t3_3a2kst,t1_cs8otu7,t1_cs8qjhb,4.99732978684267,4.716407358687978,0.2809224281546916
p_3997,t3_3a2kps,t1_cs8oy5s,t1_cs8pl4s,4.167059902704153,4.136264848585244,0.030795054118909704
p_3998,t3_3a2kps,t1_cs8w2yw,t1_cs8voy5,4.789894883028104,3.855633496819001,0.9342613862091032
p_3999,t3_3a27yg,t1_cs8nx8v,t1_cs8njw2,4.288448735136299,4.349597692758237,-0.061148957621937505
p_4000,t3_3a27yg,t1_cs8u90i,t1_cs8z4yz,4.219005066609733,4.1009342774662905,0.11807078914344249
p_4001,t3_3a27yg,t1_cs98bq1,t1_cs8lemy,5.24059010103092,4.744133990387939,0.49645611064298034
p_4002,t3_3a1zva,t1_cs8kcyk,t1_cs8k3ho,4.080911971351984,4.078594533241763,0.002317438110221559
p_4003,t3_3a1llw,t1_cs8f5f6,t1_cs8grh5,4.218682169254275,4.697904822278377,-0.4792226530241024
p_4004,t3_3a1llw,t1_cs8otpf,t1_cs8epuj,4.371454386885622,4.040764978794935,0.33068940809068703
p_4006,t3_39y3l4,t1_cs7hm0x,t1_cs7hrpe,4.4331331348528416,3.983778606083345,0.44935452876949666
p_4007,t3_39xc0u,t1_cs7s05a,t1_cs7ksi5,5.748155675981763,5.271785145068596,0.47637053091316695
p_4008,t3_39vjw8,t1_cs6yty8,t1_cs75jk8,5.2058646323760005,4.711923785213769,0.4939408471622313
p_4009,t3_39tm84,t1_cs6dg04,t1_cs6p5zn,4.83680081010452,4.540163196660358,0.29663761344416173
p_4010,t3_39rlhg,t1_cs604vg,t1_cs5u7z4,4.267460357565961,4.625089047176437,-0.35762868961047634
p_4011,t3_39rlhg,t1_cs61rw2,t1_cs5u7z4,5.249597579091391,4.625089047176437,0.6245085319149544
p_4012,t3_39r7s6,t1_cs5qjkd,t1_cs5pexs,4.652999915468713,4.4946484551678925,0.15835146030082026
p_4013,t3_39pwzl,t1_cs5e1x6,t1_cs5dyl3,4.573901096260974,4.038981369277253,0.5349197269837207
p_4015,t3_39o24x,t1_cs51oox,t1_cs53w1p,4.635494772024374,4.03991645799727,0.5955783140271036
p_4019,t3_39o24x,t1_cs519gf,t1_cs53w1p,3.9314014264042267,4.03991645799727,-0.10851503159304343
p_4018,t3_39o24x,t1_cs51cou,t1_cs51mes,3.7089770646262012,4.129227664406786,-0.42025059978058454
p_4020,t3_39mibw,t1_cs4mto6,t1_cs4n3wq,4.410719595044523,4.066363563389489,0.3443560316550345
p_4022,t3_39mgic,t1_cs4lprf,t1_cs6cp67,4.081444286704098,4.092730234054793,-0.01128594735069477
p_4024,t3_39kdu2,t1_cs44pon,t1_cs433uj,4.562009928646329,4.259988950147002,0.3020209784993275
p_4025,t3_39jwup,t1_cs46pqo,t1_cs4a7ru,5.7420659596078725,5.535155995027092,0.20690996458078015
p_4026,t3_39int7,t1_cs3rx5b,t1_cs3s38w,4.855784917580009,4.8841258267756835,-0.028340909195674335
p_4027,t3_39int7,t1_cs3qpta,t1_cs3s2nm,4.3362741859950225,3.6292509477261503,0.7070232382688721
p_4028,t3_39gzr7,t1_cs3agsc,t1_cs3ibde,4.554919848153475,4.113243936538162,0.44167591161531305
p_4029,t3_39gecw,t1_cs34hhp,t1_cs34bq6,3.6669072681751906,3.7442482928931122,-0.07734102471792159
p_4032,t3_39fdgq,t1_cs2vs00,t1_cs3vhdu,4.229302414876104,3.988531871129475,0.24077054374662898
p_4034,t3_39cnaw,t1_cs2c2cg,t1_cs2ak8s,4.865297367259112,3.984592736315968,0.8807046309431441
p_4037,t3_39an4v,t1_cs1rnz3,t1_cs1qvzv,4.740349815563383,4.145111138280193,0.5952386772831906
p_4038,t3_3973q1,t1_cs0zdjz,t1_cs0x3jw,4.463599738493193,4.143318641082222,0.3202810974109713
p_4040,t3_396i03,t1_cs0u4rr,t1_cs1pfx6,4.605327263804713,4.364272016811356,0.24105524699335756
p_4041,t3_396ds4,t1_cs0r30x,t1_cs0rkfk,3.761637539508813,3.80364820181316,-0.0420106623043468
p_4042,t3_396ds4,t1_cs0pu9z,t1_cs0rkfk,4.532377298583244,3.80364820181316,0.7287290967700839
p_4045,t3_394d49,t1_cs0kixk,t1_cs0kzwk,4.3934567490622785,4.2302394805518855,0.16321726851039298
p_4046,t3_393acp,t1_cs0gkne,t1_cs03ftc,4.376428386550245,4.384387356752885,-0.007958970202640359
p_4047,t3_391syd,t1_crzm90i,t1_crzmejp,4.842429544993623,4.336904932755755,0.5055246122378678
p_4050,t3_38x3jr,t1_cryip44,t1_crys2g6,4.9302717768745445,4.837183062021593,0.09308871485295178
p_4051,t3_38wxwu,t1_cryi2ij,t1_crygq09,4.289262578091791,4.4572792367732985,-0.16801665868150728
p_4052,t3_38wrju,t1_crygoz5,t1_cryxmv8,3.81315838367005,3.815966460134657,-0.002808076464607012
p_4054,t3_38s7v1,t1_crxxvxw,t1_crxhlos,5.179167853421171,4.782870626720333,0.39629722670083734
p_4056,t3_38qcbx,t1_crx7b22,t1_crx75t9,4.511925044710391,4.244124524683908,0.2678005200264826
p_4057,t3_38pbd5,t1_crwsbqv,t1_crxjvmc,4.449844633006512,4.067004180210067,0.38284045279644463
p_4060,t3_38nv4x,t1_crwj8qj,t1_crwnz8i,4.421883125623021,4.037783240376676,0.38409988524634464
p_4061,t3_38nv4x,t1_crwoni8,t1_crwub6q,5.133225881574867,4.873660864339346,0.25956501723552083
p_4062,t3_38lqjc,t1_crvzt6q,t1_crvzmx5,4.25391975200804,4.742349898272632,-0.4884301462645926
p_4063,t3_38kv3z,t1_crwg43c,t1_crxycdw,4.680188679565481,4.588283584447988,0.09190509511749223
p_4064,t3_38ks5m,t1_crvtej9,t1_crvxmr6,4.90942332193662,5.058243871196779,-0.14882054926015886
p_4065,t3_38jijq,t1_crvigw7,t1_crvi4ft,4.949028872146864,3.7176990776885335,1.2313297944583308
p_4068,t3_38hvec,t1_crv5pod,t1_crva2wu,4.913472343974298,4.8180219698927385,0.09545037408155999
p_4070,t3_38hvec,t1_crvb81l,t1_crvbp5u,3.8179461838583633,3.6988543332697903,0.11909185058857297
p_4071,t3_38esaa,t1_cruufn4,t1_cruhp7v,4.0670574565976105,3.8884099557725933,0.17864750082501724
p_4072,t3_38ehc6,t1_crug3c6,t1_cruge8m,4.630368334347508,4.056349288637779,0.5740190457097283
p_4073,t3_38ehc6,t1_crufbnb,t1_cruge8m,4.2329149051962975,4.056349288637779,0.1765656165585181
p_4074,t3_38b3d9,t1_crtqxff,t1_crtzoqd,4.31033212850751,4.975381074035224,-0.6650489455277135
p_4075,t3_38ah82,t1_crtkrsw,t1_crtl6k2,5.219889693375404,4.3374568583958855,0.882432834979519
p_4078,t3_3856c4,t1_crsfw83,t1_crsdpxt,4.355373267812941,3.803338760810128,0.552034507002813
p_4079,t3_383qcb,t1_crs0xzi,t1_crs1phn,3.832424061118092,4.176745128346537,-0.34432106722844535
p_4080,t3_383qcb,t1_crs37s2,t1_crs5obi,4.177539303694923,4.770105346965064,-0.592566043270141
p_4081,t3_382uqn,t1_crrvd7b,t1_crsvp2m,4.0233781242833455,4.668438173298382,-0.6450600490150364
p_4084,t3_382uqn,t1_crsgxg7,t1_crsvp2m,4.759273986221876,4.668438173298382,0.09083581292349407
p_4085,t3_381ey6,t1_crrlwhm,t1_crrsigq,5.122785015608523,4.690449961059219,0.4323350545493039
p_4086,t3_381ey6,t1_crrj8n5,t1_crrl2sb,4.28701652887416,4.179516241466133,0.10750028740802708
p_4087,t3_381ey6,t1_crrj6x9,t1_crrsoh1,4.93264889409187,3.919089457443954,1.0135594366479164
p_4088,t3_3814fe,t1_crs7vs7,t1_crrr3vr,3.585119189175935,3.8298288683746176,-0.24470967919868247
p_4089,t3_3814fe,t1_crrqjbh,t1_crrr3vr,3.9697610927746663,3.8298288683746176,0.1399322244000487
p_4090,t3_37ypcc,t1_crqzfaw,t1_crrcx9w,3.8882011791931412,3.973340903409707,-0.08513972421656568
p_4092,t3_37x4xe,t1_crqnq2r,t1_crqlwke,4.16323414814665,4.694939704198275,-0.5317055560516257
p_4095,t3_37ug2e,t1_crpxli7,t1_crpxq2o,4.336877978198261,4.007921528613741,0.3289564495845205
p_4096,t3_37u8cs,t1_crpxfwt,t1_crq0vt4,4.245831727661838,4.698255387942652,-0.4524236602808136
p_4098,t3_37te7r,t1_crq15b7,t1_crpr6qy,4.64120453106577,3.9342812565635454,0.7069232745022247
p_4100,t3_37scpk,t1_crpm7rq,t1_crphi3e,4.7951087669552335,3.9408329753208067,0.8542757916344268
p_4099,t3_37scpk,t1_crpjym2,t1_crpj42q,4.631476737713266,4.369933313169464,0.26154342454380153
p_4101,t3_37r5aa,t1_crp4yya,t1_crp52u5,3.7441387173386502,4.031724701151726,-0.28758598381307543
p_4102,t3_37p0d8,t1_crolmg0,t1_cros9jk,4.708992642375026,4.077740086898646,0.6312525554763804
p_4103,t3_37p0d8,t1_crolte5,t1_cror8od,5.278699751360872,4.522137979319579,0.7565617720412927
p_4105,t3_37okwz,t1_crol9eo,t1_crohrkg,4.1997631219083384,4.5145832614317705,-0.314820139523432
p_4104,t3_37okwz,t1_croli1i,t1_croiuun,4.912512678045194,4.0264071729334905,0.8861055051117033
p_4107,t3_37nxjn,t1_crotvnl,t1_crobn4e,4.264467319092591,4.437616314813933,-0.17314899572134212
p_4108,t3_37nv7l,t1_crobgcl,t1_croatus,4.494061250106625,4.390320179430431,0.1037410706761932
p_4109,t3_37nv7l,t1_crod5fw,t1_crobejx,4.701911731818503,4.541042827245493,0.16086890457301006
p_4113,t3_37jfl3,t1_crn7z3i,t1_crn9n8h,4.659059685066236,4.979434850507051,-0.3203751654408151
p_4114,t3_37jfl3,t1_cro542n,t1_crn9n8h,4.492366237945724,4.979434850507051,-0.48706861256132683
p_4115,t3_37jfl3,t1_crn8fep,t1_crnb7qs,4.560875650992681,3.629710702419853,0.9311649485728282
p_4116,t3_37j0tw,t1_crnmek9,t1_crn4uka,4.723951885389323,4.990909711687962,-0.26695782629863896
p_4117,t3_37i8f6,t1_crn97hc,t1_crn6u5k,4.8002455542584785,4.550368876078562,0.2498766781799162
p_4119,t3_37i8f6,t1_crnc1m6,t1_crn6u5k,4.825432875853162,4.550368876078562,0.2750639997745994
p_4122,t3_37h70b,t1_crnpv8h,t1_crmnqm8,4.270852632580375,3.7758776256688185,0.4949750069115568
p_4124,t3_37h2pb,t1_crmzdc2,t1_crn24i7,4.863055581556814,5.224255487664984,-0.3611999061081699
p_4125,t3_37gzdo,t1_crmlb6i,t1_crml5su,3.813352929274396,3.8213821184760404,-0.008029189201644193
p_4127,t3_37gzdo,t1_crn13m3,t1_crmleve,4.50439529391706,4.289711759132695,0.2146835347843652
p_4126,t3_37gzdo,t1_crmpjd9,t1_crmq520,3.8102071707517617,3.951783046871216,-0.14157587611945432
p_4128,t3_37gq9y,t1_crmtqyf,t1_crmj7w5,4.396210946007724,4.730341683440165,-0.33413073743244137
p_4129,t3_37fpzj,t1_crmgunx,t1_crmev4y,4.5697643324156,4.629527417767753,-0.059763085352153134
p_4130,t3_37e6il,t1_crlxhoh,t1_crlycu1,4.119811132901741,4.026230251901872,0.09358088099986883
p_4131,t3_37e6il,t1_crmbvpl,t1_crmbrw9,4.777476255022695,4.521147828633559,0.25632842638913544
p_4132,t3_37c5ei,t1_crmai65,t1_crlk9hq,5.431060801476237,5.523738063769256,-0.09267726229301942
p_4133,t3_37b2pr,t1_crlhcyw,t1_crld5qe,5.000880083441693,5.362756153949576,-0.36187607050788273
p_4134,t3_37956u,t1_crku1nj,t1_crktasi,5.3312707087824975,4.836614218253754,0.49465649052874383
p_4136,t3_376s9u,t1_crkaoej,t1_crk67b4,4.7372372259650115,3.858170573661813,0.8790666523031985
p_4137,t3_376s9u,t1_crkcdfq,t1_crk61cm,4.423314357259793,4.216769472561053,0.2065448846987401
p_4138,t3_375cgq,t1_crjtlue,t1_crkdcxu,4.554367408880531,4.104791928024179,0.44957548085635235
p_4139,t3_375cgq,t1_crju8kq,t1_crju0u6,4.587965173993668,4.761426275448034,-0.17346110145436633
p_4140,t3_374p4i,t1_crjo7t9,t1_crjoxub,4.165419970471547,4.523545588138373,-0.3581256176668264
p_4141,t3_373lxk,t1_crjfcxr,t1_crjh3wk,4.834413930609183,4.759617919850409,0.0747960107587744
p_4146,t3_371vcx,t1_crj0j6i,t1_crj1d9h,4.171516009867427,3.7646271699691365,0.40688883989829083
p_4147,t3_371t9v,t1_criyct1,t1_criz1vm,4.365714282663267,3.715026367537048,0.6506879151262188
p_4148,t3_371jts,t1_crj5qge,t1_crj0124,4.284387362871565,4.146072611844145,0.13831475102742008
p_4149,t3_371iek,t1_criw393,t1_criw4gt,4.607071381445243,5.022347272399642,-0.41527589095439943
p_4151,t3_37131i,t1_crit8xo,t1_crise8t,4.642055971471668,4.908915771264128,-0.26685979979246
p_4152,t3_37131i,t1_crizuk3,t1_crise8t,5.1214303322112285,4.908915771264128,0.21251456094710086
p_4153,t3_370rik,t1_crj6cfx,t1_crj8cj7,4.273717004043173,4.863466760589828,-0.589749756546655
p_4154,t3_36wmyv,t1_crhsd0m,t1_crhpets,4.59968546167633,4.217634313142801,0.3820511485335292
p_4155,t3_36utu6,t1_crhapyz,t1_crhjyof,4.7406979737348,4.509187287975294,0.23151068575950617
p_4156,t3_36utu6,t1_crh9yic,t1_crhhhv0,4.817219037617767,4.357092831352489,0.46012620626527845
p_4157,t3_36utu6,t1_crhghlc,t1_crhhhv0,4.303657373099692,4.357092831352489,-0.05343545825279694
p_4158,t3_36utu6,t1_crhdevz,t1_crhc46p,5.013617605689279,4.937048353652645,0.07656925203663434
p_4159,t3_36utu6,t1_crhsu1b,t1_crhjyof,4.675335847738905,4.509187287975294,0.1661485597636112
p_4160,t3_36utu6,t1_crhkv7d,t1_crhubbh,4.982456562447183,5.081759339259507,-0.09930277681232358
p_4161,t3_36utu6,t1_crhdith,t1_crhc46p,4.231080423911655,4.937048353652645,-0.7059679297409902
p_4163,t3_36u3s6,t1_crh9c6f,t1_crh4b3c,4.00710888213163,4.358693418307936,-0.3515845361763068
p_4164,t3_36tyf9,t1_crh4v0f,t1_crh37pw,5.23575651760392,4.76638611928767,0.4693703983162498
p_4165,t3_36t890,t1_crgxzpm,t1_crhepb2,4.347830464517249,4.406082135448199,-0.05825167093095018
p_4166,t3_36rxl7,t1_crlw8uo,t1_crgw0wb,4.244549379451127,4.392471392350318,-0.14792201289919138
p_4168,t3_36r305,t1_crgcbrk,t1_crgb0m6,4.22321902530458,3.7621550755647175,0.46106394973986253
p_4169,t3_36r305,t1_crgbung,t1_crgk9p9,4.704621574378439,4.073189256254597,0.6314323181238422
p_4170,t3_36r305,t1_crgbjl7,t1_crgfecc,3.977870668238835,3.6308234185290194,0.3470472497098158
p_4171,t3_36r305,t1_crgf3i9,t1_crgfecc,4.0437897787643875,3.6308234185290194,0.41296636023536815
p_4172,t3_36r305,t1_crgfk2y,t1_crgfecc,4.062547780342988,3.6308234185290194,0.43172436181396856
p_4175,t3_36nz4d,t1_crfsbub,t1_crfkxmv,3.961091401302836,3.6415600946759827,0.31953130662685325
p_4176,t3_36nz4d,t1_crfn04f,t1_crfnywz,4.91007935877615,4.736956579969652,0.17312277880649773
p_4177,t3_36ncax,t1_crfgebl,t1_crffh1u,4.313864595797643,3.8220505230765918,0.49181407272105115
p_4180,t3_36iee8,t1_cre9a2g,t1_cretabl,4.606232515441143,5.247283106267148,-0.6410505908260049
p_4181,t3_36iee8,t1_crez4hc,t1_cretabl,5.449980497244743,5.247283106267148,0.20269739097759487
p_4182,t3_36htjx,t1_cre64ad,t1_cre4lsx,4.606988306198849,4.524133416951739,0.08285488924710993
p_4187,t3_36gp4w,t1_crdult8,t1_cree54y,4.069336151934105,3.995132587368904,0.07420356456520105
p_4188,t3_36fnl9,t1_crdkebp,t1_crdk3ku,4.254250528934177,3.8692183569664897,0.38503217196768746
p_4189,t3_36fllr,t1_cre4905,t1_crdk6ds,3.9692823788524123,4.158890033827034,-0.18960765497462173
p_4190,t3_36eadt,t1_crd7ceh,t1_crdmuo9,4.418704120333316,4.326739831944861,0.09196428838845438
p_4191,t3_36dprt,t1_crd5jwj,t1_crd60jm,4.965298993618194,4.822599526510189,0.14269946710800507
p_4192,t3_36ckmk,t1_crcyaft,t1_crcrx2m,4.899280751479828,4.557556045004201,0.3417247064756266
p_4193,t3_36cadv,t1_crd31fu,t1_crcyh42,4.683346013408997,4.8089402633087515,-0.12559424989975465
p_4195,t3_36az4a,t1_crccjno,t1_crcd94m,3.7291672423049262,4.570085287125587,-0.8409180448206608
p_4196,t3_36az4a,t1_crcdumw,t1_crcd94m,4.003708557767082,4.570085287125587,-0.5663767293585051
p_4203,t3_366935,t1_crb48sd,t1_crb93o7,5.043330263341882,4.919731950776638,0.12359831256524334
p_4204,t3_366935,t1_crb5ovt,t1_crb4po1,5.027582519995301,3.95514298323273,1.072439536762571
p_4205,t3_366935,t1_crb3q3x,t1_crb93o7,4.868828512148267,4.919731950776638,-0.05090343862837177
p_4207,t3_3633hr,t1_cracfoy,t1_craetek,4.309348915525822,4.49750150297198,-0.18815258744615804
p_4213,t3_362xxo,t1_craazhe,t1_cra7vj8,4.0462329872820595,4.205123059325383,-0.15889007204332373
p_4212,t3_362xxo,t1_cra91kz,t1_cra8egz,5.018819266426117,4.712955260661944,0.3058640057641737
p_4208,t3_362xxo,t1_cra9nj2,t1_cra8egz,4.834214152461269,4.712955260661944,0.12125889179932514
p_4209,t3_362xxo,t1_cra9bnt,t1_cra8egz,4.259782317382833,4.712955260661944,-0.4531729432791103
p_4214,t3_362xxo,t1_crabevn,t1_cra82mu,3.4730481038548335,4.421230189654729,-0.9481820857998953
p_4211,t3_362xxo,t1_cra8ccq,t1_cra85vs,3.572132701575955,4.35473514492026,-0.7826024433443046
p_4215,t3_361st8,t1_cr9wx17,t1_craeuvo,4.541577119016031,4.396631573686052,0.14494554532997928
p_4216,t3_361st8,t1_cra0mwx,t1_cra9gv9,4.38012138989202,4.634889699186171,-0.2547683092941515
p_4217,t3_361st8,t1_craiwvx,t1_cra9gv9,4.734015638488275,4.634889699186171,0.09912593930210356
p_4218,t3_361cys,t1_cr9yzkw,t1_cr9y5g8,5.380878728428129,4.189948796167564,1.1909299322605653
p_4219,t3_361cys,t1_cr9xgc0,t1_cr9t6qc,4.846171880734677,3.9259582621771356,0.9202136185575416
p_4220,t3_360lwk,t1_cr9nixj,t1_cr9oak1,5.052187196906917,4.156091919729969,0.8960952771769488
p_4221,t3_360du5,t1_cr9k2gr,t1_cr9jhq4,4.993359254853915,4.376592715722071,0.6167665391318433
p_4222,t3_35zzer,t1_cr9gnue,t1_cr9i6m0,4.555061897702621,4.870150180317043,-0.3150882826144219
p_4223,t3_35zi4m,t1_cr9bdwl,t1_cr9fc4y,4.704829694365324,3.8996362404546594,0.8051934539106642
p_4224,t3_35zguh,t1_cr9iv5x,t1_cr9h75a,5.0311766441795,5.009935796293232,0.021240847886268455
p_4226,t3_35z1es,t1_cr96tzb,t1_cr9571k,4.532942599058599,3.8505282576992292,0.6824143413593702
p_4227,t3_35z1es,t1_cr99c3w,t1_cr9d0dl,5.045282664151266,4.85291053707717,0.1923721270740959
p_4228,t3_35y0qf,t1_cr8wgnx,t1_cr8vi2j,4.977938926784963,4.807766033186551,0.17017289359841214
p_4229,t3_35wjd8,t1_cr8v07h,t1_cr8jbs1,4.790328187474098,3.9262597219132584,0.8640684655608397
p_4230,t3_35w8v2,t1_cr8f3v2,t1_cr8f9ax,3.6726978358901703,4.451285113080961,-0.7785872771907907
p_4231,t3_35w8v2,t1_cr8irdf,t1_cr8gplq,3.693378123984675,4.692203702461186,-0.9988255784765112
p_4233,t3_35toyd,t1_cr7qd1b,t1_cr85c8b,3.705455410214029,3.8953423604348165,-0.1898869502207874
p_4234,t3_35toyd,t1_cr7oo3y,t1_cr7xf53,4.454736268656769,4.014682825056434,0.44005344360033494
p_4235,t3_35sw2p,t1_cr7kk4p,t1_cr7ne8m,5.039182565759061,4.538561181681707,0.5006213840773546
p_4237,t3_35s5bb,t1_cr7fgpo,t1_cr7juob,4.13301626846749,4.58668439650104,-0.4536681280335504
p_4240,t3_35ruv5,t1_cr7clfr,t1_cr7cinv,4.0280434097972035,3.649815807045851,0.3782276027513527
p_4239,t3_35ruv5,t1_cr7bycz,t1_cr7d0y4,4.972839796137537,4.560130885788985,0.4127089103485515
p_4241,t3_35peeu,t1_cr6ssh1,t1_cr7l53q,5.18803061174836,5.056669178457144,0.1313614332912163
p_4242,t3_35oag9,t1_cr6dn1m,t1_cr6gxvj,4.211888126377894,4.504578505737122,-0.2926903793592279
p_4243,t3_35oag9,t1_cr6m2hi,t1_cr6gxvj,5.0331218740100905,4.504578505737122,0.5285433682729686
p_4244,t3_35mgfp,t1_cr5tt2i,t1_cr68z3e,4.640157588118615,3.7841198364664477,0.8560377516521669
p_4245,t3_35mgfp,t1_cr61twj,t1_cr5t999,4.639069995078507,3.793573225724406,0.8454967693541007
p_4246,t3_35mgfp,t1_cr5rof8,t1_cr68z3e,3.5470824298016956,3.7841198364664477,-0.23703740666475204
p_4247,t3_35md5x,t1_cr5qlbl,t1_cr6fywq,4.750649862724158,4.853862095887199,-0.10321223316304096
p_4249,t3_35k9i9,t1_cr5buw4,t1_cr5km5t,4.703466977406968,4.190963765430669,0.5125032119762993
p_4252,t3_35gi8x,t1_cr4ky6p,t1_cr49czs,4.132338065610443,4.648932725794835,-0.516594660184392
p_4253,t3_35gi8x,t1_cr4s724,t1_cr49czs,4.835022583474854,4.648932725794835,0.1860898576800185
p_4254,t3_35foy9,t1_cr3z6dk,t1_cr4asiu,5.0405312904097626,4.614802598469716,0.4257286919400469
p_4257,t3_35foy9,t1_cr3z34g,t1_cr46bgq,4.364863528887172,4.715156276361476,-0.3502927474743043
p_4258,t3_35foy9,t1_cr45f27,t1_cr4asiu,4.749800465912849,4.614802598469716,0.13499786744313358
p_4260,t3_35fjb1,t1_cr49j5s,t1_cr3xa7x,3.534008284991629,3.388358108270928,0.14565017672070102
p_4262,t3_35bc4b,t1_cr2suj3,t1_cr2s3nt,4.5815860205066645,4.789057209488664,-0.2074711889819998
p_4263,t3_35bc4b,t1_cr2sadm,t1_cr2soeg,3.76612138694824,4.332227286645456,-0.5661058996972161
